featuregraph_object_id,start_index,peak_index,end_index,has_start,raw_minimum,raw_maximum,transition_complete,start_trough_start_index,start_trough_end_index,peak_start_index,peak_end_index,end_trough_start_index,end_trough_end_index,plateau_boundary_ambiguous,plateau_invalidated_complete,is_complete,period_seconds,temporal_symmetry,full_excursion,subject,peak_detection_index,peak_detection_latency_samples,object_id,window_samples
139,57406,57607.0,57809,True,-0.2176,0.36186,True,57406,57407,57606.0,57609.0,57808,57810,False,False,True,3.32,0.9975186104218362,0.57946,18,57694.0,87.0,bidmc-18-w085-0139,85
140,57809,58027.0,58239,True,-0.20538,0.38631,True,57808,57810,58026.0,58028.0,58239,58240,False,False,True,3.36,0.986046511627907,0.59169,18,58113.0,86.0,bidmc-18-w085-0140,85
141,58239,58443.0,58657,True,-0.1956,0.37408,True,58239,58240,58441.0,58446.0,58657,58658,False,False,True,3.328,0.9760765550239234,0.56968,18,58531.0,88.0,bidmc-18-w085-0141,85
142,58657,58861.0,59072,True,-0.20049,0.38631,True,58657,58658,58860.0,58863.0,59072,59073,False,False,True,3.344,0.983132530120482,0.5868,18,58948.0,87.0,bidmc-18-w085-0142,85
143,59072,59278.0,59493,True,-0.20049,0.38386,True,59072,59073,59276.0,59280.0,59493,59493,False,False,True,3.336,0.9786223277909739,0.5843499999999999,18,59365.0,87.0,bidmc-18-w085-0143,85
144,59493,59693.0,59896,True,-0.20538,0.36186,True,59493,59493,59690.0,59696.0,59895,59897,False,False,True,3.32,0.9925558312655087,0.56724,18,59781.0,88.0,bidmc-18-w085-0144,85
1,83,110.0,123,True,0.18696,0.23001,True,83,83,109.0,112.0,123,124,False,False,True,,0.65,0.043050000000000005,19,197.0,87.0,bidmc-19-w085-0001,85
2,123,305.0,420,True,0.15498,0.33579,True,123,124,305.0,305.0,420,421,False,False,True,1.56,0.7744107744107744,0.18080999999999997,19,390.0,85.0,bidmc-19-w085-0002,85
3,420,515.0,566,True,0.14637,0.2337,True,420,421,515.0,515.0,532,600,False,False,True,1.68,0.6986301369863014,0.08732999999999999,19,600.0,85.0,bidmc-19-w085-0003,85
4,566,766.0,887,True,0.14514,0.29766,True,532,600,765.0,768.0,887,888,False,False,True,2.008,0.7538940809968847,0.15252,19,853.0,87.0,bidmc-19-w085-0004,85
5,887,1013.0,1029,True,0.1599,0.28167,True,887,888,1012.0,1015.0,1029,1029,False,False,True,1.976,0.22535211267605637,0.12176999999999999,19,1100.0,87.0,bidmc-19-w085-0005,85
6,1029,1226.0,1417,True,0.20418,0.40713,True,1029,1029,1225.0,1227.0,1417,1418,False,False,True,1.704,0.9845360824742269,0.20295,19,1312.0,86.0,bidmc-19-w085-0006,85
7,1417,1425.0,1516,True,0.17097,0.246,True,1417,1418,1425.0,1425.0,1516,1516,False,False,True,1.592,0.16161616161616166,0.07502999999999999,19,1510.0,85.0,bidmc-19-w085-0007,85
8,1516,1526.0,1536,True,0.21525,0.2337,True,1516,1516,1525.0,1527.0,1536,1537,False,False,True,0.808,1.0,0.018449999999999994,19,1612.0,86.0,bidmc-19-w085-0008,85
9,1536,1713.0,1833,True,0.15621,0.31857,True,1536,1537,1711.0,1715.0,1833,1833,False,False,True,1.496,0.8080808080808081,0.16236000000000003,19,1800.0,87.0,bidmc-19-w085-0009,85
10,1833,1932.0,2022,True,0.14637,0.23616,True,1833,1833,1931.0,1933.0,2022,2022,False,False,True,1.752,0.9523809523809523,0.08979000000000001,19,2018.0,86.0,bidmc-19-w085-0010,85
11,2022,2138.0,2332,True,0.15252,0.29151,True,2022,2022,2137.0,2140.0,2332,2332,False,False,True,1.648,0.7483870967741936,0.13899,19,2225.0,87.0,bidmc-19-w085-0011,85
12,2332,2337.0,2338,True,0.19188,0.19803,True,2332,2332,2337.0,2337.0,2338,2339,False,False,True,1.592,0.33333333333333337,0.0061500000000000166,19,2422.0,85.0,bidmc-19-w085-0012,85
13,2338,2436.0,2442,True,0.1353,0.2214,True,2338,2339,2435.0,2437.0,2442,2443,False,False,True,0.792,0.11538461538461542,0.08610000000000001,19,2522.0,86.0,bidmc-19-w085-0013,85
14,2442,2640.0,2766,True,0.11562,0.34071,True,2442,2443,2640.0,2641.0,2766,2767,False,False,True,1.632,0.7777777777777778,0.22509,19,2726.0,86.0,bidmc-19-w085-0014,85
15,2766,3116.0,3251,True,0.11193,0.34194,True,2766,2767,3114.0,3119.0,3251,3251,False,False,True,3.808,0.5567010309278351,0.23001000000000002,19,3204.0,88.0,bidmc-19-w085-0015,85
17,3346,3587.0,3804,True,0.16359,0.35055,True,3345,3348,3587.0,3587.0,3804,3804,False,False,True,1.928,0.9475982532751092,0.18695999999999996,19,3672.0,85.0,bidmc-19-w085-0017,85
18,3804,3944.0,4063,True,0.13038,0.33825,True,3804,3804,3942.0,3946.0,4063,4064,False,False,True,2.856,0.9189189189189189,0.20787,19,4031.0,87.0,bidmc-19-w085-0018,85
20,4144,4247.0,4252,True,0.15744,0.24846,True,4143,4146,4247.0,4247.0,4252,4253,False,False,True,0.824,0.09259259259259256,0.09101999999999999,19,4332.0,85.0,bidmc-19-w085-0020,85
21,4252,4419.0,4563,True,0.16728,0.37269,True,4252,4253,4419.0,4419.0,4563,4564,False,False,True,1.376,0.9260450160771704,0.20541,19,4504.0,85.0,bidmc-19-w085-0021,85
22,4563,4873.0,5064,True,0.15129,0.37638,True,4563,4564,4871.0,4875.0,5064,5065,False,False,True,3.632,0.7624750499001995,0.22508999999999998,19,4960.0,87.0,bidmc-19-w085-0022,85
23,5064,5068.0,5073,True,0.26568,0.26937,True,5064,5065,5067.0,5069.0,5073,5074,False,False,True,1.56,0.8888888888888888,0.003689999999999971,19,5154.0,86.0,bidmc-19-w085-0023,85
24,5073,5168.0,5266,True,0.21279,0.28536,True,5073,5074,5167.0,5169.0,5266,5266,False,False,True,0.8,0.9844559585492227,0.07257,19,5254.0,86.0,bidmc-19-w085-0024,85
25,5266,5347.0,5473,True,0.11685,0.26199,True,5266,5266,5344.0,5351.0,5473,5473,False,False,True,1.432,0.782608695652174,0.14514,19,5436.0,89.0,bidmc-19-w085-0025,85
26,5473,5586.0,5603,True,0.14268,0.22509,True,5473,5473,5585.0,5587.0,5603,5604,False,False,True,1.912,0.2615384615384615,0.08241000000000001,19,5672.0,86.0,bidmc-19-w085-0026,85
27,5603,5803.0,5957,True,0.123,0.30012,True,5603,5604,5801.0,5806.0,5957,5958,False,False,True,1.736,0.8700564971751412,0.17712,19,5891.0,88.0,bidmc-19-w085-0027,85
28,5957,6007.0,6018,True,0.13899,0.19803,True,5957,5958,6005.0,6009.0,6018,6019,False,False,True,1.632,0.360655737704918,0.05904000000000001,19,6094.0,87.0,bidmc-19-w085-0028,85
29,6018,6223.0,6336,True,0.13899,0.3321,True,6018,6019,6223.0,6224.0,6335,6338,False,False,True,1.728,0.7106918238993711,0.19311,19,6309.0,86.0,bidmc-19-w085-0029,85
30,6336,6424.0,6606,True,0.098401,0.32595,True,6335,6338,6423.0,6426.0,6606,6607,False,False,True,1.608,0.6518518518518519,0.227549,19,6511.0,87.0,bidmc-19-w085-0030,85
31,6606,6735.0,6827,True,0.059041,0.25092,True,6606,6607,6735.0,6735.0,6827,6828,False,False,True,2.488,0.832579185520362,0.19187899999999997,19,6820.0,85.0,bidmc-19-w085-0031,85
32,6827,6939.0,7032,True,0.19557,0.28905,True,6827,6828,6937.0,6941.0,7032,7032,False,False,True,1.632,0.9073170731707317,0.09347999999999998,19,7026.0,87.0,bidmc-19-w085-0032,85
33,7032,7045.0,7052,True,0.26568,0.27921,True,7032,7032,7045.0,7045.0,7052,7053,False,False,True,0.848,0.7,0.013529999999999986,19,7130.0,85.0,bidmc-19-w085-0033,85
34,7052,7148.0,7297,True,0.16482,0.29397,True,7052,7053,7146.0,7150.0,7297,7298,False,False,True,0.824,0.7836734693877551,0.12915000000000001,19,7235.0,87.0,bidmc-19-w085-0034,85
35,7297,7353.0,7450,True,0.18573,0.26199,True,7297,7298,7353.0,7354.0,7450,7450,False,False,True,1.64,0.7320261437908497,0.07626,19,7439.0,86.0,bidmc-19-w085-0035,85
36,7450,7453.0,7514,True,0.17589,0.22755,True,7450,7450,7453.0,7453.0,7514,7514,False,False,True,0.8,0.09375,0.05166000000000001,19,7538.0,85.0,bidmc-19-w085-0036,85
37,7514,7658.0,7845,True,0.14883,0.37146,True,7514,7514,7657.0,7659.0,7844,7847,False,False,True,1.64,0.8700906344410876,0.22263000000000002,19,7744.0,86.0,bidmc-19-w085-0037,85
38,7845,7861.0,7866,True,0.19557,0.21279,True,7844,7847,7858.0,7865.0,7866,7867,False,False,True,1.624,0.47619047619047616,0.017220000000000013,19,7950.0,89.0,bidmc-19-w085-0038,85
39,7866,7967.0,7981,True,0.16236,0.24969,True,7866,7867,7967.0,7967.0,7981,7982,False,False,True,0.848,0.24347826086956526,0.08732999999999999,19,8052.0,85.0,bidmc-19-w085-0039,85
40,7981,8131.0,8275,True,0.17466,0.34809,True,7981,7982,8131.0,8131.0,8275,8276,False,False,True,1.312,0.9795918367346939,0.17343,19,8216.0,85.0,bidmc-19-w085-0040,85
41,8275,8374.0,8381,True,0.1599,0.23247,True,8275,8276,8373.0,8375.0,8381,8382,False,False,True,1.944,0.13207547169811318,0.07257000000000002,19,8460.0,86.0,bidmc-19-w085-0041,85
42,8381,8581.0,8720,True,0.15621,0.33702,True,8381,8382,8581.0,8581.0,8720,8720,False,False,True,1.656,0.8200589970501475,0.18081,19,8666.0,85.0,bidmc-19-w085-0042,85
44,8781,8884.0,8969,True,0.19188,0.26322,True,8779,8783,8882.0,8886.0,8969,8969,False,False,True,0.824,0.9042553191489362,0.07134000000000001,19,8971.0,87.0,bidmc-19-w085-0044,85
45,8969,9070.0,9188,True,0.13407,0.28536,True,8969,8969,9068.0,9072.0,9188,9188,False,False,True,1.488,0.9223744292237444,0.15129,19,9157.0,87.0,bidmc-19-w085-0045,85
46,9188,9195.0,9198,True,0.19311,0.20049,True,9188,9188,9193.0,9197.0,9198,9198,False,False,True,1.0,0.6,0.007379999999999998,19,9282.0,87.0,bidmc-19-w085-0046,85
47,9198,9298.0,9382,True,0.14514,0.22755,True,9198,9198,9297.0,9299.0,9382,9382,False,False,True,0.824,0.9130434782608696,0.08241000000000001,19,9384.0,86.0,bidmc-19-w085-0047,85
48,9382,9512.0,9671,True,0.10578,0.32595,True,9382,9382,9510.0,9514.0,9671,9672,False,False,True,1.712,0.8996539792387543,0.22017000000000003,19,9599.0,87.0,bidmc-19-w085-0048,85
49,9671,9815.0,9865,True,0.13284,0.25092,True,9671,9672,9815.0,9815.0,9865,9866,False,False,True,2.424,0.5154639175257731,0.11807999999999996,19,9900.0,85.0,bidmc-19-w085-0049,85
50,9865,10012.0,10130,True,0.17958,0.37515,True,9865,9866,10009.0,10015.0,10130,10131,False,False,True,1.576,0.8905660377358491,0.19557,19,10100.0,88.0,bidmc-19-w085-0050,85
51,10130,10234.0,10329,True,0.1476,0.31119,True,10130,10131,10234.0,10235.0,10329,10330,False,False,True,1.776,0.9547738693467337,0.16359,19,10320.0,86.0,bidmc-19-w085-0051,85
53,10333,10440.0,10637,True,0.1599,0.34317,True,10333,10334,10438.0,10442.0,10637,10637,False,False,True,0.856,0.7039473684210527,0.18327,19,10527.0,87.0,bidmc-19-w085-0053,85
54,10637,10745.0,10786,True,0.15744,0.26568,True,10637,10637,10745.0,10745.0,10760,10813,False,False,True,2.44,0.5503355704697986,0.10824000000000003,19,10830.0,85.0,bidmc-19-w085-0054,85
55,10786,10934.0,11126,True,0.14637,0.36285,True,10760,10813,10933.0,10936.0,11126,11126,False,False,True,1.512,0.8705882352941177,0.21648,19,11021.0,87.0,bidmc-19-w085-0055,85
56,11126,11402.0,11519,True,0.15621,0.35055,True,11126,11126,11401.0,11403.0,11519,11519,False,False,True,3.744,0.5954198473282443,0.19433999999999998,19,11488.0,86.0,bidmc-19-w085-0056,85
57,11519,11585.0,11703,True,0.060271,0.29889,True,11519,11519,11584.0,11587.0,11703,11704,False,False,True,1.464,0.7173913043478262,0.238619,19,11672.0,87.0,bidmc-19-w085-0057,85
58,11703,11872.0,12017,True,0.1107,0.32841,True,11703,11704,11870.0,11874.0,12017,12018,False,False,True,2.296,0.9235668789808917,0.21770999999999996,19,11959.0,87.0,bidmc-19-w085-0058,85
59,12017,12124.0,12132,True,0.17589,0.25461,True,12017,12018,12123.0,12126.0,12132,12133,False,False,True,2.016,0.13913043478260867,0.07872000000000001,19,12211.0,87.0,bidmc-19-w085-0059,85
60,12132,12329.0,12460,True,0.15867,0.34809,True,12132,12133,12329.0,12330.0,12460,12460,False,False,True,1.64,0.7987804878048781,0.18942,19,12415.0,86.0,bidmc-19-w085-0060,85
61,12460,12535.0,12539,True,0.16359,0.22386,True,12460,12460,12535.0,12535.0,12539,12539,False,False,True,1.648,0.10126582278481011,0.06026999999999999,19,12620.0,85.0,bidmc-19-w085-0061,85
62,12539,12641.0,12650,True,0.16113,0.2583,True,12539,12539,12640.0,12643.0,12650,12650,False,False,True,0.848,0.16216216216216217,0.09716999999999998,19,12728.0,87.0,bidmc-19-w085-0062,85
63,12650,12803.0,12945,True,0.22386,0.42312,True,12650,12650,12802.0,12805.0,12945,12945,False,False,True,1.296,0.9627118644067797,0.19926,19,12890.0,87.0,bidmc-19-w085-0063,85
64,12945,12948.0,13096,True,-0.077491,0.30627,True,12945,12945,12947.0,12949.0,13096,13096,False,False,True,1.16,0.039735099337748325,0.383761,19,13034.0,86.0,bidmc-19-w085-0064,85
65,13096,13251.0,13450,True,0.0073801,0.49569,True,13096,13096,13250.0,13253.0,13450,13451,False,False,True,2.424,0.8757062146892656,0.4883099,19,13338.0,87.0,bidmc-19-w085-0065,85
66,13450,13459.0,13474,True,0.23616,0.26568,True,13450,13451,13458.0,13461.0,13474,13475,False,False,True,1.664,0.75,0.02952000000000002,19,13546.0,87.0,bidmc-19-w085-0066,85
67,13474,13566.0,13577,True,0.20049,0.27429,True,13474,13475,13565.0,13568.0,13577,13577,False,False,True,0.856,0.21359223300970875,0.07379999999999998,19,13653.0,87.0,bidmc-19-w085-0067,85
68,13577,13744.0,13882,True,0.18819,0.37023,True,13577,13577,13743.0,13745.0,13882,13882,False,False,True,1.424,0.9049180327868852,0.18204,19,13830.0,86.0,bidmc-19-w085-0068,85
69,13882,13977.0,13992,True,0.14637,0.25338,True,13882,13882,13977.0,13978.0,13992,13992,False,False,True,1.864,0.2727272727272727,0.10701,19,14063.0,86.0,bidmc-19-w085-0069,85
70,13992,14191.0,14349,True,0.17466,0.38868,True,13992,13992,14190.0,14193.0,14349,14350,False,False,True,1.712,0.8851540616246498,0.21402000000000002,19,14278.0,87.0,bidmc-19-w085-0070,85
71,14349,14386.0,14493,True,0.19434,0.26076,True,14349,14350,14385.0,14388.0,14493,14493,False,False,True,1.56,0.5138888888888888,0.06641999999999998,19,14473.0,87.0,bidmc-19-w085-0071,85
72,14493,14685.0,14820,True,0.13653,0.37269,True,14493,14493,14685.0,14685.0,14820,14820,False,False,True,2.392,0.8256880733944953,0.23616,19,14770.0,85.0,bidmc-19-w085-0072,85
73,14820,14895.0,14905,True,0.13653,0.22263,True,14820,14820,14895.0,14895.0,14905,14905,False,False,True,1.68,0.23529411764705888,0.08609999999999998,19,14980.0,85.0,bidmc-19-w085-0073,85
74,14905,15152.0,15304,True,0.15129,0.32841,True,14905,14905,15151.0,15154.0,15304,15305,False,False,True,2.056,0.7619047619047619,0.17711999999999997,19,15239.0,87.0,bidmc-19-w085-0074,85
75,15304,15405.0,15409,True,0.14391,0.23001,True,15304,15305,15405.0,15405.0,15409,15410,False,False,True,2.024,0.07619047619047614,0.08609999999999998,19,15490.0,85.0,bidmc-19-w085-0075,85
76,15409,15608.0,15742,True,0.13776,0.32595,True,15409,15410,15605.0,15611.0,15742,15742,False,False,True,1.624,0.8048048048048049,0.18819000000000002,19,15696.0,88.0,bidmc-19-w085-0076,85
78,15806,15908.0,15996,True,0.15621,0.24477,True,15805,15807,15907.0,15909.0,15996,15996,False,False,True,0.816,0.9263157894736842,0.08856,19,15994.0,86.0,bidmc-19-w085-0078,85
79,15996,16102.0,16223,True,0.04797,0.31365,True,15996,15996,16100.0,16104.0,16223,16223,False,False,True,1.552,0.933920704845815,0.26567999999999997,19,16189.0,87.0,bidmc-19-w085-0079,85
80,16223,16305.0,16316,True,0.12915,0.17466,True,16223,16223,16305.0,16305.0,16316,16316,False,False,True,1.624,0.23655913978494625,0.04551000000000002,19,16390.0,85.0,bidmc-19-w085-0080,85
81,16316,16558.0,16706,True,0.11808,0.41574,True,16316,16316,16557.0,16560.0,16706,16706,False,False,True,2.024,0.7589743589743589,0.29766,19,16645.0,87.0,bidmc-19-w085-0081,85
82,16706,16804.0,16815,True,0.24108,0.31611,True,16706,16706,16803.0,16805.0,16815,16815,False,False,True,1.968,0.2018348623853211,0.07503000000000001,19,16890.0,86.0,bidmc-19-w085-0082,85
83,16815,16984.0,17128,True,0.13407,0.33579,True,16815,16815,16981.0,16987.0,17128,17128,False,False,True,1.44,0.9201277955271565,0.20171999999999998,19,17072.0,88.0,bidmc-19-w085-0083,85
84,17128,17216.0,17307,True,-0.01476,0.22755,True,17128,17128,17216.0,17217.0,17307,17307,False,False,True,1.856,0.9832402234636871,0.24231,19,17302.0,86.0,bidmc-19-w085-0084,85
85,17307,17320.0,17424,True,0.093481,0.21033,True,17307,17307,17319.0,17321.0,17424,17424,False,False,True,0.832,0.2222222222222222,0.116849,19,17406.0,86.0,bidmc-19-w085-0085,85
86,17424,17551.0,17556,True,0.11931,0.2583,True,17424,17424,17550.0,17553.0,17556,17556,False,False,True,1.848,0.0757575757575758,0.13898999999999997,19,17638.0,87.0,bidmc-19-w085-0086,85
87,17556,17762.0,17910,True,0.14637,0.33702,True,17556,17556,17761.0,17763.0,17910,17911,False,False,True,1.688,0.8361581920903955,0.19065,19,17848.0,86.0,bidmc-19-w085-0087,85
88,17910,17965.0,17971,True,0.16113,0.22263,True,17910,17911,17963.0,17967.0,17971,17971,False,False,True,1.624,0.19672131147540983,0.0615,19,18052.0,87.0,bidmc-19-w085-0088,85
89,17971,18067.0,18123,True,0.17097,0.24354,True,17971,17971,18066.0,18069.0,18123,18124,False,False,True,0.816,0.736842105263158,0.07257,19,18154.0,87.0,bidmc-19-w085-0089,85
90,18123,18265.0,18383,True,0.17712,0.35055,True,18123,18124,18265.0,18265.0,18383,18383,False,False,True,1.584,0.9076923076923077,0.17342999999999997,19,18350.0,85.0,bidmc-19-w085-0090,85
91,18383,18475.0,18556,True,0.15744,0.25338,True,18383,18383,18473.0,18477.0,18556,18556,False,False,True,1.68,0.9364161849710982,0.09594,19,18562.0,87.0,bidmc-19-w085-0091,85
92,18556,18679.0,18822,True,0.15129,0.37146,True,18556,18556,18679.0,18680.0,18822,18823,False,False,True,1.632,0.924812030075188,0.22017,19,18765.0,86.0,bidmc-19-w085-0092,85
93,18822,18973.0,18978,True,0.16236,0.24846,True,18822,18823,18971.0,18975.0,18978,18979,False,False,True,2.352,0.0641025641025641,0.08609999999999998,19,19060.0,87.0,bidmc-19-w085-0093,85
94,18978,19161.0,19305,True,0.14022,0.43542,True,18978,18979,19157.0,19165.0,19305,19305,False,False,True,1.504,0.8807339449541285,0.29519999999999996,19,19250.0,89.0,bidmc-19-w085-0094,85
95,19305,19373.0,19380,True,0.14514,0.23247,True,19305,19305,19372.0,19375.0,19380,19380,False,False,True,1.696,0.18666666666666665,0.08733000000000002,19,19460.0,87.0,bidmc-19-w085-0095,85
96,19380,19632.0,19792,True,0.18081,0.40959,True,19380,19380,19631.0,19633.0,19792,19792,False,False,True,2.072,0.7766990291262136,0.22878,19,19718.0,86.0,bidmc-19-w085-0096,85
97,19792,19883.0,19897,True,0.15867,0.23247,True,19792,19792,19883.0,19883.0,19897,19898,False,False,True,2.008,0.2666666666666667,0.0738,19,19968.0,85.0,bidmc-19-w085-0097,85
98,19897,20091.0,20226,True,0.12546,0.37146,True,19897,19898,20090.0,20093.0,20226,20226,False,False,True,1.664,0.8206686930091185,0.24600000000000002,19,20178.0,87.0,bidmc-19-w085-0098,85
99,20226,20290.0,20293,True,0.12546,0.21648,True,20226,20226,20289.0,20291.0,20293,20294,False,False,True,1.592,0.08955223880597019,0.09102000000000002,19,20376.0,86.0,bidmc-19-w085-0099,85
100,20293,20392.0,20401,True,0.16359,0.23616,True,20293,20294,20392.0,20393.0,20401,20401,False,False,True,0.816,0.16666666666666663,0.07257,19,20478.0,86.0,bidmc-19-w085-0100,85
101,20401,20562.0,20701,True,0.15621,0.34071,True,20401,20401,20559.0,20565.0,20701,20701,False,False,True,1.36,0.9266666666666666,0.18450000000000003,19,20650.0,88.0,bidmc-19-w085-0101,85
102,20701,20802.0,20810,True,0.14883,0.23124,True,20701,20701,20801.0,20804.0,20810,20810,False,False,True,1.92,0.14678899082568808,0.08241000000000001,19,20889.0,87.0,bidmc-19-w085-0102,85
103,20810,21006.0,21197,True,0.14391,0.32718,True,20810,20810,21005.0,21008.0,21197,21198,False,False,True,1.632,0.9870801033591732,0.18327000000000002,19,21093.0,87.0,bidmc-19-w085-0103,85
104,21197,21302.0,21304,True,0.12792,0.21771,True,21197,21198,21301.0,21303.0,21304,21305,False,False,True,2.368,0.03738317757009346,0.08978999999999998,19,21388.0,86.0,bidmc-19-w085-0104,85
105,21304,21499.0,21629,True,0.13038,0.36162,True,21304,21305,21497.0,21502.0,21629,21630,False,False,True,1.576,0.8,0.23124,19,21587.0,88.0,bidmc-19-w085-0105,85
106,21629,21702.0,21705,True,0.13038,0.22509,True,21629,21630,21701.0,21703.0,21705,21706,False,False,True,1.624,0.07894736842105265,0.09471000000000002,19,21788.0,86.0,bidmc-19-w085-0106,85
107,21705,21806.0,21814,True,0.17466,0.2706,True,21705,21706,21805.0,21807.0,21814,21815,False,False,True,0.832,0.14678899082568808,0.09594,19,21892.0,86.0,bidmc-19-w085-0107,85
108,21814,21981.0,22112,True,0.084871,0.49815,True,21814,21815,21981.0,21982.0,22112,22113,False,False,True,1.4,0.8791946308724832,0.41327899999999995,19,22067.0,86.0,bidmc-19-w085-0108,85
109,22112,22189.0,22283,True,0.15498,0.29397,True,22112,22113,22189.0,22189.0,22283,22284,False,False,True,1.664,0.9005847953216375,0.13899,19,22274.0,85.0,bidmc-19-w085-0109,85
110,22283,22297.0,22346,True,0.1476,0.28167,True,22283,22284,22297.0,22297.0,22346,22347,False,False,True,0.864,0.4444444444444444,0.13406999999999997,19,22382.0,85.0,bidmc-19-w085-0110,85
111,22346,22451.0,22579,True,0.072571,0.34932,True,22346,22347,22450.0,22452.0,22579,22579,False,False,True,1.232,0.9012875536480687,0.276749,19,22537.0,86.0,bidmc-19-w085-0111,85
112,22579,22691.0,22784,True,0.17466,0.24723,True,22579,22579,22689.0,22694.0,22784,22784,False,False,True,1.92,0.9073170731707317,0.07257,19,22779.0,88.0,bidmc-19-w085-0112,85
113,22784,22793.0,22881,True,0.17097,0.23493,True,22784,22784,22793.0,22793.0,22881,22882,False,False,True,0.816,0.18556701030927836,0.06395999999999999,19,22878.0,85.0,bidmc-19-w085-0113,85
114,22881,22899.0,22997,True,0.123,0.23001,True,22881,22882,22897.0,22901.0,22997,22998,False,False,True,0.848,0.31034482758620685,0.10701,19,22986.0,87.0,bidmc-19-w085-0114,85
116,23105,23213.0,23224,True,0.18081,0.27798,True,23104,23106,23212.0,23214.0,23224,23224,False,False,True,0.864,0.18487394957983194,0.09717,19,23299.0,86.0,bidmc-19-w085-0116,85
117,23224,23380.0,23524,True,0.16728,0.33825,True,23224,23224,23379.0,23381.0,23524,23524,False,False,True,1.336,0.96,0.17096999999999998,19,23466.0,86.0,bidmc-19-w085-0117,85
118,23524,23629.0,23644,True,0.14514,0.23493,True,23524,23524,23628.0,23631.0,23644,23645,False,False,True,1.992,0.25,0.08979000000000001,19,23716.0,87.0,bidmc-19-w085-0118,85
119,23644,23837.0,23970,True,0.1353,0.34932,True,23644,23645,23836.0,23838.0,23970,23971,False,False,True,1.664,0.8159509202453987,0.21402000000000002,19,23923.0,86.0,bidmc-19-w085-0119,85
120,23970,24037.0,24044,True,0.14145,0.21771,True,23970,23971,24037.0,24037.0,24044,24045,False,False,True,1.6,0.18918918918918914,0.07626,19,24122.0,85.0,bidmc-19-w085-0120,85
121,24044,24139.0,24140,True,0.15744,0.2337,True,24044,24045,24139.0,24139.0,24140,24140,False,False,True,0.816,0.02083333333333337,0.07626,19,24224.0,85.0,bidmc-19-w085-0121,85
122,24140,24314.0,24445,True,0.16851,0.3567,True,24140,24140,24313.0,24315.0,24445,24445,False,False,True,1.4,0.8590163934426229,0.18819000000000002,19,24400.0,86.0,bidmc-19-w085-0122,85
123,24445,24447.0,24453,True,0.23247,0.23862,True,24445,24445,24447.0,24447.0,24453,24454,False,False,True,1.064,0.5,0.006149999999999989,19,24532.0,85.0,bidmc-19-w085-0123,85
124,24453,24548.0,24627,True,0.1722,0.25584,True,24453,24454,24547.0,24549.0,24627,24628,False,False,True,0.808,0.9080459770114943,0.08364000000000002,19,24634.0,86.0,bidmc-19-w085-0124,85
125,24627,24760.0,24943,True,0.14514,0.36162,True,24627,24628,24759.0,24761.0,24942,24944,False,False,True,1.696,0.8417721518987342,0.21648,19,24846.0,86.0,bidmc-19-w085-0125,85
126,24943,25060.0,25116,True,0.15006,0.23985,True,24942,24944,25059.0,25061.0,25116,25117,False,False,True,2.4,0.6473988439306358,0.08979000000000001,19,25146.0,86.0,bidmc-19-w085-0126,85
127,25116,25253.0,25375,True,0.14268,0.35301,True,25116,25117,25253.0,25253.0,25375,25375,False,False,True,1.544,0.9420849420849421,0.21033,19,25338.0,85.0,bidmc-19-w085-0127,85
128,25375,25467.0,25470,True,0.12423,0.21894,True,25375,25375,25466.0,25469.0,25470,25471,False,False,True,1.712,0.06315789473684208,0.09471,19,25554.0,87.0,bidmc-19-w085-0128,85
129,25470,25720.0,25877,True,0.16113,0.3567,True,25470,25471,25719.0,25722.0,25877,25878,False,False,True,2.024,0.7714987714987716,0.19557000000000002,19,25807.0,87.0,bidmc-19-w085-0129,85
130,25877,25978.0,26033,True,0.15744,0.24477,True,25877,25878,25977.0,25979.0,26033,26033,False,False,True,2.064,0.7051282051282051,0.08732999999999999,19,26064.0,86.0,bidmc-19-w085-0130,85
131,26033,26180.0,26329,True,0.14268,0.39975,True,26033,26033,26179.0,26181.0,26329,26329,False,False,True,1.616,0.9932432432432432,0.25707,19,26266.0,86.0,bidmc-19-w085-0131,85
132,26329,26382.0,26471,True,0.15252,0.21525,True,26329,26329,26380.0,26385.0,26470,26472,False,False,True,1.616,0.7464788732394366,0.06273000000000001,19,26470.0,88.0,bidmc-19-w085-0132,85
133,26471,26652.0,26798,True,0.15252,0.3567,True,26470,26472,26651.0,26653.0,26798,26798,False,False,True,2.16,0.8929663608562691,0.20418000000000003,19,26738.0,86.0,bidmc-19-w085-0133,85
134,26798,26896.0,26941,True,0.14514,0.22632,True,26798,26798,26895.0,26898.0,26914,26968,False,False,True,1.952,0.6293706293706294,0.08118,19,26983.0,87.0,bidmc-19-w085-0134,85
135,26941,27109.0,27247,True,0.12054,0.33702,True,26914,26968,27107.0,27111.0,27247,27248,False,False,True,1.704,0.9019607843137255,0.21648,19,27196.0,87.0,bidmc-19-w085-0135,85
138,27412,27585.0,27714,True,0.16236,0.37515,True,27410,27414,27583.0,27587.0,27714,27714,False,False,True,1.384,0.8543046357615894,0.21278999999999998,19,27672.0,87.0,bidmc-19-w085-0138,85
139,27714,27831.0,27935,True,0.21894,0.34563,True,27714,27714,27831.0,27831.0,27935,27935,False,False,True,1.968,0.9411764705882353,0.12669,19,27916.0,85.0,bidmc-19-w085-0139,85
140,27935,28037.0,28163,True,0.10824,0.30381,True,27935,27935,28034.0,28040.0,28163,28164,False,False,True,1.648,0.8947368421052632,0.19557000000000002,19,28125.0,88.0,bidmc-19-w085-0140,85
142,28255,28363.0,28370,True,0.1476,0.24231,True,28254,28257,28361.0,28365.0,28370,28370,False,False,True,0.864,0.12173913043478257,0.09470999999999999,19,28450.0,87.0,bidmc-19-w085-0142,85
143,28370,28526.0,28676,True,0.15006,0.33948,True,28370,28370,28525.0,28528.0,28676,28676,False,False,True,1.304,0.9803921568627451,0.18942,19,28613.0,87.0,bidmc-19-w085-0143,85
144,28676,28680.0,28685,True,0.19803,0.20295,True,28676,28676,28679.0,28681.0,28685,28686,False,False,True,1.232,0.8888888888888888,0.00491999999999998,19,28766.0,86.0,bidmc-19-w085-0144,85
145,28685,28785.0,28789,True,0.14514,0.23247,True,28685,28686,28785.0,28785.0,28789,28790,False,False,True,0.84,0.07692307692307687,0.08733000000000002,19,28870.0,85.0,bidmc-19-w085-0145,85
146,28789,28992.0,29140,True,0.15498,0.41943,True,28789,28790,28991.0,28993.0,29140,29141,False,False,True,1.656,0.8433048433048433,0.26445,19,29078.0,86.0,bidmc-19-w085-0146,85
147,29140,29296.0,29311,True,0.16482,0.27183,True,29140,29141,29295.0,29298.0,29311,29311,False,False,True,2.432,0.17543859649122806,0.10701000000000002,19,29383.0,87.0,bidmc-19-w085-0147,85
148,29311,29465.0,29609,True,0.18819,0.369,True,29311,29311,29465.0,29465.0,29609,29609,False,False,True,1.352,0.9664429530201343,0.18081,19,29550.0,85.0,bidmc-19-w085-0148,85
149,29609,29701.0,29782,True,0.15006,0.22878,True,29609,29609,29700.0,29703.0,29782,29782,False,False,True,1.888,0.9364161849710982,0.07872000000000001,19,29788.0,87.0,bidmc-19-w085-0149,85
150,29782,29911.0,30070,True,0.12669,0.3321,True,29782,29782,29909.0,29913.0,30070,30071,False,False,True,1.68,0.8958333333333334,0.20541,19,29998.0,87.0,bidmc-19-w085-0150,85
151,30070,30211.0,30227,True,0.14268,0.246,True,30070,30071,30211.0,30211.0,30227,30228,False,False,True,2.4,0.20382165605095537,0.10332,19,30296.0,85.0,bidmc-19-w085-0151,85
152,30227,30405.0,30533,True,0.15252,0.38376,True,30227,30228,30405.0,30405.0,30533,30534,False,False,True,1.552,0.8366013071895425,0.23124,19,30490.0,85.0,bidmc-19-w085-0152,85
153,30533,30617.0,30726,True,-0.071341,0.23247,True,30533,30534,30617.0,30617.0,30726,30727,False,False,True,1.696,0.8704663212435233,0.303811,19,30702.0,85.0,bidmc-19-w085-0153,85
154,30726,30885.0,31025,True,-0.12915,0.4674,True,30726,30727,30885.0,30885.0,31025,31025,False,False,True,2.144,0.9364548494983278,0.5965499999999999,19,30970.0,85.0,bidmc-19-w085-0154,85
155,31025,31033.0,31131,True,0.30135,0.38499,True,31025,31025,31033.0,31033.0,31131,31131,False,False,True,1.184,0.15094339622641506,0.08363999999999999,19,31118.0,85.0,bidmc-19-w085-0155,85
156,31131,31137.0,31201,True,0.27798,0.35055,True,31131,31131,31137.0,31137.0,31201,31201,False,False,True,0.832,0.17142857142857137,0.07256999999999997,19,31222.0,85.0,bidmc-19-w085-0156,85
157,31201,31332.0,31468,True,0.15252,0.44157,True,31201,31201,31329.0,31335.0,31468,31468,False,False,True,1.56,0.9812734082397003,0.28905000000000003,19,31420.0,88.0,bidmc-19-w085-0157,85
158,31468,31556.0,31560,True,0.13038,0.21648,True,31468,31468,31555.0,31558.0,31560,31560,False,False,True,1.792,0.08695652173913049,0.08610000000000001,19,31643.0,87.0,bidmc-19-w085-0158,85
159,31560,31812.0,31965,True,0.15252,0.34563,True,31560,31560,31809.0,31815.0,31965,31965,False,False,True,2.048,0.7555555555555555,0.19311,19,31900.0,88.0,bidmc-19-w085-0159,85
160,31965,31974.0,32065,True,0.15498,0.21156,True,31965,31965,31974.0,31975.0,32065,32066,False,False,True,1.296,0.18000000000000005,0.05657999999999999,19,32060.0,86.0,bidmc-19-w085-0160,85
161,32065,32081.0,32084,True,0.1845,0.20664,True,32065,32066,32080.0,32083.0,32084,32085,False,False,True,0.856,0.3157894736842105,0.022139999999999993,19,32168.0,87.0,bidmc-19-w085-0161,85
162,32084,32280.0,32403,True,0.092251,0.34809,True,32084,32085,32279.0,32281.0,32403,32403,False,False,True,1.592,0.7711598746081505,0.25583900000000004,19,32366.0,86.0,bidmc-19-w085-0162,85
163,32403,32694.0,32810,True,0.079951,0.43542,True,32403,32403,32693.0,32695.0,32810,32810,False,False,True,3.312,0.5700245700245701,0.355469,19,32780.0,86.0,bidmc-19-w085-0163,85
164,32810,32999.0,33101,True,0.23493,0.34563,True,32810,32810,32999.0,32999.0,33101,33101,False,False,True,2.44,0.7010309278350515,0.11069999999999999,19,33084.0,85.0,bidmc-19-w085-0164,85
165,33101,33155.0,33282,True,0.13407,0.29766,True,33101,33101,33153.0,33157.0,33282,33282,False,False,True,1.248,0.5966850828729282,0.16358999999999999,19,33242.0,87.0,bidmc-19-w085-0165,85
166,33282,33482.0,33491,True,0.14022,0.27306,True,33282,33282,33481.0,33483.0,33491,33492,False,False,True,2.616,0.0861244019138756,0.13284,19,33568.0,86.0,bidmc-19-w085-0166,85
167,33491,33632.0,33774,True,0.1353,0.31734,True,33491,33492,33631.0,33633.0,33774,33774,False,False,True,1.2,0.9964664310954063,0.18204,19,33718.0,86.0,bidmc-19-w085-0167,85
168,33774,33990.0,34179,True,0.14145,0.33087,True,33774,33774,33989.0,33991.0,34179,34179,False,False,True,2.864,0.9333333333333333,0.18942,19,34076.0,86.0,bidmc-19-w085-0168,85
169,34179,34191.0,34200,True,0.19434,0.21894,True,34179,34179,34191.0,34191.0,34200,34200,False,False,True,1.608,0.8571428571428572,0.024599999999999983,19,34276.0,85.0,bidmc-19-w085-0169,85
170,34200,34296.0,34317,True,0.15867,0.23001,True,34200,34200,34295.0,34297.0,34317,34318,False,False,True,0.84,0.3589743589743589,0.07133999999999999,19,34382.0,86.0,bidmc-19-w085-0170,85
171,34317,34497.0,34626,True,0.14391,0.34317,True,34317,34318,34494.0,34501.0,34626,34626,False,False,True,1.608,0.8349514563106796,0.19925999999999996,19,34586.0,89.0,bidmc-19-w085-0171,85
172,34626,34725.0,34740,True,0.12669,0.22386,True,34626,34626,34725.0,34726.0,34740,34741,False,False,True,1.824,0.26315789473684215,0.09717,19,34811.0,86.0,bidmc-19-w085-0172,85
173,34740,34941.0,35087,True,0.02829,0.35916,True,34740,34741,34941.0,34941.0,35087,35087,False,False,True,1.728,0.8414985590778098,0.33087,19,35026.0,85.0,bidmc-19-w085-0173,85
174,35087,35226.0,35345,True,0.0492,0.46248,True,35087,35087,35225.0,35227.0,35345,35345,False,False,True,2.28,0.9224806201550387,0.41328,19,35312.0,86.0,bidmc-19-w085-0174,85
175,35345,35550.0,35725,True,0.18819,0.5326,True,35345,35345,35549.0,35552.0,35725,35726,False,False,True,2.592,0.9210526315789473,0.34441,19,35637.0,87.0,bidmc-19-w085-0175,85
176,35725,35796.0,35886,True,0.23739,0.28782,True,35725,35726,35795.0,35797.0,35886,35886,False,False,True,1.968,0.8819875776397516,0.05043000000000003,19,35882.0,86.0,bidmc-19-w085-0176,85
177,35886,35994.0,36137,True,0.10332,0.30504,True,35886,35886,35993.0,35995.0,36137,36138,False,False,True,1.584,0.8605577689243028,0.20171999999999998,19,36080.0,86.0,bidmc-19-w085-0177,85
178,36137,36307.0,36310,True,0.0369,0.23616,True,36137,36138,36306.0,36309.0,36310,36311,False,False,True,2.504,0.034682080924855474,0.19926,19,36394.0,87.0,bidmc-19-w085-0178,85
179,36310,36484.0,36635,True,0.16851,0.36654,True,36310,36311,36481.0,36487.0,36635,36636,False,False,True,1.416,0.9292307692307692,0.19802999999999998,19,36572.0,88.0,bidmc-19-w085-0179,85
180,36635,36728.0,36734,True,0.14883,0.22755,True,36635,36636,36727.0,36730.0,36734,36735,False,False,True,1.952,0.12121212121212122,0.07872000000000001,19,36815.0,87.0,bidmc-19-w085-0180,85
181,36734,36927.0,37054,True,-0.079951,0.369,True,36734,36735,36925.0,36930.0,37054,37055,False,False,True,1.592,0.79375,0.448951,19,37015.0,88.0,bidmc-19-w085-0181,85
182,37054,37426.0,37538,True,-0.054121,0.50923,True,37054,37055,37425.0,37427.0,37538,37538,False,False,True,3.992,0.4628099173553719,0.5633509999999999,19,37512.0,86.0,bidmc-19-w085-0182,85
183,37538,37616.0,38035,True,0.089791,0.40959,True,37538,37538,37593.0,37639.0,38035,38036,False,False,True,1.52,0.3138832997987927,0.319799,19,37724.0,108.0,bidmc-19-w085-0183,85
184,38035,38138.0,38154,True,0.067651,0.22509,True,38035,38036,38137.0,38139.0,38153,38156,False,False,True,4.176,0.26890756302521013,0.157439,19,38224.0,86.0,bidmc-19-w085-0184,85
185,38154,38353.0,38469,True,0.13407,0.32595,True,38153,38156,38353.0,38353.0,38469,38469,False,False,True,1.72,0.7365079365079366,0.19188000000000002,19,38438.0,85.0,bidmc-19-w085-0185,85
186,38469,38561.0,38563,True,0.11193,0.20664,True,38469,38469,38561.0,38561.0,38563,38564,False,False,True,1.664,0.04255319148936165,0.09470999999999999,19,38646.0,85.0,bidmc-19-w085-0186,85
187,38563,38827.0,38973,True,0.14514,0.37884,True,38563,38564,38827.0,38828.0,38973,38973,False,False,True,2.128,0.7121951219512195,0.23370000000000002,19,38913.0,86.0,bidmc-19-w085-0187,85
188,38973,38988.0,39086,True,0.11685,0.22632,True,38973,38973,38987.0,38989.0,39086,39087,False,False,True,1.288,0.2654867256637168,0.10947,19,39074.0,86.0,bidmc-19-w085-0188,85
189,39086,39297.0,39403,True,0.11808,0.35547,True,39086,39087,39296.0,39298.0,39403,39403,False,False,True,2.472,0.6687697160883281,0.23739,19,39383.0,86.0,bidmc-19-w085-0189,85
190,39403,39516.0,39668,True,0.13899,0.37023,True,39403,39403,39516.0,39517.0,39668,39668,False,False,True,1.752,0.8528301886792453,0.23124,19,39602.0,86.0,bidmc-19-w085-0190,85
191,39668,39718.0,39808,True,0.16113,0.26322,True,39668,39668,39717.0,39719.0,39808,39808,False,False,True,1.616,0.7142857142857143,0.10209000000000001,19,39804.0,86.0,bidmc-19-w085-0191,85
192,39808,39817.0,39873,True,0.17958,0.25707,True,39808,39808,39817.0,39817.0,39873,39873,False,False,True,0.792,0.27692307692307694,0.07749000000000003,19,39902.0,85.0,bidmc-19-w085-0192,85
193,39873,40013.0,40158,True,0.14145,0.39114,True,39873,39873,40011.0,40015.0,40158,40159,False,False,True,1.568,0.9824561403508771,0.24969,19,40100.0,87.0,bidmc-19-w085-0193,85
194,40158,40219.0,40227,True,0.15867,0.2214,True,40158,40159,40217.0,40221.0,40227,40228,False,False,True,1.648,0.23188405797101452,0.06273000000000001,19,40306.0,87.0,bidmc-19-w085-0194,85
196,40323,40485.0,40628,True,0.16236,0.34563,True,40323,40324,40485.0,40485.0,40628,40628,False,False,True,1.296,0.9377049180327869,0.18327,19,40570.0,85.0,bidmc-19-w085-0196,85
197,40628,40735.0,40801,True,0.14637,0.24846,True,40628,40628,40735.0,40735.0,40801,40802,False,False,True,2.0,0.7630057803468209,0.10208999999999999,19,40820.0,85.0,bidmc-19-w085-0197,85
198,40801,40947.0,41083,True,0.16851,0.39852,True,40801,40802,40946.0,40949.0,41083,41084,False,False,True,1.696,0.9645390070921985,0.23001,19,41034.0,87.0,bidmc-19-w085-0198,85
199,41083,41152.0,41163,True,0.18573,0.27306,True,41083,41084,41150.0,41154.0,41163,41163,False,False,True,1.64,0.275,0.08733000000000002,19,41239.0,87.0,bidmc-19-w085-0199,85
200,41163,41256.0,41264,True,0.19557,0.29028,True,41163,41163,41255.0,41257.0,41264,41265,False,False,True,0.832,0.15841584158415845,0.09470999999999999,19,41342.0,86.0,bidmc-19-w085-0200,85
201,41264,41418.0,41655,True,0.16482,0.40836,True,41264,41265,41418.0,41419.0,41655,41656,False,False,True,1.296,0.7877237851662404,0.24354,19,41504.0,86.0,bidmc-19-w085-0201,85
202,41655,41668.0,41677,True,0.19803,0.21525,True,41655,41656,41667.0,41669.0,41677,41677,False,False,True,2.0,0.8181818181818181,0.017219999999999985,19,41754.0,86.0,bidmc-19-w085-0202,85
203,41677,41876.0,42023,True,0.1476,0.40467,True,41677,41677,41875.0,41877.0,42023,42023,False,False,True,1.664,0.8497109826589595,0.25706999999999997,19,41962.0,86.0,bidmc-19-w085-0203,85
204,42023,42173.0,42189,True,0.18081,0.29028,True,42023,42023,42172.0,42174.0,42189,42190,False,False,True,2.376,0.19277108433734935,0.10946999999999998,19,42259.0,86.0,bidmc-19-w085-0204,85
205,42189,42284.0,42472,True,0.04551,0.3075,True,42189,42190,42284.0,42285.0,42472,42472,False,False,True,0.888,0.6713780918727915,0.26199,19,42370.0,86.0,bidmc-19-w085-0205,85
206,42472,42661.0,42794,True,0.077491,0.46617,True,42472,42472,42661.0,42661.0,42794,42795,False,False,True,3.016,0.8260869565217391,0.388679,19,42746.0,85.0,bidmc-19-w085-0206,85
207,42794,42889.0,42980,True,0.20172,0.26814,True,42794,42795,42889.0,42889.0,42980,42980,False,False,True,1.824,0.978494623655914,0.06641999999999998,19,42974.0,85.0,bidmc-19-w085-0207,85
208,42980,43098.0,43241,True,0.12669,0.32349,True,42980,42980,43097.0,43099.0,43241,43242,False,False,True,1.672,0.9042145593869731,0.1968,19,43184.0,86.0,bidmc-19-w085-0208,85
209,43241,43303.0,43313,True,0.1722,0.2091,True,43241,43242,43301.0,43305.0,43313,43313,False,False,True,1.64,0.2777777777777778,0.036900000000000016,19,43390.0,87.0,bidmc-19-w085-0209,85
210,43313,43601.0,43795,True,0.13161,0.40098,True,43313,43313,43601.0,43601.0,43795,43795,False,False,True,2.384,0.8049792531120332,0.26937,19,43686.0,85.0,bidmc-19-w085-0210,85
211,43795,43922.0,44117,True,0.13899,0.40098,True,43795,43795,43921.0,43924.0,44117,44117,False,False,True,2.568,0.7888198757763976,0.26199,19,44009.0,87.0,bidmc-19-w085-0211,85
212,44117,44218.0,44284,True,0.18942,0.28413,True,44117,44117,44217.0,44219.0,44284,44284,False,False,True,2.368,0.7904191616766467,0.09470999999999999,19,44304.0,86.0,bidmc-19-w085-0212,85
213,44284,44408.0,44528,True,0.15621,0.31242,True,44284,44284,44405.0,44411.0,44528,44528,False,False,True,1.52,0.9836065573770492,0.15621,19,44496.0,88.0,bidmc-19-w085-0213,85
214,44528,44531.0,44545,True,0.16728,0.20049,True,44528,44528,44531.0,44531.0,44545,44545,False,False,True,0.984,0.3529411764705882,0.03320999999999999,19,44616.0,85.0,bidmc-19-w085-0214,85
215,44545,44637.0,44640,True,0.13899,0.21033,True,44545,44545,44637.0,44638.0,44640,44640,False,False,True,0.848,0.06315789473684208,0.07133999999999999,19,44723.0,86.0,bidmc-19-w085-0215,85
216,44640,44849.0,45045,True,0.16482,0.36039,True,44640,44640,44847.0,44851.0,45045,45046,False,False,True,1.696,0.9679012345679012,0.19557,19,44936.0,87.0,bidmc-19-w085-0216,85
217,45045,45049.0,45051,True,0.23124,0.23247,True,45045,45046,45049.0,45049.0,45051,45051,False,False,True,1.6,0.6666666666666667,0.0012300000000000089,19,45134.0,85.0,bidmc-19-w085-0217,85
218,45051,45147.0,45212,True,0.17712,0.2583,True,45051,45051,45147.0,45147.0,45212,45212,False,False,True,0.784,0.8074534161490683,0.08117999999999997,19,45232.0,85.0,bidmc-19-w085-0218,85
219,45212,45348.0,45482,True,0.14022,0.35424,True,45212,45212,45346.0,45351.0,45482,45483,False,False,True,1.608,0.9925925925925926,0.21402,19,45436.0,88.0,bidmc-19-w085-0219,85
220,45482,45553.0,45558,True,0.14145,0.2214,True,45482,45483,45553.0,45553.0,45558,45558,False,False,True,1.64,0.13157894736842102,0.07995000000000002,19,45638.0,85.0,bidmc-19-w085-0220,85
222,45653,45813.0,45950,True,0.10947,0.40959,True,45653,45654,45813.0,45813.0,45950,45950,False,False,True,1.28,0.9225589225589226,0.30012,19,45898.0,85.0,bidmc-19-w085-0222,85
223,45950,46157.0,46202,True,0.11808,0.25338,True,45950,45950,46157.0,46157.0,46202,46203,False,False,True,2.752,0.3571428571428571,0.13529999999999998,19,46242.0,85.0,bidmc-19-w085-0223,85
224,46202,46298.0,46408,True,0.12915,0.2706,True,46202,46203,46297.0,46299.0,46408,46408,False,False,True,1.128,0.9320388349514563,0.14145000000000002,19,46384.0,86.0,bidmc-19-w085-0224,85
226,46450,46547.0,46734,True,0.04305,0.24477,True,46449,46451,46546.0,46548.0,46734,46734,False,False,True,0.776,0.6830985915492958,0.20171999999999998,19,46633.0,86.0,bidmc-19-w085-0226,85
227,46734,46752.0,46842,True,0.12177,0.19311,True,46734,46734,46751.0,46753.0,46842,46842,False,False,True,1.64,0.33333333333333337,0.07134,19,46838.0,86.0,bidmc-19-w085-0227,85
228,46842,47111.0,47261,True,0.12423,0.37392,True,46842,46842,47111.0,47111.0,47261,47261,False,False,True,2.872,0.7159904534606205,0.24968999999999997,19,47196.0,85.0,bidmc-19-w085-0228,85
229,47261,47572.0,47879,True,0.10947,0.68512,True,47261,47261,47571.0,47573.0,47879,47879,False,False,True,3.688,0.9935275080906149,0.57565,19,47658.0,86.0,bidmc-19-w085-0229,85
230,47879,47888.0,47893,True,0.21033,0.21771,True,47879,47879,47886.0,47891.0,47893,47894,False,False,True,2.528,0.7142857142857143,0.007379999999999998,19,47976.0,88.0,bidmc-19-w085-0230,85
231,47893,48047.0,48283,True,0.14514,0.3075,True,47893,47894,48045.0,48049.0,48283,48284,False,False,True,1.272,0.7897435897435897,0.16236,19,48134.0,87.0,bidmc-19-w085-0231,85
232,48283,48286.0,48292,True,0.2091,0.21525,True,48283,48284,48285.0,48287.0,48292,48293,False,False,True,1.912,0.6666666666666667,0.006149999999999989,19,48372.0,86.0,bidmc-19-w085-0232,85
233,48292,48486.0,48620,True,0.12054,0.29643,True,48292,48293,48485.0,48487.0,48620,48621,False,False,True,1.6,0.8170731707317074,0.17589000000000005,19,48572.0,86.0,bidmc-19-w085-0233,85
234,48620,48677.0,48777,True,0.13038,0.22386,True,48620,48621,48677.0,48677.0,48777,48778,False,False,True,1.528,0.7261146496815287,0.09348000000000001,19,48762.0,85.0,bidmc-19-w085-0234,85
235,48777,48979.0,49086,True,0.12915,0.31734,True,48777,48778,48977.0,48981.0,49086,49086,False,False,True,2.416,0.6925566343042071,0.18819000000000002,19,49066.0,87.0,bidmc-19-w085-0235,85
237,49184,49448.0,49604,True,0.15621,0.38991,True,49183,49185,49447.0,49449.0,49604,49604,False,False,True,2.112,0.7428571428571429,0.2337,19,49534.0,86.0,bidmc-19-w085-0237,85
238,49604,49715.0,49729,True,0.12915,0.25092,True,49604,49604,49715.0,49715.0,49728,49730,False,False,True,2.136,0.22399999999999998,0.12176999999999999,19,49800.0,85.0,bidmc-19-w085-0238,85
239,49729,49922.0,50033,True,0.17466,0.35793,True,49728,49730,49921.0,49923.0,50033,50033,False,False,True,1.656,0.7302631578947368,0.18327000000000002,19,50008.0,86.0,bidmc-19-w085-0239,85
240,50033,50136.0,50140,True,0.21894,0.27798,True,50033,50033,50135.0,50137.0,50140,50140,False,False,True,1.712,0.07476635514018692,0.05904000000000001,19,50222.0,86.0,bidmc-19-w085-0240,85
241,50140,50244.0,50332,True,0.19557,0.34932,True,50140,50140,50243.0,50245.0,50332,50332,False,False,True,0.864,0.9166666666666666,0.15375000000000003,19,50330.0,86.0,bidmc-19-w085-0241,85
242,50332,50345.0,50523,True,0.15621,0.34686,True,50332,50332,50344.0,50347.0,50523,50524,False,False,True,0.808,0.1361256544502618,0.19065000000000001,19,50432.0,87.0,bidmc-19-w085-0242,85
244,50539,50643.0,50646,True,0.17958,0.2829,True,50538,50540,50643.0,50643.0,50646,50647,False,False,True,0.832,0.05607476635514019,0.10332,19,50728.0,85.0,bidmc-19-w085-0244,85
245,50646,50836.0,50956,True,0.15867,0.35178,True,50646,50647,50835.0,50837.0,50956,50957,False,False,True,1.544,0.7741935483870968,0.19310999999999998,19,50922.0,86.0,bidmc-19-w085-0245,85
246,50956,51146.0,51150,True,0.12177,0.27306,True,50956,50957,51145.0,51148.0,51150,51150,False,False,True,2.48,0.04123711340206182,0.15129000000000004,19,51233.0,87.0,bidmc-19-w085-0246,85
247,51150,51299.0,51445,True,0.14637,0.32226,True,51150,51150,51299.0,51299.0,51445,51446,False,False,True,1.224,0.9898305084745763,0.17589,19,51384.0,85.0,bidmc-19-w085-0247,85
249,51453,51559.0,51576,True,0.13038,0.23247,True,51451,51455,51559.0,51559.0,51576,51577,False,False,True,0.848,0.2764227642276422,0.10209000000000001,19,51644.0,85.0,bidmc-19-w085-0249,85
250,51576,51765.0,51877,True,0.10947,0.32964,True,51576,51577,51763.0,51767.0,51877,51878,False,False,True,1.648,0.7441860465116279,0.22016999999999998,19,51852.0,87.0,bidmc-19-w085-0250,85
251,51877,51974.0,51979,True,0.12915,0.24477,True,51877,51878,51973.0,51975.0,51979,51980,False,False,True,1.672,0.0980392156862745,0.11562,19,52060.0,86.0,bidmc-19-w085-0251,85
252,51979,52238.0,52384,True,0.15621,0.34563,True,51979,51980,52235.0,52242.0,52384,52384,False,False,True,2.112,0.7209876543209877,0.18942,19,52327.0,89.0,bidmc-19-w085-0252,85
253,52384,52387.0,52390,True,0.19926,0.20172,True,52384,52384,52387.0,52387.0,52390,52390,False,False,True,1.192,1.0,0.0024600000000000177,19,52472.0,85.0,bidmc-19-w085-0253,85
254,52390,52494.0,52503,True,0.14514,0.24354,True,52390,52390,52493.0,52495.0,52503,52503,False,False,True,0.856,0.15929203539823011,0.09840000000000002,19,52580.0,86.0,bidmc-19-w085-0254,85
255,52503,52700.0,52816,True,0.16728,0.34686,True,52503,52503,52699.0,52701.0,52816,52816,False,False,True,1.648,0.7412140575079873,0.17958,19,52786.0,86.0,bidmc-19-w085-0255,85
256,52816,52905.0,52993,True,0.1353,0.24477,True,52816,52816,52904.0,52906.0,52993,52994,False,False,True,1.64,0.9943502824858758,0.10946999999999998,19,52991.0,86.0,bidmc-19-w085-0256,85
257,52993,53003.0,53013,True,0.2214,0.23985,True,52993,52994,53003.0,53003.0,53013,53014,False,False,True,0.784,1.0,0.018449999999999994,19,53088.0,85.0,bidmc-19-w085-0257,85
258,53013,53176.0,53310,True,0.15252,0.33702,True,53013,53014,53176.0,53177.0,53310,53310,False,False,True,1.384,0.9023569023569024,0.1845,19,53262.0,86.0,bidmc-19-w085-0258,85
259,53310,53410.0,53413,True,0.14268,0.23739,True,53310,53310,53409.0,53412.0,53413,53413,False,False,True,1.872,0.058252427184465994,0.09470999999999999,19,53497.0,87.0,bidmc-19-w085-0259,85
260,53413,53611.0,53798,True,0.15621,0.32841,True,53413,53413,53610.0,53613.0,53798,53799,False,False,True,1.608,0.9714285714285714,0.1722,19,53698.0,87.0,bidmc-19-w085-0260,85
262,53807,54114.0,54310,True,0.16236,0.43665,True,53805,53810,54113.0,54115.0,54310,54311,False,False,True,2.456,0.7793240556660039,0.27429,19,54200.0,86.0,bidmc-19-w085-0262,85
264,54327,54519.0,54649,True,0.1599,0.4059,True,54327,54328,54519.0,54519.0,54649,54649,False,False,True,1.536,0.8074534161490683,0.246,19,54604.0,85.0,bidmc-19-w085-0264,85
265,54649,54740.0,54747,True,0.13038,0.22632,True,54649,54649,54739.0,54741.0,54747,54748,False,False,True,1.768,0.1428571428571429,0.09594,19,54826.0,86.0,bidmc-19-w085-0265,85
266,54747,54949.0,55136,True,0.14145,0.33948,True,54747,54748,54949.0,54949.0,55136,55137,False,False,True,1.672,0.961439588688946,0.19803,19,55034.0,85.0,bidmc-19-w085-0266,85
267,55136,55245.0,55248,True,0.14022,0.23616,True,55136,55137,55245.0,55245.0,55248,55248,False,False,True,2.368,0.0535714285714286,0.09594,19,55330.0,85.0,bidmc-19-w085-0267,85
268,55248,55445.0,55583,True,0.15621,0.38007,True,55248,55248,55445.0,55446.0,55583,55584,False,False,True,1.6,0.8238805970149254,0.22386000000000003,19,55531.0,86.0,bidmc-19-w085-0268,85
269,55583,55647.0,55652,True,0.15129,0.21279,True,55583,55584,55645.0,55650.0,55652,55652,False,False,True,1.616,0.14492753623188404,0.0615,19,55735.0,88.0,bidmc-19-w085-0269,85
270,55652,55854.0,56259,True,0.15006,1.1292,True,55652,55652,55829.0,55879.0,56259,56260,False,False,True,1.656,0.6655683690280065,0.97914,19,55964.0,110.0,bidmc-19-w085-0270,85
271,56259,56373.0,56491,True,0.12915,0.28413,True,56259,56260,56371.0,56375.0,56491,56491,False,False,True,4.152,0.9827586206896551,0.15498,19,56460.0,87.0,bidmc-19-w085-0271,85
272,56491,56587.0,56590,True,0.097171,0.1968,True,56491,56491,56587.0,56587.0,56590,56591,False,False,True,1.712,0.06060606060606055,0.09962900000000001,19,56672.0,85.0,bidmc-19-w085-0272,85
273,56590,56693.0,56695,True,0.14268,0.22632,True,56590,56591,56692.0,56694.0,56695,56696,False,False,True,0.848,0.03809523809523807,0.08363999999999999,19,56779.0,86.0,bidmc-19-w085-0273,85
274,56695,56851.0,56993,True,0.11685,0.27306,True,56695,56696,56850.0,56853.0,56993,56993,False,False,True,1.264,0.9530201342281879,0.15621000000000002,19,56938.0,87.0,bidmc-19-w085-0274,85
275,56993,57109.0,57184,True,0.13038,0.26199,True,56993,56993,57107.0,57111.0,57184,57184,False,False,True,2.064,0.7853403141361257,0.13161,19,57196.0,87.0,bidmc-19-w085-0275,85
276,57184,57316.0,57493,True,0.15252,0.37023,True,57184,57184,57314.0,57318.0,57493,57494,False,False,True,1.656,0.854368932038835,0.21771000000000001,19,57403.0,87.0,bidmc-19-w085-0276,85
277,57493,57612.0,57707,True,0.094711,0.36531,True,57493,57494,57611.0,57613.0,57707,57707,False,False,True,2.368,0.8878504672897196,0.27059900000000003,19,57698.0,86.0,bidmc-19-w085-0277,85
278,57707,57815.0,58001,True,0.20664,0.37884,True,57707,57707,57813.0,57817.0,58001,58002,False,False,True,1.624,0.7346938775510203,0.17220000000000002,19,57902.0,87.0,bidmc-19-w085-0278,85
279,58001,58012.0,58109,True,0.18942,0.26445,True,58001,58002,58011.0,58013.0,58109,58109,False,False,True,1.576,0.20370370370370372,0.07503000000000001,19,58098.0,86.0,bidmc-19-w085-0279,85
281,58110,58265.0,58404,True,0.16482,0.32226,True,58110,58111,58265.0,58265.0,58404,58405,False,False,True,1.24,0.9455782312925171,0.15744,19,58350.0,85.0,bidmc-19-w085-0281,85
282,58404,58514.0,58520,True,0.18573,0.27183,True,58404,58405,58513.0,58515.0,58520,58521,False,False,True,1.992,0.10344827586206895,0.08610000000000001,19,58600.0,86.0,bidmc-19-w085-0282,85
283,58520,58714.0,58884,True,0.12792,0.37884,True,58520,58521,58712.0,58717.0,58871,58898,False,False,True,1.6,0.9340659340659341,0.25092000000000003,19,58802.0,88.0,bidmc-19-w085-0283,85
285,58914,59018.0,59029,True,0.14145,0.23862,True,58913,58915,59017.0,59019.0,59029,59029,False,False,True,0.832,0.19130434782608696,0.09717,19,59104.0,86.0,bidmc-19-w085-0285,85
286,59029,59200.0,59338,True,0.15006,0.32226,True,59029,59029,59196.0,59205.0,59338,59339,False,False,True,1.456,0.8932038834951457,0.1722,19,59290.0,90.0,bidmc-19-w085-0286,85
287,59338,59436.0,59439,True,0.14022,0.22017,True,59338,59339,59435.0,59438.0,59439,59440,False,False,True,1.888,0.05940594059405946,0.07995,19,59523.0,87.0,bidmc-19-w085-0287,85
288,59439,59649.0,59836,True,0.10209,0.34317,True,59439,59440,59649.0,59649.0,59836,59836,False,False,True,1.704,0.9420654911838791,0.24107999999999996,19,59734.0,85.0,bidmc-19-w085-0288,85
1,372,569.0,817,True,0.0,1.0,True,372,372,515.0,623.0,817,817,False,False,True,,0.8853932584269663,1.0,20,708.0,139.0,bidmc-20-w085-0001,85
2,817,968.0,1275,True,0.0,1.0,True,817,817,929.0,1007.0,1275,1275,False,False,True,3.192,0.6593886462882096,1.0,20,1092.0,124.0,bidmc-20-w085-0002,85
3,1275,1453.0,1723,True,0.0,1.0,True,1275,1275,1401.0,1505.0,1723,1723,False,False,True,3.88,0.7946428571428572,1.0,20,1590.0,137.0,bidmc-20-w085-0003,85
4,1723,1889.0,2180,True,0.0,1.0,True,1723,1723,1837.0,1941.0,2180,2180,False,False,True,3.488,0.7264770240700219,1.0,20,2026.0,137.0,bidmc-20-w085-0004,85
5,2180,2399.0,2718,True,0.0,1.0,True,2180,2180,2349.0,2449.0,2718,2718,False,False,True,4.08,0.8141263940520447,1.0,20,2534.0,135.0,bidmc-20-w085-0005,85
6,2718,2961.0,3262,True,0.0,1.0,True,2718,2718,2893.0,3029.0,3262,3262,False,False,True,4.496,0.8933823529411765,1.0,20,3114.0,153.0,bidmc-20-w085-0006,85
7,3262,3483.0,3717,True,0.0,1.0,True,3262,3262,3421.0,3545.0,3717,3717,False,False,True,4.176,0.9714285714285714,1.0,20,3630.0,147.0,bidmc-20-w085-0007,85
8,3717,3922.0,4232,True,0.0,1.0,True,3717,3717,3851.0,3993.0,4232,4232,False,False,True,3.512,0.7961165048543689,1.0,20,4078.0,156.0,bidmc-20-w085-0008,85
9,4232,4391.0,4461,True,0.0,1.0,True,4232,4232,4369.0,4413.0,4424,4498,False,False,True,3.752,0.611353711790393,1.0,20,4498.0,107.0,bidmc-20-w085-0009,85
10,4461,4539.0,4745,True,0.0,1.0,True,4424,4498,4509.0,4569.0,4745,4745,False,False,True,1.184,0.5492957746478873,1.0,20,4654.0,115.0,bidmc-20-w085-0010,85
11,4745,4939.0,5219,True,0.0,1.0,True,4745,4745,4881.0,4997.0,5219,5220,False,False,True,3.2,0.8185654008438819,1.0,20,5082.0,143.0,bidmc-20-w085-0011,85
12,5219,5399.0,5707,True,0.0,1.0,True,5219,5220,5357.0,5441.0,5707,5707,False,False,True,3.68,0.7377049180327868,1.0,20,5526.0,127.0,bidmc-20-w085-0012,85
13,5707,5901.0,6165,True,0.0,1.0,True,5707,5707,5855.0,5947.0,6165,6166,False,False,True,4.016,0.8471615720524017,1.0,20,6032.0,131.0,bidmc-20-w085-0013,85
14,6165,6378.0,6638,True,0.0,1.0,True,6165,6166,6325.0,6431.0,6638,6638,False,False,True,3.816,0.9006342494714588,1.0,20,6516.0,138.0,bidmc-20-w085-0014,85
15,6638,6860.0,7134,True,0.0,1.0,True,6638,6638,6799.0,6921.0,7134,7134,False,False,True,3.856,0.8951612903225806,1.0,20,7006.0,146.0,bidmc-20-w085-0015,85
16,7134,7329.0,7626,True,0.0,1.0,True,7134,7134,7279.0,7379.0,7626,7626,False,False,True,3.752,0.7926829268292683,1.0,20,7464.0,135.0,bidmc-20-w085-0016,85
17,7626,7826.0,8126,True,0.0,1.0,True,7626,7626,7773.0,7879.0,8126,8126,False,False,True,3.976,0.8,1.0,20,7964.0,138.0,bidmc-20-w085-0017,85
18,8126,8406.0,8629,True,0.0,0.96188,True,8126,8126,8405.0,8407.0,8629,8630,False,False,True,4.64,0.8866799204771372,0.96188,20,8492.0,86.0,bidmc-20-w085-0018,85
19,8629,8846.0,9131,True,0.042033,1.0,True,8629,8630,8777.0,8915.0,9131,9131,False,False,True,3.52,0.8645418326693227,0.957967,20,9000.0,154.0,bidmc-20-w085-0019,85
20,9131,9287.0,9431,True,0.049853,1.0,True,9131,9131,9243.0,9331.0,9431,9431,False,False,True,3.528,0.96,0.950147,20,9416.0,129.0,bidmc-20-w085-0020,85
21,9431,9497.0,9607,True,0.12219,0.8915,True,9431,9431,9497.0,9497.0,9607,9607,False,False,True,1.68,0.75,0.7693099999999999,20,9582.0,85.0,bidmc-20-w085-0021,85
22,9607,9767.0,10101,True,0.0,1.0,True,9607,9607,9709.0,9826.0,10101,10101,False,False,True,2.16,0.6477732793522267,1.0,20,9911.0,144.0,bidmc-20-w085-0022,85
23,10101,10357.0,10600,True,0.0,1.0,True,10101,10101,10287.0,10427.0,10600,10600,False,False,True,4.72,0.9739478957915831,1.0,20,10512.0,155.0,bidmc-20-w085-0023,85
24,10600,10807.0,11085,True,0.0,1.0,True,10600,10600,10766.0,10849.0,11085,11085,False,False,True,3.6,0.8536082474226804,1.0,20,10934.0,127.0,bidmc-20-w085-0024,85
25,11085,11298.0,11605,True,0.0,1.0,True,11085,11085,11247.0,11349.0,11605,11605,False,False,True,3.928,0.8192307692307692,1.0,20,11434.0,136.0,bidmc-20-w085-0025,85
26,11605,11835.0,12141,True,0.0,1.0,True,11605,11605,11769.0,11901.0,12141,12141,False,False,True,4.296,0.8582089552238806,1.0,20,11986.0,151.0,bidmc-20-w085-0026,85
27,12141,12353.0,12607,True,0.0,1.0,True,12141,12141,12291.0,12415.0,12607,12607,False,False,True,4.144,0.9098712446351931,1.0,20,12500.0,147.0,bidmc-20-w085-0027,85
28,12607,12849.0,13085,True,0.0,1.0,True,12607,12607,12835.0,12863.0,13085,13085,False,False,True,3.968,0.9874476987447699,1.0,20,12948.0,99.0,bidmc-20-w085-0028,85
29,13085,13297.0,13617,True,0.0,1.0,True,13085,13085,13231.0,13363.0,13617,13617,False,False,True,3.584,0.7969924812030076,1.0,20,13448.0,151.0,bidmc-20-w085-0029,85
30,13617,13833.0,14144,True,0.0,1.0,True,13617,13617,13807.0,13859.0,14144,14144,False,False,True,4.288,0.8197343453510436,1.0,20,13944.0,111.0,bidmc-20-w085-0030,85
31,14144,14369.0,14594,True,0.0,1.0,True,14144,14144,14303.0,14435.0,14594,14594,False,False,True,4.288,1.0,1.0,20,14520.0,151.0,bidmc-20-w085-0031,85
32,14594,14786.0,15091,True,0.0,1.0,True,14594,14594,14723.0,14849.0,15091,15091,False,False,True,3.336,0.772635814889336,1.0,20,14934.0,148.0,bidmc-20-w085-0032,85
33,15091,15319.0,15554,True,0.0,0.88074,True,15091,15091,15319.0,15319.0,15554,15554,False,False,True,4.264,0.9848812095032398,0.88074,20,15404.0,85.0,bidmc-20-w085-0033,85
34,15554,15747.0,16015,True,0.0,1.0,True,15554,15554,15695.0,15799.0,16015,16015,False,False,True,3.424,0.8373101952277657,1.0,20,15884.0,137.0,bidmc-20-w085-0034,85
35,16015,16244.0,16557,True,0.0,1.0,True,16015,16015,16161.0,16327.0,16557,16558,False,False,True,3.976,0.8450184501845018,1.0,20,16412.0,168.0,bidmc-20-w085-0035,85
36,16557,16808.0,16968,True,0.0,1.0,True,16557,16558,16800.0,16817.0,16968,16969,False,False,True,4.512,0.778588807785888,1.0,20,16902.0,94.0,bidmc-20-w085-0036,85
37,16968,16983.0,17114,True,0.0,0.61975,True,16968,16969,16983.0,16984.0,17114,17114,False,False,True,1.4,0.20547945205479456,0.61975,20,17069.0,86.0,bidmc-20-w085-0037,85
38,17114,17313.0,17562,True,0.0,1.0,True,17114,17114,17259.0,17367.0,17562,17562,False,False,True,2.64,0.8883928571428571,1.0,20,17452.0,139.0,bidmc-20-w085-0038,85
39,17562,17740.0,18043,True,0.0,0.90811,True,17562,17562,17739.0,17741.0,18043,18043,False,False,True,3.416,0.7401247401247402,0.90811,20,17826.0,86.0,bidmc-20-w085-0039,85
40,18043,18266.0,18511,True,0.0,1.0,True,18043,18043,18253.0,18279.0,18511,18511,False,False,True,4.208,0.9529914529914529,1.0,20,18364.0,98.0,bidmc-20-w085-0040,85
41,18511,18710.0,19007,True,0.0,1.0,True,18511,18511,18663.0,18757.0,19007,19007,False,False,True,3.552,0.8024193548387097,1.0,20,18842.0,132.0,bidmc-20-w085-0041,85
42,19007,19231.0,19489,True,0.0,1.0,True,19007,19007,19195.0,19267.0,19489,19489,False,False,True,4.168,0.9294605809128631,1.0,20,19352.0,121.0,bidmc-20-w085-0042,85
43,19489,19655.0,19970,True,0.0,1.0,True,19489,19489,19617.0,19693.0,19970,19970,False,False,True,3.392,0.6902286902286903,1.0,20,19778.0,123.0,bidmc-20-w085-0043,85
44,19970,20157.0,20454,True,0.066471,1.0,True,19970,19970,20153.0,20161.0,20454,20454,False,False,True,4.016,0.7727272727272727,0.933529,20,20246.0,89.0,bidmc-20-w085-0044,85
45,20454,20640.0,20936,True,0.0,1.0,True,20454,20454,20597.0,20684.0,20936,20936,False,False,True,3.864,0.7717842323651453,1.0,20,20769.0,129.0,bidmc-20-w085-0045,85
46,20936,21181.0,21452,True,0.0,0.96188,True,20936,20936,21180.0,21182.0,21452,21452,False,False,True,4.328,0.9496124031007752,0.96188,20,21267.0,86.0,bidmc-20-w085-0046,85
47,21452,21676.0,21959,True,0.0,1.0,True,21452,21452,21601.0,21751.0,21959,21959,False,False,True,3.96,0.883629191321499,1.0,20,21836.0,160.0,bidmc-20-w085-0047,85
48,21959,22223.0,22511,True,0.0,1.0,True,21959,21959,22153.0,22293.0,22511,22511,False,False,True,4.376,0.9565217391304348,1.0,20,22378.0,155.0,bidmc-20-w085-0048,85
49,22511,22719.0,23012,True,0.0,0.9697,True,22511,22511,22718.0,22720.0,23012,23012,False,False,True,3.968,0.8303393213572854,0.9697,20,22805.0,86.0,bidmc-20-w085-0049,85
50,23012,23205.0,23517,True,0.0,1.0,True,23012,23012,23153.0,23257.0,23517,23517,False,False,True,3.888,0.7643564356435644,1.0,20,23342.0,137.0,bidmc-20-w085-0050,85
51,23517,23709.0,23986,True,0.0,1.0,True,23517,23517,23659.0,23759.0,23986,23986,False,False,True,4.032,0.8187633262260128,1.0,20,23844.0,135.0,bidmc-20-w085-0051,85
52,23986,24182.0,24405,True,0.11828,1.0,True,23986,23986,24107.0,24257.0,24405,24406,False,False,True,3.784,0.9355608591885441,0.8817200000000001,20,24342.0,160.0,bidmc-20-w085-0052,85
53,24405,24433.0,24511,True,0.0,0.34018,True,24405,24406,24433.0,24433.0,24511,24511,False,False,True,2.008,0.5283018867924528,0.34018,20,24518.0,85.0,bidmc-20-w085-0053,85
54,24511,24703.0,24978,True,0.0,1.0,True,24511,24511,24667.0,24739.0,24978,24978,False,False,True,2.16,0.8222698072805139,1.0,20,24824.0,121.0,bidmc-20-w085-0054,85
55,24978,25157.0,25439,True,0.0,1.0,True,24978,24978,25101.0,25213.0,25439,25439,False,False,True,3.632,0.7765726681127982,1.0,20,25298.0,141.0,bidmc-20-w085-0055,85
56,25439,25633.0,25923,True,0.0,1.0,True,25439,25439,25593.0,25673.0,25923,25923,False,False,True,3.808,0.8016528925619835,1.0,20,25758.0,125.0,bidmc-20-w085-0056,85
57,25923,26115.0,26418,True,0.0,1.0,True,25923,25923,26081.0,26149.0,26418,26418,False,False,True,3.856,0.7757575757575758,1.0,20,26234.0,119.0,bidmc-20-w085-0057,85
58,26418,26616.0,26934,True,0.0,1.0,True,26418,26418,26567.0,26665.0,26934,26934,False,False,True,4.008,0.7674418604651163,1.0,20,26750.0,134.0,bidmc-20-w085-0058,85
59,26934,27110.0,27412,True,0.0,1.0,True,26934,26934,27079.0,27141.0,27412,27412,False,False,True,3.952,0.7364016736401673,1.0,20,27226.0,116.0,bidmc-20-w085-0059,85
60,27412,27598.0,27860,True,0.0,0.88074,True,27412,27412,27598.0,27599.0,27860,27860,False,False,True,3.904,0.8303571428571428,0.88074,20,27684.0,86.0,bidmc-20-w085-0060,85
61,27860,27936.0,27989,True,0.20332,0.53959,True,27860,27860,27935.0,27937.0,27989,27989,False,False,True,2.704,0.8217054263565892,0.33627,20,28022.0,86.0,bidmc-20-w085-0061,85
62,27989,28182.0,28450,True,0.0,1.0,True,27989,27989,28133.0,28231.0,28450,28451,False,False,True,1.968,0.8373101952277657,1.0,20,28316.0,134.0,bidmc-20-w085-0062,85
63,28450,28626.0,28950,True,0.0,0.99316,True,28450,28451,28625.0,28627.0,28950,28950,False,False,True,3.552,0.704,0.99316,20,28712.0,86.0,bidmc-20-w085-0063,85
64,28950,29134.0,29443,True,0.0,1.0,True,28950,28950,29093.0,29175.0,29443,29443,False,False,True,4.064,0.7464503042596349,1.0,20,29260.0,126.0,bidmc-20-w085-0064,85
65,29443,29655.0,29996,True,0.0,1.0,True,29443,29443,29635.0,29675.0,29996,29996,False,False,True,4.168,0.7667269439421338,1.0,20,29760.0,105.0,bidmc-20-w085-0065,85
66,29996,30164.0,30495,True,0.0,1.0,True,29996,29996,30153.0,30176.0,30495,30495,False,False,True,4.072,0.6733466933867736,1.0,20,30261.0,97.0,bidmc-20-w085-0066,85
67,30495,30691.0,30957,True,0.038123,1.0,True,30495,30495,30671.0,30711.0,30957,30957,False,False,True,4.216,0.8484848484848485,0.961877,20,30796.0,105.0,bidmc-20-w085-0067,85
68,30957,31189.0,31458,True,0.039101,0.86022,True,30957,30957,31187.0,31191.0,31458,31458,False,False,True,3.984,0.9261477045908184,0.8211189999999999,20,31276.0,87.0,bidmc-20-w085-0068,85
69,31458,31625.0,31882,True,0.084066,0.93255,True,31458,31458,31625.0,31625.0,31882,31882,False,False,True,3.488,0.7877358490566038,0.848484,20,31710.0,85.0,bidmc-20-w085-0069,85
70,31882,31887.0,31970,True,0.21994,0.47605,True,31882,31882,31887.0,31888.0,31970,31970,False,False,True,2.096,0.11363636363636365,0.25610999999999995,20,31973.0,86.0,bidmc-20-w085-0070,85
71,31970,32123.0,32306,True,0.15836,1.0,True,31970,31970,32097.0,32149.0,32306,32306,False,False,True,1.888,0.9107142857142857,0.8416399999999999,20,32234.0,111.0,bidmc-20-w085-0071,85
72,32306,32377.0,32441,True,0.12219,0.48387,True,32306,32306,32377.0,32377.0,32441,32441,False,False,True,2.032,0.9481481481481482,0.36168,20,32462.0,85.0,bidmc-20-w085-0072,85
73,32441,32663.0,32969,True,0.0,1.0,True,32441,32441,32553.0,32773.0,32969,32969,False,False,True,2.288,0.8409090909090909,1.0,20,32858.0,195.0,bidmc-20-w085-0073,85
74,32969,33170.0,33407,True,0.0,1.0,True,32969,32969,33133.0,33207.0,33407,33407,False,False,True,4.056,0.9178082191780822,1.0,20,33292.0,122.0,bidmc-20-w085-0074,85
75,33407,33575.0,33898,True,0.0,0.88368,True,33407,33407,33575.0,33575.0,33898,33898,False,False,True,3.24,0.6843177189409368,0.88368,20,33660.0,85.0,bidmc-20-w085-0075,85
76,33898,34129.0,34405,True,0.0,1.0,True,33898,33898,34081.0,34177.0,34405,34405,False,False,True,4.432,0.9112426035502958,1.0,20,34262.0,133.0,bidmc-20-w085-0076,85
77,34405,34614.0,34862,True,0.016618,1.0,True,34405,34405,34587.0,34641.0,34862,34862,False,False,True,3.88,0.9146608315098468,0.983382,20,34726.0,112.0,bidmc-20-w085-0077,85
78,34862,34873.0,34965,True,0.0,0.39687,True,34862,34862,34873.0,34873.0,34965,34965,False,False,True,2.072,0.21359223300970875,0.39687,20,34958.0,85.0,bidmc-20-w085-0078,85
79,34965,35194.0,35473,True,0.0,1.0,True,34965,34965,35142.0,35246.0,35473,35473,False,False,True,2.568,0.9015748031496063,1.0,20,35331.0,137.0,bidmc-20-w085-0079,85
80,35473,35670.0,35961,True,0.029326,1.0,True,35473,35473,35617.0,35723.0,35961,35961,False,False,True,3.808,0.8073770491803278,0.970674,20,35808.0,138.0,bidmc-20-w085-0080,85
81,35961,36183.0,36377,True,0.1564,0.87879,True,35961,35961,36182.0,36185.0,36377,36378,False,False,True,4.104,0.9326923076923077,0.72239,20,36270.0,87.0,bidmc-20-w085-0081,85
82,36377,36398.0,36487,True,0.0,0.40567,True,36377,36378,36397.0,36399.0,36487,36487,False,False,True,1.72,0.38181818181818183,0.40567,20,36484.0,86.0,bidmc-20-w085-0082,85
83,36487,36722.0,36957,True,0.0,1.0,True,36487,36487,36651.0,36793.0,36957,36957,False,False,True,2.592,1.0,1.0,20,36878.0,156.0,bidmc-20-w085-0083,85
84,36957,37143.0,37397,True,0.0,1.0,True,36957,36957,37099.0,37187.0,37397,37397,False,False,True,3.368,0.8454545454545455,1.0,20,37272.0,129.0,bidmc-20-w085-0084,85
85,37397,37631.0,37916,True,0.0,0.91789,True,37397,37397,37630.0,37633.0,37916,37917,False,False,True,3.904,0.9017341040462428,0.91789,20,37718.0,87.0,bidmc-20-w085-0085,85
86,37916,38097.0,38434,True,0.0,0.95503,True,37916,37917,38097.0,38097.0,38434,38434,False,False,True,3.728,0.6988416988416988,0.95503,20,38182.0,85.0,bidmc-20-w085-0086,85
87,38434,38624.0,38794,True,0.079179,1.0,True,38434,38434,38603.0,38646.0,38794,38794,False,False,True,4.216,0.9444444444444444,0.920821,20,38731.0,107.0,bidmc-20-w085-0087,85
88,38794,38883.0,38979,True,0.16813,0.77908,True,38794,38794,38883.0,38883.0,38979,38979,False,False,True,2.072,0.9621621621621621,0.61095,20,38968.0,85.0,bidmc-20-w085-0088,85
89,38979,39122.0,39331,True,0.090909,1.0,True,38979,38979,39085.0,39159.0,39331,39331,False,False,True,1.912,0.8125,0.909091,20,39244.0,122.0,bidmc-20-w085-0089,85
90,39331,39385.0,39425,True,0.064516,0.3695,True,39331,39331,39385.0,39385.0,39425,39425,False,False,True,2.104,0.851063829787234,0.304984,20,39470.0,85.0,bidmc-20-w085-0090,85
91,39425,39628.0,39951,True,0.0,1.0,True,39425,39425,39571.0,39685.0,39951,39951,False,False,True,1.944,0.7718631178707225,1.0,20,39770.0,142.0,bidmc-20-w085-0091,85
92,39951,40176.0,40436,True,0.0,1.0,True,39951,39951,40105.0,40247.0,40436,40436,False,False,True,4.384,0.9278350515463918,1.0,20,40332.0,156.0,bidmc-20-w085-0092,85
93,40436,40568.0,40792,True,0.0,0.72532,True,40436,40436,40567.0,40570.0,40792,40792,False,False,True,3.136,0.7415730337078652,0.72532,20,40655.0,87.0,bidmc-20-w085-0093,85
94,40792,40833.0,40928,True,0.071359,0.37537,True,40792,40792,40833.0,40833.0,40928,40928,False,False,True,2.12,0.6029411764705883,0.304011,20,40918.0,85.0,bidmc-20-w085-0094,85
95,40928,41107.0,41330,True,0.19453,1.0,True,40928,40928,41067.0,41147.0,41330,41331,False,False,True,2.192,0.8905472636815921,0.80547,20,41232.0,125.0,bidmc-20-w085-0095,85
96,41330,41406.0,41473,True,0.034213,0.3871,True,41330,41331,41405.0,41407.0,41473,41473,False,False,True,2.392,0.9370629370629371,0.352887,20,41492.0,86.0,bidmc-20-w085-0096,85
97,41473,41659.0,41941,True,0.0,1.0,True,41473,41473,41613.0,41705.0,41941,41941,False,False,True,2.024,0.7948717948717949,1.0,20,41790.0,131.0,bidmc-20-w085-0097,85
98,41941,42178.0,42493,True,0.0,1.0,True,41941,41941,42131.0,42225.0,42493,42494,False,False,True,4.152,0.8586956521739131,1.0,20,42310.0,132.0,bidmc-20-w085-0098,85
99,42493,42680.0,42957,True,0.02737,1.0,True,42493,42494,42631.0,42729.0,42957,42957,False,False,True,4.016,0.8060344827586207,0.97263,20,42814.0,134.0,bidmc-20-w085-0099,85
100,42957,43122.0,43354,True,0.094819,1.0,True,42957,42957,43111.0,43133.0,43354,43355,False,False,True,3.536,0.8312342569269522,0.905181,20,43218.0,96.0,bidmc-20-w085-0100,85
101,43354,43417.0,43472,True,0.0,0.31085,True,43354,43355,43417.0,43417.0,43472,43472,False,False,True,2.36,0.9322033898305084,0.31085,20,43502.0,85.0,bidmc-20-w085-0101,85
102,43472,43702.0,43989,True,0.0,1.0,True,43472,43472,43609.0,43795.0,43989,43989,False,False,True,2.28,0.8897485493230174,1.0,20,43880.0,178.0,bidmc-20-w085-0102,85
103,43989,44249.0,44528,True,0.0,1.0,True,43989,43989,44225.0,44273.0,44528,44528,False,False,True,4.376,0.9647495361781077,1.0,20,44358.0,109.0,bidmc-20-w085-0103,85
104,44528,44719.0,45027,True,0.0,1.0,True,44528,44528,44669.0,44770.0,45027,45027,False,False,True,3.76,0.7655310621242485,1.0,20,44855.0,136.0,bidmc-20-w085-0104,85
105,45027,45244.0,45528,True,0.0,1.0,True,45027,45027,45189.0,45299.0,45528,45528,False,False,True,4.2,0.8662674650698603,1.0,20,45384.0,140.0,bidmc-20-w085-0105,85
106,45528,45719.0,45989,True,0.0,1.0,True,45528,45528,45661.0,45777.0,45989,45989,False,False,True,3.8,0.8286334056399132,1.0,20,45862.0,143.0,bidmc-20-w085-0106,85
107,45989,46244.0,46489,True,0.0,1.0,True,45989,45989,46175.0,46313.0,46489,46489,False,False,True,4.2,0.98,1.0,20,46398.0,154.0,bidmc-20-w085-0107,85
108,46489,46665.0,46915,True,0.0,1.0,True,46489,46489,46611.0,46719.0,46915,46915,False,False,True,3.368,0.8262910798122065,1.0,20,46804.0,139.0,bidmc-20-w085-0108,85
109,46915,47149.0,47435,True,0.0,1.0,True,46915,46915,47147.0,47152.0,47435,47435,False,False,True,3.872,0.9,1.0,20,47237.0,88.0,bidmc-20-w085-0109,85
110,47435,47661.0,47925,True,0.0,1.0,True,47435,47435,47650.0,47672.0,47925,47925,False,False,True,4.096,0.9224489795918367,1.0,20,47757.0,96.0,bidmc-20-w085-0110,85
111,47925,48101.0,48431,True,0.0,0.95992,True,47925,47925,48101.0,48101.0,48431,48431,False,False,True,3.52,0.6956521739130435,0.95992,20,48186.0,85.0,bidmc-20-w085-0111,85
112,48431,48444.0,48545,True,0.087977,0.38025,True,48431,48431,48444.0,48445.0,48545,48545,False,False,True,2.744,0.22807017543859653,0.292273,20,48530.0,86.0,bidmc-20-w085-0112,85
113,48545,48725.0,48931,True,0.11241,1.0,True,48545,48545,48687.0,48763.0,48931,48932,False,False,True,2.248,0.9326424870466321,0.88759,20,48848.0,123.0,bidmc-20-w085-0113,85
114,48931,48964.0,49059,True,0.22287,0.5259,True,48931,48932,48963.0,48965.0,49059,49059,False,False,True,1.912,0.515625,0.30303,20,49050.0,86.0,bidmc-20-w085-0114,85
115,49059,49228.0,49529,True,0.053763,1.0,True,49059,49059,49181.0,49275.0,49529,49530,False,False,True,2.112,0.7191489361702128,0.946237,20,49360.0,132.0,bidmc-20-w085-0115,85
116,49529,49712.0,49959,True,0.018573,1.0,True,49529,49530,49675.0,49749.0,49959,49960,False,False,True,3.872,0.8511627906976744,0.981427,20,49834.0,122.0,bidmc-20-w085-0116,85
117,49959,50215.0,50433,True,0.0,1.0,True,49959,49960,50179.0,50251.0,50433,50433,False,False,True,4.024,0.919831223628692,1.0,20,50336.0,121.0,bidmc-20-w085-0117,85
118,50433,50492.0,50565,True,0.085044,0.42229,True,50433,50433,50491.0,50493.0,50565,50565,False,False,True,2.216,0.8939393939393939,0.337246,20,50578.0,86.0,bidmc-20-w085-0118,85
119,50565,50724.0,50935,True,0.0,1.0,True,50565,50565,50683.0,50765.0,50935,50935,False,False,True,1.856,0.8594594594594595,1.0,20,50850.0,126.0,bidmc-20-w085-0119,85
120,50935,51011.0,51059,True,0.0,0.21603,True,50935,50935,51011.0,51011.0,51059,51059,False,False,True,2.296,0.7741935483870968,0.21603,20,51096.0,85.0,bidmc-20-w085-0120,85
121,51059,51259.0,51547,True,0.10459,0.98729,True,51059,51059,51259.0,51259.0,51547,51547,False,False,True,1.984,0.819672131147541,0.8827,20,51344.0,85.0,bidmc-20-w085-0121,85
122,51547,51785.0,52049,True,0.087977,0.87586,True,51547,51547,51784.0,51787.0,52049,52049,False,False,True,4.208,0.9482071713147411,0.787883,20,51872.0,87.0,bidmc-20-w085-0122,85
123,52049,52057.0,52063,True,0.18768,0.21505,True,52049,52049,52057.0,52057.0,52063,52063,False,False,True,2.176,0.8571428571428572,0.027369999999999978,20,52142.0,85.0,bidmc-20-w085-0123,85
124,52063,52322.0,52562,True,0.083089,0.97752,True,52063,52063,52321.0,52323.0,52562,52562,False,False,True,2.12,0.9619238476953907,0.894431,20,52408.0,86.0,bidmc-20-w085-0124,85
126,52609,52833.0,53060,True,0.10264,1.0,True,52609,52610,52807.0,52859.0,53060,53060,False,False,True,1.792,0.9933481152993349,0.89736,20,52944.0,111.0,bidmc-20-w085-0126,85
127,53060,53129.0,53134,True,0.047898,0.31769,True,53060,53060,53128.0,53130.0,53134,53134,False,False,True,2.368,0.1351351351351351,0.269792,20,53215.0,86.0,bidmc-20-w085-0127,85
128,53134,53222.0,53240,True,0.12805,0.3216,True,53134,53134,53221.0,53224.0,53240,53240,False,False,True,0.744,0.339622641509434,0.19355,20,53309.0,87.0,bidmc-20-w085-0128,85
129,53240,53475.0,53782,True,0.0,1.0,True,53240,53240,53371.0,53579.0,53782,53782,False,False,True,2.024,0.8671586715867159,1.0,20,53664.0,189.0,bidmc-20-w085-0129,85
130,53782,54017.0,54283,True,0.0,0.96579,True,53782,53782,54017.0,54018.0,54283,54284,False,False,True,4.336,0.93812375249501,0.96579,20,54103.0,86.0,bidmc-20-w085-0130,85
131,54283,54510.0,54744,True,0.096774,0.9609,True,54283,54284,54509.0,54511.0,54744,54744,False,False,True,3.944,0.9848156182212582,0.864126,20,54596.0,86.0,bidmc-20-w085-0131,85
132,54744,54748.0,54795,True,0.077224,0.23167,True,54744,54744,54747.0,54749.0,54795,54795,False,False,True,1.904,0.1568627450980392,0.15444599999999997,20,54834.0,86.0,bidmc-20-w085-0132,85
133,54795,54994.0,55248,True,0.062561,0.93842,True,54795,54795,54993.0,54995.0,55248,55248,False,False,True,1.968,0.8785871964679912,0.875859,20,55080.0,86.0,bidmc-20-w085-0133,85
134,55248,55322.0,55368,True,0.12708,0.31965,True,55248,55248,55321.0,55324.0,55368,55368,False,False,True,2.624,0.7666666666666666,0.19257,20,55409.0,87.0,bidmc-20-w085-0134,85
135,55368,55565.0,55760,True,0.15738,1.0,True,55368,55368,55543.0,55587.0,55760,55760,False,False,True,1.944,0.9948979591836735,0.84262,20,55672.0,107.0,bidmc-20-w085-0135,85
136,55760,55993.0,56321,True,0.0,1.0,True,55760,55760,55949.0,56037.0,56321,56321,False,False,True,3.424,0.8306595365418895,1.0,20,56122.0,129.0,bidmc-20-w085-0136,85
137,56321,56517.0,56834,True,0.0,0.86217,True,56321,56321,56517.0,56518.0,56834,56834,False,False,True,4.192,0.7641325536062378,0.86217,20,56603.0,86.0,bidmc-20-w085-0137,85
138,56834,57040.0,57329,True,0.0048876,1.0,True,56834,56834,57019.0,57061.0,57329,57329,False,False,True,4.184,0.8323232323232324,0.9951124,20,57146.0,106.0,bidmc-20-w085-0138,85
139,57329,57527.0,57793,True,0.078201,0.9609,True,57329,57329,57527.0,57527.0,57793,57793,False,False,True,3.896,0.853448275862069,0.882699,20,57612.0,85.0,bidmc-20-w085-0139,85
140,57793,57798.0,57874,True,0.13783,0.27761,True,57793,57793,57797.0,57799.0,57874,57874,False,False,True,2.168,0.12345679012345678,0.13978000000000002,20,57884.0,86.0,bidmc-20-w085-0140,85
141,57874,58088.0,58360,True,0.0,1.0,True,57874,57874,58067.0,58109.0,58360,58360,False,False,True,2.32,0.8806584362139918,1.0,20,58194.0,106.0,bidmc-20-w085-0141,85
142,58360,58618.0,58969,True,0.0,1.0,True,58360,58360,58581.0,58655.0,58969,58969,False,False,True,4.24,0.8472906403940886,1.0,20,58740.0,122.0,bidmc-20-w085-0142,85
143,58969,59156.0,59555,True,0.0,0.86119,True,58969,58969,59156.0,59157.0,59555,59555,False,False,True,4.304,0.6382252559726962,0.86119,20,59242.0,86.0,bidmc-20-w085-0143,85
1,83,121.0,153,True,0.13978,0.2913,True,83,83,121.0,121.0,153,153,False,False,True,,0.9142857142857143,0.15152000000000002,21,206.0,85.0,bidmc-21-w085-0001,85
2,153,354.0,545,True,0.085044,1.0,True,153,153,317.0,391.0,545,545,False,False,True,1.864,0.9744897959183674,0.914956,21,476.0,122.0,bidmc-21-w085-0002,85
3,545,884.0,1063,True,0.080156,1.0,True,545,545,859.0,909.0,1063,1063,False,False,True,4.24,0.6911196911196911,0.919844,21,994.0,110.0,bidmc-21-w085-0003,85
4,1063,1424.0,1623,True,0.090909,1.0,True,1063,1063,1387.0,1461.0,1623,1623,False,False,True,4.32,0.7107142857142856,0.909091,21,1546.0,122.0,bidmc-21-w085-0004,85
5,1623,1967.0,2141,True,0.0,1.0,True,1623,1623,1947.0,1987.0,2141,2141,False,False,True,4.344,0.6718146718146718,1.0,21,2072.0,105.0,bidmc-21-w085-0005,85
6,2141,2478.0,2671,True,0.054741,1.0,True,2141,2141,2439.0,2517.0,2671,2671,False,False,True,4.088,0.7283018867924529,0.945259,21,2602.0,124.0,bidmc-21-w085-0006,85
7,2671,3020.0,3236,True,0.1349,1.0,True,2671,2671,2983.0,3057.0,3236,3236,False,False,True,4.336,0.7646017699115044,0.8651,21,3142.0,122.0,bidmc-21-w085-0007,85
8,3236,3448.0,3630,True,0.15934,1.0,True,3236,3236,3413.0,3483.0,3630,3630,False,False,True,3.424,0.9238578680203046,0.84066,21,3568.0,120.0,bidmc-21-w085-0008,85
9,3630,3826.0,4003,True,0.046921,1.0,True,3630,3630,3791.0,3861.0,4003,4003,False,False,True,3.024,0.9490616621983914,0.953079,21,3946.0,120.0,bidmc-21-w085-0009,85
10,4003,4188.0,4367,True,0.0,1.0,True,4003,4003,4151.0,4225.0,4367,4367,False,False,True,2.896,0.9835164835164835,1.0,21,4310.0,122.0,bidmc-21-w085-0010,85
11,4367,4659.0,4847,True,0.0,1.0,True,4367,4367,4617.0,4701.0,4847,4847,False,False,True,3.768,0.7833333333333333,1.0,21,4786.0,127.0,bidmc-21-w085-0011,85
12,4847,5037.0,5230,True,0.032258,1.0,True,4847,4847,5001.0,5073.0,5230,5230,False,False,True,3.024,0.9921671018276762,0.967742,21,5158.0,121.0,bidmc-21-w085-0012,85
13,5230,5504.0,5687,True,0.0,1.0,True,5230,5230,5469.0,5539.0,5687,5687,False,False,True,3.736,0.8008752735229759,1.0,21,5624.0,120.0,bidmc-21-w085-0013,85
14,5687,6008.0,6183,True,0.0,1.0,True,5687,5687,5975.0,6041.0,6183,6183,False,False,True,4.032,0.7056451612903225,1.0,21,6126.0,118.0,bidmc-21-w085-0014,85
15,6183,6279.0,6381,True,0.0,0.48192,True,6183,6183,6279.0,6279.0,6381,6382,False,False,True,2.168,0.9696969696969697,0.48192,21,6364.0,85.0,bidmc-21-w085-0015,85
16,6381,6407.0,6468,True,0.0,0.02737,True,6381,6382,6407.0,6407.0,6468,6468,False,False,True,1.024,0.5977011494252873,0.02737,21,6492.0,85.0,bidmc-21-w085-0016,85
17,6468,6629.0,6738,True,0.0,1.0,True,6468,6468,6569.0,6689.0,6703,6774,False,False,True,1.776,0.8074074074074074,1.0,21,6774.0,145.0,bidmc-21-w085-0017,85
18,6738,6843.0,7044,True,0.094819,1.0,True,6703,6774,6788.0,6899.0,7044,7044,False,False,True,1.712,0.6862745098039216,0.905181,21,6984.0,141.0,bidmc-21-w085-0018,85
19,7044,7073.0,7097,True,0.12023,0.3001,True,7044,7044,7073.0,7074.0,7097,7097,False,False,True,1.84,0.9056603773584906,0.17986999999999997,21,7159.0,86.0,bidmc-21-w085-0019,85
20,7097,7283.0,7475,True,0.1261,1.0,True,7097,7097,7245.0,7321.0,7475,7475,False,False,True,1.68,0.9841269841269842,0.8739,21,7406.0,123.0,bidmc-21-w085-0020,85
21,7475,7657.0,7836,True,0.018573,1.0,True,7475,7475,7619.0,7695.0,7836,7836,False,False,True,2.992,0.9916897506925207,0.981427,21,7780.0,123.0,bidmc-21-w085-0021,85
22,7836,8054.0,8240,True,0.010753,1.0,True,7836,7836,8021.0,8087.0,8240,8241,False,False,True,3.176,0.9207920792079208,0.989247,21,8172.0,118.0,bidmc-21-w085-0022,85
23,8240,8467.0,8639,True,0.0,1.0,True,8240,8241,8443.0,8491.0,8639,8639,False,False,True,3.304,0.8621553884711779,1.0,21,8576.0,109.0,bidmc-21-w085-0023,85
24,8639,8892.0,9059,True,0.0,1.0,True,8639,8639,8877.0,8907.0,9059,9059,False,False,True,3.4,0.7952380952380953,1.0,21,8992.0,100.0,bidmc-21-w085-0024,85
25,9059,9325.0,9478,True,0.049853,0.98143,True,9059,9059,9325.0,9325.0,9478,9478,False,False,True,3.464,0.730310262529833,0.931577,21,9410.0,85.0,bidmc-21-w085-0025,85
26,9478,9660.0,9838,True,0.030303,1.0,True,9478,9478,9623.0,9697.0,9838,9838,False,False,True,2.68,0.9888888888888889,0.969697,21,9782.0,122.0,bidmc-21-w085-0026,85
27,9838,10047.0,10264,True,0.054741,1.0,True,9838,9838,10023.0,10071.0,10264,10264,False,False,True,3.096,0.9812206572769953,0.945259,21,10156.0,109.0,bidmc-21-w085-0027,85
28,10264,10474.0,10677,True,0.055718,1.0,True,10264,10264,10465.0,10484.0,10677,10677,False,False,True,3.416,0.9830508474576272,0.944282,21,10569.0,95.0,bidmc-21-w085-0028,85
29,10677,10850.0,11043,True,0.080156,1.0,True,10677,10677,10821.0,10879.0,11043,11043,False,False,True,3.008,0.9453551912568307,0.919844,21,10964.0,114.0,bidmc-21-w085-0029,85
30,11043,11244.0,11418,True,0.082111,1.0,True,11043,11043,11227.0,11261.0,11418,11419,False,False,True,3.152,0.928,0.917889,21,11346.0,102.0,bidmc-21-w085-0030,85
31,11418,11434.0,11466,True,0.10948,0.26882,True,11418,11419,11433.0,11435.0,11466,11466,False,False,True,1.52,0.6666666666666667,0.15934,21,11520.0,86.0,bidmc-21-w085-0031,85
32,11466,11671.0,11841,True,0.073314,1.0,True,11466,11466,11645.0,11698.0,11841,11841,False,False,True,1.896,0.9066666666666666,0.926686,21,11783.0,112.0,bidmc-21-w085-0032,85
33,11841,12142.0,12392,True,0.079179,1.0,True,11841,11841,12107.0,12177.0,12392,12392,False,False,True,3.768,0.9074410163339383,0.920821,21,12262.0,120.0,bidmc-21-w085-0033,85
34,12392,12642.0,12744,True,0.0,1.0,True,12392,12392,12621.0,12663.0,12740,12748,False,False,True,4.0,0.5795454545454546,1.0,21,12748.0,106.0,bidmc-21-w085-0034,85
35,12744,12836.0,12925,True,0.0,1.0,True,12740,12748,12825.0,12847.0,12918,12932,False,False,True,1.552,0.9834254143646409,1.0,21,12932.0,96.0,bidmc-21-w085-0035,85
36,12925,13051.0,13300,True,0.1349,1.0,True,12918,12932,13003.0,13099.0,13300,13300,False,False,True,1.72,0.6719999999999999,0.8651,21,13184.0,133.0,bidmc-21-w085-0036,85
37,13300,13494.0,13670,True,0.15152,1.0,True,13300,13300,13461.0,13527.0,13670,13670,False,False,True,3.544,0.9513513513513514,0.84848,21,13612.0,118.0,bidmc-21-w085-0037,85
38,13670,13864.0,14028,True,0.10068,1.0,True,13670,13670,13837.0,13891.0,14028,14028,False,False,True,2.96,0.9162011173184358,0.89932,21,13976.0,112.0,bidmc-21-w085-0038,85
39,14028,14170.0,14184,True,0.16325,0.55327,True,14028,14028,14170.0,14171.0,14184,14185,False,False,True,2.448,0.17948717948717952,0.39002000000000003,21,14256.0,86.0,bidmc-21-w085-0039,85
40,14184,14329.0,14460,True,0.1652,1.0,True,14184,14185,14289.0,14369.0,14460,14460,False,False,True,1.272,0.9492753623188406,0.8348,21,14454.0,125.0,bidmc-21-w085-0040,85
41,14460,14594.0,14681,True,0.39003,1.0,True,14460,14460,14587.0,14601.0,14676,14686,False,False,True,2.12,0.7873303167420814,0.60997,21,14686.0,92.0,bidmc-21-w085-0041,85
42,14681,14800.0,14971,True,0.0,1.0,True,14676,14686,14761.0,14839.0,14971,14971,False,False,True,1.648,0.8206896551724138,1.0,21,14924.0,124.0,bidmc-21-w085-0042,85
43,14971,15189.0,15452,True,0.0,1.0,True,14971,14971,15153.0,15225.0,15452,15452,False,False,True,3.112,0.9064449064449065,1.0,21,15310.0,121.0,bidmc-21-w085-0043,85
44,15452,15618.0,15783,True,0.0,1.0,True,15452,15452,15591.0,15645.0,15783,15783,False,False,True,3.432,0.9969788519637462,1.0,21,15730.0,112.0,bidmc-21-w085-0044,85
45,15783,15926.0,15943,True,0.098729,0.62757,True,15783,15783,15925.0,15927.0,15943,15943,False,False,True,2.464,0.21250000000000002,0.528841,21,16012.0,86.0,bidmc-21-w085-0045,85
46,15943,16053.0,16261,True,0.045943,0.94721,True,15943,15943,16053.0,16053.0,16261,16261,False,False,True,1.016,0.6918238993710693,0.901267,21,16138.0,85.0,bidmc-21-w085-0046,85
47,16261,16533.0,16741,True,0.047898,1.0,True,16261,16261,16523.0,16543.0,16741,16741,False,False,True,3.84,0.8666666666666667,0.952102,21,16628.0,95.0,bidmc-21-w085-0047,85
48,16741,16940.0,17135,True,0.0,1.0,True,16741,16741,16899.0,16981.0,17135,17135,False,False,True,3.256,0.9898477157360406,1.0,21,17066.0,126.0,bidmc-21-w085-0048,85
49,17135,17411.0,17592,True,0.0,1.0,True,17135,17135,17375.0,17447.0,17592,17592,False,False,True,3.768,0.7921225382932167,1.0,21,17532.0,121.0,bidmc-21-w085-0049,85
50,17592,17941.0,18137,True,0.00097752,1.0,True,17592,17592,17911.0,17971.0,18137,18137,False,False,True,4.24,0.7192660550458716,0.99902248,21,18056.0,115.0,bidmc-21-w085-0050,85
51,18137,18421.0,18635,True,0.097752,1.0,True,18137,18137,18415.0,18427.0,18635,18635,False,False,True,3.84,0.8594377510040161,0.9022479999999999,21,18512.0,91.0,bidmc-21-w085-0051,85
52,18635,18814.0,19013,True,0.072336,1.0,True,18635,18635,18789.0,18839.0,19013,19013,False,False,True,3.144,0.9470899470899471,0.927664,21,18924.0,110.0,bidmc-21-w085-0052,85
53,19013,19222.0,19434,True,0.090909,1.0,True,19013,19013,19205.0,19239.0,19434,19435,False,False,True,3.264,0.9928741092636579,0.909091,21,19324.0,102.0,bidmc-21-w085-0053,85
54,19434,19614.0,19800,True,0.055718,1.0,True,19434,19435,19577.0,19651.0,19800,19800,False,False,True,3.136,0.9836065573770492,0.944282,21,19736.0,122.0,bidmc-21-w085-0054,85
55,19800,20019.0,20140,True,0.0,0.99902,True,19800,19800,20019.0,20019.0,20140,20140,False,False,True,3.24,0.711764705882353,0.99902,21,20104.0,85.0,bidmc-21-w085-0055,85
56,20140,20188.0,20284,True,0.16911,0.43109,True,20140,20140,20187.0,20189.0,20284,20284,False,False,True,1.352,0.6666666666666667,0.26198,21,20274.0,86.0,bidmc-21-w085-0056,85
57,20284,20490.0,20826,True,0.0,1.0,True,20284,20284,20477.0,20503.0,20826,20826,False,False,True,2.416,0.7601476014760148,1.0,21,20588.0,98.0,bidmc-21-w085-0057,85
58,20826,20917.0,20972,True,0.0,0.069404,True,20826,20826,20917.0,20917.0,20972,20972,False,False,True,3.416,0.7534246575342466,0.069404,21,21002.0,85.0,bidmc-21-w085-0058,85
59,20972,21260.0,21433,True,0.0,1.0,True,20972,20972,21187.0,21333.0,21433,21433,False,False,True,2.744,0.7505422993492408,1.0,21,21418.0,158.0,bidmc-21-w085-0059,85
60,21433,21527.0,21537,True,0.0,0.071359,True,21433,21433,21527.0,21527.0,21537,21537,False,False,True,2.136,0.1923076923076923,0.071359,21,21612.0,85.0,bidmc-21-w085-0060,85
61,21537,21698.0,21789,True,0.0,1.0,True,21537,21537,21685.0,21711.0,21782,21796,False,False,True,1.368,0.7222222222222222,1.0,21,21796.0,98.0,bidmc-21-w085-0061,85
62,21789,22025.0,22331,True,0.0,1.0,True,21782,21796,21867.0,22183.0,22331,22331,False,False,True,2.616,0.8708487084870848,1.0,21,22268.0,243.0,bidmc-21-w085-0062,85
63,22331,22648.0,22878,True,0.1437,1.0,True,22331,22331,22612.0,22685.0,22878,22878,False,False,True,4.984,0.8409506398537477,0.8563000000000001,21,22770.0,122.0,bidmc-21-w085-0063,85
64,22878,23039.0,23245,True,0.071359,1.0,True,22878,22878,23019.0,23059.0,23245,23246,False,False,True,3.128,0.8773841961852861,0.928641,21,23144.0,105.0,bidmc-21-w085-0064,85
65,23245,23467.0,23672,True,0.093842,1.0,True,23245,23246,23445.0,23489.0,23672,23672,False,False,True,3.424,0.9601873536299765,0.906158,21,23574.0,107.0,bidmc-21-w085-0065,85
66,23672,23952.0,24164,True,0.10068,1.0,True,23672,23672,23929.0,23975.0,24164,24165,False,False,True,3.88,0.8617886178861789,0.89932,21,24060.0,108.0,bidmc-21-w085-0066,85
67,24164,24353.0,24543,True,0.098729,1.0,True,24164,24165,24319.0,24387.0,24543,24543,False,False,True,3.208,0.9973614775725593,0.901271,21,24472.0,119.0,bidmc-21-w085-0067,85
68,24543,24812.0,24987,True,0.056696,1.0,True,24543,24543,24787.0,24837.0,24987,24987,False,False,True,3.672,0.7882882882882882,0.943304,21,24922.0,110.0,bidmc-21-w085-0068,85
69,24987,25326.0,25568,True,0.0,1.0,True,24987,24987,25287.0,25365.0,25535,25601,False,False,True,4.112,0.8330464716006885,1.0,21,25450.0,124.0,bidmc-21-w085-0069,85
70,25568,25773.0,26068,True,0.0,1.0,True,25535,25601,25727.0,25819.0,26068,26068,False,False,True,3.576,0.8200000000000001,1.0,21,25904.0,131.0,bidmc-21-w085-0070,85
71,26068,26223.0,26395,True,0.045943,1.0,True,26068,26068,26203.0,26243.0,26395,26395,False,False,True,3.6,0.9480122324159022,0.954057,21,26328.0,105.0,bidmc-21-w085-0071,85
72,26395,26700.0,26879,True,0.0,1.0,True,26395,26395,26661.0,26739.0,26879,26880,False,False,True,3.816,0.7396694214876033,1.0,21,26824.0,124.0,bidmc-21-w085-0072,85
73,26879,26908.0,26986,True,0.19355,0.42424,True,26879,26880,26907.0,26909.0,26986,26986,False,False,True,1.664,0.5420560747663552,0.23069,21,26994.0,86.0,bidmc-21-w085-0073,85
74,26986,27104.0,27276,True,0.0,1.0,True,26986,26986,27097.0,27111.0,27276,27276,False,False,True,1.568,0.8137931034482758,1.0,21,27196.0,92.0,bidmc-21-w085-0074,85
75,27276,27277.0,27375,True,0.0078201,0.32356,True,27276,27276,27277.0,27277.0,27375,27375,False,False,True,1.384,0.02020202020202022,0.3157399,21,27362.0,85.0,bidmc-21-w085-0075,85
76,27375,27399.0,27404,True,0.044966,0.21212,True,27375,27375,27399.0,27400.0,27404,27404,False,False,True,0.976,0.3448275862068966,0.167154,21,27485.0,86.0,bidmc-21-w085-0076,85
77,27404,27678.0,27916,True,0.0,1.0,True,27404,27404,27525.0,27831.0,27916,27917,False,False,True,2.232,0.9296875,1.0,21,27916.0,238.0,bidmc-21-w085-0077,85
78,27916,28040.0,28223,True,0.0,1.0,True,27916,27917,28003.0,28077.0,28223,28223,False,False,True,2.896,0.8078175895765473,1.0,21,28162.0,122.0,bidmc-21-w085-0078,85
79,28223,28406.0,28598,True,0.0,1.0,True,28223,28223,28369.0,28443.0,28598,28598,False,False,True,2.928,0.976,1.0,21,28528.0,122.0,bidmc-21-w085-0079,85
80,28598,28844.0,29020,True,0.0,1.0,True,28598,28598,28801.0,28887.0,29020,29020,False,False,True,3.504,0.8341232227488151,1.0,21,28972.0,128.0,bidmc-21-w085-0080,85
81,29020,29211.0,29457,True,0.0,1.0,True,29020,29020,29113.0,29309.0,29457,29457,False,False,True,2.936,0.8741418764302059,1.0,21,29394.0,183.0,bidmc-21-w085-0081,85
82,29457,29667.0,29882,True,0.20332,1.0,True,29457,29457,29607.0,29727.0,29882,29882,False,False,True,3.648,0.9882352941176471,0.79668,21,29812.0,145.0,bidmc-21-w085-0082,85
83,29882,30051.0,30198,True,0.0,1.0,True,29882,29882,30021.0,30081.0,30198,30198,False,False,True,3.072,0.930379746835443,1.0,21,30166.0,115.0,bidmc-21-w085-0083,85
84,30198,30495.0,30626,True,0.0,1.0,True,30198,30198,30465.0,30525.0,30626,30626,False,False,True,3.552,0.6121495327102804,1.0,21,30610.0,115.0,bidmc-21-w085-0084,85
85,30626,30647.0,30670,True,0.049853,0.36461,True,30626,30626,30647.0,30647.0,30670,30670,False,False,True,1.216,0.9545454545454546,0.314757,21,30732.0,85.0,bidmc-21-w085-0085,85
86,30670,30853.0,30992,True,0.0,1.0,True,30670,30670,30815.0,30891.0,30992,30992,False,False,True,1.648,0.8633540372670807,1.0,21,30976.0,123.0,bidmc-21-w085-0086,85
87,30992,31178.0,31322,True,0.043011,1.0,True,30992,30992,31148.0,31209.0,31322,31322,False,False,True,2.6,0.8727272727272728,0.956989,21,31294.0,116.0,bidmc-21-w085-0087,85
88,31322,31496.0,31702,True,0.0,1.0,True,31322,31322,31431.0,31561.0,31702,31702,False,False,True,2.544,0.9157894736842105,1.0,21,31646.0,150.0,bidmc-21-w085-0088,85
89,31702,31939.0,32075,True,0.0,1.0,True,31702,31702,31903.0,31975.0,32075,32075,False,False,True,3.544,0.7292225201072386,1.0,21,32060.0,121.0,bidmc-21-w085-0089,85
90,32075,32093.0,32233,True,0.3216,0.58065,True,32075,32075,32093.0,32093.0,32233,32233,False,False,True,1.232,0.22784810126582278,0.25905,21,32178.0,85.0,bidmc-21-w085-0090,85
91,32233,32266.0,32337,True,0.3998,0.56403,True,32233,32233,32265.0,32267.0,32337,32337,False,False,True,1.384,0.6346153846153846,0.16423000000000004,21,32352.0,86.0,bidmc-21-w085-0091,85
92,32337,32481.0,32661,True,0.022483,1.0,True,32337,32337,32443.0,32519.0,32661,32662,False,False,True,1.72,0.8888888888888888,0.977517,21,32604.0,123.0,bidmc-21-w085-0092,85
93,32661,32952.0,33135,True,0.018573,1.0,True,32661,32662,32917.0,32987.0,33135,33136,False,False,True,3.768,0.7721518987341772,0.981427,21,33072.0,120.0,bidmc-21-w085-0093,85
94,33135,33396.0,33584,True,0.077224,1.0,True,33135,33136,33363.0,33429.0,33584,33584,False,False,True,3.552,0.8374164810690423,0.922776,21,33514.0,118.0,bidmc-21-w085-0094,85
95,33584,33607.0,33747,True,0.0,0.30694,True,33584,33584,33607.0,33607.0,33743,33751,False,False,True,1.688,0.28220858895705525,0.30694,21,33692.0,85.0,bidmc-21-w085-0095,85
96,33747,33946.0,34113,True,0.0,1.0,True,33743,33751,33905.0,33987.0,34113,34113,False,False,True,2.712,0.912568306010929,1.0,21,34072.0,126.0,bidmc-21-w085-0096,85
97,34113,34249.0,34482,True,0.15836,1.0,True,34113,34113,34211.0,34287.0,34482,34482,False,False,True,2.424,0.7371273712737128,0.8416399999999999,21,34372.0,123.0,bidmc-21-w085-0097,85
98,34482,34613.0,34842,True,0.13294,0.98827,True,34482,34482,34613.0,34614.0,34842,34842,False,False,True,2.912,0.7277777777777779,0.8553299999999999,21,34699.0,86.0,bidmc-21-w085-0098,85
99,34842,34987.0,35250,True,0.13392,1.0,True,34842,34842,34975.0,34999.0,35250,35250,False,False,True,2.992,0.7107843137254901,0.86608,21,35084.0,97.0,bidmc-21-w085-0099,85
100,35250,35404.0,35626,True,0.094819,1.0,True,35250,35250,35385.0,35423.0,35626,35626,False,False,True,3.336,0.8191489361702128,0.905181,21,35508.0,104.0,bidmc-21-w085-0100,85
101,35626,35824.0,36015,True,0.053763,1.0,True,35626,35626,35809.0,35839.0,36015,36015,False,False,True,3.36,0.9820051413881749,0.946237,21,35924.0,100.0,bidmc-21-w085-0101,85
102,36015,36196.0,36392,True,0.0,1.0,True,36015,36015,36155.0,36237.0,36392,36392,False,False,True,2.976,0.960212201591512,1.0,21,36322.0,126.0,bidmc-21-w085-0102,85
103,36392,36561.0,36812,True,0.13001,1.0,True,36392,36392,36545.0,36577.0,36812,36812,False,False,True,2.92,0.8047619047619048,0.86999,21,36662.0,101.0,bidmc-21-w085-0103,85
104,36812,36970.0,37209,True,0.13685,0.96774,True,36812,36812,36969.0,36971.0,37209,37209,False,False,True,3.272,0.7959697732997482,0.83089,21,37056.0,86.0,bidmc-21-w085-0104,85
105,37209,37375.0,37541,True,0.061584,1.0,True,37209,37209,37367.0,37384.0,37541,37542,False,False,True,3.24,1.0,0.938416,21,37469.0,94.0,bidmc-21-w085-0105,85
106,37541,37758.0,37946,True,0.086022,1.0,True,37541,37542,37721.0,37795.0,37946,37946,False,False,True,3.064,0.928395061728395,0.913978,21,37880.0,122.0,bidmc-21-w085-0106,85
107,37946,38168.0,38406,True,0.093842,1.0,True,37946,37946,38155.0,38181.0,38406,38406,False,False,True,3.28,0.9652173913043478,0.906158,21,38266.0,98.0,bidmc-21-w085-0107,85
108,38406,38561.0,38733,True,0.045943,1.0,True,38406,38406,38541.0,38581.0,38733,38733,False,False,True,3.144,0.9480122324159022,0.954057,21,38666.0,105.0,bidmc-21-w085-0108,85
109,38733,38984.0,39201,True,0.12219,1.0,True,38733,38733,38969.0,38999.0,39201,39201,False,False,True,3.384,0.9273504273504274,0.87781,21,39084.0,100.0,bidmc-21-w085-0109,85
110,39201,39376.0,39566,True,0.082111,1.0,True,39201,39201,39343.0,39409.0,39566,39567,False,False,True,3.136,0.9589041095890412,0.917889,21,39494.0,118.0,bidmc-21-w085-0110,85
111,39566,39581.0,39607,True,0.11339,0.23851,True,39566,39567,39581.0,39582.0,39607,39607,False,False,True,1.64,0.7317073170731707,0.12512,21,39667.0,86.0,bidmc-21-w085-0111,85
112,39607,39817.0,39972,True,0.0097752,1.0,True,39607,39607,39807.0,39827.0,39972,39972,False,False,True,1.888,0.8493150684931507,0.9902248,21,39912.0,95.0,bidmc-21-w085-0112,85
113,39972,40173.0,40383,True,0.10557,1.0,True,39972,39972,40153.0,40193.0,40383,40383,False,False,True,2.848,0.9781021897810219,0.8944300000000001,21,40278.0,105.0,bidmc-21-w085-0113,85
114,40383,40531.0,40748,True,0.1652,1.0,True,40383,40383,40515.0,40547.0,40748,40748,False,False,True,2.864,0.810958904109589,0.8348,21,40632.0,101.0,bidmc-21-w085-0114,85
115,40748,40928.0,41106,True,0.0,1.0,True,40748,40748,40891.0,40965.0,41106,41106,False,False,True,3.176,0.994413407821229,1.0,21,41050.0,122.0,bidmc-21-w085-0115,85
116,41106,41279.0,41463,True,0.035191,1.0,True,41106,41106,41243.0,41315.0,41463,41463,False,False,True,2.808,0.969187675070028,0.964809,21,41400.0,121.0,bidmc-21-w085-0116,85
117,41463,41689.0,41867,True,0.077224,1.0,True,41463,41463,41651.0,41727.0,41867,41867,False,False,True,3.28,0.8811881188118812,0.922776,21,41812.0,123.0,bidmc-21-w085-0117,85
118,41867,42040.0,42228,True,0.047898,1.0,True,41867,41867,42005.0,42075.0,42228,42228,False,False,True,2.808,0.9584487534626038,0.952102,21,42160.0,120.0,bidmc-21-w085-0118,85
119,42228,42370.0,42561,True,0.086022,1.0,True,42228,42228,42351.0,42389.0,42561,42561,False,False,True,2.64,0.8528528528528528,0.913978,21,42474.0,104.0,bidmc-21-w085-0119,85
120,42561,42731.0,42936,True,0.0,1.0,True,42561,42561,42699.0,42763.0,42936,42936,False,False,True,2.888,0.9066666666666666,1.0,21,42848.0,117.0,bidmc-21-w085-0120,85
121,42936,43135.0,43270,True,0.0,1.0,True,42936,42936,43109.0,43161.0,43270,43270,False,False,True,3.232,0.8083832335329342,1.0,21,43246.0,111.0,bidmc-21-w085-0121,85
122,43270,43605.0,43816,True,0.0,1.0,True,43270,43270,43575.0,43635.0,43816,43816,False,False,True,3.76,0.7728937728937729,1.0,21,43720.0,115.0,bidmc-21-w085-0122,85
123,43816,43954.0,44140,True,0.0,1.0,True,43816,43816,43915.0,43993.0,44140,44140,False,False,True,2.792,0.8518518518518519,1.0,21,44078.0,124.0,bidmc-21-w085-0123,85
124,44140,44370.0,44555,True,0.0,1.0,True,44140,44140,44331.0,44409.0,44555,44555,False,False,True,3.328,0.891566265060241,1.0,21,44494.0,124.0,bidmc-21-w085-0124,85
125,44555,44778.0,44971,True,0.0,1.0,True,44555,44555,44741.0,44815.0,44971,44971,False,False,True,3.264,0.9278846153846154,1.0,21,44900.0,122.0,bidmc-21-w085-0125,85
126,44971,45136.0,45338,True,0.0,1.0,True,44971,44971,45105.0,45167.0,45338,45338,False,False,True,2.864,0.8991825613079019,1.0,21,45252.0,116.0,bidmc-21-w085-0126,85
127,45338,45536.0,45712,True,0.0,1.0,True,45338,45338,45519.0,45553.0,45712,45713,False,False,True,3.2,0.9411764705882353,1.0,21,45638.0,102.0,bidmc-21-w085-0127,85
128,45712,45999.0,46182,True,0.0,1.0,True,45712,45713,45973.0,46025.0,46182,46182,False,False,True,3.704,0.7787234042553192,1.0,21,46110.0,111.0,bidmc-21-w085-0128,85
129,46182,46414.0,46601,True,0.0,1.0,True,46182,46182,46379.0,46449.0,46601,46601,False,False,True,3.32,0.8926014319809069,1.0,21,46534.0,120.0,bidmc-21-w085-0129,85
130,46601,46865.0,47072,True,0.098729,1.0,True,46601,46601,46851.0,46879.0,47072,47072,False,False,True,3.608,0.8789808917197452,0.901271,21,46964.0,99.0,bidmc-21-w085-0130,85
131,47072,47230.0,47403,True,0.041056,1.0,True,47072,47072,47211.0,47249.0,47403,47403,False,False,True,2.92,0.9546827794561934,0.958944,21,47334.0,104.0,bidmc-21-w085-0131,85
132,47403,47656.0,47859,True,0.1085,1.0,True,47403,47403,47641.0,47671.0,47859,47859,False,False,True,3.408,0.8903508771929824,0.8915,21,47756.0,100.0,bidmc-21-w085-0132,85
133,47859,48021.0,48185,True,0.030303,1.0,True,47859,47859,48005.0,48037.0,48185,48185,False,False,True,2.92,0.9938650306748467,0.969697,21,48122.0,101.0,bidmc-21-w085-0133,85
134,48185,48448.0,48651,True,0.10948,1.0,True,48185,48185,48427.0,48469.0,48651,48651,False,False,True,3.416,0.8712446351931331,0.89052,21,48554.0,106.0,bidmc-21-w085-0134,85
135,48651,48808.0,48984,True,0.0,1.0,True,48651,48651,48781.0,48835.0,48984,48984,False,False,True,2.88,0.9429429429429429,1.0,21,48920.0,112.0,bidmc-21-w085-0135,85
136,48984,49209.0,49384,True,0.040078,1.0,True,48984,48984,49178.0,49241.0,49384,49384,False,False,True,3.208,0.875,0.9599219999999999,21,49326.0,117.0,bidmc-21-w085-0136,85
137,49384,49609.0,49794,True,0.054741,1.0,True,49384,49384,49575.0,49643.0,49794,49795,False,False,True,3.2,0.9024390243902439,0.945259,21,49728.0,119.0,bidmc-21-w085-0137,85
138,49794,50050.0,50230,True,0.086999,1.0,True,49794,49795,50029.0,50071.0,50230,50230,False,False,True,3.528,0.8256880733944953,0.913001,21,50156.0,106.0,bidmc-21-w085-0138,85
139,50230,50390.0,50580,True,0.056696,1.0,True,50230,50230,50359.0,50421.0,50580,50580,False,False,True,2.72,0.9142857142857143,0.943304,21,50506.0,116.0,bidmc-21-w085-0139,85
140,50580,50823.0,51020,True,0.039101,1.0,True,50580,50580,50789.0,50857.0,51020,51020,False,False,True,3.464,0.8954545454545455,0.960899,21,50942.0,119.0,bidmc-21-w085-0140,85
141,51020,51030.0,51055,True,0.16227,0.32747,True,51020,51020,51029.0,51031.0,51055,51056,False,False,True,1.656,0.5714285714285714,0.16519999999999999,21,51116.0,86.0,bidmc-21-w085-0141,85
142,51055,51236.0,51360,True,0.0,1.0,True,51055,51056,51199.0,51273.0,51360,51360,False,False,True,1.648,0.8131147540983606,1.0,21,51358.0,122.0,bidmc-21-w085-0142,85
143,51360,51533.0,51774,True,0.0,1.0,True,51360,51360,51447.0,51619.0,51774,51774,False,False,True,2.376,0.8357487922705313,1.0,21,51704.0,171.0,bidmc-21-w085-0143,85
144,51774,52006.0,52163,True,0.054741,1.0,True,51774,51774,51969.0,52043.0,52163,52163,False,False,True,3.784,0.8071979434447301,0.945259,21,52128.0,122.0,bidmc-21-w085-0144,85
145,52163,52164.0,52197,True,0.14467,0.35875,True,52163,52163,52164.0,52165.0,52197,52197,False,False,True,1.264,0.05882352941176472,0.21408000000000002,21,52250.0,86.0,bidmc-21-w085-0145,85
146,52197,52369.0,52548,True,0.0,1.0,True,52197,52197,52325.0,52413.0,52548,52548,False,False,True,1.64,0.98005698005698,1.0,21,52498.0,129.0,bidmc-21-w085-0146,85
147,52548,52576.0,52605,True,0.1437,0.32845,True,52548,52548,52575.0,52577.0,52605,52605,False,False,True,1.656,0.9824561403508771,0.18475000000000003,21,52662.0,86.0,bidmc-21-w085-0147,85
148,52605,52788.0,52972,True,0.091887,1.0,True,52605,52605,52753.0,52823.0,52972,52972,False,False,True,1.696,0.997275204359673,0.908113,21,52908.0,120.0,bidmc-21-w085-0148,85
149,52972,53125.0,53327,True,0.12512,1.0,True,52972,52972,53117.0,53133.0,53327,53327,False,False,True,2.696,0.8619718309859155,0.87488,21,53218.0,93.0,bidmc-21-w085-0149,85
150,53327,53477.0,53630,True,0.031281,1.0,True,53327,53327,53457.0,53497.0,53630,53631,False,False,True,2.816,0.9900990099009901,0.968719,21,53582.0,105.0,bidmc-21-w085-0150,85
151,53630,53859.0,54038,True,0.083089,1.0,True,53630,53631,53831.0,53887.0,54038,54038,False,False,True,3.056,0.8774509803921569,0.916911,21,53972.0,113.0,bidmc-21-w085-0151,85
152,54038,54188.0,54353,True,0.0,1.0,True,54038,54038,54185.0,54191.0,54353,54353,False,False,True,2.632,0.9523809523809523,1.0,21,54276.0,88.0,bidmc-21-w085-0152,85
153,54353,54418.0,54427,True,0.38221,0.56109,True,54353,54353,54417.0,54419.0,54427,54427,False,False,True,1.84,0.2432432432432432,0.17887999999999998,21,54504.0,86.0,bidmc-21-w085-0153,85
154,54427,54571.0,54741,True,0.014663,1.0,True,54427,54427,54531.0,54612.0,54741,54741,False,False,True,1.224,0.9171974522292994,0.985337,21,54697.0,126.0,bidmc-21-w085-0154,85
155,54741,54765.0,54774,True,0.17986,0.38221,True,54741,54741,54765.0,54766.0,54774,54775,False,False,True,1.552,0.5454545454545454,0.20235,21,54851.0,86.0,bidmc-21-w085-0155,85
156,54774,54917.0,55141,True,0.10655,1.0,True,54774,54775,54883.0,54951.0,55141,55141,False,False,True,1.216,0.779291553133515,0.89345,21,55036.0,119.0,bidmc-21-w085-0156,85
157,55141,55323.0,55462,True,0.0,1.0,True,55141,55141,55289.0,55357.0,55462,55462,False,False,True,3.248,0.8660436137071651,1.0,21,55442.0,119.0,bidmc-21-w085-0157,85
158,55462,55792.0,55967,True,0.0,1.0,True,55462,55462,55755.0,55829.0,55967,55967,False,False,True,3.752,0.693069306930693,1.0,21,55914.0,122.0,bidmc-21-w085-0158,85
159,55967,56123.0,56309,True,0.16911,1.0,True,55967,55967,56099.0,56147.0,56309,56309,False,False,True,2.648,0.9122807017543859,0.83089,21,56232.0,109.0,bidmc-21-w085-0159,85
160,56309,56458.0,56656,True,0.0,1.0,True,56309,56309,56433.0,56483.0,56656,56656,False,False,True,2.68,0.8587896253602305,1.0,21,56568.0,110.0,bidmc-21-w085-0160,85
161,56656,56881.0,57033,True,0.099707,1.0,True,56656,56656,56875.0,56887.0,57033,57033,False,False,True,3.384,0.806366047745358,0.900293,21,56972.0,91.0,bidmc-21-w085-0161,85
162,57033,57166.0,57347,True,0.0,1.0,True,57033,57033,57155.0,57177.0,57347,57347,False,False,True,2.28,0.8471337579617835,1.0,21,57262.0,96.0,bidmc-21-w085-0162,85
163,57347,57466.0,57669,True,0.086999,1.0,True,57347,57347,57455.0,57477.0,57669,57669,False,False,True,2.4,0.7391304347826086,0.913001,21,57562.0,96.0,bidmc-21-w085-0163,85
164,57669,57806.0,57969,True,0.0,1.0,True,57669,57669,57789.0,57823.0,57969,57969,False,False,True,2.72,0.9133333333333333,1.0,21,57908.0,102.0,bidmc-21-w085-0164,85
165,57969,58139.0,58320,True,0.0,1.0,True,57969,57969,58107.0,58171.0,58320,58321,False,False,True,2.664,0.9686609686609686,1.0,21,58256.0,117.0,bidmc-21-w085-0165,85
166,58320,58502.0,58686,True,0.10166,1.0,True,58320,58321,58471.0,58533.0,58686,58687,False,False,True,2.904,0.994535519125683,0.89834,21,58618.0,116.0,bidmc-21-w085-0166,85
167,58686,58885.0,59037,True,0.0,1.0,True,58686,58687,58855.0,58915.0,59037,59037,False,False,True,3.064,0.8660968660968661,1.0,21,59000.0,115.0,bidmc-21-w085-0167,85
168,59037,59193.0,59382,True,0.0,1.0,True,59037,59037,59159.0,59227.0,59382,59382,False,False,True,2.464,0.9043478260869565,1.0,21,59312.0,119.0,bidmc-21-w085-0168,85
169,59382,59565.0,59729,True,0.090909,1.0,True,59382,59382,59551.0,59579.0,59729,59729,False,False,True,2.976,0.9452449567723343,0.909091,21,59664.0,99.0,bidmc-21-w085-0169,85
1,261,475.0,691,True,0.045943,1.0,True,261,261,437.0,513.0,691,691,False,False,True,,0.9953488372093023,0.954057,22,598.0,123.0,bidmc-22-w085-0001,85
2,691,898.0,1096,True,0.040078,1.0,True,691,691,867.0,929.0,1096,1096,False,False,True,3.384,0.9777777777777777,0.9599219999999999,22,1014.0,116.0,bidmc-22-w085-0002,85
3,1096,1314.0,1527,True,0.060606,1.0,True,1096,1096,1277.0,1351.0,1527,1527,False,False,True,3.328,0.988399071925754,0.939394,22,1436.0,122.0,bidmc-22-w085-0003,85
4,1527,1731.0,1943,True,0.054741,1.0,True,1527,1527,1702.0,1761.0,1943,1943,False,False,True,3.336,0.9807692307692307,0.945259,22,1846.0,115.0,bidmc-22-w085-0004,85
5,1943,2150.0,2347,True,0.076246,1.0,True,1943,1943,2113.0,2188.0,2347,2347,False,False,True,3.352,0.9752475247524752,0.923754,22,2273.0,123.0,bidmc-22-w085-0005,85
6,2347,2569.0,2715,True,0.073314,1.0,True,2347,2347,2529.0,2609.0,2715,2715,False,False,True,3.352,0.7934782608695652,0.926686,22,2694.0,125.0,bidmc-22-w085-0006,85
7,2715,2866.0,3056,True,0.0087977,1.0,True,2715,2715,2833.0,2899.0,3056,3056,False,False,True,2.376,0.8856304985337243,0.9912023,22,2984.0,118.0,bidmc-22-w085-0007,85
8,3056,3281.0,3486,True,0.040078,1.0,True,3056,3056,3241.0,3321.0,3486,3486,False,False,True,3.32,0.9534883720930233,0.9599219999999999,22,3406.0,125.0,bidmc-22-w085-0008,85
9,3486,3696.0,3893,True,0.01173,1.0,True,3486,3486,3663.0,3729.0,3893,3893,False,False,True,3.32,0.9680589680589681,0.98827,22,3814.0,118.0,bidmc-22-w085-0009,85
10,3893,4116.0,4287,True,0.049853,1.0,True,3893,3893,4077.0,4155.0,4287,4287,False,False,True,3.36,0.868020304568528,0.950147,22,4240.0,124.0,bidmc-22-w085-0010,85
11,4287,4497.0,4614,True,0.0,1.0,True,4287,4287,4471.0,4523.0,4614,4614,False,False,True,3.048,0.7155963302752293,1.0,22,4608.0,111.0,bidmc-22-w085-0011,85
12,4614,4722.0,4793,True,0.15738,0.89736,True,4614,4614,4721.0,4723.0,4793,4793,False,False,True,1.8,0.7932960893854748,0.7399800000000001,22,4808.0,86.0,bidmc-22-w085-0012,85
13,4793,4936.0,5111,True,0.0,1.0,True,4793,4793,4883.0,4989.0,5111,5111,False,False,True,1.712,0.89937106918239,1.0,22,5074.0,138.0,bidmc-22-w085-0013,85
14,5111,5364.0,5564,True,0.0,1.0,True,5111,5111,5325.0,5403.0,5564,5564,False,False,True,3.424,0.8830022075055187,1.0,22,5488.0,124.0,bidmc-22-w085-0014,85
15,5564,5788.0,5961,True,0.0,1.0,True,5564,5564,5755.0,5821.0,5961,5961,False,False,True,3.392,0.871536523929471,1.0,22,5906.0,118.0,bidmc-22-w085-0015,85
16,5961,6193.0,6378,True,0.0,1.0,True,5961,5961,6155.0,6231.0,6378,6378,False,False,True,3.24,0.8872901678657075,1.0,22,6316.0,123.0,bidmc-22-w085-0016,85
17,6378,6611.0,6776,True,0.001955,1.0,True,6378,6378,6575.0,6647.0,6776,6776,False,False,True,3.344,0.8291457286432161,0.998045,22,6732.0,121.0,bidmc-22-w085-0017,85
18,6776,6945.0,7129,True,0.0,1.0,True,6776,6776,6907.0,6983.0,7129,7130,False,False,True,2.672,0.9575070821529745,1.0,22,7068.0,123.0,bidmc-22-w085-0018,85
19,7129,7362.0,7546,True,0.0,1.0,True,7129,7130,7327.0,7397.0,7546,7546,False,False,True,3.336,0.882494004796163,1.0,22,7482.0,120.0,bidmc-22-w085-0019,85
20,7546,7778.0,7956,True,0.0,1.0,True,7546,7546,7735.0,7821.0,7956,7956,False,False,True,3.328,0.8682926829268293,1.0,22,7906.0,128.0,bidmc-22-w085-0020,85
21,7956,8119.0,8307,True,0.0,1.0,True,7956,7956,8073.0,8165.0,8307,8307,False,False,True,2.728,0.9287749287749287,1.0,22,8250.0,131.0,bidmc-22-w085-0021,85
22,8307,8477.0,8666,True,0.0,1.0,True,8307,8307,8439.0,8515.0,8666,8667,False,False,True,2.864,0.947075208913649,1.0,22,8600.0,123.0,bidmc-22-w085-0022,85
23,8666,8895.0,9088,True,0.0,1.0,True,8666,8667,8851.0,8939.0,9088,9088,False,False,True,3.344,0.9146919431279621,1.0,22,9024.0,129.0,bidmc-22-w085-0023,85
24,9088,9314.0,9504,True,0.01955,1.0,True,9088,9088,9275.0,9353.0,9504,9504,False,False,True,3.352,0.9134615384615384,0.98045,22,9438.0,124.0,bidmc-22-w085-0024,85
25,9504,9673.0,9898,True,0.0,1.0,True,9504,9504,9631.0,9715.0,9898,9898,False,False,True,2.872,0.8578680203045685,1.0,22,9800.0,127.0,bidmc-22-w085-0025,85
26,9898,10090.0,10276,True,0.0,1.0,True,9898,9898,10058.0,10123.0,10276,10277,False,False,True,3.336,0.9841269841269842,1.0,22,10208.0,118.0,bidmc-22-w085-0026,85
27,10276,10512.0,10715,True,0.0,1.0,True,10276,10277,10469.0,10555.0,10715,10715,False,False,True,3.376,0.9248291571753986,1.0,22,10640.0,128.0,bidmc-22-w085-0027,85
28,10715,10929.0,11123,True,0.014663,1.0,True,10715,10715,10891.0,10967.0,11123,11124,False,False,True,3.336,0.9509803921568627,0.985337,22,11052.0,123.0,bidmc-22-w085-0028,85
29,11123,11345.0,11503,True,0.0,1.0,True,11123,11124,11313.0,11377.0,11503,11503,False,False,True,3.328,0.8315789473684211,1.0,22,11462.0,117.0,bidmc-22-w085-0029,85
30,11503,11660.0,11849,True,0.0,1.0,True,11503,11503,11619.0,11701.0,11849,11850,False,False,True,2.52,0.9075144508670521,1.0,22,11786.0,126.0,bidmc-22-w085-0030,85
31,11849,12079.0,12277,True,0.0039101,1.0,True,11849,11850,12043.0,12115.0,12277,12277,False,False,True,3.352,0.9252336448598131,0.9960899,22,12200.0,121.0,bidmc-22-w085-0031,85
32,12277,12500.0,12713,True,0.017595,1.0,True,12277,12277,12453.0,12547.0,12713,12713,False,False,True,3.368,0.9770642201834863,0.982405,22,12632.0,132.0,bidmc-22-w085-0032,85
33,12713,12916.0,13111,True,0.049853,1.0,True,12713,12713,12875.0,12957.0,13111,13111,False,False,True,3.328,0.9798994974874372,0.950147,22,13042.0,126.0,bidmc-22-w085-0033,85
34,13111,13334.0,13513,True,0.0,1.0,True,13111,13111,13299.0,13369.0,13513,13513,False,False,True,3.344,0.8905472636815921,1.0,22,13454.0,120.0,bidmc-22-w085-0034,85
35,13513,13749.0,13941,True,0.016618,1.0,True,13513,13513,13711.0,13787.0,13941,13941,False,False,True,3.32,0.897196261682243,0.983382,22,13872.0,123.0,bidmc-22-w085-0035,85
36,13941,14107.0,14298,True,0.014663,1.0,True,13941,13941,14063.0,14151.0,14298,14298,False,False,True,2.864,0.9299719887955182,0.985337,22,14236.0,129.0,bidmc-22-w085-0036,85
37,14298,14529.0,14719,True,0.0,1.0,True,14298,14298,14492.0,14567.0,14719,14719,False,False,True,3.376,0.9026128266033254,1.0,22,14652.0,123.0,bidmc-22-w085-0037,85
38,14719,14948.0,15136,True,0.063539,1.0,True,14719,14719,14909.0,14987.0,15136,15136,False,False,True,3.352,0.9016786570743405,0.936461,22,15072.0,124.0,bidmc-22-w085-0038,85
39,15136,15363.0,15558,True,0.0,1.0,True,15136,15136,15321.0,15405.0,15558,15558,False,False,True,3.32,0.9241706161137441,1.0,22,15490.0,127.0,bidmc-22-w085-0039,85
40,15558,15779.0,15940,True,0.026393,1.0,True,15558,15558,15747.0,15811.0,15940,15940,False,False,True,3.328,0.8429319371727748,0.973607,22,15896.0,117.0,bidmc-22-w085-0040,85
41,15940,16094.0,16284,True,0.0,1.0,True,15940,15940,16053.0,16135.0,16284,16284,False,False,True,2.52,0.8953488372093024,1.0,22,16220.0,126.0,bidmc-22-w085-0041,85
42,16284,16511.0,16682,True,0.0,1.0,True,16284,16284,16477.0,16545.0,16682,16682,False,False,True,3.336,0.8592964824120604,1.0,22,16630.0,119.0,bidmc-22-w085-0042,85
43,16682,16847.0,17050,True,0.0,1.0,True,16682,16682,16807.0,16887.0,17050,17051,False,False,True,2.688,0.8967391304347826,1.0,22,16972.0,125.0,bidmc-22-w085-0043,85
44,17050,17262.0,17458,True,0.0,1.0,True,17050,17051,17225.0,17299.0,17458,17458,False,False,True,3.32,0.9607843137254902,1.0,22,17384.0,122.0,bidmc-22-w085-0044,85
45,17458,17681.0,17885,True,0.01173,1.0,True,17458,17458,17641.0,17721.0,17885,17886,False,False,True,3.352,0.955503512880562,0.98827,22,17806.0,125.0,bidmc-22-w085-0045,85
46,17885,18103.0,18293,True,0.0,1.0,True,17885,17886,18069.0,18137.0,18293,18293,False,False,True,3.376,0.9313725490196079,1.0,22,18222.0,119.0,bidmc-22-w085-0046,85
47,18293,18514.0,18712,True,0.00097752,1.0,True,18293,18293,18479.0,18549.0,18712,18712,False,False,True,3.288,0.9451073985680191,0.99902248,22,18634.0,120.0,bidmc-22-w085-0047,85
48,18712,18932.0,19121,True,0.051808,1.0,True,18712,18712,18893.0,18971.0,19121,19121,False,False,True,3.344,0.9242053789731052,0.948192,22,19056.0,124.0,bidmc-22-w085-0048,85
49,19121,19351.0,19551,True,0.0048876,1.0,True,19121,19121,19313.0,19389.0,19551,19551,False,False,True,3.352,0.9302325581395349,0.9951124,22,19474.0,123.0,bidmc-22-w085-0049,85
50,19551,19765.0,19951,True,0.0,1.0,True,19551,19551,19731.0,19799.0,19951,19951,False,False,True,3.312,0.9299999999999999,1.0,22,19884.0,119.0,bidmc-22-w085-0050,85
51,19951,20187.0,20392,True,0.041056,1.0,True,19951,19951,20149.0,20225.0,20392,20393,False,False,True,3.376,0.9297052154195011,0.958944,22,20310.0,123.0,bidmc-22-w085-0051,85
52,20392,20604.0,20793,True,0.00097752,1.0,True,20392,20393,20567.0,20641.0,20793,20793,False,False,True,3.336,0.942643391521197,0.99902248,22,20726.0,122.0,bidmc-22-w085-0052,85
53,20793,21023.0,21210,True,0.088954,1.0,True,20793,20793,20981.0,21065.0,21210,21211,False,False,True,3.352,0.8968824940047961,0.911046,22,21150.0,127.0,bidmc-22-w085-0053,85
54,21210,21400.0,21586,True,0.066471,1.0,True,21210,21211,21367.0,21433.0,21586,21586,False,False,True,3.016,0.9893617021276596,0.933529,22,21518.0,118.0,bidmc-22-w085-0054,85
55,21586,21815.0,22008,True,0.001955,1.0,True,21586,21586,21775.0,21855.0,22008,22009,False,False,True,3.32,0.9146919431279621,0.998045,22,21940.0,125.0,bidmc-22-w085-0055,85
56,22008,22228.0,22424,True,0.0029325,1.0,True,22008,22009,22193.0,22263.0,22424,22424,False,False,True,3.304,0.9423076923076923,0.9970675,22,22348.0,120.0,bidmc-22-w085-0056,85
57,22424,22646.0,22852,True,0.050831,1.0,True,22424,22424,22607.0,22685.0,22852,22852,False,False,True,3.344,0.9626168224299065,0.949169,22,22770.0,124.0,bidmc-22-w085-0057,85
58,22852,23070.0,23251,True,0.016618,1.0,True,22852,22852,23033.0,23107.0,23251,23251,False,False,True,3.392,0.9072681704260652,0.983382,22,23192.0,122.0,bidmc-22-w085-0058,85
59,23251,23420.0,23622,True,0.001955,1.0,True,23251,23251,23379.0,23461.0,23622,23622,False,False,True,2.8,0.9110512129380054,0.998045,22,23546.0,126.0,bidmc-22-w085-0059,85
60,23622,23792.0,23998,True,0.0097752,1.0,True,23622,23622,23751.0,23833.0,23998,23998,False,False,True,2.976,0.9042553191489362,0.9902248,22,23918.0,126.0,bidmc-22-w085-0060,85
61,23998,24210.0,24393,True,0.0,1.0,True,23998,23998,24175.0,24245.0,24393,24393,False,False,True,3.344,0.9265822784810127,1.0,22,24330.0,120.0,bidmc-22-w085-0061,85
62,24393,24615.0,24799,True,0.01955,1.0,True,24393,24393,24575.0,24655.0,24799,24800,False,False,True,3.24,0.9064039408866995,0.98045,22,24740.0,125.0,bidmc-22-w085-0062,85
63,24799,25033.0,25176,True,0.020528,1.0,True,24799,24800,24991.0,25075.0,25176,25176,False,False,True,3.344,0.7586206896551724,0.979472,22,25160.0,127.0,bidmc-22-w085-0063,85
64,25176,25337.0,25532,True,0.0,1.0,True,25176,25176,25305.0,25370.0,25532,25532,False,False,True,2.432,0.9044943820224719,1.0,22,25455.0,118.0,bidmc-22-w085-0064,85
65,25532,25761.0,25956,True,0.0,1.0,True,25532,25532,25709.0,25813.0,25956,25956,False,False,True,3.392,0.9198113207547169,1.0,22,25898.0,137.0,bidmc-22-w085-0065,85
66,25956,26171.0,26362,True,0.035191,1.0,True,25956,25956,26133.0,26209.0,26362,26362,False,False,True,3.28,0.9408866995073891,0.964809,22,26294.0,123.0,bidmc-22-w085-0066,85
67,26362,26591.0,26776,True,0.0,1.0,True,26362,26362,26551.0,26631.0,26776,26776,False,False,True,3.36,0.893719806763285,1.0,22,26716.0,125.0,bidmc-22-w085-0067,85
68,26776,26939.0,27136,True,0.0,1.0,True,26776,26776,26895.0,26983.0,27136,27136,False,False,True,2.784,0.9055555555555556,1.0,22,27068.0,129.0,bidmc-22-w085-0068,85
69,27136,27305.0,27448,True,0.0,1.0,True,27136,27136,27261.0,27349.0,27448,27448,False,False,True,2.928,0.9166666666666666,1.0,22,27434.0,129.0,bidmc-22-w085-0069,85
70,27448,27592.0,27791,True,0.0,1.0,True,27448,27448,27551.0,27633.0,27791,27791,False,False,True,2.296,0.8396501457725948,1.0,22,27718.0,126.0,bidmc-22-w085-0070,85
71,27791,28008.0,28216,True,0.0,1.0,True,27791,27791,27965.0,28051.0,28216,28216,False,False,True,3.328,0.9788235294117648,1.0,22,28136.0,128.0,bidmc-22-w085-0071,85
72,28216,28423.0,28624,True,0.024438,1.0,True,28216,28216,28387.0,28459.0,28624,28624,False,False,True,3.32,0.9852941176470589,0.975562,22,28544.0,121.0,bidmc-22-w085-0072,85
73,28624,28842.0,29042,True,0.0097752,1.0,True,28624,28624,28797.0,28887.0,29042,29043,False,False,True,3.352,0.9569377990430622,0.9902248,22,28972.0,130.0,bidmc-22-w085-0073,85
74,29042,29257.0,29453,True,0.0,1.0,True,29042,29043,29223.0,29291.0,29453,29453,False,False,True,3.32,0.9537712895377128,1.0,22,29376.0,119.0,bidmc-22-w085-0074,85
75,29453,29674.0,29855,True,0.016618,1.0,True,29453,29453,29633.0,29715.0,29855,29855,False,False,True,3.336,0.900497512437811,0.983382,22,29800.0,126.0,bidmc-22-w085-0075,85
76,29855,30099.0,30302,True,0.0,1.0,True,29855,29855,30067.0,30131.0,30302,30302,False,False,True,3.4,0.9082774049217002,1.0,22,30216.0,117.0,bidmc-22-w085-0076,85
77,30302,30510.0,30644,True,0.065494,1.0,True,30302,30302,30470.0,30551.0,30644,30644,False,False,True,3.288,0.7836257309941521,0.9345060000000001,22,30636.0,126.0,bidmc-22-w085-0077,85
78,30644,30775.0,30972,True,0.0,1.0,True,30644,30644,30737.0,30813.0,30972,30972,False,False,True,2.12,0.7987804878048781,1.0,22,30898.0,123.0,bidmc-22-w085-0078,85
79,30972,31191.0,31397,True,0.0,1.0,True,30972,30972,31155.0,31227.0,31397,31397,False,False,True,3.328,0.9694117647058823,1.0,22,31312.0,121.0,bidmc-22-w085-0079,85
80,31397,31610.0,31853,True,0.0,1.0,True,31397,31397,31571.0,31649.0,31853,31853,False,False,True,3.352,0.9342105263157895,1.0,22,31734.0,124.0,bidmc-22-w085-0080,85
81,31853,32028.0,32151,True,0.068426,1.0,True,31853,31853,31995.0,32061.0,32151,32151,False,False,True,3.344,0.825503355704698,0.931574,22,32146.0,118.0,bidmc-22-w085-0081,85
82,32151,32282.0,32464,True,0.0,1.0,True,32151,32151,32245.0,32319.0,32464,32464,False,False,True,2.032,0.8370607028753994,1.0,22,32404.0,122.0,bidmc-22-w085-0082,85
83,32464,32696.0,32894,True,0.0,1.0,True,32464,32464,32657.0,32736.0,32894,32895,False,False,True,3.312,0.9209302325581395,1.0,22,32821.0,125.0,bidmc-22-w085-0083,85
84,32894,33114.0,33300,True,0.0,1.0,True,32894,32895,33079.0,33149.0,33300,33301,False,False,True,3.344,0.916256157635468,1.0,22,33234.0,120.0,bidmc-22-w085-0084,85
85,33300,33531.0,33721,True,0.050831,1.0,True,33300,33301,33491.0,33571.0,33721,33722,False,False,True,3.336,0.9026128266033254,0.949169,22,33656.0,125.0,bidmc-22-w085-0085,85
86,33721,33951.0,34143,True,0.0087977,1.0,True,33721,33722,33913.0,33989.0,34143,34143,False,False,True,3.36,0.909952606635071,0.9912023,22,34074.0,123.0,bidmc-22-w085-0086,85
87,34143,34367.0,34522,True,0.02346,1.0,True,34143,34143,34329.0,34405.0,34522,34522,False,False,True,3.328,0.8179419525065963,0.97654,22,34490.0,123.0,bidmc-22-w085-0087,85
88,34522,34685.0,34887,True,0.0,1.0,True,34522,34522,34637.0,34733.0,34887,34887,False,False,True,2.544,0.8931506849315068,1.0,22,34818.0,133.0,bidmc-22-w085-0088,85
89,34887,35094.0,35287,True,0.0,1.0,True,34887,34887,35059.0,35129.0,35287,35287,False,False,True,3.272,0.965,1.0,22,35214.0,120.0,bidmc-22-w085-0089,85
90,35287,35514.0,35706,True,0.0,1.0,True,35287,35287,35471.0,35557.0,35706,35707,False,False,True,3.36,0.9164677804295943,1.0,22,35642.0,128.0,bidmc-22-w085-0090,85
91,35706,35930.0,36129,True,0.0,1.0,True,35706,35707,35895.0,35965.0,36129,36129,False,False,True,3.328,0.9408983451536643,1.0,22,36050.0,120.0,bidmc-22-w085-0091,85
92,36129,36348.0,36538,True,0.043988,1.0,True,36129,36129,36309.0,36387.0,36538,36538,False,False,True,3.344,0.9290953545232274,0.956012,22,36472.0,124.0,bidmc-22-w085-0092,85
93,36538,36768.0,36966,True,0.0,1.0,True,36538,36538,36734.0,36803.0,36966,36966,False,False,True,3.36,0.9252336448598131,1.0,22,36888.0,120.0,bidmc-22-w085-0093,85
94,36966,37179.0,37381,True,0.040078,1.0,True,36966,36966,37136.0,37223.0,37381,37381,False,False,True,3.288,0.9734939759036144,0.9599219999999999,22,37308.0,129.0,bidmc-22-w085-0094,85
95,37381,37601.0,37791,True,0.035191,1.0,True,37381,37381,37571.0,37631.0,37791,37792,False,False,True,3.376,0.926829268292683,0.964809,22,37716.0,115.0,bidmc-22-w085-0095,85
96,37791,38014.0,38201,True,0.0,1.0,True,37791,37792,37979.0,38049.0,38201,38201,False,False,True,3.304,0.9121951219512195,1.0,22,38134.0,120.0,bidmc-22-w085-0096,85
97,38201,38432.0,38630,True,0.001955,1.0,True,38201,38201,38391.0,38473.0,38630,38630,False,False,True,3.344,0.9230769230769231,0.998045,22,38558.0,126.0,bidmc-22-w085-0097,85
98,38630,38854.0,39036,True,0.018573,1.0,True,38630,38630,38819.0,38889.0,39036,39036,False,False,True,3.376,0.896551724137931,0.981427,22,38974.0,120.0,bidmc-22-w085-0098,85
99,39036,39269.0,39472,True,0.0029325,1.0,True,39036,39036,39227.0,39311.0,39472,39472,False,False,True,3.32,0.9311926605504587,0.9970675,22,39396.0,127.0,bidmc-22-w085-0099,85
100,39472,39687.0,39830,True,0.089932,1.0,True,39472,39472,39651.0,39723.0,39830,39830,False,False,True,3.344,0.7988826815642458,0.910068,22,39808.0,121.0,bidmc-22-w085-0100,85
101,39830,39975.0,40153,True,0.0,1.0,True,39830,39830,39935.0,40015.0,40153,40153,False,False,True,2.304,0.8978328173374613,1.0,22,40100.0,125.0,bidmc-22-w085-0101,85
102,40153,40394.0,40577,True,0.0,1.0,True,40153,40153,40357.0,40431.0,40577,40577,False,False,True,3.352,0.8632075471698113,1.0,22,40516.0,122.0,bidmc-22-w085-0102,85
103,40577,40810.0,41015,True,0.00097752,1.0,True,40577,40577,40771.0,40849.0,41015,41015,False,False,True,3.328,0.9360730593607306,0.99902248,22,40934.0,124.0,bidmc-22-w085-0103,85
104,41015,41230.0,41396,True,0.0,1.0,True,41015,41015,41197.0,41263.0,41396,41396,False,False,True,3.36,0.8713910761154855,1.0,22,41348.0,118.0,bidmc-22-w085-0104,85
105,41396,41569.0,41717,True,0.0,1.0,True,41396,41396,41521.0,41617.0,41717,41717,False,False,True,2.712,0.9221183800623053,1.0,22,41702.0,133.0,bidmc-22-w085-0105,85
106,41717,41863.0,42059,True,0.0,1.0,True,41717,41717,41827.0,41899.0,42059,42059,False,False,True,2.352,0.8538011695906433,1.0,22,41984.0,121.0,bidmc-22-w085-0106,85
107,42059,42278.0,42489,True,0.0,1.0,True,42059,42059,42239.0,42317.0,42489,42489,False,False,True,3.32,0.9813953488372094,1.0,22,42402.0,124.0,bidmc-22-w085-0107,85
108,42489,42693.0,42892,True,0.0,1.0,True,42489,42489,42659.0,42727.0,42892,42892,False,False,True,3.32,0.9875930521091811,1.0,22,42812.0,119.0,bidmc-22-w085-0108,85
109,42892,43109.0,43296,True,0.028348,1.0,True,42892,42892,43069.0,43149.0,43296,43296,False,False,True,3.328,0.9257425742574258,0.971652,22,43234.0,125.0,bidmc-22-w085-0109,85
110,43296,43532.0,43738,True,0.012708,1.0,True,43296,43296,43495.0,43569.0,43738,43738,False,False,True,3.384,0.9321266968325792,0.987292,22,43654.0,122.0,bidmc-22-w085-0110,85
111,43738,43942.0,44168,True,0.001955,1.0,True,43738,43738,43909.0,43975.0,44168,44168,False,False,True,3.28,0.9488372093023256,0.998045,22,44060.0,118.0,bidmc-22-w085-0111,85
112,44168,44341.0,44526,True,0.02346,1.0,True,44168,44168,44293.0,44389.0,44526,44526,False,False,True,3.192,0.9664804469273743,0.97654,22,44474.0,133.0,bidmc-22-w085-0112,85
113,44526,44697.0,44890,True,0.001955,1.0,True,44526,44526,44653.0,44741.0,44890,44890,False,False,True,2.848,0.9395604395604396,0.998045,22,44826.0,129.0,bidmc-22-w085-0113,85
114,44890,45109.0,45299,True,0.042033,1.0,True,44890,44890,45069.0,45149.0,45299,45299,False,False,True,3.296,0.9290953545232274,0.957967,22,45234.0,125.0,bidmc-22-w085-0114,85
115,45299,45529.0,45720,True,0.0,1.0,True,45299,45299,45491.0,45567.0,45720,45720,False,False,True,3.36,0.9073634204275535,1.0,22,45652.0,123.0,bidmc-22-w085-0115,85
116,45720,45947.0,46135,True,0.018573,1.0,True,45720,45720,45913.0,45981.0,46135,46135,False,False,True,3.344,0.9060240963855422,0.981427,22,46066.0,119.0,bidmc-22-w085-0116,85
117,46135,46358.0,46544,True,0.00097752,1.0,True,46135,46135,46317.0,46399.0,46544,46544,False,False,True,3.288,0.9095354523227384,0.99902248,22,46484.0,126.0,bidmc-22-w085-0117,85
118,46544,46770.0,46960,True,0.050831,1.0,True,46544,46544,46731.0,46809.0,46960,46960,False,False,True,3.296,0.9134615384615384,0.949169,22,46894.0,124.0,bidmc-22-w085-0118,85
119,46960,47187.0,47374,True,0.0,1.0,True,46960,46960,47151.0,47223.0,47374,47374,False,False,True,3.336,0.9033816425120773,1.0,22,47308.0,121.0,bidmc-22-w085-0119,85
120,47374,47604.0,47795,True,0.045943,1.0,True,47374,47374,47565.0,47643.0,47795,47796,False,False,True,3.336,0.9073634204275535,0.954057,22,47728.0,124.0,bidmc-22-w085-0120,85
121,47795,48027.0,48223,True,0.01955,1.0,True,47795,47796,47989.0,48065.0,48223,48223,False,False,True,3.384,0.9158878504672897,0.98045,22,48150.0,123.0,bidmc-22-w085-0121,85
122,48223,48438.0,48599,True,0.060606,1.0,True,48223,48223,48401.0,48475.0,48599,48599,False,False,True,3.288,0.8563829787234043,0.939394,22,48560.0,122.0,bidmc-22-w085-0122,85
123,48599,48755.0,48953,True,0.0,1.0,True,48599,48599,48711.0,48799.0,48953,48953,False,False,True,2.536,0.8813559322033898,1.0,22,48884.0,129.0,bidmc-22-w085-0123,85
124,48953,49173.0,49366,True,0.018573,1.0,True,48953,48953,49135.0,49211.0,49366,49366,False,False,True,3.344,0.9346246973365617,0.981427,22,49296.0,123.0,bidmc-22-w085-0124,85
125,49366,49592.0,49792,True,0.0,1.0,True,49366,49366,49549.0,49635.0,49792,49792,False,False,True,3.352,0.9389671361502347,1.0,22,49720.0,128.0,bidmc-22-w085-0125,85
126,49792,50009.0,50198,True,0.0,1.0,True,49792,49792,49975.0,50043.0,50198,50199,False,False,True,3.336,0.9310344827586207,1.0,22,50128.0,119.0,bidmc-22-w085-0126,85
127,50198,50428.0,50610,True,0.040078,1.0,True,50198,50199,50391.0,50465.0,50610,50610,False,False,True,3.352,0.883495145631068,0.9599219999999999,22,50550.0,122.0,bidmc-22-w085-0127,85
128,50610,50834.0,51022,True,0.0029325,1.0,True,50610,50610,50793.0,50875.0,51022,51022,False,False,True,3.248,0.912621359223301,0.9970675,22,50960.0,126.0,bidmc-22-w085-0128,85
129,51022,51254.0,51443,True,0.0,1.0,True,51022,51022,51213.0,51295.0,51443,51443,False,False,True,3.36,0.8978622327790974,1.0,22,51380.0,126.0,bidmc-22-w085-0129,85
130,51443,51672.0,51855,True,0.0,1.0,True,51443,51443,51635.0,51709.0,51855,51855,False,False,True,3.344,0.8883495145631068,1.0,22,51794.0,122.0,bidmc-22-w085-0130,85
131,51855,52088.0,52283,True,0.022483,1.0,True,51855,51855,52049.0,52127.0,52283,52283,False,False,True,3.328,0.9112149532710281,0.977517,22,52212.0,124.0,bidmc-22-w085-0131,85
132,52283,52507.0,52696,True,0.0,1.0,True,52283,52283,52469.0,52545.0,52696,52696,False,False,True,3.352,0.9152542372881356,1.0,22,52630.0,123.0,bidmc-22-w085-0132,85
133,52696,52925.0,53113,True,0.0,1.0,True,52696,52696,52889.0,52961.0,53113,53113,False,False,True,3.344,0.9016786570743405,1.0,22,53046.0,121.0,bidmc-22-w085-0133,85
134,53113,53339.0,53530,True,0.028348,1.0,True,53113,53113,53305.0,53373.0,53530,53530,False,False,True,3.312,0.9160671462829736,0.971652,22,53458.0,119.0,bidmc-22-w085-0134,85
135,53530,53755.0,53951,True,0.0,1.0,True,53530,53530,53712.0,53799.0,53951,53951,False,False,True,3.328,0.9311163895486936,1.0,22,53884.0,129.0,bidmc-22-w085-0135,85
136,53951,54169.0,54367,True,0.0,1.0,True,53951,53951,54135.0,54203.0,54367,54367,False,False,True,3.312,0.9519230769230769,1.0,22,54288.0,119.0,bidmc-22-w085-0136,85
137,54367,54589.0,54774,True,0.032258,1.0,True,54367,54367,54551.0,54627.0,54774,54775,False,False,True,3.36,0.9090909090909091,0.967742,22,54712.0,123.0,bidmc-22-w085-0137,85
138,54774,55010.0,55214,True,0.0,1.0,True,54774,54775,54975.0,55045.0,55214,55214,False,False,True,3.368,0.9272727272727272,1.0,22,55130.0,120.0,bidmc-22-w085-0138,85
139,55214,55430.0,55579,True,0.0,1.0,True,55214,55214,55387.0,55473.0,55579,55579,False,False,True,3.36,0.8164383561643835,1.0,22,55558.0,128.0,bidmc-22-w085-0139,85
140,55579,55737.0,55912,True,0.0,1.0,True,55579,55579,55703.0,55771.0,55912,55912,False,False,True,2.456,0.948948948948949,1.0,22,55856.0,119.0,bidmc-22-w085-0140,85
141,55912,56145.0,56351,True,0.0,1.0,True,55912,55912,56107.0,56183.0,56351,56351,False,False,True,3.264,0.9384965831435079,1.0,22,56268.0,123.0,bidmc-22-w085-0141,85
142,56351,56563.0,56753,True,0.0,1.0,True,56351,56351,56525.0,56601.0,56753,56753,False,False,True,3.344,0.945273631840796,1.0,22,56686.0,123.0,bidmc-22-w085-0142,85
143,56753,56985.0,57180,True,0.001955,1.0,True,56753,56753,56945.0,57025.0,57180,57180,False,False,True,3.376,0.9133489461358314,0.998045,22,57110.0,125.0,bidmc-22-w085-0143,85
144,57180,57397.0,57590,True,0.0,1.0,True,57180,57180,57364.0,57431.0,57590,57590,False,False,True,3.296,0.9414634146341463,1.0,22,57516.0,119.0,bidmc-22-w085-0144,85
145,57590,57821.0,58001,True,0.01955,1.0,True,57590,57590,57785.0,57857.0,58001,58001,False,False,True,3.392,0.8759124087591241,0.98045,22,57942.0,121.0,bidmc-22-w085-0145,85
146,58001,58231.0,58416,True,0.0,1.0,True,58001,58001,58195.0,58267.0,58416,58416,False,False,True,3.28,0.891566265060241,1.0,22,58352.0,121.0,bidmc-22-w085-0146,85
147,58416,58652.0,58829,True,0.0,1.0,True,58416,58416,58613.0,58691.0,58829,58829,False,False,True,3.368,0.8571428571428572,1.0,22,58776.0,124.0,bidmc-22-w085-0147,85
148,58829,59003.0,59193,True,0.0,1.0,True,58829,58829,58975.0,59031.0,59193,59193,False,False,True,2.808,0.9560439560439561,1.0,22,59116.0,113.0,bidmc-22-w085-0148,85
149,59193,59413.0,59619,True,0.0,1.0,True,59193,59193,59375.0,59451.0,59619,59619,False,False,True,3.28,0.9671361502347418,1.0,22,59536.0,123.0,bidmc-22-w085-0149,85
1,83,195.0,350,True,0.086022,0.58847,True,83,83,195.0,195.0,350,350,False,False,True,,0.8389513108614233,0.502448,23,280.0,85.0,bidmc-23-w085-0001,85
2,350,538.0,656,True,0.071359,0.70186,True,350,350,537.0,539.0,656,656,False,False,True,2.744,0.7712418300653595,0.630501,23,624.0,86.0,bidmc-23-w085-0002,85
4,686,928.0,1107,True,0.016618,0.81232,True,685,687,927.0,929.0,1107,1107,False,False,True,1.936,0.850356294536817,0.795702,23,1014.0,86.0,bidmc-23-w085-0004,85
5,1107,1119.0,1198,True,0.23754,0.40371,True,1107,1107,1119.0,1119.0,1198,1198,False,False,True,1.528,0.2637362637362637,0.16617,23,1204.0,85.0,bidmc-23-w085-0005,85
6,1198,1350.0,1567,True,0.14076,0.96872,True,1198,1198,1349.0,1351.0,1567,1567,False,False,True,1.848,0.8238482384823849,0.82796,23,1436.0,86.0,bidmc-23-w085-0006,85
7,1567,1588.0,1598,True,0.25806,0.32649,True,1567,1567,1587.0,1589.0,1598,1598,False,False,True,1.904,0.6451612903225806,0.06842999999999999,23,1674.0,86.0,bidmc-23-w085-0007,85
8,1598,1765.0,1933,True,0.17595,0.75367,True,1598,1598,1765.0,1765.0,1933,1933,False,False,True,1.416,0.9970149253731343,0.57772,23,1850.0,85.0,bidmc-23-w085-0008,85
9,1933,1944.0,1966,True,0.18964,0.31574,True,1933,1933,1943.0,1946.0,1966,1967,False,False,True,1.432,0.6666666666666667,0.12610000000000002,23,2031.0,87.0,bidmc-23-w085-0009,85
10,1966,2187.0,2293,True,0.13392,0.86608,True,1966,1967,2187.0,2187.0,2293,2294,False,False,True,1.944,0.6483180428134556,0.7321599999999999,23,2272.0,85.0,bidmc-23-w085-0010,85
11,2293,2298.0,2404,True,0.45846,0.68426,True,2293,2294,2297.0,2299.0,2404,2404,False,False,True,0.888,0.09009009009009006,0.2258,23,2384.0,86.0,bidmc-23-w085-0011,85
12,2404,2416.0,2444,True,0.39296,0.565,True,2404,2404,2415.0,2417.0,2444,2444,False,False,True,0.944,0.6,0.17203999999999997,23,2502.0,86.0,bidmc-23-w085-0012,85
13,2444,2596.0,2748,True,0.11046,0.72923,True,2444,2444,2595.0,2597.0,2748,2748,False,False,True,1.44,1.0,0.61877,23,2682.0,86.0,bidmc-23-w085-0013,85
14,2748,2775.0,2802,True,0.11926,0.32551,True,2748,2748,2773.0,2777.0,2802,2802,False,False,True,1.432,1.0,0.20625000000000002,23,2862.0,87.0,bidmc-23-w085-0014,85
15,2802,3025.0,3138,True,0.0,0.97752,True,2802,2802,3025.0,3025.0,3138,3138,False,False,True,2.0,0.6726190476190477,0.97752,23,3110.0,85.0,bidmc-23-w085-0015,85
16,3138,3222.0,3298,True,0.0,0.39101,True,3138,3138,3221.0,3223.0,3298,3298,False,False,True,1.576,0.95,0.39101,23,3308.0,86.0,bidmc-23-w085-0016,85
17,3298,3439.0,3574,True,0.0,1.0,True,3298,3298,3411.0,3467.0,3574,3574,False,False,True,1.736,0.9782608695652174,1.0,23,3552.0,113.0,bidmc-23-w085-0017,85
18,3574,3694.0,3792,True,0.0,1.0,True,3574,3574,3667.0,3721.0,3778,3806,False,False,True,2.04,0.8990825688073394,1.0,23,3806.0,112.0,bidmc-23-w085-0018,85
19,3792,3879.0,3940,True,0.0,1.0,True,3778,3806,3863.0,3895.0,3900,3980,False,False,True,1.48,0.8243243243243243,1.0,23,3980.0,101.0,bidmc-23-w085-0019,85
20,3940,4132.0,4455,True,0.24536,1.0,True,3900,3980,3985.0,4279.0,4455,4455,False,False,True,2.024,0.7456310679611651,0.75464,23,4364.0,232.0,bidmc-23-w085-0020,85
21,4455,4470.0,4491,True,0.26979,0.42326,True,4455,4455,4469.0,4471.0,4491,4491,False,False,True,2.704,0.8333333333333334,0.15347000000000005,23,4556.0,86.0,bidmc-23-w085-0021,85
22,4491,4689.0,4857,True,0.15249,1.0,True,4491,4491,4673.0,4705.0,4857,4857,False,False,True,1.752,0.9180327868852459,0.84751,23,4790.0,101.0,bidmc-23-w085-0022,85
23,4857,5082.0,5287,True,0.14663,1.0,True,4857,4857,5067.0,5097.0,5287,5287,False,False,True,3.144,0.9534883720930233,0.85337,23,5182.0,100.0,bidmc-23-w085-0023,85
24,5287,5304.0,5321,True,0.31085,0.40567,True,5287,5287,5303.0,5305.0,5321,5322,False,False,True,1.776,1.0,0.09481999999999996,23,5390.0,86.0,bidmc-23-w085-0024,85
25,5321,5523.0,5689,True,0.14663,1.0,True,5321,5322,5509.0,5537.0,5689,5689,False,False,True,1.752,0.9021739130434783,0.85337,23,5622.0,99.0,bidmc-23-w085-0025,85
26,5689,5919.0,6121,True,0.12512,0.99022,True,5689,5689,5919.0,5919.0,6121,6121,False,False,True,3.168,0.9351851851851852,0.8651,23,6004.0,85.0,bidmc-23-w085-0026,85
27,6121,6143.0,6167,True,0.17986,0.35386,True,6121,6121,6143.0,6143.0,6167,6167,False,False,True,1.792,0.9565217391304348,0.17400000000000002,23,6228.0,85.0,bidmc-23-w085-0027,85
28,6167,6358.0,6513,True,0.11437,0.97067,True,6167,6167,6358.0,6359.0,6513,6513,False,False,True,1.72,0.8959537572254335,0.8563000000000001,23,6444.0,86.0,bidmc-23-w085-0028,85
29,6513,6755.0,6964,True,0.043988,1.0,True,6513,6513,6749.0,6761.0,6964,6965,False,False,True,3.176,0.926829268292683,0.956012,23,6846.0,91.0,bidmc-23-w085-0029,85
30,6964,6988.0,7013,True,0.12512,0.25806,True,6964,6965,6987.0,6989.0,7013,7013,False,False,True,1.864,0.9795918367346939,0.13294,23,7074.0,86.0,bidmc-23-w085-0030,85
31,7013,7181.0,7345,True,0.11437,1.0,True,7013,7013,7157.0,7205.0,7345,7345,False,False,True,1.544,0.9879518072289156,0.88563,23,7290.0,109.0,bidmc-23-w085-0031,85
32,7345,7582.0,7779,True,0.082111,1.0,True,7345,7345,7571.0,7593.0,7779,7779,False,False,True,3.208,0.9078341013824884,0.917889,23,7678.0,96.0,bidmc-23-w085-0032,85
33,7779,7811.0,7831,True,0.23363,0.38514,True,7779,7779,7811.0,7811.0,7831,7831,False,False,True,1.832,0.7692307692307692,0.15150999999999998,23,7896.0,85.0,bidmc-23-w085-0033,85
34,7831,8022.0,8184,True,0.19648,1.0,True,7831,7831,8007.0,8037.0,8184,8184,False,False,True,1.688,0.9178470254957507,0.80352,23,8122.0,100.0,bidmc-23-w085-0034,85
35,8184,8423.0,8624,True,0.038123,1.0,True,8184,8184,8407.0,8439.0,8624,8624,False,False,True,3.208,0.9136363636363636,0.961877,23,8524.0,101.0,bidmc-23-w085-0035,85
36,8624,8657.0,8665,True,0.18671,0.28739,True,8624,8624,8657.0,8657.0,8665,8665,False,False,True,1.872,0.3902439024390244,0.10067999999999999,23,8742.0,85.0,bidmc-23-w085-0036,85
37,8665,8844.0,9005,True,0.0,0.76931,True,8665,8665,8843.0,8846.0,9005,9005,False,False,True,1.496,0.9470588235294117,0.76931,23,8931.0,87.0,bidmc-23-w085-0037,85
38,9005,9018.0,9108,True,0.20039,0.39785,True,9005,9005,9017.0,9019.0,9108,9108,False,False,True,1.392,0.2524271844660194,0.19745999999999997,23,9104.0,86.0,bidmc-23-w085-0038,85
39,9108,9263.0,9464,True,0.088954,1.0,True,9108,9108,9247.0,9279.0,9464,9464,False,False,True,1.96,0.8707865168539326,0.911046,23,9364.0,101.0,bidmc-23-w085-0039,85
40,9464,9507.0,9512,True,0.1955,0.36168,True,9464,9464,9507.0,9507.0,9512,9512,False,False,True,1.952,0.20833333333333337,0.16618,23,9592.0,85.0,bidmc-23-w085-0040,85
41,9512,9685.0,9854,True,0.17986,1.0,True,9512,9512,9673.0,9697.0,9854,9854,False,False,True,1.424,0.9883040935672515,0.82014,23,9782.0,97.0,bidmc-23-w085-0041,85
42,9854,9867.0,9890,True,0.20039,0.35386,True,9854,9854,9867.0,9867.0,9890,9890,False,False,True,1.456,0.7222222222222222,0.15347,23,9952.0,85.0,bidmc-23-w085-0042,85
43,9890,10103.0,10260,True,0.081134,1.0,True,9890,9890,10085.0,10121.0,10260,10260,False,False,True,1.888,0.8486486486486486,0.918866,23,10206.0,103.0,bidmc-23-w085-0043,85
44,10260,10355.0,10357,True,0.070381,0.35288,True,10260,10260,10355.0,10356.0,10357,10357,False,False,True,2.016,0.04123711340206182,0.28249900000000006,23,10441.0,86.0,bidmc-23-w085-0044,85
45,10357,10522.0,10704,True,0.14663,1.0,True,10357,10357,10515.0,10529.0,10704,10704,False,False,True,1.336,0.9510086455331412,0.85337,23,10614.0,92.0,bidmc-23-w085-0045,85
46,10704,10719.0,10743,True,0.16813,0.34018,True,10704,10704,10719.0,10720.0,10743,10743,False,False,True,1.576,0.7692307692307692,0.17204999999999998,23,10805.0,86.0,bidmc-23-w085-0046,85
47,10743,10931.0,11071,True,0.088954,0.96579,True,10743,10743,10931.0,10931.0,11071,11071,False,False,True,1.696,0.8536585365853658,0.8768360000000001,23,11016.0,85.0,bidmc-23-w085-0047,85
48,11071,11338.0,11540,True,0.0,1.0,True,11071,11071,11307.0,11369.0,11540,11540,False,False,True,3.256,0.8614072494669509,1.0,23,11454.0,116.0,bidmc-23-w085-0048,85
49,11540,11553.0,11602,True,0.15347,0.33627,True,11540,11540,11552.0,11555.0,11602,11603,False,False,True,1.72,0.4193548387096774,0.18280000000000002,23,11640.0,87.0,bidmc-23-w085-0049,85
50,11602,11774.0,11936,True,0.16129,1.0,True,11602,11603,11769.0,11779.0,11936,11936,False,False,True,1.768,0.9700598802395209,0.8387100000000001,23,11864.0,90.0,bidmc-23-w085-0050,85
51,11936,12170.0,12385,True,0.13881,1.0,True,11936,11936,12155.0,12185.0,12385,12385,False,False,True,3.168,0.9576837416481069,0.86119,23,12270.0,100.0,bidmc-23-w085-0051,85
52,12385,12406.0,12462,True,0.348,0.56207,True,12385,12385,12405.0,12407.0,12454,12471,False,False,True,1.888,0.5454545454545454,0.21406999999999998,23,12492.0,86.0,bidmc-23-w085-0052,85
53,12462,12602.0,12745,True,0.17693,0.86804,True,12454,12471,12601.0,12603.0,12745,12745,False,False,True,1.568,0.9893992932862191,0.69111,23,12688.0,86.0,bidmc-23-w085-0053,85
54,12745,12775.0,12884,True,0.096774,0.39394,True,12745,12745,12774.0,12776.0,12884,12884,False,False,True,1.384,0.4316546762589928,0.29716600000000004,23,12861.0,86.0,bidmc-23-w085-0054,85
55,12884,13007.0,13161,True,0.0,0.85826,True,12884,12884,13007.0,13007.0,13161,13161,False,False,True,1.856,0.8880866425992779,0.85826,23,13092.0,85.0,bidmc-23-w085-0055,85
56,13161,13242.0,13256,True,0.096774,0.32356,True,13161,13161,13241.0,13244.0,13256,13256,False,False,True,1.88,0.2947368421052632,0.22678600000000002,23,13329.0,87.0,bidmc-23-w085-0056,85
57,13256,13437.0,13588,True,0.17889,0.96285,True,13256,13256,13436.0,13438.0,13588,13588,False,False,True,1.56,0.9096385542168675,0.78396,23,13523.0,86.0,bidmc-23-w085-0057,85
58,13588,13597.0,13692,True,0.1437,0.33822,True,13588,13588,13597.0,13597.0,13692,13692,False,False,True,1.28,0.17307692307692313,0.19452000000000003,23,13682.0,85.0,bidmc-23-w085-0058,85
59,13692,13845.0,13993,True,0.1173,1.0,True,13692,13692,13838.0,13853.0,13993,13993,False,False,True,1.984,0.9833887043189369,0.8827,23,13938.0,93.0,bidmc-23-w085-0059,85
60,13993,14062.0,14158,True,0.048876,0.45161,True,13993,13993,14061.0,14064.0,14158,14158,False,False,True,1.736,0.8363636363636364,0.40273400000000004,23,14149.0,87.0,bidmc-23-w085-0060,85
61,14158,14263.0,14398,True,0.0,0.85142,True,14158,14158,14263.0,14263.0,14398,14398,False,False,True,1.608,0.875,0.85142,23,14348.0,85.0,bidmc-23-w085-0061,85
62,14398,14441.0,14443,True,0.14565,0.34018,True,14398,14398,14441.0,14441.0,14443,14443,False,False,True,1.424,0.0888888888888889,0.19452999999999998,23,14526.0,85.0,bidmc-23-w085-0062,85
63,14443,14677.0,14888,True,0.17986,1.0,True,14443,14443,14657.0,14697.0,14888,14888,False,False,True,1.888,0.9483146067415731,0.82014,23,14782.0,105.0,bidmc-23-w085-0063,85
64,14888,14911.0,14928,True,0.32649,0.41056,True,14888,14888,14910.0,14913.0,14928,14928,False,False,True,1.872,0.85,0.08406999999999998,23,14998.0,87.0,bidmc-23-w085-0064,85
65,14928,15102.0,15265,True,0.21212,1.0,True,14928,14928,15097.0,15107.0,15265,15265,False,False,True,1.528,0.9673590504451038,0.78788,23,15192.0,90.0,bidmc-23-w085-0065,85
66,15265,15281.0,15302,True,0.20626,0.34604,True,15265,15265,15281.0,15281.0,15302,15302,False,False,True,1.432,0.8648648648648649,0.13978000000000002,23,15366.0,85.0,bidmc-23-w085-0066,85
67,15302,15521.0,15674,True,0.10166,1.0,True,15302,15302,15507.0,15535.0,15674,15674,False,False,True,1.92,0.8225806451612903,0.89834,23,15620.0,99.0,bidmc-23-w085-0067,85
68,15674,15939.0,16116,True,0.078201,0.96481,True,15674,15674,15939.0,15939.0,16116,16116,False,False,True,3.344,0.8009049773755657,0.886609,23,16024.0,85.0,bidmc-23-w085-0068,85
69,16116,16138.0,16153,True,0.26002,0.32454,True,16116,16116,16137.0,16139.0,16153,16153,False,False,True,1.592,0.8108108108108107,0.06452000000000002,23,16224.0,86.0,bidmc-23-w085-0069,85
70,16153,16361.0,16521,True,0.13881,1.0,True,16153,16153,16349.0,16373.0,16521,16522,False,False,True,1.784,0.8695652173913043,0.86119,23,16458.0,97.0,bidmc-23-w085-0070,85
71,16521,16761.0,16964,True,0.10362,1.0,True,16521,16522,16745.0,16777.0,16964,16965,False,False,True,3.2,0.9164785553047404,0.89638,23,16862.0,101.0,bidmc-23-w085-0071,85
72,16964,16998.0,17014,True,0.21896,0.3607,True,16964,16965,16997.0,16999.0,17014,17015,False,False,True,1.896,0.64,0.14174000000000003,23,17084.0,86.0,bidmc-23-w085-0072,85
73,17014,17187.0,17353,True,0.17302,0.97263,True,17014,17015,17187.0,17187.0,17353,17353,False,False,True,1.512,0.9793510324483776,0.7996099999999999,23,17272.0,85.0,bidmc-23-w085-0073,85
74,17353,17364.0,17377,True,0.27175,0.3001,True,17353,17353,17363.0,17365.0,17377,17377,False,False,True,1.416,0.9166666666666666,0.028349999999999986,23,17450.0,86.0,bidmc-23-w085-0074,85
75,17377,17605.0,17759,True,0.1085,1.0,True,17377,17377,17591.0,17619.0,17759,17759,False,False,True,1.928,0.806282722513089,0.8915,23,17704.0,99.0,bidmc-23-w085-0075,85
76,17759,17854.0,17856,True,0.088954,0.34409,True,17759,17759,17853.0,17855.0,17856,17856,False,False,True,1.992,0.04123711340206182,0.25513600000000003,23,17940.0,86.0,bidmc-23-w085-0076,85
77,17856,18022.0,18201,True,0.13685,0.9697,True,17856,17856,18021.0,18023.0,18201,18201,False,False,True,1.344,0.9623188405797102,0.83285,23,18108.0,86.0,bidmc-23-w085-0077,85
78,18201,18219.0,18231,True,0.25318,0.29717,True,18201,18201,18219.0,18219.0,18231,18231,False,False,True,1.576,0.8,0.043989999999999974,23,18304.0,85.0,bidmc-23-w085-0078,85
79,18231,18444.0,18600,True,0.13001,1.0,True,18231,18231,18431.0,18457.0,18600,18600,False,False,True,1.8,0.8455284552845528,0.86999,23,18542.0,98.0,bidmc-23-w085-0079,85
80,18600,18842.0,19046,True,0.10362,1.0,True,18600,18600,18827.0,18857.0,19046,19046,False,False,True,3.184,0.9147982062780269,0.89638,23,18942.0,100.0,bidmc-23-w085-0080,85
81,19046,19071.0,19082,True,0.28641,0.35191,True,19046,19046,19071.0,19071.0,19082,19082,False,False,True,1.832,0.6111111111111112,0.0655,23,19156.0,85.0,bidmc-23-w085-0081,85
82,19082,19274.0,19466,True,0.11339,1.0,True,19082,19082,19259.0,19289.0,19466,19466,False,False,True,1.624,1.0,0.88661,23,19374.0,100.0,bidmc-23-w085-0082,85
83,19466,19681.0,19869,True,0.054741,0.98045,True,19466,19466,19681.0,19681.0,19869,19869,False,False,True,3.256,0.9330024813895782,0.925709,23,19766.0,85.0,bidmc-23-w085-0083,85
84,19869,19926.0,19932,True,0.20626,0.32551,True,19869,19869,19926.0,19927.0,19932,19932,False,False,True,1.96,0.19047619047619047,0.11925000000000002,23,20012.0,86.0,bidmc-23-w085-0084,85
85,19932,20127.0,20383,True,0.15445,1.0,True,19932,19932,20089.0,20165.0,20383,20383,False,False,True,1.608,0.8647450110864745,0.84555,23,20250.0,123.0,bidmc-23-w085-0085,85
86,20383,20527.0,20641,True,0.0,0.72727,True,20383,20383,20527.0,20528.0,20641,20641,False,False,True,3.2,0.8837209302325582,0.72727,23,20613.0,86.0,bidmc-23-w085-0086,85
87,20641,20939.0,21121,True,0.010753,0.99609,True,20641,20641,20939.0,20939.0,21121,21121,False,False,True,3.296,0.7583333333333333,0.985337,23,21024.0,85.0,bidmc-23-w085-0087,85
88,21121,21139.0,21158,True,0.2737,0.38025,True,21121,21121,21139.0,21139.0,21158,21159,False,False,True,1.6,0.972972972972973,0.10654999999999998,23,21224.0,85.0,bidmc-23-w085-0088,85
89,21158,21361.0,21523,True,0.18964,1.0,True,21158,21159,21351.0,21371.0,21523,21523,False,False,True,1.776,0.8876712328767123,0.81036,23,21456.0,95.0,bidmc-23-w085-0089,85
90,21523,21757.0,21965,True,0.13392,0.99804,True,21523,21523,21756.0,21758.0,21965,21965,False,False,True,3.168,0.9411764705882353,0.86412,23,21843.0,86.0,bidmc-23-w085-0090,85
91,21965,21986.0,22001,True,0.27468,0.32747,True,21965,21965,21986.0,21987.0,22001,22001,False,False,True,1.832,0.8333333333333334,0.052790000000000004,23,22072.0,86.0,bidmc-23-w085-0091,85
92,22001,22192.0,22345,True,0.14956,0.91691,True,22001,22001,22192.0,22193.0,22345,22345,False,False,True,1.648,0.8895348837209303,0.76735,23,22278.0,86.0,bidmc-23-w085-0092,85
93,22345,22351.0,22371,True,0.17693,0.29326,True,22345,22345,22350.0,22352.0,22371,22371,False,False,True,1.272,0.46153846153846156,0.11633000000000002,23,22437.0,86.0,bidmc-23-w085-0093,85
94,22371,22600.0,22759,True,0.034213,1.0,True,22371,22371,22589.0,22611.0,22759,22759,False,False,True,1.992,0.8195876288659794,0.965787,23,22696.0,96.0,bidmc-23-w085-0094,85
95,22759,22834.0,22845,True,0.072336,0.29912,True,22759,22759,22833.0,22835.0,22845,22845,False,False,True,1.872,0.2558139534883721,0.22678399999999999,23,22920.0,86.0,bidmc-23-w085-0095,85
96,22845,23021.0,23212,True,0.11632,0.9521,True,22845,22845,23021.0,23021.0,23212,23212,False,False,True,1.496,0.9591280653950953,0.83578,23,23106.0,85.0,bidmc-23-w085-0096,85
97,23212,23440.0,23598,True,0.11632,1.0,True,23212,23212,23427.0,23453.0,23598,23598,False,False,True,3.352,0.8186528497409327,0.88368,23,23538.0,98.0,bidmc-23-w085-0097,85
98,23598,23683.0,23689,True,0.11926,0.348,True,23598,23598,23682.0,23685.0,23689,23689,False,False,True,1.944,0.13186813186813184,0.22873999999999997,23,23770.0,87.0,bidmc-23-w085-0098,85
99,23689,23857.0,24030,True,0.17009,0.94819,True,23689,23689,23857.0,23857.0,24030,24030,False,False,True,1.392,0.9853372434017595,0.7781,23,23942.0,85.0,bidmc-23-w085-0099,85
100,24030,24044.0,24058,True,0.2737,0.31672,True,24030,24030,24043.0,24045.0,24058,24058,False,False,True,1.496,1.0,0.04302,23,24130.0,86.0,bidmc-23-w085-0100,85
101,24058,24279.0,24434,True,0.12903,1.0,True,24058,24058,24267.0,24291.0,24434,24434,False,False,True,1.88,0.824468085106383,0.87097,23,24376.0,97.0,bidmc-23-w085-0101,85
102,24434,24668.0,24878,True,0.083089,0.94135,True,24434,24434,24668.0,24669.0,24878,24878,False,False,True,3.112,0.9459459459459459,0.858261,23,24754.0,86.0,bidmc-23-w085-0102,85
103,24878,24899.0,24913,True,0.2522,0.30987,True,24878,24878,24899.0,24899.0,24913,24914,False,False,True,1.848,0.8,0.05767,23,24984.0,85.0,bidmc-23-w085-0103,85
104,24913,25114.0,25274,True,0.12805,0.94037,True,24913,24914,25113.0,25115.0,25274,25274,False,False,True,1.72,0.8864265927977839,0.81232,23,25200.0,86.0,bidmc-23-w085-0104,85
105,25274,25518.0,25737,True,0.093842,1.0,True,25274,25274,25503.0,25533.0,25737,25737,False,False,True,3.232,0.9460043196544277,0.906158,23,25618.0,100.0,bidmc-23-w085-0105,85
106,25737,25751.0,25783,True,0.45357,0.68328,True,25737,25737,25749.0,25753.0,25783,25784,False,False,True,1.864,0.6086956521739131,0.22971000000000003,23,25838.0,87.0,bidmc-23-w085-0106,85
107,25783,25936.0,26089,True,0.037146,0.93255,True,25783,25784,25935.0,25937.0,26089,26089,False,False,True,1.48,1.0,0.895404,23,26022.0,86.0,bidmc-23-w085-0107,85
108,26089,26119.0,26130,True,0.18768,0.30499,True,26089,26089,26119.0,26119.0,26130,26130,False,False,True,1.464,0.5365853658536586,0.11730999999999997,23,26204.0,85.0,bidmc-23-w085-0108,85
109,26130,26359.0,26501,True,0.048876,1.0,True,26130,26130,26347.0,26371.0,26501,26501,False,False,True,1.92,0.7654986522911051,0.951124,23,26456.0,97.0,bidmc-23-w085-0109,85
110,26501,26747.0,26949,True,0.0,0.90127,True,26501,26501,26747.0,26747.0,26949,26950,False,False,True,3.104,0.9017857142857143,0.90127,23,26832.0,85.0,bidmc-23-w085-0110,85
111,26949,26991.0,26996,True,0.23363,0.34702,True,26949,26950,26991.0,26992.0,26996,26996,False,False,True,1.952,0.21276595744680848,0.11338999999999999,23,27077.0,86.0,bidmc-23-w085-0111,85
112,26996,27194.0,27347,True,0.18475,0.86315,True,26996,26996,27194.0,27195.0,27347,27347,False,False,True,1.624,0.8717948717948718,0.6784,23,27280.0,86.0,bidmc-23-w085-0112,85
113,27347,27355.0,27426,True,0.11535,0.30694,True,27347,27347,27354.0,27356.0,27426,27427,False,False,True,1.288,0.20253164556962022,0.19158999999999998,23,27441.0,86.0,bidmc-23-w085-0113,85
114,27426,27576.0,27798,True,0.17107,0.94428,True,27426,27427,27576.0,27577.0,27798,27798,False,False,True,1.768,0.8064516129032258,0.77321,23,27662.0,86.0,bidmc-23-w085-0114,85
115,27798,27819.0,27829,True,0.27273,0.31183,True,27798,27798,27819.0,27819.0,27829,27829,False,False,True,1.944,0.6451612903225806,0.039100000000000024,23,27904.0,85.0,bidmc-23-w085-0115,85
116,27829,28029.0,28169,True,0.0,0.68622,True,27829,27829,28029.0,28029.0,28169,28169,False,False,True,1.68,0.8235294117647058,0.68622,23,28114.0,85.0,bidmc-23-w085-0116,85
117,28169,28184.0,28195,True,0.27566,0.30401,True,28169,28169,28183.0,28185.0,28195,28195,False,False,True,1.24,0.8461538461538461,0.028349999999999986,23,28270.0,86.0,bidmc-23-w085-0117,85
118,28195,28436.0,28645,True,0.11339,1.0,True,28195,28195,28423.0,28449.0,28645,28645,False,False,True,2.016,0.9288888888888889,0.88661,23,28534.0,98.0,bidmc-23-w085-0118,85
119,28645,28674.0,28686,True,0.25806,0.33333,True,28645,28645,28674.0,28675.0,28686,28686,False,False,True,1.904,0.5853658536585367,0.07527,23,28760.0,86.0,bidmc-23-w085-0119,85
120,28686,28859.0,29027,True,0.16716,0.91496,True,28686,28686,28859.0,28859.0,29027,29027,False,False,True,1.48,0.9853372434017595,0.7478,23,28944.0,85.0,bidmc-23-w085-0120,85
121,29027,29033.0,29045,True,0.26002,0.27859,True,29027,29027,29033.0,29033.0,29045,29045,False,False,True,1.392,0.6666666666666667,0.01857000000000003,23,29118.0,85.0,bidmc-23-w085-0121,85
122,29045,29279.0,29428,True,0.11926,1.0,True,29045,29045,29269.0,29289.0,29428,29428,False,False,True,1.968,0.7780678851174935,0.88074,23,29374.0,95.0,bidmc-23-w085-0122,85
123,29428,29521.0,29529,True,0.078201,0.34604,True,29428,29428,29520.0,29522.0,29529,29529,False,False,True,1.936,0.15841584158415845,0.267839,23,29607.0,86.0,bidmc-23-w085-0123,85
124,29529,29659.0,29867,True,0.066471,0.88074,True,29529,29529,29659.0,29659.0,29867,29867,False,False,True,1.104,0.7692307692307692,0.8142689999999999,23,29744.0,85.0,bidmc-23-w085-0124,85
125,29867,30115.0,30336,True,0.088954,1.0,True,29867,29867,30097.0,30133.0,30336,30336,False,False,True,3.648,0.9424307036247335,0.911046,23,30218.0,103.0,bidmc-23-w085-0125,85
126,30336,30500.0,30702,True,0.0,1.0,True,30336,30336,30471.0,30529.0,30702,30702,False,False,True,3.08,0.8961748633879781,1.0,23,30614.0,114.0,bidmc-23-w085-0126,85
127,30702,30775.0,30860,True,0.0,0.22581,True,30702,30702,30775.0,30776.0,30860,30860,False,False,True,2.2,0.9240506329113924,0.22581,23,30861.0,86.0,bidmc-23-w085-0127,85
128,30860,30969.0,31070,True,0.0,0.35093,True,30860,30860,30969.0,30969.0,31070,31070,False,False,True,1.552,0.9619047619047619,0.35093,23,31054.0,85.0,bidmc-23-w085-0128,85
129,31070,31084.0,31093,True,0.14663,0.18768,True,31070,31070,31083.0,31085.0,31093,31093,False,False,True,0.92,0.782608695652174,0.04105,23,31170.0,86.0,bidmc-23-w085-0129,85
130,31093,31195.0,31203,True,0.029326,0.25122,True,31093,31093,31195.0,31195.0,31203,31203,False,False,True,0.888,0.1454545454545455,0.221894,23,31280.0,85.0,bidmc-23-w085-0130,85
131,31203,31331.0,31640,True,0.0,0.99413,True,31203,31203,31331.0,31331.0,31640,31640,False,False,True,1.088,0.585812356979405,0.99413,23,31416.0,85.0,bidmc-23-w085-0131,85
132,31640,31789.0,32016,True,0.11632,0.8739,True,31640,31640,31787.0,31792.0,32016,32016,False,False,True,3.664,0.7925531914893618,0.75758,23,31877.0,88.0,bidmc-23-w085-0132,85
133,32016,32020.0,32037,True,0.28837,0.31574,True,32016,32016,32019.0,32021.0,32037,32037,False,False,True,1.848,0.38095238095238093,0.027370000000000005,23,32106.0,86.0,bidmc-23-w085-0133,85
134,32037,32174.0,32380,True,0.14956,0.80059,True,32037,32037,32173.0,32175.0,32380,32380,False,False,True,1.232,0.7988338192419825,0.65103,23,32260.0,86.0,bidmc-23-w085-0134,85
135,32380,32396.0,32402,True,0.28641,0.3392,True,32380,32380,32395.0,32397.0,32402,32402,False,False,True,1.776,0.5454545454545454,0.052790000000000004,23,32482.0,86.0,bidmc-23-w085-0135,85
136,32402,32620.0,32752,True,0.16716,0.97947,True,32402,32402,32619.0,32622.0,32752,32752,False,False,True,1.792,0.7542857142857142,0.81231,23,32707.0,87.0,bidmc-23-w085-0136,85
137,32752,32875.0,33089,True,0.12903,0.86119,True,32752,32752,32875.0,32875.0,33089,33089,False,False,True,2.04,0.7299703264094956,0.73216,23,32960.0,85.0,bidmc-23-w085-0137,85
138,33089,33110.0,33121,True,0.23851,0.30499,True,33089,33089,33109.0,33111.0,33121,33121,False,False,True,1.88,0.6875,0.06647999999999998,23,33196.0,86.0,bidmc-23-w085-0138,85
139,33121,33292.0,33491,True,0.13881,0.74976,True,33121,33121,33291.0,33293.0,33491,33492,False,False,True,1.456,0.9243243243243243,0.61095,23,33378.0,86.0,bidmc-23-w085-0139,85
140,33491,33707.0,33921,True,0.11632,0.86119,True,33491,33492,33707.0,33707.0,33921,33921,False,False,True,3.32,0.9953488372093023,0.74487,23,33792.0,85.0,bidmc-23-w085-0140,85
141,33921,33939.0,33956,True,0.23949,0.31085,True,33921,33921,33939.0,33939.0,33956,33956,False,False,True,1.856,0.9714285714285714,0.07136,23,34024.0,85.0,bidmc-23-w085-0141,85
142,33956,34125.0,34290,True,0.13099,0.71163,True,33956,33956,34125.0,34125.0,34290,34290,False,False,True,1.488,0.9880239520958084,0.58064,23,34210.0,85.0,bidmc-23-w085-0142,85
143,34290,34298.0,34323,True,0.16716,0.32258,True,34290,34290,34297.0,34299.0,34323,34324,False,False,True,1.384,0.48484848484848486,0.15541999999999997,23,34384.0,86.0,bidmc-23-w085-0143,85
144,34323,34541.0,34758,True,0.12414,0.88661,True,34323,34324,34541.0,34541.0,34758,34758,False,False,True,1.944,0.9977011494252873,0.76247,23,34626.0,85.0,bidmc-23-w085-0144,85
145,34758,34778.0,34793,True,0.2737,0.34604,True,34758,34758,34777.0,34779.0,34793,34793,False,False,True,1.896,0.8571428571428572,0.07234000000000002,23,34864.0,86.0,bidmc-23-w085-0145,85
146,34793,34961.0,35131,True,0.17595,0.72923,True,34793,34793,34961.0,34961.0,35131,35131,False,False,True,1.464,0.9940828402366864,0.55328,23,35046.0,85.0,bidmc-23-w085-0146,85
147,35131,35136.0,35197,True,0.13587,0.3392,True,35131,35131,35135.0,35137.0,35172,35222,False,False,True,1.4,0.1515151515151515,0.20333,23,35222.0,86.0,bidmc-23-w085-0147,85
148,35197,35377.0,35596,True,0.098729,0.83675,True,35172,35222,35377.0,35378.0,35596,35596,False,False,True,1.928,0.9022556390977443,0.738021,23,35463.0,86.0,bidmc-23-w085-0148,85
149,35596,35625.0,35631,True,0.1955,0.29814,True,35596,35596,35624.0,35627.0,35631,35631,False,False,True,1.984,0.34285714285714286,0.10264000000000001,23,35712.0,87.0,bidmc-23-w085-0149,85
150,35631,35796.0,35972,True,0.13881,0.66569,True,35631,35631,35795.0,35797.0,35972,35972,False,False,True,1.368,0.967741935483871,0.52688,23,35882.0,86.0,bidmc-23-w085-0150,85
151,35972,35983.0,36006,True,0.18573,0.30499,True,35972,35972,35982.0,35985.0,36006,36006,False,False,True,1.496,0.6470588235294117,0.11925999999999998,23,36070.0,87.0,bidmc-23-w085-0151,85
152,36006,36217.0,36434,True,0.12903,0.83871,True,36006,36006,36217.0,36217.0,36434,36434,False,False,True,1.872,0.985981308411215,0.70968,23,36302.0,85.0,bidmc-23-w085-0152,85
153,36434,36460.0,36467,True,0.24145,0.35191,True,36434,36434,36459.0,36461.0,36467,36467,False,False,True,1.944,0.4242424242424242,0.11046,23,36546.0,86.0,bidmc-23-w085-0153,85
154,36467,36629.0,36805,True,0.17889,0.72141,True,36467,36467,36629.0,36630.0,36805,36805,False,False,True,1.352,0.9585798816568047,0.54252,23,36715.0,86.0,bidmc-23-w085-0154,85
155,36805,36812.0,36837,True,0.18475,0.33529,True,36805,36805,36811.0,36813.0,36837,36838,False,False,True,1.464,0.4375,0.15053999999999998,23,36898.0,86.0,bidmc-23-w085-0155,85
156,36837,37043.0,37225,True,0.15738,0.87097,True,36837,36838,37043.0,37043.0,37225,37225,False,False,True,1.848,0.9381443298969072,0.7135900000000001,23,37128.0,85.0,bidmc-23-w085-0156,85
157,37225,37409.0,37609,True,0.0,0.50929,True,37225,37225,37409.0,37409.0,37609,37609,False,False,True,2.928,0.9583333333333334,0.50929,23,37494.0,85.0,bidmc-23-w085-0157,85
158,37609,37637.0,37640,True,0.15934,0.26588,True,37609,37609,37637.0,37637.0,37640,37640,False,False,True,1.824,0.19354838709677424,0.10654,23,37722.0,85.0,bidmc-23-w085-0158,85
159,37640,37875.0,38087,True,0.043988,0.87977,True,37640,37640,37875.0,37875.0,38087,38087,False,False,True,1.904,0.9485458612975392,0.835782,23,37960.0,85.0,bidmc-23-w085-0159,85
160,38087,38108.0,38125,True,0.26588,0.3607,True,38087,38087,38107.0,38109.0,38125,38125,False,False,True,1.864,0.8947368421052632,0.09482000000000002,23,38194.0,86.0,bidmc-23-w085-0160,85
161,38125,38296.0,38457,True,0.17302,0.75464,True,38125,38125,38295.0,38297.0,38457,38457,False,False,True,1.504,0.9698795180722891,0.58162,23,38382.0,86.0,bidmc-23-w085-0161,85
162,38457,38460.0,38550,True,0.14761,0.37928,True,38457,38457,38459.0,38461.0,38550,38550,False,False,True,1.312,0.06451612903225812,0.23167000000000001,23,38546.0,86.0,bidmc-23-w085-0162,85
163,38550,38707.0,38918,True,0.17986,0.84555,True,38550,38550,38707.0,38707.0,38918,38918,False,False,True,1.976,0.8532608695652174,0.66569,23,38792.0,85.0,bidmc-23-w085-0163,85
164,38918,38939.0,38956,True,0.26393,0.348,True,38918,38918,38939.0,38939.0,38956,38957,False,False,True,1.856,0.8947368421052632,0.08406999999999998,23,39024.0,85.0,bidmc-23-w085-0164,85
165,38956,39130.0,39290,True,0.17693,0.73705,True,38956,38957,39129.0,39131.0,39290,39290,False,False,True,1.528,0.9580838323353293,0.56012,23,39216.0,86.0,bidmc-23-w085-0165,85
166,39290,39292.0,39383,True,0.17204,0.37732,True,39290,39290,39291.0,39293.0,39383,39383,False,False,True,1.296,0.043010752688172005,0.20528,23,39378.0,86.0,bidmc-23-w085-0166,85
167,39383,39537.0,39748,True,0.19844,0.84164,True,39383,39383,39537.0,39537.0,39748,39748,False,False,True,1.96,0.8438356164383561,0.6432,23,39622.0,85.0,bidmc-23-w085-0167,85
168,39748,39765.0,39786,True,0.21994,0.33822,True,39748,39748,39765.0,39765.0,39786,39786,False,False,True,1.824,0.8947368421052632,0.11828000000000002,23,39850.0,85.0,bidmc-23-w085-0168,85
169,39786,39969.0,40148,True,0.13881,0.70479,True,39786,39786,39969.0,39969.0,40148,40148,False,False,True,1.632,0.988950276243094,0.56598,23,40054.0,85.0,bidmc-23-w085-0169,85
170,40148,40367.0,40575,True,0.10753,0.78983,True,40148,40148,40367.0,40367.0,40575,40576,False,False,True,3.184,0.9742388758782201,0.6823,23,40452.0,85.0,bidmc-23-w085-0170,85
171,40575,40597.0,40617,True,0.2131,0.31672,True,40575,40576,40597.0,40597.0,40617,40617,False,False,True,1.84,0.9523809523809523,0.10361999999999999,23,40682.0,85.0,bidmc-23-w085-0171,85
172,40617,40822.0,40951,True,0.14076,0.71945,True,40617,40617,40821.0,40823.0,40951,40951,False,False,True,1.8,0.7724550898203593,0.57869,23,40908.0,86.0,bidmc-23-w085-0172,85
173,40951,40952.0,40985,True,0.14565,0.35484,True,40951,40951,40952.0,40953.0,40985,40986,False,False,True,1.04,0.05882352941176472,0.20919,23,41038.0,86.0,bidmc-23-w085-0173,85
174,40985,41200.0,41413,True,0.14174,0.82796,True,40985,40986,41199.0,41201.0,41413,41413,False,False,True,1.984,0.9953271028037384,0.68622,23,41286.0,86.0,bidmc-23-w085-0174,85
175,41413,41435.0,41446,True,0.28446,0.36168,True,41413,41413,41434.0,41436.0,41446,41446,False,False,True,1.88,0.6666666666666667,0.07722000000000001,23,41521.0,86.0,bidmc-23-w085-0175,85
176,41446,41609.0,41785,True,0.17595,0.69208,True,41446,41446,41609.0,41609.0,41785,41785,False,False,True,1.392,0.9616519174041298,0.51613,23,41694.0,85.0,bidmc-23-w085-0176,85
177,41785,41795.0,41821,True,0.17204,0.32942,True,41785,41785,41795.0,41795.0,41821,41821,False,False,True,1.488,0.5555555555555556,0.15738,23,41880.0,85.0,bidmc-23-w085-0177,85
178,41821,42028.0,42245,True,0.13881,0.83871,True,41821,41821,42027.0,42029.0,42245,42245,False,False,True,1.864,0.9764150943396226,0.6999,23,42114.0,86.0,bidmc-23-w085-0178,85
179,42245,42270.0,42280,True,0.23558,0.32747,True,42245,42245,42269.0,42271.0,42280,42280,False,False,True,1.936,0.5714285714285714,0.09188999999999997,23,42356.0,86.0,bidmc-23-w085-0179,85
180,42280,42442.0,42611,True,0.15249,0.65787,True,42280,42280,42441.0,42444.0,42611,42611,False,False,True,1.376,0.9788519637462235,0.5053799999999999,23,42529.0,87.0,bidmc-23-w085-0180,85
181,42611,42621.0,42642,True,0.19844,0.30694,True,42611,42611,42621.0,42621.0,42642,42642,False,False,True,1.432,0.6451612903225806,0.10849999999999999,23,42706.0,85.0,bidmc-23-w085-0181,85
182,42642,42859.0,43075,True,0.13001,0.83578,True,42642,42642,42859.0,42859.0,43075,43075,False,False,True,1.904,0.9976905311778291,0.70577,23,42944.0,85.0,bidmc-23-w085-0182,85
183,43075,43102.0,43112,True,0.21994,0.33431,True,43075,43075,43102.0,43103.0,43112,43112,False,False,True,1.944,0.5405405405405406,0.11437,23,43188.0,86.0,bidmc-23-w085-0183,85
184,43112,43277.0,43449,True,0.15836,0.70186,True,43112,43112,43277.0,43278.0,43449,43449,False,False,True,1.4,0.9792284866468842,0.5435000000000001,23,43363.0,86.0,bidmc-23-w085-0184,85
185,43449,43466.0,43496,True,0.17986,0.36266,True,43449,43449,43465.0,43467.0,43496,43496,False,False,True,1.512,0.7234042553191489,0.1828,23,43552.0,86.0,bidmc-23-w085-0185,85
186,43496,43698.0,43922,True,0.15445,0.84946,True,43496,43496,43697.0,43699.0,43922,43922,False,False,True,1.856,0.9483568075117371,0.69501,23,43784.0,86.0,bidmc-23-w085-0186,85
187,43922,43947.0,43951,True,0.24731,0.33627,True,43922,43922,43947.0,43947.0,43951,43951,False,False,True,1.992,0.27586206896551724,0.08896000000000001,23,44032.0,85.0,bidmc-23-w085-0187,85
188,43951,44076.0,44289,True,0.174,0.6608,True,43951,43951,44075.0,44077.0,44289,44289,False,False,True,1.032,0.7396449704142012,0.48680000000000007,23,44162.0,86.0,bidmc-23-w085-0188,85
189,44289,44299.0,44319,True,0.19844,0.30499,True,44289,44289,44299.0,44299.0,44319,44319,False,False,True,1.784,0.6666666666666667,0.10654999999999998,23,44384.0,85.0,bidmc-23-w085-0189,85
190,44319,44532.0,44748,True,0.12414,0.81427,True,44319,44319,44531.0,44533.0,44748,44748,False,False,True,1.864,0.993006993006993,0.69013,23,44618.0,86.0,bidmc-23-w085-0190,85
191,44748,44776.0,44783,True,0.21701,0.32649,True,44748,44748,44775.0,44777.0,44783,44783,False,False,True,1.952,0.4,0.10948,23,44862.0,86.0,bidmc-23-w085-0191,85
192,44783,44939.0,45067,True,0.0,0.91691,True,44783,44783,44939.0,44940.0,45067,45067,False,False,True,1.304,0.9014084507042254,0.91691,23,45025.0,86.0,bidmc-23-w085-0192,85
193,45067,45361.0,45592,True,0.0,1.0,True,45067,45067,45333.0,45389.0,45592,45592,False,False,True,3.376,0.88,1.0,23,45474.0,113.0,bidmc-23-w085-0193,85
194,45592,45609.0,45621,True,0.38025,0.43695,True,45592,45592,45609.0,45610.0,45621,45621,False,False,True,1.984,0.8275862068965517,0.05670000000000003,23,45695.0,86.0,bidmc-23-w085-0194,85
195,45621,45779.0,45956,True,0.22678,0.76833,True,45621,45621,45778.0,45780.0,45956,45956,False,False,True,1.36,0.9432835820895522,0.54155,23,45865.0,86.0,bidmc-23-w085-0195,85
196,45956,45960.0,45989,True,0.17986,0.34311,True,45956,45956,45960.0,45961.0,45989,45990,False,False,True,1.448,0.24242424242424243,0.16325000000000003,23,46046.0,86.0,bidmc-23-w085-0196,85
197,45989,46196.0,46413,True,0.15543,0.89345,True,45989,45990,46196.0,46197.0,46413,46413,False,False,True,1.888,0.9764150943396226,0.7380199999999999,23,46282.0,86.0,bidmc-23-w085-0197,85
198,46413,46435.0,46445,True,0.24927,0.33236,True,46413,46413,46435.0,46436.0,46445,46445,False,False,True,1.912,0.625,0.08309,23,46521.0,86.0,bidmc-23-w085-0198,85
199,46445,46611.0,46808,True,0.15934,0.7263,True,46445,46445,46611.0,46611.0,46808,46808,False,False,True,1.408,0.9146005509641874,0.5669599999999999,23,46696.0,85.0,bidmc-23-w085-0199,85
200,46808,47025.0,47236,True,0.12708,0.85337,True,46808,46808,47025.0,47025.0,47236,47236,False,False,True,3.312,0.985981308411215,0.72629,23,47110.0,85.0,bidmc-23-w085-0200,85
201,47236,47257.0,47273,True,0.23949,0.31085,True,47236,47236,47257.0,47257.0,47273,47273,False,False,True,1.856,0.8648648648648649,0.07136,23,47342.0,85.0,bidmc-23-w085-0201,85
202,47273,47443.0,47608,True,0.1349,0.7087,True,47273,47273,47443.0,47444.0,47608,47608,False,False,True,1.488,0.9850746268656716,0.5738,23,47529.0,86.0,bidmc-23-w085-0202,85
203,47608,47615.0,47634,True,0.19159,0.3001,True,47608,47608,47615.0,47615.0,47634,47634,False,False,True,1.376,0.5384615384615384,0.10850999999999997,23,47700.0,85.0,bidmc-23-w085-0203,85
204,47634,47855.0,48070,True,0.12023,0.88759,True,47634,47634,47855.0,47855.0,48070,48070,False,False,True,1.92,0.9862385321100917,0.76736,23,47940.0,85.0,bidmc-23-w085-0204,85
205,48070,48090.0,48109,True,0.26979,0.36266,True,48070,48070,48089.0,48091.0,48109,48109,False,False,True,1.88,0.9743589743589743,0.09287000000000001,23,48176.0,86.0,bidmc-23-w085-0205,85
206,48109,48278.0,48444,True,0.18573,0.7654,True,48109,48109,48277.0,48279.0,48444,48444,False,False,True,1.504,0.991044776119403,0.5796699999999999,23,48364.0,86.0,bidmc-23-w085-0206,85
207,48444,48447.0,48480,True,0.15054,0.34311,True,48444,48444,48447.0,48447.0,48480,48480,False,False,True,1.352,0.16666666666666663,0.19257000000000002,23,48532.0,85.0,bidmc-23-w085-0207,85
208,48480,48693.0,48907,True,0.13587,0.8739,True,48480,48480,48693.0,48693.0,48907,48907,False,False,True,1.968,0.9976580796252927,0.73803,23,48778.0,85.0,bidmc-23-w085-0208,85
209,48907,48931.0,48943,True,0.22483,0.3089,True,48907,48907,48930.0,48933.0,48943,48943,False,False,True,1.904,0.6666666666666667,0.08407,23,49018.0,87.0,bidmc-23-w085-0209,85
210,48943,49164.0,49270,True,0.14272,0.75073,True,48943,48943,49163.0,49165.0,49270,49270,False,False,True,1.864,0.6483180428134556,0.6080099999999999,23,49250.0,86.0,bidmc-23-w085-0210,85
211,49270,49283.0,49389,True,0.40371,0.6393,True,49270,49270,49283.0,49283.0,49389,49389,False,False,True,0.952,0.2184873949579832,0.23558999999999997,23,49368.0,85.0,bidmc-23-w085-0211,85
212,49389,49519.0,49658,True,0.16716,0.83773,True,49389,49389,49519.0,49519.0,49658,49658,False,False,True,1.888,0.966542750929368,0.67057,23,49604.0,85.0,bidmc-23-w085-0212,85
213,49658,49751.0,49771,True,0.12414,0.37243,True,49658,49658,49750.0,49753.0,49771,49772,False,False,True,1.856,0.35398230088495575,0.24828999999999998,23,49838.0,87.0,bidmc-23-w085-0213,85
214,49771,49946.0,50103,True,0.096774,0.62561,True,49771,49772,49945.0,49947.0,50103,50103,False,False,True,1.56,0.9457831325301205,0.528836,23,50032.0,86.0,bidmc-23-w085-0214,85
215,50103,50110.0,50124,True,0.13294,0.19355,True,50103,50103,50109.0,50111.0,50124,50124,False,False,True,1.312,0.6666666666666667,0.06061,23,50196.0,86.0,bidmc-23-w085-0215,85
216,50124,50355.0,50568,True,0.0048876,0.86901,True,50124,50124,50355.0,50356.0,50568,50568,False,False,True,1.96,0.9594594594594594,0.8641224,23,50441.0,86.0,bidmc-23-w085-0216,85
217,50568,50587.0,50605,True,0.2346,0.31281,True,50568,50568,50587.0,50587.0,50605,50605,False,False,True,1.856,0.972972972972973,0.07820999999999997,23,50672.0,85.0,bidmc-23-w085-0217,85
218,50605,50779.0,50968,True,0.14467,0.72336,True,50605,50605,50779.0,50779.0,50968,50968,False,False,True,1.536,0.9586776859504132,0.57869,23,50864.0,85.0,bidmc-23-w085-0218,85
219,50968,51185.0,51397,True,0.11144,0.82405,True,50968,50968,51185.0,51185.0,51397,51397,False,False,True,3.248,0.9883449883449883,0.71261,23,51270.0,85.0,bidmc-23-w085-0219,85
220,51397,51421.0,51438,True,0.24242,0.32063,True,51397,51397,51420.0,51422.0,51438,51438,False,False,True,1.888,0.8292682926829268,0.07821000000000003,23,51507.0,86.0,bidmc-23-w085-0220,85
221,51438,51611.0,51802,True,0.13783,0.70381,True,51438,51438,51610.0,51613.0,51802,51803,False,False,True,1.52,0.9505494505494505,0.56598,23,51698.0,87.0,bidmc-23-w085-0221,85
222,51802,52020.0,52234,True,0.10753,0.8348,True,51802,51803,52019.0,52021.0,52234,52234,False,False,True,3.272,0.9907407407407407,0.72727,23,52106.0,86.0,bidmc-23-w085-0222,85
223,52234,52255.0,52273,True,0.24829,0.33627,True,52234,52234,52255.0,52255.0,52273,52273,False,False,True,1.88,0.9230769230769231,0.08798,23,52340.0,85.0,bidmc-23-w085-0223,85
224,52273,52446.0,52642,True,0.15543,0.739,True,52273,52273,52446.0,52447.0,52642,52642,False,False,True,1.528,0.9376693766937669,0.5835699999999999,23,52532.0,86.0,bidmc-23-w085-0224,85
225,52642,52856.0,53069,True,0.1437,0.85239,True,52642,52642,52855.0,52857.0,53069,53069,False,False,True,3.28,0.9976580796252927,0.70869,23,52942.0,86.0,bidmc-23-w085-0225,85
226,53069,53088.0,53106,True,0.24242,0.32649,True,53069,53069,53087.0,53089.0,53106,53106,False,False,True,1.856,0.972972972972973,0.08407,23,53174.0,86.0,bidmc-23-w085-0226,85
227,53106,53280.0,53460,True,0.16227,0.7175,True,53106,53106,53279.0,53281.0,53460,53461,False,False,True,1.536,0.9830508474576272,0.55523,23,53366.0,86.0,bidmc-23-w085-0227,85
228,53460,53679.0,53887,True,0.12219,0.75953,True,53460,53461,53679.0,53679.0,53887,53888,False,False,True,3.192,0.9742388758782201,0.63734,23,53764.0,85.0,bidmc-23-w085-0228,85
229,53887,53907.0,53925,True,0.20039,0.30108,True,53887,53888,53907.0,53907.0,53925,53925,False,False,True,1.824,0.9473684210526316,0.10069,23,53992.0,85.0,bidmc-23-w085-0229,85
230,53925,54126.0,54288,True,0.12708,0.74389,True,53925,53925,54124.0,54129.0,54288,54289,False,False,True,1.752,0.8925619834710744,0.6168100000000001,23,54214.0,88.0,bidmc-23-w085-0230,85
231,54288,54511.0,54722,True,0.12121,0.79081,True,54288,54289,54509.0,54513.0,54722,54722,False,False,True,3.08,0.9723502304147466,0.6696,23,54598.0,87.0,bidmc-23-w085-0231,85
232,54722,54737.0,54759,True,0.20821,0.33529,True,54722,54722,54737.0,54737.0,54759,54760,False,False,True,1.808,0.8108108108108107,0.12707999999999997,23,54822.0,85.0,bidmc-23-w085-0232,85
233,54759,54956.0,55133,True,0.14076,0.77908,True,54759,54760,54955.0,54958.0,55133,55133,False,False,True,1.752,0.946524064171123,0.63832,23,55043.0,87.0,bidmc-23-w085-0233,85
234,55133,55349.0,55558,True,0.13392,0.80059,True,55133,55133,55349.0,55349.0,55558,55558,False,False,True,3.144,0.9835294117647059,0.66667,23,55434.0,85.0,bidmc-23-w085-0234,85
235,55558,55577.0,55600,True,0.19648,0.32747,True,55558,55558,55577.0,55577.0,55600,55600,False,False,True,1.824,0.9047619047619048,0.13099,23,55662.0,85.0,bidmc-23-w085-0235,85
236,55600,55791.0,55954,True,0.14663,0.72923,True,55600,55600,55789.0,55794.0,55954,55954,False,False,True,1.712,0.9209039548022598,0.5826,23,55879.0,88.0,bidmc-23-w085-0236,85
237,55954,56185.0,56388,True,0.099707,0.91984,True,55954,55954,56184.0,56186.0,56388,56388,False,False,True,3.152,0.935483870967742,0.820133,23,56271.0,86.0,bidmc-23-w085-0237,85
238,56388,56415.0,56437,True,0.20332,0.3216,True,56388,56388,56415.0,56416.0,56437,56437,False,False,True,1.84,0.8979591836734694,0.11828,23,56501.0,86.0,bidmc-23-w085-0238,85
239,56437,56618.0,56790,True,0.13978,0.81232,True,56437,56437,56617.0,56619.0,56790,56790,False,False,True,1.624,0.9745042492917847,0.67254,23,56704.0,86.0,bidmc-23-w085-0239,85
240,56790,57015.0,57224,True,0.1261,0.89247,True,56790,56790,57015.0,57015.0,57224,57224,False,False,True,3.176,0.9631336405529954,0.76637,23,57100.0,85.0,bidmc-23-w085-0240,85
241,57224,57243.0,57265,True,0.21701,0.34213,True,57224,57224,57242.0,57244.0,57265,57265,False,False,True,1.824,0.926829268292683,0.12511999999999998,23,57329.0,86.0,bidmc-23-w085-0241,85
242,57265,57452.0,57692,True,0.13099,0.79961,True,57265,57265,57451.0,57453.0,57692,57692,False,False,True,1.672,0.8758782201405152,0.66862,23,57538.0,86.0,bidmc-23-w085-0242,85
243,57692,57856.0,58068,True,0.16422,0.85337,True,57692,57692,57856.0,57857.0,58068,58068,False,False,True,3.232,0.8723404255319149,0.6891499999999999,23,57942.0,86.0,bidmc-23-w085-0243,85
244,58068,58090.0,58107,True,0.2346,0.32063,True,58068,58068,58089.0,58091.0,58107,58107,False,False,True,1.872,0.8717948717948718,0.08603000000000002,23,58176.0,86.0,bidmc-23-w085-0244,85
245,58107,58282.0,58441,True,0.14761,0.7087,True,58107,58107,58281.0,58283.0,58441,58441,False,False,True,1.536,0.9520958083832335,0.56109,23,58368.0,86.0,bidmc-23-w085-0245,85
246,58441,58446.0,58470,True,0.1437,0.29619,True,58441,58441,58445.0,58447.0,58470,58470,False,False,True,1.312,0.3448275862068966,0.15249000000000001,23,58532.0,86.0,bidmc-23-w085-0246,85
247,58470,58691.0,58900,True,0.099707,0.86217,True,58470,58470,58691.0,58691.0,58900,58900,False,False,True,1.96,0.9720930232558139,0.762463,23,58776.0,85.0,bidmc-23-w085-0247,85
248,58900,58929.0,58946,True,0.23754,0.35777,True,58900,58900,58929.0,58929.0,58946,58946,False,False,True,1.904,0.7391304347826086,0.12022999999999998,23,59014.0,85.0,bidmc-23-w085-0248,85
249,58946,59115.0,59281,True,0.17595,0.75367,True,58946,58946,59115.0,59115.0,59281,59281,False,False,True,1.488,0.991044776119403,0.57772,23,59200.0,85.0,bidmc-23-w085-0249,85
250,59281,59287.0,59311,True,0.17889,0.33529,True,59281,59281,59287.0,59287.0,59311,59311,False,False,True,1.376,0.4,0.15639999999999998,23,59372.0,85.0,bidmc-23-w085-0250,85
251,59311,59527.0,59746,True,0.1349,0.88661,True,59311,59311,59527.0,59527.0,59746,59746,False,False,True,1.92,0.993103448275862,0.75171,23,59612.0,85.0,bidmc-23-w085-0251,85
252,59746,59768.0,59781,True,0.26002,0.33236,True,59746,59746,59767.0,59769.0,59781,59781,False,False,True,1.928,0.7428571428571429,0.07234000000000002,23,59854.0,86.0,bidmc-23-w085-0252,85
1,259,407.0,560,True,0.10362,1.0,True,259,259,389.0,425.0,560,560,False,False,True,,0.9833887043189369,0.89638,24,510.0,103.0,bidmc-24-w085-0001,85
2,560,711.0,874,True,0.075269,1.0,True,560,560,691.0,731.0,874,874,False,False,True,2.432,0.9617834394904459,0.924731,24,816.0,105.0,bidmc-24-w085-0002,85
3,874,1023.0,1180,True,0.11339,1.0,True,874,874,1003.0,1043.0,1180,1180,False,False,True,2.496,0.9738562091503268,0.88661,24,1128.0,105.0,bidmc-24-w085-0003,85
4,1180,1334.0,1496,True,0.061584,1.0,True,1180,1180,1315.0,1353.0,1496,1497,False,False,True,2.488,0.9746835443037974,0.938416,24,1438.0,104.0,bidmc-24-w085-0004,85
5,1496,1648.0,1825,True,0.096774,1.0,True,1496,1497,1627.0,1669.0,1825,1825,False,False,True,2.512,0.9240121580547113,0.903226,24,1754.0,106.0,bidmc-24-w085-0005,85
6,1825,1974.0,2151,True,0.10557,1.0,True,1825,1825,1951.0,1997.0,2151,2151,False,False,True,2.608,0.9141104294478528,0.8944300000000001,24,2082.0,108.0,bidmc-24-w085-0006,85
7,2151,2300.0,2472,True,0.090909,1.0,True,2151,2151,2279.0,2321.0,2472,2472,False,False,True,2.608,0.9283489096573209,0.909091,24,2406.0,106.0,bidmc-24-w085-0007,85
8,2472,2621.0,2799,True,0.10459,1.0,True,2472,2472,2597.0,2645.0,2799,2799,False,False,True,2.568,0.9113149847094801,0.89541,24,2730.0,109.0,bidmc-24-w085-0008,85
9,2799,2955.0,3122,True,0.12121,1.0,True,2799,2799,2933.0,2977.0,3122,3122,False,False,True,2.672,0.9659442724458205,0.87879,24,3062.0,107.0,bidmc-24-w085-0009,85
10,3122,3277.0,3458,True,0.11339,1.0,True,3122,3122,3257.0,3297.0,3458,3458,False,False,True,2.576,0.9226190476190477,0.88661,24,3382.0,105.0,bidmc-24-w085-0010,85
11,3458,3615.0,3792,True,0.091887,1.0,True,3458,3458,3591.0,3639.0,3792,3792,False,False,True,2.704,0.9401197604790419,0.908113,24,3724.0,109.0,bidmc-24-w085-0011,85
12,3792,3952.0,4124,True,0.11437,1.0,True,3792,3792,3932.0,3973.0,4124,4124,False,False,True,2.696,0.963855421686747,0.88563,24,4058.0,106.0,bidmc-24-w085-0012,85
13,4124,4287.0,4453,True,0.11828,1.0,True,4124,4124,4267.0,4307.0,4453,4453,False,False,True,2.68,0.9908814589665653,0.8817200000000001,24,4392.0,105.0,bidmc-24-w085-0013,85
14,4453,4607.0,4783,True,0.095797,1.0,True,4453,4453,4587.0,4627.0,4783,4783,False,False,True,2.56,0.9333333333333333,0.904203,24,4712.0,105.0,bidmc-24-w085-0014,85
15,4783,4934.0,5114,True,0.10655,1.0,True,4783,4783,4911.0,4957.0,5114,5114,False,False,True,2.616,0.9123867069486404,0.89345,24,5042.0,108.0,bidmc-24-w085-0015,85
16,5114,5274.0,5460,True,0.12805,1.0,True,5114,5114,5257.0,5291.0,5460,5460,False,False,True,2.72,0.9248554913294798,0.87195,24,5376.0,102.0,bidmc-24-w085-0016,85
17,5460,5619.0,5793,True,0.10264,1.0,True,5460,5460,5599.0,5639.0,5793,5793,False,False,True,2.76,0.954954954954955,0.89736,24,5724.0,105.0,bidmc-24-w085-0017,85
18,5793,5947.0,6117,True,0.10264,1.0,True,5793,5793,5927.0,5967.0,6117,6117,False,False,True,2.624,0.9506172839506173,0.89736,24,6052.0,105.0,bidmc-24-w085-0018,85
19,6117,6275.0,6453,True,0.1085,1.0,True,6117,6117,6255.0,6295.0,6453,6453,False,False,True,2.624,0.9404761904761905,0.8915,24,6380.0,105.0,bidmc-24-w085-0019,85
20,6453,6606.0,6792,True,0.11535,1.0,True,6453,6453,6587.0,6625.0,6792,6792,False,False,True,2.648,0.9026548672566371,0.88465,24,6710.0,104.0,bidmc-24-w085-0020,85
21,6792,6960.0,7146,True,0.10166,1.0,True,6792,6792,6941.0,6979.0,7146,7146,False,False,True,2.832,0.9491525423728814,0.89834,24,7064.0,104.0,bidmc-24-w085-0021,85
22,7146,7295.0,7470,True,0.11632,1.0,True,7146,7146,7271.0,7319.0,7470,7470,False,False,True,2.68,0.9197530864197531,0.88368,24,7404.0,109.0,bidmc-24-w085-0022,85
23,7470,7626.0,7807,True,0.11339,1.0,True,7470,7470,7605.0,7647.0,7807,7807,False,False,True,2.648,0.9258160237388724,0.88661,24,7732.0,106.0,bidmc-24-w085-0023,85
24,7807,7953.0,8136,True,0.11437,1.0,True,7807,7807,7931.0,7975.0,8136,8136,False,False,True,2.616,0.8875379939209727,0.88563,24,8060.0,107.0,bidmc-24-w085-0024,85
25,8136,8291.0,8466,True,0.11437,1.0,True,8136,8136,8267.0,8315.0,8466,8466,False,False,True,2.704,0.9393939393939394,0.88563,24,8400.0,109.0,bidmc-24-w085-0025,85
26,8466,8621.0,8786,True,0.1173,1.0,True,8466,8466,8606.0,8637.0,8786,8786,False,False,True,2.64,0.96875,0.8827,24,8722.0,101.0,bidmc-24-w085-0026,85
27,8786,8944.0,9120,True,0.098729,1.0,True,8786,8786,8929.0,8959.0,9120,9121,False,False,True,2.584,0.9461077844311377,0.901271,24,9044.0,100.0,bidmc-24-w085-0027,85
28,9120,9274.0,9459,True,0.11632,1.0,True,9120,9121,9249.0,9299.0,9459,9459,False,False,True,2.64,0.9085545722713865,0.88368,24,9384.0,110.0,bidmc-24-w085-0028,85
29,9459,9627.0,9794,True,0.10264,1.0,True,9459,9459,9607.0,9647.0,9794,9794,False,False,True,2.824,0.9970149253731343,0.89736,24,9732.0,105.0,bidmc-24-w085-0029,85
30,9794,9954.0,10130,True,0.098729,1.0,True,9794,9794,9935.0,9973.0,10130,10130,False,False,True,2.616,0.9523809523809523,0.901271,24,10058.0,104.0,bidmc-24-w085-0030,85
31,10130,10288.0,10458,True,0.11632,1.0,True,10130,10130,10269.0,10307.0,10458,10458,False,False,True,2.672,0.9634146341463414,0.88368,24,10392.0,104.0,bidmc-24-w085-0031,85
32,10458,10604.0,10792,True,0.092864,1.0,True,10458,10458,10579.0,10629.0,10792,10793,False,False,True,2.528,0.874251497005988,0.9071359999999999,24,10714.0,110.0,bidmc-24-w085-0032,85
33,10792,10943.0,11125,True,0.10557,1.0,True,10792,10793,10917.0,10969.0,11125,11125,False,False,True,2.712,0.9069069069069069,0.8944300000000001,24,11054.0,111.0,bidmc-24-w085-0033,85
34,11125,11274.0,11453,True,0.095797,1.0,True,11125,11125,11247.0,11301.0,11453,11453,False,False,True,2.648,0.9085365853658537,0.904203,24,11386.0,112.0,bidmc-24-w085-0034,85
35,11453,11610.0,11785,True,0.10948,1.0,True,11453,11453,11591.0,11629.0,11785,11785,False,False,True,2.688,0.9457831325301205,0.89052,24,11714.0,104.0,bidmc-24-w085-0035,85
36,11785,11938.0,12114,True,0.097752,1.0,True,11785,11785,11913.0,11963.0,12114,12114,False,False,True,2.624,0.9300911854103343,0.9022479999999999,24,12048.0,110.0,bidmc-24-w085-0036,85
37,12114,12267.0,12432,True,0.11632,1.0,True,12114,12114,12249.0,12285.0,12432,12432,False,False,True,2.632,0.9622641509433962,0.88368,24,12370.0,103.0,bidmc-24-w085-0037,85
38,12432,12593.0,12758,True,0.10948,1.0,True,12432,12432,12573.0,12613.0,12758,12758,False,False,True,2.608,0.9877300613496932,0.89052,24,12698.0,105.0,bidmc-24-w085-0038,85
39,12758,12913.0,13089,True,0.10655,1.0,True,12758,12758,12895.0,12931.0,13089,13089,False,False,True,2.56,0.9365558912386707,0.89345,24,13016.0,103.0,bidmc-24-w085-0039,85
40,13089,13236.0,13415,True,0.10068,1.0,True,13089,13089,13211.0,13261.0,13415,13415,False,False,True,2.584,0.901840490797546,0.89932,24,13346.0,110.0,bidmc-24-w085-0040,85
41,13415,13578.0,13756,True,0.12414,1.0,True,13415,13415,13559.0,13597.0,13756,13756,False,False,True,2.736,0.9560117302052786,0.87586,24,13682.0,104.0,bidmc-24-w085-0041,85
42,13756,13904.0,14089,True,0.11241,1.0,True,13756,13756,13883.0,13925.0,14089,14089,False,False,True,2.608,0.8888888888888888,0.88759,24,14010.0,106.0,bidmc-24-w085-0042,85
43,14089,14237.0,14414,True,0.13783,1.0,True,14089,14089,14215.0,14259.0,14414,14414,False,False,True,2.664,0.9107692307692308,0.86217,24,14344.0,107.0,bidmc-24-w085-0043,85
44,14414,14563.0,14743,True,0.090909,1.0,True,14414,14414,14539.0,14587.0,14743,14743,False,False,True,2.608,0.9057750759878419,0.909091,24,14672.0,109.0,bidmc-24-w085-0044,85
45,14743,14905.0,15091,True,0.10655,1.0,True,14743,14743,14885.0,14925.0,15091,15091,False,False,True,2.736,0.9310344827586207,0.89345,24,15010.0,105.0,bidmc-24-w085-0045,85
46,15091,15256.0,15430,True,0.11144,1.0,True,15091,15091,15233.0,15279.0,15430,15430,False,False,True,2.808,0.9734513274336283,0.88856,24,15364.0,108.0,bidmc-24-w085-0046,85
47,15430,15584.0,15766,True,0.093842,1.0,True,15430,15430,15563.0,15605.0,15766,15766,False,False,True,2.624,0.9166666666666666,0.906158,24,15690.0,106.0,bidmc-24-w085-0047,85
48,15766,15928.0,16095,True,0.068426,1.0,True,15766,15766,15907.0,15949.0,16095,16095,False,False,True,2.752,0.9848024316109423,0.931574,24,16034.0,106.0,bidmc-24-w085-0048,85
49,16095,16257.0,16435,True,0.070381,1.0,True,16095,16095,16237.0,16277.0,16435,16435,False,False,True,2.632,0.9529411764705882,0.929619,24,16362.0,105.0,bidmc-24-w085-0049,85
50,16435,16587.0,16761,True,0.13783,1.0,True,16435,16435,16567.0,16607.0,16761,16761,False,False,True,2.64,0.9325153374233128,0.86217,24,16692.0,105.0,bidmc-24-w085-0050,85
51,16761,16918.0,17098,True,0.10753,1.0,True,16761,16761,16899.0,16937.0,17098,17098,False,False,True,2.648,0.9317507418397626,0.89247,24,17022.0,104.0,bidmc-24-w085-0051,85
52,17098,17265.0,17439,True,0.11339,1.0,True,17098,17098,17245.0,17285.0,17439,17439,False,False,True,2.776,0.9794721407624634,0.88661,24,17370.0,105.0,bidmc-24-w085-0052,85
53,17439,17591.0,17762,True,0.12708,1.0,True,17439,17439,17571.0,17611.0,17762,17762,False,False,True,2.608,0.9411764705882353,0.87292,24,17696.0,105.0,bidmc-24-w085-0053,85
54,17762,17908.0,18088,True,0.12805,1.0,True,17762,17762,17889.0,17927.0,18088,18088,False,False,True,2.536,0.8957055214723927,0.87195,24,18012.0,104.0,bidmc-24-w085-0054,85
55,18088,18251.0,18429,True,0.10655,1.0,True,18088,18088,18227.0,18275.0,18429,18429,False,False,True,2.744,0.9560117302052786,0.89345,24,18360.0,109.0,bidmc-24-w085-0055,85
56,18429,18582.0,18744,True,0.11437,1.0,True,18429,18429,18559.0,18605.0,18744,18744,False,False,True,2.648,0.9714285714285714,0.88563,24,18690.0,108.0,bidmc-24-w085-0056,85
57,18744,18901.0,19075,True,0.12023,1.0,True,18744,18744,18879.0,18923.0,19075,19075,False,False,True,2.552,0.9486404833836858,0.8797699999999999,24,19008.0,107.0,bidmc-24-w085-0057,85
58,19075,19225.0,19409,True,0.099707,1.0,True,19075,19075,19199.0,19251.0,19409,19409,False,False,True,2.592,0.8982035928143712,0.900293,24,19336.0,111.0,bidmc-24-w085-0058,85
59,19409,19560.0,19735,True,0.10264,1.0,True,19409,19409,19539.0,19581.0,19735,19735,False,False,True,2.68,0.9263803680981595,0.89736,24,19666.0,106.0,bidmc-24-w085-0059,85
60,19735,19899.0,20077,True,0.11926,1.0,True,19735,19735,19877.0,19921.0,20077,20077,False,False,True,2.712,0.9590643274853801,0.88074,24,20006.0,107.0,bidmc-24-w085-0060,85
61,20077,20223.0,20389,True,0.096774,1.0,True,20077,20077,20201.0,20245.0,20389,20389,False,False,True,2.592,0.9358974358974359,0.903226,24,20330.0,107.0,bidmc-24-w085-0061,85
62,20389,20544.0,20714,True,0.13099,1.0,True,20389,20389,20525.0,20563.0,20714,20714,False,False,True,2.568,0.9538461538461538,0.8690100000000001,24,20648.0,104.0,bidmc-24-w085-0062,85
63,20714,20865.0,21056,True,0.096774,1.0,True,20714,20714,20839.0,20891.0,21056,21056,False,False,True,2.568,0.8830409356725146,0.903226,24,20976.0,111.0,bidmc-24-w085-0063,85
64,21056,21217.0,21387,True,0.12023,1.0,True,21056,21056,21195.0,21239.0,21387,21387,False,False,True,2.816,0.972809667673716,0.8797699999999999,24,21324.0,107.0,bidmc-24-w085-0064,85
65,21387,21532.0,21711,True,0.085044,1.0,True,21387,21387,21511.0,21553.0,21711,21711,False,False,True,2.52,0.8950617283950617,0.914956,24,21638.0,106.0,bidmc-24-w085-0065,85
66,21711,21868.0,22035,True,0.083089,1.0,True,21711,21711,21847.0,21889.0,22035,22036,False,False,True,2.688,0.9691358024691358,0.916911,24,21974.0,106.0,bidmc-24-w085-0066,85
67,22035,22192.0,22366,True,0.11339,1.0,True,22035,22036,22173.0,22211.0,22366,22366,False,False,True,2.592,0.9486404833836858,0.88661,24,22296.0,104.0,bidmc-24-w085-0067,85
68,22366,22522.0,22685,True,0.094819,1.0,True,22366,22366,22501.0,22543.0,22685,22685,False,False,True,2.64,0.9780564263322884,0.905181,24,22628.0,106.0,bidmc-24-w085-0068,85
69,22685,22840.0,23009,True,0.10459,1.0,True,22685,22685,22821.0,22859.0,23009,23009,False,False,True,2.544,0.9567901234567902,0.89541,24,22944.0,104.0,bidmc-24-w085-0069,85
70,23009,23167.0,23335,True,0.092864,1.0,True,23009,23009,23149.0,23185.0,23335,23335,False,False,True,2.616,0.9693251533742331,0.9071359999999999,24,23270.0,103.0,bidmc-24-w085-0070,85
71,23335,23493.0,23669,True,0.084066,1.0,True,23335,23335,23475.0,23511.0,23669,23669,False,False,True,2.608,0.9461077844311377,0.915934,24,23596.0,103.0,bidmc-24-w085-0071,85
72,23669,23824.0,24013,True,0.10459,1.0,True,23669,23669,23803.0,23845.0,24013,24013,False,False,True,2.648,0.9011627906976745,0.89541,24,23930.0,106.0,bidmc-24-w085-0072,85
73,24013,24170.0,24355,True,0.11046,1.0,True,24013,24013,24141.0,24200.0,24355,24355,False,False,True,2.768,0.9181286549707602,0.88954,24,24285.0,115.0,bidmc-24-w085-0073,85
74,24355,24510.0,24677,True,0.11632,1.0,True,24355,24355,24487.0,24533.0,24677,24677,False,False,True,2.72,0.9627329192546584,0.88368,24,24618.0,108.0,bidmc-24-w085-0074,85
75,24677,24840.0,25017,True,0.098729,1.0,True,24677,24677,24820.0,24861.0,25017,25018,False,False,True,2.64,0.9588235294117647,0.901271,24,24946.0,106.0,bidmc-24-w085-0075,85
76,25017,25169.0,25349,True,0.094819,1.0,True,25017,25018,25147.0,25191.0,25349,25349,False,False,True,2.632,0.9156626506024097,0.905181,24,25276.0,107.0,bidmc-24-w085-0076,85
77,25349,25498.0,25676,True,0.10753,1.0,True,25349,25349,25479.0,25517.0,25676,25676,False,False,True,2.632,0.9113149847094801,0.89247,24,25602.0,104.0,bidmc-24-w085-0077,85
78,25676,25829.0,26006,True,0.091887,1.0,True,25676,25676,25805.0,25853.0,26006,26006,False,False,True,2.648,0.9272727272727272,0.908113,24,25938.0,109.0,bidmc-24-w085-0078,85
79,26006,26168.0,26347,True,0.086999,1.0,True,26006,26006,26149.0,26187.0,26347,26347,False,False,True,2.712,0.9501466275659824,0.913001,24,26272.0,104.0,bidmc-24-w085-0079,85
80,26347,26505.0,26680,True,0.072336,1.0,True,26347,26347,26481.0,26529.0,26680,26680,False,False,True,2.696,0.948948948948949,0.927664,24,26614.0,109.0,bidmc-24-w085-0080,85
81,26680,26824.0,27004,True,0.1085,1.0,True,26680,26680,26805.0,26843.0,27004,27004,False,False,True,2.552,0.8888888888888888,0.8915,24,26928.0,104.0,bidmc-24-w085-0081,85
82,27004,27160.0,27339,True,0.12903,1.0,True,27004,27004,27139.0,27181.0,27339,27339,False,False,True,2.688,0.9313432835820895,0.87097,24,27266.0,106.0,bidmc-24-w085-0082,85
83,27339,27489.0,27676,True,0.10948,1.0,True,27339,27339,27463.0,27516.0,27676,27676,False,False,True,2.632,0.8902077151335311,0.89052,24,27601.0,112.0,bidmc-24-w085-0083,85
84,27676,27838.0,28016,True,0.075269,1.0,True,27676,27676,27817.0,27859.0,28016,28017,False,False,True,2.792,0.9529411764705882,0.924731,24,27944.0,106.0,bidmc-24-w085-0084,85
85,28016,28164.0,28361,True,0.12512,1.0,True,28016,28017,28144.0,28185.0,28361,28361,False,False,True,2.608,0.8579710144927536,0.87488,24,28270.0,106.0,bidmc-24-w085-0085,85
86,28361,28520.0,28704,True,0.12317,1.0,True,28361,28361,28489.0,28551.0,28704,28704,False,False,True,2.848,0.9271137026239067,0.87683,24,28636.0,116.0,bidmc-24-w085-0086,85
87,28704,28860.0,29042,True,0.088954,1.0,True,28704,28704,28841.0,28879.0,29042,29042,False,False,True,2.72,0.9230769230769231,0.911046,24,28964.0,104.0,bidmc-24-w085-0087,85
88,29042,29204.0,29378,True,0.10068,1.0,True,29042,29042,29181.0,29227.0,29378,29378,False,False,True,2.752,0.9642857142857143,0.89932,24,29312.0,108.0,bidmc-24-w085-0088,85
89,29378,29534.0,29714,True,0.093842,1.0,True,29378,29378,29515.0,29553.0,29714,29714,False,False,True,2.64,0.9285714285714286,0.906158,24,29638.0,104.0,bidmc-24-w085-0089,85
90,29714,29870.0,30049,True,0.097752,1.0,True,29714,29714,29845.0,29895.0,30049,30049,False,False,True,2.688,0.9313432835820895,0.9022479999999999,24,29980.0,110.0,bidmc-24-w085-0090,85
91,30049,30213.0,30394,True,0.12317,1.0,True,30049,30049,30193.0,30233.0,30394,30394,False,False,True,2.744,0.9507246376811594,0.87683,24,30318.0,105.0,bidmc-24-w085-0091,85
92,30394,30546.0,30714,True,0.10557,1.0,True,30394,30394,30523.0,30569.0,30714,30714,False,False,True,2.664,0.95,0.8944300000000001,24,30654.0,108.0,bidmc-24-w085-0092,85
93,30714,30860.0,31035,True,0.1085,1.0,True,30714,30714,30841.0,30879.0,31035,31035,False,False,True,2.512,0.9096573208722741,0.8915,24,30964.0,104.0,bidmc-24-w085-0093,85
94,31035,31194.0,31383,True,0.11046,1.0,True,31035,31035,31175.0,31213.0,31383,31383,False,False,True,2.672,0.9137931034482758,0.88954,24,31298.0,104.0,bidmc-24-w085-0094,85
95,31383,31542.0,31724,True,0.11241,1.0,True,31383,31383,31521.0,31563.0,31724,31724,False,False,True,2.784,0.9325513196480939,0.88759,24,31648.0,106.0,bidmc-24-w085-0095,85
96,31724,31896.0,32091,True,0.079179,1.0,True,31724,31724,31857.0,31935.0,32091,32091,False,False,True,2.832,0.9373297002724795,0.920821,24,32020.0,124.0,bidmc-24-w085-0096,85
97,32091,32306.0,32483,True,0.049853,1.0,True,32091,32091,32291.0,32321.0,32483,32483,False,False,True,3.28,0.903061224489796,0.950147,24,32406.0,100.0,bidmc-24-w085-0097,85
98,32483,32645.0,32821,True,0.12805,1.0,True,32483,32483,32633.0,32657.0,32821,32822,False,False,True,2.712,0.9585798816568047,0.87195,24,32742.0,97.0,bidmc-24-w085-0098,85
99,32821,32975.0,33151,True,0.11437,1.0,True,32821,32822,32959.0,32991.0,33151,33151,False,False,True,2.64,0.9333333333333333,0.88563,24,33076.0,101.0,bidmc-24-w085-0099,85
100,33151,33302.0,33461,True,0.13587,1.0,True,33151,33151,33285.0,33319.0,33461,33461,False,False,True,2.616,0.9741935483870968,0.8641300000000001,24,33404.0,102.0,bidmc-24-w085-0100,85
101,33461,33618.0,33798,True,0.11926,1.0,True,33461,33461,33603.0,33633.0,33798,33798,False,False,True,2.528,0.9317507418397626,0.88074,24,33718.0,100.0,bidmc-24-w085-0101,85
102,33798,33947.0,34139,True,0.11339,1.0,True,33798,33798,33929.0,33965.0,34139,34139,False,False,True,2.632,0.873900293255132,0.88661,24,34050.0,103.0,bidmc-24-w085-0102,85
103,34139,34294.0,34477,True,0.13294,1.0,True,34139,34139,34269.0,34319.0,34477,34477,False,False,True,2.776,0.9171597633136095,0.8670599999999999,24,34404.0,110.0,bidmc-24-w085-0103,85
104,34477,34633.0,34789,True,0.12219,1.0,True,34477,34477,34621.0,34645.0,34789,34789,False,False,True,2.712,1.0,0.87781,24,34730.0,97.0,bidmc-24-w085-0104,85
105,34789,34945.0,35120,True,0.096774,1.0,True,34789,34789,34931.0,34959.0,35120,35120,False,False,True,2.496,0.9425981873111783,0.903226,24,35044.0,99.0,bidmc-24-w085-0105,85
106,35120,35265.0,35447,True,0.11632,1.0,True,35120,35120,35247.0,35283.0,35447,35447,False,False,True,2.56,0.8868501529051988,0.88368,24,35368.0,103.0,bidmc-24-w085-0106,85
107,35447,35606.0,35760,True,0.12708,1.0,True,35447,35447,35587.0,35625.0,35760,35760,False,False,True,2.728,0.9840255591054313,0.87292,24,35710.0,104.0,bidmc-24-w085-0107,85
108,35760,35917.0,36088,True,0.1085,1.0,True,35760,35760,35905.0,35929.0,36088,36088,False,False,True,2.488,0.9573170731707317,0.8915,24,36014.0,97.0,bidmc-24-w085-0108,85
109,36088,36238.0,36417,True,0.11437,1.0,True,36088,36088,36217.0,36259.0,36417,36418,False,False,True,2.568,0.9118541033434651,0.88563,24,36344.0,106.0,bidmc-24-w085-0109,85
110,36417,36571.0,36748,True,0.11535,1.0,True,36417,36418,36555.0,36587.0,36748,36748,False,False,True,2.664,0.9305135951661632,0.88465,24,36672.0,101.0,bidmc-24-w085-0110,85
111,36748,36899.0,37077,True,0.11926,1.0,True,36748,36748,36881.0,36917.0,37077,37077,False,False,True,2.624,0.9179331306990881,0.88074,24,37002.0,103.0,bidmc-24-w085-0111,85
112,37077,37236.0,37415,True,0.091887,1.0,True,37077,37077,37217.0,37255.0,37415,37415,False,False,True,2.696,0.9408284023668639,0.908113,24,37340.0,104.0,bidmc-24-w085-0112,85
113,37415,37577.0,37726,True,0.11828,1.0,True,37415,37415,37559.0,37595.0,37726,37726,False,False,True,2.728,0.9581993569131833,0.8817200000000001,24,37680.0,103.0,bidmc-24-w085-0113,85
114,37726,37875.0,38030,True,0.1085,1.0,True,37726,37726,37861.0,37890.0,38030,38030,False,False,True,2.384,0.9802631578947368,0.8915,24,37975.0,100.0,bidmc-24-w085-0114,85
115,38030,38170.0,38352,True,0.10753,1.0,True,38030,38030,38153.0,38187.0,38352,38352,False,False,True,2.36,0.8695652173913043,0.89247,24,38272.0,102.0,bidmc-24-w085-0115,85
116,38352,38516.0,38679,True,0.10264,1.0,True,38352,38352,38499.0,38533.0,38679,38679,False,False,True,2.768,0.9969418960244648,0.89736,24,38618.0,102.0,bidmc-24-w085-0116,85
117,38679,38819.0,38982,True,0.11926,1.0,True,38679,38679,38801.0,38837.0,38982,38982,False,False,True,2.424,0.9240924092409241,0.88074,24,38922.0,103.0,bidmc-24-w085-0117,85
118,38982,39130.0,39304,True,0.10264,1.0,True,38982,38982,39113.0,39147.0,39304,39304,False,False,True,2.488,0.9192546583850931,0.89736,24,39232.0,102.0,bidmc-24-w085-0118,85
119,39304,39465.0,39645,True,0.10753,1.0,True,39304,39304,39449.0,39481.0,39645,39646,False,False,True,2.68,0.9442815249266863,0.89247,24,39566.0,101.0,bidmc-24-w085-0119,85
120,39645,39801.0,39971,True,0.088954,1.0,True,39645,39646,39779.0,39823.0,39971,39971,False,False,True,2.688,0.9570552147239264,0.911046,24,39908.0,107.0,bidmc-24-w085-0120,85
121,39971,40128.0,40294,True,0.12317,1.0,True,39971,39971,40109.0,40147.0,40294,40294,False,False,True,2.616,0.9721362229102167,0.87683,24,40232.0,104.0,bidmc-24-w085-0121,85
122,40294,40449.0,40626,True,0.13881,1.0,True,40294,40294,40431.0,40467.0,40626,40626,False,False,True,2.568,0.9337349397590361,0.86119,24,40552.0,103.0,bidmc-24-w085-0122,85
123,40626,40775.0,40951,True,0.11339,1.0,True,40626,40626,40755.0,40795.0,40951,40951,False,False,True,2.608,0.916923076923077,0.88661,24,40880.0,105.0,bidmc-24-w085-0123,85
124,40951,41118.0,41292,True,0.088954,1.0,True,40951,40951,41099.0,41137.0,41292,41292,False,False,True,2.744,0.9794721407624634,0.911046,24,41222.0,104.0,bidmc-24-w085-0124,85
125,41292,41448.0,41628,True,0.11241,1.0,True,41292,41292,41425.0,41471.0,41628,41628,False,False,True,2.64,0.9285714285714286,0.88759,24,41556.0,108.0,bidmc-24-w085-0125,85
126,41628,41777.0,41960,True,0.1173,1.0,True,41628,41628,41755.0,41799.0,41960,41960,False,False,True,2.632,0.8975903614457832,0.8827,24,41884.0,107.0,bidmc-24-w085-0126,85
127,41960,42124.0,42292,True,0.12121,1.0,True,41960,41960,42105.0,42143.0,42292,42292,False,False,True,2.776,0.9879518072289156,0.87879,24,42228.0,104.0,bidmc-24-w085-0127,85
128,42292,42449.0,42620,True,0.12805,1.0,True,42292,42292,42427.0,42471.0,42620,42620,False,False,True,2.6,0.9573170731707317,0.87195,24,42556.0,107.0,bidmc-24-w085-0128,85
129,42620,42781.0,42941,True,0.088954,1.0,True,42620,42620,42765.0,42797.0,42941,42941,False,False,True,2.656,0.9968847352024922,0.911046,24,42882.0,101.0,bidmc-24-w085-0129,85
130,42941,43100.0,43278,True,0.10068,1.0,True,42941,42941,43081.0,43119.0,43278,43278,False,False,True,2.552,0.9436201780415431,0.89932,24,43204.0,104.0,bidmc-24-w085-0130,85
131,43278,43427.0,43631,True,0.098729,1.0,True,43278,43278,43405.0,43449.0,43631,43631,False,False,True,2.616,0.8441926345609065,0.901271,24,43534.0,107.0,bidmc-24-w085-0131,85
132,43631,43798.0,43977,True,0.10362,1.0,True,43631,43631,43775.0,43821.0,43977,43977,False,False,True,2.968,0.9653179190751445,0.89638,24,43906.0,108.0,bidmc-24-w085-0132,85
133,43977,44131.0,44301,True,0.11535,1.0,True,43977,43977,44113.0,44149.0,44301,44301,False,False,True,2.664,0.9506172839506173,0.88465,24,44234.0,103.0,bidmc-24-w085-0133,85
134,44301,44453.0,44629,True,0.12023,1.0,True,44301,44301,44431.0,44475.0,44629,44629,False,False,True,2.576,0.926829268292683,0.8797699999999999,24,44560.0,107.0,bidmc-24-w085-0134,85
135,44629,44794.0,44978,True,0.098729,1.0,True,44629,44629,44775.0,44813.0,44978,44978,False,False,True,2.728,0.9455587392550143,0.901271,24,44898.0,104.0,bidmc-24-w085-0135,85
136,44978,45144.0,45324,True,0.087977,1.0,True,44978,44978,45121.0,45167.0,45324,45324,False,False,True,2.8,0.9595375722543352,0.912023,24,45252.0,108.0,bidmc-24-w085-0136,85
137,45324,45483.0,45664,True,0.10753,1.0,True,45324,45324,45465.0,45501.0,45664,45665,False,False,True,2.712,0.9352941176470588,0.89247,24,45586.0,103.0,bidmc-24-w085-0137,85
138,45664,45819.0,46001,True,0.10557,1.0,True,45664,45665,45798.0,45841.0,46001,46001,False,False,True,2.688,0.9198813056379822,0.8944300000000001,24,45926.0,107.0,bidmc-24-w085-0138,85
139,46001,46166.0,46351,True,0.10362,1.0,True,46001,46001,46147.0,46185.0,46351,46351,False,False,True,2.776,0.9428571428571428,0.89638,24,46270.0,104.0,bidmc-24-w085-0139,85
140,46351,46521.0,46703,True,0.11926,1.0,True,46351,46351,46501.0,46541.0,46703,46703,False,False,True,2.84,0.9659090909090909,0.88074,24,46626.0,105.0,bidmc-24-w085-0140,85
141,46703,46867.0,47048,True,0.11828,1.0,True,46703,46703,46849.0,46885.0,47048,47048,False,False,True,2.768,0.9507246376811594,0.8817200000000001,24,46970.0,103.0,bidmc-24-w085-0141,85
142,47048,47209.0,47384,True,0.12121,1.0,True,47048,47048,47189.0,47229.0,47384,47384,False,False,True,2.736,0.9583333333333334,0.87879,24,47314.0,105.0,bidmc-24-w085-0142,85
143,47384,47549.0,47730,True,0.086999,1.0,True,47384,47384,47531.0,47567.0,47730,47730,False,False,True,2.72,0.953757225433526,0.913001,24,47652.0,103.0,bidmc-24-w085-0143,85
144,47730,47884.0,48065,True,0.10264,1.0,True,47730,47730,47859.0,47909.0,48065,48065,False,False,True,2.68,0.9194029850746268,0.89736,24,47994.0,110.0,bidmc-24-w085-0144,85
145,48065,48214.0,48394,True,0.097752,1.0,True,48065,48065,48195.0,48233.0,48394,48394,False,False,True,2.64,0.9057750759878419,0.9022479999999999,24,48318.0,104.0,bidmc-24-w085-0145,85
146,48394,48540.0,48731,True,0.093842,1.0,True,48394,48394,48521.0,48559.0,48731,48731,False,False,True,2.608,0.8664688427299703,0.906158,24,48644.0,104.0,bidmc-24-w085-0146,85
147,48731,48899.0,49084,True,0.095797,1.0,True,48731,48731,48877.0,48921.0,49084,49084,False,False,True,2.872,0.9518413597733711,0.904203,24,49006.0,107.0,bidmc-24-w085-0147,85
148,49084,49239.0,49425,True,0.11046,1.0,True,49084,49084,49213.0,49265.0,49425,49425,False,False,True,2.72,0.9090909090909091,0.88954,24,49350.0,111.0,bidmc-24-w085-0148,85
149,49425,49583.0,49764,True,0.11144,1.0,True,49425,49425,49559.0,49607.0,49764,49764,False,False,True,2.752,0.9321533923303835,0.88856,24,49692.0,109.0,bidmc-24-w085-0149,85
150,49764,49925.0,50111,True,0.11437,1.0,True,49764,49764,49907.0,49943.0,50111,50111,False,False,True,2.736,0.9279538904899135,0.88563,24,50028.0,103.0,bidmc-24-w085-0150,85
151,50111,50276.0,50447,True,0.13587,1.0,True,50111,50111,50255.0,50297.0,50447,50447,False,False,True,2.808,0.9821428571428571,0.8641300000000001,24,50382.0,106.0,bidmc-24-w085-0151,85
152,50447,50609.0,50789,True,0.095797,1.0,True,50447,50447,50587.0,50631.0,50789,50789,False,False,True,2.664,0.9473684210526316,0.904203,24,50716.0,107.0,bidmc-24-w085-0152,85
153,50789,50950.0,51131,True,0.094819,1.0,True,50789,50789,50927.0,50973.0,51131,51131,False,False,True,2.728,0.9415204678362573,0.905181,24,51058.0,108.0,bidmc-24-w085-0153,85
154,51131,51282.0,51478,True,0.090909,1.0,True,51131,51131,51259.0,51305.0,51478,51478,False,False,True,2.656,0.8703170028818443,0.909091,24,51390.0,108.0,bidmc-24-w085-0154,85
155,51478,51648.0,51829,True,0.082111,1.0,True,51478,51478,51619.0,51677.0,51829,51829,False,False,True,2.928,0.9686609686609686,0.917889,24,51762.0,114.0,bidmc-24-w085-0155,85
156,51829,51985.0,52155,True,0.10166,1.0,True,51829,51829,51965.0,52005.0,52155,52155,False,False,True,2.696,0.9570552147239264,0.89834,24,52090.0,105.0,bidmc-24-w085-0156,85
157,52155,52316.0,52502,True,0.099707,1.0,True,52155,52155,52299.0,52333.0,52502,52502,False,False,True,2.648,0.9279538904899135,0.900293,24,52418.0,102.0,bidmc-24-w085-0157,85
158,52502,52684.0,52880,True,0.00097752,1.0,True,52502,52502,52639.0,52729.0,52880,52880,False,False,True,2.944,0.962962962962963,0.99902248,24,52814.0,130.0,bidmc-24-w085-0158,85
159,52880,53109.0,53289,True,0.040078,1.0,True,52880,52880,53097.0,53121.0,53289,53289,False,False,True,3.4,0.880195599022005,0.9599219999999999,24,53206.0,97.0,bidmc-24-w085-0159,85
160,53289,53447.0,53620,True,0.098729,1.0,True,53289,53289,53429.0,53465.0,53620,53620,False,False,True,2.704,0.9546827794561934,0.901271,24,53550.0,103.0,bidmc-24-w085-0160,85
161,53620,53780.0,53980,True,0.10753,1.0,True,53620,53620,53767.0,53793.0,53980,53980,False,False,True,2.664,0.8888888888888888,0.89247,24,53878.0,98.0,bidmc-24-w085-0161,85
162,53980,54143.0,54313,True,0.12219,1.0,True,53980,53980,54123.0,54163.0,54313,54313,False,False,True,2.904,0.978978978978979,0.87781,24,54248.0,105.0,bidmc-24-w085-0162,85
163,54313,54468.0,54639,True,0.10655,1.0,True,54313,54313,54451.0,54485.0,54639,54639,False,False,True,2.6,0.950920245398773,0.89345,24,54570.0,102.0,bidmc-24-w085-0163,85
164,54639,54791.0,54957,True,0.13001,1.0,True,54639,54639,54775.0,54808.0,54957,54957,False,False,True,2.584,0.9559748427672956,0.86999,24,54893.0,102.0,bidmc-24-w085-0164,85
165,54957,55112.0,55273,True,0.11828,1.0,True,54957,54957,55097.0,55127.0,55273,55273,False,False,True,2.568,0.9810126582278481,0.8817200000000001,24,55212.0,100.0,bidmc-24-w085-0165,85
166,55273,55427.0,55606,True,0.13685,1.0,True,55273,55273,55409.0,55445.0,55606,55606,False,False,True,2.52,0.924924924924925,0.86315,24,55530.0,103.0,bidmc-24-w085-0166,85
167,55606,55762.0,55939,True,0.11926,1.0,True,55606,55606,55747.0,55777.0,55939,55939,False,False,True,2.68,0.9369369369369369,0.88074,24,55862.0,100.0,bidmc-24-w085-0167,85
168,55939,56090.0,56262,True,0.11339,1.0,True,55939,55939,56073.0,56107.0,56262,56262,False,False,True,2.624,0.934984520123839,0.88661,24,56192.0,102.0,bidmc-24-w085-0168,85
169,56262,56424.0,56594,True,0.13392,1.0,True,56262,56262,56407.0,56441.0,56594,56594,False,False,True,2.672,0.9759036144578314,0.86608,24,56526.0,102.0,bidmc-24-w085-0169,85
170,56594,56732.0,56920,True,0.10068,1.0,True,56594,56594,56719.0,56745.0,56920,56920,False,False,True,2.464,0.8466257668711656,0.89932,24,56830.0,98.0,bidmc-24-w085-0170,85
171,56920,57074.0,57256,True,0.094819,1.0,True,56920,56920,57055.0,57093.0,57256,57256,False,False,True,2.736,0.9166666666666666,0.905181,24,57178.0,104.0,bidmc-24-w085-0171,85
172,57256,57420.0,57589,True,0.10948,1.0,True,57256,57256,57403.0,57437.0,57589,57589,False,False,True,2.768,0.984984984984985,0.89052,24,57522.0,102.0,bidmc-24-w085-0172,85
173,57589,57745.0,57928,True,0.10166,1.0,True,57589,57589,57727.0,57763.0,57928,57928,False,False,True,2.6,0.9203539823008849,0.89834,24,57848.0,103.0,bidmc-24-w085-0173,85
174,57928,58095.0,58257,True,0.10753,1.0,True,57928,57928,58079.0,58111.0,58257,58257,False,False,True,2.8,0.9848024316109423,0.89247,24,58196.0,101.0,bidmc-24-w085-0174,85
175,58257,58419.0,58594,True,0.11437,1.0,True,58257,58257,58401.0,58437.0,58594,58594,False,False,True,2.592,0.9614243323442137,0.88563,24,58522.0,103.0,bidmc-24-w085-0175,85
176,58594,58753.0,58927,True,0.11535,1.0,True,58594,58594,58735.0,58771.0,58927,58927,False,False,True,2.672,0.954954954954955,0.88465,24,58856.0,103.0,bidmc-24-w085-0176,85
177,58927,59081.0,59258,True,0.090909,1.0,True,58927,58927,59063.0,59099.0,59258,59258,False,False,True,2.624,0.9305135951661632,0.909091,24,59184.0,103.0,bidmc-24-w085-0177,85
178,59258,59422.0,59592,True,0.090909,1.0,True,59258,59258,59403.0,59441.0,59592,59592,False,False,True,2.728,0.9820359281437125,0.909091,24,59526.0,104.0,bidmc-24-w085-0178,85
1,292,312.0,360,True,-0.13203,-0.095355,True,292,293,309.0,315.0,360,360,False,False,True,,0.5882352941176471,0.03667500000000001,25,400.0,88.0,bidmc-25-w085-0001,85
2,360,539.0,828,True,-0.3154,0.8533,True,360,360,539.0,539.0,828,829,False,False,True,1.816,0.7649572649572649,1.1686999999999999,25,624.0,85.0,bidmc-25-w085-0002,85
3,828,1032.0,1311,True,-0.44499,0.87042,True,828,829,1031.0,1033.0,1311,1311,False,False,True,3.944,0.84472049689441,1.31541,25,1118.0,86.0,bidmc-25-w085-0003,85
4,1311,1493.0,1809,True,-0.41565,1.1589,True,1311,1311,1493.0,1493.0,1809,1809,False,False,True,3.688,0.7309236947791165,1.5745500000000001,25,1578.0,85.0,bidmc-25-w085-0004,85
5,1809,1983.0,2250,True,-0.34963,1.1271,True,1809,1809,1983.0,1983.0,2250,2250,False,False,True,3.92,0.7891156462585034,1.4767299999999999,25,2068.0,85.0,bidmc-25-w085-0005,85
6,2250,2455.0,2707,True,-0.3423,0.99756,True,2250,2250,2455.0,2455.0,2707,2707,False,False,True,3.776,0.8971553610503282,1.33986,25,2540.0,85.0,bidmc-25-w085-0006,85
8,2757,2944.0,3202,True,-0.37897,0.84841,True,2751,2763,2943.0,2945.0,3202,3203,False,False,True,1.496,0.8404494382022472,1.22738,25,3030.0,86.0,bidmc-25-w085-0008,85
9,3202,3362.0,3652,True,-0.43276,0.51834,True,3202,3203,3361.0,3364.0,3652,3652,False,False,True,3.344,0.7111111111111111,0.9511000000000001,25,3449.0,87.0,bidmc-25-w085-0009,85
10,3652,3875.0,4175,True,-0.36675,1.3667,True,3652,3652,3875.0,3875.0,4175,4175,False,False,True,4.104,0.8527724665391969,1.73345,25,3960.0,85.0,bidmc-25-w085-0010,85
11,4175,4359.0,4696,True,-0.33741,1.1149,True,4175,4175,4359.0,4359.0,4696,4697,False,False,True,3.872,0.7063339731285989,1.45231,25,4444.0,85.0,bidmc-25-w085-0011,85
12,4696,4882.0,5179,True,-0.35208,1.044,True,4696,4697,4881.0,4884.0,5179,5179,False,False,True,4.184,0.7701863354037267,1.39608,25,4969.0,87.0,bidmc-25-w085-0012,85
13,5179,5401.0,5703,True,-0.23227,1.0098,True,5179,5179,5401.0,5401.0,5703,5703,False,False,True,4.152,0.8473282442748091,1.24207,25,5486.0,85.0,bidmc-25-w085-0013,85
14,5703,5870.0,6150,True,-0.63814,1.0342,True,5703,5703,5868.0,5872.0,6150,6151,False,False,True,3.752,0.7472035794183445,1.6723400000000002,25,5957.0,87.0,bidmc-25-w085-0014,85
15,6150,6404.0,6704,True,-0.50367,1.2518,True,6150,6151,6403.0,6406.0,6704,6704,False,False,True,4.272,0.9169675090252708,1.7554699999999999,25,6491.0,87.0,bidmc-25-w085-0015,85
16,6704,6879.0,7218,True,-0.3912,1.1858,True,6704,6704,6879.0,6879.0,7218,7218,False,False,True,3.8,0.6809338521400778,1.577,25,6964.0,85.0,bidmc-25-w085-0016,85
17,7218,7390.0,7654,True,-0.30807,1.0611,True,7218,7218,7389.0,7392.0,7654,7655,False,False,True,4.088,0.7889908256880733,1.36917,25,7477.0,87.0,bidmc-25-w085-0017,85
18,7654,7843.0,8131,True,-0.27139,1.0465,True,7654,7655,7843.0,7843.0,8130,8132,False,False,True,3.624,0.7924528301886793,1.31789,25,7928.0,85.0,bidmc-25-w085-0018,85
19,8131,8154.0,8205,True,-0.22983,-0.17359,True,8130,8132,8153.0,8156.0,8205,8206,False,False,True,2.488,0.6216216216216216,0.05624000000000001,25,8241.0,87.0,bidmc-25-w085-0019,85
20,8205,8352.0,8588,True,-0.26895,0.22983,True,8205,8206,8351.0,8353.0,8587,8589,False,False,True,1.584,0.7676240208877285,0.49878,25,8438.0,86.0,bidmc-25-w085-0020,85
21,8588,8784.0,9073,True,-0.26161,1.1565,True,8587,8589,8783.0,8785.0,9073,9073,False,False,True,3.456,0.8082474226804124,1.41811,25,8870.0,86.0,bidmc-25-w085-0021,85
22,9073,9253.0,9572,True,-0.27628,1.291,True,9073,9073,9253.0,9253.0,9572,9573,False,False,True,3.752,0.7214428857715431,1.56728,25,9338.0,85.0,bidmc-25-w085-0022,85
23,9572,9731.0,10044,True,-0.33496,1.0024,True,9572,9573,9731.0,9731.0,10044,10044,False,False,True,3.824,0.673728813559322,1.3373599999999999,25,9816.0,85.0,bidmc-25-w085-0023,85
24,10044,10219.0,10489,True,-0.34474,0.94866,True,10044,10044,10219.0,10219.0,10489,10490,False,False,True,3.904,0.7865168539325843,1.2933999999999999,25,10304.0,85.0,bidmc-25-w085-0024,85
25,10489,10709.0,10981,True,-0.26895,1.1296,True,10489,10490,10709.0,10709.0,10980,10982,False,False,True,3.92,0.8943089430894309,1.39855,25,10794.0,85.0,bidmc-25-w085-0025,85
26,10981,11179.0,11448,True,-0.31296,1.1369,True,10980,10982,11177.0,11181.0,11448,11448,False,False,True,3.76,0.8479657387580299,1.4498600000000001,25,11266.0,87.0,bidmc-25-w085-0026,85
27,11448,11627.0,11961,True,-0.2934,1.0196,True,11448,11448,11627.0,11627.0,11961,11961,False,False,True,3.584,0.6978557504873295,1.3130000000000002,25,11712.0,85.0,bidmc-25-w085-0027,85
28,11961,12142.0,12421,True,-0.39364,1.4352,True,11961,11961,12142.0,12143.0,12421,12422,False,False,True,4.12,0.7869565217391304,1.82884,25,12228.0,86.0,bidmc-25-w085-0028,85
29,12421,12590.0,12891,True,-0.42543,1.7506,True,12421,12422,12585.0,12595.0,12891,12892,False,False,True,3.584,0.7191489361702128,2.17603,25,12680.0,90.0,bidmc-25-w085-0029,85
30,12891,13106.0,13425,True,-0.4132,1.5917,True,12891,12892,13105.0,13107.0,13425,13426,False,False,True,4.128,0.8052434456928839,2.0049,25,13192.0,86.0,bidmc-25-w085-0030,85
31,13425,13599.0,13892,True,-0.33252,1.5599,True,13425,13426,13599.0,13599.0,13892,13892,False,False,True,3.944,0.7451820128479658,1.89242,25,13684.0,85.0,bidmc-25-w085-0031,85
32,13892,14073.0,14370,True,-0.32518,1.3301,True,13892,13892,14073.0,14073.0,14370,14371,False,False,True,3.792,0.7573221757322176,1.65528,25,14158.0,85.0,bidmc-25-w085-0032,85
33,14370,14531.0,14860,True,-0.40342,1.2518,True,14370,14371,14531.0,14531.0,14860,14861,False,False,True,3.664,0.6571428571428571,1.65522,25,14616.0,85.0,bidmc-25-w085-0033,85
34,14860,15033.0,15351,True,-0.39609,1.1271,True,14860,14861,15033.0,15033.0,15351,15352,False,False,True,4.016,0.7046843177189409,1.52319,25,15118.0,85.0,bidmc-25-w085-0034,85
35,15351,15516.0,15804,True,-0.27873,1.5061,True,15351,15352,15516.0,15517.0,15804,15804,False,False,True,3.864,0.7284768211920529,1.78483,25,15602.0,86.0,bidmc-25-w085-0035,85
36,15804,15943.0,16224,True,-0.36919,1.5403,True,15804,15804,15943.0,15943.0,16224,16224,False,False,True,3.416,0.6619047619047619,1.90949,25,16028.0,85.0,bidmc-25-w085-0036,85
37,16224,16421.0,16706,True,-0.32029,1.2567,True,16224,16224,16421.0,16421.0,16706,16706,False,False,True,3.824,0.8174273858921162,1.57699,25,16506.0,85.0,bidmc-25-w085-0037,85
38,16706,16868.0,17193,True,-0.3154,1.1956,True,16706,16706,16867.0,16869.0,17193,17193,False,False,True,3.576,0.6652977412731006,1.5110000000000001,25,16954.0,86.0,bidmc-25-w085-0038,85
39,17193,17441.0,17737,True,-0.27384,1.3472,True,17193,17193,17440.0,17442.0,17737,17737,False,False,True,4.584,0.9117647058823529,1.6210399999999998,25,17527.0,86.0,bidmc-25-w085-0039,85
40,17737,17878.0,18187,True,-0.31785,1.5575,True,17737,17737,17877.0,17879.0,18187,18187,False,False,True,3.496,0.6266666666666667,1.87535,25,17964.0,86.0,bidmc-25-w085-0040,85
41,18187,18334.0,18638,True,-0.34474,1.2225,True,18187,18187,18333.0,18335.0,18638,18638,False,False,True,3.648,0.6518847006651884,1.56724,25,18420.0,86.0,bidmc-25-w085-0041,85
42,18638,18788.0,19084,True,-0.36186,1.3643,True,18638,18638,18787.0,18789.0,19084,19085,False,False,True,3.632,0.6726457399103138,1.7261600000000001,25,18874.0,86.0,bidmc-25-w085-0042,85
43,19084,19243.0,19553,True,-0.33496,1.6577,True,19084,19085,19242.0,19245.0,19553,19554,False,False,True,3.64,0.6780383795309168,1.9926599999999999,25,19330.0,87.0,bidmc-25-w085-0043,85
44,19553,19706.0,19950,True,-0.35941,0.98778,True,19553,19554,19705.0,19707.0,19950,19950,False,False,True,3.704,0.7707808564231738,1.3471899999999999,25,19792.0,86.0,bidmc-25-w085-0044,85
45,19950,20117.0,20388,True,-0.29584,1.291,True,19950,19950,20117.0,20117.0,20388,20388,False,False,True,3.288,0.7625570776255708,1.58684,25,20202.0,85.0,bidmc-25-w085-0045,85
46,20388,20548.0,20841,True,-0.34719,1.3936,True,20388,20388,20545.0,20551.0,20841,20841,False,False,True,3.448,0.7064017660044151,1.74079,25,20636.0,88.0,bidmc-25-w085-0046,85
47,20841,21018.0,21317,True,-0.34474,1.4156,True,20841,20841,21017.0,21020.0,21317,21317,False,False,True,3.76,0.7436974789915967,1.76034,25,21105.0,87.0,bidmc-25-w085-0047,85
48,21317,21487.0,21784,True,-0.35208,1.4768,True,21317,21317,21486.0,21489.0,21784,21784,False,False,True,3.752,0.728051391862955,1.8288799999999998,25,21574.0,87.0,bidmc-25-w085-0048,85
49,21784,21921.0,22217,True,-0.41565,1.1565,True,21784,21784,21921.0,21921.0,22217,22217,False,False,True,3.472,0.6327944572748267,1.5721500000000002,25,22006.0,85.0,bidmc-25-w085-0049,85
50,22217,22399.0,22705,True,-0.39853,1.5575,True,22217,22217,22398.0,22400.0,22705,22706,False,False,True,3.824,0.7459016393442623,1.9560300000000002,25,22485.0,86.0,bidmc-25-w085-0050,85
51,22705,22857.0,23141,True,-0.60636,1.3741,True,22705,22706,22856.0,22859.0,23141,23141,False,False,True,3.664,0.6972477064220184,1.98046,25,22944.0,87.0,bidmc-25-w085-0051,85
52,23141,23316.0,23673,True,-0.53301,1.7506,True,23141,23141,23303.0,23329.0,23673,23673,False,False,True,3.672,0.6578947368421053,2.28361,25,23414.0,98.0,bidmc-25-w085-0052,85
53,23673,23825.0,24109,True,-0.35697,1.3985,True,23673,23673,23824.0,23827.0,24109,24109,False,False,True,4.072,0.6972477064220184,1.75547,25,23912.0,87.0,bidmc-25-w085-0053,85
54,24109,24258.0,24543,True,-0.30562,1.2543,True,24109,24109,24257.0,24260.0,24543,24544,False,False,True,3.464,0.6866359447004609,1.55992,25,24345.0,87.0,bidmc-25-w085-0054,85
55,24543,24704.0,24999,True,-0.41076,1.3496,True,24543,24544,24704.0,24705.0,24999,24999,False,False,True,3.568,0.706140350877193,1.76036,25,24790.0,86.0,bidmc-25-w085-0055,85
56,24999,25180.0,25481,True,-0.34963,1.3203,True,24999,24999,25179.0,25182.0,25481,25482,False,False,True,3.808,0.7510373443983402,1.66993,25,25267.0,87.0,bidmc-25-w085-0056,85
57,25481,25644.0,25977,True,-0.38631,1.5232,True,25481,25482,25642.0,25646.0,25977,25977,False,False,True,3.712,0.657258064516129,1.90951,25,25731.0,87.0,bidmc-25-w085-0057,85
58,25977,26139.0,26422,True,-0.36919,1.3863,True,25977,25977,26137.0,26141.0,26422,26422,False,False,True,3.96,0.7280898876404495,1.75549,25,26226.0,87.0,bidmc-25-w085-0058,85
59,26422,26594.0,26880,True,-0.35452,1.2592,True,26422,26422,26593.0,26596.0,26880,26880,False,False,True,3.64,0.7510917030567685,1.61372,25,26681.0,87.0,bidmc-25-w085-0059,85
60,26880,27099.0,27406,True,-0.34963,1.4841,True,26880,26880,27099.0,27099.0,27406,27406,False,False,True,4.04,0.8326996197718631,1.83373,25,27184.0,85.0,bidmc-25-w085-0060,85
61,27406,27582.0,27883,True,-0.34963,1.6699,True,27406,27406,27581.0,27583.0,27883,27883,False,False,True,3.864,0.7379454926624738,2.01953,25,27668.0,86.0,bidmc-25-w085-0061,85
62,27883,28050.0,28356,True,-0.32518,1.7115,True,27883,27883,28049.0,28051.0,28356,28356,False,False,True,3.744,0.7061310782241015,2.03668,25,28136.0,86.0,bidmc-25-w085-0062,85
63,28356,28511.0,28851,True,-0.32518,1.6504,True,28356,28356,28511.0,28511.0,28851,28852,False,False,True,3.688,0.6262626262626263,1.9755800000000001,25,28596.0,85.0,bidmc-25-w085-0063,85
64,28851,29032.0,29308,True,-0.35697,1.1565,True,28851,28852,29031.0,29033.0,29308,29308,False,False,True,4.168,0.7921225382932167,1.51347,25,29118.0,86.0,bidmc-25-w085-0064,85
65,29308,29491.0,29791,True,-0.3154,1.4083,True,29308,29308,29491.0,29491.0,29791,29791,False,False,True,3.672,0.7577639751552795,1.7237,25,29576.0,85.0,bidmc-25-w085-0065,85
66,29791,29954.0,30240,True,-0.3423,1.3032,True,29791,29791,29953.0,29955.0,30240,30240,False,False,True,3.704,0.7260579064587973,1.6455,25,30040.0,86.0,bidmc-25-w085-0066,85
67,30240,30413.0,30707,True,-0.3423,1.709,True,30240,30240,30413.0,30413.0,30707,30708,False,False,True,3.672,0.7408993576017131,2.0513,25,30498.0,85.0,bidmc-25-w085-0067,85
68,30707,30873.0,31171,True,-0.2934,1.4572,True,30707,30708,30871.0,30876.0,31171,31171,False,False,True,3.68,0.7155172413793103,1.7506,25,30961.0,88.0,bidmc-25-w085-0068,85
69,31171,31314.0,31569,True,-0.30807,1.1418,True,31171,31171,31313.0,31316.0,31569,31569,False,False,True,3.528,0.7185929648241206,1.44987,25,31401.0,87.0,bidmc-25-w085-0069,85
70,31569,31739.0,32011,True,-0.28851,1.2616,True,31569,31569,31737.0,31741.0,32011,32011,False,False,True,3.4,0.7692307692307692,1.55011,25,31826.0,87.0,bidmc-25-w085-0070,85
71,32011,32166.0,32440,True,-0.33496,1.3203,True,32011,32011,32165.0,32167.0,32440,32441,False,False,True,3.416,0.7226107226107226,1.65526,25,32252.0,86.0,bidmc-25-w085-0071,85
72,32440,32623.0,32900,True,-0.2665,1.7433,True,32440,32441,32623.0,32623.0,32900,32901,False,False,True,3.656,0.7956521739130434,2.0098000000000003,25,32708.0,85.0,bidmc-25-w085-0072,85
73,32900,33071.0,33386,True,-0.30318,1.5037,True,32900,32901,33071.0,33071.0,33386,33387,False,False,True,3.584,0.7037037037037037,1.80688,25,33156.0,85.0,bidmc-25-w085-0073,85
74,33386,33562.0,33871,True,-0.35941,1.4743,True,33386,33387,33561.0,33563.0,33871,33871,False,False,True,3.928,0.7257731958762886,1.83371,25,33648.0,86.0,bidmc-25-w085-0074,85
75,33871,34042.0,34337,True,-0.35208,1.3301,True,33871,33871,34039.0,34045.0,34337,34337,False,False,True,3.84,0.7339055793991416,1.68218,25,34130.0,88.0,bidmc-25-w085-0075,85
76,34337,34533.0,34814,True,-0.31785,1.2103,True,34337,34337,34533.0,34533.0,34814,34814,False,False,True,3.928,0.8218029350104822,1.52815,25,34618.0,85.0,bidmc-25-w085-0076,85
77,34814,34984.0,35276,True,-0.27384,1.4817,True,34814,34814,34983.0,34985.0,35276,35277,False,False,True,3.608,0.7359307359307359,1.7555399999999999,25,35070.0,86.0,bidmc-25-w085-0077,85
78,35276,35433.0,35733,True,-0.26895,1.4645,True,35276,35277,35433.0,35434.0,35733,35733,False,False,True,3.592,0.6870897155361051,1.73345,25,35519.0,86.0,bidmc-25-w085-0078,85
79,35733,35909.0,36211,True,-0.28851,1.3081,True,35733,35733,35907.0,35911.0,36211,36211,False,False,True,3.808,0.7364016736401673,1.59661,25,35996.0,87.0,bidmc-25-w085-0079,85
80,36211,36387.0,36681,True,-0.30073,1.4034,True,36211,36211,36386.0,36389.0,36679,36683,False,False,True,3.824,0.7489361702127659,1.70413,25,36474.0,87.0,bidmc-25-w085-0080,85
81,36681,36834.0,37125,True,-0.36186,1.4499,True,36679,36683,36832.0,36836.0,37125,37126,False,False,True,3.576,0.6891891891891893,1.81176,25,36921.0,87.0,bidmc-25-w085-0081,85
82,37125,37302.0,37580,True,-0.33007,1.5134,True,37125,37126,37301.0,37303.0,37580,37581,False,False,True,3.744,0.778021978021978,1.84347,25,37388.0,86.0,bidmc-25-w085-0082,85
83,37580,37781.0,38064,True,-0.30807,1.4499,True,37580,37581,37780.0,37783.0,38064,38064,False,False,True,3.832,0.8305785123966942,1.75797,25,37868.0,87.0,bidmc-25-w085-0083,85
84,38064,38203.0,38501,True,-0.33496,1.5795,True,38064,38064,38203.0,38204.0,38501,38502,False,False,True,3.376,0.6361556064073226,1.9144599999999998,25,38289.0,86.0,bidmc-25-w085-0084,85
85,38501,38656.0,38947,True,-0.30318,1.4303,True,38501,38502,38655.0,38657.0,38947,38947,False,False,True,3.624,0.695067264573991,1.73348,25,38742.0,86.0,bidmc-25-w085-0085,85
86,38947,39099.0,39402,True,-0.27628,1.4792,True,38947,38947,39099.0,39099.0,39402,39402,False,False,True,3.544,0.6681318681318682,1.7554800000000002,25,39184.0,85.0,bidmc-25-w085-0086,85
87,39402,39553.0,39858,True,-0.32274,1.2176,True,39402,39402,39553.0,39554.0,39858,39859,False,False,True,3.632,0.6622807017543859,1.54034,25,39639.0,86.0,bidmc-25-w085-0087,85
88,39858,40037.0,40297,True,-0.2665,1.5428,True,39858,39859,40036.0,40039.0,40297,40297,False,False,True,3.872,0.8154897494305239,1.8093,25,40124.0,87.0,bidmc-25-w085-0088,85
89,40297,40435.0,40680,True,-0.29095,1.2738,True,40297,40297,40433.0,40437.0,40680,40680,False,False,True,3.184,0.720626631853786,1.56475,25,40522.0,87.0,bidmc-25-w085-0089,85
90,40680,40830.0,41102,True,-0.32274,1.3081,True,40680,40680,40827.0,40833.0,41102,41102,False,False,True,3.16,0.7109004739336493,1.63084,25,40918.0,88.0,bidmc-25-w085-0090,85
91,41102,41251.0,41511,True,-0.30807,1.4205,True,41102,41102,41250.0,41253.0,41511,41512,False,False,True,3.368,0.7286063569682152,1.7285700000000002,25,41338.0,87.0,bidmc-25-w085-0091,85
92,41511,41671.0,41970,True,-0.35208,1.2249,True,41511,41512,41669.0,41673.0,41970,41970,False,False,True,3.36,0.6971677559912854,1.57698,25,41758.0,87.0,bidmc-25-w085-0092,85
93,41970,42131.0,42453,True,-0.31785,1.5061,True,41970,41970,42131.0,42131.0,42453,42454,False,False,True,3.68,0.6666666666666667,1.82395,25,42216.0,85.0,bidmc-25-w085-0093,85
94,42453,42604.0,42876,True,-0.30807,1.3545,True,42453,42454,42603.0,42605.0,42876,42876,False,False,True,3.784,0.7139479905437351,1.66257,25,42690.0,86.0,bidmc-25-w085-0094,85
95,42876,43029.0,43304,True,-0.30562,1.2787,True,42876,42876,43028.0,43031.0,43304,43305,False,False,True,3.4,0.7149532710280374,1.58432,25,43116.0,87.0,bidmc-25-w085-0095,85
96,43304,43460.0,43729,True,-0.29584,1.4108,True,43304,43305,43459.0,43461.0,43729,43730,False,False,True,3.448,0.7341176470588235,1.7066400000000002,25,43546.0,86.0,bidmc-25-w085-0096,85
97,43729,43872.0,44129,True,-0.35452,1.1711,True,43729,43730,43871.0,43874.0,44129,44129,False,False,True,3.296,0.7150000000000001,1.52562,25,43959.0,87.0,bidmc-25-w085-0097,85
98,44129,44285.0,44555,True,-0.33252,1.3888,True,44129,44129,44285.0,44285.0,44555,44555,False,False,True,3.304,0.7323943661971831,1.72132,25,44370.0,85.0,bidmc-25-w085-0098,85
99,44555,44706.0,44980,True,-0.34474,1.5159,True,44555,44555,44705.0,44707.0,44980,44980,False,False,True,3.368,0.7105882352941176,1.86064,25,44792.0,86.0,bidmc-25-w085-0099,85
100,44980,45153.0,45474,True,-0.51834,1.4817,True,44980,44980,45152.0,45154.0,45474,45474,False,False,True,3.576,0.7004048582995952,2.0000400000000003,25,45239.0,86.0,bidmc-25-w085-0100,85
101,45474,45619.0,45680,True,-0.75061,1.7506,True,45474,45474,45609.0,45629.0,45646,45714,False,False,True,3.728,0.5922330097087378,2.50121,25,45714.0,95.0,bidmc-25-w085-0101,85
102,45680,45746.0,45916,True,-0.16381,1.7506,True,45646,45714,45731.0,45761.0,45916,45916,False,False,True,1.016,0.5593220338983051,1.91441,25,45846.0,100.0,bidmc-25-w085-0102,85
103,45916,46046.0,46259,True,-0.45721,1.2469,True,45916,45916,46045.0,46047.0,46259,46259,False,False,True,2.4,0.7580174927113703,1.70411,25,46132.0,86.0,bidmc-25-w085-0103,85
104,46259,46472.0,46755,True,-0.33985,1.3985,True,46259,46259,46471.0,46473.0,46755,46755,False,False,True,3.408,0.8588709677419355,1.73835,25,46558.0,86.0,bidmc-25-w085-0104,85
105,46755,46893.0,47190,True,-0.22738,1.2078,True,46755,46755,46893.0,46893.0,47190,47191,False,False,True,3.368,0.6344827586206896,1.43518,25,46978.0,85.0,bidmc-25-w085-0105,85
106,47190,47327.0,47622,True,-0.24694,1.2616,True,47190,47191,47326.0,47329.0,47622,47623,False,False,True,3.472,0.6342592592592593,1.50854,25,47414.0,87.0,bidmc-25-w085-0106,85
107,47622,47764.0,48117,True,-0.27628,1.3447,True,47622,47623,47763.0,47765.0,48117,48117,False,False,True,3.496,0.5737373737373737,1.62098,25,47850.0,86.0,bidmc-25-w085-0107,85
108,48117,48272.0,48609,True,-0.31051,1.5452,True,48117,48117,48271.0,48273.0,48609,48609,False,False,True,4.064,0.6300813008130082,1.85571,25,48358.0,86.0,bidmc-25-w085-0108,85
109,48609,48769.0,49151,True,-0.35452,1.6259,True,48609,48609,48768.0,48771.0,49151,49152,False,False,True,3.976,0.5904059040590406,1.9804199999999998,25,48856.0,87.0,bidmc-25-w085-0109,85
110,49151,49362.0,49714,True,-0.34719,1.7506,True,49151,49152,49359.0,49366.0,49714,49714,False,False,True,4.744,0.7495559502664298,2.09779,25,49451.0,89.0,bidmc-25-w085-0110,85
111,49714,49853.0,50186,True,-0.32518,1.5379,True,49714,49714,49853.0,49853.0,50186,50187,False,False,True,3.928,0.5889830508474576,1.86308,25,49938.0,85.0,bidmc-25-w085-0111,85
112,50186,50354.0,50656,True,-0.3154,1.4939,True,50186,50187,50353.0,50356.0,50656,50657,False,False,True,4.008,0.7148936170212765,1.8093,25,50441.0,87.0,bidmc-25-w085-0112,85
113,50656,50824.0,51133,True,-0.32763,1.4572,True,50656,50657,50823.0,50825.0,51133,51133,False,False,True,3.76,0.7044025157232705,1.78483,25,50910.0,86.0,bidmc-25-w085-0113,85
114,51133,51286.0,51571,True,-0.34963,1.5159,True,51133,51133,51285.0,51287.0,51571,51571,False,False,True,3.696,0.6986301369863014,1.8655300000000001,25,51372.0,86.0,bidmc-25-w085-0114,85
115,51571,51729.0,52018,True,-0.33252,1.489,True,51571,51571,51728.0,51730.0,52018,52018,False,False,True,3.544,0.7069351230425056,1.82152,25,51815.0,86.0,bidmc-25-w085-0115,85
116,52018,52179.0,52478,True,-0.36186,1.7506,True,52018,52018,52167.0,52191.0,52478,52478,False,False,True,3.6,0.7,2.11246,25,52276.0,97.0,bidmc-25-w085-0116,85
117,52478,52630.0,52970,True,-0.33252,1.7506,True,52478,52478,52619.0,52641.0,52970,52970,False,False,True,3.608,0.6178861788617886,2.08312,25,52726.0,96.0,bidmc-25-w085-0117,85
118,52970,53137.0,53450,True,-0.33007,1.5086,True,52970,52970,53136.0,53139.0,53450,53450,False,False,True,4.056,0.6958333333333333,1.83867,25,53224.0,87.0,bidmc-25-w085-0118,85
119,53450,53610.0,53954,True,-0.33985,1.7506,True,53450,53450,53599.0,53621.0,53954,53954,False,False,True,3.784,0.6349206349206349,2.0904499999999997,25,53706.0,96.0,bidmc-25-w085-0119,85
120,53954,54101.0,54455,True,-0.37897,1.6944,True,53954,53954,54101.0,54102.0,54455,54455,False,False,True,3.928,0.5868263473053892,2.0733699999999997,25,54187.0,86.0,bidmc-25-w085-0120,85
121,54455,54629.0,54969,True,-0.37653,1.7433,True,54455,54455,54627.0,54631.0,54969,54970,False,False,True,4.224,0.6770428015564203,2.11983,25,54716.0,87.0,bidmc-25-w085-0121,85
122,54969,55133.0,55491,True,-0.32029,1.5941,True,54969,54970,55133.0,55134.0,55491,55491,False,False,True,4.032,0.6283524904214559,1.91439,25,55219.0,86.0,bidmc-25-w085-0122,85
123,55491,55666.0,55984,True,-0.33741,1.6235,True,55491,55491,55665.0,55668.0,55984,55984,False,False,True,4.264,0.7099391480730224,1.96091,25,55753.0,87.0,bidmc-25-w085-0123,85
124,55984,56144.0,56445,True,-0.34963,1.7506,True,55984,55984,56141.0,56148.0,56445,56445,False,False,True,3.824,0.6941431670281996,2.10023,25,56233.0,89.0,bidmc-25-w085-0124,85
125,56445,56601.0,56923,True,-0.37164,1.6968,True,56445,56445,56601.0,56601.0,56923,56924,False,False,True,3.656,0.6527196652719665,2.0684400000000003,25,56686.0,85.0,bidmc-25-w085-0125,85
126,56923,57084.0,57369,True,-0.32029,1.5281,True,56923,56924,57083.0,57086.0,57369,57369,False,False,True,3.864,0.7219730941704036,1.84839,25,57171.0,87.0,bidmc-25-w085-0126,85
127,57369,57517.0,57831,True,-0.33496,1.2958,True,57369,57369,57515.0,57519.0,57831,57832,False,False,True,3.464,0.6406926406926408,1.63076,25,57604.0,87.0,bidmc-25-w085-0127,85
128,57831,57995.0,58324,True,-0.34474,1.6088,True,57831,57832,57995.0,57995.0,58324,58324,False,False,True,3.824,0.665314401622718,1.95354,25,58080.0,85.0,bidmc-25-w085-0128,85
129,58324,58486.0,58803,True,-0.33985,1.6577,True,58324,58324,58485.0,58487.0,58803,58803,False,False,True,3.928,0.6764091858037578,1.99755,25,58572.0,86.0,bidmc-25-w085-0129,85
130,58803,58954.0,59280,True,-0.33252,1.6479,True,58803,58803,58953.0,58955.0,59280,59280,False,False,True,3.744,0.6331236897274632,1.9804199999999998,25,59040.0,86.0,bidmc-25-w085-0130,85
131,59280,59452.0,59763,True,-0.33252,1.555,True,59280,59280,59451.0,59453.0,59763,59764,False,False,True,3.984,0.7122153209109731,1.8875199999999999,25,59538.0,86.0,bidmc-25-w085-0131,85
1,192,387.0,501,True,0.0,1.0,True,192,192,325.0,449.0,468,534,False,False,True,,0.7378640776699029,1.0,26,534.0,147.0,bidmc-26-w085-0001,85
2,501,594.0,735,True,0.42424,1.0,True,468,534,553.0,635.0,735,735,False,False,True,1.656,0.7948717948717949,0.57576,26,720.0,126.0,bidmc-26-w085-0002,85
3,735,805.0,934,True,0.33431,0.76931,True,735,735,805.0,805.0,934,934,False,False,True,1.688,0.7035175879396984,0.43500000000000005,26,890.0,85.0,bidmc-26-w085-0003,85
4,934,1107.0,1317,True,0.0,1.0,True,934,934,1035.0,1179.0,1317,1317,False,False,True,2.416,0.9033942558746736,1.0,26,1264.0,157.0,bidmc-26-w085-0004,85
5,1317,1514.0,1647,True,0.0,0.27273,True,1317,1317,1513.0,1516.0,1647,1647,False,False,True,3.256,0.806060606060606,0.27273,26,1601.0,87.0,bidmc-26-w085-0005,85
6,1647,1805.0,2304,True,0.0,1.0,True,1647,1647,1793.0,1817.0,2304,2304,False,False,True,2.328,0.4809741248097412,1.0,26,1902.0,97.0,bidmc-26-w085-0006,85
7,2304,2478.0,2740,True,0.0,0.7263,True,2304,2304,2476.0,2480.0,2740,2740,False,False,True,5.384,0.7981651376146789,0.7263,26,2565.0,87.0,bidmc-26-w085-0007,85
8,2740,2890.0,3208,True,0.0,0.65103,True,2740,2740,2889.0,2891.0,3208,3208,False,False,True,3.296,0.641025641025641,0.65103,26,2976.0,86.0,bidmc-26-w085-0008,85
9,3208,3386.0,3606,True,0.00097752,0.70968,True,3208,3208,3385.0,3388.0,3606,3606,False,False,True,3.968,0.8944723618090452,0.70870248,26,3473.0,87.0,bidmc-26-w085-0009,85
10,3606,3636.0,3750,True,0.0,0.41056,True,3606,3606,3635.0,3637.0,3750,3751,False,False,True,2.0,0.41666666666666663,0.41056,26,3722.0,86.0,bidmc-26-w085-0010,85
11,3750,3884.0,4276,True,0.0,0.70381,True,3750,3751,3883.0,3885.0,4276,4277,False,False,True,1.984,0.5095057034220533,0.70381,26,3970.0,86.0,bidmc-26-w085-0011,85
12,4276,4456.0,4691,True,0.00097752,0.76637,True,4276,4277,4456.0,4457.0,4691,4691,False,False,True,4.576,0.8674698795180723,0.76539248,26,4542.0,86.0,bidmc-26-w085-0012,85
13,4691,4841.0,5203,True,0.0,0.71945,True,4691,4691,4841.0,4841.0,5203,5203,False,False,True,3.08,0.5859375,0.71945,26,4926.0,85.0,bidmc-26-w085-0013,85
14,5203,5422.0,5572,True,0.0,0.82405,True,5203,5203,5421.0,5423.0,5572,5572,False,False,True,4.648,0.8130081300813008,0.82405,26,5508.0,86.0,bidmc-26-w085-0014,85
15,5572,5749.0,5887,True,0.039101,0.7478,True,5572,5572,5747.0,5751.0,5887,5887,False,False,True,2.616,0.8761904761904762,0.708699,26,5836.0,87.0,bidmc-26-w085-0015,85
16,5887,6045.0,6278,True,0.030303,0.83284,True,5887,5887,6044.0,6047.0,6278,6278,False,False,True,2.368,0.8081841432225064,0.8025370000000001,26,6132.0,87.0,bidmc-26-w085-0016,85
17,6278,6418.0,6557,True,0.084066,0.91496,True,6278,6278,6417.0,6420.0,6557,6557,False,False,True,2.984,0.996415770609319,0.830894,26,6505.0,87.0,bidmc-26-w085-0017,85
18,6557,6586.0,6721,True,0.0,0.79765,True,6557,6557,6585.0,6587.0,6721,6721,False,False,True,1.344,0.35365853658536583,0.79765,26,6672.0,86.0,bidmc-26-w085-0018,85
19,6721,6969.0,7140,True,0.0,1.0,True,6721,6721,6909.0,7029.0,7140,7140,False,False,True,3.064,0.8162291169451074,1.0,26,7114.0,145.0,bidmc-26-w085-0019,85
20,7140,7336.0,7540,True,0.0,1.0,True,7140,7140,7279.0,7393.0,7540,7540,False,False,True,2.936,0.98,1.0,26,7478.0,142.0,bidmc-26-w085-0020,85
21,7540,7753.0,7867,True,0.0,1.0,True,7540,7540,7685.0,7821.0,7828,7906,False,False,True,3.336,0.6972477064220184,1.0,26,7906.0,153.0,bidmc-26-w085-0021,85
22,7867,7956.0,8270,True,0.24242,1.0,True,7828,7906,7913.0,7999.0,8270,8270,False,False,True,1.624,0.4416873449131513,0.75758,26,8084.0,128.0,bidmc-26-w085-0022,85
23,8270,8420.0,8569,True,0.0,1.0,True,8270,8270,8385.0,8455.0,8569,8569,False,False,True,3.712,0.9966555183946488,1.0,26,8540.0,120.0,bidmc-26-w085-0023,85
24,8569,8657.0,8718,True,0.0,0.69599,True,8569,8569,8656.0,8659.0,8718,8718,False,False,True,1.896,0.8187919463087249,0.69599,26,8744.0,87.0,bidmc-26-w085-0024,85
25,8718,8859.0,9167,True,0.0,1.0,True,8718,8718,8833.0,8885.0,9167,9167,False,False,True,1.616,0.6280623608017817,1.0,26,8970.0,111.0,bidmc-26-w085-0025,85
26,9167,9283.0,9560,True,0.0,0.81134,True,9167,9167,9283.0,9283.0,9560,9560,False,False,True,3.392,0.5903307888040712,0.81134,26,9368.0,85.0,bidmc-26-w085-0026,85
27,9560,9690.0,10088,True,0.0,0.77224,True,9560,9560,9689.0,9691.0,10088,10088,False,False,True,3.256,0.49242424242424243,0.77224,26,9776.0,86.0,bidmc-26-w085-0027,85
28,10088,10248.0,10574,True,0.0,0.68328,True,10088,10088,10247.0,10249.0,10574,10574,False,False,True,4.464,0.6584362139917695,0.68328,26,10334.0,86.0,bidmc-26-w085-0028,85
29,10574,10756.0,10958,True,0.017595,0.94037,True,10574,10574,10755.0,10757.0,10958,10958,False,False,True,4.064,0.9479166666666666,0.922775,26,10842.0,86.0,bidmc-26-w085-0029,85
30,10958,11001.0,11212,True,0.017595,0.50244,True,10958,10958,11001.0,11001.0,11212,11212,False,False,True,1.96,0.3385826771653543,0.48484499999999997,26,11086.0,85.0,bidmc-26-w085-0030,85
31,11212,11344.0,11474,True,0.066471,0.69599,True,11212,11212,11343.0,11345.0,11474,11475,False,False,True,2.744,0.9923664122137404,0.6295189999999999,26,11430.0,86.0,bidmc-26-w085-0031,85
32,11474,11510.0,11669,True,0.0,0.61193,True,11474,11475,11509.0,11511.0,11669,11669,False,False,True,1.328,0.36923076923076925,0.61193,26,11596.0,86.0,bidmc-26-w085-0032,85
33,11669,11798.0,12081,True,0.058651,0.62366,True,11669,11669,11797.0,11799.0,12081,12081,False,False,True,2.304,0.6262135922330097,0.565009,26,11884.0,86.0,bidmc-26-w085-0033,85
34,12081,12255.0,12517,True,0.0,0.79668,True,12081,12081,12255.0,12256.0,12517,12517,False,False,True,3.656,0.7981651376146789,0.79668,26,12341.0,86.0,bidmc-26-w085-0034,85
35,12517,12774.0,12935,True,0.028348,0.88172,True,12517,12517,12773.0,12776.0,12935,12935,False,False,True,4.152,0.7703349282296651,0.8533719999999999,26,12861.0,87.0,bidmc-26-w085-0035,85
36,12935,13153.0,13279,True,0.043011,0.91691,True,12935,12935,13153.0,13153.0,13279,13279,False,False,True,3.032,0.7325581395348837,0.873899,26,13238.0,85.0,bidmc-26-w085-0036,85
37,13279,13542.0,13692,True,0.0,1.0,True,13279,13279,13509.0,13575.0,13692,13692,False,False,True,3.112,0.7263922518159807,1.0,26,13660.0,118.0,bidmc-26-w085-0037,85
38,13692,13940.0,14115,True,0.0,1.0,True,13692,13692,13874.0,14007.0,14115,14116,False,False,True,3.184,0.8274231678486997,1.0,26,14092.0,152.0,bidmc-26-w085-0038,85
39,14115,14351.0,14554,True,0.0,1.0,True,14115,14116,14261.0,14441.0,14554,14554,False,False,True,3.288,0.9248291571753986,1.0,26,14526.0,175.0,bidmc-26-w085-0039,85
40,14554,14777.0,14952,True,0.0,1.0,True,14554,14554,14699.0,14855.0,14952,14952,False,False,True,3.408,0.8793969849246231,1.0,26,14940.0,163.0,bidmc-26-w085-0040,85
41,14952,15180.0,15361,True,0.0,1.0,True,14952,14952,15097.0,15263.0,15361,15361,False,False,True,3.224,0.8850855745721271,1.0,26,15348.0,168.0,bidmc-26-w085-0041,85
42,15361,15613.0,15726,True,0.0,0.9521,True,15361,15361,15593.0,15633.0,15726,15726,False,False,True,3.464,0.6191780821917808,0.9521,26,15718.0,105.0,bidmc-26-w085-0042,85
43,15726,15855.0,16093,True,0.0,1.0,True,15726,15726,15817.0,15893.0,16093,16093,False,False,True,1.936,0.7029972752043596,1.0,26,15978.0,123.0,bidmc-26-w085-0043,85
44,16093,16141.0,16205,True,0.10459,0.49267,True,16093,16093,16139.0,16143.0,16205,16205,False,False,True,2.288,0.8571428571428572,0.38808,26,16228.0,87.0,bidmc-26-w085-0044,85
45,16205,16348.0,16509,True,0.0,1.0,True,16205,16205,16309.0,16387.0,16509,16509,False,False,True,1.656,0.9407894736842105,1.0,26,16472.0,124.0,bidmc-26-w085-0045,85
46,16509,16554.0,16615,True,0.014663,0.47312,True,16509,16509,16553.0,16556.0,16615,16616,False,False,True,1.648,0.8490566037735849,0.458457,26,16641.0,87.0,bidmc-26-w085-0046,85
47,16615,16751.0,16907,True,0.0,1.0,True,16615,16616,16723.0,16779.0,16907,16907,False,False,True,1.576,0.9315068493150684,1.0,26,16864.0,113.0,bidmc-26-w085-0047,85
48,16907,16964.0,17078,True,0.0,0.57967,True,16907,16907,16961.0,16967.0,17078,17078,False,False,True,1.704,0.6666666666666667,0.57967,26,17052.0,88.0,bidmc-26-w085-0048,85
49,17078,17201.0,17521,True,0.0,0.81818,True,17078,17078,17200.0,17203.0,17521,17521,False,False,True,1.896,0.5553047404063205,0.81818,26,17288.0,87.0,bidmc-26-w085-0049,85
50,17521,17650.0,18009,True,0.0,0.86901,True,17521,17521,17649.0,17651.0,18009,18009,False,False,True,3.592,0.5286885245901639,0.86901,26,17736.0,86.0,bidmc-26-w085-0050,85
51,18009,18143.0,18348,True,0.0,0.66764,True,18009,18009,18143.0,18143.0,18348,18349,False,False,True,3.944,0.7905604719764012,0.66764,26,18228.0,85.0,bidmc-26-w085-0051,85
52,18348,18354.0,18516,True,0.0,0.45455,True,18348,18349,18353.0,18355.0,18516,18516,False,False,True,1.688,0.0714285714285714,0.45455,26,18440.0,86.0,bidmc-26-w085-0052,85
53,18516,18688.0,18925,True,0.0,0.67449,True,18516,18516,18687.0,18689.0,18925,18925,False,False,True,2.672,0.8410757946210269,0.67449,26,18774.0,86.0,bidmc-26-w085-0053,85
54,18925,19062.0,19430,True,0.0,0.66764,True,18925,18925,19061.0,19063.0,19430,19430,False,False,True,2.992,0.5425742574257426,0.66764,26,19148.0,86.0,bidmc-26-w085-0054,85
55,19430,19566.0,19600,True,0.0068426,0.63832,True,19430,19430,19565.0,19567.0,19600,19600,False,False,True,4.032,0.4,0.6314774,26,19652.0,86.0,bidmc-26-w085-0055,85
56,19600,19697.0,19921,True,0.0,0.66178,True,19600,19600,19696.0,19698.0,19921,19922,False,False,True,1.048,0.604361370716511,0.66178,26,19783.0,86.0,bidmc-26-w085-0056,85
57,19921,20198.0,20336,True,0.0029325,0.9218,True,19921,19922,20197.0,20199.0,20336,20337,False,False,True,4.008,0.6650602409638554,0.9188675,26,20284.0,86.0,bidmc-26-w085-0057,85
58,20336,20566.0,20702,True,0.054741,1.0,True,20336,20337,20555.0,20577.0,20702,20702,False,False,True,2.944,0.7431693989071038,0.945259,26,20662.0,96.0,bidmc-26-w085-0058,85
59,20702,20928.0,21141,True,0.0,1.0,True,20702,20702,20873.0,20983.0,21141,21141,False,False,True,2.896,0.9703872437357631,1.0,26,21068.0,140.0,bidmc-26-w085-0059,85
60,21141,21243.0,21613,True,0.0,0.84653,True,21141,21141,21243.0,21243.0,21613,21613,False,False,True,2.52,0.43220338983050843,0.84653,26,21328.0,85.0,bidmc-26-w085-0060,85
61,21613,21911.0,22056,True,0.0,1.0,True,21613,21613,21878.0,21945.0,22056,22056,False,False,True,5.344,0.654627539503386,1.0,26,22030.0,119.0,bidmc-26-w085-0061,85
62,22056,22288.0,22468,True,0.0,0.99413,True,22056,22056,22287.0,22289.0,22468,22468,False,False,True,3.016,0.8737864077669903,0.99413,26,22374.0,86.0,bidmc-26-w085-0062,85
63,22468,22656.0,22864,True,0.0,1.0,True,22468,22468,22645.0,22667.0,22864,22864,False,False,True,2.944,0.9494949494949495,1.0,26,22752.0,96.0,bidmc-26-w085-0063,85
64,22864,23061.0,23308,True,0.0,1.0,True,22864,22864,23001.0,23121.0,23308,23308,False,False,True,3.24,0.8873873873873874,1.0,26,23206.0,145.0,bidmc-26-w085-0064,85
65,23308,23521.0,23689,True,0.0,1.0,True,23308,23308,23481.0,23561.0,23689,23689,False,False,True,3.68,0.8818897637795275,1.0,26,23646.0,125.0,bidmc-26-w085-0065,85
66,23689,23907.0,24081,True,0.0,1.0,True,23689,23689,23843.0,23971.0,24081,24081,False,False,True,3.088,0.8877551020408163,1.0,26,24056.0,149.0,bidmc-26-w085-0066,85
67,24081,24288.0,24450,True,0.0,1.0,True,24081,24081,24229.0,24347.0,24450,24450,False,False,True,3.048,0.8780487804878049,1.0,26,24432.0,144.0,bidmc-26-w085-0067,85
68,24450,24648.0,24899,True,0.0,1.0,True,24450,24450,24579.0,24717.0,24899,24899,False,False,True,2.88,0.8819599109131403,1.0,26,24802.0,154.0,bidmc-26-w085-0068,85
69,24899,25140.0,25276,True,0.0,1.0,True,24899,24899,25096.0,25185.0,25276,25276,False,False,True,3.936,0.7214854111405835,1.0,26,25270.0,130.0,bidmc-26-w085-0069,85
70,25276,25479.0,25641,True,0.0,1.0,True,25276,25276,25413.0,25545.0,25641,25641,False,False,True,2.712,0.8876712328767123,1.0,26,25630.0,151.0,bidmc-26-w085-0070,85
71,25641,25858.0,26051,True,0.0,1.0,True,25641,25641,25761.0,25955.0,26051,26051,False,False,True,3.032,0.9414634146341463,1.0,26,26040.0,182.0,bidmc-26-w085-0071,85
72,26051,26266.0,26461,True,0.0,1.0,True,26051,26051,26169.0,26363.0,26461,26461,False,False,True,3.264,0.9512195121951219,1.0,26,26448.0,182.0,bidmc-26-w085-0072,85
73,26461,26715.0,26877,True,0.0,1.0,True,26461,26461,26667.0,26763.0,26877,26877,False,False,True,3.592,0.7788461538461539,1.0,26,26848.0,133.0,bidmc-26-w085-0073,85
74,26877,27094.0,27272,True,0.0,1.0,True,26877,26877,27012.0,27177.0,27272,27272,False,False,True,3.032,0.9012658227848102,1.0,26,27262.0,168.0,bidmc-26-w085-0074,85
75,27272,27484.0,27666,True,0.0,1.0,True,27272,27272,27409.0,27559.0,27666,27666,False,False,True,3.12,0.9238578680203046,1.0,26,27644.0,160.0,bidmc-26-w085-0075,85
76,27666,27702.0,27791,True,0.23558,0.51515,True,27666,27666,27702.0,27703.0,27791,27791,False,False,True,1.744,0.5760000000000001,0.27957,26,27788.0,86.0,bidmc-26-w085-0076,85
77,27791,27947.0,28158,True,0.14761,1.0,True,27791,27791,27893.0,28001.0,28158,28158,False,False,True,1.96,0.8501362397820164,0.85239,26,28086.0,139.0,bidmc-26-w085-0077,85
78,28158,28301.0,28481,True,0.0,1.0,True,28158,28158,28265.0,28337.0,28481,28481,False,False,True,2.832,0.8854489164086687,1.0,26,28422.0,121.0,bidmc-26-w085-0078,85
79,28481,28494.0,28525,True,0.33529,0.40274,True,28481,28481,28492.0,28497.0,28525,28525,False,False,True,1.544,0.5909090909090908,0.06745000000000001,26,28582.0,88.0,bidmc-26-w085-0079,85
80,28525,28661.0,28840,True,0.0,1.0,True,28525,28525,28631.0,28691.0,28840,28840,False,False,True,1.336,0.8634920634920635,1.0,26,28776.0,115.0,bidmc-26-w085-0080,85
81,28840,29049.0,29319,True,0.0,1.0,True,28840,28840,29011.0,29087.0,29319,29319,False,False,True,3.104,0.872651356993737,1.0,26,29172.0,123.0,bidmc-26-w085-0081,85
82,29319,29468.0,29674,True,0.0,1.0,True,29319,29319,29435.0,29501.0,29674,29674,False,False,True,3.352,0.8394366197183099,1.0,26,29586.0,118.0,bidmc-26-w085-0082,85
83,29674,29766.0,29785,True,0.1349,0.23265,True,29674,29674,29765.0,29767.0,29785,29785,False,False,True,2.384,0.3423423423423423,0.09775,26,29852.0,86.0,bidmc-26-w085-0083,85
84,29785,29941.0,30267,True,0.0,1.0,True,29785,29785,29909.0,29973.0,30267,30267,False,False,True,1.4,0.6473029045643153,1.0,26,30058.0,117.0,bidmc-26-w085-0084,85
85,30267,30412.0,30784,True,0.0,1.0,True,30267,30267,30381.0,30443.0,30784,30784,False,False,True,3.768,0.5609284332688589,1.0,26,30528.0,116.0,bidmc-26-w085-0085,85
86,30784,30940.0,31115,True,0.0,1.0,True,30784,30784,30907.0,30973.0,31115,31115,False,False,True,4.224,0.9425981873111783,1.0,26,31058.0,118.0,bidmc-26-w085-0086,85
87,31115,31268.0,31493,True,0.0,1.0,True,31115,31115,31221.0,31315.0,31493,31493,False,False,True,2.624,0.8095238095238095,1.0,26,31400.0,132.0,bidmc-26-w085-0087,85
88,31493,31694.0,32017,True,0.016618,1.0,True,31493,31493,31665.0,31723.0,32017,32017,False,False,True,3.408,0.767175572519084,0.983382,26,31808.0,114.0,bidmc-26-w085-0088,85
89,32017,32187.0,32531,True,0.0,1.0,True,32017,32017,32151.0,32223.0,32531,32531,False,False,True,3.944,0.6614785992217899,1.0,26,32308.0,121.0,bidmc-26-w085-0089,85
90,32531,32697.0,33106,True,0.0,1.0,True,32531,32531,32663.0,32731.0,33106,33106,False,False,True,4.08,0.577391304347826,1.0,26,32816.0,119.0,bidmc-26-w085-0090,85
91,33106,33271.0,33508,True,0.0,1.0,True,33106,33106,33260.0,33283.0,33508,33508,False,False,True,4.592,0.8208955223880597,1.0,26,33368.0,97.0,bidmc-26-w085-0091,85
92,33508,33567.0,33669,True,0.10753,0.25904,True,33508,33508,33567.0,33567.0,33669,33669,False,False,True,2.368,0.7329192546583851,0.15150999999999998,26,33652.0,85.0,bidmc-26-w085-0092,85
93,33669,33855.0,34158,True,0.083089,1.0,True,33669,33669,33819.0,33891.0,34158,34158,False,False,True,2.304,0.7607361963190185,0.916911,26,33976.0,121.0,bidmc-26-w085-0093,85
94,34158,34313.0,34602,True,0.0,1.0,True,34158,34158,34277.0,34349.0,34602,34602,False,False,True,3.664,0.6981981981981982,1.0,26,34434.0,121.0,bidmc-26-w085-0094,85
95,34602,34762.0,35128,True,0.0,1.0,True,34602,34602,34731.0,34793.0,35128,35128,False,False,True,3.592,0.6083650190114068,1.0,26,34878.0,116.0,bidmc-26-w085-0095,85
96,35128,35283.0,35608,True,0.0,1.0,True,35128,35128,35249.0,35317.0,35608,35608,False,False,True,4.168,0.6458333333333333,1.0,26,35402.0,119.0,bidmc-26-w085-0096,85
97,35608,35722.0,35731,True,0.12023,0.22581,True,35608,35608,35721.0,35723.0,35731,35731,False,False,True,3.512,0.14634146341463417,0.10558000000000001,26,35808.0,86.0,bidmc-26-w085-0097,85
98,35731,35917.0,36245,True,0.073314,1.0,True,35731,35731,35911.0,35924.0,36245,36245,False,False,True,1.56,0.7237354085603113,0.926686,26,36009.0,92.0,bidmc-26-w085-0098,85
99,36245,36392.0,36737,True,0.029326,0.93646,True,36245,36245,36392.0,36393.0,36737,36737,False,False,True,3.8,0.5975609756097561,0.907134,26,36478.0,86.0,bidmc-26-w085-0099,85
100,36737,36923.0,37263,True,0.017595,1.0,True,36737,36737,36891.0,36955.0,37263,37263,False,False,True,4.248,0.7072243346007605,0.982405,26,37040.0,117.0,bidmc-26-w085-0100,85
101,37263,37438.0,37764,True,0.0029325,1.0,True,37263,37263,37395.0,37481.0,37764,37765,False,False,True,4.12,0.6986027944111777,0.9970675,26,37566.0,128.0,bidmc-26-w085-0101,85
103,37781,37910.0,37922,True,0.15836,0.2522,True,37780,37782,37909.0,37912.0,37922,37922,False,False,True,1.032,0.17021276595744683,0.09383999999999998,26,37997.0,87.0,bidmc-26-w085-0103,85
104,37922,38079.0,38386,True,0.041056,0.88074,True,37922,37922,38079.0,38079.0,38386,38386,False,False,True,1.352,0.6767241379310345,0.839684,26,38164.0,85.0,bidmc-26-w085-0104,85
105,38386,38450.0,38496,True,0.17889,0.22776,True,38386,38386,38449.0,38451.0,38496,38496,False,False,True,2.968,0.8363636363636364,0.04887,26,38536.0,86.0,bidmc-26-w085-0105,85
106,38496,38654.0,38963,True,0.080156,0.62268,True,38496,38496,38652.0,38656.0,38963,38964,False,False,True,1.632,0.6766595289079229,0.542524,26,38741.0,87.0,bidmc-26-w085-0106,85
107,38963,39080.0,39121,True,0.19453,0.31281,True,38963,38964,39079.0,39081.0,39121,39121,False,False,True,3.408,0.5189873417721519,0.11827999999999997,26,39166.0,86.0,bidmc-26-w085-0107,85
108,39121,39281.0,39552,True,0.031281,0.73216,True,39121,39121,39281.0,39281.0,39552,39553,False,False,True,1.608,0.7424593967517401,0.700879,26,39366.0,85.0,bidmc-26-w085-0108,85
109,39552,39605.0,39632,True,0.14174,0.32258,True,39552,39553,39605.0,39605.0,39632,39632,False,False,True,2.592,0.675,0.18083999999999997,26,39690.0,85.0,bidmc-26-w085-0109,85
110,39632,39791.0,40062,True,0.062561,0.85826,True,39632,39632,39790.0,39792.0,40062,40062,False,False,True,1.488,0.7395348837209302,0.795699,26,39877.0,86.0,bidmc-26-w085-0110,85
111,40062,40196.0,40308,True,0.066471,0.78006,True,40062,40062,40196.0,40197.0,40308,40308,False,False,True,3.24,0.9105691056910569,0.713589,26,40282.0,86.0,bidmc-26-w085-0111,85
112,40308,40322.0,40368,True,0.34213,0.55327,True,40308,40308,40321.0,40323.0,40368,40368,False,False,True,1.008,0.4666666666666667,0.21114000000000005,26,40408.0,86.0,bidmc-26-w085-0112,85
113,40368,40521.0,40839,True,0.0,1.0,True,40368,40368,40491.0,40551.0,40839,40840,False,False,True,1.592,0.6496815286624205,1.0,26,40636.0,115.0,bidmc-26-w085-0113,85
114,40839,40983.0,41286,True,0.0,1.0,True,40839,40840,40961.0,41005.0,41286,41286,False,False,True,3.696,0.6442953020134228,1.0,26,41090.0,107.0,bidmc-26-w085-0114,85
115,41286,41424.0,41777,True,0.0,1.0,True,41286,41286,41395.0,41453.0,41777,41777,False,False,True,3.528,0.5621181262729125,1.0,26,41538.0,114.0,bidmc-26-w085-0115,85
116,41777,41780.0,41867,True,0.1437,0.31574,True,41777,41777,41779.0,41781.0,41867,41867,False,False,True,2.848,0.06666666666666665,0.17204000000000003,26,41866.0,86.0,bidmc-26-w085-0116,85
117,41867,42038.0,42379,True,0.0,1.0,True,41867,41867,41997.0,42079.0,42379,42379,False,False,True,2.064,0.66796875,1.0,26,42164.0,126.0,bidmc-26-w085-0117,85
118,42379,42549.0,42864,True,0.0,1.0,True,42379,42379,42529.0,42569.0,42864,42864,False,False,True,4.088,0.7010309278350515,1.0,26,42654.0,105.0,bidmc-26-w085-0118,85
119,42864,43005.0,43294,True,0.0,0.74389,True,42864,42864,43005.0,43005.0,43294,43294,False,False,True,3.648,0.655813953488372,0.74389,26,43090.0,85.0,bidmc-26-w085-0119,85
120,43294,43504.0,43522,True,0.031281,0.3304,True,43294,43294,43502.0,43506.0,43522,43522,False,False,True,3.992,0.1578947368421053,0.299119,26,43591.0,87.0,bidmc-26-w085-0120,85
121,43522,43671.0,44062,True,0.0068426,0.8915,True,43522,43522,43671.0,43671.0,44062,44062,False,False,True,1.336,0.5518518518518518,0.8846573999999999,26,43756.0,85.0,bidmc-26-w085-0121,85
122,44062,44232.0,44489,True,0.01955,0.86804,True,44062,44062,44231.0,44233.0,44489,44490,False,False,True,4.488,0.7962529274004684,0.8484900000000001,26,44318.0,86.0,bidmc-26-w085-0122,85
123,44489,44494.0,44629,True,0.0029325,0.46628,True,44489,44490,44494.0,44495.0,44629,44629,False,False,True,2.096,0.0714285714285714,0.46334749999999997,26,44580.0,86.0,bidmc-26-w085-0123,85
124,44629,44774.0,45019,True,0.022483,0.72336,True,44629,44629,44771.0,44777.0,45019,45019,False,False,True,2.24,0.7435897435897436,0.700877,26,44862.0,88.0,bidmc-26-w085-0124,85
125,45019,45131.0,45284,True,0.062561,0.76833,True,45019,45019,45129.0,45133.0,45284,45284,False,False,True,2.856,0.8452830188679246,0.705769,26,45218.0,87.0,bidmc-26-w085-0125,85
126,45284,45387.0,45665,True,0.0,0.80352,True,45284,45284,45387.0,45388.0,45665,45665,False,False,True,2.048,0.5406824146981628,0.80352,26,45473.0,86.0,bidmc-26-w085-0126,85
127,45665,45781.0,46023,True,0.0097752,0.76442,True,45665,45665,45781.0,45781.0,46023,46024,False,False,True,3.152,0.6480446927374302,0.7546448,26,45866.0,85.0,bidmc-26-w085-0127,85
128,46023,46169.0,46395,True,0.0,1.0,True,46023,46024,46133.0,46205.0,46395,46395,False,False,True,3.104,0.7849462365591398,1.0,26,46290.0,121.0,bidmc-26-w085-0128,85
129,46395,46539.0,46765,True,0.0,1.0,True,46395,46395,46505.0,46573.0,46765,46765,False,False,True,2.96,0.7783783783783784,1.0,26,46658.0,119.0,bidmc-26-w085-0129,85
130,46765,46917.0,47154,True,0.0,1.0,True,46765,46765,46877.0,46957.0,47154,47154,False,False,True,3.024,0.781491002570694,1.0,26,47042.0,125.0,bidmc-26-w085-0130,85
131,47154,47317.0,47656,True,0.0,1.0,True,47154,47154,47279.0,47355.0,47656,47656,False,False,True,3.2,0.649402390438247,1.0,26,47440.0,123.0,bidmc-26-w085-0131,85
132,47656,47828.0,48048,True,0.0,1.0,True,47656,47656,47789.0,47867.0,48048,48048,False,False,True,4.088,0.8775510204081632,1.0,26,47952.0,124.0,bidmc-26-w085-0132,85
133,48048,48364.0,48692,True,0.031281,1.0,True,48048,48048,48357.0,48371.0,48692,48692,False,False,True,4.288,0.9813664596273292,0.968719,26,48456.0,92.0,bidmc-26-w085-0133,85
134,48692,48846.0,49135,True,0.0,1.0,True,48692,48692,48815.0,48877.0,49135,49135,False,False,True,3.856,0.6952595936794582,1.0,26,48962.0,116.0,bidmc-26-w085-0134,85
135,49135,49278.0,49668,True,0.0,0.86804,True,49135,49135,49277.0,49279.0,49668,49669,False,False,True,3.456,0.5365853658536586,0.86804,26,49364.0,86.0,bidmc-26-w085-0135,85
136,49668,49805.0,49875,True,0.17107,0.24536,True,49668,49669,49804.0,49806.0,49875,49875,False,False,True,4.216,0.6763285024154589,0.07429,26,49891.0,86.0,bidmc-26-w085-0136,85
137,49875,50159.0,50209,True,0.19159,0.39003,True,49875,49875,50159.0,50159.0,50209,50209,False,False,True,2.832,0.29940119760479045,0.19843999999999998,26,50244.0,85.0,bidmc-26-w085-0137,85
138,50209,50340.0,50657,True,0.1349,0.67253,True,50209,50209,50339.0,50342.0,50657,50657,False,False,True,1.448,0.5848214285714286,0.5376299999999999,26,50427.0,87.0,bidmc-26-w085-0138,85
139,50657,50696.0,50804,True,0.22287,0.3607,True,50657,50657,50695.0,50697.0,50804,50805,False,False,True,2.848,0.5306122448979591,0.13783,26,50782.0,86.0,bidmc-26-w085-0139,85
140,50804,50870.0,50881,True,0.21701,0.26979,True,50804,50805,50869.0,50871.0,50881,50881,False,False,True,1.392,0.2857142857142857,0.052779999999999966,26,50956.0,86.0,bidmc-26-w085-0140,85
141,50881,51040.0,51379,True,0.086999,0.79668,True,50881,50881,51039.0,51041.0,51379,51379,False,False,True,1.36,0.6385542168674698,0.709681,26,51126.0,86.0,bidmc-26-w085-0141,85
142,51379,51447.0,51518,True,0.0039101,0.31965,True,51379,51379,51446.0,51448.0,51518,51518,False,False,True,3.256,0.9784172661870504,0.31573989999999996,26,51533.0,86.0,bidmc-26-w085-0142,85
143,51518,51661.0,51757,True,0.016618,0.73216,True,51518,51518,51660.0,51663.0,51757,51757,False,False,True,1.712,0.803347280334728,0.715542,26,51748.0,87.0,bidmc-26-w085-0143,85
144,51757,51803.0,51921,True,0.11828,0.70186,True,51757,51757,51803.0,51803.0,51921,51921,False,False,True,1.136,0.5609756097560976,0.58358,26,51888.0,85.0,bidmc-26-w085-0144,85
145,51921,52032.0,52152,True,0.2434,0.80841,True,51921,51921,52032.0,52033.0,52152,52152,False,False,True,1.832,0.961038961038961,0.56501,26,52118.0,86.0,bidmc-26-w085-0145,85
146,52152,52192.0,52331,True,0.0,0.67742,True,52152,52152,52191.0,52193.0,52331,52331,False,False,True,1.28,0.44692737430167595,0.67742,26,52278.0,86.0,bidmc-26-w085-0146,85
147,52331,52452.0,52750,True,0.0,1.0,True,52331,52331,52435.0,52469.0,52750,52750,False,False,True,2.08,0.5775656324582339,1.0,26,52554.0,102.0,bidmc-26-w085-0147,85
148,52750,52913.0,53042,True,0.0,0.98143,True,52750,52750,52913.0,52913.0,53042,53042,False,False,True,3.688,0.8835616438356164,0.98143,26,52998.0,85.0,bidmc-26-w085-0148,85
149,53042,53063.0,53199,True,0.0,0.82502,True,53042,53042,53062.0,53065.0,53199,53199,False,False,True,1.2,0.26751592356687903,0.82502,26,53150.0,87.0,bidmc-26-w085-0149,85
150,53199,53314.0,53652,True,0.0,1.0,True,53199,53199,53305.0,53323.0,53652,53652,False,False,True,2.008,0.5077262693156732,1.0,26,53408.0,94.0,bidmc-26-w085-0150,85
151,53652,53775.0,54075,True,0.0,0.69208,True,53652,53652,53775.0,53775.0,54075,54076,False,False,True,3.688,0.5815602836879432,0.69208,26,53860.0,85.0,bidmc-26-w085-0151,85
152,54075,54188.0,54503,True,0.0,0.9521,True,54075,54076,54188.0,54189.0,54503,54503,False,False,True,3.304,0.5280373831775701,0.9521,26,54274.0,86.0,bidmc-26-w085-0152,85
153,54503,54618.0,54916,True,0.0,0.62659,True,54503,54503,54615.0,54621.0,54916,54916,False,False,True,3.44,0.5569007263922519,0.62659,26,54706.0,88.0,bidmc-26-w085-0153,85
154,54916,55079.0,55344,True,0.0,0.84848,True,54916,54916,55079.0,55079.0,55344,55344,False,False,True,3.688,0.7616822429906542,0.84848,26,55164.0,85.0,bidmc-26-w085-0154,85
155,55344,55501.0,55767,True,0.024438,0.63148,True,55344,55344,55501.0,55501.0,55767,55767,False,False,True,3.376,0.7423167848699763,0.6070420000000001,26,55586.0,85.0,bidmc-26-w085-0155,85
156,55767,55910.0,56113,True,0.084066,0.70674,True,55767,55767,55908.0,55913.0,56113,56113,False,False,True,3.272,0.8265895953757225,0.6226740000000001,26,55998.0,88.0,bidmc-26-w085-0156,85
157,56113,56219.0,56588,True,0.0,0.70577,True,56113,56113,56219.0,56220.0,56588,56588,False,False,True,2.472,0.4463157894736842,0.70577,26,56305.0,86.0,bidmc-26-w085-0157,85
158,56588,56744.0,57025,True,0.0,0.70674,True,56588,56588,56742.0,56747.0,57025,57025,False,False,True,4.2,0.7139588100686498,0.70674,26,56832.0,88.0,bidmc-26-w085-0158,85
159,57025,57237.0,57460,True,0.0,0.77908,True,57025,57025,57237.0,57237.0,57460,57460,False,False,True,3.944,0.9747126436781609,0.77908,26,57322.0,85.0,bidmc-26-w085-0159,85
160,57460,57652.0,57893,True,0.021505,0.72043,True,57460,57460,57651.0,57653.0,57893,57893,False,False,True,3.32,0.8868360277136259,0.698925,26,57738.0,86.0,bidmc-26-w085-0160,85
161,57893,58056.0,58363,True,0.0,0.77517,True,57893,57893,58055.0,58058.0,58363,58363,False,False,True,3.232,0.6936170212765957,0.77517,26,58143.0,87.0,bidmc-26-w085-0161,85
162,58363,58651.0,58806,True,0.0,0.84848,True,58363,58363,58650.0,58653.0,58806,58806,False,False,True,4.76,0.6997742663656885,0.84848,26,58738.0,87.0,bidmc-26-w085-0162,85
163,58806,59034.0,59210,True,0.0,1.0,True,58806,58806,58969.0,59099.0,59210,59210,False,False,True,3.064,0.8712871287128713,1.0,26,59184.0,150.0,bidmc-26-w085-0163,85
164,59210,59419.0,59605,True,0.0078201,1.0,True,59210,59210,59357.0,59481.0,59605,59605,False,False,True,3.08,0.9417721518987342,0.9921799,26,59566.0,147.0,bidmc-26-w085-0164,85
165,59605,59732.0,59863,True,0.0,1.0,True,59605,59605,59693.0,59771.0,59863,59863,False,False,True,2.504,0.9844961240310077,1.0,26,59856.0,124.0,bidmc-26-w085-0165,85
2,209,380.0,615,True,-0.10874,0.18058,True,209,210,379.0,381.0,615,616,False,False,True,1.368,0.8423645320197044,0.28932,27,466.0,86.0,bidmc-27-w085-0002,85
3,615,1051.0,1283,True,-0.07767,0.21165,True,615,616,1051.0,1051.0,1283,1283,False,False,True,5.368,0.6946107784431137,0.28932,27,1136.0,85.0,bidmc-27-w085-0003,85
4,1283,1694.0,1903,True,-0.091262,0.21748,True,1283,1283,1690.0,1699.0,1903,1903,False,False,True,5.144,0.6741935483870968,0.308742,27,1784.0,90.0,bidmc-27-w085-0004,85
5,1903,2177.0,2507,True,-0.099029,0.20777,True,1903,1903,2175.0,2180.0,2507,2507,False,False,True,3.864,0.9072847682119205,0.30679900000000004,27,2265.0,88.0,bidmc-27-w085-0005,85
6,2507,2521.0,2595,True,-0.040777,0.0,True,2507,2507,2521.0,2521.0,2595,2596,False,False,True,2.752,0.31818181818181823,0.040777,27,2606.0,85.0,bidmc-27-w085-0006,85
7,2595,2935.0,3221,True,-0.1068,0.16311,True,2595,2596,2933.0,2937.0,3221,3222,False,False,True,3.312,0.9137380191693291,0.26991,27,3022.0,87.0,bidmc-27-w085-0007,85
8,3221,3637.0,3906,True,-0.10485,0.24272,True,3221,3222,3636.0,3639.0,3906,3906,False,False,True,5.616,0.7854014598540147,0.34757,27,3724.0,87.0,bidmc-27-w085-0008,85
9,3906,4315.0,4534,True,-0.1165,0.21359,True,3906,3906,4315.0,4315.0,4534,4534,False,False,True,5.424,0.697452229299363,0.33009,27,4400.0,85.0,bidmc-27-w085-0009,85
10,4534,4937.0,5222,True,-0.11262,0.19806,True,4534,4534,4935.0,4940.0,5222,5222,False,False,True,4.976,0.8284883720930233,0.31068,27,5025.0,88.0,bidmc-27-w085-0010,85
11,5222,5624.0,5910,True,-0.099029,0.16893,True,5222,5222,5615.0,5634.0,5910,5911,False,False,True,5.496,0.8313953488372093,0.267959,27,5719.0,95.0,bidmc-27-w085-0011,85
12,5910,6313.0,6621,True,-0.08932,0.19612,True,5910,5911,6311.0,6315.0,6621,6622,False,False,True,5.512,0.8663853727144867,0.28543999999999997,27,6400.0,87.0,bidmc-27-w085-0012,85
13,6621,6975.0,7366,True,-0.11262,0.20388,True,6621,6622,6973.0,6977.0,7366,7366,False,False,True,5.296,0.9503355704697987,0.3165,27,7062.0,87.0,bidmc-27-w085-0013,85
14,7366,7838.0,8090,True,-0.10485,0.2,True,7366,7366,7837.0,7839.0,8090,8091,False,False,True,6.904,0.6961325966850829,0.30485,27,7924.0,86.0,bidmc-27-w085-0014,85
15,8090,8507.0,8728,True,-0.099029,0.1767,True,8090,8091,8495.0,8519.0,8728,8728,False,False,True,5.352,0.6927899686520376,0.275729,27,8604.0,97.0,bidmc-27-w085-0015,85
16,8728,9143.0,9399,True,-0.10485,0.1767,True,8728,8728,9111.0,9175.0,9399,9399,False,False,True,5.088,0.7630402384500745,0.28154999999999997,27,9260.0,117.0,bidmc-27-w085-0016,85
17,9399,9641.0,9664,True,-0.093204,0.12816,True,9399,9399,9639.0,9643.0,9664,9665,False,False,True,3.984,0.17358490566037732,0.221364,27,9728.0,87.0,bidmc-27-w085-0017,85
18,9664,9847.0,10053,True,-0.10097,0.17476,True,9664,9665,9843.0,9851.0,10053,10054,False,False,True,1.648,0.9408740359897172,0.27573000000000003,27,9936.0,89.0,bidmc-27-w085-0018,85
19,10053,10442.0,10732,True,-0.13204,0.2,True,10053,10054,10440.0,10445.0,10732,10733,False,False,True,4.76,0.8541973490427098,0.33204,27,10530.0,88.0,bidmc-27-w085-0019,85
20,10732,10975.0,11025,True,-0.07767,0.15922,True,10732,10733,10971.0,10979.0,11025,11026,False,False,True,4.264,0.341296928327645,0.23689,27,11064.0,89.0,bidmc-27-w085-0020,85
21,11025,11142.0,11451,True,-0.13786,0.18835,True,11025,11026,11140.0,11144.0,11451,11451,False,False,True,1.336,0.5492957746478873,0.32621,27,11229.0,87.0,bidmc-27-w085-0021,85
22,11451,11811.0,12078,True,-0.12233,0.19612,True,11451,11451,11798.0,11824.0,12078,12078,False,False,True,5.352,0.8516746411483254,0.31845,27,11909.0,98.0,bidmc-27-w085-0022,85
23,12078,12500.0,12768,True,-0.091262,0.20971,True,12078,12078,12499.0,12501.0,12768,12768,False,False,True,5.512,0.7768115942028986,0.300972,27,12586.0,86.0,bidmc-27-w085-0023,85
24,12768,13179.0,13478,True,-0.10291,0.19029,True,12768,12768,13179.0,13179.0,13478,13479,False,False,True,5.432,0.8422535211267606,0.2932,27,13264.0,85.0,bidmc-27-w085-0024,85
25,13478,13939.0,14191,True,-0.10097,0.17864,True,13478,13479,13935.0,13943.0,14191,14192,False,False,True,6.08,0.7068723702664796,0.27961,27,14028.0,89.0,bidmc-27-w085-0025,85
26,14191,14619.0,14864,True,-0.075728,0.20194,True,14191,14192,14619.0,14619.0,14864,14865,False,False,True,5.44,0.7280832095096583,0.277668,27,14704.0,85.0,bidmc-27-w085-0026,85
27,14864,15279.0,15543,True,-0.10291,0.14951,True,14864,14865,15279.0,15279.0,15543,15543,False,False,True,5.28,0.7776141384388807,0.25242,27,15364.0,85.0,bidmc-27-w085-0027,85
28,15543,16011.0,16346,True,-0.091262,0.17282,True,15543,15543,16010.0,16012.0,16346,16346,False,False,True,5.856,0.8343711083437111,0.264082,27,16097.0,86.0,bidmc-27-w085-0028,85
29,16346,16829.0,17040,True,-0.085437,0.14563,True,16346,16346,16822.0,16837.0,17040,17041,False,False,True,6.544,0.6080691642651297,0.23106700000000002,27,16922.0,93.0,bidmc-27-w085-0029,85
30,17040,17291.0,17324,True,-0.056311,0.08932,True,17040,17041,17291.0,17291.0,17324,17325,False,False,True,3.696,0.23239436619718312,0.145631,27,17376.0,85.0,bidmc-27-w085-0030,85
31,17324,17486.0,17749,True,-0.093204,0.11068,True,17324,17325,17428.0,17545.0,17749,17750,False,False,True,1.56,0.7623529411764706,0.203884,27,17630.0,144.0,bidmc-27-w085-0031,85
32,17749,17944.0,18053,True,-0.060194,0.085437,True,17749,17750,17941.0,17947.0,18052,18054,False,False,True,3.664,0.7171052631578947,0.145631,27,18032.0,88.0,bidmc-27-w085-0032,85
33,18053,18202.0,18432,True,-0.11262,0.08932,True,18052,18054,18199.0,18205.0,18432,18432,False,False,True,2.064,0.7862796833773087,0.20194,27,18290.0,88.0,bidmc-27-w085-0033,85
34,18432,18653.0,18709,True,-0.062136,0.071845,True,18432,18432,18651.0,18655.0,18708,18710,False,False,True,3.608,0.4043321299638989,0.13398100000000002,27,18740.0,87.0,bidmc-27-w085-0034,85
35,18709,18875.0,19089,True,-0.10485,0.079612,True,18708,18710,18873.0,18877.0,19089,19090,False,False,True,1.776,0.8736842105263158,0.18446200000000001,27,18962.0,87.0,bidmc-27-w085-0035,85
36,19089,19377.0,19499,True,-0.073786,0.11845,True,19089,19090,19377.0,19377.0,19499,19499,False,False,True,4.016,0.5951219512195122,0.19223600000000002,27,19462.0,85.0,bidmc-27-w085-0036,85
37,19499,19619.0,19745,True,-0.071845,0.087379,True,19499,19499,19616.0,19622.0,19745,19746,False,False,True,1.936,0.975609756097561,0.159224,27,19707.0,88.0,bidmc-27-w085-0037,85
38,19745,20172.0,20419,True,-0.093204,0.13398,True,19745,19746,20171.0,20173.0,20419,20420,False,False,True,4.424,0.7329376854599406,0.227184,27,20258.0,86.0,bidmc-27-w085-0038,85
39,20419,20856.0,21168,True,-0.075728,0.1165,True,20419,20420,20855.0,20857.0,21168,21169,False,False,True,5.472,0.8331108144192256,0.192228,27,20942.0,86.0,bidmc-27-w085-0039,85
40,21168,21431.0,21518,True,-0.056311,0.10291,True,21168,21169,21430.0,21433.0,21518,21519,False,False,True,4.6,0.4971428571428571,0.159221,27,21518.0,87.0,bidmc-27-w085-0040,85
41,21518,21621.0,21786,True,-0.08932,0.10485,True,21518,21519,21606.0,21636.0,21786,21786,False,False,True,1.52,0.7686567164179104,0.19417,27,21721.0,100.0,bidmc-27-w085-0041,85
42,21786,21952.0,22071,True,-0.046602,0.11456,True,21786,21786,21951.0,21953.0,22071,22072,False,False,True,2.648,0.8350877192982455,0.161162,27,22038.0,86.0,bidmc-27-w085-0042,85
43,22071,22220.0,22420,True,-0.07767,0.099029,True,22071,22072,22204.0,22237.0,22420,22420,False,False,True,2.144,0.8538681948424068,0.176699,27,22322.0,102.0,bidmc-27-w085-0043,85
44,22420,22663.0,22730,True,-0.062136,0.058252,True,22420,22420,22663.0,22663.0,22722,22739,False,False,True,3.544,0.432258064516129,0.120388,27,22748.0,85.0,bidmc-27-w085-0044,85
45,22730,22883.0,23068,True,-0.11456,0.087379,True,22722,22739,22875.0,22891.0,23068,23069,False,False,True,1.76,0.9053254437869822,0.20193899999999998,27,22976.0,93.0,bidmc-27-w085-0045,85
46,23068,23324.0,23379,True,-0.081553,0.14757,True,23068,23069,23323.0,23325.0,23379,23380,False,False,True,3.528,0.3536977491961415,0.22912300000000002,27,23410.0,86.0,bidmc-27-w085-0046,85
47,23379,23480.0,23717,True,-0.075728,0.16311,True,23379,23380,23474.0,23486.0,23716,23718,False,False,True,1.248,0.5976331360946745,0.238838,27,23571.0,91.0,bidmc-27-w085-0047,85
48,23717,23939.0,23993,True,-0.050485,0.15146,True,23716,23718,23938.0,23941.0,23992,23994,False,False,True,3.672,0.3913043478260869,0.201945,27,24026.0,87.0,bidmc-27-w085-0048,85
49,23993,24146.0,24370,True,-0.056311,0.16893,True,23992,23994,24145.0,24147.0,24370,24371,False,False,True,1.656,0.8116710875331565,0.225241,27,24232.0,86.0,bidmc-27-w085-0049,85
50,24370,24533.0,24707,True,-0.058252,0.12039,True,24370,24371,24532.0,24535.0,24707,24708,False,False,True,3.096,0.9673590504451038,0.178642,27,24620.0,87.0,bidmc-27-w085-0050,85
51,24707,24786.0,25030,True,-0.11845,0.10097,True,24707,24708,24785.0,24787.0,25030,25031,False,False,True,2.024,0.4891640866873065,0.21942,27,24872.0,86.0,bidmc-27-w085-0051,85
52,25030,25514.0,25719,True,-0.079612,0.17476,True,25030,25031,25512.0,25516.0,25719,25719,False,False,True,5.824,0.5950653120464442,0.254372,27,25601.0,87.0,bidmc-27-w085-0052,85
53,25719,26119.0,26462,True,-0.14175,0.16311,True,25719,25719,26103.0,26135.0,26462,26462,False,False,True,4.84,0.9232839838492598,0.30486,27,26220.0,101.0,bidmc-27-w085-0053,85
55,26744,26947.0,27187,True,-0.1068,0.14951,True,26724,26765,26947.0,26947.0,27187,27187,False,False,True,1.624,0.9164785553047404,0.25631000000000004,27,27032.0,85.0,bidmc-27-w085-0055,85
57,27484,27631.0,27828,True,-0.07767,0.13398,True,27483,27486,27631.0,27631.0,27828,27829,False,False,True,1.176,0.8546511627906976,0.21165,27,27716.0,85.0,bidmc-27-w085-0057,85
59,28112,28259.0,28535,True,-0.11068,0.15922,True,28085,28140,28258.0,28261.0,28535,28536,False,False,True,1.176,0.6950354609929078,0.26990000000000003,27,28346.0,87.0,bidmc-27-w085-0059,85
60,28535,28779.0,28866,True,-0.10097,0.15922,True,28535,28536,28778.0,28781.0,28866,28867,False,False,True,4.16,0.5256797583081572,0.26019000000000003,27,28866.0,87.0,bidmc-27-w085-0060,85
61,28866,29009.0,29206,True,-0.095146,0.16311,True,28866,28867,29008.0,29011.0,29206,29207,False,False,True,1.84,0.8411764705882353,0.258256,27,29096.0,87.0,bidmc-27-w085-0061,85
62,29206,29611.0,29929,True,-0.093204,0.21165,True,29206,29207,29611.0,29611.0,29929,29929,False,False,True,4.816,0.8796680497925311,0.304854,27,29696.0,85.0,bidmc-27-w085-0062,85
63,29929,30376.0,30579,True,-0.085437,0.14369,True,29929,29929,30373.0,30379.0,30579,30580,False,False,True,6.12,0.6246153846153846,0.22912700000000003,27,30464.0,88.0,bidmc-27-w085-0063,85
64,30579,30825.0,30868,True,-0.071845,0.13786,True,30579,30580,30825.0,30825.0,30867,30869,False,False,True,3.592,0.2975778546712803,0.20970500000000003,27,30910.0,85.0,bidmc-27-w085-0064,85
65,30868,30963.0,31248,True,-0.087379,0.14951,True,30867,30869,30961.0,30966.0,31248,31249,False,False,True,1.104,0.5,0.23688900000000002,27,31051.0,88.0,bidmc-27-w085-0065,85
66,31248,31498.0,31536,True,-0.083495,0.10874,True,31248,31249,31497.0,31500.0,31536,31537,False,False,True,4.28,0.26388888888888884,0.192235,27,31585.0,87.0,bidmc-27-w085-0066,85
67,31536,31670.0,31879,True,-0.097087,0.1301,True,31536,31537,31669.0,31671.0,31879,31880,False,False,True,1.376,0.7813411078717201,0.227187,27,31756.0,86.0,bidmc-27-w085-0067,85
68,31879,32407.0,32577,True,-0.081553,0.19029,True,31879,31880,32403.0,32412.0,32577,32578,False,False,True,5.896,0.4871060171919771,0.271843,27,32497.0,90.0,bidmc-27-w085-0068,85
69,32577,32984.0,33356,True,-0.11068,0.18447,True,32577,32578,32955.0,33013.0,33356,33356,False,False,True,4.616,0.9550706033376123,0.29515,27,33098.0,114.0,bidmc-27-w085-0069,85
71,33664,33785.0,34081,True,-0.097087,0.14563,True,33640,33689,33783.0,33787.0,34081,34081,False,False,True,0.968,0.580335731414868,0.24271700000000002,27,33872.0,87.0,bidmc-27-w085-0071,85
72,34081,34332.0,34478,True,-0.097087,0.16505,True,34081,34081,34331.0,34334.0,34478,34479,False,False,True,4.376,0.7355163727959697,0.262137,27,34419.0,87.0,bidmc-27-w085-0072,85
73,34478,34587.0,34884,True,-0.16117,0.13592,True,34478,34479,34587.0,34587.0,34884,34884,False,False,True,2.04,0.5369458128078818,0.29709,27,34672.0,85.0,bidmc-27-w085-0073,85
74,34884,35248.0,35371,True,-0.083495,0.23689,True,34884,34884,35241.0,35255.0,35346,35397,False,False,True,5.288,0.5051334702258727,0.320385,27,35340.0,92.0,bidmc-27-w085-0074,85
75,35371,35483.0,35729,True,-0.017476,0.23107,True,35346,35397,35482.0,35484.0,35729,35729,False,False,True,1.88,0.6256983240223464,0.248546,27,35569.0,86.0,bidmc-27-w085-0075,85
76,35729,36074.0,36435,True,-0.11456,0.10485,True,35729,35729,36069.0,36079.0,36435,36436,False,False,True,4.728,0.9773371104815864,0.21941,27,36164.0,90.0,bidmc-27-w085-0076,85
77,36435,36731.0,36778,True,-0.071845,0.13786,True,36435,36436,36731.0,36731.0,36776,36780,False,False,True,5.256,0.2740524781341108,0.20970500000000003,27,36816.0,85.0,bidmc-27-w085-0077,85
78,36778,36874.0,37144,True,-0.1165,0.14369,True,36776,36780,36873.0,36875.0,37144,37144,False,False,True,1.144,0.5245901639344263,0.26019000000000003,27,36960.0,86.0,bidmc-27-w085-0078,85
79,37144,37228.0,37234,True,-0.071845,0.017476,True,37144,37144,37227.0,37230.0,37234,37235,False,False,True,2.832,0.1333333333333333,0.08932100000000001,27,37315.0,87.0,bidmc-27-w085-0079,85
80,37234,37347.0,37781,True,-0.13981,0.095146,True,37234,37235,37346.0,37349.0,37780,37782,False,False,True,0.952,0.4131627056672761,0.234956,27,37434.0,87.0,bidmc-27-w085-0080,85
81,37781,37828.0,37908,True,-0.087379,-0.01165,True,37780,37782,37825.0,37831.0,37908,37909,False,False,True,3.848,0.7401574803149606,0.07572899999999999,27,37916.0,88.0,bidmc-27-w085-0081,85
82,37908,38080.0,38201,True,-0.087379,0.023301,True,37908,37909,38078.0,38083.0,38200,38202,False,False,True,2.016,0.825938566552901,0.11068,27,38168.0,88.0,bidmc-27-w085-0082,85
83,38201,38415.0,38523,True,-0.14757,0.048544,True,38200,38202,38413.0,38417.0,38523,38523,False,False,True,2.68,0.670807453416149,0.196114,27,38502.0,87.0,bidmc-27-w085-0083,85
84,38523,38623.0,38638,True,-0.11262,-0.0097087,True,38523,38523,38623.0,38623.0,38638,38638,False,False,True,1.664,0.26086956521739135,0.1029113,27,38708.0,85.0,bidmc-27-w085-0084,85
85,38638,38768.0,38861,True,-0.036893,0.12816,True,38638,38638,38767.0,38769.0,38861,38862,False,False,True,1.16,0.8340807174887892,0.165053,27,38854.0,86.0,bidmc-27-w085-0085,85
86,38861,39024.0,39222,True,-0.071845,0.13204,True,38861,38862,39023.0,39025.0,39222,39222,False,False,True,2.048,0.9030470914127424,0.20388499999999998,27,39110.0,86.0,bidmc-27-w085-0086,85
87,39222,39397.0,39436,True,-0.048544,0.10097,True,39222,39222,39397.0,39397.0,39435,39437,False,False,True,2.984,0.36448598130841126,0.149514,27,39482.0,85.0,bidmc-27-w085-0087,85
88,39436,39706.0,40083,True,-0.048544,0.15146,True,39435,39437,39705.0,39707.0,40083,40083,False,False,True,2.472,0.8346213292117466,0.20000400000000002,27,39792.0,86.0,bidmc-27-w085-0088,85
89,40083,40242.0,40321,True,-0.054369,0.13204,True,40083,40083,40242.0,40243.0,40321,40322,False,False,True,4.288,0.6638655462184874,0.186409,27,40328.0,86.0,bidmc-27-w085-0089,85
90,40321,40471.0,40725,True,-0.042718,0.16893,True,40321,40322,40471.0,40471.0,40724,40726,False,False,True,1.832,0.7425742574257426,0.211648,27,40556.0,85.0,bidmc-27-w085-0090,85
91,40725,40730.0,40738,True,-0.027184,-0.015534,True,40724,40726,40729.0,40731.0,40738,40739,False,False,True,2.072,0.7692307692307692,0.01165,27,40816.0,86.0,bidmc-27-w085-0091,85
92,40738,41103.0,41360,True,-0.073786,0.14563,True,40738,40739,41101.0,41105.0,41360,41361,False,False,True,2.984,0.8263665594855305,0.219416,27,41190.0,87.0,bidmc-27-w085-0092,85
93,41360,41672.0,42081,True,-0.11456,0.26796,True,41360,41361,41672.0,41673.0,42081,42082,False,False,True,4.552,0.8654646324549238,0.38251999999999997,27,41758.0,86.0,bidmc-27-w085-0093,85
94,42081,42365.0,42487,True,-0.075728,0.17087,True,42081,42082,42365.0,42366.0,42487,42487,False,False,True,5.544,0.6009852216748768,0.24659799999999998,27,42451.0,86.0,bidmc-27-w085-0094,85
95,42487,42570.0,42838,True,-0.081553,0.14369,True,42487,42487,42519.0,42621.0,42837,42840,False,False,True,1.64,0.4729344729344729,0.22524300000000003,27,42706.0,136.0,bidmc-27-w085-0095,85
96,42838,43155.0,43507,True,-0.067961,0.2233,True,42837,42840,43155.0,43155.0,43507,43508,False,False,True,4.68,0.9476831091180867,0.291261,27,43240.0,85.0,bidmc-27-w085-0096,85
98,43817,43921.0,44274,True,-0.12427,0.18641,True,43803,43832,43921.0,43921.0,44273,44276,False,False,True,0.832,0.4551422319474836,0.31068,27,44006.0,85.0,bidmc-27-w085-0098,85
99,44274,44659.0,44974,True,-0.12621,0.2835,True,44273,44276,44658.0,44661.0,44973,44976,False,False,True,5.904,0.9,0.40970999999999996,27,44746.0,87.0,bidmc-27-w085-0099,85
101,45248,45406.0,45636,True,-0.081553,0.20194,True,45245,45251,45403.0,45409.0,45636,45637,False,False,True,1.264,0.8144329896907216,0.283493,27,45494.0,88.0,bidmc-27-w085-0101,85
103,45900,46021.0,46392,True,-0.046602,0.2835,True,45881,45919,46020.0,46023.0,46392,46393,False,False,True,0.968,0.49186991869918695,0.33010199999999995,27,46108.0,87.0,bidmc-27-w085-0103,85
104,46392,46551.0,46600,True,-0.060194,0.18058,True,46392,46393,46550.0,46553.0,46562,46638,False,False,True,4.24,0.47115384615384615,0.240774,27,46638.0,87.0,bidmc-27-w085-0104,85
105,46600,46793.0,47061,True,-0.087379,0.2,True,46562,46638,46793.0,46793.0,47061,47061,False,False,True,1.936,0.8373101952277657,0.287379,27,46878.0,85.0,bidmc-27-w085-0105,85
106,47061,47475.0,47777,True,-0.07767,0.25437,True,47061,47061,47474.0,47477.0,47777,47778,False,False,True,5.456,0.8435754189944134,0.33204,27,47562.0,87.0,bidmc-27-w085-0106,85
107,47777,48152.0,48439,True,-0.073786,0.24854,True,47777,47778,48151.0,48153.0,48439,48439,False,False,True,5.416,0.8670694864048338,0.322326,27,48238.0,86.0,bidmc-27-w085-0107,85
108,48439,48828.0,49173,True,-0.085437,0.28155,True,48439,48439,48825.0,48832.0,49173,49173,False,False,True,5.408,0.9400544959128065,0.366987,27,48917.0,89.0,bidmc-27-w085-0108,85
109,49173,49598.0,49933,True,-0.16311,0.2466,True,49173,49173,49596.0,49600.0,49933,49934,False,False,True,6.16,0.881578947368421,0.40971,27,49685.0,87.0,bidmc-27-w085-0109,85
110,49933,50354.0,50646,True,-0.12039,0.33786,True,49933,49934,50353.0,50355.0,50646,50646,False,False,True,6.048,0.8190743338008415,0.45825,27,50440.0,86.0,bidmc-27-w085-0110,85
111,50646,51051.0,51340,True,-0.079612,0.26214,True,50646,50646,51051.0,51051.0,51340,51341,False,False,True,5.576,0.8328530259365994,0.341752,27,51136.0,85.0,bidmc-27-w085-0111,85
112,51340,51745.0,52113,True,-0.1068,0.32621,True,51340,51341,51742.0,51748.0,52113,52113,False,False,True,5.552,0.9521345407503234,0.43301,27,51833.0,88.0,bidmc-27-w085-0112,85
113,52113,52523.0,52901,True,-0.1068,0.29903,True,52113,52113,52520.0,52526.0,52901,52901,False,False,True,6.224,0.9593908629441624,0.40583,27,52611.0,88.0,bidmc-27-w085-0113,85
114,52901,53360.0,53630,True,-0.10097,0.32039,True,52901,52901,53329.0,53391.0,53629,53632,False,False,True,6.696,0.7407407407407407,0.42136,27,53476.0,116.0,bidmc-27-w085-0114,85
115,53630,53980.0,54342,True,-0.097087,0.34951,True,53629,53632,53977.0,53983.0,54342,54343,False,False,True,4.96,0.9831460674157303,0.446597,27,54068.0,88.0,bidmc-27-w085-0115,85
116,54342,54746.0,55002,True,-0.095146,0.35146,True,54342,54343,54745.0,54748.0,55002,55003,False,False,True,6.128,0.7757575757575758,0.446606,27,54833.0,87.0,bidmc-27-w085-0116,85
117,55002,55210.0,55640,True,-0.1534,0.31845,True,55002,55003,55209.0,55211.0,55634,55646,False,False,True,3.712,0.652037617554859,0.47185,27,55296.0,86.0,bidmc-27-w085-0117,85
118,55640,56103.0,56355,True,-0.1165,0.24466,True,55634,55646,56103.0,56103.0,56355,56356,False,False,True,7.144,0.7048951048951049,0.36116,27,56188.0,85.0,bidmc-27-w085-0118,85
119,56355,56775.0,57163,True,-0.10097,0.33398,True,56355,56356,56775.0,56775.0,57163,57163,False,False,True,5.376,0.9603960396039604,0.43495,27,56860.0,85.0,bidmc-27-w085-0119,85
120,57163,57554.0,57625,True,-0.095146,0.64466,True,57163,57163,57553.0,57555.0,57625,57625,False,False,True,6.232,0.3073593073593074,0.739806,27,57640.0,86.0,bidmc-27-w085-0120,85
121,57625,57733.0,57785,True,-0.4932,1.4078,True,57625,57625,57733.0,57733.0,57785,57785,False,False,True,1.432,0.65,1.901,27,57818.0,85.0,bidmc-27-w085-0121,85
122,57785,57937.0,58103,True,-0.4932,1.4932,True,57785,57785,57871.0,58003.0,58103,58103,False,False,True,1.632,0.9559748427672956,1.9864000000000002,27,58088.0,151.0,bidmc-27-w085-0122,85
123,58103,58292.0,58425,True,-0.4932,1.4932,True,58103,58103,58247.0,58337.0,58425,58425,False,False,True,2.84,0.8260869565217391,1.9864000000000002,27,58422.0,130.0,bidmc-27-w085-0123,85
124,58425,58507.0,58548,True,-0.4932,1.1709,True,58425,58425,58507.0,58507.0,58548,58548,False,False,True,1.72,0.6666666666666667,1.6641000000000001,27,58592.0,85.0,bidmc-27-w085-0124,85
125,58548,58713.0,58874,True,0.2,1.4932,True,58548,58548,58641.0,58785.0,58874,58874,False,False,True,1.648,0.9877300613496932,1.2932000000000001,27,58870.0,157.0,bidmc-27-w085-0125,85
126,58874,58994.0,59151,True,-0.015534,1.4932,True,58874,58874,58965.0,59023.0,59151,59152,False,False,True,2.248,0.8664259927797834,1.508734,27,59108.0,114.0,bidmc-27-w085-0126,85
127,59151,59237.0,59366,True,-0.17282,0.91456,True,59151,59152,59237.0,59237.0,59366,59366,False,False,True,1.944,0.8,1.08738,27,59322.0,85.0,bidmc-27-w085-0127,85
128,59366,59459.0,59550,True,-0.21942,0.51262,True,59366,59366,59459.0,59459.0,59550,59550,False,False,True,1.776,0.9891304347826086,0.73204,27,59544.0,85.0,bidmc-27-w085-0128,85
1,83,241.0,417,True,0.0,1.0,True,83,83,187.0,295.0,413,421,False,False,True,,0.9461077844311377,1.0,28,380.0,139.0,bidmc-28-w085-0001,85
2,417,671.0,834,True,0.0,1.0,True,413,421,609.0,733.0,834,834,False,False,True,3.44,0.7817745803357314,1.0,28,818.0,147.0,bidmc-28-w085-0002,85
3,834,1078.0,1237,True,0.0,1.0,True,834,834,1017.0,1139.0,1237,1237,False,False,True,3.256,0.7890818858560794,1.0,28,1224.0,146.0,bidmc-28-w085-0003,85
4,1237,1485.0,1662,True,0.0,1.0,True,1237,1237,1413.0,1557.0,1662,1662,False,False,True,3.256,0.8329411764705883,1.0,28,1642.0,157.0,bidmc-28-w085-0004,85
5,1662,1912.0,2105,True,0.0,1.0,True,1662,1662,1843.0,1981.0,2105,2105,False,False,True,3.416,0.871331828442438,1.0,28,2066.0,154.0,bidmc-28-w085-0005,85
6,2105,2373.0,2546,True,0.0,1.0,True,2105,2105,2331.0,2415.0,2546,2546,False,False,True,3.688,0.7845804988662132,1.0,28,2500.0,127.0,bidmc-28-w085-0006,85
7,2546,2826.0,3025,True,0.0,1.0,True,2546,2546,2771.0,2881.0,3025,3026,False,False,True,3.624,0.8308977035490606,1.0,28,2966.0,140.0,bidmc-28-w085-0007,85
8,3025,3257.0,3452,True,0.0,1.0,True,3025,3026,3195.0,3319.0,3452,3452,False,False,True,3.448,0.9133489461358314,1.0,28,3404.0,147.0,bidmc-28-w085-0008,85
9,3452,3725.0,3902,True,0.0,1.0,True,3452,3452,3685.0,3765.0,3902,3902,False,False,True,3.744,0.7866666666666666,1.0,28,3850.0,125.0,bidmc-28-w085-0009,85
10,3902,4160.0,4349,True,0.0,1.0,True,3902,3902,4099.0,4221.0,4349,4349,False,False,True,3.48,0.8456375838926175,1.0,28,4306.0,146.0,bidmc-28-w085-0010,85
11,4349,4546.0,4708,True,0.0,1.0,True,4349,4349,4483.0,4609.0,4708,4708,False,False,True,3.088,0.9025069637883009,1.0,28,4694.0,148.0,bidmc-28-w085-0011,85
12,4708,4764.0,4872,True,0.0,0.5259,True,4708,4708,4763.0,4765.0,4872,4872,False,False,True,1.744,0.6829268292682926,0.5259,28,4850.0,86.0,bidmc-28-w085-0012,85
13,4872,5052.0,5224,True,0.0,1.0,True,4872,4872,4999.0,5105.0,5224,5224,False,False,True,2.304,0.9772727272727273,1.0,28,5190.0,138.0,bidmc-28-w085-0013,85
14,5224,5397.0,5569,True,0.0,1.0,True,5224,5224,5339.0,5455.0,5569,5569,False,False,True,2.76,0.9971014492753624,1.0,28,5540.0,143.0,bidmc-28-w085-0014,85
15,5569,5778.0,5966,True,0.0,1.0,True,5569,5569,5713.0,5843.0,5964,5969,False,False,True,3.048,0.947103274559194,1.0,28,5928.0,150.0,bidmc-28-w085-0015,85
16,5966,6186.0,6379,True,0.0,1.0,True,5964,5969,6119.0,6253.0,6375,6383,False,False,True,3.264,0.9346246973365617,1.0,28,6338.0,152.0,bidmc-28-w085-0016,85
17,6379,6603.0,6790,True,0.0,1.0,True,6375,6383,6541.0,6665.0,6787,6793,False,False,True,3.336,0.9099756690997567,1.0,28,6750.0,147.0,bidmc-28-w085-0017,85
18,6790,7012.0,7195,True,0.0,1.0,True,6787,6793,6949.0,7075.0,7195,7195,False,False,True,3.272,0.9037037037037037,1.0,28,7160.0,148.0,bidmc-28-w085-0018,85
19,7195,7428.0,7612,True,0.0,1.0,True,7195,7195,7367.0,7489.0,7612,7612,False,False,True,3.328,0.882494004796163,1.0,28,7574.0,146.0,bidmc-28-w085-0019,85
20,7612,7873.0,8069,True,0.0,1.0,True,7612,7612,7825.0,7921.0,8055,8083,False,False,True,3.56,0.8577680525164114,1.0,28,8006.0,133.0,bidmc-28-w085-0020,85
21,8069,8358.0,8560,True,0.0,1.0,True,8055,8083,8291.0,8425.0,8559,8561,False,False,True,3.88,0.8228105906313645,1.0,28,8510.0,152.0,bidmc-28-w085-0021,85
22,8560,8822.0,9033,True,0.0,1.0,True,8559,8561,8771.0,8873.0,9011,9055,False,False,True,3.712,0.8921775898520085,1.0,28,8958.0,136.0,bidmc-28-w085-0022,85
23,9033,9282.0,9489,True,0.0,1.0,True,9011,9055,9223.0,9341.0,9489,9489,False,False,True,3.68,0.9078947368421053,1.0,28,9426.0,144.0,bidmc-28-w085-0023,85
24,9489,9755.0,9946,True,0.0,1.0,True,9489,9489,9697.0,9813.0,9946,9946,False,False,True,3.784,0.8358862144420132,1.0,28,9898.0,143.0,bidmc-28-w085-0024,85
25,9946,10182.0,10350,True,0.0,1.0,True,9946,9946,10127.0,10237.0,10350,10350,False,False,True,3.416,0.8316831683168316,1.0,28,10322.0,140.0,bidmc-28-w085-0025,85
26,10350,10527.0,10729,True,0.0,1.0,True,10350,10350,10465.0,10590.0,10729,10729,False,False,True,2.76,0.9340369393139841,1.0,28,10675.0,148.0,bidmc-28-w085-0026,85
27,10729,10889.0,11049,True,0.0,1.0,True,10729,10729,10835.0,10943.0,11049,11049,False,False,True,2.896,1.0,1.0,28,11028.0,139.0,bidmc-28-w085-0027,85
28,11049,11241.0,11416,True,0.0,1.0,True,11049,11049,11181.0,11301.0,11416,11416,False,False,True,2.816,0.9536784741144414,1.0,28,11386.0,145.0,bidmc-28-w085-0028,85
29,11416,11604.0,11787,True,0.0,1.0,True,11416,11416,11545.0,11663.0,11787,11787,False,False,True,2.904,0.9865229110512129,1.0,28,11748.0,144.0,bidmc-28-w085-0029,85
30,11787,12004.0,12196,True,0.0,1.0,True,11787,11787,11949.0,12059.0,12196,12196,False,False,True,3.2,0.9388753056234719,1.0,28,12144.0,140.0,bidmc-28-w085-0030,85
31,12196,12398.0,12594,True,0.0,1.0,True,12196,12196,12335.0,12461.0,12593,12595,False,False,True,3.152,0.9849246231155779,1.0,28,12546.0,148.0,bidmc-28-w085-0031,85
32,12594,12885.0,13025,True,0.0,1.0,True,12593,12595,12869.0,12901.0,13025,13026,False,False,True,3.896,0.6496519721577726,1.0,28,12986.0,101.0,bidmc-28-w085-0032,85
33,13025,13263.0,13446,True,0.0,1.0,True,13025,13026,13213.0,13313.0,13446,13446,False,False,True,3.024,0.8693586698337292,1.0,28,13398.0,135.0,bidmc-28-w085-0033,85
34,13446,13712.0,13939,True,0.0,1.0,True,13446,13446,13679.0,13745.0,13939,13940,False,False,True,3.592,0.920892494929006,1.0,28,13830.0,118.0,bidmc-28-w085-0034,85
35,13939,14226.0,14432,True,0.0,1.0,True,13939,13940,14157.0,14295.0,14432,14432,False,False,True,4.112,0.8356997971602433,1.0,28,14380.0,154.0,bidmc-28-w085-0035,85
36,14432,14627.0,14848,True,0.0,1.0,True,14432,14432,14573.0,14681.0,14845,14851,False,False,True,3.208,0.9375,1.0,28,14766.0,139.0,bidmc-28-w085-0036,85
37,14848,15103.0,15308,True,0.0,1.0,True,14845,14851,15037.0,15169.0,15305,15311,False,False,True,3.808,0.8913043478260869,1.0,28,15254.0,151.0,bidmc-28-w085-0037,85
38,15308,15565.0,15775,True,0.0,1.0,True,15305,15311,15501.0,15629.0,15775,15775,False,False,True,3.696,0.8993576017130621,1.0,28,15714.0,149.0,bidmc-28-w085-0038,85
39,15775,15965.0,16150,True,0.0,1.0,True,15775,15775,15897.0,16033.0,16150,16150,False,False,True,3.2,0.9866666666666667,1.0,28,16118.0,153.0,bidmc-28-w085-0039,85
40,16150,16327.0,16518,True,0.0,1.0,True,16150,16150,16263.0,16391.0,16518,16518,False,False,True,2.896,0.9619565217391304,1.0,28,16476.0,149.0,bidmc-28-w085-0040,85
41,16518,16723.0,16912,True,0.0,1.0,True,16518,16518,16658.0,16789.0,16912,16912,False,False,True,3.168,0.9593908629441624,1.0,28,16874.0,151.0,bidmc-28-w085-0041,85
42,16912,17131.0,17311,True,0.0,1.0,True,16912,16912,17065.0,17197.0,17311,17311,False,False,True,3.264,0.9022556390977443,1.0,28,17282.0,151.0,bidmc-28-w085-0042,85
43,17311,17515.0,17684,True,0.0,1.0,True,17311,17311,17449.0,17581.0,17684,17684,False,False,True,3.072,0.9061662198391421,1.0,28,17666.0,151.0,bidmc-28-w085-0043,85
44,17684,17876.0,18045,True,0.0,1.0,True,17684,17684,17815.0,17937.0,18045,18045,False,False,True,2.888,0.9362880886426592,1.0,28,18022.0,146.0,bidmc-28-w085-0044,85
45,18045,18239.0,18444,True,0.0,1.0,True,18045,18045,18181.0,18297.0,18421,18467,False,False,True,2.904,0.9724310776942355,1.0,28,18382.0,143.0,bidmc-28-w085-0045,85
46,18444,18705.0,18926,True,0.0,1.0,True,18421,18467,18635.0,18775.0,18915,18937,False,False,True,3.728,0.91701244813278,1.0,28,18860.0,155.0,bidmc-28-w085-0046,85
47,18926,19144.0,19348,True,0.0,1.0,True,18915,18937,19069.0,19219.0,19348,19348,False,False,True,3.512,0.966824644549763,1.0,28,19304.0,160.0,bidmc-28-w085-0047,85
48,19348,19515.0,19705,True,0.0,1.0,True,19348,19348,19463.0,19567.0,19705,19705,False,False,True,2.968,0.9355742296918768,1.0,28,19652.0,137.0,bidmc-28-w085-0048,85
49,19705,19749.0,19812,True,0.0,0.14858,True,19705,19705,19747.0,19751.0,19812,19812,False,False,True,1.872,0.822429906542056,0.14858,28,19836.0,87.0,bidmc-28-w085-0049,85
50,19812,20022.0,20200,True,0.0,1.0,True,19812,19812,19949.0,20095.0,20200,20200,False,False,True,2.184,0.9175257731958762,1.0,28,20180.0,158.0,bidmc-28-w085-0050,85
51,20200,20357.0,20536,True,0.0,1.0,True,20200,20200,20297.0,20417.0,20536,20536,False,False,True,2.68,0.9345238095238095,1.0,28,20502.0,145.0,bidmc-28-w085-0051,85
52,20536,20704.0,20887,True,0.0,1.0,True,20536,20536,20645.0,20763.0,20887,20888,False,False,True,2.776,0.9572649572649573,1.0,28,20848.0,144.0,bidmc-28-w085-0052,85
53,20887,21095.0,21250,True,0.0,1.0,True,20887,20888,21041.0,21149.0,21250,21250,False,False,True,3.128,0.8539944903581267,1.0,28,21234.0,139.0,bidmc-28-w085-0053,85
54,21250,21340.0,21394,True,0.0,0.71065,True,21250,21250,21339.0,21341.0,21394,21394,False,False,True,1.96,0.75,0.71065,28,21426.0,86.0,bidmc-28-w085-0054,85
55,21394,21538.0,21698,True,0.0,1.0,True,21394,21394,21519.0,21557.0,21698,21698,False,False,True,1.584,0.9473684210526316,1.0,28,21642.0,104.0,bidmc-28-w085-0055,85
56,21698,21924.0,22088,True,0.0,1.0,True,21698,21698,21875.0,21973.0,22088,22088,False,False,True,3.088,0.841025641025641,1.0,28,22058.0,134.0,bidmc-28-w085-0056,85
57,22088,22285.0,22533,True,0.0,1.0,True,22088,22088,22203.0,22367.0,22533,22533,False,False,True,2.888,0.8853932584269663,1.0,28,22452.0,167.0,bidmc-28-w085-0057,85
58,22533,22713.0,22916,True,0.0,1.0,True,22533,22533,22633.0,22793.0,22916,22916,False,False,True,3.424,0.9399477806788512,1.0,28,22878.0,165.0,bidmc-28-w085-0058,85
59,22916,23146.0,23336,True,0.0,1.0,True,22916,22916,23077.0,23215.0,23336,23336,False,False,True,3.464,0.9047619047619048,1.0,28,23300.0,154.0,bidmc-28-w085-0059,85
60,23336,23533.0,23735,True,0.0,1.0,True,23336,23336,23471.0,23595.0,23727,23743,False,False,True,3.096,0.987468671679198,1.0,28,23680.0,147.0,bidmc-28-w085-0060,85
61,23735,23972.0,24171,True,0.0,1.0,True,23727,23743,23909.0,24035.0,24171,24172,False,False,True,3.512,0.9128440366972477,1.0,28,24120.0,148.0,bidmc-28-w085-0061,85
62,24171,24417.0,24628,True,0.0,1.0,True,24171,24172,24347.0,24487.0,24619,24637,False,False,True,3.56,0.9234135667396062,1.0,28,24572.0,155.0,bidmc-28-w085-0062,85
63,24628,24876.0,25077,True,0.0,1.0,True,24619,24637,24809.0,24943.0,25077,25077,False,False,True,3.672,0.8953229398663697,1.0,28,25028.0,152.0,bidmc-28-w085-0063,85
64,25077,25306.0,25507,True,0.0,1.0,True,25077,25077,25241.0,25371.0,25499,25515,False,False,True,3.44,0.9348837209302325,1.0,28,25456.0,150.0,bidmc-28-w085-0064,85
65,25507,25727.0,25927,True,0.0,1.0,True,25499,25515,25663.0,25791.0,25927,25927,False,False,True,3.368,0.9523809523809523,1.0,28,25876.0,149.0,bidmc-28-w085-0065,85
66,25927,26145.0,26336,True,0.0,1.0,True,25927,25927,26083.0,26207.0,26336,26336,False,False,True,3.344,0.9339853300733496,1.0,28,26292.0,147.0,bidmc-28-w085-0066,85
67,26336,26557.0,26747,True,0.0,1.0,True,26336,26336,26481.0,26633.0,26747,26747,False,False,True,3.296,0.9245742092457421,1.0,28,26718.0,161.0,bidmc-28-w085-0067,85
68,26747,26935.0,27108,True,0.0,1.0,True,26747,26747,26879.0,26991.0,27108,27108,False,False,True,3.024,0.9584487534626038,1.0,28,27076.0,141.0,bidmc-28-w085-0068,85
69,27108,27296.0,27465,True,0.0,1.0,True,27108,27108,27243.0,27349.0,27463,27467,False,False,True,2.888,0.9467787114845938,1.0,28,27434.0,138.0,bidmc-28-w085-0069,85
70,27465,27674.0,27869,True,0.0,1.0,True,27463,27467,27605.0,27743.0,27859,27879,False,False,True,3.024,0.9653465346534653,1.0,28,27828.0,154.0,bidmc-28-w085-0070,85
71,27869,28092.0,28288,True,0.0,1.0,True,27859,27879,28023.0,28161.0,28283,28293,False,False,True,3.344,0.9355608591885441,1.0,28,28246.0,154.0,bidmc-28-w085-0071,85
72,28288,28504.0,28712,True,0.0,1.0,True,28283,28293,28437.0,28571.0,28712,28712,False,False,True,3.296,0.9811320754716981,1.0,28,28656.0,152.0,bidmc-28-w085-0072,85
73,28712,28906.0,29079,True,0.0,1.0,True,28712,28712,28827.0,28985.0,29079,29079,False,False,True,3.216,0.9427792915531336,1.0,28,29070.0,164.0,bidmc-28-w085-0073,85
74,29079,29234.0,29316,True,0.0,0.79374,True,29079,29079,29232.0,29237.0,29316,29316,False,False,True,2.624,0.6919831223628692,0.79374,28,29322.0,88.0,bidmc-28-w085-0074,85
75,29316,29466.0,29638,True,0.0,1.0,True,29316,29316,29411.0,29522.0,29638,29638,False,False,True,1.856,0.9316770186335404,1.0,28,29607.0,141.0,bidmc-28-w085-0075,85
76,29638,29796.0,29989,True,0.0,1.0,True,29638,29638,29737.0,29855.0,29989,29989,False,False,True,2.64,0.9002849002849003,1.0,28,29940.0,144.0,bidmc-28-w085-0076,85
77,29989,30176.0,30347,True,0.0,1.0,True,29989,29989,30127.0,30225.0,30347,30347,False,False,True,3.04,0.9553072625698324,1.0,28,30310.0,134.0,bidmc-28-w085-0077,85
78,30347,30547.0,30736,True,0.0,1.0,True,30347,30347,30491.0,30603.0,30735,30737,False,False,True,2.968,0.9717223650385605,1.0,28,30688.0,141.0,bidmc-28-w085-0078,85
79,30736,30993.0,31164,True,0.0,1.0,True,30735,30737,30977.0,31009.0,31164,31164,False,False,True,3.568,0.7990654205607477,1.0,28,31094.0,101.0,bidmc-28-w085-0079,85
80,31164,31365.0,31562,True,0.0,1.0,True,31164,31164,31301.0,31429.0,31562,31562,False,False,True,2.976,0.9899497487437185,1.0,28,31514.0,149.0,bidmc-28-w085-0080,85
81,31562,31795.0,31996,True,0.0,1.0,True,31562,31562,31737.0,31853.0,31996,31996,False,False,True,3.44,0.9262672811059908,1.0,28,31938.0,143.0,bidmc-28-w085-0081,85
82,31996,32235.0,32445,True,0.0,1.0,True,31996,31996,32181.0,32289.0,32425,32465,False,False,True,3.52,0.9354120267260579,1.0,28,32374.0,139.0,bidmc-28-w085-0082,85
83,32445,32702.0,32922,True,0.0,1.0,True,32425,32465,32653.0,32751.0,32899,32945,False,False,True,3.736,0.9224318658280922,1.0,28,32836.0,134.0,bidmc-28-w085-0083,85
84,32922,33196.0,33385,True,0.0,1.0,True,32899,32945,33137.0,33255.0,33385,33385,False,False,True,3.952,0.816414686825054,1.0,28,33340.0,144.0,bidmc-28-w085-0084,85
85,33385,33605.0,33791,True,0.0,1.0,True,33385,33385,33543.0,33668.0,33791,33791,False,False,True,3.272,0.916256157635468,1.0,28,33753.0,148.0,bidmc-28-w085-0085,85
86,33791,34000.0,34199,True,0.0,1.0,True,33791,33791,33931.0,34069.0,34199,34199,False,False,True,3.16,0.9754901960784313,1.0,28,34154.0,154.0,bidmc-28-w085-0086,85
87,34199,34395.0,34598,True,0.0,1.0,True,34199,34199,34333.0,34457.0,34591,34605,False,False,True,3.16,0.9824561403508771,1.0,28,34542.0,147.0,bidmc-28-w085-0087,85
88,34598,34840.0,35017,True,0.0,1.0,True,34591,34605,34769.0,34911.0,35017,35017,False,False,True,3.56,0.8448687350835322,1.0,28,34996.0,156.0,bidmc-28-w085-0088,85
89,35017,35236.0,35429,True,0.0,1.0,True,35017,35017,35181.0,35291.0,35425,35433,False,False,True,3.168,0.9368932038834952,1.0,28,35376.0,140.0,bidmc-28-w085-0089,85
90,35429,35667.0,35870,True,0.0,1.0,True,35425,35433,35601.0,35733.0,35867,35873,False,False,True,3.448,0.9206349206349207,1.0,28,35818.0,151.0,bidmc-28-w085-0090,85
91,35870,36089.0,36288,True,0.0,1.0,True,35867,35873,36031.0,36147.0,36287,36289,False,False,True,3.376,0.9521531100478469,1.0,28,36232.0,143.0,bidmc-28-w085-0091,85
92,36288,36514.0,36704,True,0.0,1.0,True,36287,36289,36439.0,36589.0,36704,36704,False,False,True,3.4,0.9134615384615384,1.0,28,36674.0,160.0,bidmc-28-w085-0092,85
93,36704,36883.0,37051,True,0.0,1.0,True,36704,36704,36823.0,36943.0,37051,37051,False,False,True,2.952,0.968299711815562,1.0,28,37028.0,145.0,bidmc-28-w085-0093,85
94,37051,37221.0,37389,True,0.0,1.0,True,37051,37051,37163.0,37279.0,37389,37390,False,False,True,2.704,0.9940828402366864,1.0,28,37364.0,143.0,bidmc-28-w085-0094,85
95,37389,37578.0,37772,True,0.0,1.0,True,37389,37390,37513.0,37643.0,37771,37773,False,False,True,2.856,0.9869451697127938,1.0,28,37728.0,150.0,bidmc-28-w085-0095,85
96,37772,37958.0,38160,True,0.0,1.0,True,37771,37773,37909.0,38007.0,38143,38177,False,False,True,3.04,0.9587628865979382,1.0,28,38092.0,134.0,bidmc-28-w085-0096,85
97,38160,38398.0,38599,True,0.0,1.0,True,38143,38177,38313.0,38483.0,38599,38599,False,False,True,3.52,0.9157175398633257,1.0,28,38568.0,170.0,bidmc-28-w085-0097,85
98,38599,38821.0,39034,True,0.0,1.0,True,38599,38599,38753.0,38889.0,39023,39046,False,False,True,3.384,0.9793103448275862,1.0,28,38974.0,153.0,bidmc-28-w085-0098,85
99,39034,39288.0,39494,True,0.0,1.0,True,39023,39046,39217.0,39359.0,39494,39494,False,False,True,3.736,0.8956521739130435,1.0,28,39444.0,156.0,bidmc-28-w085-0099,85
100,39494,39532.0,39581,True,0.0,0.021505,True,39494,39494,39531.0,39533.0,39581,39581,False,False,True,1.952,0.8735632183908046,0.021505,28,39618.0,86.0,bidmc-28-w085-0100,85
101,39581,39823.0,40003,True,0.0,1.0,True,39581,39581,39753.0,39893.0,40003,40003,False,False,True,2.328,0.8530805687203792,1.0,28,39978.0,155.0,bidmc-28-w085-0101,85
102,40003,40203.0,40425,True,0.0,1.0,True,40003,40003,40117.0,40289.0,40423,40427,False,False,True,3.04,0.9478672985781991,1.0,28,40374.0,171.0,bidmc-28-w085-0102,85
103,40425,40625.0,40859,True,0.0,1.0,True,40423,40427,40557.0,40693.0,40825,40893,False,False,True,3.376,0.9216589861751152,1.0,28,40778.0,153.0,bidmc-28-w085-0103,85
104,40859,41124.0,41365,True,0.0,1.0,True,40825,40893,41047.0,41201.0,41346,41385,False,False,True,3.992,0.9525691699604744,1.0,28,41286.0,162.0,bidmc-28-w085-0104,85
105,41365,41615.0,41808,True,0.0,1.0,True,41346,41385,41549.0,41681.0,41808,41808,False,False,True,3.928,0.871331828442438,1.0,28,41766.0,151.0,bidmc-28-w085-0105,85
106,41808,42038.0,42230,True,0.0,1.0,True,41808,41808,41957.0,42119.0,42230,42230,False,False,True,3.384,0.909952606635071,1.0,28,42204.0,166.0,bidmc-28-w085-0106,85
107,42230,42422.0,42627,True,0.0,1.0,True,42230,42230,42347.0,42497.0,42621,42633,False,False,True,3.072,0.9672544080604534,1.0,28,42582.0,160.0,bidmc-28-w085-0107,85
108,42627,42838.0,43034,True,0.0,1.0,True,42621,42633,42771.0,42905.0,43031,43037,False,False,True,3.328,0.9631449631449631,1.0,28,42990.0,152.0,bidmc-28-w085-0108,85
109,43034,43258.0,43465,True,0.0,1.0,True,43031,43037,43185.0,43331.0,43459,43471,False,False,True,3.36,0.9605568445475638,1.0,28,43416.0,158.0,bidmc-28-w085-0109,85
110,43465,43697.0,43898,True,0.0,1.0,True,43459,43471,43629.0,43765.0,43887,43909,False,False,True,3.512,0.9284064665127021,1.0,28,43850.0,153.0,bidmc-28-w085-0110,85
111,43898,44141.0,44345,True,0.0,1.0,True,43887,43909,44073.0,44209.0,44333,44357,False,False,True,3.552,0.912751677852349,1.0,28,44294.0,153.0,bidmc-28-w085-0111,85
112,44345,44578.0,44776,True,0.0,1.0,True,44333,44357,44515.0,44641.0,44776,44776,False,False,True,3.496,0.9187935034802784,1.0,28,44726.0,148.0,bidmc-28-w085-0112,85
113,44776,44987.0,45171,True,0.0,1.0,True,44776,44776,44931.0,45043.0,45171,45171,False,False,True,3.272,0.9316455696202531,1.0,28,45128.0,141.0,bidmc-28-w085-0113,85
114,45171,45391.0,45588,True,0.0,1.0,True,45171,45171,45325.0,45457.0,45581,45595,False,False,True,3.232,0.9448441247002398,1.0,28,45542.0,151.0,bidmc-28-w085-0114,85
115,45588,45811.0,45997,True,0.0,1.0,True,45581,45595,45745.0,45877.0,45997,45997,False,False,True,3.36,0.9095354523227384,1.0,28,45962.0,151.0,bidmc-28-w085-0115,85
116,45997,46199.0,46395,True,0.0,1.0,True,45997,45997,46133.0,46265.0,46395,46395,False,False,True,3.104,0.9849246231155779,1.0,28,46350.0,151.0,bidmc-28-w085-0116,85
117,46395,46603.0,46818,True,0.0,1.0,True,46395,46395,46517.0,46689.0,46815,46822,False,False,True,3.232,0.983451536643026,1.0,28,46774.0,171.0,bidmc-28-w085-0117,85
118,46818,47044.0,47236,True,0.0,1.0,True,46815,46822,46975.0,47113.0,47236,47236,False,False,True,3.528,0.9186602870813397,1.0,28,47198.0,154.0,bidmc-28-w085-0118,85
119,47236,47443.0,47632,True,0.0,1.0,True,47236,47236,47369.0,47517.0,47632,47632,False,False,True,3.192,0.9545454545454546,1.0,28,47602.0,159.0,bidmc-28-w085-0119,85
120,47632,47818.0,48000,True,0.0,1.0,True,47632,47632,47755.0,47881.0,48000,48000,False,False,True,3.0,0.9891304347826086,1.0,28,47966.0,148.0,bidmc-28-w085-0120,85
121,48000,48200.0,48413,True,0.0,1.0,True,48000,48000,48133.0,48268.0,48403,48423,False,False,True,3.056,0.9685230024213075,1.0,28,48353.0,153.0,bidmc-28-w085-0121,85
122,48413,48625.0,48847,True,0.0,1.0,True,48403,48423,48567.0,48683.0,48847,48847,False,False,True,3.4,0.9769585253456221,1.0,28,48768.0,143.0,bidmc-28-w085-0122,85
123,48847,49085.0,49270,True,0.0,1.0,True,48847,48847,49019.0,49151.0,49270,49270,False,False,True,3.68,0.8747044917257684,1.0,28,49236.0,151.0,bidmc-28-w085-0123,85
124,49270,49469.0,49688,True,0.0,1.0,True,49270,49270,49393.0,49545.0,49688,49688,False,False,True,3.072,0.9521531100478469,1.0,28,49630.0,161.0,bidmc-28-w085-0124,85
125,49688,49894.0,50112,True,0.0,1.0,True,49688,49688,49811.0,49977.0,50109,50115,False,False,True,3.4,0.9716981132075472,1.0,28,50062.0,168.0,bidmc-28-w085-0125,85
126,50112,50334.0,50544,True,0.0,1.0,True,50109,50115,50261.0,50407.0,50541,50547,False,False,True,3.52,0.9722222222222222,1.0,28,50492.0,158.0,bidmc-28-w085-0126,85
127,50544,50786.0,51006,True,0.0,1.0,True,50541,50547,50715.0,50857.0,51006,51006,False,False,True,3.616,0.9523809523809523,1.0,28,50942.0,156.0,bidmc-28-w085-0127,85
128,51006,51232.0,51424,True,0.0,1.0,True,51006,51006,51165.0,51299.0,51424,51424,False,False,True,3.568,0.9186602870813397,1.0,28,51384.0,152.0,bidmc-28-w085-0128,85
129,51424,51637.0,51841,True,0.0,1.0,True,51424,51424,51569.0,51705.0,51835,51847,False,False,True,3.24,0.9784172661870504,1.0,28,51790.0,153.0,bidmc-28-w085-0129,85
130,51841,52054.0,52246,True,0.0,1.0,True,51835,51847,52005.0,52103.0,52239,52254,False,False,True,3.336,0.9481481481481482,1.0,28,52188.0,134.0,bidmc-28-w085-0130,85
131,52246,52495.0,52701,True,0.0,1.0,True,52239,52254,52421.0,52569.0,52701,52701,False,False,True,3.528,0.9054945054945055,1.0,28,52654.0,159.0,bidmc-28-w085-0131,85
132,52701,52926.0,53147,True,0.0,1.0,True,52701,52701,52843.0,53009.0,53147,53147,False,False,True,3.448,0.9910313901345291,1.0,28,53094.0,168.0,bidmc-28-w085-0132,85
133,53147,53370.0,53584,True,0.0,1.0,True,53147,53147,53301.0,53439.0,53584,53584,False,False,True,3.552,0.9794050343249427,1.0,28,53524.0,154.0,bidmc-28-w085-0133,85
134,53584,53814.0,54025,True,0.0,1.0,True,53584,53584,53743.0,53885.0,54025,54025,False,False,True,3.552,0.9569160997732427,1.0,28,53970.0,156.0,bidmc-28-w085-0134,85
135,54025,54236.0,54452,True,0.0,1.0,True,54025,54025,54159.0,54313.0,54452,54452,False,False,True,3.376,0.9882903981264637,1.0,28,54398.0,162.0,bidmc-28-w085-0135,85
136,54452,54674.0,54863,True,0.0,1.0,True,54452,54452,54609.0,54739.0,54863,54863,False,False,True,3.504,0.9197080291970803,1.0,28,54824.0,150.0,bidmc-28-w085-0136,85
137,54863,55086.0,55291,True,0.0,1.0,True,54863,54863,54999.0,55173.0,55291,55291,False,False,True,3.296,0.9579439252336449,1.0,28,55258.0,172.0,bidmc-28-w085-0137,85
138,55291,55514.0,55770,True,0.0,1.0,True,55291,55291,55433.0,55596.0,55770,55770,False,False,True,3.424,0.9311064718162839,1.0,28,55681.0,167.0,bidmc-28-w085-0138,85
139,55770,55993.0,56199,True,0.0,1.0,True,55770,55770,55907.0,56079.0,56199,56199,False,False,True,3.832,0.9603729603729604,1.0,28,56164.0,171.0,bidmc-28-w085-0139,85
140,56199,56414.0,56598,True,0.0,1.0,True,56199,56199,56345.0,56483.0,56598,56598,False,False,True,3.368,0.9223057644110275,1.0,28,56568.0,154.0,bidmc-28-w085-0140,85
141,56598,56806.0,56995,True,0.0,1.0,True,56598,56598,56733.0,56879.0,56995,56995,False,False,True,3.136,0.9521410579345089,1.0,28,56964.0,158.0,bidmc-28-w085-0141,85
142,56995,57212.0,57408,True,0.0,1.0,True,56995,56995,57139.0,57285.0,57399,57417,False,False,True,3.248,0.9491525423728814,1.0,28,57370.0,158.0,bidmc-28-w085-0142,85
143,57408,57648.0,57847,True,0.0,1.0,True,57399,57417,57567.0,57729.0,57845,57849,False,False,True,3.488,0.9066059225512528,1.0,28,57814.0,166.0,bidmc-28-w085-0143,85
144,57847,58067.0,58271,True,0.0,1.0,True,57845,57849,57991.0,58143.0,58269,58274,False,False,True,3.352,0.9622641509433962,1.0,28,58228.0,161.0,bidmc-28-w085-0144,85
145,58271,58496.0,58701,True,0.0,1.0,True,58269,58274,58423.0,58569.0,58701,58701,False,False,True,3.432,0.9534883720930233,1.0,28,58654.0,158.0,bidmc-28-w085-0145,85
146,58701,58915.0,59112,True,0.0,1.0,True,58701,58701,58841.0,58989.0,59112,59112,False,False,True,3.352,0.9586374695863747,1.0,28,59074.0,159.0,bidmc-28-w085-0146,85
147,59112,59340.0,59542,True,0.0,1.0,True,59112,59112,59269.0,59411.0,59542,59542,False,False,True,3.4,0.9395348837209302,1.0,28,59496.0,156.0,bidmc-28-w085-0147,85
1,83,228.0,398,True,0.17009,0.50929,True,83,83,227.0,229.0,398,398,False,False,True,,0.9206349206349207,0.33920000000000006,29,314.0,86.0,bidmc-29-w085-0001,85
2,398,565.0,867,True,0.16031,0.48583,True,398,398,562.0,568.0,867,867,False,False,True,2.696,0.7121535181236673,0.32552,29,653.0,88.0,bidmc-29-w085-0002,85
3,867,1016.0,1293,True,0.14565,0.49853,True,867,867,1013.0,1020.0,1293,1293,False,False,True,3.608,0.6995305164319249,0.35287999999999997,29,1105.0,89.0,bidmc-29-w085-0003,85
4,1293,1498.0,1704,True,0.14761,0.42033,True,1293,1293,1497.0,1499.0,1704,1704,False,False,True,3.856,0.9975669099756691,0.27271999999999996,29,1584.0,86.0,bidmc-29-w085-0004,85
5,1704,1907.0,2090,True,0.15054,0.46139,True,1704,1704,1904.0,1911.0,2090,2090,False,False,True,3.272,0.9481865284974094,0.31085,29,1996.0,89.0,bidmc-29-w085-0005,85
6,2090,2249.0,2290,True,0.19159,0.50049,True,2090,2090,2246.0,2253.0,2290,2290,False,False,True,2.736,0.41000000000000003,0.30889999999999995,29,2338.0,89.0,bidmc-29-w085-0006,85
7,2290,2385.0,2495,True,0.16422,0.52395,True,2290,2290,2385.0,2385.0,2495,2495,False,False,True,1.088,0.926829268292683,0.35973,29,2470.0,85.0,bidmc-29-w085-0007,85
8,2495,2731.0,2869,True,0.1437,0.48778,True,2495,2495,2729.0,2733.0,2869,2869,False,False,True,2.768,0.7379679144385027,0.34408,29,2818.0,87.0,bidmc-29-w085-0008,85
9,2869,3067.0,3241,True,0.1261,0.60508,True,2869,2869,3064.0,3071.0,3241,3241,False,False,True,2.688,0.935483870967742,0.47897999999999996,29,3156.0,89.0,bidmc-29-w085-0009,85
10,3241,3401.0,3614,True,0.039101,0.50147,True,3241,3241,3399.0,3404.0,3614,3614,False,False,True,2.672,0.8579088471849866,0.462369,29,3489.0,88.0,bidmc-29-w085-0010,85
11,3614,3770.0,3979,True,0.086999,0.42717,True,3614,3614,3768.0,3772.0,3979,3979,False,False,True,2.952,0.8547945205479452,0.340171,29,3857.0,87.0,bidmc-29-w085-0011,85
12,3979,4147.0,4351,True,0.12805,0.52004,True,3979,3979,4143.0,4151.0,4351,4351,False,False,True,3.016,0.9032258064516129,0.39198999999999995,29,4236.0,89.0,bidmc-29-w085-0012,85
13,4351,4494.0,4701,True,0.10948,0.49951,True,4351,4351,4491.0,4497.0,4701,4701,False,False,True,2.776,0.8171428571428572,0.39003,29,4582.0,88.0,bidmc-29-w085-0013,85
14,4701,4840.0,5049,True,0.1564,0.53959,True,4701,4701,4839.0,4841.0,5049,5049,False,False,True,2.768,0.7988505747126436,0.38319000000000003,29,4926.0,86.0,bidmc-29-w085-0014,85
15,5049,5268.0,5440,True,0.14663,0.50635,True,5049,5049,5229.0,5308.0,5440,5440,False,False,True,3.424,0.8797953964194374,0.35971999999999993,29,5393.0,125.0,bidmc-29-w085-0015,85
16,5440,5642.0,5809,True,0.14956,0.5523,True,5440,5440,5641.0,5643.0,5809,5809,False,False,True,2.992,0.9051490514905149,0.40274,29,5728.0,86.0,bidmc-29-w085-0016,85
17,5809,5977.0,6192,True,0.15054,0.50831,True,5809,5809,5977.0,5977.0,6192,6192,False,False,True,2.68,0.877284595300261,0.35777000000000003,29,6062.0,85.0,bidmc-29-w085-0017,85
18,6192,6315.0,6514,True,0.12121,0.46921,True,6192,6192,6313.0,6317.0,6514,6514,False,False,True,2.704,0.7639751552795031,0.34800000000000003,29,6402.0,87.0,bidmc-29-w085-0018,85
19,6514,6648.0,6902,True,0.16422,0.56305,True,6514,6514,6647.0,6649.0,6902,6902,False,False,True,2.664,0.6907216494845361,0.39883,29,6734.0,86.0,bidmc-29-w085-0019,85
20,6902,7064.0,7289,True,0.14565,0.50147,True,6902,6902,7062.0,7066.0,7289,7289,False,False,True,3.328,0.8372093023255813,0.35581999999999997,29,7151.0,87.0,bidmc-29-w085-0020,85
21,7289,7474.0,7689,True,0.15836,0.49462,True,7289,7289,7473.0,7475.0,7689,7689,False,False,True,3.28,0.925,0.33626,29,7560.0,86.0,bidmc-29-w085-0021,85
22,7689,7837.0,7845,True,0.19648,0.48289,True,7689,7689,7833.0,7841.0,7845,7846,False,False,True,2.904,0.10256410256410253,0.28641,29,7926.0,89.0,bidmc-29-w085-0022,85
23,7845,7944.0,8103,True,0.15054,0.49853,True,7845,7846,7943.0,7945.0,8103,8103,False,False,True,0.856,0.7674418604651163,0.34798999999999997,29,8030.0,86.0,bidmc-29-w085-0023,85
24,8103,8249.0,8488,True,0.14076,0.49658,True,8103,8103,8247.0,8251.0,8488,8488,False,False,True,2.44,0.7584415584415585,0.35582,29,8336.0,87.0,bidmc-29-w085-0024,85
25,8488,8677.0,8871,True,0.16618,0.51417,True,8488,8488,8677.0,8677.0,8871,8871,False,False,True,3.424,0.9869451697127938,0.34799,29,8762.0,85.0,bidmc-29-w085-0025,85
26,8871,9091.0,9246,True,0.15249,0.47996,True,8871,8871,9089.0,9093.0,9246,9247,False,False,True,3.312,0.8266666666666667,0.32747000000000004,29,9178.0,87.0,bidmc-29-w085-0026,85
27,9246,9498.0,9616,True,0.1652,0.49951,True,9246,9247,9496.0,9501.0,9616,9616,False,False,True,3.256,0.6378378378378378,0.33431,29,9586.0,88.0,bidmc-29-w085-0027,85
28,9616,9763.0,10025,True,0.15543,0.52493,True,9616,9616,9763.0,9763.0,10025,10026,False,False,True,2.12,0.7188264058679706,0.3695,29,9848.0,85.0,bidmc-29-w085-0028,85
29,10025,10173.0,10413,True,0.17791,0.50929,True,10025,10026,10173.0,10173.0,10413,10413,False,False,True,3.28,0.7628865979381443,0.33138,29,10258.0,85.0,bidmc-29-w085-0029,85
31,10587,10676.0,10808,True,0.14174,0.4868,True,10587,10588,10673.0,10679.0,10808,10808,False,False,True,0.712,0.8054298642533937,0.34506000000000003,29,10764.0,88.0,bidmc-29-w085-0031,85
32,10808,11097.0,11224,True,0.15347,0.47996,True,10808,10808,11096.0,11099.0,11224,11224,False,False,True,3.368,0.6105769230769231,0.32649,29,11184.0,87.0,bidmc-29-w085-0032,85
33,11224,11498.0,11636,True,0.18475,0.53959,True,11224,11224,11497.0,11500.0,11636,11636,False,False,True,3.208,0.6699029126213591,0.35484000000000004,29,11585.0,87.0,bidmc-29-w085-0033,85
34,11636,11751.0,11945,True,0.10753,0.37928,True,11636,11636,11749.0,11754.0,11945,11946,False,False,True,2.024,0.7443365695792881,0.27175,29,11839.0,88.0,bidmc-29-w085-0034,85
35,11945,12098.0,12331,True,0.10362,0.51808,True,11945,11946,12095.0,12101.0,12331,12331,False,False,True,2.776,0.7927461139896373,0.41446,29,12186.0,88.0,bidmc-29-w085-0035,85
36,12331,12501.0,12671,True,0.15836,0.4868,True,12331,12331,12500.0,12503.0,12671,12671,False,False,True,3.224,1.0,0.32844,29,12588.0,87.0,bidmc-29-w085-0036,85
37,12671,12833.0,13068,True,0.16129,0.51711,True,12671,12671,12833.0,12833.0,13068,13068,False,False,True,2.656,0.8161209068010076,0.35581999999999997,29,12918.0,85.0,bidmc-29-w085-0037,85
38,13068,13251.0,13519,True,0.13783,0.55327,True,13068,13068,13249.0,13253.0,13519,13519,False,False,True,3.344,0.811529933481153,0.41544000000000003,29,13338.0,87.0,bidmc-29-w085-0038,85
39,13519,13673.0,13956,True,0.14663,0.48583,True,13519,13519,13672.0,13675.0,13956,13956,False,False,True,3.376,0.7048054919908466,0.33919999999999995,29,13760.0,87.0,bidmc-29-w085-0039,85
40,13956,14166.0,14387,True,0.16618,0.47703,True,13956,13956,14163.0,14169.0,14387,14387,False,False,True,3.944,0.974477958236659,0.31085,29,14254.0,88.0,bidmc-29-w085-0040,85
41,14387,14578.0,14841,True,0.15249,0.47605,True,14387,14387,14576.0,14581.0,14841,14841,False,False,True,3.296,0.8414096916299559,0.32355999999999996,29,14666.0,88.0,bidmc-29-w085-0041,85
42,14841,14997.0,15291,True,0.14858,0.53177,True,14841,14841,14997.0,14998.0,15291,15292,False,False,True,3.352,0.6933333333333334,0.38319,29,15083.0,86.0,bidmc-29-w085-0042,85
43,15291,15428.0,15729,True,0.15249,0.49951,True,15291,15292,15424.0,15432.0,15729,15729,False,False,True,3.448,0.6255707762557078,0.34702,29,15517.0,89.0,bidmc-29-w085-0043,85
44,15729,15920.0,16127,True,0.14761,0.435,True,15729,15729,15919.0,15922.0,16127,16127,False,False,True,3.936,0.9597989949748744,0.28739000000000003,29,16007.0,87.0,bidmc-29-w085-0044,85
45,16127,16333.0,16530,True,0.17009,0.48192,True,16127,16127,16331.0,16335.0,16530,16530,False,False,True,3.304,0.9776674937965261,0.31183000000000005,29,16420.0,87.0,bidmc-29-w085-0045,85
46,16530,16714.0,16930,True,0.1085,0.49853,True,16530,16530,16712.0,16717.0,16930,16930,False,False,True,3.048,0.92,0.39003,29,16802.0,88.0,bidmc-29-w085-0046,85
47,16930,17081.0,17132,True,0.16325,0.43011,True,16930,16930,17080.0,17082.0,17132,17132,False,False,True,2.936,0.504950495049505,0.26686,29,17167.0,86.0,bidmc-29-w085-0047,85
48,17132,17228.0,17338,True,0.11926,0.44966,True,17132,17132,17227.0,17229.0,17338,17338,False,False,True,1.176,0.9320388349514563,0.3304,29,17314.0,86.0,bidmc-29-w085-0048,85
49,17338,17509.0,17729,True,0.13001,0.54154,True,17338,17338,17506.0,17513.0,17729,17729,False,False,True,2.248,0.8746803069053708,0.41153000000000006,29,17598.0,89.0,bidmc-29-w085-0049,85
50,17729,17896.0,18137,True,0.13099,0.54936,True,17729,17729,17894.0,17899.0,18137,18137,False,False,True,3.096,0.8186274509803921,0.41836999999999996,29,17984.0,88.0,bidmc-29-w085-0050,85
51,18137,18322.0,18533,True,0.098729,0.56403,True,18137,18137,18319.0,18325.0,18533,18533,False,False,True,3.408,0.9343434343434344,0.465301,29,18410.0,88.0,bidmc-29-w085-0051,85
52,18533,18712.0,18891,True,0.15445,0.49853,True,18533,18533,18711.0,18713.0,18891,18891,False,False,True,3.12,1.0,0.34407999999999994,29,18798.0,86.0,bidmc-29-w085-0052,85
53,18891,19055.0,19261,True,0.13099,0.58065,True,18891,18891,19053.0,19057.0,19261,19261,False,False,True,2.744,0.8864864864864865,0.44966,29,19142.0,87.0,bidmc-29-w085-0053,85
54,19261,19393.0,19614,True,0.174,0.51417,True,19261,19261,19391.0,19395.0,19614,19614,False,False,True,2.704,0.7478753541076487,0.34017000000000003,29,19480.0,87.0,bidmc-29-w085-0054,85
55,19614,19859.0,19996,True,0.087977,0.79472,True,19614,19614,19859.0,19859.0,19996,19996,False,False,True,3.728,0.7172774869109948,0.706743,29,19944.0,85.0,bidmc-29-w085-0055,85
56,19996,20055.0,20153,True,0.16716,0.39296,True,19996,19996,20055.0,20055.0,20153,20153,False,False,True,1.568,0.7515923566878981,0.22579999999999997,29,20140.0,85.0,bidmc-29-w085-0056,85
57,20153,20182.0,20281,True,0.075269,0.37439,True,20153,20153,20179.0,20185.0,20281,20281,False,False,True,1.016,0.453125,0.29912099999999997,29,20270.0,88.0,bidmc-29-w085-0057,85
58,20281,20467.0,20665,True,0.17302,0.49267,True,20281,20281,20465.0,20470.0,20665,20665,False,False,True,2.28,0.96875,0.31965,29,20555.0,88.0,bidmc-29-w085-0058,85
59,20665,20812.0,20937,True,0.1955,0.53177,True,20665,20665,20811.0,20814.0,20936,20938,False,False,True,2.76,0.9191176470588235,0.33626999999999996,29,20899.0,87.0,bidmc-29-w085-0059,85
60,20937,20956.0,21068,True,0.15738,0.47898,True,20936,20938,20953.0,20959.0,21068,21068,False,False,True,1.152,0.29007633587786263,0.3216,29,21044.0,88.0,bidmc-29-w085-0060,85
61,21068,21247.0,21438,True,0.17693,0.59335,True,21068,21068,21246.0,21249.0,21438,21438,False,False,True,2.328,0.9675675675675676,0.41642,29,21334.0,87.0,bidmc-29-w085-0061,85
62,21438,21501.0,21691,True,0.0,0.39198,True,21438,21438,21501.0,21501.0,21691,21691,False,False,True,2.032,0.4980237154150198,0.39198,29,21586.0,85.0,bidmc-29-w085-0062,85
63,21691,21884.0,22027,True,0.0,0.41642,True,21691,21691,21882.0,21886.0,22027,22027,False,False,True,3.064,0.8511904761904762,0.41642,29,21971.0,87.0,bidmc-29-w085-0063,85
64,22027,22134.0,22375,True,0.049853,0.45064,True,22027,22027,22133.0,22135.0,22375,22375,False,False,True,2.0,0.6149425287356323,0.400787,29,22220.0,86.0,bidmc-29-w085-0064,85
65,22375,22540.0,22735,True,0.1652,0.50538,True,22375,22375,22539.0,22541.0,22735,22735,False,False,True,3.248,0.9166666666666666,0.34018000000000004,29,22626.0,86.0,bidmc-29-w085-0065,85
66,22735,23024.0,23140,True,0.20137,0.62659,True,22735,22735,23024.0,23025.0,23140,23140,False,False,True,3.872,0.5728395061728395,0.42522,29,23110.0,86.0,bidmc-29-w085-0066,85
67,23140,23287.0,23527,True,0.18182,0.57967,True,23140,23140,23287.0,23287.0,23527,23527,False,False,True,2.104,0.7596899224806202,0.39785000000000004,29,23372.0,85.0,bidmc-29-w085-0067,85
68,23527,23661.0,23928,True,0.16129,0.52004,True,23527,23527,23661.0,23661.0,23928,23928,False,False,True,2.992,0.6683291770573566,0.35874999999999996,29,23746.0,85.0,bidmc-29-w085-0068,85
69,23928,24114.0,24346,True,0.13587,0.45455,True,23928,23928,24113.0,24115.0,24346,24346,False,False,True,3.624,0.8899521531100478,0.31868,29,24200.0,86.0,bidmc-29-w085-0069,85
70,24346,24534.0,24749,True,0.14565,0.4956,True,24346,24346,24533.0,24535.0,24749,24749,False,False,True,3.36,0.9330024813895782,0.34995,29,24620.0,86.0,bidmc-29-w085-0070,85
71,24749,24943.0,25153,True,0.15836,0.47703,True,24749,24749,24941.0,24945.0,25153,25153,False,False,True,3.272,0.9603960396039604,0.31867,29,25030.0,87.0,bidmc-29-w085-0071,85
72,25153,25311.0,25570,True,0.16227,0.49169,True,25153,25153,25310.0,25313.0,25570,25570,False,False,True,2.944,0.7577937649880095,0.32942000000000005,29,25398.0,87.0,bidmc-29-w085-0072,85
73,25570,25852.0,26009,True,0.17107,0.54936,True,25570,25570,25850.0,25855.0,26009,26009,False,False,True,4.328,0.715261958997722,0.37828999999999996,29,25940.0,88.0,bidmc-29-w085-0073,85
74,26009,26155.0,26289,True,0.19844,0.64418,True,26009,26009,26154.0,26157.0,26289,26289,False,False,True,2.424,0.9571428571428572,0.44573999999999997,29,26242.0,87.0,bidmc-29-w085-0074,85
75,26289,26305.0,26431,True,0.15054,0.60704,True,26289,26289,26304.0,26307.0,26431,26431,False,False,True,1.2,0.22535211267605637,0.4565,29,26392.0,87.0,bidmc-29-w085-0075,85
76,26431,26613.0,26824,True,0.16325,0.47996,True,26431,26431,26612.0,26615.0,26824,26824,False,False,True,2.464,0.9262086513994912,0.31671,29,26700.0,87.0,bidmc-29-w085-0076,85
77,26824,27005.0,27238,True,0.16813,0.54252,True,26824,26824,27001.0,27009.0,27238,27238,False,False,True,3.136,0.8743961352657005,0.37439,29,27094.0,89.0,bidmc-29-w085-0077,85
78,27238,27422.0,27658,True,0.16227,0.45357,True,27238,27238,27421.0,27424.0,27658,27658,False,False,True,3.336,0.8761904761904762,0.2913,29,27509.0,87.0,bidmc-29-w085-0078,85
79,27658,27808.0,28064,True,0.080156,0.49267,True,27658,27658,27807.0,27809.0,28064,28064,False,False,True,3.088,0.7389162561576355,0.412514,29,27894.0,86.0,bidmc-29-w085-0079,85
80,28064,28185.0,28298,True,0.12414,0.36461,True,28064,28064,28185.0,28185.0,28298,28298,False,False,True,3.016,0.9658119658119658,0.24047,29,28270.0,85.0,bidmc-29-w085-0080,85
81,28298,28318.0,28426,True,0.041056,0.28348,True,28298,28298,28309.0,28327.0,28426,28427,False,False,True,1.064,0.3125,0.242424,29,28412.0,94.0,bidmc-29-w085-0081,85
82,28426,28581.0,28793,True,0.070381,0.37048,True,28426,28427,28578.0,28585.0,28793,28794,False,False,True,2.104,0.8446866485013624,0.300099,29,28670.0,89.0,bidmc-29-w085-0082,85
83,28793,28945.0,29048,True,0.12414,0.45161,True,28793,28794,28944.0,28947.0,29048,29048,False,False,True,2.912,0.807843137254902,0.32747000000000004,29,29032.0,87.0,bidmc-29-w085-0083,85
84,29048,29074.0,29197,True,0.15152,0.43011,True,29048,29048,29070.0,29078.0,29197,29197,False,False,True,1.032,0.3489932885906041,0.27859,29,29163.0,89.0,bidmc-29-w085-0084,85
85,29197,29335.0,29612,True,0.12317,0.54252,True,29197,29197,29334.0,29336.0,29612,29613,False,False,True,2.088,0.6650602409638554,0.41935,29,29421.0,86.0,bidmc-29-w085-0085,85
86,29612,29864.0,29991,True,0.14174,0.81525,True,29612,29613,29864.0,29865.0,29991,29991,False,False,True,4.232,0.6701846965699209,0.67351,29,29950.0,86.0,bidmc-29-w085-0086,85
87,29991,30088.0,30326,True,0.030303,0.40567,True,29991,29991,30084.0,30093.0,30326,30326,False,False,True,1.792,0.5791044776119403,0.37536699999999995,29,30178.0,90.0,bidmc-29-w085-0087,85
88,30326,30502.0,30741,True,0.044966,0.47507,True,30326,30326,30500.0,30505.0,30741,30741,False,False,True,3.312,0.8481927710843373,0.430104,29,30590.0,88.0,bidmc-29-w085-0088,85
89,30741,30902.0,31142,True,0.14663,0.4653,True,30741,30741,30901.0,30903.0,31142,31143,False,False,True,3.2,0.8029925187032418,0.31867,29,30988.0,86.0,bidmc-29-w085-0089,85
90,31142,31326.0,31523,True,0.16618,0.51222,True,31142,31143,31325.0,31328.0,31523,31523,False,False,True,3.392,0.9658792650918635,0.34604,29,31413.0,87.0,bidmc-29-w085-0090,85
91,31523,31673.0,31971,True,0.13783,0.46628,True,31523,31523,31673.0,31673.0,31971,31971,False,False,True,2.776,0.6696428571428572,0.32844999999999996,29,31758.0,85.0,bidmc-29-w085-0091,85
92,31971,32116.0,32143,True,0.17009,0.45455,True,31971,31971,32115.0,32118.0,32143,32143,False,False,True,3.544,0.313953488372093,0.28446000000000005,29,32203.0,87.0,bidmc-29-w085-0092,85
93,32143,32249.0,32378,True,0.13001,0.48583,True,32143,32143,32245.0,32253.0,32378,32379,False,False,True,1.064,0.902127659574468,0.35582,29,32338.0,89.0,bidmc-29-w085-0093,85
94,32378,32542.0,32741,True,0.18768,0.51613,True,32378,32379,32539.0,32545.0,32741,32741,False,False,True,2.344,0.9035812672176309,0.32844999999999996,29,32630.0,88.0,bidmc-29-w085-0094,85
95,32741,32915.0,33126,True,0.17107,0.49365,True,32741,32741,32913.0,32917.0,33126,33126,False,False,True,2.984,0.9038961038961039,0.32258,29,33002.0,87.0,bidmc-29-w085-0095,85
96,33126,33272.0,33552,True,0.17107,0.52981,True,33126,33126,33271.0,33273.0,33552,33552,False,False,True,2.856,0.6854460093896714,0.35874,29,33358.0,86.0,bidmc-29-w085-0096,85
97,33552,33696.0,33977,True,0.17009,0.55425,True,33552,33552,33693.0,33700.0,33977,33977,False,False,True,3.392,0.6776470588235295,0.38416000000000006,29,33785.0,89.0,bidmc-29-w085-0097,85
98,33977,34120.0,34400,True,0.13196,0.5132,True,33977,33977,34119.0,34121.0,34400,34400,False,False,True,3.392,0.6761229314420804,0.38124,29,34206.0,86.0,bidmc-29-w085-0098,85
99,34400,34591.0,34765,True,0.092864,0.50831,True,34400,34400,34589.0,34594.0,34765,34765,False,False,True,3.768,0.9534246575342465,0.41544600000000004,29,34679.0,88.0,bidmc-29-w085-0099,85
100,34765,34923.0,35158,True,0.16422,0.48778,True,34765,34765,34922.0,34925.0,35158,35158,False,False,True,2.656,0.8040712468193384,0.32355999999999996,29,35010.0,87.0,bidmc-29-w085-0100,85
101,35158,35323.0,35540,True,0.13392,0.51613,True,35158,35158,35321.0,35326.0,35540,35540,False,False,True,3.2,0.8638743455497382,0.38220999999999994,29,35411.0,88.0,bidmc-29-w085-0101,85
102,35540,35683.0,35922,True,0.16129,0.56794,True,35540,35540,35680.0,35686.0,35922,35922,False,False,True,2.88,0.7486910994764397,0.40665,29,35771.0,88.0,bidmc-29-w085-0102,85
103,35922,36073.0,36294,True,0.15543,0.49365,True,35922,35922,36073.0,36074.0,36294,36294,False,False,True,3.12,0.8118279569892473,0.33821999999999997,29,36159.0,86.0,bidmc-29-w085-0103,85
104,36294,36486.0,36683,True,0.14956,0.44966,True,36294,36294,36486.0,36487.0,36683,36683,False,False,True,3.304,0.987146529562982,0.30010000000000003,29,36572.0,86.0,bidmc-29-w085-0104,85
105,36683,36985.0,37097,True,0.19453,0.8915,True,36683,36683,36985.0,36985.0,37097,37097,False,False,True,3.992,0.5410628019323671,0.69697,29,37070.0,85.0,bidmc-29-w085-0105,85
106,37097,37229.0,37418,True,0.16325,0.5738,True,37097,37097,37226.0,37232.0,37418,37418,False,False,True,1.952,0.822429906542056,0.41054999999999997,29,37317.0,88.0,bidmc-29-w085-0106,85
107,37418,37554.0,37818,True,0.14174,0.49756,True,37418,37418,37553.0,37556.0,37818,37818,False,False,True,2.6,0.6799999999999999,0.35582,29,37641.0,87.0,bidmc-29-w085-0107,85
108,37818,38051.0,38242,True,0.13001,0.53079,True,37818,37818,38047.0,38055.0,38242,38242,False,False,True,3.976,0.9009433962264151,0.40078,29,38140.0,89.0,bidmc-29-w085-0108,85
109,38242,38385.0,38639,True,0.1564,0.53177,True,38242,38242,38385.0,38385.0,38639,38640,False,False,True,2.672,0.7204030226700252,0.37537,29,38470.0,85.0,bidmc-29-w085-0109,85
110,38639,38791.0,39079,True,0.14174,0.49756,True,38639,38640,38787.0,38795.0,39079,39079,False,False,True,3.248,0.6909090909090909,0.35582,29,38880.0,89.0,bidmc-29-w085-0110,85
111,39079,39366.0,39490,True,0.15347,0.54643,True,39079,39079,39363.0,39369.0,39490,39491,False,False,True,4.6,0.6034063260340632,0.39296,29,39454.0,88.0,bidmc-29-w085-0111,85
112,39490,39715.0,39863,True,0.17791,0.48778,True,39490,39491,39711.0,39719.0,39863,39863,False,False,True,2.792,0.7935656836461126,0.30987,29,39804.0,89.0,bidmc-29-w085-0112,85
113,39863,40124.0,40258,True,0.1828,0.54252,True,39863,39863,40122.0,40126.0,40258,40258,False,False,True,3.272,0.6784810126582279,0.35972000000000004,29,40211.0,87.0,bidmc-29-w085-0113,85
114,40258,40524.0,40675,True,0.16325,0.50244,True,40258,40258,40521.0,40527.0,40675,40675,False,False,True,3.2,0.724220623501199,0.33919,29,40612.0,88.0,bidmc-29-w085-0114,85
115,40675,40861.0,41083,True,0.16129,0.47019,True,40675,40675,40860.0,40863.0,41083,41083,False,False,True,2.696,0.9117647058823529,0.3089,29,40948.0,87.0,bidmc-29-w085-0115,85
116,41083,41280.0,41502,True,0.15054,0.51613,True,41083,41083,41278.0,41282.0,41502,41502,False,False,True,3.352,0.9403341288782816,0.36558999999999997,29,41367.0,87.0,bidmc-29-w085-0116,85
117,41502,41691.0,41895,True,0.16325,0.46823,True,41502,41502,41687.0,41695.0,41895,41895,False,False,True,3.288,0.9618320610687023,0.30498,29,41780.0,89.0,bidmc-29-w085-0117,85
118,41895,42110.0,42347,True,0.17009,0.4868,True,41895,41895,42109.0,42111.0,42347,42347,False,False,True,3.352,0.9513274336283186,0.31671000000000005,29,42196.0,86.0,bidmc-29-w085-0118,85
119,42347,42616.0,42823,True,0.174,0.52688,True,42347,42347,42615.0,42617.0,42823,42823,False,False,True,4.048,0.8697478991596639,0.35288,29,42702.0,86.0,bidmc-29-w085-0119,85
120,42823,42977.0,43231,True,0.174,0.51711,True,42823,42823,42974.0,42981.0,43231,43231,False,False,True,2.888,0.7549019607843137,0.34310999999999997,29,43066.0,89.0,bidmc-29-w085-0120,85
121,43231,43382.0,43562,True,0.18084,0.61095,True,43231,43231,43379.0,43385.0,43562,43562,False,False,True,3.24,0.9123867069486404,0.43011,29,43470.0,88.0,bidmc-29-w085-0121,85
122,43562,43693.0,43917,True,0.043011,0.77615,True,43562,43562,43693.0,43693.0,43917,43917,False,False,True,2.488,0.7380281690140845,0.733139,29,43778.0,85.0,bidmc-29-w085-0122,85
123,43917,44011.0,44120,True,0.045943,0.47019,True,43917,43917,44011.0,44011.0,44120,44120,False,False,True,2.544,0.9261083743842364,0.424247,29,44096.0,85.0,bidmc-29-w085-0123,85
124,44120,44142.0,44235,True,0.10459,0.39785,True,44120,44120,44141.0,44143.0,44235,44236,False,False,True,1.048,0.3826086956521739,0.29325999999999997,29,44228.0,86.0,bidmc-29-w085-0124,85
125,44235,44369.0,44396,True,0.24242,0.42424,True,44235,44236,44368.0,44370.0,44396,44396,False,False,True,1.816,0.3354037267080745,0.18182,29,44455.0,86.0,bidmc-29-w085-0125,85
126,44396,44577.0,44802,True,0.10166,0.57869,True,44396,44396,44577.0,44577.0,44802,44802,False,False,True,1.664,0.8916256157635468,0.47703000000000007,29,44662.0,85.0,bidmc-29-w085-0126,85
127,44802,45069.0,45207,True,0.13099,0.46725,True,44802,44802,45069.0,45069.0,45207,45207,False,False,True,3.936,0.6814814814814815,0.33626,29,45154.0,85.0,bidmc-29-w085-0127,85
128,45207,45330.0,45430,True,0.1652,0.3998,True,45207,45207,45325.0,45336.0,45430,45431,False,False,True,2.088,0.8968609865470852,0.23459999999999998,29,45421.0,91.0,bidmc-29-w085-0128,85
129,45430,45461.0,45569,True,0.14174,0.39198,True,45430,45431,45461.0,45461.0,45569,45569,False,False,True,1.048,0.4460431654676259,0.25024,29,45546.0,85.0,bidmc-29-w085-0129,85
130,45569,45720.0,45949,True,0.15249,0.42815,True,45569,45569,45715.0,45725.0,45949,45950,False,False,True,2.072,0.7947368421052632,0.27566,29,45810.0,90.0,bidmc-29-w085-0130,85
131,45949,46222.0,46343,True,0.17498,0.48876,True,45949,45950,46220.0,46225.0,46343,46343,False,False,True,4.016,0.6142131979695431,0.31377999999999995,29,46310.0,88.0,bidmc-29-w085-0131,85
132,46343,46619.0,46754,True,0.17498,0.47507,True,46343,46343,46617.0,46621.0,46754,46754,False,False,True,3.176,0.656934306569343,0.30008999999999997,29,46706.0,87.0,bidmc-29-w085-0132,85
133,46754,46980.0,47153,True,0.16325,0.63832,True,46754,46754,46979.0,46981.0,47153,47153,False,False,True,2.888,0.8671679197994988,0.47507,29,47066.0,86.0,bidmc-29-w085-0133,85
134,47153,47372.0,47587,True,0.18084,0.55621,True,47153,47153,47369.0,47376.0,47587,47587,False,False,True,3.136,0.9907834101382489,0.37537,29,47461.0,89.0,bidmc-29-w085-0134,85
135,47587,47788.0,48020,True,0.17595,0.51515,True,47587,47587,47786.0,47791.0,48020,48020,False,False,True,3.328,0.9284064665127021,0.3392,29,47876.0,88.0,bidmc-29-w085-0135,85
136,48020,48293.0,48428,True,0.17009,0.46334,True,48020,48020,48290.0,48296.0,48428,48428,False,False,True,4.04,0.6617647058823529,0.29325,29,48381.0,88.0,bidmc-29-w085-0136,85
137,48428,48614.0,48853,True,0.174,0.47605,True,48428,48428,48613.0,48615.0,48853,48853,False,False,True,2.568,0.8752941176470588,0.30205,29,48700.0,86.0,bidmc-29-w085-0137,85
138,48853,49033.0,49262,True,0.058651,0.4565,True,48853,48853,49033.0,49033.0,49262,49263,False,False,True,3.352,0.880195599022005,0.397849,29,49118.0,85.0,bidmc-29-w085-0138,85
139,49262,49442.0,49719,True,0.15738,0.45846,True,49262,49263,49441.0,49444.0,49719,49719,False,False,True,3.272,0.787746170678337,0.30108,29,49529.0,87.0,bidmc-29-w085-0139,85
140,49719,49934.0,50184,True,0.16716,0.47801,True,49719,49719,49933.0,49935.0,50184,50184,False,False,True,3.936,0.9247311827956989,0.31084999999999996,29,50020.0,86.0,bidmc-29-w085-0140,85
141,50184,50447.0,50573,True,0.16911,0.55034,True,50184,50184,50443.0,50451.0,50573,50573,False,False,True,4.104,0.6478149100257069,0.38123000000000007,29,50536.0,89.0,bidmc-29-w085-0141,85
142,50573,50737.0,50957,True,0.17791,0.55132,True,50573,50573,50735.0,50739.0,50957,50957,False,False,True,2.32,0.8541666666666666,0.37341,29,50824.0,87.0,bidmc-29-w085-0142,85
143,50957,51216.0,51363,True,0.18475,0.52102,True,50957,50957,51215.0,51217.0,51363,51364,False,False,True,3.832,0.7241379310344828,0.33627000000000007,29,51302.0,86.0,bidmc-29-w085-0143,85
144,51363,51557.0,51768,True,0.15934,0.50147,True,51363,51364,51553.0,51561.0,51768,51769,False,False,True,2.728,0.9580246913580247,0.34212999999999993,29,51646.0,89.0,bidmc-29-w085-0144,85
145,51768,51945.0,51957,True,0.13881,0.49365,True,51768,51769,51942.0,51948.0,51957,51958,False,False,True,3.104,0.12698412698412698,0.35484,29,52033.0,88.0,bidmc-29-w085-0145,85
146,51957,52059.0,52196,True,0.16325,0.52004,True,51957,51958,52059.0,52059.0,52196,52196,False,False,True,0.912,0.8535564853556485,0.35678999999999994,29,52144.0,85.0,bidmc-29-w085-0146,85
147,52196,52442.0,52581,True,0.20821,0.65494,True,52196,52196,52441.0,52443.0,52581,52581,False,False,True,3.064,0.7220779220779221,0.44672999999999996,29,52528.0,86.0,bidmc-29-w085-0147,85
148,52581,52711.0,52898,True,0.13392,0.40665,True,52581,52581,52711.0,52711.0,52898,52898,False,False,True,2.152,0.8201892744479495,0.27273000000000003,29,52796.0,85.0,bidmc-29-w085-0148,85
149,52898,53129.0,53309,True,0.16031,0.42522,True,52898,52898,53125.0,53133.0,53309,53309,False,False,True,3.344,0.8759124087591241,0.26491,29,53218.0,89.0,bidmc-29-w085-0149,85
150,53309,53460.0,53751,True,0.16031,0.44282,True,53309,53309,53459.0,53462.0,53751,53751,False,False,True,2.648,0.6832579185520362,0.28251,29,53547.0,87.0,bidmc-29-w085-0150,85
151,53751,53948.0,54185,True,0.16129,0.45552,True,53751,53751,53945.0,53952.0,54185,54185,False,False,True,3.904,0.9078341013824884,0.29423,29,54037.0,89.0,bidmc-29-w085-0151,85
152,54185,54373.0,54608,True,0.16813,0.45455,True,54185,54185,54370.0,54377.0,54608,54608,False,False,True,3.4,0.8888888888888888,0.28642,29,54462.0,89.0,bidmc-29-w085-0152,85
153,54608,54790.0,55005,True,0.18573,0.41447,True,54608,54608,54787.0,54793.0,55005,55005,False,False,True,3.336,0.9168765743073048,0.22874,29,54878.0,88.0,bidmc-29-w085-0153,85
154,55005,55192.0,55455,True,0.17204,0.43402,True,55005,55005,55187.0,55197.0,55455,55455,False,False,True,3.216,0.8311111111111111,0.26198,29,55282.0,90.0,bidmc-29-w085-0154,85
155,55455,55599.0,55911,True,0.12805,0.435,True,55455,55455,55597.0,55601.0,55911,55912,False,False,True,3.256,0.631578947368421,0.30695,29,55686.0,87.0,bidmc-29-w085-0155,85
156,55911,56059.0,56395,True,0.19355,0.42424,True,55911,55912,56057.0,56061.0,56395,56395,False,False,True,3.68,0.6115702479338843,0.23069,29,56146.0,87.0,bidmc-29-w085-0156,85
157,56395,56533.0,56846,True,0.16716,0.39003,True,56395,56395,56532.0,56534.0,56846,56846,False,False,True,3.792,0.6119733924611974,0.22286999999999998,29,56619.0,86.0,bidmc-29-w085-0157,85
158,56846,57039.0,57269,True,0.18964,0.39492,True,56846,56846,57037.0,57041.0,57269,57269,False,False,True,4.048,0.9125295508274232,0.20528,29,57126.0,87.0,bidmc-29-w085-0158,85
159,57269,57538.0,57723,True,0.0,1.0,True,57269,57269,57481.0,57595.0,57723,57723,False,False,True,3.992,0.8149779735682819,1.0,29,57680.0,142.0,bidmc-29-w085-0159,85
160,57723,58242.0,58397,True,0.0,0.37928,True,57723,57723,58238.0,58247.0,58397,58397,False,False,True,5.632,0.4599406528189911,0.37928,29,58332.0,90.0,bidmc-29-w085-0160,85
161,58397,58595.0,58824,True,0.15934,0.37146,True,58397,58397,58595.0,58595.0,58824,58824,False,False,True,2.824,0.927400468384075,0.21212,29,58680.0,85.0,bidmc-29-w085-0161,85
162,58824,59008.0,59274,True,0.12903,0.35875,True,58824,58824,59003.0,59013.0,59274,59275,False,False,True,3.304,0.8177777777777777,0.22972,29,59098.0,90.0,bidmc-29-w085-0162,85
163,59274,59507.0,59611,True,0.1652,0.35875,True,59274,59275,59507.0,59507.0,59611,59612,False,False,True,3.992,0.6172106824925816,0.19355,29,59592.0,85.0,bidmc-29-w085-0163,85
1,83,206.0,384,True,-0.064915,1.1855,True,83,83,206.0,207.0,384,384,False,False,True,,0.8172757475083057,1.250415,30,292.0,86.0,bidmc-30-w085-0001,85
2,384,680.0,891,True,-0.049459,1.2164,True,384,384,679.0,681.0,891,891,False,False,True,3.792,0.8323471400394478,1.2658589999999998,30,766.0,86.0,bidmc-30-w085-0002,85
3,891,1128.0,1307,True,-0.09119,1.1097,True,891,891,1127.0,1129.0,1307,1307,False,False,True,3.584,0.8605769230769231,1.2008899999999998,30,1214.0,86.0,bidmc-30-w085-0003,85
4,1307,1512.0,1698,True,-0.11901,1.2906,True,1307,1307,1489.0,1535.0,1698,1698,False,False,True,3.072,0.9514066496163683,1.40961,30,1620.0,108.0,bidmc-30-w085-0004,85
5,1698,1894.0,2100,True,-0.14219,1.2906,True,1698,1698,1859.0,1929.0,2100,2100,False,False,True,3.056,0.9751243781094527,1.43279,30,2014.0,120.0,bidmc-30-w085-0005,85
6,2100,2347.0,2538,True,-0.083462,1.2906,True,2100,2100,2333.0,2361.0,2538,2538,False,False,True,3.624,0.8721461187214612,1.374062,30,2446.0,99.0,bidmc-30-w085-0006,85
7,2538,2851.0,3045,True,-0.049459,1.2906,True,2538,2538,2841.0,2861.0,3045,3045,False,False,True,4.032,0.7652859960552268,1.340059,30,2946.0,95.0,bidmc-30-w085-0007,85
8,3045,3266.0,3446,True,-0.051005,1.2519,True,3045,3045,3265.0,3267.0,3446,3446,False,False,True,3.32,0.8977556109725686,1.302905,30,3352.0,86.0,bidmc-30-w085-0008,85
9,3446,3677.0,3872,True,-0.015456,1.2519,True,3446,3446,3676.0,3679.0,3872,3872,False,False,True,3.288,0.9154929577464789,1.267356,30,3764.0,87.0,bidmc-30-w085-0009,85
10,3872,4111.0,4296,True,-0.020093,1.2009,True,3872,3872,4111.0,4111.0,4296,4297,False,False,True,3.472,0.8726415094339622,1.220993,30,4196.0,85.0,bidmc-30-w085-0010,85
11,4296,4478.0,4674,True,-0.017002,1.1577,True,4296,4297,4477.0,4479.0,4674,4674,False,False,True,2.936,0.962962962962963,1.174702,30,4564.0,86.0,bidmc-30-w085-0011,85
12,4674,4885.0,5074,True,-0.086553,1.2906,True,4674,4674,4867.0,4903.0,5074,5074,False,False,True,3.256,0.945,1.377153,30,4988.0,103.0,bidmc-30-w085-0012,85
13,5074,5258.0,5457,True,-0.10355,1.2396,True,5074,5074,5257.0,5259.0,5457,5457,False,False,True,2.984,0.9608355091383812,1.34315,30,5344.0,86.0,bidmc-30-w085-0013,85
14,5457,5643.0,5831,True,-0.027821,1.2906,True,5457,5457,5637.0,5649.0,5831,5831,False,False,True,3.08,0.9946524064171123,1.318421,30,5734.0,91.0,bidmc-30-w085-0014,85
15,5831,6025.0,6208,True,-0.080371,1.2226,True,5831,5831,6025.0,6026.0,6208,6208,False,False,True,3.056,0.9708222811671088,1.3029709999999999,30,6111.0,86.0,bidmc-30-w085-0015,85
16,6208,6393.0,6548,True,-0.20866,1.2906,True,6208,6208,6377.0,6409.0,6548,6548,False,False,True,2.944,0.9117647058823529,1.49926,30,6494.0,101.0,bidmc-30-w085-0016,85
17,6548,6711.0,6905,True,-0.29057,1.2906,True,6548,6548,6665.0,6757.0,6905,6905,False,False,True,2.544,0.9131652661064426,1.58117,30,6842.0,131.0,bidmc-30-w085-0017,85
18,6905,7086.0,7263,True,-0.29057,1.2906,True,6905,6905,7035.0,7137.0,7263,7263,False,False,True,3.0,0.9888268156424581,1.58117,30,7222.0,136.0,bidmc-30-w085-0018,85
19,7263,7318.0,7361,True,-0.29057,-0.27975,True,7263,7263,7318.0,7319.0,7361,7361,False,False,True,1.856,0.8775510204081632,0.010819999999999996,30,7404.0,86.0,bidmc-30-w085-0019,85
20,7361,7565.0,7768,True,-0.29057,1.2906,True,7361,7361,7527.0,7603.0,7768,7768,False,False,True,1.976,0.9975429975429976,1.58117,30,7688.0,123.0,bidmc-30-w085-0020,85
21,7768,8098.0,8272,True,-0.12674,1.1422,True,7768,7768,8097.0,8099.0,8272,8272,False,False,True,4.264,0.6904761904761905,1.2689400000000002,30,8184.0,86.0,bidmc-30-w085-0021,85
22,8272,8639.0,8826,True,-0.041731,1.1453,True,8272,8272,8639.0,8639.0,8826,8827,False,False,True,4.328,0.6750902527075813,1.187031,30,8724.0,85.0,bidmc-30-w085-0022,85
23,8826,9100.0,9279,True,-0.027821,1.1437,True,8826,8827,9099.0,9102.0,9279,9279,False,False,True,3.688,0.7902869757174393,1.171521,30,9187.0,87.0,bidmc-30-w085-0023,85
24,9279,9514.0,9696,True,-0.041731,1.2906,True,9279,9279,9503.0,9525.0,9696,9696,False,False,True,3.312,0.8729016786570744,1.332331,30,9610.0,96.0,bidmc-30-w085-0024,85
25,9696,9939.0,10165,True,-0.072643,1.2906,True,9696,9696,9929.0,9949.0,10165,10166,False,False,True,3.4,0.9637526652452025,1.363243,30,10034.0,95.0,bidmc-30-w085-0025,85
26,10165,10352.0,10553,True,-0.0015456,1.2906,True,10165,10166,10339.0,10366.0,10553,10553,False,False,True,3.304,0.9639175257731959,1.2921456,30,10451.0,99.0,bidmc-30-w085-0026,85
27,10553,10754.0,10953,True,-0.0092736,1.2906,True,10553,10553,10737.0,10771.0,10953,10953,False,False,True,3.216,0.995,1.2998736,30,10856.0,102.0,bidmc-30-w085-0027,85
28,10953,11125.0,11310,True,-0.051005,1.2906,True,10953,10953,11109.0,11142.0,11310,11310,False,False,True,2.968,0.9635854341736695,1.341605,30,11227.0,102.0,bidmc-30-w085-0028,85
29,11310,11491.0,11707,True,-0.086553,1.2906,True,11310,11310,11449.0,11533.0,11707,11707,False,False,True,2.928,0.9118387909319899,1.377153,30,11618.0,127.0,bidmc-30-w085-0029,85
30,11707,11908.0,12124,True,-0.23184,1.2906,True,11707,11707,11859.0,11957.0,12124,12124,False,False,True,3.336,0.9640287769784173,1.52244,30,12042.0,134.0,bidmc-30-w085-0030,85
31,12124,12352.0,12561,True,-0.22257,1.2906,True,12124,12124,12319.0,12385.0,12561,12561,False,False,True,3.552,0.9565217391304348,1.51317,30,12470.0,118.0,bidmc-30-w085-0031,85
32,12561,12785.0,12926,True,-0.29057,1.2906,True,12561,12561,12743.0,12827.0,12926,12926,False,False,True,3.464,0.7726027397260273,1.58117,30,12912.0,127.0,bidmc-30-w085-0032,85
33,12926,13084.0,13287,True,-0.29057,1.2906,True,12926,12926,13017.0,13151.0,13287,13288,False,False,True,2.392,0.8753462603878116,1.58117,30,13236.0,152.0,bidmc-30-w085-0033,85
34,13287,13500.0,13708,True,-0.29057,1.2906,True,13287,13288,13465.0,13535.0,13708,13708,False,False,True,3.328,0.9881235154394299,1.58117,30,13620.0,120.0,bidmc-30-w085-0034,85
35,13708,14061.0,14234,True,-0.17774,1.1175,True,13708,13708,14060.0,14063.0,14234,14234,False,False,True,4.488,0.6577946768060836,1.29524,30,14148.0,87.0,bidmc-30-w085-0035,85
36,14234,14602.0,14766,True,-0.055641,1.0417,True,14234,14234,14601.0,14603.0,14766,14766,False,False,True,4.328,0.6165413533834587,1.0973410000000001,30,14688.0,86.0,bidmc-30-w085-0036,85
37,14766,15052.0,15233,True,-0.051005,1.1654,True,14766,14766,15051.0,15053.0,15233,15233,False,False,True,3.6,0.7751605995717344,1.216405,30,15138.0,86.0,bidmc-30-w085-0037,85
38,15233,15524.0,15734,True,-0.015456,1.2813,True,15233,15233,15523.0,15525.0,15734,15734,False,False,True,3.776,0.8383233532934131,1.296756,30,15610.0,86.0,bidmc-30-w085-0038,85
39,15734,15924.0,16138,True,-0.032458,1.2906,True,15734,15734,15905.0,15943.0,16138,16139,False,False,True,3.2,0.9405940594059405,1.323058,30,16028.0,104.0,bidmc-30-w085-0039,85
40,16138,16343.0,16537,True,0.0015456,1.2906,True,16138,16139,16331.0,16355.0,16537,16537,False,False,True,3.352,0.9724310776942355,1.2890544,30,16440.0,97.0,bidmc-30-w085-0040,85
41,16537,16750.0,16943,True,-0.064915,1.2859,True,16537,16537,16749.0,16751.0,16943,16943,False,False,True,3.256,0.9507389162561576,1.350815,30,16836.0,86.0,bidmc-30-w085-0041,85
42,16943,17140.0,17333,True,-0.032458,1.1808,True,16943,16943,17139.0,17141.0,17333,17334,False,False,True,3.12,0.9897435897435898,1.2132580000000002,30,17226.0,86.0,bidmc-30-w085-0042,85
43,17333,17526.0,17714,True,-0.046368,1.2658,True,17333,17334,17525.0,17527.0,17714,17714,False,False,True,3.088,0.9868766404199475,1.312168,30,17612.0,86.0,bidmc-30-w085-0043,85
44,17714,17892.0,18085,True,-0.032458,1.2906,True,17714,17714,17885.0,17899.0,18085,18085,False,False,True,2.928,0.9595687331536388,1.323058,30,17984.0,92.0,bidmc-30-w085-0044,85
45,18085,18264.0,18454,True,-0.064915,1.1561,True,18085,18085,18263.0,18265.0,18454,18454,False,False,True,2.976,0.9701897018970189,1.221015,30,18350.0,86.0,bidmc-30-w085-0045,85
46,18454,18656.0,18847,True,-0.027821,1.2689,True,18454,18454,18655.0,18657.0,18847,18847,False,False,True,3.136,0.9720101781170484,1.296721,30,18742.0,86.0,bidmc-30-w085-0046,85
47,18847,19023.0,19221,True,-0.058733,1.1793,True,18847,18847,19022.0,19025.0,19221,19221,False,False,True,2.936,0.9411764705882353,1.238033,30,19110.0,87.0,bidmc-30-w085-0047,85
48,19221,19430.0,19632,True,-0.027821,1.2906,True,19221,19221,19419.0,19441.0,19632,19632,False,False,True,3.256,0.9829683698296837,1.318421,30,19526.0,96.0,bidmc-30-w085-0048,85
49,19632,19793.0,19983,True,-0.061824,1.1793,True,19632,19632,19791.0,19795.0,19983,19983,False,False,True,2.904,0.9173789173789174,1.2411240000000001,30,19880.0,87.0,bidmc-30-w085-0049,85
50,19983,20174.0,20357,True,-0.057187,1.2906,True,19983,19983,20151.0,20197.0,20357,20357,False,False,True,3.048,0.9786096256684492,1.347787,30,20282.0,108.0,bidmc-30-w085-0050,85
51,20357,20531.0,20700,True,-0.14374,1.2906,True,20357,20357,20499.0,20564.0,20700,20700,False,False,True,2.856,0.9854227405247813,1.43434,30,20649.0,118.0,bidmc-30-w085-0051,85
52,20700,20862.0,21050,True,-0.2272,1.2906,True,20700,20700,20841.0,20883.0,21050,21050,False,False,True,2.648,0.9257142857142857,1.5178,30,20968.0,106.0,bidmc-30-w085-0052,85
53,21050,21256.0,21452,True,-0.11901,1.2906,True,21050,21050,21251.0,21261.0,21452,21452,False,False,True,3.152,0.9751243781094527,1.40961,30,21346.0,90.0,bidmc-30-w085-0053,85
54,21452,21674.0,21832,True,-0.058733,1.1066,True,21452,21452,21673.0,21675.0,21832,21832,False,False,True,3.344,0.8315789473684211,1.165333,30,21760.0,86.0,bidmc-30-w085-0054,85
55,21832,22142.0,22396,True,-0.046368,1.2906,True,21832,21832,22137.0,22147.0,22396,22396,False,False,True,3.744,0.900709219858156,1.336968,30,22232.0,90.0,bidmc-30-w085-0055,85
56,22396,22686.0,22884,True,-0.069552,1.1747,True,22396,22396,22685.0,22687.0,22884,22884,False,False,True,4.352,0.8114754098360656,1.2442520000000001,30,22772.0,86.0,bidmc-30-w085-0056,85
57,22884,23092.0,23301,True,-0.030912,1.1484,True,22884,22884,23091.0,23094.0,23301,23301,False,False,True,3.248,0.9976019184652278,1.1793120000000001,30,23179.0,87.0,bidmc-30-w085-0057,85
58,23301,23475.0,23668,True,-0.0015456,1.1947,True,23301,23301,23475.0,23475.0,23668,23668,False,False,True,3.064,0.9482288828337875,1.1962456000000001,30,23560.0,85.0,bidmc-30-w085-0058,85
59,23668,23857.0,24062,True,-0.047913,1.2025,True,23668,23668,23856.0,23859.0,24062,24062,False,False,True,3.056,0.9593908629441624,1.250413,30,23944.0,87.0,bidmc-30-w085-0059,85
60,24062,24244.0,24442,True,-0.010819,1.1901,True,24062,24062,24244.0,24245.0,24442,24442,False,False,True,3.096,0.9578947368421052,1.2009189999999998,30,24330.0,86.0,bidmc-30-w085-0060,85
61,24442,24617.0,24860,True,-0.010819,1.2056,True,24442,24442,24616.0,24619.0,24860,24861,False,False,True,2.984,0.8373205741626795,1.216419,30,24704.0,87.0,bidmc-30-w085-0061,85
62,24860,25043.0,25232,True,-0.0092736,1.2179,True,24860,24861,25043.0,25044.0,25232,25232,False,False,True,3.408,0.9838709677419355,1.2271736,30,25129.0,86.0,bidmc-30-w085-0062,85
64,25308,25577.0,25764,True,-0.11283,1.2906,True,25307,25310,25547.0,25607.0,25764,25764,False,False,True,2.152,0.8201754385964912,1.40343,30,25692.0,115.0,bidmc-30-w085-0064,85
65,25764,25957.0,26164,True,-0.10665,1.2906,True,25764,25764,25917.0,25997.0,26164,26164,False,False,True,3.04,0.965,1.3972499999999999,30,26082.0,125.0,bidmc-30-w085-0065,85
66,26164,26350.0,26554,True,-0.069552,1.2906,True,26164,26164,26329.0,26371.0,26554,26555,False,False,True,3.144,0.9538461538461538,1.360152,30,26456.0,106.0,bidmc-30-w085-0066,85
67,26554,26752.0,26957,True,-0.068006,1.2906,True,26554,26555,26731.0,26773.0,26957,26957,False,False,True,3.216,0.9826302729528535,1.358606,30,26858.0,106.0,bidmc-30-w085-0067,85
68,26957,27207.0,27436,True,-0.0015456,1.2906,True,26957,26957,27201.0,27213.0,27436,27436,False,False,True,3.64,0.9561586638830898,1.2921456,30,27298.0,91.0,bidmc-30-w085-0068,85
69,27436,27621.0,27814,True,-0.058733,1.2906,True,27436,27436,27617.0,27625.0,27814,27814,False,False,True,3.312,0.9788359788359788,1.349333,30,27710.0,89.0,bidmc-30-w085-0069,85
70,27814,28053.0,28239,True,-0.074189,1.1932,True,27814,27814,28053.0,28053.0,28239,28240,False,False,True,3.456,0.8752941176470588,1.267389,30,28138.0,85.0,bidmc-30-w085-0070,85
71,28239,28472.0,28616,True,-0.020093,1.1623,True,28239,28240,28471.0,28473.0,28616,28616,False,False,True,3.352,0.7639257294429709,1.182393,30,28558.0,86.0,bidmc-30-w085-0071,85
72,28616,28793.0,29024,True,-0.12674,1.2906,True,28616,28616,28761.0,28825.0,29024,29025,False,False,True,2.568,0.8676470588235294,1.41734,30,28910.0,117.0,bidmc-30-w085-0072,85
73,29024,29226.0,29395,True,-0.10819,1.0433,True,29024,29025,29225.0,29227.0,29395,29395,False,False,True,3.464,0.9110512129380054,1.15149,30,29312.0,86.0,bidmc-30-w085-0073,85
74,29395,29655.0,29840,True,-0.043277,1.1592,True,29395,29395,29655.0,29656.0,29840,29840,False,False,True,3.432,0.8314606741573034,1.202477,30,29741.0,86.0,bidmc-30-w085-0074,85
75,29840,30015.0,30191,True,-0.027821,1.1066,True,29840,29840,30015.0,30015.0,30191,30191,False,False,True,2.88,0.9971509971509972,1.1344210000000001,30,30100.0,85.0,bidmc-30-w085-0075,85
76,30191,30423.0,30604,True,-0.040185,1.1886,True,30191,30191,30423.0,30423.0,30604,30604,False,False,True,3.264,0.8765133171912833,1.228785,30,30508.0,85.0,bidmc-30-w085-0076,85
77,30604,30683.0,30717,True,0.032458,0.15301,True,30604,30604,30681.0,30685.0,30717,30717,False,False,True,2.08,0.6017699115044248,0.120552,30,30770.0,87.0,bidmc-30-w085-0077,85
78,30717,30890.0,31097,True,-0.0061824,1.0526,True,30717,30717,30889.0,30891.0,31097,31097,False,False,True,1.656,0.9105263157894736,1.0587824,30,30976.0,86.0,bidmc-30-w085-0078,85
79,31097,31322.0,31531,True,0.012365,1.1638,True,31097,31097,31322.0,31323.0,31531,31531,False,False,True,3.456,0.9631336405529954,1.151435,30,31408.0,86.0,bidmc-30-w085-0079,85
80,31531,31720.0,31868,True,-0.10819,1.2828,True,31531,31531,31717.0,31723.0,31868,31869,False,False,True,3.184,0.8783382789317508,1.39099,30,31808.0,88.0,bidmc-30-w085-0080,85
81,31868,32060.0,32272,True,-0.20866,1.2906,True,31868,31869,32003.0,32117.0,32272,32273,False,False,True,2.72,0.9504950495049505,1.49926,30,32202.0,142.0,bidmc-30-w085-0081,85
82,32272,32508.0,32698,True,-0.13756,1.2257,True,32272,32273,32507.0,32509.0,32698,32698,False,False,True,3.584,0.892018779342723,1.36326,30,32594.0,86.0,bidmc-30-w085-0082,85
83,32698,32884.0,33082,True,-0.0046368,1.2658,True,32698,32698,32883.0,32885.0,33082,33082,False,False,True,3.008,0.96875,1.2704368000000001,30,32970.0,86.0,bidmc-30-w085-0083,85
84,33082,33253.0,33459,True,-0.029366,1.1422,True,33082,33082,33252.0,33255.0,33459,33459,False,False,True,2.952,0.9071618037135278,1.171566,30,33340.0,87.0,bidmc-30-w085-0084,85
85,33459,33648.0,33840,True,-0.015456,1.2906,True,33459,33459,33641.0,33655.0,33840,33840,False,False,True,3.16,0.9921259842519685,1.3060559999999999,30,33740.0,92.0,bidmc-30-w085-0085,85
86,33840,34066.0,34275,True,-0.078825,1.2906,True,33840,33840,34035.0,34097.0,34275,34276,False,False,True,3.344,0.960919540229885,1.369425,30,34182.0,116.0,bidmc-30-w085-0086,85
87,34275,34482.0,34658,True,-0.066461,1.2056,True,34275,34276,34481.0,34483.0,34658,34658,False,False,True,3.328,0.9190600522193212,1.272061,30,34568.0,86.0,bidmc-30-w085-0087,85
88,34658,34855.0,35070,True,-0.02473,1.1082,True,34658,34658,34853.0,34857.0,35070,35070,False,False,True,2.984,0.9563106796116505,1.13293,30,34942.0,87.0,bidmc-30-w085-0088,85
89,35070,35257.0,35443,True,-0.018547,1.2488,True,35070,35070,35257.0,35257.0,35443,35443,False,False,True,3.216,0.9973190348525469,1.267347,30,35342.0,85.0,bidmc-30-w085-0089,85
90,35443,35629.0,35834,True,-0.063369,1.2906,True,35443,35443,35605.0,35653.0,35834,35834,False,False,True,2.976,0.9514066496163683,1.353969,30,35738.0,109.0,bidmc-30-w085-0090,85
91,35834,36025.0,36218,True,-0.063369,1.2906,True,35834,35834,36013.0,36037.0,36218,36218,False,False,True,3.168,0.9947916666666666,1.353969,30,36122.0,97.0,bidmc-30-w085-0091,85
92,36218,36421.0,36617,True,-0.055641,1.2906,True,36218,36218,36407.0,36435.0,36617,36617,False,False,True,3.168,0.9824561403508771,1.346241,30,36520.0,99.0,bidmc-30-w085-0092,85
93,36617,36792.0,36990,True,-0.023184,1.2349,True,36617,36617,36791.0,36793.0,36990,36990,False,False,True,2.968,0.938337801608579,1.2580840000000002,30,36878.0,86.0,bidmc-30-w085-0093,85
94,36990,37193.0,37382,True,-0.010819,1.2102,True,36990,36990,37193.0,37193.0,37382,37382,False,False,True,3.208,0.9642857142857143,1.2210189999999999,30,37278.0,85.0,bidmc-30-w085-0094,85
95,37382,37596.0,37763,True,-0.15147,1.0386,True,37382,37382,37595.0,37597.0,37763,37763,False,False,True,3.224,0.8766404199475065,1.19007,30,37682.0,86.0,bidmc-30-w085-0095,85
96,37763,37919.0,38118,True,-0.15301,1.2906,True,37763,37763,37891.0,37947.0,38118,38119,False,False,True,2.584,0.8788732394366197,1.44361,30,38032.0,113.0,bidmc-30-w085-0096,85
97,38118,38293.0,38478,True,-0.023184,1.2566,True,38118,38119,38291.0,38295.0,38478,38478,False,False,True,2.992,0.9722222222222222,1.279784,30,38380.0,87.0,bidmc-30-w085-0097,85
98,38478,38703.0,38897,True,0.0030912,1.2813,True,38478,38478,38702.0,38705.0,38897,38898,False,False,True,3.28,0.9260143198090692,1.2782088,30,38790.0,87.0,bidmc-30-w085-0098,85
99,38897,39102.0,39290,True,-0.040185,1.0958,True,38897,38898,39101.0,39103.0,39290,39291,False,False,True,3.192,0.9567430025445293,1.135985,30,39188.0,86.0,bidmc-30-w085-0099,85
100,39290,39494.0,39679,True,-0.049459,1.1793,True,39290,39291,39493.0,39496.0,39679,39679,False,False,True,3.136,0.9511568123393316,1.228759,30,39581.0,87.0,bidmc-30-w085-0100,85
101,39679,39901.0,40083,True,-0.055641,1.1515,True,39679,39679,39901.0,39901.0,40083,40083,False,False,True,3.256,0.900990099009901,1.207141,30,39986.0,85.0,bidmc-30-w085-0101,85
102,40083,40287.0,40494,True,-0.023184,1.1437,True,40083,40083,40286.0,40288.0,40494,40494,False,False,True,3.088,0.9927007299270073,1.166884,30,40373.0,86.0,bidmc-30-w085-0102,85
103,40494,40680.0,40876,True,-0.01391,1.2643,True,40494,40494,40679.0,40682.0,40876,40876,False,False,True,3.144,0.9738219895287958,1.27821,30,40767.0,87.0,bidmc-30-w085-0103,85
104,40876,41054.0,41200,True,-0.03864,1.1437,True,40876,40876,41054.0,41055.0,41200,41200,False,False,True,2.992,0.9012345679012346,1.18234,30,41140.0,86.0,bidmc-30-w085-0104,85
105,41200,41390.0,41599,True,-0.13447,1.2906,True,41200,41200,41345.0,41435.0,41599,41599,False,False,True,2.688,0.9523809523809523,1.42507,30,41520.0,130.0,bidmc-30-w085-0105,85
106,41599,41783.0,41975,True,-0.092736,1.2581,True,41599,41599,41783.0,41783.0,41975,41975,False,False,True,3.144,0.9787234042553191,1.350836,30,41868.0,85.0,bidmc-30-w085-0106,85
107,41975,42190.0,42381,True,-0.030912,1.2828,True,41975,41975,42189.0,42191.0,42381,42381,False,False,True,3.256,0.9408866995073891,1.313712,30,42276.0,86.0,bidmc-30-w085-0107,85
108,42381,42580.0,42722,True,0.026275,1.102,True,42381,42381,42579.0,42582.0,42722,42722,False,False,True,3.12,0.8328445747800587,1.075725,30,42667.0,87.0,bidmc-30-w085-0108,85
109,42722,42867.0,43051,True,-0.049459,1.1206,True,42722,42722,42867.0,42867.0,43051,43052,False,False,True,2.296,0.8814589665653495,1.170059,30,42952.0,85.0,bidmc-30-w085-0109,85
110,43051,43230.0,43421,True,-0.029366,1.1855,True,43051,43052,43229.0,43232.0,43421,43421,False,False,True,2.904,0.9675675675675676,1.214866,30,43317.0,87.0,bidmc-30-w085-0110,85
111,43421,43646.0,43833,True,-0.043277,1.2689,True,43421,43421,43645.0,43647.0,43833,43833,False,False,True,3.328,0.9077669902912622,1.312177,30,43732.0,86.0,bidmc-30-w085-0111,85
112,43833,44035.0,44232,True,-0.035549,1.1252,True,43833,43833,44034.0,44037.0,44232,44232,False,False,True,3.112,0.987468671679198,1.160749,30,44122.0,87.0,bidmc-30-w085-0112,85
113,44232,44425.0,44607,True,0.017002,1.2689,True,44232,44232,44425.0,44425.0,44607,44608,False,False,True,3.12,0.9706666666666667,1.251898,30,44510.0,85.0,bidmc-30-w085-0113,85
114,44607,44815.0,45006,True,-0.098918,1.2906,True,44607,44608,44809.0,44821.0,45006,45007,False,False,True,3.12,0.9573934837092732,1.389518,30,44906.0,91.0,bidmc-30-w085-0114,85
115,45006,45186.0,45374,True,-0.02473,1.136,True,45006,45007,45186.0,45187.0,45374,45374,False,False,True,2.968,0.9782608695652174,1.1607299999999998,30,45272.0,86.0,bidmc-30-w085-0115,85
116,45374,45603.0,45786,True,-0.017002,1.2179,True,45374,45374,45603.0,45603.0,45786,45786,False,False,True,3.336,0.8883495145631068,1.234902,30,45688.0,85.0,bidmc-30-w085-0116,85
117,45786,45971.0,46168,True,-0.030912,1.051,True,45786,45786,45971.0,45971.0,46168,46169,False,False,True,2.944,0.9685863874345549,1.081912,30,46056.0,85.0,bidmc-30-w085-0117,85
118,46168,46366.0,46512,True,-0.24575,1.2906,True,46168,46169,46351.0,46381.0,46512,46512,False,False,True,3.16,0.8488372093023255,1.5363499999999999,30,46466.0,100.0,bidmc-30-w085-0118,85
119,46512,46742.0,47006,True,-0.29057,1.2906,True,46512,46512,46637.0,46847.0,47006,47006,False,False,True,3.008,0.9311740890688259,1.58117,30,46932.0,190.0,bidmc-30-w085-0119,85
120,47006,47353.0,47517,True,-0.29057,1.1932,True,47006,47006,47353.0,47353.0,47517,47517,False,False,True,4.888,0.6418786692759295,1.48377,30,47438.0,85.0,bidmc-30-w085-0120,85
121,47517,47787.0,47965,True,-0.03864,1.1283,True,47517,47517,47787.0,47787.0,47965,47966,False,False,True,3.472,0.7946428571428572,1.16694,30,47872.0,85.0,bidmc-30-w085-0121,85
122,47965,48246.0,48428,True,-0.023184,1.0464,True,47965,47966,48245.0,48247.0,48428,48428,False,False,True,3.672,0.7861771058315334,1.069584,30,48332.0,86.0,bidmc-30-w085-0122,85
123,48428,48613.0,48796,True,-0.0015456,1.0417,True,48428,48428,48613.0,48613.0,48796,48796,False,False,True,2.936,0.9945652173913043,1.0432456,30,48698.0,85.0,bidmc-30-w085-0123,85
124,48796,48999.0,49198,True,-0.058733,1.0201,True,48796,48796,48998.0,49000.0,49198,49198,False,False,True,3.088,0.9900497512437811,1.078833,30,49085.0,86.0,bidmc-30-w085-0124,85
125,49198,49389.0,49570,True,-0.1391,1.0325,True,49198,49198,49387.0,49391.0,49570,49570,False,False,True,3.12,0.9731182795698925,1.1716,30,49476.0,87.0,bidmc-30-w085-0125,85
126,49570,49822.0,50034,True,-0.14374,1.0696,True,49570,49570,49816.0,49829.0,50034,50034,False,False,True,3.464,0.9137931034482758,1.21334,30,49914.0,92.0,bidmc-30-w085-0126,85
127,50034,50228.0,50419,True,0.018547,1.2906,True,50034,50034,50213.0,50243.0,50419,50419,False,False,True,3.248,0.9922077922077922,1.2720529999999999,30,50328.0,100.0,bidmc-30-w085-0127,85
128,50419,50602.0,50801,True,-0.03864,1.2689,True,50419,50419,50601.0,50604.0,50801,50801,False,False,True,2.992,0.9581151832460733,1.30754,30,50689.0,87.0,bidmc-30-w085-0128,85
129,50801,50976.0,51153,True,-0.11747,1.1947,True,50801,50801,50975.0,50977.0,51153,51154,False,False,True,2.992,0.9943181818181818,1.31217,30,51062.0,86.0,bidmc-30-w085-0129,85
130,51153,51337.0,51524,True,-0.046368,1.2875,True,51153,51154,51337.0,51337.0,51524,51524,False,False,True,2.888,0.9919137466307277,1.333868,30,51422.0,85.0,bidmc-30-w085-0130,85
131,51524,51703.0,51901,True,-0.035549,1.051,True,51524,51524,51703.0,51703.0,51901,51901,False,False,True,2.928,0.9496021220159151,1.086549,30,51788.0,85.0,bidmc-30-w085-0131,85
132,51901,52091.0,52270,True,-0.047913,1.2009,True,51901,51901,52090.0,52093.0,52270,52270,False,False,True,3.104,0.9701897018970189,1.2488130000000002,30,52178.0,87.0,bidmc-30-w085-0132,85
133,52270,52449.0,52629,True,-0.043277,1.2334,True,52270,52270,52449.0,52449.0,52629,52629,False,False,True,2.864,0.9972144846796658,1.276677,30,52534.0,85.0,bidmc-30-w085-0133,85
134,52629,52852.0,53043,True,-0.027821,1.1932,True,52629,52629,52852.0,52853.0,53043,53043,False,False,True,3.224,0.9227053140096618,1.2210210000000001,30,52938.0,86.0,bidmc-30-w085-0134,85
135,53043,53214.0,53405,True,0.0030912,1.2148,True,53043,53043,53213.0,53215.0,53405,53405,False,False,True,2.896,0.9447513812154696,1.2117088,30,53300.0,86.0,bidmc-30-w085-0135,85
136,53405,53571.0,53771,True,-0.021638,1.1283,True,53405,53405,53570.0,53573.0,53771,53771,False,False,True,2.856,0.907103825136612,1.1499380000000001,30,53658.0,87.0,bidmc-30-w085-0136,85
137,53771,53957.0,54159,True,-0.15301,1.1638,True,53771,53771,53957.0,53957.0,54159,54159,False,False,True,3.088,0.9587628865979382,1.31681,30,54042.0,85.0,bidmc-30-w085-0137,85
138,54159,54338.0,54542,True,-0.030912,1.2906,True,54159,54159,54329.0,54347.0,54542,54543,False,False,True,3.048,0.9347258485639687,1.321512,30,54432.0,94.0,bidmc-30-w085-0138,85
139,54542,54735.0,54924,True,-0.007728,1.2071,True,54542,54543,54735.0,54736.0,54924,54924,False,False,True,3.176,0.9895287958115183,1.214828,30,54821.0,86.0,bidmc-30-w085-0139,85
140,54924,55094.0,55270,True,0.0,1.204,True,54924,54924,55093.0,55095.0,55270,55270,False,False,True,2.872,0.9826589595375722,1.204,30,55180.0,86.0,bidmc-30-w085-0140,85
141,55270,55487.0,55666,True,-0.066461,1.2226,True,55270,55270,55486.0,55488.0,55666,55666,False,False,True,3.144,0.9040404040404041,1.289061,30,55573.0,86.0,bidmc-30-w085-0141,85
142,55666,55831.0,56016,True,-0.10819,1.1468,True,55666,55666,55830.0,55833.0,56016,56016,False,False,True,2.752,0.9428571428571428,1.25499,30,55918.0,87.0,bidmc-30-w085-0142,85
143,56016,56191.0,56382,True,-0.044822,1.2828,True,56016,56016,56189.0,56193.0,56382,56382,False,False,True,2.88,0.9562841530054644,1.3276219999999999,30,56278.0,87.0,bidmc-30-w085-0143,85
144,56382,56550.0,56736,True,-0.055641,1.1808,True,56382,56382,56548.0,56552.0,56736,56736,False,False,True,2.872,0.9491525423728814,1.2364410000000001,30,56637.0,87.0,bidmc-30-w085-0144,85
145,56736,56917.0,57103,True,-0.03864,1.2906,True,56736,56736,56901.0,56933.0,57103,57103,False,False,True,2.936,0.9863760217983651,1.32924,30,57018.0,101.0,bidmc-30-w085-0145,85
146,57103,57274.0,57468,True,-0.063369,1.2906,True,57103,57103,57261.0,57287.0,57468,57468,False,False,True,2.856,0.936986301369863,1.353969,30,57372.0,98.0,bidmc-30-w085-0146,85
147,57468,57677.0,57860,True,-0.066461,1.2906,True,57468,57468,57657.0,57697.0,57860,57861,False,False,True,3.224,0.9336734693877551,1.357061,30,57782.0,105.0,bidmc-30-w085-0147,85
148,57860,58040.0,58204,True,-0.049459,1.2906,True,57860,57861,58021.0,58059.0,58204,58204,False,False,True,2.904,0.9534883720930233,1.340059,30,58144.0,104.0,bidmc-30-w085-0148,85
149,58204,58363.0,58483,True,-0.29057,1.2906,True,58204,58204,58351.0,58375.0,58483,58483,False,False,True,2.584,0.8602150537634409,1.58117,30,58460.0,97.0,bidmc-30-w085-0149,85
150,58483,58593.0,58727,True,-0.29057,0.89799,True,58483,58483,58593.0,58593.0,58727,58728,False,False,True,1.84,0.9016393442622951,1.1885599999999998,30,58678.0,85.0,bidmc-30-w085-0150,85
151,58727,58953.0,59191,True,-0.089645,1.2906,True,58727,58728,58897.0,59009.0,59191,59192,False,False,True,2.88,0.9741379310344828,1.380245,30,59094.0,141.0,bidmc-30-w085-0151,85
152,59191,59395.0,59654,True,-0.071097,1.2906,True,59191,59192,59351.0,59439.0,59654,59655,False,False,True,3.536,0.8812095032397408,1.361697,30,59524.0,129.0,bidmc-30-w085-0152,85
1,83,128.0,306,True,0.0,1.0,True,83,83,100.0,156.0,306,306,False,False,True,,0.4035874439461884,1.0,31,241.0,113.0,bidmc-31-w085-0001,85
2,306,516.0,699,True,0.0,1.0,True,306,306,470.0,562.0,699,699,False,False,True,3.104,0.9312977099236641,1.0,31,647.0,131.0,bidmc-31-w085-0002,85
3,699,925.0,1112,True,0.0,1.0,True,699,699,884.0,966.0,1112,1112,False,False,True,3.272,0.9055690072639225,1.0,31,1051.0,126.0,bidmc-31-w085-0003,85
4,1112,1316.0,1488,True,0.0,1.0,True,1112,1112,1272.0,1360.0,1488,1488,False,False,True,3.128,0.9148936170212766,1.0,31,1445.0,129.0,bidmc-31-w085-0004,85
5,1488,1622.0,1683,True,0.0,0.30792,True,1488,1488,1622.0,1622.0,1683,1683,False,False,True,2.448,0.6256410256410256,0.30792,31,1707.0,85.0,bidmc-31-w085-0005,85
6,1683,1910.0,2082,True,0.038123,1.0,True,1683,1683,1874.0,1946.0,2082,2082,False,False,True,2.304,0.8621553884711779,0.961877,31,2031.0,121.0,bidmc-31-w085-0006,85
7,2082,2208.0,2314,True,0.036168,0.51417,True,2082,2082,2208.0,2208.0,2314,2314,False,False,True,2.384,0.9137931034482758,0.47800200000000004,31,2293.0,85.0,bidmc-31-w085-0007,85
8,2314,2549.0,2879,True,0.0,1.0,True,2314,2314,2522.0,2576.0,2879,2879,False,False,True,2.728,0.831858407079646,1.0,31,2661.0,112.0,bidmc-31-w085-0008,85
9,2879,3178.0,3368,True,0.0,1.0,True,2879,2879,3124.0,3232.0,3368,3368,False,False,True,5.032,0.7770961145194274,1.0,31,3317.0,139.0,bidmc-31-w085-0009,85
10,3368,3567.0,3745,True,0.0,1.0,True,3368,3368,3536.0,3598.0,3745,3745,False,False,True,3.112,0.9442970822281167,1.0,31,3683.0,116.0,bidmc-31-w085-0010,85
11,3745,3943.0,4123,True,0.0097752,1.0,True,3745,3745,3904.0,3982.0,4123,4123,False,False,True,3.008,0.9523809523809523,0.9902248,31,4067.0,124.0,bidmc-31-w085-0011,85
12,4123,4317.0,4495,True,0.010753,1.0,True,4123,4123,4270.0,4364.0,4495,4495,False,False,True,2.992,0.956989247311828,0.989247,31,4449.0,132.0,bidmc-31-w085-0012,85
13,4495,4691.0,4862,True,0.0039101,1.0,True,4495,4495,4660.0,4722.0,4862,4862,False,False,True,2.992,0.9318801089918256,0.9960899,31,4807.0,116.0,bidmc-31-w085-0013,85
14,4862,5060.0,5243,True,0.01173,1.0,True,4862,4862,5032.0,5088.0,5243,5243,False,False,True,2.952,0.9606299212598425,0.98827,31,5173.0,113.0,bidmc-31-w085-0014,85
15,5243,5457.0,5643,True,0.02737,1.0,True,5243,5243,5412.0,5502.0,5643,5643,False,False,True,3.176,0.9299999999999999,0.97263,31,5587.0,130.0,bidmc-31-w085-0015,85
16,5643,5846.0,6035,True,0.063539,1.0,True,5643,5643,5820.0,5872.0,6035,6035,False,False,True,3.112,0.9642857142857143,0.936461,31,5957.0,111.0,bidmc-31-w085-0016,85
17,6035,6236.0,6420,True,0.085044,1.0,True,6035,6035,6204.0,6268.0,6420,6420,False,False,True,3.12,0.9558441558441558,0.914956,31,6353.0,117.0,bidmc-31-w085-0017,85
18,6420,6638.0,6787,True,0.092864,1.0,True,6420,6420,6616.0,6660.0,6787,6788,False,False,True,3.216,0.8119891008174387,0.9071359999999999,31,6745.0,107.0,bidmc-31-w085-0018,85
19,6787,6839.0,6884,True,0.15543,0.33236,True,6787,6788,6838.0,6840.0,6884,6884,False,False,True,1.608,0.9278350515463918,0.17692999999999998,31,6925.0,86.0,bidmc-31-w085-0019,85
20,6884,7028.0,7211,True,0.1437,0.97556,True,6884,6884,7028.0,7028.0,7211,7211,False,False,True,1.512,0.8807339449541285,0.83186,31,7113.0,85.0,bidmc-31-w085-0020,85
21,7211,7468.0,7643,True,0.097752,1.0,True,7211,7211,7454.0,7482.0,7643,7643,False,False,True,3.52,0.8101851851851851,0.9022479999999999,31,7567.0,99.0,bidmc-31-w085-0021,85
22,7643,7645.0,7711,True,0.1564,0.30596,True,7643,7643,7645.0,7646.0,7711,7711,False,False,True,1.416,0.05882352941176472,0.14956,31,7731.0,86.0,bidmc-31-w085-0022,85
23,7711,7892.0,8040,True,0.10948,0.98436,True,7711,7711,7890.0,7894.0,8040,8040,False,False,True,1.976,0.8996960486322189,0.87488,31,7979.0,87.0,bidmc-31-w085-0023,85
24,8040,8212.0,8418,True,0.10948,0.97947,True,8040,8040,8212.0,8212.0,8418,8418,False,False,True,2.56,0.91005291005291,0.8699899999999999,31,8297.0,85.0,bidmc-31-w085-0024,85
25,8418,8608.0,8782,True,0.097752,1.0,True,8418,8418,8588.0,8628.0,8782,8782,False,False,True,3.168,0.9560439560439561,0.9022479999999999,31,8713.0,105.0,bidmc-31-w085-0025,85
26,8782,8971.0,9161,True,0.065494,1.0,True,8782,8782,8946.0,8996.0,9161,9161,False,False,True,2.904,0.9973614775725593,0.9345060000000001,31,9081.0,110.0,bidmc-31-w085-0026,85
27,9161,9397.0,9579,True,0.073314,1.0,True,9161,9161,9374.0,9420.0,9579,9579,False,False,True,3.408,0.8708133971291866,0.926686,31,9505.0,108.0,bidmc-31-w085-0027,85
28,9579,9775.0,9954,True,0.092864,1.0,True,9579,9579,9750.0,9800.0,9954,9954,False,False,True,3.024,0.9546666666666667,0.9071359999999999,31,9885.0,110.0,bidmc-31-w085-0028,85
29,9954,10146.0,10330,True,0.090909,1.0,True,9954,9954,10114.0,10178.0,10330,10330,False,False,True,2.968,0.9787234042553191,0.909091,31,10263.0,117.0,bidmc-31-w085-0029,85
30,10330,10554.0,10735,True,0.058651,1.0,True,10330,10330,10530.0,10578.0,10735,10735,False,False,True,3.264,0.8938271604938272,0.941349,31,10663.0,109.0,bidmc-31-w085-0030,85
31,10735,10919.0,11094,True,0.096774,1.0,True,10735,10735,10900.0,10938.0,11094,11094,False,False,True,2.92,0.9749303621169917,0.903226,31,11023.0,104.0,bidmc-31-w085-0031,85
32,11094,11099.0,11171,True,0.17009,0.36364,True,11094,11094,11098.0,11100.0,11171,11171,False,False,True,1.44,0.1298701298701299,0.19355000000000003,31,11185.0,86.0,bidmc-31-w085-0032,85
33,11171,11355.0,11542,True,0.054741,1.0,True,11171,11171,11330.0,11380.0,11542,11542,False,False,True,2.048,0.9919137466307277,0.945259,31,11465.0,110.0,bidmc-31-w085-0033,85
34,11542,11731.0,11922,True,0.045943,1.0,True,11542,11542,11710.0,11752.0,11922,11923,False,False,True,3.008,0.9947368421052631,0.954057,31,11837.0,106.0,bidmc-31-w085-0034,85
35,11922,12137.0,12330,True,0.085044,1.0,True,11922,11923,12114.0,12160.0,12330,12330,False,False,True,3.248,0.946078431372549,0.914956,31,12245.0,108.0,bidmc-31-w085-0035,85
36,12330,12520.0,12700,True,0.10557,1.0,True,12330,12330,12504.0,12536.0,12700,12701,False,False,True,3.064,0.972972972972973,0.8944300000000001,31,12621.0,101.0,bidmc-31-w085-0036,85
37,12700,12949.0,13137,True,0.10753,1.0,True,12700,12701,12936.0,12962.0,13137,13137,False,False,True,3.432,0.8604118993135011,0.89247,31,13047.0,98.0,bidmc-31-w085-0037,85
38,13137,13324.0,13518,True,0.11632,0.97361,True,13137,13137,13324.0,13324.0,13518,13518,False,False,True,3.0,0.9816272965879265,0.85729,31,13409.0,85.0,bidmc-31-w085-0038,85
39,13518,13757.0,13940,True,0.1173,1.0,True,13518,13518,13742.0,13772.0,13940,13940,False,False,True,3.464,0.8672985781990521,0.8827,31,13857.0,100.0,bidmc-31-w085-0039,85
40,13940,14196.0,14345,True,0.13685,1.0,True,13940,13940,14184.0,14208.0,14345,14345,False,False,True,3.512,0.7358024691358025,0.86315,31,14293.0,97.0,bidmc-31-w085-0040,85
41,14345,14382.0,14422,True,0.16716,0.348,True,14345,14345,14382.0,14383.0,14422,14422,False,False,True,1.488,0.961038961038961,0.18083999999999997,31,14468.0,86.0,bidmc-31-w085-0041,85
42,14422,14571.0,14761,True,0.14858,0.98338,True,14422,14422,14570.0,14572.0,14761,14761,False,False,True,1.512,0.8790560471976401,0.8348,31,14657.0,86.0,bidmc-31-w085-0042,85
43,14761,14980.0,15125,True,0.1085,0.97654,True,14761,14761,14978.0,14983.0,15125,15125,False,False,True,3.272,0.7967032967032968,0.8680399999999999,31,15068.0,88.0,bidmc-31-w085-0043,85
44,15125,15185.0,15244,True,0.15054,0.31867,True,15125,15125,15184.0,15186.0,15244,15244,False,False,True,1.64,0.9915966386554622,0.16813,31,15271.0,86.0,bidmc-31-w085-0044,85
45,15244,15439.0,15567,True,0.12414,0.8651,True,15244,15244,15439.0,15440.0,15567,15567,False,False,True,2.032,0.7925696594427245,0.74096,31,15525.0,86.0,bidmc-31-w085-0045,85
46,15567,15632.0,15644,True,0.10362,0.30694,True,15567,15567,15632.0,15632.0,15643,15645,False,False,True,1.544,0.3116883116883117,0.20332,31,15717.0,85.0,bidmc-31-w085-0046,85
47,15644,15856.0,16012,True,0.14663,1.0,True,15643,15645,15846.0,15866.0,16012,16012,False,False,True,1.792,0.8478260869565217,0.85337,31,15951.0,95.0,bidmc-31-w085-0047,85
48,16012,16079.0,16107,True,0.17204,0.36755,True,16012,16012,16078.0,16080.0,16107,16107,False,False,True,1.784,0.5894736842105264,0.19551,31,16165.0,86.0,bidmc-31-w085-0048,85
49,16107,16263.0,16446,True,0.1173,1.0,True,16107,16107,16254.0,16272.0,16446,16446,False,False,True,1.472,0.9203539823008849,0.8827,31,16357.0,94.0,bidmc-31-w085-0049,85
50,16446,16699.0,16884,True,0.085044,1.0,True,16446,16446,16678.0,16720.0,16884,16884,False,False,True,3.488,0.8447488584474886,0.914956,31,16805.0,106.0,bidmc-31-w085-0050,85
51,16884,17131.0,17269,True,0.11241,1.0,True,16884,16884,17118.0,17144.0,17269,17269,False,False,True,3.456,0.7168831168831169,0.88759,31,17229.0,98.0,bidmc-31-w085-0051,85
52,17269,17326.0,17399,True,0.14174,0.34213,True,17269,17269,17326.0,17326.0,17399,17399,False,False,True,1.56,0.8769230769230769,0.20038999999999998,31,17411.0,85.0,bidmc-31-w085-0052,85
53,17399,17592.0,17784,True,0.089932,1.0,True,17399,17399,17574.0,17610.0,17784,17784,False,False,True,2.128,0.9974025974025974,0.910068,31,17695.0,103.0,bidmc-31-w085-0053,85
54,17784,18002.0,18201,True,0.096774,1.0,True,17784,17784,17976.0,18029.0,18201,18201,False,False,True,3.28,0.9544364508393285,0.903226,31,18114.0,112.0,bidmc-31-w085-0054,85
55,18201,18389.0,18649,True,0.073314,1.0,True,18201,18201,18372.0,18406.0,18649,18650,False,False,True,3.096,0.8392857142857143,0.926686,31,18491.0,102.0,bidmc-31-w085-0055,85
56,18649,18860.0,18954,True,0.097752,0.33529,True,18649,18650,18860.0,18860.0,18954,18954,False,False,True,3.768,0.6163934426229508,0.23753799999999997,31,18945.0,85.0,bidmc-31-w085-0056,85
57,18954,19192.0,19345,True,0.0,1.0,True,18954,18954,19170.0,19214.0,19345,19345,False,False,True,2.656,0.782608695652174,1.0,31,19299.0,107.0,bidmc-31-w085-0057,85
58,19345,19543.0,19745,True,0.0,1.0,True,19345,19345,19496.0,19590.0,19745,19745,False,False,True,2.808,0.99,1.0,31,19675.0,132.0,bidmc-31-w085-0058,85
59,19745,19959.0,20147,True,0.043988,1.0,True,19745,19745,19919.0,20000.0,20147,20147,False,False,True,3.328,0.9353233830845771,0.956012,31,20085.0,126.0,bidmc-31-w085-0059,85
60,20147,20360.0,20543,True,0.00097752,1.0,True,20147,20147,20328.0,20392.0,20543,20543,False,False,True,3.208,0.9242424242424242,0.99902248,31,20477.0,117.0,bidmc-31-w085-0060,85
61,20543,20743.0,20934,True,0.044966,1.0,True,20543,20543,20718.0,20768.0,20934,20934,False,False,True,3.064,0.9769820971867008,0.955034,31,20853.0,110.0,bidmc-31-w085-0061,85
62,20934,21163.0,21326,True,0.032258,1.0,True,20934,20934,21138.0,21188.0,21326,21326,False,False,True,3.36,0.8316326530612245,0.967742,31,21273.0,110.0,bidmc-31-w085-0062,85
63,21326,21561.0,21750,True,0.085044,1.0,True,21326,21326,21542.0,21580.0,21750,21750,False,False,True,3.184,0.8915094339622641,0.914956,31,21665.0,104.0,bidmc-31-w085-0063,85
64,21750,22005.0,22160,True,0.10557,1.0,True,21750,21750,21986.0,22024.0,22160,22160,False,False,True,3.552,0.7560975609756098,0.8944300000000001,31,22109.0,104.0,bidmc-31-w085-0064,85
65,22160,22198.0,22264,True,0.15249,0.34018,True,22160,22160,22198.0,22198.0,22264,22264,False,False,True,1.544,0.7307692307692308,0.18769,31,22283.0,85.0,bidmc-31-w085-0065,85
66,22264,22451.0,22594,True,0.14858,1.0,True,22264,22264,22442.0,22460.0,22594,22594,False,False,True,2.024,0.8666666666666667,0.8514200000000001,31,22545.0,94.0,bidmc-31-w085-0066,85
67,22594,22660.0,22710,True,0.14467,0.348,True,22594,22594,22660.0,22660.0,22710,22710,False,False,True,1.672,0.8620689655172413,0.20332999999999998,31,22745.0,85.0,bidmc-31-w085-0067,85
68,22710,22852.0,23032,True,0.14663,0.97067,True,22710,22710,22851.0,22854.0,23032,23032,False,False,True,1.536,0.8819875776397516,0.82404,31,22939.0,87.0,bidmc-31-w085-0068,85
69,23032,23113.0,23138,True,0.13783,0.36461,True,23032,23032,23112.0,23114.0,23138,23139,False,False,True,2.088,0.4716981132075472,0.22677999999999998,31,23199.0,86.0,bidmc-31-w085-0069,85
70,23138,23298.0,23480,True,0.13587,1.0,True,23138,23139,23274.0,23322.0,23480,23480,False,False,True,1.48,0.935672514619883,0.8641300000000001,31,23407.0,109.0,bidmc-31-w085-0070,85
71,23480,23745.0,23920,True,0.084066,1.0,True,23480,23480,23740.0,23750.0,23920,23920,False,False,True,3.576,0.7954545454545454,0.915934,31,23835.0,90.0,bidmc-31-w085-0071,85
72,23920,24185.0,24364,True,0.093842,1.0,True,23920,23920,24176.0,24194.0,24364,24364,False,False,True,3.52,0.8063063063063063,0.906158,31,24279.0,94.0,bidmc-31-w085-0072,85
73,24364,24561.0,24748,True,0.11339,1.0,True,24364,24364,24544.0,24578.0,24748,24748,False,False,True,3.008,0.9739583333333334,0.88661,31,24663.0,102.0,bidmc-31-w085-0073,85
74,24748,24982.0,25115,True,0.13587,1.0,True,24748,24748,24966.0,24998.0,25115,25115,False,False,True,3.368,0.7247956403269755,0.8641300000000001,31,25083.0,101.0,bidmc-31-w085-0074,85
75,25115,25177.0,25251,True,0.23949,0.48192,True,25115,25115,25177.0,25178.0,25251,25252,False,False,True,1.56,0.9117647058823529,0.24243,31,25263.0,86.0,bidmc-31-w085-0075,85
76,25251,25425.0,25601,True,0.033236,0.9218,True,25251,25252,25420.0,25430.0,25601,25601,False,False,True,1.984,0.9942857142857143,0.8885639999999999,31,25515.0,90.0,bidmc-31-w085-0076,85
77,25601,25804.0,25989,True,0.10753,1.0,True,25601,25601,25784.0,25824.0,25989,25989,False,False,True,3.032,0.9536082474226804,0.89247,31,25909.0,105.0,bidmc-31-w085-0077,85
78,25989,26175.0,26358,True,0.087977,1.0,True,25989,25989,26160.0,26190.0,26358,26358,False,False,True,2.968,0.991869918699187,0.912023,31,26275.0,100.0,bidmc-31-w085-0078,85
80,26436,26621.0,26770,True,0.091887,1.0,True,26435,26438,26608.0,26634.0,26770,26770,False,False,True,1.48,0.8922155688622755,0.908113,31,26719.0,98.0,bidmc-31-w085-0080,85
81,26770,26803.0,26828,True,0.18182,0.36755,True,26770,26770,26802.0,26804.0,26828,26828,False,False,True,1.456,0.8620689655172413,0.18572999999999998,31,26889.0,86.0,bidmc-31-w085-0081,85
82,26828,26981.0,27150,True,0.044966,0.81232,True,26828,26828,26980.0,26982.0,27150,27150,False,False,True,1.424,0.9503105590062112,0.7673540000000001,31,27067.0,86.0,bidmc-31-w085-0082,85
83,27150,27348.0,27535,True,0.1085,1.0,True,27150,27150,27332.0,27364.0,27535,27535,False,False,True,2.936,0.9714285714285714,0.8915,31,27449.0,101.0,bidmc-31-w085-0083,85
84,27535,27721.0,27903,True,0.10948,1.0,True,27535,27535,27710.0,27732.0,27903,27903,False,False,True,2.984,0.9891304347826086,0.89052,31,27817.0,96.0,bidmc-31-w085-0084,85
85,27903,28159.0,28339,True,0.11046,1.0,True,27903,27903,28148.0,28171.0,28339,28339,False,False,True,3.504,0.8256880733944953,0.88954,31,28256.0,97.0,bidmc-31-w085-0085,85
86,28339,28530.0,28716,True,0.12317,1.0,True,28339,28339,28516.0,28544.0,28716,28716,False,False,True,2.968,0.986737400530504,0.87683,31,28629.0,99.0,bidmc-31-w085-0086,85
87,28716,28927.0,29198,True,0.14076,0.94135,True,28716,28716,28926.0,28928.0,29198,29198,False,False,True,3.176,0.8755186721991701,0.80059,31,29013.0,86.0,bidmc-31-w085-0087,85
88,29198,29334.0,29506,True,0.065494,0.76735,True,29198,29198,29334.0,29334.0,29506,29506,False,False,True,3.256,0.8831168831168831,0.701856,31,29419.0,85.0,bidmc-31-w085-0088,85
89,29506,29698.0,29902,True,0.11241,1.0,True,29506,29506,29674.0,29722.0,29902,29902,False,False,True,2.912,0.9696969696969697,0.88759,31,29807.0,109.0,bidmc-31-w085-0089,85
90,29902,30113.0,30327,True,0.11926,1.0,True,29902,29902,30078.0,30148.0,30327,30327,False,False,True,3.32,0.9929411764705882,0.88074,31,30233.0,120.0,bidmc-31-w085-0090,85
91,30327,30544.0,30761,True,0.12317,1.0,True,30327,30327,30508.0,30580.0,30761,30761,False,False,True,3.448,1.0,0.87683,31,30665.0,121.0,bidmc-31-w085-0091,85
92,30761,30954.0,31149,True,0.18671,1.0,True,30761,30761,30936.0,30972.0,31149,31149,False,False,True,3.28,0.9948453608247423,0.8132900000000001,31,31057.0,103.0,bidmc-31-w085-0092,85
93,31149,31377.0,31521,True,0.13294,0.91984,True,31149,31149,31374.0,31380.0,31521,31522,False,False,True,3.384,0.7741935483870968,0.7868999999999999,31,31465.0,88.0,bidmc-31-w085-0093,85
94,31521,31584.0,31645,True,0.15054,0.32649,True,31521,31522,31584.0,31584.0,31645,31646,False,False,True,1.656,0.9838709677419355,0.17595,31,31669.0,85.0,bidmc-31-w085-0094,85
95,31645,31844.0,32007,True,0.091887,0.93353,True,31645,31646,31843.0,31846.0,32007,32008,False,False,True,2.08,0.9005524861878453,0.8416429999999999,31,31931.0,87.0,bidmc-31-w085-0095,85
96,32007,32231.0,32423,True,0.1085,0.94624,True,32007,32008,32230.0,32233.0,32423,32423,False,False,True,3.096,0.9230769230769231,0.8377399999999999,31,32318.0,87.0,bidmc-31-w085-0096,85
97,32423,32666.0,32851,True,0.13196,1.0,True,32423,32423,32650.0,32682.0,32851,32851,False,False,True,3.48,0.8644859813084113,0.86804,31,32767.0,101.0,bidmc-31-w085-0097,85
98,32851,33119.0,33260,True,0.090909,1.0,True,32851,32851,33114.0,33124.0,33260,33260,False,False,True,3.624,0.6894865525672371,0.909091,31,33209.0,90.0,bidmc-31-w085-0098,85
99,33260,33311.0,33376,True,0.10068,0.33627,True,33260,33260,33310.0,33312.0,33376,33376,False,False,True,1.536,0.8793103448275862,0.23559000000000002,31,33397.0,86.0,bidmc-31-w085-0099,85
100,33376,33572.0,33748,True,0.090909,1.0,True,33376,33376,33566.0,33578.0,33748,33748,False,False,True,2.088,0.946236559139785,0.909091,31,33663.0,91.0,bidmc-31-w085-0100,85
101,33748,33941.0,34126,True,0.14076,1.0,True,33748,33748,33928.0,33954.0,34126,34126,False,False,True,2.952,0.9788359788359788,0.85924,31,34039.0,98.0,bidmc-31-w085-0101,85
102,34126,34308.0,34552,True,0.10655,1.0,True,34126,34126,34304.0,34313.0,34552,34552,False,False,True,2.936,0.8544600938967136,0.89345,31,34398.0,90.0,bidmc-31-w085-0102,85
103,34552,34750.0,34938,True,0.1173,1.0,True,34552,34552,34738.0,34762.0,34938,34939,False,False,True,3.536,0.9740932642487047,0.8827,31,34847.0,97.0,bidmc-31-w085-0103,85
104,34938,35152.0,35334,True,0.070381,0.77713,True,34938,34939,35150.0,35154.0,35334,35334,False,False,True,3.216,0.9191919191919192,0.706749,31,35239.0,87.0,bidmc-31-w085-0104,85
105,35334,35545.0,35728,True,0.073314,1.0,True,35334,35334,35532.0,35558.0,35728,35728,False,False,True,3.144,0.9289340101522843,0.926686,31,35643.0,98.0,bidmc-31-w085-0105,85
106,35728,35921.0,36113,True,0.092864,1.0,True,35728,35728,35908.0,35934.0,36113,36114,False,False,True,3.008,0.9974025974025974,0.9071359999999999,31,36019.0,98.0,bidmc-31-w085-0106,85
107,36113,36328.0,36537,True,0.10166,0.8348,True,36113,36114,36327.0,36330.0,36537,36537,False,False,True,3.256,0.9858490566037735,0.73314,31,36415.0,87.0,bidmc-31-w085-0107,85
108,36537,36724.0,36907,True,0.080156,1.0,True,36537,36537,36714.0,36734.0,36907,36907,False,False,True,3.168,0.9891891891891892,0.919844,31,36819.0,95.0,bidmc-31-w085-0108,85
109,36907,37096.0,37316,True,0.054741,0.91496,True,36907,36907,37095.0,37097.0,37312,37321,False,False,True,2.976,0.9242053789731052,0.860219,31,37182.0,86.0,bidmc-31-w085-0109,85
110,37316,37505.0,37661,True,0.082111,0.92375,True,37312,37321,37504.0,37506.0,37661,37661,False,False,True,3.272,0.9043478260869565,0.8416389999999999,31,37591.0,86.0,bidmc-31-w085-0110,85
111,37661,37905.0,38099,True,0.094819,1.0,True,37661,37661,37898.0,37912.0,38099,38099,False,False,True,3.2,0.8858447488584476,0.905181,31,37997.0,92.0,bidmc-31-w085-0111,85
112,38099,38349.0,38532,True,0.096774,0.99511,True,38099,38099,38348.0,38350.0,38532,38532,False,False,True,3.552,0.8452655889145496,0.898336,31,38435.0,86.0,bidmc-31-w085-0112,85
113,38532,38535.0,38568,True,0.22092,0.348,True,38532,38532,38534.0,38536.0,38568,38568,False,False,True,1.488,0.16666666666666663,0.12707999999999997,31,38621.0,86.0,bidmc-31-w085-0113,85
114,38568,38722.0,38905,True,0.16716,1.0,True,38568,38568,38718.0,38727.0,38905,38905,False,False,True,1.496,0.913946587537092,0.83284,31,38812.0,90.0,bidmc-31-w085-0114,85
115,38905,38987.0,38989,True,0.10459,0.40469,True,38905,38905,38986.0,38988.0,38989,38989,False,False,True,2.12,0.04761904761904767,0.3001,31,39073.0,86.0,bidmc-31-w085-0115,85
116,38989,39170.0,39360,True,0.12317,1.0,True,38989,38989,39152.0,39188.0,39360,39360,False,False,True,1.464,0.9757412398921833,0.87683,31,39273.0,103.0,bidmc-31-w085-0116,85
117,39360,39606.0,39809,True,0.074291,1.0,True,39360,39360,39580.0,39632.0,39809,39810,False,False,True,3.488,0.9042316258351893,0.925709,31,39717.0,111.0,bidmc-31-w085-0117,85
118,39809,39982.0,40185,True,0.075269,0.95894,True,39809,39810,39980.0,39984.0,40185,40185,False,False,True,3.008,0.9202127659574468,0.883671,31,40069.0,87.0,bidmc-31-w085-0118,85
119,40185,40429.0,40613,True,0.12317,1.0,True,40185,40185,40414.0,40444.0,40613,40614,False,False,True,3.576,0.8598130841121495,0.87683,31,40529.0,100.0,bidmc-31-w085-0119,85
120,40613,40684.0,40740,True,0.17009,0.34311,True,40613,40614,40684.0,40684.0,40740,40741,False,False,True,2.04,0.8818897637795275,0.17302000000000003,31,40769.0,85.0,bidmc-31-w085-0120,85
121,40740,40948.0,41104,True,0.020528,0.88074,True,40740,40741,40947.0,40950.0,41104,41104,False,False,True,2.112,0.8571428571428572,0.860212,31,41035.0,87.0,bidmc-31-w085-0121,85
122,41104,41330.0,41581,True,0.069404,1.0,True,41104,41104,41312.0,41348.0,41581,41581,False,False,True,3.056,0.9475890985324947,0.930596,31,41433.0,103.0,bidmc-31-w085-0122,85
123,41581,41776.0,41928,True,0.089932,1.0,True,41581,41581,41760.0,41792.0,41928,41929,False,False,True,3.568,0.8760806916426513,0.910068,31,41877.0,101.0,bidmc-31-w085-0123,85
124,41928,42050.0,42248,True,0.098729,1.0,True,41928,41929,42032.0,42068.0,42248,42248,False,False,True,2.192,0.7625,0.901271,31,42153.0,103.0,bidmc-31-w085-0124,85
125,42248,42312.0,42345,True,0.092864,0.32454,True,42248,42248,42312.0,42312.0,42345,42346,False,False,True,2.096,0.6804123711340206,0.231676,31,42397.0,85.0,bidmc-31-w085-0125,85
126,42345,42526.0,42699,True,0.11437,1.0,True,42345,42346,42490.0,42562.0,42699,42699,False,False,True,1.712,0.9774011299435028,0.88563,31,42647.0,121.0,bidmc-31-w085-0126,85
127,42699,42768.0,42769,True,0.087977,0.29619,True,42699,42699,42768.0,42768.0,42769,42770,False,False,True,1.936,0.02857142857142858,0.208213,31,42853.0,85.0,bidmc-31-w085-0127,85
128,42769,43030.0,43176,True,0.058651,0.95406,True,42769,42770,43030.0,43030.0,43176,43177,False,False,True,2.096,0.7174447174447174,0.895409,31,43115.0,85.0,bidmc-31-w085-0128,85
129,43176,43491.0,43666,True,0.067449,0.96676,True,43176,43177,43490.0,43492.0,43666,43666,False,False,True,3.688,0.7142857142857143,0.899311,31,43577.0,86.0,bidmc-31-w085-0129,85
130,43666,43860.0,44121,True,0.083089,1.0,True,43666,43666,43844.0,43876.0,44121,44121,False,False,True,2.952,0.8527472527472527,0.916911,31,43961.0,101.0,bidmc-31-w085-0130,85
131,44121,44124.0,44125,True,0.30987,0.31476,True,44121,44121,44124.0,44124.0,44125,44125,False,False,True,2.112,0.5,0.0048900000000000055,31,44209.0,85.0,bidmc-31-w085-0131,85
132,44125,44360.0,44575,True,0.088954,1.0,True,44125,44125,44352.0,44368.0,44575,44575,False,False,True,1.888,0.9555555555555556,0.911046,31,44453.0,93.0,bidmc-31-w085-0132,85
133,44575,44831.0,45030,True,0.14565,1.0,True,44575,44575,44817.0,44846.0,45030,45030,False,False,True,3.768,0.8747252747252747,0.8543499999999999,31,44931.0,100.0,bidmc-31-w085-0133,85
134,45030,45224.0,45434,True,0.10655,1.0,True,45030,45030,45219.0,45230.0,45434,45434,False,False,True,3.144,0.9603960396039604,0.89345,31,45315.0,91.0,bidmc-31-w085-0134,85
135,45434,45669.0,45927,True,0.10948,0.82502,True,45434,45434,45668.0,45670.0,45927,45927,False,False,True,3.56,0.9533468559837728,0.71554,31,45755.0,86.0,bidmc-31-w085-0135,85
136,45927,45934.0,45936,True,0.28739,0.30987,True,45927,45927,45934.0,45934.0,45936,45936,False,False,True,2.12,0.4444444444444444,0.02248,31,46019.0,85.0,bidmc-31-w085-0136,85
137,45936,46131.0,46325,True,0.11535,1.0,True,45936,45936,46104.0,46158.0,46325,46325,False,False,True,1.576,0.9974293059125964,0.88465,31,46243.0,112.0,bidmc-31-w085-0137,85
138,46325,46590.0,46817,True,0.091887,0.99804,True,46325,46325,46589.0,46592.0,46817,46817,False,False,True,3.672,0.9227642276422764,0.906153,31,46677.0,87.0,bidmc-31-w085-0138,85
139,46817,47034.0,47237,True,0.11535,1.0,True,46817,46817,47016.0,47052.0,47237,47237,False,False,True,3.552,0.9666666666666667,0.88465,31,47137.0,103.0,bidmc-31-w085-0139,85
140,47237,47481.0,47647,True,0.087977,0.92962,True,47237,47237,47481.0,47482.0,47647,47647,False,False,True,3.576,0.8097560975609757,0.841643,31,47567.0,86.0,bidmc-31-w085-0140,85
141,47647,47843.0,48030,True,0.073314,1.0,True,47647,47647,47826.0,47860.0,48030,48030,False,False,True,2.896,0.9765013054830287,0.926686,31,47945.0,102.0,bidmc-31-w085-0141,85
142,48030,48038.0,48039,True,0.28837,0.31476,True,48030,48030,48038.0,48038.0,48039,48040,False,False,True,1.56,0.2222222222222222,0.02638999999999997,31,48123.0,85.0,bidmc-31-w085-0142,85
143,48039,48275.0,48453,True,0.057674,0.94819,True,48039,48040,48275.0,48276.0,48453,48453,False,False,True,1.896,0.8599033816425121,0.890516,31,48361.0,86.0,bidmc-31-w085-0143,85
144,48453,48666.0,48843,True,0.081134,0.98045,True,48453,48453,48666.0,48666.0,48843,48844,False,False,True,3.128,0.9076923076923077,0.899316,31,48751.0,85.0,bidmc-31-w085-0144,85
146,48861,49062.0,49259,True,0.088954,1.0,True,48860,48863,49050.0,49075.0,49259,49259,False,False,True,1.608,0.9899497487437185,0.911046,31,49160.0,98.0,bidmc-31-w085-0146,85
147,49259,49515.0,49746,True,0.052786,0.96676,True,49259,49259,49514.0,49516.0,49746,49746,False,False,True,3.624,0.9486652977412731,0.913974,31,49601.0,86.0,bidmc-31-w085-0147,85
148,49746,49947.0,50143,True,0.11144,1.0,True,49746,49746,49938.0,49956.0,50143,50143,False,False,True,3.456,0.9874055415617129,0.88856,31,50041.0,94.0,bidmc-31-w085-0148,85
149,50143,50148.0,50150,True,0.27273,0.2825,True,50143,50143,50148.0,50149.0,50150,50151,False,False,True,1.608,0.5714285714285714,0.009770000000000001,31,50234.0,86.0,bidmc-31-w085-0149,85
150,50150,50341.0,50594,True,0.14565,1.0,True,50150,50151,50326.0,50356.0,50594,50594,False,False,True,1.544,0.8603603603603603,0.8543499999999999,31,50441.0,100.0,bidmc-31-w085-0150,85
151,50594,50798.0,50984,True,0.11632,1.0,True,50594,50594,50784.0,50812.0,50984,50984,False,False,True,3.656,0.9538461538461538,0.88368,31,50897.0,99.0,bidmc-31-w085-0151,85
152,50984,51257.0,51447,True,0.13978,1.0,True,50984,50984,51238.0,51276.0,51447,51447,False,False,True,3.672,0.8207343412526997,0.86022,31,51361.0,104.0,bidmc-31-w085-0152,85
153,51447,51719.0,51898,True,0.12903,1.0,True,51447,51447,51706.0,51732.0,51898,51899,False,False,True,3.696,0.7937915742793792,0.87097,31,51817.0,98.0,bidmc-31-w085-0153,85
154,51898,52095.0,52301,True,0.094819,1.0,True,51898,51899,52080.0,52110.0,52301,52301,False,False,True,3.008,0.9776674937965261,0.905181,31,52195.0,100.0,bidmc-31-w085-0154,85
155,52301,52511.0,52673,True,0.071359,1.0,True,52301,52301,52486.0,52536.0,52673,52673,False,False,True,3.328,0.8709677419354839,0.928641,31,52621.0,110.0,bidmc-31-w085-0155,85
156,52673,52897.0,53155,True,0.042033,1.0,True,52673,52673,52880.0,52914.0,53155,53155,False,False,True,3.088,0.9294605809128631,0.957967,31,52999.0,102.0,bidmc-31-w085-0156,85
157,53155,53374.0,53605,True,0.038123,1.0,True,53155,53155,53356.0,53392.0,53605,53605,False,False,True,3.816,0.9733333333333334,0.961877,31,53477.0,103.0,bidmc-31-w085-0157,85
158,53605,53812.0,53999,True,0.055718,1.0,True,53605,53605,53796.0,53828.0,53999,53999,False,False,True,3.504,0.949238578680203,0.944282,31,53913.0,101.0,bidmc-31-w085-0158,85
159,53999,54187.0,54389,True,0.11437,1.0,True,53999,53999,54174.0,54200.0,54389,54389,False,False,True,3.0,0.9641025641025641,0.88563,31,54285.0,98.0,bidmc-31-w085-0159,85
160,54389,54648.0,54857,True,0.068426,1.0,True,54389,54389,54630.0,54666.0,54857,54857,False,False,True,3.688,0.8931623931623932,0.931574,31,54751.0,103.0,bidmc-31-w085-0160,85
161,54857,55110.0,55312,True,0.064516,1.0,True,54857,54857,55096.0,55124.0,55312,55312,False,False,True,3.696,0.8879120879120879,0.935484,31,55209.0,99.0,bidmc-31-w085-0161,85
162,55312,55560.0,55752,True,0.081134,1.0,True,55312,55312,55546.0,55574.0,55752,55752,False,False,True,3.6,0.8727272727272728,0.918866,31,55659.0,99.0,bidmc-31-w085-0162,85
163,55752,55940.0,56146,True,0.090909,0.94917,True,55752,55752,55940.0,55941.0,56146,56146,False,False,True,3.04,0.9543147208121827,0.8582609999999999,31,56026.0,86.0,bidmc-31-w085-0163,85
164,56146,56370.0,56567,True,0.059629,1.0,True,56146,56146,56356.0,56384.0,56567,56567,False,False,True,3.44,0.9358669833729216,0.940371,31,56469.0,99.0,bidmc-31-w085-0164,85
165,56567,56763.0,56980,True,0.086022,0.87683,True,56567,56567,56762.0,56764.0,56980,56981,False,False,True,3.144,0.9491525423728814,0.790808,31,56849.0,86.0,bidmc-31-w085-0165,85
166,56980,57176.0,57330,True,0.083089,0.86315,True,56980,56981,57174.0,57178.0,57330,57330,False,False,True,3.304,0.88,0.780061,31,57263.0,87.0,bidmc-31-w085-0166,85
167,57330,57581.0,57828,True,0.069404,0.9697,True,57330,57330,57580.0,57582.0,57828,57828,False,False,True,3.24,0.9919678714859438,0.900296,31,57667.0,86.0,bidmc-31-w085-0167,85
168,57828,58023.0,58211,True,0.13587,1.0,True,57828,57828,58010.0,58037.0,58211,58211,False,False,True,3.536,0.9817232375979112,0.8641300000000001,31,58122.0,99.0,bidmc-31-w085-0168,85
169,58211,58394.0,58592,True,0.095797,0.92962,True,58211,58211,58394.0,58394.0,58592,58592,False,False,True,2.968,0.9606299212598425,0.833823,31,58479.0,85.0,bidmc-31-w085-0169,85
170,58592,58761.0,58986,True,0.075269,0.90518,True,58592,58592,58760.0,58762.0,58986,58986,False,False,True,2.936,0.8578680203045685,0.829911,31,58847.0,86.0,bidmc-31-w085-0170,85
171,58986,59197.0,59389,True,0.10166,1.0,True,58986,58986,59184.0,59210.0,59389,59390,False,False,True,3.488,0.9528535980148883,0.89834,31,59295.0,98.0,bidmc-31-w085-0171,85
172,59389,59571.0,59766,True,0.068426,0.91105,True,59389,59390,59570.0,59572.0,59766,59766,False,False,True,2.992,0.9655172413793104,0.842624,31,59657.0,86.0,bidmc-31-w085-0172,85
1,242,364.0,530,True,-0.23883,1.4194,True,242,243,364.0,365.0,530,530,False,False,True,,0.8472222222222222,1.65823,32,450.0,86.0,bidmc-32-w085-0001,85
2,530,643.0,813,True,-0.25437,1.3786,True,530,530,643.0,643.0,813,813,False,False,True,2.232,0.7985865724381626,1.63297,32,728.0,85.0,bidmc-32-w085-0002,85
3,813,921.0,1090,True,-0.2699,1.2602,True,813,813,921.0,921.0,1090,1090,False,False,True,2.224,0.779783393501805,1.5301,32,1006.0,85.0,bidmc-32-w085-0003,85
4,1090,1199.0,1385,True,-0.27379,1.3204,True,1090,1090,1199.0,1199.0,1385,1385,False,False,True,2.224,0.7389830508474576,1.59419,32,1284.0,85.0,bidmc-32-w085-0004,85
5,1385,1538.0,1682,True,-0.30874,1.433,True,1385,1385,1537.0,1539.0,1682,1682,False,False,True,2.712,0.9696969696969697,1.74174,32,1624.0,86.0,bidmc-32-w085-0005,85
6,1682,1832.0,1980,True,-0.31456,1.3495,True,1682,1682,1831.0,1833.0,1980,1980,False,False,True,2.352,0.9932885906040269,1.6640599999999999,32,1918.0,86.0,bidmc-32-w085-0006,85
7,1980,2113.0,2272,True,-0.25825,1.468,True,1980,1980,2113.0,2113.0,2272,2272,False,False,True,2.248,0.910958904109589,1.7262499999999998,32,2198.0,85.0,bidmc-32-w085-0007,85
8,2272,2393.0,2579,True,-0.25825,1.4155,True,2272,2272,2393.0,2393.0,2579,2579,False,False,True,2.24,0.7882736156351792,1.67375,32,2478.0,85.0,bidmc-32-w085-0008,85
9,2579,2734.0,2870,True,-0.24272,1.2718,True,2579,2579,2733.0,2735.0,2870,2870,False,False,True,2.728,0.9347079037800687,1.51452,32,2820.0,86.0,bidmc-32-w085-0009,85
10,2870,3013.0,3154,True,-0.31456,1.2524,True,2870,2870,3013.0,3014.0,3154,3154,False,False,True,2.232,0.9929577464788732,1.56696,32,3099.0,86.0,bidmc-32-w085-0010,85
11,3154,3312.0,3474,True,-0.32039,1.4233,True,3154,3154,3311.0,3313.0,3474,3474,False,False,True,2.392,0.9875,1.74369,32,3398.0,86.0,bidmc-32-w085-0011,85
12,3474,3594.0,3744,True,-0.27767,1.2951,True,3474,3474,3593.0,3595.0,3744,3744,False,False,True,2.256,0.8888888888888888,1.5727699999999998,32,3680.0,86.0,bidmc-32-w085-0012,85
13,3744,3869.0,4028,True,-0.27184,1.3223,True,3744,3744,3869.0,3869.0,4028,4028,False,False,True,2.2,0.8802816901408451,1.5941400000000001,32,3954.0,85.0,bidmc-32-w085-0013,85
14,4028,4149.0,4319,True,-0.26019,1.433,True,4028,4028,4149.0,4149.0,4319,4319,False,False,True,2.24,0.831615120274914,1.69319,32,4234.0,85.0,bidmc-32-w085-0014,85
15,4319,4430.0,4619,True,-0.25437,1.3184,True,4319,4319,4429.0,4431.0,4619,4619,False,False,True,2.248,0.74,1.57277,32,4516.0,86.0,bidmc-32-w085-0015,85
16,4619,4783.0,4939,True,-0.31068,1.3961,True,4619,4619,4783.0,4783.0,4939,4939,False,False,True,2.824,0.975,1.70678,32,4868.0,85.0,bidmc-32-w085-0016,85
17,4939,5070.0,5233,True,-0.27767,1.4932,True,4939,4939,5070.0,5071.0,5233,5233,False,False,True,2.296,0.891156462585034,1.77087,32,5156.0,86.0,bidmc-32-w085-0017,85
18,5233,5349.0,5538,True,-0.26602,1.4563,True,5233,5233,5349.0,5349.0,5538,5538,False,False,True,2.232,0.760655737704918,1.7223199999999999,32,5434.0,85.0,bidmc-32-w085-0018,85
19,5538,5692.0,5836,True,-0.30874,1.3301,True,5538,5538,5691.0,5693.0,5836,5836,False,False,True,2.744,0.9664429530201343,1.63884,32,5778.0,86.0,bidmc-32-w085-0019,85
20,5836,5989.0,6152,True,-0.32233,1.4078,True,5836,5836,5989.0,5989.0,6152,6152,False,False,True,2.376,0.9683544303797469,1.73013,32,6074.0,85.0,bidmc-32-w085-0020,85
21,6152,6272.0,6461,True,-0.25049,1.3786,True,6152,6152,6272.0,6273.0,6461,6461,False,False,True,2.264,0.7766990291262136,1.6290900000000001,32,6358.0,86.0,bidmc-32-w085-0021,85
22,6461,6615.0,6775,True,-0.30097,1.3767,True,6461,6461,6615.0,6615.0,6775,6775,False,False,True,2.744,0.9808917197452229,1.67767,32,6700.0,85.0,bidmc-32-w085-0022,85
23,6775,6914.0,7069,True,-0.27379,1.4932,True,6775,6775,6911.0,6917.0,7069,7069,False,False,True,2.392,0.9455782312925171,1.76699,32,7002.0,88.0,bidmc-32-w085-0023,85
24,7069,7192.0,7373,True,-0.29903,1.3845,True,7069,7069,7191.0,7193.0,7373,7373,False,False,True,2.224,0.8092105263157895,1.6835300000000002,32,7278.0,86.0,bidmc-32-w085-0024,85
25,7373,7527.0,7674,True,-0.25437,1.2971,True,7373,7373,7527.0,7527.0,7674,7674,False,False,True,2.68,0.9767441860465116,1.55147,32,7612.0,85.0,bidmc-32-w085-0025,85
26,7674,7825.0,7976,True,-0.32039,1.4155,True,7674,7674,7825.0,7825.0,7976,7976,False,False,True,2.384,1.0,1.73589,32,7910.0,85.0,bidmc-32-w085-0026,85
27,7976,8111.0,8291,True,-0.28155,1.466,True,7976,7976,8111.0,8111.0,8291,8291,False,False,True,2.288,0.8571428571428572,1.74755,32,8196.0,85.0,bidmc-32-w085-0027,85
28,8291,8446.0,8592,True,-0.27961,1.3553,True,8291,8291,8445.0,8447.0,8592,8592,False,False,True,2.68,0.9700996677740864,1.63491,32,8532.0,86.0,bidmc-32-w085-0028,85
29,8592,8750.0,8914,True,-0.31456,1.3456,True,8592,8592,8749.0,8752.0,8914,8915,False,False,True,2.432,0.9813664596273292,1.6601599999999999,32,8837.0,87.0,bidmc-32-w085-0029,85
30,8914,9037.0,9221,True,-0.24854,1.4835,True,8914,8915,9037.0,9037.0,9221,9221,False,False,True,2.296,0.8013029315960912,1.73204,32,9122.0,85.0,bidmc-32-w085-0030,85
31,9221,9372.0,9524,True,-0.25631,1.1903,True,9221,9221,9371.0,9373.0,9524,9524,False,False,True,2.68,0.9966996699669967,1.44661,32,9458.0,86.0,bidmc-32-w085-0031,85
32,9524,9673.0,9822,True,-0.33786,1.3612,True,9524,9524,9673.0,9674.0,9822,9823,False,False,True,2.408,1.0,1.69906,32,9759.0,86.0,bidmc-32-w085-0032,85
33,9822,9960.0,10122,True,-0.28738,1.4893,True,9822,9823,9960.0,9961.0,10122,10122,False,False,True,2.296,0.92,1.77668,32,10046.0,86.0,bidmc-32-w085-0033,85
34,10122,10243.0,10427,True,-0.26602,1.4505,True,10122,10122,10243.0,10243.0,10427,10427,False,False,True,2.264,0.7934426229508197,1.7165199999999998,32,10328.0,85.0,bidmc-32-w085-0034,85
35,10427,10580.0,10721,True,-0.26214,1.2272,True,10427,10427,10579.0,10581.0,10721,10722,False,False,True,2.696,0.9591836734693877,1.48934,32,10666.0,86.0,bidmc-32-w085-0035,85
36,10721,10886.0,11054,True,-0.29515,1.4932,True,10721,10722,10881.0,10891.0,11054,11054,False,False,True,2.448,0.990990990990991,1.78835,32,10976.0,90.0,bidmc-32-w085-0036,85
37,11054,11167.0,11348,True,-0.25437,1.2718,True,11054,11054,11167.0,11168.0,11348,11348,False,False,True,2.248,0.7687074829931972,1.52617,32,11253.0,86.0,bidmc-32-w085-0037,85
38,11348,11498.0,11633,True,-0.27184,1.266,True,11348,11348,11498.0,11499.0,11633,11633,False,False,True,2.648,0.9473684210526316,1.53784,32,11584.0,86.0,bidmc-32-w085-0038,85
39,11633,11780.0,11925,True,-0.3068,1.3068,True,11633,11633,11779.0,11781.0,11925,11925,False,False,True,2.256,0.9931506849315068,1.6136,32,11866.0,86.0,bidmc-32-w085-0039,85
40,11925,12084.0,12239,True,-0.33398,1.4932,True,11925,11925,12081.0,12087.0,12239,12239,False,False,True,2.432,0.9872611464968153,1.82718,32,12172.0,88.0,bidmc-32-w085-0040,85
41,12239,12365.0,12512,True,-0.31262,1.3515,True,12239,12239,12365.0,12365.0,12512,12512,False,False,True,2.248,0.9230769230769231,1.66412,32,12450.0,85.0,bidmc-32-w085-0041,85
42,12512,12639.0,12814,True,-0.28738,1.4252,True,12512,12512,12639.0,12639.0,12814,12814,False,False,True,2.192,0.8410596026490066,1.71258,32,12724.0,85.0,bidmc-32-w085-0042,85
43,12814,12973.0,13121,True,-0.2932,1.3495,True,12814,12814,12973.0,12973.0,13121,13121,False,False,True,2.672,0.9641693811074918,1.6427,32,13058.0,85.0,bidmc-32-w085-0043,85
44,13121,13287.0,13471,True,-0.30874,1.4563,True,13121,13121,13287.0,13287.0,13471,13471,False,False,True,2.512,0.9485714285714286,1.76504,32,13372.0,85.0,bidmc-32-w085-0044,85
45,13471,13622.0,13756,True,-0.24272,1.266,True,13471,13471,13621.0,13623.0,13756,13756,False,False,True,2.68,0.9403508771929825,1.50872,32,13708.0,86.0,bidmc-32-w085-0045,85
46,13756,13900.0,14043,True,-0.30485,1.0874,True,13756,13756,13899.0,13901.0,14043,14043,False,False,True,2.224,0.9965156794425087,1.39225,32,13986.0,86.0,bidmc-32-w085-0046,85
47,14043,14204.0,14330,True,-0.3068,1.3728,True,14043,14043,14203.0,14205.0,14330,14330,False,False,True,2.432,0.8780487804878049,1.6796,32,14290.0,86.0,bidmc-32-w085-0047,85
48,14330,14465.0,14612,True,-0.34757,1.2544,True,14330,14330,14465.0,14465.0,14612,14612,False,False,True,2.088,0.9574468085106383,1.60197,32,14550.0,85.0,bidmc-32-w085-0048,85
49,14612,14753.0,14914,True,-0.33592,1.2971,True,14612,14612,14753.0,14753.0,14914,14914,False,False,True,2.304,0.9337748344370861,1.63302,32,14838.0,85.0,bidmc-32-w085-0049,85
50,14914,15040.0,15223,True,-0.26602,1.4447,True,14914,14914,15039.0,15041.0,15223,15223,False,False,True,2.296,0.8155339805825242,1.71072,32,15126.0,86.0,bidmc-32-w085-0050,85
51,15223,15377.0,15519,True,-0.26019,1.2951,True,15223,15223,15377.0,15377.0,15519,15519,False,False,True,2.696,0.9594594594594594,1.5552899999999998,32,15462.0,85.0,bidmc-32-w085-0051,85
52,15519,15666.0,15811,True,-0.33981,1.3379,True,15519,15519,15665.0,15667.0,15811,15812,False,False,True,2.312,0.9931506849315068,1.67771,32,15752.0,86.0,bidmc-32-w085-0052,85
53,15811,15970.0,16156,True,-0.3165,1.4932,True,15811,15812,15969.0,15971.0,16156,16156,False,False,True,2.432,0.9217391304347826,1.8097,32,16056.0,86.0,bidmc-32-w085-0053,85
54,16156,16306.0,16451,True,-0.32816,1.3942,True,16156,16156,16305.0,16307.0,16451,16451,False,False,True,2.688,0.9830508474576272,1.7223600000000001,32,16392.0,86.0,bidmc-32-w085-0054,85
55,16451,16606.0,16762,True,-0.34369,1.4699,True,16451,16451,16605.0,16607.0,16762,16762,False,False,True,2.4,0.9967845659163987,1.81359,32,16692.0,86.0,bidmc-32-w085-0055,85
56,16762,16885.0,17052,True,-0.27961,1.466,True,16762,16762,16885.0,16885.0,17052,17052,False,False,True,2.232,0.8482758620689655,1.74561,32,16970.0,85.0,bidmc-32-w085-0056,85
57,17052,17167.0,17358,True,-0.26019,1.4854,True,17052,17052,17167.0,17167.0,17358,17359,False,False,True,2.256,0.7516339869281046,1.74559,32,17252.0,85.0,bidmc-32-w085-0057,85
58,17358,17521.0,17674,True,-0.31456,1.3903,True,17358,17359,17521.0,17521.0,17674,17674,False,False,True,2.832,0.9683544303797469,1.70486,32,17606.0,85.0,bidmc-32-w085-0058,85
59,17674,17809.0,17975,True,-0.26019,1.4233,True,17674,17674,17809.0,17809.0,17975,17975,False,False,True,2.304,0.8970099667774086,1.68349,32,17894.0,85.0,bidmc-32-w085-0059,85
60,17975,18091.0,18272,True,-0.26408,1.3806,True,17975,17975,18091.0,18091.0,18272,18272,False,False,True,2.256,0.7811447811447811,1.6446800000000001,32,18176.0,85.0,bidmc-32-w085-0060,85
61,18272,18420.0,18563,True,-0.27184,1.1981,True,18272,18272,18419.0,18421.0,18563,18564,False,False,True,2.632,0.9828178694158075,1.46994,32,18506.0,86.0,bidmc-32-w085-0061,85
62,18563,18725.0,18897,True,-0.30291,1.4932,True,18563,18564,18715.0,18735.0,18897,18897,False,False,True,2.44,0.9700598802395209,1.79611,32,18820.0,95.0,bidmc-32-w085-0062,85
63,18897,19012.0,19201,True,-0.26019,1.2816,True,18897,18897,19012.0,19013.0,19201,19201,False,False,True,2.296,0.756578947368421,1.54179,32,19098.0,86.0,bidmc-32-w085-0063,85
64,19201,19371.0,19527,True,-0.28544,1.4932,True,19201,19201,19361.0,19381.0,19527,19527,False,False,True,2.872,0.9570552147239264,1.7786400000000002,32,19466.0,95.0,bidmc-32-w085-0064,85
65,19527,19653.0,19832,True,-0.27961,1.4214,True,19527,19527,19653.0,19653.0,19832,19832,False,False,True,2.256,0.8262295081967213,1.7010100000000001,32,19738.0,85.0,bidmc-32-w085-0065,85
66,19832,19984.0,20125,True,-0.25243,1.2019,True,19832,19832,19983.0,19985.0,20125,20125,False,False,True,2.648,0.962457337883959,1.45433,32,20070.0,86.0,bidmc-32-w085-0066,85
67,20125,20275.0,20422,True,-0.3301,1.2641,True,20125,20125,20275.0,20276.0,20422,20422,False,False,True,2.328,0.98989898989899,1.5942,32,20361.0,86.0,bidmc-32-w085-0067,85
68,20422,20564.0,20717,True,-0.32816,1.3437,True,20422,20422,20564.0,20565.0,20717,20717,False,False,True,2.312,0.9627118644067797,1.67186,32,20650.0,86.0,bidmc-32-w085-0068,85
69,20717,20852.0,21007,True,-0.26019,1.4602,True,20717,20717,20851.0,20853.0,21007,21007,False,False,True,2.304,0.9310344827586207,1.7203899999999999,32,20938.0,86.0,bidmc-32-w085-0069,85
70,21007,21131.0,21290,True,-0.2699,1.3806,True,21007,21007,21131.0,21131.0,21290,21290,False,False,True,2.232,0.8763250883392226,1.6505,32,21216.0,85.0,bidmc-32-w085-0070,85
71,21290,21410.0,21575,True,-0.28738,1.4369,True,21290,21290,21409.0,21411.0,21575,21575,False,False,True,2.232,0.8421052631578947,1.72428,32,21496.0,86.0,bidmc-32-w085-0071,85
72,21575,21689.0,21878,True,-0.28155,1.3767,True,21575,21575,21689.0,21689.0,21878,21878,False,False,True,2.232,0.7524752475247525,1.65825,32,21774.0,85.0,bidmc-32-w085-0072,85
73,21878,22048.0,22200,True,-0.27379,1.4563,True,21878,21878,22047.0,22049.0,22200,22200,False,False,True,2.872,0.9440993788819876,1.73009,32,22134.0,86.0,bidmc-32-w085-0073,85
74,22200,22330.0,22495,True,-0.28738,1.4738,True,22200,22200,22330.0,22331.0,22495,22495,False,False,True,2.256,0.8813559322033898,1.76118,32,22416.0,86.0,bidmc-32-w085-0074,85
75,22495,22610.0,22807,True,-0.27379,1.4816,True,22495,22495,22609.0,22611.0,22804,22810,False,False,True,2.24,0.7371794871794872,1.75539,32,22696.0,86.0,bidmc-32-w085-0075,85
76,22807,22963.0,23120,True,-0.31456,1.3417,True,22804,22810,22962.0,22965.0,23120,23120,False,False,True,2.824,0.9968051118210862,1.6562599999999998,32,23050.0,87.0,bidmc-32-w085-0076,85
77,23120,23253.0,23398,True,-0.27379,1.4583,True,23120,23120,23253.0,23253.0,23398,23398,False,False,True,2.32,0.9568345323741008,1.73209,32,23338.0,85.0,bidmc-32-w085-0077,85
78,23398,23526.0,23689,True,-0.27961,1.4058,True,23398,23398,23526.0,23527.0,23689,23689,False,False,True,2.184,0.8797250859106529,1.68541,32,23612.0,86.0,bidmc-32-w085-0078,85
79,23689,23809.0,23986,True,-0.2466,1.3515,True,23689,23689,23809.0,23809.0,23986,23986,False,False,True,2.264,0.8080808080808081,1.5980999999999999,32,23894.0,85.0,bidmc-32-w085-0079,85
80,23986,24133.0,24286,True,-0.26602,1.2291,True,23986,23986,24133.0,24134.0,24286,24286,False,False,True,2.592,0.98,1.49512,32,24219.0,86.0,bidmc-32-w085-0080,85
81,24286,24443.0,24619,True,-0.3068,1.4097,True,24286,24286,24443.0,24444.0,24619,24619,False,False,True,2.48,0.9429429429429429,1.7165,32,24529.0,86.0,bidmc-32-w085-0081,85
82,24619,24741.0,24929,True,-0.26019,1.3146,True,24619,24619,24741.0,24741.0,24929,24929,False,False,True,2.384,0.7870967741935484,1.57479,32,24826.0,85.0,bidmc-32-w085-0082,85
83,24929,25082.0,25220,True,-0.31456,1.3689,True,24929,24929,25081.0,25083.0,25220,25220,False,False,True,2.728,0.9484536082474226,1.68346,32,25168.0,86.0,bidmc-32-w085-0083,85
84,25220,25362.0,25543,True,-0.32621,1.4097,True,25220,25220,25361.0,25363.0,25543,25543,False,False,True,2.24,0.8792569659442724,1.73591,32,25448.0,86.0,bidmc-32-w085-0084,85
85,25543,25663.0,25846,True,-0.30291,1.299,True,25543,25543,25663.0,25664.0,25846,25846,False,False,True,2.408,0.7920792079207921,1.60191,32,25749.0,86.0,bidmc-32-w085-0085,85
86,25846,25995.0,26138,True,-0.27961,1.2524,True,25846,25846,25995.0,25995.0,26138,26138,False,False,True,2.656,0.9794520547945206,1.53201,32,26080.0,85.0,bidmc-32-w085-0086,85
87,26138,26289.0,26450,True,-0.33398,1.4505,True,26138,26138,26288.0,26290.0,26450,26450,False,False,True,2.352,0.967948717948718,1.7844799999999998,32,26375.0,86.0,bidmc-32-w085-0087,85
88,26450,26579.0,26733,True,-0.2932,1.4621,True,26450,26450,26579.0,26579.0,26733,26733,False,False,True,2.32,0.911660777385159,1.7553,32,26664.0,85.0,bidmc-32-w085-0088,85
89,26733,26857.0,27020,True,-0.29126,1.3903,True,26733,26733,26857.0,26857.0,27020,27021,False,False,True,2.224,0.8641114982578397,1.6815600000000002,32,26942.0,85.0,bidmc-32-w085-0089,85
90,27020,27137.0,27303,True,-0.24854,1.332,True,27020,27021,27137.0,27137.0,27303,27303,False,False,True,2.24,0.8268551236749117,1.58054,32,27222.0,85.0,bidmc-32-w085-0090,85
91,27303,27415.0,27586,True,-0.26214,1.3398,True,27303,27303,27415.0,27415.0,27586,27586,False,False,True,2.224,0.7915194346289752,1.6019400000000001,32,27500.0,85.0,bidmc-32-w085-0091,85
92,27586,27695.0,27883,True,-0.2699,1.2796,True,27586,27586,27695.0,27695.0,27883,27883,False,False,True,2.24,0.734006734006734,1.5495,32,27780.0,85.0,bidmc-32-w085-0092,85
93,27883,28054.0,28208,True,-0.27379,1.4932,True,27883,27883,28045.0,28063.0,28208,28208,False,False,True,2.872,0.9476923076923077,1.76699,32,28148.0,94.0,bidmc-32-w085-0093,85
94,28208,28334.0,28494,True,-0.2699,1.4641,True,28208,28208,28333.0,28335.0,28494,28494,False,False,True,2.24,0.8811188811188811,1.734,32,28420.0,86.0,bidmc-32-w085-0094,85
95,28494,28613.0,28787,True,-0.27184,1.4427,True,28494,28494,28613.0,28613.0,28787,28787,False,False,True,2.232,0.8122866894197952,1.7145400000000002,32,28698.0,85.0,bidmc-32-w085-0095,85
96,28787,28897.0,29084,True,-0.25049,1.1301,True,28787,28787,28897.0,28897.0,29084,29084,False,False,True,2.272,0.7407407407407407,1.3805900000000002,32,28982.0,85.0,bidmc-32-w085-0096,85
97,29084,29248.0,29391,True,-0.30097,1.3981,True,29084,29084,29248.0,29249.0,29391,29391,False,False,True,2.808,0.9315960912052117,1.6990699999999999,32,29334.0,86.0,bidmc-32-w085-0097,85
98,29391,29526.0,29668,True,-0.29903,1.2893,True,29391,29391,29525.0,29527.0,29668,29668,False,False,True,2.224,0.9747292418772563,1.58833,32,29612.0,86.0,bidmc-32-w085-0098,85
99,29668,29805.0,29969,True,-0.30485,1.468,True,29668,29668,29805.0,29805.0,29969,29969,False,False,True,2.232,0.9102990033222591,1.77285,32,29890.0,85.0,bidmc-32-w085-0099,85
100,29969,30089.0,30283,True,-0.27573,1.4233,True,29969,29969,30089.0,30089.0,30283,30283,False,False,True,2.272,0.7643312101910829,1.69903,32,30174.0,85.0,bidmc-32-w085-0100,85
101,30283,30452.0,30621,True,-0.2835,1.4932,True,30283,30283,30445.0,30459.0,30621,30621,False,False,True,2.904,1.0,1.7767,32,30544.0,92.0,bidmc-32-w085-0101,85
102,30621,30737.0,30929,True,-0.28544,1.3981,True,30621,30621,30737.0,30737.0,30929,30929,False,False,True,2.28,0.7532467532467533,1.6835399999999998,32,30822.0,85.0,bidmc-32-w085-0102,85
103,30929,31084.0,31247,True,-0.31845,1.4932,True,30929,30929,31077.0,31091.0,31247,31247,False,False,True,2.776,0.9748427672955975,1.8116500000000002,32,31176.0,92.0,bidmc-32-w085-0103,85
104,31247,31376.0,31561,True,-0.2932,1.4932,True,31247,31247,31365.0,31387.0,31561,31561,False,False,True,2.336,0.821656050955414,1.7864,32,31472.0,96.0,bidmc-32-w085-0104,85
105,31561,31713.0,31861,True,-0.25049,1.2816,True,31561,31561,31713.0,31713.0,31861,31861,False,False,True,2.696,0.9866666666666667,1.5320900000000002,32,31798.0,85.0,bidmc-32-w085-0105,85
106,31861,32026.0,32180,True,-0.30291,1.4388,True,31861,31861,32025.0,32027.0,32180,32180,False,False,True,2.504,0.9655172413793104,1.74171,32,32112.0,86.0,bidmc-32-w085-0106,85
107,32180,32309.0,32468,True,-0.29126,1.4641,True,32180,32180,32309.0,32309.0,32468,32468,False,False,True,2.264,0.8958333333333334,1.75536,32,32394.0,85.0,bidmc-32-w085-0107,85
108,32468,32589.0,32752,True,-0.29515,1.433,True,32468,32468,32589.0,32589.0,32752,32752,False,False,True,2.24,0.852112676056338,1.72815,32,32674.0,85.0,bidmc-32-w085-0108,85
109,32752,32869.0,33059,True,-0.26214,1.4369,True,32752,32752,32869.0,32869.0,33059,33059,False,False,True,2.24,0.762214983713355,1.69904,32,32954.0,85.0,bidmc-32-w085-0109,85
110,33059,33226.0,33392,True,-0.29903,1.3922,True,33059,33059,33225.0,33227.0,33392,33393,False,False,True,2.856,0.996996996996997,1.69123,32,33312.0,86.0,bidmc-32-w085-0110,85
111,33392,33522.0,33710,True,-0.23883,1.365,True,33392,33393,33521.0,33523.0,33710,33710,False,False,True,2.368,0.8176100628930818,1.6038299999999999,32,33608.0,86.0,bidmc-32-w085-0111,85
112,33710,33882.0,34038,True,-0.26214,1.4252,True,33710,33710,33881.0,33883.0,34038,34038,False,False,True,2.88,0.9512195121951219,1.68734,32,33968.0,86.0,bidmc-32-w085-0112,85
113,34038,34165.0,34336,True,-0.2699,1.4602,True,34038,34038,34165.0,34165.0,34336,34336,False,False,True,2.264,0.8523489932885906,1.7301,32,34250.0,85.0,bidmc-32-w085-0113,85
114,34336,34449.0,34641,True,-0.25437,1.3495,True,34336,34336,34449.0,34449.0,34641,34641,False,False,True,2.272,0.740983606557377,1.60387,32,34534.0,85.0,bidmc-32-w085-0114,85
115,34641,34810.0,34978,True,-0.29709,1.4932,True,34641,34641,34805.0,34815.0,34978,34978,False,False,True,2.888,0.9970326409495549,1.7902900000000002,32,34900.0,90.0,bidmc-32-w085-0115,85
116,34978,35147.0,35293,True,-0.36505,1.3534,True,34978,34978,35147.0,35147.0,35293,35293,False,False,True,2.696,0.926984126984127,1.7184499999999998,32,35232.0,85.0,bidmc-32-w085-0116,85
117,35293,35455.0,35610,True,-0.31262,1.4039,True,35293,35293,35455.0,35455.0,35610,35610,False,False,True,2.464,0.9779179810725552,1.71652,32,35540.0,85.0,bidmc-32-w085-0117,85
118,35610,35738.0,35899,True,-0.28544,1.466,True,35610,35610,35737.0,35739.0,35899,35899,False,False,True,2.264,0.8858131487889274,1.75144,32,35824.0,86.0,bidmc-32-w085-0118,85
119,35899,36018.0,36206,True,-0.2699,1.4155,True,35899,35899,36017.0,36019.0,36206,36206,False,False,True,2.24,0.7752442996742671,1.6854,32,36104.0,86.0,bidmc-32-w085-0119,85
120,36206,36363.0,36521,True,-0.31068,1.4621,True,36206,36206,36363.0,36363.0,36521,36521,False,False,True,2.76,0.9968253968253968,1.77278,32,36448.0,85.0,bidmc-32-w085-0120,85
121,36521,36658.0,36802,True,-0.29515,1.433,True,36521,36521,36657.0,36659.0,36802,36802,False,False,True,2.36,0.9750889679715302,1.72815,32,36744.0,86.0,bidmc-32-w085-0121,85
122,36802,36936.0,37089,True,-0.30485,1.468,True,36802,36802,36935.0,36937.0,37089,37089,False,False,True,2.224,0.9337979094076655,1.77285,32,37022.0,86.0,bidmc-32-w085-0122,85
123,37089,37217.0,37373,True,-0.28738,1.4194,True,37089,37089,37217.0,37218.0,37373,37373,False,False,True,2.248,0.9014084507042254,1.70678,32,37303.0,86.0,bidmc-32-w085-0123,85
124,37373,37497.0,37659,True,-0.28544,1.4272,True,37373,37373,37497.0,37497.0,37659,37659,False,False,True,2.24,0.8671328671328671,1.71264,32,37582.0,85.0,bidmc-32-w085-0124,85
125,37659,37777.0,37963,True,-0.24078,1.4272,True,37659,37659,37777.0,37777.0,37963,37963,False,False,True,2.24,0.7763157894736842,1.66798,32,37862.0,85.0,bidmc-32-w085-0125,85
126,37963,38115.0,38264,True,-0.31068,1.3534,True,37963,37963,38115.0,38115.0,38264,38264,False,False,True,2.704,0.9900332225913622,1.66408,32,38200.0,85.0,bidmc-32-w085-0126,85
127,38264,38404.0,38559,True,-0.30874,1.3942,True,38264,38264,38404.0,38405.0,38559,38559,False,False,True,2.312,0.9491525423728814,1.7029400000000001,32,38490.0,86.0,bidmc-32-w085-0127,85
128,38559,38692.0,38878,True,-0.2699,1.4932,True,38559,38559,38689.0,38695.0,38878,38878,False,False,True,2.304,0.8338557993730408,1.7631000000000001,32,38780.0,88.0,bidmc-32-w085-0128,85
129,38878,38880.0,38882,True,0.10485,0.11068,True,38878,38878,38879.0,38881.0,38882,38883,False,False,True,1.504,1.0,0.005830000000000002,32,38966.0,86.0,bidmc-32-w085-0129,85
130,38882,39045.0,39209,True,-0.29709,1.4835,True,38882,38883,39043.0,39047.0,39209,39209,False,False,True,1.32,0.9969418960244648,1.7805900000000001,32,39132.0,87.0,bidmc-32-w085-0130,85
131,39209,39338.0,39527,True,-0.2835,1.4757,True,39209,39209,39337.0,39339.0,39527,39527,False,False,True,2.344,0.8113207547169812,1.7591999999999999,32,39424.0,86.0,bidmc-32-w085-0131,85
132,39527,39684.0,39828,True,-0.28738,1.4175,True,39527,39527,39683.0,39685.0,39828,39828,False,False,True,2.768,0.9568106312292359,1.70488,32,39770.0,86.0,bidmc-32-w085-0132,85
133,39828,39987.0,40143,True,-0.30874,1.4932,True,39828,39828,39985.0,39989.0,40143,40143,False,False,True,2.424,0.9904761904761905,1.80194,32,40074.0,87.0,bidmc-32-w085-0133,85
134,40143,40265.0,40422,True,-0.2932,1.4408,True,40143,40143,40265.0,40266.0,40422,40422,False,False,True,2.224,0.8745519713261649,1.734,32,40351.0,86.0,bidmc-32-w085-0134,85
135,40422,40545.0,40712,True,-0.3068,1.4932,True,40422,40422,40541.0,40549.0,40712,40712,False,False,True,2.24,0.8482758620689655,1.8,32,40634.0,89.0,bidmc-32-w085-0135,85
136,40712,40827.0,40983,True,-0.27379,1.4466,True,40712,40712,40827.0,40827.0,40983,40983,False,False,True,2.256,0.8487084870848709,1.72039,32,40912.0,85.0,bidmc-32-w085-0136,85
137,40983,41103.0,41252,True,-0.29126,1.4194,True,40983,40983,41103.0,41104.0,41252,41252,False,False,True,2.208,0.8921933085501859,1.71066,32,41189.0,86.0,bidmc-32-w085-0137,85
138,41252,41380.0,41551,True,-0.27767,1.4893,True,41252,41252,41380.0,41381.0,41551,41551,False,False,True,2.216,0.8561872909698997,1.7669700000000002,32,41466.0,86.0,bidmc-32-w085-0138,85
139,41551,41667.0,41857,True,-0.26796,1.3515,True,41551,41551,41667.0,41667.0,41857,41857,False,False,True,2.296,0.7581699346405228,1.61946,32,41752.0,85.0,bidmc-32-w085-0139,85
140,41857,42019.0,42191,True,-0.31456,1.4932,True,41857,41857,42018.0,42020.0,42191,42191,False,False,True,2.816,0.9700598802395209,1.80776,32,42105.0,86.0,bidmc-32-w085-0140,85
141,42191,42363.0,42501,True,-0.26602,1.2893,True,42191,42191,42363.0,42364.0,42501,42501,False,False,True,2.752,0.8903225806451613,1.5553199999999998,32,42449.0,86.0,bidmc-32-w085-0141,85
142,42501,42649.0,42791,True,-0.3068,1.2563,True,42501,42501,42649.0,42649.0,42791,42791,False,False,True,2.288,0.9793103448275862,1.5631,32,42734.0,85.0,bidmc-32-w085-0142,85
143,42791,42950.0,43117,True,-0.32427,1.3689,True,42791,42791,42949.0,42951.0,43117,43117,False,False,True,2.408,0.9754601226993865,1.69317,32,43036.0,86.0,bidmc-32-w085-0143,85
144,43117,43239.0,43412,True,-0.26019,1.3456,True,43117,43117,43239.0,43239.0,43412,43412,False,False,True,2.312,0.8271186440677967,1.6057899999999998,32,43324.0,85.0,bidmc-32-w085-0144,85
145,43412,43521.0,43708,True,-0.26602,1.2252,True,43412,43412,43521.0,43521.0,43708,43708,False,False,True,2.256,0.7364864864864865,1.49122,32,43606.0,85.0,bidmc-32-w085-0145,85
146,43708,43883.0,44033,True,-0.26408,1.4932,True,43708,43708,43875.0,43891.0,44033,44033,False,False,True,2.896,0.9230769230769231,1.7572800000000002,32,43976.0,93.0,bidmc-32-w085-0146,85
147,44033,44164.0,44349,True,-0.26214,1.4835,True,44033,44033,44163.0,44165.0,44349,44349,False,False,True,2.248,0.8291139240506329,1.74564,32,44250.0,86.0,bidmc-32-w085-0147,85
148,44349,44506.0,44651,True,-0.26602,1.4078,True,44349,44349,44505.0,44507.0,44651,44651,False,False,True,2.736,0.9602649006622517,1.6738199999999999,32,44592.0,86.0,bidmc-32-w085-0148,85
149,44651,44808.0,44976,True,-0.3068,1.4932,True,44651,44651,44801.0,44815.0,44976,44976,False,False,True,2.416,0.9661538461538461,1.8,32,44900.0,92.0,bidmc-32-w085-0149,85
150,44976,45092.0,45273,True,-0.28932,1.3417,True,44976,44976,45091.0,45093.0,45273,45273,False,False,True,2.272,0.7811447811447811,1.63102,32,45178.0,86.0,bidmc-32-w085-0150,85
151,45273,45422.0,45554,True,-0.28932,1.1379,True,45273,45273,45421.0,45423.0,45554,45555,False,False,True,2.64,0.9395017793594306,1.42722,32,45508.0,86.0,bidmc-32-w085-0151,85
152,45554,45701.0,45841,True,-0.2932,1.2233,True,45554,45555,45701.0,45701.0,45841,45841,False,False,True,2.232,0.975609756097561,1.5165000000000002,32,45786.0,85.0,bidmc-32-w085-0152,85
153,45841,46007.0,46172,True,-0.31456,1.4427,True,45841,45841,46007.0,46007.0,46172,46172,False,False,True,2.448,0.9969788519637462,1.75726,32,46092.0,85.0,bidmc-32-w085-0153,85
154,46172,46290.0,46479,True,-0.2466,1.3398,True,46172,46172,46289.0,46291.0,46479,46480,False,False,True,2.264,0.7687296416938111,1.5864,32,46376.0,86.0,bidmc-32-w085-0154,85
155,46479,46639.0,46794,True,-0.31456,1.4466,True,46479,46480,46639.0,46640.0,46794,46794,False,False,True,2.792,0.9841269841269842,1.76116,32,46725.0,86.0,bidmc-32-w085-0155,85
156,46794,46927.0,47092,True,-0.26602,1.4932,True,46794,46794,46917.0,46937.0,47092,47092,False,False,True,2.304,0.8926174496644296,1.75922,32,47022.0,95.0,bidmc-32-w085-0156,85
157,47092,47212.0,47403,True,-0.24854,1.4932,True,47092,47092,47209.0,47215.0,47403,47403,False,False,True,2.28,0.7717041800643087,1.74174,32,47300.0,88.0,bidmc-32-w085-0157,85
158,47403,47565.0,47734,True,-0.30291,1.4602,True,47403,47403,47564.0,47566.0,47734,47734,False,False,True,2.824,0.9788519637462235,1.76311,32,47651.0,86.0,bidmc-32-w085-0158,85
159,47734,47857.0,48030,True,-0.26214,1.4757,True,47734,47734,47857.0,47857.0,48030,48030,False,False,True,2.336,0.8310810810810811,1.73784,32,47942.0,85.0,bidmc-32-w085-0159,85
160,48030,48140.0,48312,True,-0.27379,1.2757,True,48030,48030,48140.0,48141.0,48312,48312,False,False,True,2.264,0.7801418439716312,1.54949,32,48226.0,86.0,bidmc-32-w085-0160,85
161,48312,48419.0,48606,True,-0.30097,1.2097,True,48312,48312,48419.0,48419.0,48606,48606,False,False,True,2.232,0.727891156462585,1.51067,32,48504.0,85.0,bidmc-32-w085-0161,85
162,48606,48776.0,48949,True,-0.2932,1.4932,True,48606,48606,48771.0,48782.0,48949,48949,False,False,True,2.856,0.9912536443148688,1.7864,32,48867.0,91.0,bidmc-32-w085-0162,85
163,48949,49065.0,49253,True,-0.26408,1.2893,True,48949,48949,49065.0,49065.0,49253,49253,False,False,True,2.312,0.7631578947368421,1.5533799999999998,32,49150.0,85.0,bidmc-32-w085-0163,85
164,49253,49413.0,49563,True,-0.31456,1.4252,True,49253,49253,49413.0,49413.0,49563,49563,False,False,True,2.784,0.967741935483871,1.73976,32,49498.0,85.0,bidmc-32-w085-0164,85
165,49563,49700.0,49867,True,-0.27184,1.4932,True,49563,49563,49696.0,49705.0,49867,49867,False,False,True,2.296,0.9013157894736842,1.7650400000000002,32,49790.0,90.0,bidmc-32-w085-0165,85
166,49867,49986.0,50175,True,-0.2699,1.4427,True,49867,49867,49985.0,49987.0,50175,50175,False,False,True,2.288,0.7727272727272727,1.7126000000000001,32,50072.0,86.0,bidmc-32-w085-0166,85
167,50175,50349.0,50511,True,-0.28155,1.3592,True,50175,50175,50349.0,50349.0,50511,50511,False,False,True,2.904,0.9642857142857143,1.64075,32,50434.0,85.0,bidmc-32-w085-0167,85
168,50511,50635.0,50824,True,-0.26796,1.4699,True,50511,50511,50635.0,50635.0,50824,50824,False,False,True,2.288,0.792332268370607,1.73786,32,50720.0,85.0,bidmc-32-w085-0168,85
169,50824,50978.0,51119,True,-0.26214,1.3107,True,50824,50824,50977.0,50979.0,51119,51119,False,False,True,2.744,0.9559322033898305,1.57284,32,51064.0,86.0,bidmc-32-w085-0169,85
170,51119,51285.0,51465,True,-0.3068,1.4233,True,51119,51119,51285.0,51285.0,51465,51465,False,False,True,2.456,0.9595375722543352,1.7301,32,51370.0,85.0,bidmc-32-w085-0170,85
171,51465,51618.0,51761,True,-0.24078,1.1534,True,51465,51465,51617.0,51619.0,51761,51761,False,False,True,2.664,0.9662162162162162,1.39418,32,51704.0,86.0,bidmc-32-w085-0171,85
172,51761,51917.0,52063,True,-0.32039,1.365,True,51761,51761,51917.0,51917.0,52063,52063,False,False,True,2.392,0.9668874172185431,1.68539,32,52002.0,85.0,bidmc-32-w085-0172,85
173,52063,52213.0,52388,True,-0.28155,1.4835,True,52063,52063,52213.0,52213.0,52388,52388,False,False,True,2.368,0.9230769230769231,1.76505,32,52298.0,85.0,bidmc-32-w085-0173,85
174,52388,52497.0,52686,True,-0.2466,1.167,True,52388,52388,52497.0,52497.0,52686,52686,False,False,True,2.272,0.7315436241610738,1.4136,32,52582.0,85.0,bidmc-32-w085-0174,85
175,52686,52850.0,53012,True,-0.29709,1.3515,True,52686,52686,52849.0,52851.0,53012,53012,False,False,True,2.824,0.9938650306748467,1.64859,32,52936.0,86.0,bidmc-32-w085-0175,85
176,53012,53137.0,53329,True,-0.23301,1.4874,True,53012,53012,53137.0,53137.0,53329,53329,False,False,True,2.296,0.7886435331230284,1.72041,32,53222.0,85.0,bidmc-32-w085-0176,85
177,53329,53482.0,53655,True,-0.32233,1.4194,True,53329,53329,53481.0,53483.0,53655,53655,False,False,True,2.76,0.9386503067484663,1.74173,32,53568.0,86.0,bidmc-32-w085-0177,85
178,53655,53781.0,53960,True,-0.30874,1.4757,True,53655,53655,53781.0,53781.0,53960,53960,False,False,True,2.392,0.8262295081967213,1.78444,32,53866.0,85.0,bidmc-32-w085-0178,85
179,53960,54111.0,54264,True,-0.27184,1.268,True,53960,53960,54111.0,54112.0,54264,54264,False,False,True,2.64,0.993421052631579,1.53984,32,54197.0,86.0,bidmc-32-w085-0179,85
180,54264,54420.0,54576,True,-0.31456,1.4932,True,54264,54264,54417.0,54423.0,54576,54576,False,False,True,2.472,1.0,1.80776,32,54508.0,88.0,bidmc-32-w085-0180,85
181,54576,54705.0,54877,True,-0.2932,1.4932,True,54576,54576,54703.0,54707.0,54877,54877,False,False,True,2.28,0.8571428571428572,1.7864,32,54792.0,87.0,bidmc-32-w085-0181,85
182,54877,54991.0,55187,True,-0.25437,1.2796,True,54877,54877,54991.0,54991.0,55187,55188,False,False,True,2.288,0.7354838709677419,1.53397,32,55076.0,85.0,bidmc-32-w085-0182,85
183,55187,55338.0,55499,True,-0.32621,1.4252,True,55187,55188,55337.0,55339.0,55499,55500,False,False,True,2.776,0.967948717948718,1.75141,32,55424.0,86.0,bidmc-32-w085-0183,85
184,55499,55635.0,55823,True,-0.25437,1.3592,True,55499,55500,55635.0,55635.0,55823,55823,False,False,True,2.376,0.8395061728395061,1.61357,32,55720.0,85.0,bidmc-32-w085-0184,85
185,55823,55989.0,56144,True,-0.29709,1.3961,True,55823,55823,55989.0,55990.0,56144,56144,False,False,True,2.832,0.9657320872274143,1.69319,32,56075.0,86.0,bidmc-32-w085-0185,85
186,56144,56276.0,56437,True,-0.29126,1.4583,True,56144,56144,56275.0,56277.0,56437,56437,False,False,True,2.296,0.9010238907849829,1.74956,32,56362.0,86.0,bidmc-32-w085-0186,85
187,56437,56555.0,56733,True,-0.28738,1.4485,True,56437,56437,56555.0,56555.0,56733,56733,False,False,True,2.232,0.7972972972972973,1.7358799999999999,32,56640.0,85.0,bidmc-32-w085-0187,85
188,56733,56884.0,57031,True,-0.24854,1.1825,True,56733,56733,56883.0,56885.0,57031,57031,False,False,True,2.632,0.9865771812080537,1.43104,32,56970.0,86.0,bidmc-32-w085-0188,85
189,57031,57187.0,57332,True,-0.32816,1.4214,True,57031,57031,57186.0,57188.0,57332,57333,False,False,True,2.424,0.9634551495016611,1.74956,32,57273.0,86.0,bidmc-32-w085-0189,85
190,57332,57485.0,57660,True,-0.30874,1.4427,True,57332,57333,57485.0,57485.0,57660,57660,False,False,True,2.384,0.9329268292682926,1.75144,32,57570.0,85.0,bidmc-32-w085-0190,85
191,57660,57773.0,57960,True,-0.23883,1.1903,True,57660,57660,57773.0,57773.0,57960,57960,False,False,True,2.304,0.7533333333333333,1.4291299999999998,32,57858.0,85.0,bidmc-32-w085-0191,85
192,57960,58129.0,58296,True,-0.27961,1.4369,True,57960,57960,58129.0,58129.0,58296,58296,False,False,True,2.848,0.9940476190476191,1.71651,32,58214.0,85.0,bidmc-32-w085-0192,85
193,58296,58418.0,58610,True,-0.24272,1.4447,True,58296,58296,58418.0,58419.0,58610,58610,False,False,True,2.312,0.7770700636942676,1.6874200000000001,32,58504.0,86.0,bidmc-32-w085-0193,85
194,58610,58776.0,58930,True,-0.32816,1.4621,True,58610,58610,58776.0,58777.0,58930,58930,False,False,True,2.864,0.9625,1.79026,32,58862.0,86.0,bidmc-32-w085-0194,85
195,58930,59067.0,59233,True,-0.25437,1.4039,True,58930,58930,59067.0,59067.0,59233,59233,False,False,True,2.328,0.9042904290429042,1.65827,32,59152.0,85.0,bidmc-32-w085-0195,85
196,59233,59349.0,59541,True,-0.24272,1.334,True,59233,59233,59349.0,59349.0,59541,59541,False,False,True,2.256,0.7532467532467533,1.5767200000000001,32,59434.0,85.0,bidmc-32-w085-0196,85
197,59541,59709.0,59875,True,-0.28932,1.4874,True,59541,59541,59709.0,59709.0,59875,59875,False,False,True,2.88,0.9940119760479041,1.77672,32,59794.0,85.0,bidmc-32-w085-0197,85
1,302,460.0,512,True,0.0,0.85142,True,302,302,459.0,462.0,512,512,False,False,True,,0.49523809523809526,0.85142,33,547.0,87.0,bidmc-33-w085-0001,85
2,512,627.0,854,True,0.0,1.0,True,512,512,603.0,651.0,854,854,False,False,True,1.336,0.672514619883041,1.0,33,736.0,109.0,bidmc-33-w085-0002,85
3,854,1003.0,1047,True,0.0,0.81329,True,854,854,1003.0,1003.0,1047,1047,False,False,True,3.008,0.4559585492227979,0.81329,33,1088.0,85.0,bidmc-33-w085-0003,85
4,1047,1179.0,1389,True,0.0,1.0,True,1047,1047,1141.0,1217.0,1389,1389,False,False,True,1.408,0.7719298245614035,1.0,33,1302.0,123.0,bidmc-33-w085-0004,85
5,1389,1532.0,1563,True,0.0,0.6393,True,1389,1389,1531.0,1533.0,1563,1563,False,False,True,2.824,0.3563218390804598,0.6393,33,1618.0,86.0,bidmc-33-w085-0005,85
6,1563,1683.0,1871,True,0.0068426,1.0,True,1563,1563,1670.0,1697.0,1871,1871,False,False,True,1.208,0.7792207792207793,0.9931574,33,1782.0,99.0,bidmc-33-w085-0006,85
7,1871,2184.0,2408,True,0.0,1.0,True,1871,1871,2157.0,2211.0,2408,2408,False,False,True,4.008,0.8342644320297952,1.0,33,2296.0,112.0,bidmc-33-w085-0007,85
8,2408,2542.0,2583,True,0.038123,0.66471,True,2408,2408,2541.0,2543.0,2583,2583,False,False,True,2.864,0.4685714285714285,0.626587,33,2628.0,86.0,bidmc-33-w085-0008,85
9,2583,2711.0,2941,True,0.0039101,1.0,True,2583,2583,2685.0,2737.0,2941,2941,False,False,True,1.352,0.7150837988826816,0.9960899,33,2822.0,111.0,bidmc-33-w085-0009,85
10,2941,3285.0,3514,True,0.01955,1.0,True,2941,2941,3257.0,3313.0,3514,3514,False,False,True,4.592,0.7993019197207679,0.98045,33,3398.0,113.0,bidmc-33-w085-0010,85
11,3514,3839.0,4058,True,0.0029325,1.0,True,3514,3514,3809.0,3869.0,4058,4059,False,False,True,4.432,0.8051470588235294,0.9970675,33,3954.0,115.0,bidmc-33-w085-0011,85
12,4058,4259.0,4315,True,0.0029325,0.88074,True,4058,4059,4259.0,4259.0,4315,4315,False,False,True,3.36,0.4357976653696498,0.8778075,33,4344.0,85.0,bidmc-33-w085-0012,85
13,4315,4434.0,4677,True,0.02737,1.0,True,4315,4315,4407.0,4461.0,4677,4677,False,False,True,1.4,0.6574585635359116,0.97263,33,4546.0,112.0,bidmc-33-w085-0013,85
14,4677,4885.0,4904,True,0.030303,0.85142,True,4677,4677,4885.0,4885.0,4904,4904,False,False,True,3.608,0.1674008810572687,0.821117,33,4970.0,85.0,bidmc-33-w085-0014,85
15,4904,5027.0,5244,True,0.018573,1.0,True,4904,4904,5001.0,5053.0,5244,5244,False,False,True,1.136,0.7235294117647059,0.981427,33,5138.0,111.0,bidmc-33-w085-0015,85
16,5244,5436.0,5487,True,0.014663,0.90029,True,5244,5244,5436.0,5437.0,5487,5487,False,False,True,3.272,0.41975308641975306,0.885627,33,5522.0,86.0,bidmc-33-w085-0016,85
17,5487,5602.0,5835,True,0.0,1.0,True,5487,5487,5577.0,5627.0,5835,5835,False,False,True,1.328,0.6609195402298851,1.0,33,5712.0,110.0,bidmc-33-w085-0017,85
18,5835,5995.0,6035,True,0.0,0.90518,True,5835,5835,5995.0,5995.0,6035,6035,False,False,True,3.144,0.4,0.90518,33,6080.0,85.0,bidmc-33-w085-0018,85
19,6035,6156.0,6401,True,0.0,1.0,True,6035,6035,6128.0,6185.0,6401,6401,False,False,True,1.288,0.6612021857923498,1.0,33,6270.0,114.0,bidmc-33-w085-0019,85
20,6401,6746.0,7056,True,0.0,1.0,True,6401,6401,6653.0,6840.0,7056,7056,False,False,True,4.72,0.9465648854961832,1.0,33,6925.0,179.0,bidmc-33-w085-0020,85
21,7056,7305.0,7376,True,0.0,1.0,True,7056,7056,7295.0,7315.0,7352,7400,False,False,True,4.472,0.44375,1.0,33,7400.0,95.0,bidmc-33-w085-0021,85
22,7376,7465.0,7689,True,0.0,1.0,True,7352,7400,7437.0,7493.0,7689,7689,False,False,True,1.28,0.5686900958466454,1.0,33,7578.0,113.0,bidmc-33-w085-0022,85
23,7689,7947.0,7965,True,0.012708,0.82502,True,7689,7689,7947.0,7947.0,7965,7965,False,False,True,3.856,0.13043478260869568,0.8123119999999999,33,8032.0,85.0,bidmc-33-w085-0023,85
24,7965,8087.0,8322,True,0.0039101,1.0,True,7965,7965,8059.0,8115.0,8322,8323,False,False,True,1.12,0.6834733893557423,0.9960899,33,8200.0,113.0,bidmc-33-w085-0024,85
25,8322,8500.0,8527,True,0.044966,0.80743,True,8322,8323,8499.0,8502.0,8527,8527,False,False,True,3.304,0.2634146341463415,0.762464,33,8587.0,87.0,bidmc-33-w085-0025,85
26,8527,8652.0,8878,True,0.037146,1.0,True,8527,8527,8625.0,8679.0,8878,8879,False,False,True,1.216,0.7122507122507122,0.962854,33,8764.0,112.0,bidmc-33-w085-0026,85
27,8878,9025.0,9068,True,0.072336,0.76442,True,8878,8879,9025.0,9026.0,9068,9068,False,False,True,2.984,0.4526315789473684,0.692084,33,9111.0,86.0,bidmc-33-w085-0027,85
28,9068,9203.0,9433,True,0.072336,1.0,True,9068,9068,9176.0,9231.0,9433,9433,False,False,True,1.424,0.7397260273972603,0.927664,33,9316.0,113.0,bidmc-33-w085-0028,85
29,9433,9585.0,9645,True,0.049853,0.69599,True,9433,9433,9585.0,9585.0,9645,9645,False,False,True,3.056,0.5660377358490566,0.646137,33,9670.0,85.0,bidmc-33-w085-0029,85
30,9645,9771.0,10009,True,0.041056,1.0,True,9645,9645,9745.0,9797.0,10009,10009,False,False,True,1.488,0.6923076923076923,0.958944,33,9882.0,111.0,bidmc-33-w085-0030,85
31,10009,10159.0,10204,True,0.062561,0.80254,True,10009,10009,10159.0,10160.0,10204,10204,False,False,True,3.104,0.46153846153846156,0.739979,33,10245.0,86.0,bidmc-33-w085-0031,85
32,10204,10317.0,10532,True,0.0,1.0,True,10204,10204,10297.0,10337.0,10532,10532,False,False,True,1.264,0.6890243902439024,1.0,33,10422.0,105.0,bidmc-33-w085-0032,85
33,10532,10693.0,10696,True,0.032258,0.73021,True,10532,10532,10693.0,10694.0,10696,10696,False,False,True,3.008,0.03658536585365857,0.697952,33,10779.0,86.0,bidmc-33-w085-0033,85
34,10696,10824.0,11083,True,0.039101,1.0,True,10696,10696,10799.0,10849.0,11083,11083,False,False,True,1.048,0.6614987080103358,0.960899,33,10934.0,110.0,bidmc-33-w085-0034,85
35,11083,11236.0,11268,True,0.048876,0.71457,True,11083,11083,11235.0,11238.0,11268,11268,False,False,True,3.296,0.34594594594594597,0.665694,33,11323.0,87.0,bidmc-33-w085-0035,85
36,11268,11387.0,11594,True,0.052786,1.0,True,11268,11268,11367.0,11407.0,11594,11595,False,False,True,1.208,0.7300613496932515,0.947214,33,11492.0,105.0,bidmc-33-w085-0036,85
37,11594,11774.0,11809,True,0.048876,0.74878,True,11594,11595,11773.0,11775.0,11809,11809,False,False,True,3.096,0.32558139534883723,0.699904,33,11860.0,86.0,bidmc-33-w085-0037,85
38,11809,11941.0,12172,True,0.041056,1.0,True,11809,11809,11915.0,11967.0,12172,12173,False,False,True,1.336,0.7272727272727273,0.958944,33,12052.0,111.0,bidmc-33-w085-0038,85
39,12172,12344.0,12374,True,0.088954,0.77028,True,12172,12173,12344.0,12345.0,12374,12374,False,False,True,3.224,0.29702970297029707,0.681326,33,12430.0,86.0,bidmc-33-w085-0039,85
40,12374,12494.0,12716,True,0.022483,1.0,True,12374,12374,12469.0,12519.0,12716,12716,False,False,True,1.2,0.7017543859649122,0.977517,33,12604.0,110.0,bidmc-33-w085-0040,85
41,12716,12919.0,12973,True,0.026393,0.8915,True,12716,12716,12918.0,12921.0,12973,12973,False,False,True,3.4,0.4202334630350194,0.865107,33,13006.0,87.0,bidmc-33-w085-0041,85
42,12973,13093.0,13293,True,0.0,1.0,True,12973,12973,13063.0,13123.0,13293,13293,False,False,True,1.392,0.75,1.0,33,13208.0,115.0,bidmc-33-w085-0042,85
43,13293,13625.0,13816,True,0.0,1.0,True,13293,13293,13599.0,13651.0,13816,13816,False,False,True,4.256,0.7304015296367112,1.0,33,13736.0,111.0,bidmc-33-w085-0043,85
44,13816,13942.0,13974,True,0.0,0.82796,True,13816,13816,13941.0,13943.0,13974,13974,False,False,True,2.536,0.40506329113924056,0.82796,33,14028.0,86.0,bidmc-33-w085-0044,85
45,13974,14092.0,14301,True,0.0,1.0,True,13974,13974,14069.0,14115.0,14301,14301,False,False,True,1.2,0.7217125382262997,1.0,33,14200.0,108.0,bidmc-33-w085-0045,85
46,14301,14503.0,14567,True,0.0,1.0,True,14301,14301,14493.0,14513.0,14536,14598,False,False,True,3.288,0.48120300751879697,1.0,33,14598.0,95.0,bidmc-33-w085-0046,85
47,14567,14654.0,14901,True,0.050831,1.0,True,14536,14598,14621.0,14687.0,14901,14901,False,False,True,1.208,0.5209580838323353,0.949169,33,14772.0,118.0,bidmc-33-w085-0047,85
48,14901,15289.0,15551,True,0.0,1.0,True,14901,14901,15259.0,15319.0,15551,15551,False,False,True,5.08,0.8061538461538462,1.0,33,15404.0,115.0,bidmc-33-w085-0048,85
49,15551,15907.0,16183,True,0.0,1.0,True,15551,15551,15853.0,15961.0,16183,16183,False,False,True,4.944,0.8734177215189873,1.0,33,16046.0,139.0,bidmc-33-w085-0049,85
50,16183,16195.0,16254,True,0.094819,0.14663,True,16183,16183,16195.0,16195.0,16254,16255,False,False,True,2.304,0.3380281690140845,0.05181100000000001,33,16280.0,85.0,bidmc-33-w085-0050,85
51,16254,16612.0,16836,True,0.0,1.0,True,16254,16255,16585.0,16639.0,16836,16837,False,False,True,3.336,0.7697594501718213,1.0,33,16724.0,112.0,bidmc-33-w085-0051,85
52,16836,17180.0,17562,True,0.0,1.0,True,16836,16837,17097.0,17263.0,17562,17562,False,False,True,4.544,0.9476584022038568,1.0,33,17348.0,168.0,bidmc-33-w085-0052,85
53,17562,17735.0,17777,True,0.0,0.76833,True,17562,17562,17734.0,17737.0,17777,17777,False,False,True,4.44,0.3906976744186047,0.76833,33,17822.0,87.0,bidmc-33-w085-0053,85
54,17777,17893.0,18113,True,0.0,1.0,True,17777,17777,17871.0,17915.0,18113,18113,False,False,True,1.264,0.6904761904761905,1.0,33,18000.0,107.0,bidmc-33-w085-0054,85
55,18113,18297.0,18365,True,0.024438,0.90323,True,18113,18113,18297.0,18297.0,18365,18365,False,False,True,3.232,0.5396825396825398,0.878792,33,18382.0,85.0,bidmc-33-w085-0055,85
56,18365,18481.0,18692,True,0.0,1.0,True,18365,18365,18455.0,18507.0,18692,18692,False,False,True,1.472,0.709480122324159,1.0,33,18592.0,111.0,bidmc-33-w085-0056,85
57,18692,18861.0,18932,True,0.0078201,0.82698,True,18692,18692,18861.0,18861.0,18932,18932,False,False,True,3.04,0.5916666666666667,0.8191599,33,18946.0,85.0,bidmc-33-w085-0057,85
58,18932,19052.0,19265,True,0.00097752,1.0,True,18932,18932,19025.0,19079.0,19265,19265,False,False,True,1.528,0.7207207207207207,0.99902248,33,19164.0,112.0,bidmc-33-w085-0058,85
59,19265,19419.0,19461,True,0.053763,0.91984,True,19265,19265,19419.0,19420.0,19461,19461,False,False,True,2.936,0.4285714285714286,0.866077,33,19505.0,86.0,bidmc-33-w085-0059,85
60,19461,19576.0,19811,True,0.02737,1.0,True,19461,19461,19551.0,19601.0,19811,19811,False,False,True,1.256,0.6571428571428571,0.97263,33,19686.0,110.0,bidmc-33-w085-0060,85
61,19811,20004.0,20062,True,0.01173,0.93646,True,19811,19811,20003.0,20005.0,20062,20063,False,False,True,3.424,0.4621513944223108,0.9247299999999999,33,20090.0,86.0,bidmc-33-w085-0061,85
62,20062,20185.0,20432,True,0.0,1.0,True,20062,20063,20153.0,20217.0,20432,20432,False,False,True,1.448,0.6648648648648648,1.0,33,20302.0,117.0,bidmc-33-w085-0062,85
63,20432,20631.0,20661,True,0.0068426,0.87488,True,20432,20432,20631.0,20632.0,20661,20661,False,False,True,3.568,0.2620087336244541,0.8680374,33,20717.0,86.0,bidmc-33-w085-0063,85
64,20661,20787.0,21052,True,0.0,1.0,True,20661,20661,20759.0,20815.0,21052,21053,False,False,True,1.248,0.6445012787723785,1.0,33,20900.0,113.0,bidmc-33-w085-0064,85
65,21052,21321.0,21379,True,0.01173,1.0,True,21052,21053,21309.0,21334.0,21340,21419,False,False,True,4.272,0.35474006116207946,0.98827,33,21419.0,98.0,bidmc-33-w085-0065,85
66,21379,21455.0,21682,True,0.001955,1.0,True,21340,21419,21425.0,21486.0,21682,21682,False,False,True,1.072,0.5016501650165017,0.998045,33,21571.0,116.0,bidmc-33-w085-0066,85
68,21918,22036.0,22243,True,0.0,1.0,True,21917,21920,22009.0,22063.0,22243,22243,False,False,True,0.944,0.7261538461538461,1.0,33,22148.0,112.0,bidmc-33-w085-0068,85
69,22243,22445.0,22500,True,0.0,0.95015,True,22243,22243,22445.0,22446.0,22500,22500,False,False,True,3.272,0.42801556420233466,0.95015,33,22531.0,86.0,bidmc-33-w085-0069,85
70,22500,22613.0,22829,True,0.0029325,1.0,True,22500,22500,22589.0,22637.0,22829,22829,False,False,True,1.344,0.6869300911854104,0.9970675,33,22722.0,109.0,bidmc-33-w085-0070,85
71,22829,23165.0,23388,True,0.0,1.0,True,22829,22829,23053.0,23277.0,23388,23388,False,False,True,4.416,0.7978533094812165,1.0,33,23362.0,197.0,bidmc-33-w085-0071,85
72,23388,23603.0,23890,True,0.0,1.0,True,23388,23388,23479.0,23727.0,23890,23891,False,False,True,3.504,0.8565737051792829,1.0,33,23812.0,209.0,bidmc-33-w085-0072,85
74,24061,24190.0,24394,True,0.0,1.0,True,24061,24062,24157.0,24223.0,24394,24394,False,False,True,1.032,0.7747747747747747,1.0,33,24308.0,118.0,bidmc-33-w085-0074,85
75,24394,24511.0,24567,True,0.0,0.73607,True,24394,24394,24511.0,24512.0,24567,24567,False,False,True,2.568,0.6473988439306358,0.73607,33,24597.0,86.0,bidmc-33-w085-0075,85
76,24567,24681.0,24882,True,0.0,1.0,True,24567,24567,24661.0,24701.0,24882,24882,False,False,True,1.36,0.7238095238095238,1.0,33,24786.0,105.0,bidmc-33-w085-0076,85
77,24882,25118.0,25124,True,0.0,0.9218,True,24882,24882,25117.0,25119.0,25124,25124,False,False,True,3.496,0.04958677685950408,0.9218,33,25204.0,86.0,bidmc-33-w085-0077,85
78,25124,25243.0,25499,True,0.0,1.0,True,25124,25124,25215.0,25271.0,25499,25499,False,False,True,1.0,0.6346666666666667,1.0,33,25356.0,113.0,bidmc-33-w085-0078,85
79,25499,25687.0,25726,True,0.0,0.95503,True,25499,25499,25687.0,25687.0,25726,25726,False,False,True,3.552,0.3436123348017621,0.95503,33,25772.0,85.0,bidmc-33-w085-0079,85
80,25726,25848.0,26092,True,0.0,1.0,True,25726,25726,25815.0,25881.0,26092,26092,False,False,True,1.288,0.6666666666666667,1.0,33,25966.0,118.0,bidmc-33-w085-0080,85
81,26092,26234.0,26306,True,0.0,1.0,True,26092,26092,26229.0,26239.0,26288,26324,False,False,True,3.088,0.6728971962616823,1.0,33,26324.0,90.0,bidmc-33-w085-0081,85
82,26306,26402.0,26634,True,0.0,1.0,True,26288,26324,26373.0,26431.0,26634,26634,False,False,True,1.344,0.5853658536585367,1.0,33,26516.0,114.0,bidmc-33-w085-0082,85
83,26634,26851.0,26878,True,0.0,0.90323,True,26634,26634,26851.0,26851.0,26878,26878,False,False,True,3.592,0.2213114754098361,0.90323,33,26936.0,85.0,bidmc-33-w085-0083,85
84,26878,26996.0,27223,True,0.0,1.0,True,26878,26878,26969.0,27023.0,27223,27223,False,False,True,1.16,0.6840579710144927,1.0,33,27108.0,112.0,bidmc-33-w085-0084,85
85,27223,27377.0,27458,True,0.0,1.0,True,27223,27223,27363.0,27391.0,27440,27476,False,False,True,3.048,0.6893617021276596,1.0,33,27476.0,99.0,bidmc-33-w085-0085,85
86,27458,27552.0,27769,True,0.0,1.0,True,27440,27476,27525.0,27579.0,27769,27769,False,False,True,1.4,0.6045016077170418,1.0,33,27664.0,112.0,bidmc-33-w085-0086,85
87,27769,28013.0,28118,True,0.0,0.98436,True,27769,27769,28011.0,28015.0,28118,28118,False,False,True,3.688,0.6017191977077364,0.98436,33,28100.0,87.0,bidmc-33-w085-0087,85
88,28118,28233.0,28534,True,0.0,1.0,True,28118,28118,28205.0,28261.0,28534,28535,False,False,True,1.76,0.5528846153846154,1.0,33,28346.0,113.0,bidmc-33-w085-0088,85
89,28534,28951.0,29290,True,0.0,1.0,True,28534,28535,28875.0,29027.0,29290,29290,False,False,True,5.744,0.8968253968253969,1.0,33,29112.0,161.0,bidmc-33-w085-0089,85
90,29290,29329.0,29493,True,0.20235,0.36755,True,29290,29290,29329.0,29329.0,29493,29494,False,False,True,3.024,0.3842364532019704,0.16519999999999999,33,29414.0,85.0,bidmc-33-w085-0090,85
91,29493,29704.0,29724,True,0.21408,0.76833,True,29493,29494,29703.0,29705.0,29724,29724,False,False,True,3.0,0.17316017316017318,0.5542499999999999,33,29790.0,86.0,bidmc-33-w085-0091,85
92,29724,29851.0,30186,True,0.1173,1.0,True,29724,29724,29827.0,29875.0,30186,30186,False,False,True,1.176,0.5497835497835497,0.8827,33,29960.0,109.0,bidmc-33-w085-0092,85
93,30186,30338.0,30385,True,0.10557,0.70088,True,30186,30186,30337.0,30339.0,30385,30385,False,False,True,3.896,0.4723618090452262,0.59531,33,30424.0,86.0,bidmc-33-w085-0093,85
94,30385,30502.0,30701,True,0.0,1.0,True,30385,30385,30485.0,30519.0,30701,30701,False,False,True,1.312,0.740506329113924,1.0,33,30604.0,102.0,bidmc-33-w085-0094,85
95,30701,30862.0,30876,True,0.0,0.85239,True,30701,30701,30862.0,30863.0,30876,30877,False,False,True,2.88,0.16000000000000003,0.85239,33,30948.0,86.0,bidmc-33-w085-0095,85
96,30876,30989.0,31130,True,0.0,1.0,True,30876,30877,30971.0,31007.0,31130,31130,False,False,True,1.016,0.889763779527559,1.0,33,31092.0,103.0,bidmc-33-w085-0096,85
97,31130,31244.0,31272,True,0.0,0.78495,True,31130,31130,31243.0,31245.0,31272,31272,False,False,True,2.04,0.3943661971830986,0.78495,33,31330.0,86.0,bidmc-33-w085-0097,85
98,31272,31389.0,31556,True,0.0,1.0,True,31272,31272,31367.0,31411.0,31556,31556,False,False,True,1.16,0.823943661971831,1.0,33,31496.0,107.0,bidmc-33-w085-0098,85
99,31556,31834.0,32044,True,0.0,1.0,True,31556,31556,31789.0,31880.0,32044,32044,False,False,True,3.56,0.860655737704918,1.0,33,31965.0,131.0,bidmc-33-w085-0099,85
100,32044,32345.0,32542,True,0.0,1.0,True,32044,32044,32317.0,32373.0,32542,32542,False,False,True,4.088,0.7911646586345382,1.0,33,32458.0,113.0,bidmc-33-w085-0100,85
101,32542,32809.0,33099,True,0.0,1.0,True,32542,32542,32737.0,32881.0,33099,33099,False,False,True,3.712,0.9587073608617595,1.0,33,32966.0,157.0,bidmc-33-w085-0101,85
102,33099,33403.0,33679,True,0.02737,1.0,True,33099,33099,33321.0,33485.0,33679,33679,False,False,True,4.752,0.9517241379310345,0.97263,33,33570.0,167.0,bidmc-33-w085-0102,85
104,33718,33900.0,33931,True,0.030303,0.99511,True,33713,33723,33899.0,33901.0,33931,33931,False,False,True,1.456,0.29107981220657275,0.9648070000000001,33,33986.0,86.0,bidmc-33-w085-0104,85
105,33931,34044.0,34291,True,0.036168,1.0,True,33931,33931,34017.0,34071.0,34291,34291,False,False,True,1.152,0.6277777777777778,0.963832,33,34156.0,112.0,bidmc-33-w085-0105,85
106,34291,34570.0,34818,True,0.0,1.0,True,34291,34291,34500.0,34641.0,34818,34818,False,False,True,4.208,0.9411764705882353,1.0,33,34726.0,156.0,bidmc-33-w085-0106,85
107,34818,35005.0,35051,True,0.0,0.88759,True,34818,34818,35005.0,35005.0,35051,35051,False,False,True,3.48,0.3948497854077253,0.88759,33,35090.0,85.0,bidmc-33-w085-0107,85
108,35051,35172.0,35398,True,0.016618,1.0,True,35051,35051,35143.0,35201.0,35398,35399,False,False,True,1.336,0.6974063400576369,0.983382,33,35286.0,114.0,bidmc-33-w085-0108,85
109,35398,35585.0,35597,True,0.0,0.90616,True,35398,35399,35583.0,35587.0,35597,35597,False,False,True,3.304,0.12060301507537685,0.90616,33,35672.0,87.0,bidmc-33-w085-0109,85
110,35597,35712.0,35929,True,0.0,1.0,True,35597,35597,35687.0,35737.0,35929,35929,False,False,True,1.016,0.6927710843373494,1.0,33,35822.0,110.0,bidmc-33-w085-0110,85
111,35929,36102.0,36106,True,0.0058651,0.72043,True,35929,35929,36101.0,36103.0,36106,36107,False,False,True,3.12,0.04519774011299438,0.7145649000000001,33,36188.0,86.0,bidmc-33-w085-0111,85
112,36106,36274.0,36482,True,0.0,1.0,True,36106,36107,36241.0,36307.0,36482,36482,False,False,True,1.376,0.8936170212765957,1.0,33,36392.0,118.0,bidmc-33-w085-0112,85
113,36482,36784.0,36965,True,0.0,1.0,True,36482,36482,36759.0,36809.0,36965,36965,False,False,True,4.08,0.7494824016563146,1.0,33,36894.0,110.0,bidmc-33-w085-0113,85
114,36965,37091.0,37131,True,0.0,0.64321,True,36965,36965,37091.0,37091.0,37131,37132,False,False,True,2.456,0.4819277108433735,0.64321,33,37176.0,85.0,bidmc-33-w085-0114,85
115,37131,37254.0,37452,True,0.0,1.0,True,37131,37132,37233.0,37275.0,37452,37452,False,False,True,1.304,0.7663551401869159,1.0,33,37360.0,106.0,bidmc-33-w085-0115,85
116,37452,37757.0,37965,True,0.0,1.0,True,37452,37452,37731.0,37783.0,37965,37966,False,False,True,4.024,0.8109161793372319,1.0,33,37868.0,111.0,bidmc-33-w085-0116,85
117,37965,38267.0,38505,True,0.0,1.0,True,37965,37966,38239.0,38295.0,38505,38505,False,False,True,4.08,0.8814814814814815,1.0,33,38380.0,113.0,bidmc-33-w085-0117,85
118,38505,38728.0,38753,True,0.0,0.87488,True,38505,38505,38728.0,38729.0,38753,38753,False,False,True,3.688,0.2016129032258065,0.87488,33,38814.0,86.0,bidmc-33-w085-0118,85
119,38753,38876.0,39105,True,0.0,1.0,True,38753,38753,38847.0,38906.0,39105,39105,False,False,True,1.184,0.6988636363636364,1.0,33,38991.0,115.0,bidmc-33-w085-0119,85
120,39105,39319.0,39321,True,0.0,0.86901,True,39105,39105,39319.0,39319.0,39321,39322,False,False,True,3.544,0.01851851851851849,0.86901,33,39404.0,85.0,bidmc-33-w085-0120,85
121,39321,39438.0,39667,True,0.0,1.0,True,39321,39322,39413.0,39463.0,39667,39667,False,False,True,0.952,0.676300578034682,1.0,33,39548.0,110.0,bidmc-33-w085-0121,85
122,39667,39869.0,39934,True,0.0,1.0,True,39667,39667,39853.0,39885.0,39898,39970,False,False,True,3.448,0.48689138576779023,1.0,33,39970.0,101.0,bidmc-33-w085-0122,85
123,39934,40015.0,40232,True,0.0,1.0,True,39898,39970,39983.0,40047.0,40232,40232,False,False,True,1.168,0.5436241610738255,1.0,33,40132.0,117.0,bidmc-33-w085-0123,85
124,40232,40443.0,40449,True,0.0,0.96188,True,40232,40232,40443.0,40443.0,40449,40449,False,False,True,3.424,0.055299539170506895,0.96188,33,40528.0,85.0,bidmc-33-w085-0124,85
125,40449,40595.0,40812,True,0.075269,1.0,True,40449,40449,40557.0,40633.0,40812,40812,False,False,True,1.216,0.8044077134986226,0.924731,33,40718.0,123.0,bidmc-33-w085-0125,85
126,40812,40834.0,40848,True,0.11339,0.15249,True,40812,40812,40833.0,40836.0,40848,40848,False,False,True,1.912,0.7777777777777778,0.03909999999999998,33,40921.0,87.0,bidmc-33-w085-0126,85
127,40848,41196.0,41355,True,0.0,1.0,True,40848,40848,41169.0,41223.0,41355,41355,False,False,True,2.896,0.6272189349112426,1.0,33,41308.0,112.0,bidmc-33-w085-0127,85
128,41355,41476.0,41519,True,0.0,0.81818,True,41355,41355,41475.0,41477.0,41519,41519,False,False,True,2.24,0.524390243902439,0.81818,33,41562.0,86.0,bidmc-33-w085-0128,85
129,41519,41646.0,41851,True,0.01173,1.0,True,41519,41519,41613.0,41679.0,41851,41851,False,False,True,1.36,0.7650602409638554,0.98827,33,41764.0,118.0,bidmc-33-w085-0129,85
130,41851,42000.0,42011,True,0.014663,0.70283,True,41851,41851,41999.0,42001.0,42011,42011,False,False,True,2.832,0.13749999999999996,0.688167,33,42086.0,86.0,bidmc-33-w085-0130,85
131,42011,42139.0,42351,True,0.0,1.0,True,42011,42011,42111.0,42168.0,42351,42351,False,False,True,1.112,0.7529411764705882,1.0,33,42253.0,114.0,bidmc-33-w085-0131,85
132,42351,42471.0,42534,True,0.0,0.7869,True,42351,42351,42471.0,42471.0,42534,42534,False,False,True,2.656,0.6885245901639344,0.7869,33,42556.0,85.0,bidmc-33-w085-0132,85
133,42534,42659.0,42852,True,0.0,1.0,True,42534,42534,42629.0,42689.0,42852,42852,False,False,True,1.504,0.7861635220125787,1.0,33,42774.0,115.0,bidmc-33-w085-0133,85
134,42852,42963.0,43010,True,0.0,0.64809,True,42852,42852,42963.0,42963.0,43010,43010,False,False,True,2.432,0.5949367088607596,0.64809,33,43048.0,85.0,bidmc-33-w085-0134,85
135,43010,43131.0,43331,True,0.0,1.0,True,43010,43010,43107.0,43155.0,43331,43332,False,False,True,1.344,0.7538940809968847,1.0,33,43240.0,109.0,bidmc-33-w085-0135,85
136,43331,43360.0,43382,True,0.16227,0.26197,True,43331,43332,43357.0,43363.0,43382,43382,False,False,True,1.832,0.8627450980392157,0.09969999999999998,33,43448.0,88.0,bidmc-33-w085-0136,85
137,43382,43505.0,43535,True,0.054741,0.73705,True,43382,43382,43505.0,43505.0,43535,43535,False,False,True,1.16,0.3921568627450981,0.6823089999999999,33,43590.0,85.0,bidmc-33-w085-0137,85
138,43535,43654.0,43827,True,0.0058651,1.0,True,43535,43535,43631.0,43677.0,43827,43827,False,False,True,1.192,0.815068493150685,0.9941349,33,43762.0,108.0,bidmc-33-w085-0138,85
139,43827,43951.0,44011,True,0.0,0.71945,True,43827,43827,43951.0,43951.0,44011,44011,False,False,True,2.376,0.6521739130434783,0.71945,33,44036.0,85.0,bidmc-33-w085-0139,85
140,44011,44146.0,44396,True,0.1173,1.0,True,44011,44011,44109.0,44183.0,44396,44396,False,False,True,1.56,0.7012987012987013,0.8827,33,44268.0,122.0,bidmc-33-w085-0140,85
141,44396,44512.0,44575,True,0.056696,0.51613,True,44396,44396,44511.0,44513.0,44575,44575,False,False,True,2.928,0.7039106145251397,0.45943399999999995,33,44598.0,86.0,bidmc-33-w085-0141,85
142,44575,44706.0,44917,True,0.035191,1.0,True,44575,44575,44677.0,44735.0,44917,44917,False,False,True,1.552,0.7660818713450293,0.964809,33,44820.0,114.0,bidmc-33-w085-0142,85
143,44917,45028.0,45088,True,0.020528,0.5914,True,44917,44917,45028.0,45029.0,45088,45088,False,False,True,2.576,0.7017543859649122,0.570872,33,45114.0,86.0,bidmc-33-w085-0143,85
144,45088,45212.0,45423,True,0.010753,1.0,True,45088,45088,45189.0,45235.0,45423,45423,False,False,True,1.472,0.7402985074626866,0.989247,33,45320.0,108.0,bidmc-33-w085-0144,85
145,45423,45555.0,45567,True,0.01564,0.58847,True,45423,45423,45555.0,45555.0,45567,45567,False,False,True,2.744,0.16666666666666663,0.5728300000000001,33,45640.0,85.0,bidmc-33-w085-0145,85
146,45567,45702.0,45895,True,0.0,1.0,True,45567,45567,45687.0,45717.0,45895,45895,False,False,True,1.176,0.8231707317073171,1.0,33,45802.0,100.0,bidmc-33-w085-0146,85
147,45895,46012.0,46048,True,0.0,0.67155,True,45895,45895,46011.0,46013.0,46048,46048,False,False,True,2.48,0.47058823529411764,0.67155,33,46098.0,86.0,bidmc-33-w085-0147,85
148,46048,46179.0,46369,True,0.0,1.0,True,46048,46048,46153.0,46205.0,46369,46369,False,False,True,1.336,0.8161993769470405,1.0,33,46290.0,111.0,bidmc-33-w085-0148,85
149,46369,46636.0,46895,True,0.0,1.0,True,46369,46369,46565.0,46707.0,46895,46895,False,False,True,3.656,0.9847908745247148,1.0,33,46792.0,156.0,bidmc-33-w085-0149,85
150,46895,47222.0,47464,True,0.0,1.0,True,46895,46895,47159.0,47285.0,47464,47464,False,False,True,4.688,0.8506151142355008,1.0,33,47370.0,148.0,bidmc-33-w085-0150,85
151,47464,47789.0,48001,True,0.0,1.0,True,47464,47464,47763.0,47815.0,48001,48001,False,False,True,4.536,0.7895716945996276,1.0,33,47900.0,111.0,bidmc-33-w085-0151,85
152,48001,48180.0,48195,True,0.0,0.88856,True,48001,48001,48179.0,48181.0,48195,48195,False,False,True,3.128,0.15463917525773196,0.88856,33,48266.0,86.0,bidmc-33-w085-0152,85
153,48195,48322.0,48574,True,0.0,1.0,True,48195,48195,48285.0,48359.0,48574,48575,False,False,True,1.136,0.6701846965699209,1.0,33,48444.0,122.0,bidmc-33-w085-0153,85
154,48574,48743.0,48789,True,0.0,0.94428,True,48574,48575,48743.0,48743.0,48789,48789,False,False,True,3.368,0.4279069767441861,0.94428,33,48828.0,85.0,bidmc-33-w085-0154,85
155,48789,48915.0,49130,True,0.0,1.0,True,48789,48789,48877.0,48953.0,49130,49130,False,False,True,1.376,0.7390029325513197,1.0,33,49038.0,123.0,bidmc-33-w085-0155,85
156,49130,49433.0,49669,True,0.0,1.0,True,49130,49130,49397.0,49469.0,49669,49669,False,False,True,4.144,0.8756957328385899,1.0,33,49554.0,121.0,bidmc-33-w085-0156,85
158,49828,49972.0,50189,True,0.0,1.0,True,49828,49829,49939.0,50005.0,50189,50189,False,False,True,1.152,0.7977839335180055,1.0,33,50090.0,118.0,bidmc-33-w085-0158,85
159,50189,50513.0,50832,True,0.0,1.0,True,50189,50189,50475.0,50551.0,50832,50833,False,False,True,4.328,0.9922239502332815,1.0,33,50636.0,123.0,bidmc-33-w085-0159,85
160,50832,51221.0,51458,True,0.0,1.0,True,50832,50833,51169.0,51273.0,51458,51458,False,False,True,5.664,0.7571884984025559,1.0,33,51358.0,137.0,bidmc-33-w085-0160,85
161,51458,51521.0,51573,True,0.084066,0.26588,True,51458,51458,51520.0,51523.0,51573,51573,False,False,True,2.4,0.9043478260869565,0.181814,33,51608.0,87.0,bidmc-33-w085-0161,85
162,51573,51708.0,51902,True,0.10948,0.94135,True,51573,51573,51707.0,51709.0,51902,51902,False,False,True,1.496,0.8206686930091185,0.83187,33,51794.0,86.0,bidmc-33-w085-0162,85
163,51902,52017.0,52144,True,0.0,0.50733,True,51902,51902,52017.0,52017.0,52144,52144,False,False,True,2.472,0.9504132231404958,0.50733,33,52102.0,85.0,bidmc-33-w085-0163,85
164,52144,52389.0,52623,True,0.0,0.73118,True,52144,52144,52389.0,52389.0,52623,52623,False,False,True,2.976,0.9770354906054279,0.73118,33,52474.0,85.0,bidmc-33-w085-0164,85
165,52623,52882.0,53067,True,0.0,1.0,True,52623,52623,52855.0,52909.0,53067,53067,False,False,True,3.944,0.8333333333333334,1.0,33,52994.0,112.0,bidmc-33-w085-0165,85
166,53067,53193.0,53245,True,0.0,0.73607,True,53067,53067,53192.0,53194.0,53245,53245,False,False,True,2.488,0.5842696629213483,0.73607,33,53279.0,86.0,bidmc-33-w085-0166,85
167,53245,53381.0,53533,True,0.0,1.0,True,53245,53245,53343.0,53419.0,53533,53533,False,False,True,1.504,0.9444444444444444,1.0,33,53504.0,123.0,bidmc-33-w085-0167,85
168,53533,53636.0,53718,True,0.0,0.87683,True,53533,53533,53635.0,53637.0,53718,53718,False,False,True,2.04,0.8864864864864865,0.87683,33,53722.0,86.0,bidmc-33-w085-0168,85
169,53718,53844.0,54041,True,0.0,1.0,True,53718,53718,53807.0,53881.0,54041,54041,False,False,True,1.664,0.7801857585139319,1.0,33,53966.0,122.0,bidmc-33-w085-0169,85
170,54041,54171.0,54260,True,0.0,1.0,True,54041,54041,54159.0,54183.0,54252,54268,False,False,True,2.616,0.812785388127854,1.0,33,54268.0,97.0,bidmc-33-w085-0170,85
171,54260,54378.0,54611,True,0.0,1.0,True,54252,54268,54337.0,54419.0,54611,54611,False,False,True,1.656,0.6723646723646723,1.0,33,54504.0,126.0,bidmc-33-w085-0171,85
172,54611,54729.0,54805,True,0.0,0.98827,True,54611,54611,54729.0,54729.0,54805,54805,False,False,True,2.808,0.7835051546391752,0.98827,33,54814.0,85.0,bidmc-33-w085-0172,85
173,54805,54920.0,55109,True,0.0,1.0,True,54805,54805,54891.0,54949.0,55109,55109,False,False,True,1.528,0.756578947368421,1.0,33,55034.0,114.0,bidmc-33-w085-0173,85
174,55109,55236.0,55289,True,0.0,0.96579,True,55109,55109,55236.0,55237.0,55289,55289,False,False,True,2.528,0.5888888888888889,0.96579,33,55322.0,86.0,bidmc-33-w085-0174,85
175,55289,55411.0,55656,True,0.0,1.0,True,55289,55289,55375.0,55447.0,55656,55656,False,False,True,1.4,0.6648501362397821,1.0,33,55532.0,121.0,bidmc-33-w085-0175,85
176,55656,55933.0,56248,True,0.0,1.0,True,55656,55656,55820.0,56047.0,56248,56248,False,False,True,4.176,0.9358108108108109,1.0,33,56132.0,199.0,bidmc-33-w085-0176,85
177,56248,56445.0,56519,True,0.0,1.0,True,56248,56248,56417.0,56473.0,56480,56558,False,False,True,4.096,0.5461254612546125,1.0,33,56558.0,113.0,bidmc-33-w085-0177,85
178,56519,56606.0,56868,True,0.037146,1.0,True,56480,56558,56565.0,56647.0,56868,56868,False,False,True,1.288,0.498567335243553,0.962854,33,56732.0,126.0,bidmc-33-w085-0178,85
179,56868,57149.0,57226,True,0.075269,1.0,True,56868,56868,57143.0,57155.0,57212,57240,False,False,True,4.344,0.4301675977653632,0.924731,33,57240.0,91.0,bidmc-33-w085-0179,85
180,57226,57327.0,57594,True,0.0,1.0,True,57212,57240,57297.0,57357.0,57594,57594,False,False,True,1.424,0.5489130434782609,1.0,33,57442.0,115.0,bidmc-33-w085-0180,85
181,57594,57791.0,57849,True,0.0,0.78397,True,57594,57594,57791.0,57791.0,57849,57849,False,False,True,3.712,0.4549019607843138,0.78397,33,57876.0,85.0,bidmc-33-w085-0181,85
182,57849,57973.0,58251,True,0.11535,1.0,True,57849,57849,57943.0,58003.0,58251,58252,False,False,True,1.456,0.6169154228855722,0.88465,33,58088.0,115.0,bidmc-33-w085-0182,85
183,58251,58424.0,58504,True,0.077224,0.77419,True,58251,58252,58421.0,58427.0,58504,58504,False,False,True,3.608,0.6324110671936759,0.6969660000000001,33,58512.0,88.0,bidmc-33-w085-0183,85
184,58504,58628.0,58937,True,0.084066,1.0,True,58504,58504,58601.0,58655.0,58937,58937,False,False,True,1.632,0.5727482678983833,0.915934,33,58740.0,112.0,bidmc-33-w085-0184,85
185,58937,59155.0,59184,True,0.098729,0.65787,True,58937,58937,59155.0,59156.0,59184,59184,False,False,True,4.216,0.23481781376518218,0.559141,33,59241.0,86.0,bidmc-33-w085-0185,85
186,59184,59316.0,59596,True,0.043011,1.0,True,59184,59184,59285.0,59347.0,59596,59596,False,False,True,1.288,0.6407766990291262,0.956989,33,59432.0,116.0,bidmc-33-w085-0186,85
187,59596,59831.0,59854,True,0.078201,0.76051,True,59596,59596,59829.0,59833.0,59854,59854,False,False,True,4.12,0.17829457364341084,0.682309,33,59918.0,87.0,bidmc-33-w085-0187,85
1,83,296.0,466,True,-0.59108,0.52045,True,83,83,293.0,299.0,466,467,False,False,True,,0.8877284595300261,1.1115300000000001,34,384.0,88.0,bidmc-34-w085-0001,85
2,466,762.0,925,True,-0.57993,0.44238,True,466,467,760.0,765.0,925,925,False,False,True,3.728,0.710239651416122,1.02231,34,850.0,88.0,bidmc-34-w085-0002,85
3,925,1099.0,1221,True,-0.53903,0.34572,True,925,925,1096.0,1103.0,1221,1221,False,False,True,2.696,0.8243243243243243,0.88475,34,1188.0,89.0,bidmc-34-w085-0003,85
4,1221,1477.0,1801,True,-0.81784,1.3309,True,1221,1221,1477.0,1477.0,1801,1801,False,False,True,3.024,0.8827586206896552,2.14874,34,1562.0,85.0,bidmc-34-w085-0004,85
5,1801,2085.0,2377,True,-0.74721,0.26394,True,1801,1801,2083.0,2088.0,2377,2378,False,False,True,4.864,0.9861111111111112,1.01115,34,2173.0,88.0,bidmc-34-w085-0005,85
7,2460,2718.0,2842,True,-0.53903,0.3829,True,2436,2485,2717.0,2720.0,2842,2842,False,False,True,2.064,0.6492146596858639,0.92193,34,2805.0,87.0,bidmc-34-w085-0007,85
8,2842,2954.0,3114,True,-0.59108,0.27509,True,2842,2842,2952.0,2957.0,3114,3115,False,False,True,1.888,0.8235294117647058,0.8661700000000001,34,3042.0,88.0,bidmc-34-w085-0008,85
9,3114,3345.0,3516,True,-0.59851,0.52416,True,3114,3115,3343.0,3347.0,3516,3516,False,False,True,3.128,0.8507462686567164,1.1226699999999998,34,3432.0,87.0,bidmc-34-w085-0009,85
10,3516,3734.0,3903,True,-0.57621,0.51673,True,3516,3516,3731.0,3737.0,3903,3904,False,False,True,3.112,0.8733850129198967,1.09294,34,3822.0,88.0,bidmc-34-w085-0010,85
11,3903,4137.0,4322,True,-0.56506,0.72491,True,3903,3904,4132.0,4143.0,4322,4323,False,False,True,3.224,0.883054892601432,1.28997,34,4228.0,91.0,bidmc-34-w085-0011,85
12,4322,4519.0,4690,True,-0.57249,0.5539,True,4322,4323,4517.0,4521.0,4690,4691,False,False,True,3.056,0.9293478260869565,1.12639,34,4606.0,87.0,bidmc-34-w085-0012,85
13,4690,4910.0,5082,True,-0.56877,0.57993,True,4690,4691,4908.0,4913.0,5082,5083,False,False,True,3.128,0.8775510204081632,1.1486999999999998,34,4998.0,88.0,bidmc-34-w085-0013,85
14,5082,5348.0,5522,True,-0.57249,0.50558,True,5082,5083,5347.0,5349.0,5522,5522,False,False,True,3.504,0.7909090909090909,1.07807,34,5434.0,86.0,bidmc-34-w085-0014,85
15,5522,5759.0,5943,True,-0.58364,0.47584,True,5522,5522,5759.0,5760.0,5943,5944,False,False,True,3.288,0.8741092636579573,1.05948,34,5845.0,86.0,bidmc-34-w085-0015,85
16,5943,6237.0,6426,True,-0.5539,0.43123,True,5943,5944,6233.0,6241.0,6426,6426,False,False,True,3.824,0.782608695652174,0.98513,34,6326.0,89.0,bidmc-34-w085-0016,85
17,6426,6689.0,6896,True,-0.56134,0.5316,True,6426,6426,6687.0,6691.0,6896,6897,False,False,True,3.616,0.8808510638297873,1.09294,34,6776.0,87.0,bidmc-34-w085-0017,85
18,6896,7152.0,7331,True,-0.56877,0.39033,True,6896,6897,7150.0,7155.0,7331,7332,False,False,True,3.704,0.8229885057471265,0.9591000000000001,34,7240.0,88.0,bidmc-34-w085-0018,85
19,7331,7556.0,7689,True,-0.5539,0.53903,True,7331,7332,7555.0,7558.0,7689,7689,False,False,True,3.232,0.7430167597765363,1.09293,34,7643.0,87.0,bidmc-34-w085-0019,85
20,7689,7830.0,8025,True,-0.5539,0.4461,True,7689,7689,7828.0,7833.0,8024,8026,False,False,True,2.192,0.8392857142857143,1.0,34,7918.0,88.0,bidmc-34-w085-0020,85
21,8025,8211.0,8385,True,-0.58364,0.35688,True,8024,8026,8209.0,8214.0,8385,8385,False,False,True,3.048,0.9666666666666667,0.94052,34,8299.0,88.0,bidmc-34-w085-0021,85
23,8482,8717.0,8877,True,-0.52788,0.41264,True,8476,8488,8717.0,8717.0,8877,8877,False,False,True,1.88,0.810126582278481,0.94052,34,8802.0,85.0,bidmc-34-w085-0023,85
24,8877,9053.0,9222,True,-0.53903,0.36059,True,8877,8877,9053.0,9053.0,9222,9223,False,False,True,2.688,0.9797101449275363,0.8996200000000001,34,9138.0,85.0,bidmc-34-w085-0024,85
27,9329,9550.0,9714,True,-0.53532,0.2974,True,9329,9330,9545.0,9555.0,9714,9714,False,False,True,1.768,0.851948051948052,0.83272,34,9640.0,90.0,bidmc-34-w085-0027,85
28,9714,9880.0,10035,True,-0.50186,0.27138,True,9714,9714,9879.0,9881.0,10035,10036,False,False,True,2.64,0.9657320872274143,0.7732399999999999,34,9966.0,86.0,bidmc-34-w085-0028,85
30,10089,10335.0,10504,True,-0.50186,0.31227,True,10087,10091,10333.0,10337.0,10504,10504,False,False,True,1.968,0.8144578313253013,0.81413,34,10422.0,87.0,bidmc-34-w085-0030,85
31,10504,10719.0,10956,True,-0.76208,0.29368,True,10504,10504,10717.0,10721.0,10956,10956,False,False,True,3.072,0.9513274336283186,1.05576,34,10806.0,87.0,bidmc-34-w085-0031,85
32,10956,11141.0,11233,True,-0.9368,1.3569,True,10956,10956,11141.0,11141.0,11233,11233,False,False,True,3.376,0.6642599277978339,2.2937,34,11226.0,85.0,bidmc-34-w085-0032,85
33,11233,11301.0,11469,True,-0.46097,0.79926,True,11233,11233,11298.0,11304.0,11469,11469,False,False,True,1.28,0.576271186440678,1.26023,34,11389.0,88.0,bidmc-34-w085-0033,85
34,11469,11557.0,11560,True,-0.27138,0.21561,True,11469,11469,11557.0,11557.0,11560,11560,False,False,True,2.048,0.06593406593406592,0.48699000000000003,34,11642.0,85.0,bidmc-34-w085-0034,85
35,11560,11667.0,11748,True,-0.23792,0.49071,True,11560,11560,11665.0,11669.0,11748,11748,False,False,True,0.88,0.8617021276595744,0.72863,34,11754.0,87.0,bidmc-34-w085-0035,85
36,11748,11858.0,12015,True,-0.69145,1.171,True,11748,11748,11857.0,11860.0,12015,12016,False,False,True,1.528,0.8239700374531835,1.86245,34,11945.0,87.0,bidmc-34-w085-0036,85
37,12015,12083.0,12096,True,-0.68401,-0.2342,True,12015,12016,12081.0,12085.0,12096,12096,False,False,True,1.8,0.32098765432098764,0.44981000000000004,34,12170.0,87.0,bidmc-34-w085-0037,85
38,12096,12267.0,12490,True,-0.58736,0.66543,True,12096,12096,12265.0,12269.0,12490,12490,False,False,True,1.472,0.868020304568528,1.25279,34,12354.0,87.0,bidmc-34-w085-0038,85
39,12490,12587.0,12795,True,-0.84758,0.35688,True,12490,12490,12585.0,12589.0,12795,12795,False,False,True,2.56,0.6360655737704918,1.20446,34,12674.0,87.0,bidmc-34-w085-0039,85
40,12795,12943.0,13033,True,-1.1599,0.25651,True,12795,12795,12943.0,12943.0,13033,13033,False,False,True,2.848,0.7563025210084033,1.41641,34,13028.0,85.0,bidmc-34-w085-0040,85
41,13033,13165.0,13290,True,-0.39405,0.42007,True,13033,13033,13162.0,13168.0,13290,13290,False,False,True,1.776,0.9727626459143969,0.81412,34,13253.0,88.0,bidmc-34-w085-0041,85
42,13290,13390.0,13760,True,-0.48327,0.28253,True,13290,13290,13387.0,13394.0,13760,13761,False,False,True,1.8,0.42553191489361697,0.7658,34,13479.0,89.0,bidmc-34-w085-0042,85
43,13760,13920.0,14069,True,-0.59108,0.26766,True,13760,13761,13918.0,13923.0,14069,14069,False,False,True,4.24,0.9644012944983819,0.8587400000000001,34,14008.0,88.0,bidmc-34-w085-0043,85
45,14148,14352.0,14516,True,-0.67286,0.28625,True,14147,14150,14350.0,14355.0,14516,14517,False,False,True,1.632,0.8913043478260869,0.95911,34,14440.0,88.0,bidmc-34-w085-0045,85
46,14516,14685.0,14846,True,-0.57249,0.45353,True,14516,14517,14685.0,14685.0,14846,14846,False,False,True,2.664,0.9757575757575757,1.02602,34,14770.0,85.0,bidmc-34-w085-0046,85
47,14846,15122.0,15245,True,-0.65428,0.45353,True,14846,14846,15120.0,15125.0,15245,15245,False,False,True,3.496,0.6165413533834587,1.10781,34,15210.0,88.0,bidmc-34-w085-0047,85
48,15245,15384.0,15527,True,-0.58736,0.42007,True,15245,15245,15382.0,15386.0,15527,15528,False,False,True,2.096,0.9858156028368794,1.00743,34,15471.0,87.0,bidmc-34-w085-0048,85
49,15527,15696.0,15854,True,-0.57249,0.76952,True,15527,15528,15696.0,15697.0,15854,15854,False,False,True,2.496,0.9663608562691132,1.3420100000000001,34,15782.0,86.0,bidmc-34-w085-0049,85
50,15854,16051.0,16216,True,-0.58364,0.56877,True,15854,15854,16048.0,16054.0,16216,16216,False,False,True,2.84,0.9116022099447514,1.1524100000000002,34,16139.0,88.0,bidmc-34-w085-0050,85
51,16216,16389.0,16545,True,-0.59108,0.43866,True,16216,16216,16389.0,16389.0,16545,16546,False,False,True,2.704,0.9483282674772037,1.02974,34,16474.0,85.0,bidmc-34-w085-0051,85
52,16545,16712.0,16872,True,-0.58364,0.37175,True,16545,16546,16711.0,16713.0,16872,16872,False,False,True,2.584,0.9785932721712538,0.9553900000000001,34,16798.0,86.0,bidmc-34-w085-0052,85
53,16872,17052.0,17237,True,-0.94424,0.41636,True,16872,16872,17050.0,17055.0,17237,17237,False,False,True,2.72,0.9863013698630136,1.3606,34,17140.0,88.0,bidmc-34-w085-0053,85
54,17237,17520.0,17681,True,-0.87732,0.45353,True,17237,17237,17517.0,17524.0,17681,17682,False,False,True,3.744,0.7252252252252251,1.3308499999999999,34,17609.0,89.0,bidmc-34-w085-0054,85
55,17681,17753.0,17777,True,-0.47584,-0.31227,True,17681,17682,17751.0,17755.0,17777,17778,False,False,True,1.864,0.5,0.16357,34,17840.0,87.0,bidmc-34-w085-0055,85
56,17777,17936.0,18092,True,-0.60595,0.53532,True,17777,17778,17935.0,17937.0,18092,18093,False,False,True,1.464,0.9904761904761905,1.14127,34,18022.0,86.0,bidmc-34-w085-0056,85
57,18092,18389.0,18555,True,-0.60223,0.46097,True,18092,18093,18389.0,18389.0,18555,18556,False,False,True,3.624,0.7170626349892009,1.0632000000000001,34,18474.0,85.0,bidmc-34-w085-0057,85
58,18555,18847.0,19014,True,-0.56506,0.42379,True,18555,18556,18845.0,18849.0,19014,19015,False,False,True,3.664,0.7276688453159041,0.98885,34,18934.0,87.0,bidmc-34-w085-0058,85
59,19014,19255.0,19422,True,-0.56134,0.63569,True,19014,19015,19253.0,19257.0,19422,19423,False,False,True,3.264,0.8186274509803921,1.1970299999999998,34,19342.0,87.0,bidmc-34-w085-0059,85
60,19422,19730.0,19893,True,-0.57621,0.63197,True,19422,19423,19729.0,19732.0,19893,19894,False,False,True,3.8,0.6921443736730362,1.20818,34,19817.0,87.0,bidmc-34-w085-0060,85
61,19893,20087.0,20256,True,-0.58364,0.48699,True,19893,19894,20085.0,20089.0,20256,20257,False,False,True,2.856,0.931129476584022,1.07063,34,20174.0,87.0,bidmc-34-w085-0061,85
62,20256,20483.0,20661,True,-0.5539,0.60223,True,20256,20257,20480.0,20487.0,20661,20662,False,False,True,3.168,0.8790123456790123,1.15613,34,20572.0,89.0,bidmc-34-w085-0062,85
63,20661,20960.0,21127,True,-0.57621,0.56506,True,20661,20662,20959.0,20961.0,21127,21128,False,False,True,3.816,0.7167381974248928,1.14127,34,21046.0,86.0,bidmc-34-w085-0063,85
64,21127,21387.0,21562,True,-0.57249,0.58736,True,21127,21128,21385.0,21389.0,21562,21562,False,False,True,3.416,0.8045977011494253,1.15985,34,21474.0,87.0,bidmc-34-w085-0064,85
65,21562,21765.0,21941,True,-0.55762,0.61338,True,21562,21562,21763.0,21767.0,21941,21942,False,False,True,3.024,0.9287598944591029,1.171,34,21852.0,87.0,bidmc-34-w085-0065,85
66,21941,22146.0,22317,True,-0.5539,0.4461,True,21941,21942,22144.0,22149.0,22317,22317,False,False,True,3.048,0.9095744680851063,1.0,34,22234.0,88.0,bidmc-34-w085-0066,85
67,22317,22526.0,22698,True,-0.56134,0.51301,True,22317,22317,22525.0,22527.0,22698,22698,False,False,True,3.04,0.9028871391076115,1.07435,34,22612.0,86.0,bidmc-34-w085-0067,85
68,22698,22893.0,23054,True,-0.57621,0.44238,True,22698,22698,22893.0,22893.0,23054,23055,False,False,True,2.936,0.9044943820224719,1.01859,34,22978.0,85.0,bidmc-34-w085-0068,85
69,23054,23272.0,23419,True,-0.54275,0.43494,True,23054,23055,23271.0,23274.0,23419,23420,False,False,True,3.032,0.8054794520547945,0.97769,34,23359.0,87.0,bidmc-34-w085-0069,85
70,23419,23475.0,23509,True,-0.47212,-0.32342,True,23419,23420,23472.0,23479.0,23509,23509,False,False,True,1.624,0.7555555555555555,0.1487,34,23564.0,89.0,bidmc-34-w085-0070,85
71,23509,23669.0,23831,True,-0.59108,0.50558,True,23509,23509,23669.0,23669.0,23831,23831,False,False,True,1.552,0.9937888198757764,1.09666,34,23754.0,85.0,bidmc-34-w085-0071,85
72,23831,23860.0,23869,True,-0.51301,-0.46097,True,23831,23831,23859.0,23861.0,23869,23870,False,False,True,1.528,0.4736842105263158,0.052039999999999975,34,23946.0,86.0,bidmc-34-w085-0072,85
73,23869,24049.0,24215,True,-0.55019,0.23048,True,23869,23870,24046.0,24052.0,24215,24216,False,False,True,1.512,0.9595375722543352,0.78067,34,24137.0,88.0,bidmc-34-w085-0073,85
74,24215,24468.0,24625,True,-0.5539,0.44981,True,24215,24216,24466.0,24471.0,24625,24626,False,False,True,3.352,0.7658536585365854,1.0037099999999999,34,24556.0,88.0,bidmc-34-w085-0074,85
75,24625,24956.0,25118,True,-0.57249,0.49071,True,24625,24626,24955.0,24957.0,25118,25119,False,False,True,3.904,0.6572008113590264,1.0632000000000001,34,25042.0,86.0,bidmc-34-w085-0075,85
76,25118,25402.0,25577,True,-0.56506,0.43494,True,25118,25119,25399.0,25405.0,25577,25578,False,False,True,3.568,0.7625272331154684,1.0,34,25490.0,88.0,bidmc-34-w085-0076,85
77,25577,25821.0,26005,True,-0.58364,0.39033,True,25577,25578,25819.0,25823.0,26005,26006,False,False,True,3.352,0.8598130841121495,0.97397,34,25908.0,87.0,bidmc-34-w085-0077,85
78,26005,26253.0,26429,True,-0.57249,0.63569,True,26005,26006,26251.0,26256.0,26429,26430,False,False,True,3.456,0.8301886792452831,1.20818,34,26341.0,88.0,bidmc-34-w085-0078,85
79,26429,26697.0,26878,True,-0.58364,0.66543,True,26429,26430,26695.0,26699.0,26878,26878,False,False,True,3.552,0.8062360801781737,1.2490700000000001,34,26784.0,87.0,bidmc-34-w085-0079,85
80,26878,27121.0,27293,True,-0.62082,0.62454,True,26878,26878,27119.0,27123.0,27293,27294,False,False,True,3.392,0.8289156626506025,1.24536,34,27208.0,87.0,bidmc-34-w085-0080,85
81,27293,27575.0,27748,True,-0.59108,0.71004,True,27293,27294,27575.0,27575.0,27748,27749,False,False,True,3.632,0.7604395604395604,1.30112,34,27660.0,85.0,bidmc-34-w085-0081,85
82,27748,27945.0,28118,True,-0.58736,0.48327,True,27748,27749,27943.0,27947.0,28118,28119,False,False,True,2.96,0.9351351351351351,1.07063,34,28032.0,87.0,bidmc-34-w085-0082,85
83,28118,28388.0,28560,True,-0.56877,0.5316,True,28118,28119,28385.0,28392.0,28560,28561,False,False,True,3.544,0.7782805429864253,1.1003699999999998,34,28477.0,89.0,bidmc-34-w085-0083,85
84,28560,28822.0,28993,True,-0.5948,0.5539,True,28560,28561,28820.0,28825.0,28993,28994,False,False,True,3.472,0.789838337182448,1.1486999999999998,34,28910.0,88.0,bidmc-34-w085-0084,85
85,28993,29245.0,29424,True,-0.58364,0.53532,True,28993,28994,29243.0,29247.0,29424,29424,False,False,True,3.384,0.8306264501160092,1.11896,34,29332.0,87.0,bidmc-34-w085-0085,85
86,29424,29675.0,29842,True,-0.56506,0.52045,True,29424,29424,29673.0,29677.0,29842,29842,False,False,True,3.44,0.799043062200957,1.08551,34,29762.0,87.0,bidmc-34-w085-0086,85
87,29842,30163.0,30341,True,-0.57621,0.44981,True,29842,29842,30163.0,30163.0,30340,30342,False,False,True,3.904,0.7134268537074149,1.02602,34,30248.0,85.0,bidmc-34-w085-0087,85
88,30341,30663.0,30830,True,-0.58364,0.49071,True,30340,30342,30659.0,30667.0,30830,30830,False,False,True,4.0,0.6830265848670757,1.07435,34,30752.0,89.0,bidmc-34-w085-0088,85
89,30830,31124.0,31307,True,-0.55019,0.51673,True,30830,30830,31121.0,31127.0,31307,31308,False,False,True,3.688,0.7672955974842768,1.06692,34,31212.0,88.0,bidmc-34-w085-0089,85
90,31307,31588.0,31765,True,-0.56506,0.56134,True,31307,31308,31587.0,31590.0,31765,31766,False,False,True,3.712,0.7729257641921398,1.1263999999999998,34,31675.0,87.0,bidmc-34-w085-0090,85
91,31765,32019.0,32204,True,-0.59108,0.60223,True,31765,31766,32015.0,32024.0,32204,32204,False,False,True,3.448,0.8428246013667426,1.19331,34,32109.0,90.0,bidmc-34-w085-0091,85
92,32204,32471.0,32637,True,-0.58736,0.54275,True,32204,32204,32469.0,32474.0,32637,32637,False,False,True,3.616,0.7667436489607391,1.13011,34,32559.0,88.0,bidmc-34-w085-0092,85
93,32637,32913.0,33092,True,-0.57993,0.60223,True,32637,32637,32913.0,32913.0,33092,33092,False,False,True,3.536,0.7868131868131868,1.18216,34,32998.0,85.0,bidmc-34-w085-0093,85
94,33092,33327.0,33508,True,-0.58736,0.62082,True,33092,33092,33324.0,33331.0,33508,33509,False,False,True,3.312,0.8701923076923077,1.20818,34,33416.0,89.0,bidmc-34-w085-0094,85
95,33508,33732.0,33902,True,-0.57621,0.63197,True,33508,33509,33730.0,33735.0,33902,33903,False,False,True,3.24,0.8629441624365483,1.20818,34,33820.0,88.0,bidmc-34-w085-0095,85
96,33902,34095.0,34263,True,-0.57993,0.60967,True,33902,33903,34095.0,34095.0,34263,34263,False,False,True,2.904,0.9307479224376731,1.1896,34,34180.0,85.0,bidmc-34-w085-0096,85
97,34263,34457.0,34622,True,-0.60595,0.5539,True,34263,34263,34456.0,34458.0,34622,34622,False,False,True,2.896,0.9192200557103064,1.15985,34,34543.0,86.0,bidmc-34-w085-0097,85
98,34622,34839.0,35008,True,-0.59108,0.4684,True,34622,34622,34839.0,34839.0,35008,35008,False,False,True,3.056,0.8756476683937824,1.05948,34,34924.0,85.0,bidmc-34-w085-0098,85
99,35008,35291.0,35461,True,-0.5948,0.49071,True,35008,35008,35291.0,35291.0,35461,35462,False,False,True,3.616,0.750551876379691,1.08551,34,35376.0,85.0,bidmc-34-w085-0099,85
100,35461,35719.0,35893,True,-0.59851,0.47955,True,35461,35462,35717.0,35721.0,35893,35894,False,False,True,3.424,0.8055555555555556,1.07806,34,35806.0,87.0,bidmc-34-w085-0100,85
101,35893,36177.0,36348,True,-0.5539,0.31599,True,35893,35894,36176.0,36179.0,36347,36349,False,False,True,3.664,0.7516483516483516,0.8698899999999999,34,36264.0,87.0,bidmc-34-w085-0101,85
102,36348,36682.0,36843,True,-0.57249,0.41264,True,36347,36349,36680.0,36685.0,36843,36844,False,False,True,4.04,0.6505050505050505,0.9851300000000001,34,36770.0,88.0,bidmc-34-w085-0102,85
103,36843,37181.0,37346,True,-0.52788,0.27881,True,36843,36844,37177.0,37186.0,37346,37347,False,False,True,3.992,0.6560636182902584,0.80669,34,37271.0,90.0,bidmc-34-w085-0103,85
104,37346,37659.0,37823,True,-0.5948,0.55019,True,37346,37347,37657.0,37662.0,37823,37824,False,False,True,3.824,0.6876310272536688,1.14499,34,37747.0,88.0,bidmc-34-w085-0104,85
105,37823,38086.0,38262,True,-0.58364,0.4052,True,37823,37824,38083.0,38089.0,38262,38262,False,False,True,3.416,0.8018223234624146,0.98884,34,38174.0,88.0,bidmc-34-w085-0105,85
106,38262,38508.0,38684,True,-0.57249,0.52788,True,38262,38262,38507.0,38509.0,38684,38685,False,False,True,3.376,0.8341232227488151,1.10037,34,38594.0,86.0,bidmc-34-w085-0106,85
107,38684,38974.0,39152,True,-0.58364,0.48699,True,38684,38685,38972.0,38977.0,39152,39153,False,False,True,3.728,0.7606837606837606,1.07063,34,39062.0,88.0,bidmc-34-w085-0107,85
108,39152,39420.0,39575,True,-0.5316,0.28625,True,39152,39153,39417.0,39423.0,39575,39575,False,False,True,3.568,0.7328605200945626,0.81785,34,39508.0,88.0,bidmc-34-w085-0108,85
109,39575,39874.0,40066,True,-0.54647,0.43123,True,39575,39575,39871.0,39877.0,40065,40067,False,False,True,3.632,0.7820773930753564,0.9777,34,39962.0,88.0,bidmc-34-w085-0109,85
110,40066,40337.0,40541,True,-0.54647,0.49442,True,40065,40067,40333.0,40341.0,40541,40542,False,False,True,3.704,0.8589473684210527,1.04089,34,40426.0,89.0,bidmc-34-w085-0110,85
111,40541,40773.0,40947,True,-0.58736,0.50929,True,40541,40542,40773.0,40773.0,40947,40947,False,False,True,3.488,0.8571428571428572,1.09665,34,40858.0,85.0,bidmc-34-w085-0111,85
112,40947,41207.0,41374,True,-0.60595,0.42007,True,40947,40947,41205.0,41210.0,41374,41374,False,False,True,3.472,0.7822014051522248,1.02602,34,41295.0,88.0,bidmc-34-w085-0112,85
113,41374,41669.0,41836,True,-0.57621,0.32342,True,41374,41374,41666.0,41672.0,41836,41837,False,False,True,3.696,0.722943722943723,0.8996299999999999,34,41757.0,88.0,bidmc-34-w085-0113,85
114,41836,42119.0,42320,True,-0.51673,0.56134,True,41836,41837,42115.0,42123.0,42320,42321,False,False,True,3.6,0.8305785123966942,1.0780699999999999,34,42208.0,89.0,bidmc-34-w085-0114,85
115,42320,42553.0,42736,True,-0.52416,0.50186,True,42320,42321,42550.0,42557.0,42736,42737,False,False,True,3.472,0.8798076923076923,1.02602,34,42642.0,89.0,bidmc-34-w085-0115,85
116,42736,43023.0,43168,True,-0.58736,0.22677,True,42736,42737,43020.0,43027.0,43168,43168,False,False,True,3.76,0.6712962962962963,0.81413,34,43112.0,89.0,bidmc-34-w085-0116,85
117,43168,43450.0,43602,True,-0.6171,0.27138,True,43168,43168,43449.0,43451.0,43602,43603,False,False,True,3.416,0.7004608294930876,0.8884799999999999,34,43536.0,86.0,bidmc-34-w085-0117,85
118,43602,43921.0,44072,True,-0.57621,0.24164,True,43602,43603,43919.0,43923.0,44072,44072,False,False,True,3.768,0.6425531914893616,0.81785,34,44008.0,87.0,bidmc-34-w085-0118,85
119,44072,44384.0,44543,True,-0.60595,0.39033,True,44072,44072,44383.0,44385.0,44543,44543,False,False,True,3.704,0.6751592356687899,0.99628,34,44470.0,86.0,bidmc-34-w085-0119,85
120,44543,44813.0,44989,True,-0.56134,0.58364,True,44543,44543,44813.0,44813.0,44989,44990,False,False,True,3.432,0.789237668161435,1.1449799999999999,34,44898.0,85.0,bidmc-34-w085-0120,85
121,44989,45209.0,45372,True,-0.61338,0.44238,True,44989,44990,45208.0,45211.0,45372,45372,False,False,True,3.168,0.8511749347258486,1.05576,34,45296.0,87.0,bidmc-34-w085-0121,85
122,45372,45613.0,45782,True,-0.6171,0.56506,True,45372,45372,45610.0,45616.0,45782,45782,False,False,True,3.232,0.8243902439024391,1.18216,34,45701.0,88.0,bidmc-34-w085-0122,85
123,45782,46027.0,46195,True,-0.57249,0.51673,True,45782,45782,46027.0,46027.0,46195,46196,False,False,True,3.312,0.8135593220338984,1.08922,34,46112.0,85.0,bidmc-34-w085-0123,85
124,46195,46446.0,46604,True,-0.60967,0.4461,True,46195,46196,46445.0,46447.0,46604,46604,False,False,True,3.352,0.7726161369193154,1.05577,34,46532.0,86.0,bidmc-34-w085-0124,85
125,46604,46865.0,47031,True,-0.60223,0.49442,True,46604,46604,46863.0,46868.0,47031,47032,False,False,True,3.352,0.7775175644028103,1.0966500000000001,34,46953.0,88.0,bidmc-34-w085-0125,85
126,47031,47287.0,47456,True,-0.56134,0.43866,True,47031,47032,47283.0,47292.0,47456,47456,False,False,True,3.376,0.7952941176470588,1.0,34,47377.0,90.0,bidmc-34-w085-0126,85
127,47456,47747.0,47914,True,-0.57993,0.41264,True,47456,47456,47743.0,47751.0,47914,47914,False,False,True,3.68,0.7292576419213974,0.99257,34,47836.0,89.0,bidmc-34-w085-0127,85
128,47914,48203.0,48373,True,-0.56506,0.4684,True,47914,47914,48201.0,48205.0,48373,48374,False,False,True,3.648,0.7407407407407407,1.03346,34,48290.0,87.0,bidmc-34-w085-0128,85
129,48373,48710.0,48889,True,-0.58736,0.47212,True,48373,48374,48706.0,48714.0,48889,48890,False,False,True,4.056,0.6937984496124031,1.05948,34,48799.0,89.0,bidmc-34-w085-0129,85
130,48889,49180.0,49354,True,-0.59851,0.3829,True,48889,48890,49179.0,49181.0,49354,49354,False,False,True,3.76,0.7483870967741936,0.98141,34,49266.0,86.0,bidmc-34-w085-0130,85
131,49354,49628.0,49797,True,-0.59108,0.36803,True,49354,49354,49627.0,49629.0,49797,49797,False,False,True,3.584,0.7629796839729119,0.9591100000000001,34,49714.0,86.0,bidmc-34-w085-0131,85
132,49797,50095.0,50264,True,-0.57249,0.44981,True,49797,49797,50092.0,50099.0,50264,50264,False,False,True,3.736,0.7237687366167024,1.0223,34,50184.0,89.0,bidmc-34-w085-0132,85
133,50264,50513.0,50682,True,-0.54275,0.5539,True,50264,50264,50509.0,50517.0,50682,50683,False,False,True,3.344,0.8086124401913876,1.09665,34,50602.0,89.0,bidmc-34-w085-0133,85
134,50682,50931.0,51101,True,-0.56506,0.41264,True,50682,50683,50926.0,50936.0,51101,51102,False,False,True,3.344,0.8114558472553699,0.9777,34,51021.0,90.0,bidmc-34-w085-0134,85
135,51101,51375.0,51550,True,-0.60223,0.43866,True,51101,51102,51371.0,51379.0,51550,51550,False,False,True,3.552,0.779510022271715,1.04089,34,51464.0,89.0,bidmc-34-w085-0135,85
136,51550,51858.0,52033,True,-0.54275,0.47955,True,51550,51550,51857.0,51860.0,52033,52034,False,False,True,3.864,0.7246376811594203,1.0223,34,51945.0,87.0,bidmc-34-w085-0136,85
137,52033,52127.0,52168,True,-0.47955,-0.42379,True,52033,52034,52125.0,52130.0,52168,52168,False,False,True,2.152,0.6074074074074074,0.055759999999999976,34,52215.0,88.0,bidmc-34-w085-0137,85
138,52168,52366.0,52552,True,-0.59851,0.36803,True,52168,52168,52363.0,52369.0,52551,52553,False,False,True,1.912,0.96875,0.96654,34,52454.0,88.0,bidmc-34-w085-0138,85
139,52552,52862.0,53041,True,-0.57993,0.42007,True,52551,52553,52859.0,52866.0,53041,53041,False,False,True,3.968,0.7321063394683027,1.0,34,52951.0,89.0,bidmc-34-w085-0139,85
140,53041,53370.0,53533,True,-0.59108,0.36431,True,53041,53041,53367.0,53373.0,53533,53533,False,False,True,4.064,0.6626016260162602,0.9553900000000001,34,53458.0,88.0,bidmc-34-w085-0140,85
141,53533,53873.0,54079,True,-0.60223,0.52416,True,53533,53533,53873.0,53873.0,54079,54080,False,False,True,4.024,0.7545787545787546,1.12639,34,53958.0,85.0,bidmc-34-w085-0141,85
142,54079,54347.0,54515,True,-0.57621,0.36803,True,54079,54080,54346.0,54349.0,54515,54515,False,False,True,3.792,0.7706422018348624,0.94424,34,54434.0,87.0,bidmc-34-w085-0142,85
143,54515,54779.0,54954,True,-0.56877,0.39777,True,54515,54515,54775.0,54783.0,54954,54955,False,False,True,3.456,0.7972665148063781,0.96654,34,54868.0,89.0,bidmc-34-w085-0143,85
144,54954,55215.0,55389,True,-0.56877,0.36803,True,54954,54955,55211.0,55219.0,55389,55390,False,False,True,3.488,0.8,0.9368000000000001,34,55304.0,89.0,bidmc-34-w085-0144,85
145,55389,55692.0,55855,True,-0.56877,0.42751,True,55389,55390,55688.0,55696.0,55855,55856,False,False,True,3.816,0.6995708154506437,0.99628,34,55781.0,89.0,bidmc-34-w085-0145,85
146,55855,56131.0,56305,True,-0.56506,0.42751,True,55855,55856,56127.0,56135.0,56305,56306,False,False,True,3.512,0.7733333333333333,0.99257,34,56220.0,89.0,bidmc-34-w085-0146,85
147,56305,56578.0,56749,True,-0.56877,0.41264,True,56305,56306,56577.0,56579.0,56749,56749,False,False,True,3.576,0.7702702702702703,0.98141,34,56664.0,86.0,bidmc-34-w085-0147,85
148,56749,57022.0,57184,True,-0.58736,0.39033,True,56749,56749,57020.0,57025.0,57184,57185,False,False,True,3.552,0.7448275862068965,0.97769,34,57110.0,88.0,bidmc-34-w085-0148,85
149,57184,57440.0,57614,True,-0.57249,0.3829,True,57184,57185,57438.0,57443.0,57614,57615,False,False,True,3.344,0.8093023255813954,0.9553900000000001,34,57528.0,88.0,bidmc-34-w085-0149,85
150,57614,57898.0,58060,True,-0.57621,0.34572,True,57614,57615,57897.0,57899.0,58060,58060,False,False,True,3.664,0.726457399103139,0.92193,34,57984.0,86.0,bidmc-34-w085-0150,85
151,58060,58354.0,58515,True,-0.56877,0.28625,True,58060,58060,58351.0,58357.0,58515,58515,False,False,True,3.648,0.7076923076923076,0.85502,34,58442.0,88.0,bidmc-34-w085-0151,85
152,58515,58841.0,59003,True,-0.57249,0.31599,True,58515,58515,58837.0,58845.0,59003,59004,False,False,True,3.896,0.6639344262295082,0.88848,34,58930.0,89.0,bidmc-34-w085-0152,85
153,59003,59311.0,59470,True,-0.57993,0.36431,True,59003,59004,59309.0,59313.0,59470,59471,False,False,True,3.76,0.6809421841541756,0.94424,34,59398.0,87.0,bidmc-34-w085-0153,85
1,144,368.0,596,True,0.0,1.0,True,120,168,282.0,454.0,566,626,False,False,True,,0.9911504424778761,1.0,35,539.0,171.0,bidmc-35-w085-0001,85
2,596,807.0,989,True,0.0,1.0,True,566,626,732.0,882.0,986,992,False,False,True,3.512,0.9262086513994912,1.0,35,967.0,160.0,bidmc-35-w085-0002,85
3,989,1159.0,1382,True,0.0,1.0,True,986,992,1094.0,1224.0,1348,1416,False,False,True,2.816,0.8651399491094147,1.0,35,1309.0,150.0,bidmc-35-w085-0003,85
4,1382,1606.0,1773,True,0.0,1.0,True,1348,1416,1520.0,1692.0,1769,1777,False,False,True,3.576,0.8542199488491049,1.0,35,1777.0,171.0,bidmc-35-w085-0004,85
5,1773,1907.0,2082,True,0.0,1.0,True,1769,1777,1854.0,1960.0,2066,2098,False,False,True,2.408,0.8673139158576052,1.0,35,2045.0,138.0,bidmc-35-w085-0005,85
6,2082,2294.0,2430,True,0.0,0.78397,True,2066,2098,2294.0,2294.0,2430,2430,False,False,True,3.096,0.7816091954022988,0.78397,35,2379.0,85.0,bidmc-35-w085-0006,85
7,2430,2638.0,2888,True,0.0,1.0,True,2430,2430,2542.0,2734.0,2850,2926,False,False,True,2.752,0.9082969432314411,1.0,35,2819.0,181.0,bidmc-35-w085-0007,85
8,2888,3106.0,3307,True,0.0,1.0,True,2850,2926,3046.0,3166.0,3268,3346,False,False,True,3.744,0.9594272076372315,1.0,35,3251.0,145.0,bidmc-35-w085-0008,85
9,3307,3557.0,3790,True,0.0,1.0,True,3268,3346,3464.0,3650.0,3756,3824,False,False,True,3.608,0.9648033126293996,1.0,35,3735.0,178.0,bidmc-35-w085-0009,85
10,3790,4020.0,4254,True,0.0,1.0,True,3756,3824,3942.0,4098.0,4220,4288,False,False,True,3.704,0.9913793103448276,1.0,35,4183.0,163.0,bidmc-35-w085-0010,85
11,4254,4445.0,4577,True,0.0,1.0,True,4220,4288,4406.0,4484.0,4577,4577,False,False,True,3.4,0.8173374613003096,1.0,35,4569.0,124.0,bidmc-35-w085-0011,85
12,4577,4618.0,4701,True,0.0,0.58065,True,4577,4577,4618.0,4618.0,4701,4701,False,False,True,1.384,0.6612903225806452,0.58065,35,4703.0,85.0,bidmc-35-w085-0012,85
13,4701,5004.0,5302,True,0.0,1.0,True,4701,4701,4796.0,5212.0,5302,5302,False,False,True,3.088,0.9916805324459235,1.0,35,5297.0,293.0,bidmc-35-w085-0013,85
14,5302,5426.0,5565,True,0.0,1.0,True,5302,5302,5418.0,5434.0,5534,5596,False,False,True,3.376,0.9429657794676806,1.0,35,5519.0,93.0,bidmc-35-w085-0014,85
15,5565,5780.0,6019,True,0.0,1.0,True,5534,5596,5708.0,5852.0,5966,6072,False,False,True,2.832,0.947136563876652,1.0,35,5937.0,157.0,bidmc-35-w085-0015,85
16,6019,6272.0,6447,True,0.0,1.0,True,5966,6072,6200.0,6344.0,6447,6447,False,False,True,3.936,0.8177570093457944,1.0,35,6429.0,157.0,bidmc-35-w085-0016,85
17,6447,6541.0,6573,True,0.0,0.13001,True,6447,6447,6540.0,6542.0,6573,6573,False,False,True,2.152,0.5079365079365079,0.13001,35,6627.0,86.0,bidmc-35-w085-0017,85
18,6573,6684.0,6823,True,0.0,0.63148,True,6573,6573,6684.0,6684.0,6823,6823,False,False,True,1.144,0.888,0.63148,35,6769.0,85.0,bidmc-35-w085-0018,85
19,6823,7005.0,7246,True,0.0,1.0,True,6823,6823,6922.0,7088.0,7220,7272,False,False,True,2.568,0.8605200945626478,1.0,35,7173.0,168.0,bidmc-35-w085-0019,85
20,7246,7483.0,7716,True,0.0,1.0,True,7220,7272,7404.0,7562.0,7688,7744,False,False,True,3.824,0.9914893617021276,1.0,35,7647.0,164.0,bidmc-35-w085-0020,85
21,7716,7915.0,8133,True,0.0,1.0,True,7688,7744,7852.0,7978.0,8084,8182,False,False,True,3.456,0.9544364508393285,1.0,35,8063.0,148.0,bidmc-35-w085-0021,85
22,8133,8382.0,8636,True,0.0,1.0,True,8084,8182,8294.0,8470.0,8596,8676,False,False,True,3.736,0.9900596421471173,1.0,35,8555.0,173.0,bidmc-35-w085-0022,85
23,8636,8870.0,9120,True,0.0,1.0,True,8596,8676,8788.0,8952.0,9082,9158,False,False,True,3.904,0.9669421487603306,1.0,35,9037.0,167.0,bidmc-35-w085-0023,85
24,9120,9344.0,9583,True,0.0,1.0,True,9082,9158,9262.0,9426.0,9540,9626,False,False,True,3.792,0.9676025917926566,1.0,35,9511.0,167.0,bidmc-35-w085-0024,85
25,9583,9801.0,10021,True,0.0,1.0,True,9540,9626,9726.0,9876.0,9982,10060,False,False,True,3.656,0.995433789954338,1.0,35,9961.0,160.0,bidmc-35-w085-0025,85
26,10021,10247.0,10478,True,0.0,1.0,True,9982,10060,10162.0,10332.0,10444,10512,False,False,True,3.568,0.9890590809628009,1.0,35,10417.0,170.0,bidmc-35-w085-0026,85
27,10478,10688.0,10907,True,0.0,1.0,True,10444,10512,10616.0,10760.0,10872,10942,False,False,True,3.528,0.9790209790209791,1.0,35,10845.0,157.0,bidmc-35-w085-0027,85
28,10907,11139.0,11391,True,0.0,1.0,True,10872,10942,11046.0,11232.0,11368,11414,False,False,True,3.608,0.9586776859504132,1.0,35,11317.0,178.0,bidmc-35-w085-0028,85
29,11391,11590.0,11830,True,0.0,1.0,True,11368,11414,11520.0,11660.0,11786,11874,False,False,True,3.608,0.9066059225512528,1.0,35,11745.0,155.0,bidmc-35-w085-0029,85
30,11830,12084.0,12342,True,0.0,1.0,True,11786,11874,11982.0,12186.0,12302,12382,False,False,True,3.952,0.9921875,1.0,35,12271.0,187.0,bidmc-35-w085-0030,85
31,12342,12570.0,12800,True,0.0,1.0,True,12302,12382,12484.0,12656.0,12772,12828,False,False,True,3.888,0.9956331877729258,1.0,35,12741.0,171.0,bidmc-35-w085-0031,85
32,12800,13026.0,13274,True,0.0,1.0,True,12772,12828,12932.0,13120.0,13248,13300,False,False,True,3.648,0.9535864978902954,1.0,35,13205.0,179.0,bidmc-35-w085-0032,85
33,13274,13493.0,13747,True,0.0,1.0,True,13248,13300,13404.0,13582.0,13714,13780,False,False,True,3.736,0.9260042283298098,1.0,35,13667.0,174.0,bidmc-35-w085-0033,85
34,13747,13979.0,14210,True,0.0,1.0,True,13714,13780,13894.0,14064.0,14182,14238,False,False,True,3.888,0.9978401727861771,1.0,35,14149.0,170.0,bidmc-35-w085-0034,85
35,14210,14428.0,14659,True,0.0,1.0,True,14182,14238,14342.0,14514.0,14630,14688,False,False,True,3.592,0.9710467706013363,1.0,35,14599.0,171.0,bidmc-35-w085-0035,85
36,14659,14881.0,15113,True,0.0,1.0,True,14630,14688,14790.0,14972.0,15092,15134,False,False,True,3.624,0.9779735682819384,1.0,35,15057.0,176.0,bidmc-35-w085-0036,85
37,15113,15337.0,15579,True,0.0,1.0,True,15092,15134,15238.0,15436.0,15548,15610,False,False,True,3.648,0.9613733905579399,1.0,35,15521.0,184.0,bidmc-35-w085-0037,85
38,15579,15803.0,16052,True,0.0,1.0,True,15548,15610,15712.0,15894.0,16016,16088,False,False,True,3.728,0.9471458773784355,1.0,35,15979.0,176.0,bidmc-35-w085-0038,85
39,16052,16262.0,16471,True,0.0,1.0,True,16016,16088,16190.0,16334.0,16438,16504,False,False,True,3.672,0.9976133651551312,1.0,35,16419.0,157.0,bidmc-35-w085-0039,85
40,16471,16677.0,16888,True,0.0,1.0,True,16438,16504,16606.0,16748.0,16856,16920,False,False,True,3.32,0.988009592326139,1.0,35,16833.0,156.0,bidmc-35-w085-0040,85
41,16888,17098.0,17310,True,0.0,1.0,True,16856,16920,17022.0,17174.0,17282,17338,False,False,True,3.368,0.995260663507109,1.0,35,17259.0,161.0,bidmc-35-w085-0041,85
42,17310,17521.0,17752,True,0.0,1.0,True,17282,17338,17440.0,17602.0,17722,17782,False,False,True,3.384,0.9547511312217195,1.0,35,17687.0,166.0,bidmc-35-w085-0042,85
43,17752,17977.0,18206,True,0.0,1.0,True,17722,17782,17886.0,18068.0,18184,18228,False,False,True,3.648,0.9911894273127754,1.0,35,18153.0,176.0,bidmc-35-w085-0043,85
44,18206,18408.0,18628,True,0.0,1.0,True,18184,18228,18334.0,18482.0,18602,18654,False,False,True,3.448,0.957345971563981,1.0,35,18567.0,159.0,bidmc-35-w085-0044,85
45,18628,18828.0,19054,True,0.0,1.0,True,18602,18654,18756.0,18900.0,19010,19098,False,False,True,3.36,0.9389671361502347,1.0,35,18985.0,157.0,bidmc-35-w085-0045,85
46,19054,19274.0,19506,True,0.0,1.0,True,19010,19098,19202.0,19346.0,19462,19550,False,False,True,3.568,0.9734513274336283,1.0,35,19431.0,157.0,bidmc-35-w085-0046,85
47,19506,19710.0,19927,True,0.0,1.0,True,19462,19550,19658.0,19762.0,19896,19958,False,False,True,3.488,0.9691211401425178,1.0,35,19847.0,137.0,bidmc-35-w085-0047,85
48,19927,20147.0,20347,True,0.0,1.0,True,19896,19958,20060.0,20234.0,20342,20352,False,False,True,3.496,0.9523809523809523,1.0,35,20319.0,172.0,bidmc-35-w085-0048,85
49,20347,20498.0,20670,True,0.0,1.0,True,20342,20352,20452.0,20544.0,20650,20690,False,False,True,2.808,0.934984520123839,1.0,35,20629.0,131.0,bidmc-35-w085-0049,85
50,20670,20866.0,21077,True,0.0,1.0,True,20650,20690,20794.0,20938.0,21044,21110,False,False,True,2.944,0.9631449631449631,1.0,35,21023.0,157.0,bidmc-35-w085-0050,85
51,21077,21261.0,21483,True,0.0,1.0,True,21044,21110,21210.0,21312.0,21412,21554,False,False,True,3.16,0.9064039408866995,1.0,35,21397.0,136.0,bidmc-35-w085-0051,85
52,21483,21765.0,22014,True,0.0,1.0,True,21412,21554,21670.0,21860.0,21972,22056,False,False,True,4.032,0.9378531073446328,1.0,35,21945.0,180.0,bidmc-35-w085-0052,85
53,22014,22259.0,22526,True,0.0,1.0,True,21972,22056,22160.0,22358.0,22482,22570,False,False,True,3.952,0.95703125,1.0,35,22443.0,184.0,bidmc-35-w085-0053,85
54,22526,22766.0,23012,True,0.0,1.0,True,22482,22570,22674.0,22858.0,22974,23050,False,False,True,4.056,0.9876543209876543,1.0,35,22943.0,177.0,bidmc-35-w085-0054,85
55,23012,23248.0,23486,True,0.0,1.0,True,22974,23050,23154.0,23342.0,23456,23516,False,False,True,3.856,0.9957805907172996,1.0,35,23427.0,179.0,bidmc-35-w085-0055,85
56,23486,23708.0,23966,True,0.0,1.0,True,23456,23516,23618.0,23798.0,23904,24028,False,False,True,3.68,0.925,1.0,35,23883.0,175.0,bidmc-35-w085-0056,85
57,23966,24175.0,24277,True,0.0,1.0,True,23904,24028,24130.0,24220.0,24249,24305,False,False,True,3.736,0.6559485530546624,1.0,35,24305.0,130.0,bidmc-35-w085-0057,85
58,24277,24409.0,24640,True,0.0,1.0,True,24249,24305,24334.0,24484.0,24584,24696,False,False,True,1.872,0.7272727272727273,1.0,35,24569.0,160.0,bidmc-35-w085-0058,85
59,24640,24881.0,25108,True,0.0,1.0,True,24584,24696,24800.0,24962.0,25074,25142,False,False,True,3.776,0.9700854700854701,1.0,35,25047.0,166.0,bidmc-35-w085-0059,85
60,25108,25334.0,25563,True,0.0,1.0,True,25074,25142,25256.0,25412.0,25522,25604,False,False,True,3.624,0.9934065934065934,1.0,35,25497.0,163.0,bidmc-35-w085-0060,85
61,25563,25776.0,25959,True,0.0,1.0,True,25522,25604,25708.0,25844.0,25948,25970,False,False,True,3.536,0.9242424242424242,1.0,35,25929.0,153.0,bidmc-35-w085-0061,85
62,25959,26237.0,26455,True,0.0,1.0,True,25948,25970,26176.0,26298.0,26398,26512,False,False,True,3.688,0.8790322580645161,1.0,35,26383.0,146.0,bidmc-35-w085-0062,85
63,26455,26701.0,26934,True,0.0,1.0,True,26398,26512,26618.0,26784.0,26898,26970,False,False,True,3.712,0.9728601252609603,1.0,35,26869.0,168.0,bidmc-35-w085-0063,85
64,26934,27152.0,27388,True,0.0,1.0,True,26898,26970,27072.0,27232.0,27342,27434,False,False,True,3.608,0.960352422907489,1.0,35,27317.0,165.0,bidmc-35-w085-0064,85
65,27388,27600.0,27807,True,0.0,1.0,True,27342,27434,27536.0,27664.0,27766,27848,False,False,True,3.584,0.9880668257756563,1.0,35,27749.0,149.0,bidmc-35-w085-0065,85
66,27807,28023.0,28222,True,0.0,1.0,True,27766,27848,27952.0,28094.0,28196,28248,False,False,True,3.384,0.9590361445783132,1.0,35,28179.0,156.0,bidmc-35-w085-0066,85
67,28222,28414.0,28605,True,0.0,1.0,True,28196,28248,28352.0,28476.0,28580,28630,False,False,True,3.128,0.9973890339425587,1.0,35,28561.0,147.0,bidmc-35-w085-0067,85
68,28605,28792.0,29008,True,0.0,1.0,True,28580,28630,28734.0,28850.0,28954,29062,False,False,True,3.024,0.9280397022332506,1.0,35,28935.0,143.0,bidmc-35-w085-0068,85
69,29008,29244.0,29463,True,0.0,1.0,True,28954,29062,29164.0,29324.0,29426,29500,False,False,True,3.616,0.9626373626373627,1.0,35,29409.0,165.0,bidmc-35-w085-0069,85
70,29463,29680.0,29906,True,0.0,1.0,True,29426,29500,29602.0,29758.0,29864,29948,False,False,True,3.488,0.9796839729119639,1.0,35,29843.0,163.0,bidmc-35-w085-0070,85
71,29906,30133.0,30327,True,0.0,1.0,True,29864,29948,30050.0,30216.0,30318,30336,False,False,True,3.624,0.9216152019002375,1.0,35,30301.0,168.0,bidmc-35-w085-0071,85
72,30327,30482.0,30683,True,0.0,1.0,True,30318,30336,30436.0,30528.0,30630,30736,False,False,True,2.792,0.8707865168539326,1.0,35,30613.0,131.0,bidmc-35-w085-0072,85
73,30683,30912.0,31122,True,0.0,1.0,True,30630,30736,30838.0,30986.0,31088,31156,False,False,True,3.44,0.9567198177676538,1.0,35,31071.0,159.0,bidmc-35-w085-0073,85
74,31122,31335.0,31552,True,0.0,1.0,True,31088,31156,31260.0,31410.0,31510,31594,False,False,True,3.384,0.9906976744186047,1.0,35,31495.0,160.0,bidmc-35-w085-0074,85
75,31552,31774.0,31977,True,0.0,1.0,True,31510,31594,31696.0,31852.0,31952,32002,False,False,True,3.512,0.9552941176470588,1.0,35,31937.0,163.0,bidmc-35-w085-0075,85
76,31977,32197.0,32397,True,0.0,1.0,True,31952,32002,32114.0,32280.0,32382,32412,False,False,True,3.384,0.9523809523809523,1.0,35,32365.0,168.0,bidmc-35-w085-0076,85
77,32397,32585.0,32754,True,0.0,1.0,True,32382,32412,32516.0,32654.0,32754,32754,False,False,True,3.104,0.9467787114845938,1.0,35,32739.0,154.0,bidmc-35-w085-0077,85
78,32754,32937.0,33121,True,0.0,1.0,True,32754,32754,32856.0,33018.0,33118,33124,False,False,True,2.816,0.997275204359673,1.0,35,33103.0,166.0,bidmc-35-w085-0078,85
79,33121,33341.0,33517,True,0.0,1.0,True,33118,33124,33258.0,33424.0,33517,33517,False,False,True,3.232,0.8888888888888888,1.0,35,33509.0,168.0,bidmc-35-w085-0079,85
80,33517,33691.0,33937,True,0.0,1.0,True,33517,33517,33606.0,33776.0,33880,33994,False,False,True,2.8,0.8285714285714285,1.0,35,33861.0,170.0,bidmc-35-w085-0080,85
81,33937,34164.0,34369,True,0.0,1.0,True,33880,33994,34096.0,34232.0,34332,34406,False,False,True,3.784,0.9490740740740741,1.0,35,34317.0,153.0,bidmc-35-w085-0081,85
82,34369,34583.0,34803,True,0.0,1.0,True,34332,34406,34508.0,34658.0,34756,34850,False,False,True,3.352,0.9861751152073732,1.0,35,34743.0,160.0,bidmc-35-w085-0082,85
83,34803,35042.0,35261,True,0.0,1.0,True,34756,34850,34954.0,35130.0,35230,35292,False,False,True,3.672,0.9563318777292577,1.0,35,35215.0,173.0,bidmc-35-w085-0083,85
84,35261,35472.0,35680,True,0.0,1.0,True,35230,35292,35394.0,35550.0,35650,35710,False,False,True,3.44,0.9928400954653938,1.0,35,35635.0,163.0,bidmc-35-w085-0084,85
85,35680,35896.0,36116,True,0.0,1.0,True,35650,35710,35812.0,35980.0,36084,36148,False,False,True,3.392,0.9908256880733946,1.0,35,36065.0,169.0,bidmc-35-w085-0085,85
86,36116,36335.0,36556,True,0.0,1.0,True,36084,36148,36250.0,36420.0,36522,36590,False,False,True,3.512,0.9954545454545455,1.0,35,36505.0,170.0,bidmc-35-w085-0086,85
87,36556,36769.0,36976,True,0.0,1.0,True,36522,36590,36690.0,36848.0,36950,37002,False,False,True,3.472,0.9857142857142858,1.0,35,36933.0,164.0,bidmc-35-w085-0087,85
88,36976,37208.0,37446,True,0.0,1.0,True,36950,37002,37114.0,37302.0,37402,37490,False,False,True,3.512,0.9872340425531915,1.0,35,37387.0,179.0,bidmc-35-w085-0088,85
89,37446,37678.0,37915,True,0.0,1.0,True,37402,37490,37590.0,37766.0,37866,37964,False,False,True,3.76,0.9893390191897654,1.0,35,37851.0,173.0,bidmc-35-w085-0089,85
90,37915,38152.0,38383,True,0.0,1.0,True,37866,37964,38066.0,38238.0,38338,38428,False,False,True,3.792,0.9871794871794872,1.0,35,38323.0,171.0,bidmc-35-w085-0090,85
91,38383,38616.0,38822,True,0.0,1.0,True,38338,38428,38534.0,38698.0,38798,38846,False,False,True,3.712,0.9384965831435079,1.0,35,38783.0,167.0,bidmc-35-w085-0091,85
92,38822,39043.0,39225,True,0.0,1.0,True,38798,38846,38982.0,39104.0,39210,39240,False,False,True,3.416,0.9032258064516129,1.0,35,39189.0,146.0,bidmc-35-w085-0092,85
93,39225,39381.0,39531,True,0.0,1.0,True,39210,39240,39344.0,39418.0,39518,39544,False,False,True,2.704,0.9803921568627451,1.0,35,39503.0,122.0,bidmc-35-w085-0093,85
94,39531,39716.0,39908,True,0.0,1.0,True,39518,39544,39654.0,39778.0,39882,39934,False,False,True,2.68,0.9814323607427056,1.0,35,39863.0,147.0,bidmc-35-w085-0094,85
95,39908,40110.0,40326,True,0.0,1.0,True,39882,39934,40036.0,40184.0,40286,40366,False,False,True,3.152,0.9665071770334929,1.0,35,40269.0,159.0,bidmc-35-w085-0095,85
96,40326,40551.0,40781,True,0.0,1.0,True,40286,40366,40467.0,40636.0,40738,40824,False,False,True,3.528,0.989010989010989,1.0,35,40721.0,170.0,bidmc-35-w085-0096,85
97,40781,41009.0,41231,True,0.0,1.0,True,40738,40824,40928.0,41090.0,41192,41270,False,False,True,3.664,0.9866666666666667,1.0,35,41175.0,166.0,bidmc-35-w085-0097,85
98,41231,41453.0,41681,True,0.0,1.0,True,41192,41270,41372.0,41534.0,41634,41728,False,False,True,3.552,0.9866666666666667,1.0,35,41619.0,166.0,bidmc-35-w085-0098,85
99,41681,41908.0,42132,True,0.0,1.0,True,41634,41728,41830.0,41986.0,42088,42176,False,False,True,3.64,0.9933481152993349,1.0,35,42071.0,163.0,bidmc-35-w085-0099,85
100,42132,42332.0,42532,True,0.0,1.0,True,42088,42176,42278.0,42386.0,42498,42566,False,False,True,3.392,1.0,1.0,35,42471.0,139.0,bidmc-35-w085-0100,85
101,42532,42737.0,42943,True,0.0,1.0,True,42498,42566,42670.0,42804.0,42904,42982,False,False,True,3.24,0.9975669099756691,1.0,35,42889.0,152.0,bidmc-35-w085-0101,85
102,42943,43168.0,43366,True,0.0,1.0,True,42904,42982,43084.0,43252.0,43352,43380,False,False,True,3.448,0.9361702127659575,1.0,35,43337.0,169.0,bidmc-35-w085-0102,85
103,43366,43554.0,43774,True,0.0,1.0,True,43352,43380,43482.0,43626.0,43726,43822,False,False,True,3.088,0.9215686274509804,1.0,35,43711.0,157.0,bidmc-35-w085-0103,85
104,43774,43998.0,44205,True,0.0,1.0,True,43726,43822,43922.0,44074.0,44174,44236,False,False,True,3.552,0.9605568445475638,1.0,35,44159.0,161.0,bidmc-35-w085-0104,85
105,44205,44431.0,44631,True,0.0,1.0,True,44174,44236,44346.0,44516.0,44616,44646,False,False,True,3.464,0.9389671361502347,1.0,35,44601.0,170.0,bidmc-35-w085-0105,85
106,44631,44816.0,45019,True,0.0,1.0,True,44616,44646,44748.0,44884.0,44984,45054,False,False,True,3.08,0.9536082474226804,1.0,35,44969.0,153.0,bidmc-35-w085-0106,85
107,45019,45250.0,45475,True,0.0,1.0,True,44984,45054,45158.0,45342.0,45442,45508,False,False,True,3.472,0.9868421052631579,1.0,35,45427.0,177.0,bidmc-35-w085-0107,85
108,45475,45699.0,45927,True,0.0,1.0,True,45442,45508,45610.0,45788.0,45888,45966,False,False,True,3.592,0.9911504424778761,1.0,35,45873.0,174.0,bidmc-35-w085-0108,85
109,45927,46154.0,46378,True,0.0,1.0,True,45888,45966,46068.0,46240.0,46342,46414,False,False,True,3.64,0.9933481152993349,1.0,35,46325.0,171.0,bidmc-35-w085-0109,85
110,46378,46596.0,46821,True,0.0,1.0,True,46342,46414,46526.0,46666.0,46782,46860,False,False,True,3.536,0.9841986455981941,1.0,35,46751.0,155.0,bidmc-35-w085-0110,85
111,46821,47071.0,47299,True,0.0,1.0,True,46782,46860,46976.0,47166.0,47266,47332,False,False,True,3.8,0.9539748953974896,1.0,35,47251.0,180.0,bidmc-35-w085-0111,85
112,47299,47524.0,47718,True,0.0,1.0,True,47266,47332,47434.0,47614.0,47714,47722,False,False,True,3.624,0.9260143198090692,1.0,35,47699.0,175.0,bidmc-35-w085-0112,85
113,47718,47976.0,48205,True,0.0,1.0,True,47714,47722,47882.0,48070.0,48172,48238,False,False,True,3.616,0.9404517453798767,1.0,35,48155.0,179.0,bidmc-35-w085-0113,85
114,48205,48411.0,48590,True,0.0,1.0,True,48172,48238,48344.0,48478.0,48578,48602,False,False,True,3.48,0.9298701298701298,1.0,35,48563.0,152.0,bidmc-35-w085-0114,85
115,48590,48777.0,48992,True,0.0,1.0,True,48578,48602,48704.0,48850.0,48948,49036,False,False,True,2.928,0.9303482587064676,1.0,35,48935.0,158.0,bidmc-35-w085-0115,85
116,48992,49219.0,49441,True,0.0,1.0,True,48948,49036,49138.0,49300.0,49398,49484,False,False,True,3.536,0.9888641425389755,1.0,35,49385.0,166.0,bidmc-35-w085-0116,85
117,49441,49671.0,49860,True,0.0,1.0,True,49398,49484,49586.0,49756.0,49856,49864,False,False,True,3.616,0.9021479713603818,1.0,35,49841.0,170.0,bidmc-35-w085-0117,85
118,49860,50130.0,50349,True,0.0,1.0,True,49856,49864,50052.0,50208.0,50308,50390,False,False,True,3.672,0.8957055214723927,1.0,35,50293.0,163.0,bidmc-35-w085-0118,85
119,50349,50573.0,50795,True,0.0,1.0,True,50308,50390,50490.0,50656.0,50756,50834,False,False,True,3.544,0.9955156950672646,1.0,35,50741.0,168.0,bidmc-35-w085-0119,85
120,50795,51010.0,51197,True,0.0,1.0,True,50756,50834,50936.0,51084.0,51186,51208,False,False,True,3.496,0.9303482587064676,1.0,35,51169.0,159.0,bidmc-35-w085-0120,85
121,51197,51382.0,51590,True,0.0,1.0,True,51186,51208,51310.0,51454.0,51566,51614,False,False,True,2.976,0.9414758269720102,1.0,35,51539.0,157.0,bidmc-35-w085-0121,85
122,51590,51796.0,52010,True,0.0,1.0,True,51566,51614,51718.0,51874.0,51978,52042,False,False,True,3.312,0.9809523809523809,1.0,35,51959.0,163.0,bidmc-35-w085-0122,85
123,52010,52223.0,52440,True,0.0,1.0,True,51978,52042,52144.0,52302.0,52406,52474,False,False,True,3.416,0.9906976744186047,1.0,35,52387.0,164.0,bidmc-35-w085-0123,85
124,52440,52664.0,52885,True,0.0,1.0,True,52406,52474,52576.0,52752.0,52854,52916,False,False,True,3.528,0.9932584269662922,1.0,35,52837.0,173.0,bidmc-35-w085-0124,85
125,52885,53107.0,53338,True,0.0,1.0,True,52854,52916,53018.0,53196.0,53298,53378,False,False,True,3.544,0.9801324503311258,1.0,35,53281.0,174.0,bidmc-35-w085-0125,85
126,53338,53558.0,53766,True,0.0,1.0,True,53298,53378,53478.0,53638.0,53742,53790,False,False,True,3.608,0.9719626168224299,1.0,35,53723.0,165.0,bidmc-35-w085-0126,85
127,53766,53944.0,54119,True,0.0,1.0,True,53742,53790,53892.0,53996.0,54096,54142,False,False,True,3.088,0.9915014164305949,1.0,35,54081.0,137.0,bidmc-35-w085-0127,85
128,54119,54309.0,54517,True,0.0,1.0,True,54096,54142,54246.0,54372.0,54496,54538,False,False,True,2.92,0.9547738693467337,1.0,35,54457.0,148.0,bidmc-35-w085-0128,85
129,54517,54711.0,54872,True,0.0,1.0,True,54496,54538,54638.0,54784.0,54872,54872,False,False,True,3.216,0.9070422535211268,1.0,35,54869.0,158.0,bidmc-35-w085-0129,85
130,54872,55022.0,55213,True,0.0,1.0,True,54872,54872,54962.0,55082.0,55184,55242,False,False,True,2.488,0.8797653958944281,1.0,35,55167.0,145.0,bidmc-35-w085-0130,85
131,55213,55430.0,55662,True,0.0,1.0,True,55184,55242,55344.0,55516.0,55616,55708,False,False,True,3.264,0.9665924276169265,1.0,35,55601.0,171.0,bidmc-35-w085-0131,85
132,55662,55894.0,56110,True,0.0,1.0,True,55616,55708,55810.0,55978.0,56082,56138,False,False,True,3.712,0.9642857142857143,1.0,35,56063.0,169.0,bidmc-35-w085-0132,85
133,56110,56327.0,56563,True,0.0,1.0,True,56082,56138,56240.0,56414.0,56514,56612,False,False,True,3.464,0.9580573951434879,1.0,35,56499.0,172.0,bidmc-35-w085-0133,85
134,56563,56783.0,56969,True,0.0,1.0,True,56514,56612,56716.0,56850.0,56950,56988,False,False,True,3.648,0.916256157635468,1.0,35,56935.0,152.0,bidmc-35-w085-0134,85
135,56969,57164.0,57333,True,0.0,1.0,True,56950,56988,57090.0,57238.0,57333,57333,False,False,True,3.048,0.9285714285714286,1.0,35,57323.0,159.0,bidmc-35-w085-0135,85
136,57333,57506.0,57725,True,0.0,1.0,True,57333,57333,57430.0,57582.0,57682,57768,False,False,True,2.736,0.8826530612244898,1.0,35,57667.0,161.0,bidmc-35-w085-0136,85
137,57725,57941.0,58156,True,0.0,1.0,True,57682,57768,57870.0,58012.0,58112,58200,False,False,True,3.48,0.9976798143851509,1.0,35,58097.0,156.0,bidmc-35-w085-0137,85
138,58156,58384.0,58568,True,0.0,1.0,True,58112,58200,58302.0,58466.0,58566,58570,False,False,True,3.544,0.8932038834951457,1.0,35,58551.0,167.0,bidmc-35-w085-0138,85
139,58568,58748.0,58962,True,0.0,1.0,True,58566,58570,58672.0,58824.0,58924,59000,False,False,True,2.912,0.9137055837563451,1.0,35,58909.0,161.0,bidmc-35-w085-0139,85
140,58962,59190.0,59431,True,0.0,1.0,True,58924,59000,59108.0,59272.0,59372,59490,False,False,True,3.536,0.9722814498933902,1.0,35,59357.0,167.0,bidmc-35-w085-0140,85
1,186,473.0,651,True,-0.18641,0.66214,True,186,186,473.0,473.0,651,651,False,False,True,,0.7655913978494624,0.8485499999999999,36,558.0,85.0,bidmc-36-w085-0001,85
2,651,893.0,1071,True,-0.18447,0.7068,True,651,651,893.0,893.0,1071,1071,False,False,True,3.36,0.8476190476190476,0.89127,36,978.0,85.0,bidmc-36-w085-0002,85
3,1071,1225.0,1472,True,-0.18058,0.65825,True,1071,1071,1225.0,1225.0,1472,1472,False,False,True,2.656,0.7680798004987531,0.83883,36,1310.0,85.0,bidmc-36-w085-0003,85
4,1472,1617.0,1849,True,-0.17476,0.50291,True,1472,1472,1617.0,1617.0,1849,1850,False,False,True,3.136,0.7692307692307692,0.67767,36,1702.0,85.0,bidmc-36-w085-0004,85
5,1849,2104.0,2265,True,-0.16893,0.6466,True,1849,1850,2103.0,2106.0,2265,2265,False,False,True,3.896,0.7740384615384616,0.81553,36,2191.0,87.0,bidmc-36-w085-0005,85
6,2265,2464.0,2617,True,-0.10097,0.56505,True,2265,2265,2463.0,2465.0,2617,2617,False,False,True,2.88,0.8693181818181819,0.6660200000000001,36,2550.0,86.0,bidmc-36-w085-0006,85
7,2617,2818.0,2990,True,-0.18252,0.60583,True,2617,2617,2817.0,2819.0,2990,2991,False,False,True,2.832,0.9222520107238605,0.78835,36,2904.0,86.0,bidmc-36-w085-0007,85
8,2990,3210.0,3318,True,-0.1301,0.59029,True,2990,2991,3210.0,3211.0,3318,3318,False,False,True,3.136,0.6585365853658536,0.72039,36,3296.0,86.0,bidmc-36-w085-0008,85
9,3318,3326.0,3478,True,-0.03301,0.45243,True,3318,3318,3325.0,3327.0,3478,3479,False,False,True,0.928,0.09999999999999998,0.48544,36,3412.0,86.0,bidmc-36-w085-0009,85
10,3478,3696.0,3846,True,-0.2,0.4932,True,3478,3479,3695.0,3697.0,3846,3847,False,False,True,2.96,0.8152173913043479,0.6932,36,3782.0,86.0,bidmc-36-w085-0010,85
11,3846,4122.0,4292,True,-0.2,0.71262,True,3846,3847,4121.0,4123.0,4292,4292,False,False,True,3.408,0.7623318385650224,0.91262,36,4208.0,86.0,bidmc-36-w085-0011,85
12,4292,4529.0,4697,True,-0.19612,0.61553,True,4292,4292,4529.0,4529.0,4697,4697,False,False,True,3.256,0.8296296296296296,0.81165,36,4614.0,85.0,bidmc-36-w085-0012,85
13,4697,4930.0,5106,True,-0.19612,0.63883,True,4697,4697,4929.0,4931.0,5106,5106,False,False,True,3.208,0.8606356968215159,0.83495,36,5016.0,86.0,bidmc-36-w085-0013,85
14,5106,5327.0,5510,True,-0.14175,0.66602,True,5106,5106,5326.0,5329.0,5510,5510,False,False,True,3.176,0.905940594059406,0.8077699999999999,36,5414.0,87.0,bidmc-36-w085-0014,85
15,5510,5751.0,5893,True,-0.16699,0.67184,True,5510,5510,5749.0,5753.0,5893,5893,False,False,True,3.392,0.7415143603133159,0.83883,36,5838.0,87.0,bidmc-36-w085-0015,85
16,5893,6050.0,6172,True,-0.16893,0.53592,True,5893,5893,6049.0,6051.0,6172,6172,False,False,True,2.392,0.8745519713261649,0.70485,36,6136.0,86.0,bidmc-36-w085-0016,85
17,6172,6217.0,6363,True,-0.10485,0.2835,True,6172,6172,6216.0,6219.0,6363,6363,False,False,True,1.336,0.47120418848167545,0.38835,36,6304.0,87.0,bidmc-36-w085-0017,85
18,6363,6584.0,6746,True,-0.18058,0.61165,True,6363,6363,6582.0,6587.0,6746,6746,False,False,True,2.936,0.8459530026109661,0.79223,36,6672.0,88.0,bidmc-36-w085-0018,85
19,6746,6977.0,7157,True,-0.19223,0.63689,True,6746,6746,6977.0,6977.0,7157,7157,False,False,True,3.144,0.8759124087591241,0.82912,36,7062.0,85.0,bidmc-36-w085-0019,85
20,7157,7395.0,7570,True,-0.20583,0.63689,True,7157,7157,7394.0,7397.0,7570,7570,False,False,True,3.344,0.847457627118644,0.8427199999999999,36,7482.0,87.0,bidmc-36-w085-0020,85
21,7570,7796.0,7979,True,-0.19029,0.65631,True,7570,7570,7795.0,7798.0,7979,7979,False,False,True,3.208,0.8948655256723717,0.8465999999999999,36,7883.0,87.0,bidmc-36-w085-0021,85
22,7979,8197.0,8397,True,-0.16117,0.63495,True,7979,7979,8196.0,8199.0,8397,8397,False,False,True,3.208,0.9569377990430622,0.79612,36,8284.0,87.0,bidmc-36-w085-0022,85
23,8397,8613.0,8802,True,-0.17476,0.59223,True,8397,8397,8612.0,8615.0,8802,8802,False,False,True,3.328,0.9333333333333333,0.7669900000000001,36,8700.0,87.0,bidmc-36-w085-0023,85
24,8802,9029.0,9204,True,-0.15146,0.69515,True,8802,8802,9027.0,9031.0,9204,9204,False,False,True,3.328,0.8706467661691543,0.8466100000000001,36,9116.0,87.0,bidmc-36-w085-0024,85
25,9204,9414.0,9607,True,-0.17476,0.59806,True,9204,9204,9413.0,9415.0,9607,9608,False,False,True,3.08,0.9578163771712159,0.7728200000000001,36,9500.0,86.0,bidmc-36-w085-0025,85
26,9607,9838.0,10023,True,-0.15146,0.62913,True,9607,9608,9837.0,9840.0,10023,10024,False,False,True,3.392,0.8894230769230769,0.78059,36,9925.0,87.0,bidmc-36-w085-0026,85
27,10023,10257.0,10443,True,-0.19612,0.62524,True,10023,10024,10255.0,10259.0,10443,10443,False,False,True,3.352,0.8857142857142857,0.82136,36,10344.0,87.0,bidmc-36-w085-0027,85
29,10464,10686.0,10874,True,-0.13786,0.71845,True,10463,10465,10685.0,10687.0,10874,10874,False,False,True,1.776,0.9170731707317074,0.85631,36,10772.0,86.0,bidmc-36-w085-0029,85
30,10874,11126.0,11285,True,-0.17282,0.6932,True,10874,10874,11125.0,11128.0,11285,11285,False,False,True,3.52,0.7737226277372262,0.86602,36,11213.0,87.0,bidmc-36-w085-0030,85
31,11285,11493.0,11658,True,-0.15534,0.68155,True,11285,11285,11492.0,11495.0,11658,11658,False,False,True,2.936,0.8847184986595175,0.83689,36,11580.0,87.0,bidmc-36-w085-0031,85
32,11658,11880.0,12069,True,-0.18447,0.55922,True,11658,11658,11874.0,11887.0,12069,12069,False,False,True,3.096,0.9197080291970803,0.7436900000000001,36,11972.0,92.0,bidmc-36-w085-0032,85
33,12069,12286.0,12427,True,-0.07767,0.57282,True,12069,12069,12285.0,12287.0,12427,12427,False,False,True,3.248,0.7877094972067039,0.65049,36,12372.0,86.0,bidmc-36-w085-0033,85
34,12427,12549.0,12733,True,-0.13592,0.40194,True,12427,12427,12549.0,12549.0,12733,12733,False,False,True,2.104,0.7973856209150327,0.53786,36,12634.0,85.0,bidmc-36-w085-0034,85
35,12733,12949.0,13140,True,-0.16505,0.49709,True,12733,12733,12949.0,12949.0,13140,13140,False,False,True,3.2,0.9385749385749386,0.66214,36,13034.0,85.0,bidmc-36-w085-0035,85
36,13140,13422.0,13546,True,-0.15922,0.6932,True,13140,13140,13421.0,13423.0,13546,13546,False,False,True,3.784,0.6108374384236452,0.8524200000000001,36,13508.0,86.0,bidmc-36-w085-0036,85
37,13546,13694.0,13851,True,-0.13398,0.50874,True,13546,13546,13693.0,13695.0,13851,13851,False,False,True,2.176,0.9704918032786886,0.64272,36,13780.0,86.0,bidmc-36-w085-0037,85
38,13851,14056.0,14223,True,-0.17864,0.63301,True,13851,13851,14055.0,14057.0,14223,14223,False,False,True,2.896,0.8978494623655914,0.81165,36,14142.0,86.0,bidmc-36-w085-0038,85
39,14223,14433.0,14622,True,-0.15534,0.63883,True,14223,14223,14433.0,14433.0,14622,14622,False,False,True,3.016,0.9473684210526316,0.79417,36,14518.0,85.0,bidmc-36-w085-0039,85
40,14622,14834.0,15004,True,-0.11456,0.63107,True,14622,14622,14833.0,14836.0,15004,15004,False,False,True,3.208,0.8900523560209423,0.74563,36,14921.0,87.0,bidmc-36-w085-0040,85
41,15004,15253.0,15423,True,-0.15922,0.49709,True,15004,15004,15251.0,15255.0,15423,15423,False,False,True,3.352,0.8114558472553699,0.65631,36,15340.0,87.0,bidmc-36-w085-0041,85
42,15423,15675.0,15881,True,-0.15922,0.64272,True,15423,15423,15675.0,15675.0,15881,15881,False,False,True,3.376,0.8995633187772926,0.80194,36,15760.0,85.0,bidmc-36-w085-0042,85
43,15881,16117.0,16286,True,-0.18641,0.66796,True,15881,15881,16116.0,16119.0,16286,16286,False,False,True,3.536,0.8345679012345679,0.85437,36,16204.0,87.0,bidmc-36-w085-0043,85
44,16286,16501.0,16668,True,-0.15146,0.68544,True,16286,16286,16499.0,16503.0,16668,16668,False,False,True,3.072,0.8743455497382199,0.8369000000000001,36,16588.0,87.0,bidmc-36-w085-0044,85
45,16668,16856.0,17061,True,-0.13592,0.53981,True,16668,16668,16855.0,16857.0,17061,17061,False,False,True,2.84,0.9567430025445293,0.67573,36,16942.0,86.0,bidmc-36-w085-0045,85
46,17061,17275.0,17470,True,-0.17087,0.58447,True,17061,17061,17274.0,17277.0,17470,17470,False,False,True,3.352,0.9535452322738386,0.75534,36,17362.0,87.0,bidmc-36-w085-0046,85
47,17470,17686.0,17871,True,-0.16893,0.61553,True,17470,17470,17685.0,17687.0,17871,17871,False,False,True,3.288,0.9226932668329177,0.78446,36,17772.0,86.0,bidmc-36-w085-0047,85
48,17871,18089.0,18240,True,-0.15534,0.67767,True,17871,17871,18087.0,18091.0,18240,18240,False,False,True,3.224,0.8184281842818428,0.83301,36,18176.0,87.0,bidmc-36-w085-0048,85
49,18240,18436.0,18625,True,-0.15728,0.54563,True,18240,18240,18435.0,18437.0,18625,18626,False,False,True,2.776,0.9818181818181818,0.7029099999999999,36,18522.0,86.0,bidmc-36-w085-0049,85
50,18625,18861.0,19049,True,-0.16699,0.62524,True,18625,18626,18859.0,18864.0,19049,19049,False,False,True,3.4,0.8867924528301887,0.79223,36,18949.0,88.0,bidmc-36-w085-0050,85
51,19049,19280.0,19460,True,-0.16893,0.59612,True,19049,19049,19279.0,19281.0,19460,19460,False,False,True,3.352,0.8759124087591241,0.76505,36,19366.0,86.0,bidmc-36-w085-0051,85
52,19460,19681.0,19864,True,-0.16699,0.59417,True,19460,19460,19679.0,19683.0,19864,19864,False,False,True,3.208,0.905940594059406,0.76116,36,19768.0,87.0,bidmc-36-w085-0052,85
53,19864,20089.0,20249,True,-0.17864,0.57282,True,19864,19864,20087.0,20092.0,20249,20249,False,False,True,3.264,0.8311688311688312,0.75146,36,20177.0,88.0,bidmc-36-w085-0053,85
54,20249,20436.0,20636,True,-0.19223,0.45437,True,20249,20249,20431.0,20441.0,20636,20636,False,False,True,2.776,0.9664082687338501,0.6466000000000001,36,20526.0,90.0,bidmc-36-w085-0054,85
55,20636,20825.0,21001,True,-0.15922,0.67767,True,20636,20636,20825.0,20825.0,21001,21002,False,False,True,3.112,0.9643835616438357,0.83689,36,20910.0,85.0,bidmc-36-w085-0055,85
56,21001,21156.0,21328,True,-0.14369,0.56117,True,21001,21002,21155.0,21158.0,21328,21328,False,False,True,2.648,0.9480122324159022,0.7048599999999999,36,21243.0,87.0,bidmc-36-w085-0056,85
57,21328,21541.0,21726,True,-0.13398,0.55728,True,21328,21328,21539.0,21543.0,21726,21726,False,False,True,3.08,0.9296482412060302,0.69126,36,21628.0,87.0,bidmc-36-w085-0057,85
58,21726,21973.0,22153,True,-0.14369,0.5534,True,21726,21726,21973.0,21973.0,22153,22153,False,False,True,3.456,0.8430913348946136,0.69709,36,22058.0,85.0,bidmc-36-w085-0058,85
59,22153,22372.0,22562,True,-0.15728,0.65243,True,22153,22153,22371.0,22373.0,22562,22563,False,False,True,3.192,0.9290953545232274,0.8097099999999999,36,22458.0,86.0,bidmc-36-w085-0059,85
60,22562,22746.0,22947,True,-0.097087,0.52427,True,22562,22563,22745.0,22747.0,22947,22947,False,False,True,2.992,0.9558441558441558,0.621357,36,22832.0,86.0,bidmc-36-w085-0060,85
61,22947,23164.0,23353,True,-0.17282,0.57087,True,22947,22947,23163.0,23165.0,23353,23353,False,False,True,3.344,0.9310344827586207,0.74369,36,23250.0,86.0,bidmc-36-w085-0061,85
62,23353,23596.0,23782,True,-0.10874,0.48155,True,23353,23353,23595.0,23597.0,23782,23782,False,False,True,3.456,0.8671328671328671,0.59029,36,23682.0,86.0,bidmc-36-w085-0062,85
63,23782,23991.0,24157,True,-0.14563,0.55146,True,23782,23782,23990.0,23993.0,24157,24157,False,False,True,3.16,0.8853333333333333,0.69709,36,24078.0,87.0,bidmc-36-w085-0063,85
64,24157,24399.0,24592,True,-0.16505,0.54757,True,24157,24157,24397.0,24401.0,24592,24592,False,False,True,3.264,0.8873563218390804,0.71262,36,24486.0,87.0,bidmc-36-w085-0064,85
65,24592,24817.0,24973,True,-0.15728,0.6,True,24592,24592,24817.0,24817.0,24973,24973,False,False,True,3.344,0.8188976377952756,0.75728,36,24902.0,85.0,bidmc-36-w085-0065,85
66,24973,25130.0,25312,True,-0.081553,0.50874,True,24973,24973,25129.0,25131.0,25312,25313,False,False,True,2.504,0.9262536873156342,0.590293,36,25216.0,86.0,bidmc-36-w085-0066,85
67,25312,25513.0,25689,True,-0.17864,0.62718,True,25312,25313,25513.0,25513.0,25689,25689,False,False,True,3.064,0.9336870026525199,0.80582,36,25598.0,85.0,bidmc-36-w085-0067,85
68,25689,25995.0,26173,True,-0.18252,0.49903,True,25689,25689,25995.0,25995.0,26173,26173,False,False,True,3.856,0.7355371900826446,0.68155,36,26080.0,85.0,bidmc-36-w085-0068,85
69,26173,26398.0,26560,True,-0.13592,0.50874,True,26173,26173,26397.0,26400.0,26560,26560,False,False,True,3.224,0.8372093023255813,0.64466,36,26485.0,87.0,bidmc-36-w085-0069,85
70,26560,26771.0,26947,True,-0.17864,0.48932,True,26560,26560,26769.0,26774.0,26947,26947,False,False,True,2.984,0.9095607235142119,0.66796,36,26859.0,88.0,bidmc-36-w085-0070,85
71,26947,27148.0,27338,True,-0.13981,0.60777,True,26947,26947,27147.0,27149.0,27338,27339,False,False,True,3.016,0.9718670076726342,0.74758,36,27234.0,86.0,bidmc-36-w085-0071,85
72,27338,27569.0,27741,True,-0.16117,0.59029,True,27338,27339,27569.0,27569.0,27741,27741,False,False,True,3.368,0.8535980148883375,0.75146,36,27654.0,85.0,bidmc-36-w085-0072,85
73,27741,27973.0,28126,True,-0.15146,0.5534,True,27741,27741,27969.0,27977.0,28126,28126,False,False,True,3.232,0.7948051948051948,0.70486,36,28062.0,89.0,bidmc-36-w085-0073,85
74,28126,28333.0,28504,True,-0.17282,0.52621,True,28126,28126,28329.0,28338.0,28504,28504,False,False,True,2.88,0.9047619047619048,0.6990299999999999,36,28423.0,90.0,bidmc-36-w085-0074,85
75,28504,28711.0,28894,True,-0.14757,0.60971,True,28504,28504,28709.0,28713.0,28894,28894,False,False,True,3.024,0.9384615384615385,0.75728,36,28798.0,87.0,bidmc-36-w085-0075,85
76,28894,29124.0,29302,True,-0.14757,0.58641,True,28894,28894,29123.0,29125.0,29302,29302,False,False,True,3.304,0.8725490196078431,0.73398,36,29210.0,86.0,bidmc-36-w085-0076,85
77,29302,29532.0,29705,True,-0.16117,0.55534,True,29302,29302,29531.0,29533.0,29705,29705,False,False,True,3.264,0.858560794044665,0.71651,36,29618.0,86.0,bidmc-36-w085-0077,85
78,29705,29945.0,30121,True,-0.15534,0.51845,True,29705,29705,29945.0,29945.0,30121,30121,False,False,True,3.304,0.8461538461538461,0.67379,36,30030.0,85.0,bidmc-36-w085-0078,85
79,30121,30377.0,30546,True,-0.11068,0.6233,True,30121,30121,30377.0,30377.0,30546,30546,False,False,True,3.456,0.7952941176470588,0.73398,36,30462.0,85.0,bidmc-36-w085-0079,85
80,30546,30752.0,30932,True,-0.16311,0.58252,True,30546,30546,30751.0,30753.0,30932,30933,False,False,True,3.0,0.9326424870466321,0.74563,36,30838.0,86.0,bidmc-36-w085-0080,85
81,30932,31100.0,31333,True,-0.16893,1.4932,True,30932,30933,31093.0,31107.0,31333,31333,False,False,True,2.784,0.8379052369077307,1.66213,36,31192.0,92.0,bidmc-36-w085-0081,85
82,31333,31520.0,31689,True,-0.073786,0.45049,True,31333,31333,31519.0,31521.0,31689,31689,False,False,True,3.36,0.949438202247191,0.524276,36,31606.0,86.0,bidmc-36-w085-0082,85
83,31689,31991.0,32169,True,-0.17476,0.52233,True,31689,31689,31991.0,31991.0,32169,32169,False,False,True,3.768,0.7416666666666667,0.69709,36,32076.0,85.0,bidmc-36-w085-0083,85
84,32169,32393.0,32575,True,-0.14757,0.57476,True,32169,32169,32393.0,32393.0,32575,32575,False,False,True,3.216,0.896551724137931,0.72233,36,32478.0,85.0,bidmc-36-w085-0084,85
85,32575,32791.0,32974,True,-0.15534,0.57087,True,32575,32575,32791.0,32791.0,32974,32975,False,False,True,3.184,0.9172932330827068,0.72621,36,32876.0,85.0,bidmc-36-w085-0085,85
86,32974,33127.0,33133,True,-0.13398,0.42136,True,32974,32975,33122.0,33132.0,33133,33133,False,False,True,2.688,0.07547169811320753,0.55534,36,33217.0,90.0,bidmc-36-w085-0086,85
87,33133,33228.0,33373,True,-0.054369,0.44466,True,33133,33133,33226.0,33231.0,33373,33374,False,False,True,0.808,0.7916666666666666,0.499029,36,33316.0,88.0,bidmc-36-w085-0087,85
88,33373,33585.0,33773,True,-0.11845,0.61553,True,33373,33374,33585.0,33585.0,33773,33773,False,False,True,2.856,0.94,0.7339800000000001,36,33670.0,85.0,bidmc-36-w085-0088,85
89,33773,33987.0,34126,True,-0.10485,0.66019,True,33773,33773,33985.0,33989.0,34126,34126,False,False,True,3.216,0.7875354107648725,0.76504,36,34074.0,87.0,bidmc-36-w085-0089,85
90,34126,34317.0,34449,True,-0.095146,0.57476,True,34126,34126,34317.0,34318.0,34449,34449,False,False,True,2.64,0.8173374613003096,0.669906,36,34403.0,86.0,bidmc-36-w085-0090,85
91,34449,34642.0,34821,True,-0.15922,0.61359,True,34449,34449,34641.0,34643.0,34821,34822,False,False,True,2.6,0.9623655913978495,0.77281,36,34728.0,86.0,bidmc-36-w085-0091,85
92,34821,35058.0,35255,True,-0.13398,0.6932,True,34821,34822,35056.0,35061.0,35255,35255,False,False,True,3.328,0.9078341013824884,0.82718,36,35146.0,88.0,bidmc-36-w085-0092,85
93,35255,35457.0,35645,True,-0.14951,0.72233,True,35255,35255,35457.0,35457.0,35645,35645,False,False,True,3.192,0.9641025641025641,0.8718400000000001,36,35542.0,85.0,bidmc-36-w085-0093,85
94,35645,35914.0,36116,True,-0.14757,0.77282,True,35645,35645,35912.0,35916.0,36116,36116,False,False,True,3.656,0.8577494692144374,0.9203899999999999,36,36001.0,87.0,bidmc-36-w085-0094,85
95,36116,36328.0,36526,True,-0.15922,0.78252,True,36116,36116,36327.0,36329.0,36526,36527,False,False,True,3.312,0.9658536585365853,0.94174,36,36414.0,86.0,bidmc-36-w085-0095,85
96,36526,36752.0,36945,True,-0.19223,0.8,True,36526,36527,36750.0,36754.0,36945,36945,False,False,True,3.392,0.9212410501193318,0.9922300000000001,36,36839.0,87.0,bidmc-36-w085-0096,85
97,36945,37186.0,37395,True,-0.16699,0.83495,True,36945,36945,37185.0,37188.0,37395,37395,False,False,True,3.472,0.9288888888888889,1.00194,36,37273.0,87.0,bidmc-36-w085-0097,85
98,37395,37632.0,37829,True,-0.15922,0.78252,True,37395,37395,37631.0,37634.0,37829,37829,False,False,True,3.568,0.9078341013824884,0.94174,36,37719.0,87.0,bidmc-36-w085-0098,85
99,37829,38098.0,38261,True,-0.15146,0.83301,True,37829,37829,38097.0,38099.0,38261,38261,False,False,True,3.728,0.7546296296296297,0.9844700000000001,36,38184.0,86.0,bidmc-36-w085-0099,85
100,38261,38533.0,38712,True,-0.18252,0.74951,True,38261,38261,38531.0,38535.0,38712,38712,False,False,True,3.48,0.7937915742793792,0.93203,36,38620.0,87.0,bidmc-36-w085-0100,85
101,38712,38936.0,39123,True,-0.18835,0.70097,True,38712,38712,38935.0,38937.0,39123,39123,False,False,True,3.224,0.9099756690997567,0.88932,36,39022.0,86.0,bidmc-36-w085-0101,85
103,39126,39371.0,39558,True,-0.20194,0.75922,True,39125,39127,39371.0,39371.0,39558,39558,False,False,True,1.96,0.8657407407407407,0.96116,36,39456.0,85.0,bidmc-36-w085-0103,85
104,39558,39797.0,39981,True,-0.14369,0.67767,True,39558,39558,39797.0,39797.0,39981,39981,False,False,True,3.408,0.8699763593380615,0.82136,36,39882.0,85.0,bidmc-36-w085-0104,85
105,39981,40207.0,40379,True,-0.19806,0.73398,True,39981,39981,40207.0,40207.0,40379,40379,False,False,True,3.28,0.864321608040201,0.93204,36,40292.0,85.0,bidmc-36-w085-0105,85
106,40379,40613.0,40789,True,-0.16311,0.86408,True,40379,40379,40612.0,40615.0,40789,40790,False,False,True,3.248,0.8585365853658536,1.02719,36,40700.0,87.0,bidmc-36-w085-0106,85
107,40789,41026.0,41213,True,-0.18058,0.8932,True,40789,40790,41025.0,41027.0,41213,41213,False,False,True,3.304,0.8820754716981132,1.07378,36,41112.0,86.0,bidmc-36-w085-0107,85
108,41213,41482.0,41646,True,-0.22718,0.74563,True,41213,41213,41479.0,41486.0,41646,41647,False,False,True,3.648,0.7575057736720554,0.97281,36,41571.0,89.0,bidmc-36-w085-0108,85
109,41646,41836.0,42026,True,-0.22913,0.68932,True,41646,41647,41835.0,41837.0,42026,42026,False,False,True,2.832,1.0,0.91845,36,41922.0,86.0,bidmc-36-w085-0109,85
110,42026,42238.0,42430,True,-0.16893,0.69126,True,42026,42026,42236.0,42240.0,42430,42430,False,False,True,3.216,0.9504950495049505,0.86019,36,42325.0,87.0,bidmc-36-w085-0110,85
111,42430,42725.0,42919,True,-0.16117,0.73398,True,42430,42430,42725.0,42725.0,42919,42919,False,False,True,3.896,0.7934560327198363,0.89515,36,42810.0,85.0,bidmc-36-w085-0111,85
112,42919,43142.0,43339,True,-0.16311,0.66796,True,42919,42919,43140.0,43145.0,43339,43339,False,False,True,3.336,0.9380952380952381,0.83107,36,43230.0,88.0,bidmc-36-w085-0112,85
113,43339,43548.0,43727,True,-0.21942,0.72039,True,43339,43339,43547.0,43550.0,43727,43727,False,False,True,3.248,0.9226804123711341,0.93981,36,43635.0,87.0,bidmc-36-w085-0113,85
114,43727,43990.0,44155,True,-0.17476,0.76117,True,43727,43727,43987.0,43993.0,44155,44156,False,False,True,3.536,0.7710280373831776,0.93593,36,44078.0,88.0,bidmc-36-w085-0114,85
115,44155,44360.0,44542,True,-0.16893,0.76311,True,44155,44156,44359.0,44361.0,44542,44542,False,False,True,2.96,0.9405684754521964,0.93204,36,44446.0,86.0,bidmc-36-w085-0115,85
116,44542,44744.0,44923,True,-0.17864,0.9068,True,44542,44542,44741.0,44747.0,44923,44923,False,False,True,3.072,0.9396325459317585,1.08544,36,44832.0,88.0,bidmc-36-w085-0116,85
117,44923,45151.0,45333,True,-0.19029,0.76699,True,44923,44923,45149.0,45153.0,45333,45333,False,False,True,3.256,0.8878048780487805,0.9572799999999999,36,45238.0,87.0,bidmc-36-w085-0117,85
118,45333,45567.0,45733,True,-0.14951,0.6466,True,45333,45333,45567.0,45567.0,45733,45733,False,False,True,3.328,0.83,0.79611,36,45652.0,85.0,bidmc-36-w085-0118,85
119,45733,45761.0,45949,True,-0.066019,0.46019,True,45733,45733,45761.0,45762.0,45949,45949,False,False,True,1.552,0.2592592592592593,0.5262089999999999,36,45847.0,86.0,bidmc-36-w085-0119,85
120,45949,46172.0,46334,True,-0.23689,0.62136,True,45949,45949,46171.0,46173.0,46334,46334,False,False,True,3.288,0.8415584415584416,0.85825,36,46258.0,86.0,bidmc-36-w085-0120,85
121,46334,46570.0,46771,True,-0.14563,0.81748,True,46334,46334,46568.0,46572.0,46771,46771,False,False,True,3.184,0.919908466819222,0.96311,36,46657.0,87.0,bidmc-36-w085-0121,85
122,46771,47021.0,47170,True,-0.17864,0.7068,True,46771,46771,47019.0,47024.0,47170,47170,False,False,True,3.608,0.7468671679197996,0.88544,36,47109.0,88.0,bidmc-36-w085-0122,85
123,47170,47366.0,47557,True,-0.21748,0.75146,True,47170,47170,47365.0,47367.0,47557,47557,False,False,True,2.76,0.9870801033591732,0.96894,36,47452.0,86.0,bidmc-36-w085-0123,85
124,47557,47768.0,47973,True,-0.19806,0.76505,True,47557,47557,47767.0,47769.0,47972,47975,False,False,True,3.216,0.9855769230769231,0.96311,36,47854.0,86.0,bidmc-36-w085-0124,85
125,47973,48210.0,48371,True,-0.1767,0.68544,True,47972,47975,48209.0,48211.0,48371,48371,False,False,True,3.536,0.8090452261306533,0.86214,36,48296.0,86.0,bidmc-36-w085-0125,85
126,48371,48567.0,48764,True,-0.18447,0.6932,True,48371,48371,48565.0,48569.0,48764,48764,False,False,True,2.856,0.9974554707379135,0.8776700000000001,36,48654.0,87.0,bidmc-36-w085-0126,85
127,48764,49049.0,49223,True,-0.19223,0.75728,True,48764,48764,49049.0,49049.0,49223,49223,False,False,True,3.856,0.7581699346405228,0.94951,36,49134.0,85.0,bidmc-36-w085-0127,85
