featuregraph_object_id,start_index,peak_index,end_index,has_start,raw_minimum,raw_maximum,transition_complete,start_trough_start_index,start_trough_end_index,peak_start_index,peak_end_index,end_trough_start_index,end_trough_end_index,plateau_boundary_ambiguous,plateau_invalidated_complete,is_complete,period_seconds,temporal_symmetry,full_excursion,subject,peak_detection_index,peak_detection_latency_samples,object_id,window_samples
128,49223,49464.0,49644,True,-0.19806,0.81553,True,49223,49223,49463.0,49465.0,49644,49644,False,False,True,3.32,0.8551068883610451,1.01359,36,49550.0,86.0,bidmc-36-w085-0128,85
129,49644,49867.0,50046,True,-0.19806,0.73398,True,49644,49644,49866.0,49869.0,50046,50046,False,False,True,3.224,0.8905472636815921,0.93204,36,49954.0,87.0,bidmc-36-w085-0129,85
130,50046,50288.0,50492,True,-0.095146,0.81165,True,50046,50046,50286.0,50290.0,50492,50492,False,False,True,3.368,0.9147982062780269,0.9067959999999999,36,50375.0,87.0,bidmc-36-w085-0130,85
131,50492,50703.0,50883,True,-0.21553,0.56893,True,50492,50492,50702.0,50705.0,50883,50883,False,False,True,3.32,0.9207161125319693,0.78446,36,50790.0,87.0,bidmc-36-w085-0131,85
132,50883,51119.0,51304,True,-0.21359,0.66602,True,50883,50883,51118.0,51121.0,51304,51305,False,False,True,3.328,0.8788598574821853,0.87961,36,51206.0,87.0,bidmc-36-w085-0132,85
133,51304,51533.0,51661,True,-0.17087,0.76893,True,51304,51305,51532.0,51535.0,51661,51661,False,False,True,3.312,0.7170868347338936,0.9398,36,51620.0,87.0,bidmc-36-w085-0133,85
134,51661,51852.0,52033,True,-0.1534,0.70874,True,51661,51661,51850.0,51855.0,52032,52034,False,False,True,2.552,0.9731182795698925,0.86214,36,51940.0,88.0,bidmc-36-w085-0134,85
135,52033,52271.0,52456,True,-0.12816,0.86019,True,52032,52034,52270.0,52273.0,52451,52461,False,False,True,3.352,0.8747044917257684,0.9883500000000001,36,52358.0,87.0,bidmc-36-w085-0135,85
136,52456,52685.0,52893,True,-0.15728,0.78835,True,52451,52461,52684.0,52686.0,52893,52894,False,False,True,3.312,0.9519450800915332,0.94563,36,52771.0,86.0,bidmc-36-w085-0136,85
137,52893,53135.0,53327,True,-0.1767,0.79806,True,52893,52894,53134.0,53137.0,53327,53328,False,False,True,3.6,0.8847926267281105,0.97476,36,53222.0,87.0,bidmc-36-w085-0137,85
139,53340,53567.0,53761,True,-0.16505,0.72816,True,53339,53341,53567.0,53567.0,53761,53761,False,False,True,1.816,0.9216152019002375,0.8932100000000001,36,53652.0,85.0,bidmc-36-w085-0139,85
140,53761,53778.0,53790,True,-0.087379,-0.0058252,True,53761,53761,53777.0,53779.0,53790,53791,False,False,True,1.688,0.8275862068965517,0.0815538,36,53864.0,86.0,bidmc-36-w085-0140,85
141,53790,54050.0,54229,True,-0.17282,0.79417,True,53790,53791,54047.0,54053.0,54229,54229,False,False,True,2.176,0.8154897494305239,0.96699,36,54138.0,88.0,bidmc-36-w085-0141,85
142,54229,54366.0,54479,True,-0.11845,0.69515,True,54229,54229,54365.0,54367.0,54479,54479,False,False,True,2.528,0.904,0.8136000000000001,36,54452.0,86.0,bidmc-36-w085-0142,85
143,54479,54687.0,54859,True,-0.19223,0.57864,True,54479,54479,54687.0,54687.0,54859,54859,False,False,True,2.568,0.9052631578947369,0.77087,36,54772.0,85.0,bidmc-36-w085-0143,85
144,54859,55114.0,55328,True,-0.14369,0.69903,True,54859,54859,55113.0,55115.0,55328,55328,False,False,True,3.416,0.9125799573560768,0.84272,36,55200.0,86.0,bidmc-36-w085-0144,85
145,55328,55636.0,55826,True,-0.16505,0.7534,True,55328,55328,55635.0,55637.0,55826,55827,False,False,True,4.176,0.7630522088353413,0.91845,36,55722.0,86.0,bidmc-36-w085-0145,85
146,55826,56053.0,56235,True,-0.17864,0.72427,True,55826,55827,56052.0,56055.0,56235,56235,False,False,True,3.336,0.8899755501222494,0.90291,36,56140.0,87.0,bidmc-36-w085-0146,85
147,56235,56464.0,56638,True,-0.18252,0.8699,True,56235,56235,56463.0,56466.0,56638,56638,False,False,True,3.288,0.8635235732009925,1.05242,36,56551.0,87.0,bidmc-36-w085-0147,85
148,56638,56862.0,57040,True,-0.19223,0.81748,True,56638,56638,56861.0,56863.0,57040,57040,False,False,True,3.184,0.8855721393034826,1.00971,36,56948.0,86.0,bidmc-36-w085-0148,85
149,57040,57272.0,57459,True,-0.17282,0.74175,True,57040,57040,57270.0,57274.0,57459,57459,False,False,True,3.28,0.8926014319809069,0.91457,36,57359.0,87.0,bidmc-36-w085-0149,85
150,57459,57691.0,57873,True,-0.19029,0.76699,True,57459,57459,57689.0,57693.0,57873,57873,False,False,True,3.352,0.8792270531400966,0.9572799999999999,36,57778.0,87.0,bidmc-36-w085-0150,85
151,57873,58107.0,58294,True,-0.20777,0.76699,True,57873,57873,58106.0,58109.0,58294,58294,False,False,True,3.328,0.8883610451306413,0.97476,36,58194.0,87.0,bidmc-36-w085-0151,85
152,58294,58543.0,58721,True,-0.19612,0.79417,True,58294,58294,58541.0,58545.0,58721,58722,False,False,True,3.488,0.8337236533957846,0.99029,36,58630.0,87.0,bidmc-36-w085-0152,85
153,58721,58953.0,59143,True,-0.1165,0.84466,True,58721,58722,58951.0,58955.0,59143,59143,False,False,True,3.28,0.9004739336492891,0.96116,36,59040.0,87.0,bidmc-36-w085-0153,85
154,59143,59350.0,59539,True,-0.16699,0.7767,True,59143,59143,59349.0,59351.0,59539,59539,False,False,True,3.176,0.9545454545454546,0.9436899999999999,36,59436.0,86.0,bidmc-36-w085-0154,85
155,59539,59748.0,59879,True,-0.15728,0.81553,True,59539,59539,59747.0,59749.0,59879,59879,False,False,True,3.184,0.7705882352941177,0.97281,36,59834.0,86.0,bidmc-36-w085-0155,85
1,334,516.0,781,True,0.17958,1.1021,True,334,334,515.0,517.0,781,781,False,False,True,,0.814317673378076,0.9225200000000001,37,602.0,86.0,bidmc-37-w085-0001,85
2,781,922.0,1174,True,-0.03936,1.1292,True,781,781,893.0,951.0,1174,1174,False,False,True,3.248,0.7175572519083969,1.16856,37,1036.0,114.0,bidmc-37-w085-0002,85
3,1174,1337.0,1615,True,0.01968,1.1292,True,1174,1174,1299.0,1375.0,1615,1615,False,False,True,3.32,0.7392290249433107,1.10952,37,1460.0,123.0,bidmc-37-w085-0003,85
4,1615,1837.0,2101,True,-0.03813,1.1292,True,1615,1615,1805.0,1869.0,2101,2101,False,False,True,4.0,0.9135802469135803,1.16733,37,1954.0,117.0,bidmc-37-w085-0004,85
5,2101,2269.0,2513,True,0.00492,1.1292,True,2101,2101,2257.0,2281.0,2513,2513,False,False,True,3.456,0.8155339805825242,1.12428,37,2366.0,97.0,bidmc-37-w085-0005,85
6,2513,2686.0,2902,True,-0.052891,1.1292,True,2513,2513,2683.0,2689.0,2902,2902,False,False,True,3.336,0.8894601542416453,1.182091,37,2774.0,88.0,bidmc-37-w085-0006,85
7,2902,3067.0,3342,True,-0.03444,1.1292,True,2902,2902,3055.0,3079.0,3342,3342,False,False,True,3.048,0.75,1.16364,37,3164.0,97.0,bidmc-37-w085-0007,85
8,3342,3518.0,3779,True,-0.050431,1.1292,True,3342,3342,3505.0,3531.0,3779,3779,False,False,True,3.608,0.8054919908466819,1.1796309999999999,37,3616.0,98.0,bidmc-37-w085-0008,85
9,3779,3945.0,4137,True,0.067651,1.1292,True,3779,3779,3913.0,3977.0,4137,4137,False,False,True,3.416,0.9273743016759777,1.061549,37,4062.0,117.0,bidmc-37-w085-0009,85
10,4137,4286.0,4445,True,-0.12915,1.1292,True,4137,4137,4231.0,4341.0,4443,4447,False,False,True,2.728,0.9675324675324676,1.25835,37,4426.0,140.0,bidmc-37-w085-0010,85
11,4445,4549.0,4622,True,-0.12915,0.12669,True,4443,4447,4549.0,4549.0,4622,4622,False,False,True,2.104,0.8248587570621468,0.25583999999999996,37,4634.0,85.0,bidmc-37-w085-0011,85
12,4622,4817.0,5008,True,-0.12915,1.1292,True,4622,4622,4739.0,4895.0,5008,5008,False,False,True,2.144,0.9896373056994818,1.25835,37,4980.0,163.0,bidmc-37-w085-0012,85
13,5008,5300.0,5592,True,-0.12915,1.1292,True,5008,5008,5263.0,5337.0,5592,5592,False,False,True,3.864,1.0,1.25835,37,5422.0,122.0,bidmc-37-w085-0013,85
14,5592,5971.0,6190,True,-0.00246,1.1292,True,5592,5592,5919.0,6023.0,6190,6191,False,False,True,5.368,0.7324414715719063,1.1316599999999999,37,6108.0,137.0,bidmc-37-w085-0014,85
15,6190,6450.0,6674,True,-0.062731,1.1292,True,6190,6191,6401.0,6499.0,6674,6674,False,False,True,3.832,0.9256198347107438,1.191931,37,6584.0,134.0,bidmc-37-w085-0015,85
16,6674,6904.0,7140,True,-0.01845,1.1292,True,6674,6674,6875.0,6933.0,7140,7140,False,False,True,3.632,0.9871244635193133,1.14765,37,7018.0,114.0,bidmc-37-w085-0016,85
17,7140,7314.0,7555,True,-0.12915,1.1292,True,7140,7140,7291.0,7337.0,7555,7556,False,False,True,3.28,0.8385542168674699,1.25835,37,7422.0,108.0,bidmc-37-w085-0017,85
18,7555,7731.0,7929,True,-0.10209,1.1292,True,7555,7556,7707.0,7755.0,7929,7929,False,False,True,3.336,0.9411764705882353,1.23129,37,7840.0,109.0,bidmc-37-w085-0018,85
19,7929,8076.0,8272,True,-0.04305,1.1292,True,7929,7929,8047.0,8105.0,8272,8272,False,False,True,2.76,0.8571428571428572,1.17225,37,8190.0,114.0,bidmc-37-w085-0019,85
20,8272,8425.0,8621,True,-0.123,1.1292,True,8272,8272,8397.0,8453.0,8621,8621,False,False,True,2.792,0.8767908309455588,1.2522,37,8538.0,113.0,bidmc-37-w085-0020,85
21,8621,8772.0,8992,True,-0.12669,1.1292,True,8621,8621,8735.0,8809.0,8992,8992,False,False,True,2.776,0.8140161725067385,1.25589,37,8894.0,122.0,bidmc-37-w085-0021,85
22,8992,9139.0,9331,True,-0.089791,1.1292,True,8992,8992,9113.0,9165.0,9331,9331,False,False,True,2.936,0.8672566371681416,1.218991,37,9250.0,111.0,bidmc-37-w085-0022,85
23,9331,9476.0,9698,True,-0.12915,1.0849,True,9331,9331,9475.0,9477.0,9698,9699,False,False,True,2.696,0.7901907356948229,1.2140499999999999,37,9562.0,86.0,bidmc-37-w085-0023,85
24,9698,9884.0,10072,True,-0.02091,1.1292,True,9698,9699,9847.0,9921.0,10072,10072,False,False,True,3.264,0.9946524064171123,1.15011,37,10006.0,122.0,bidmc-37-w085-0024,85
25,10072,10200.0,10438,True,-0.12915,1.1292,True,10072,10072,10178.0,10223.0,10438,10438,False,False,True,2.528,0.6994535519125683,1.25835,37,10308.0,108.0,bidmc-37-w085-0025,85
26,10438,10622.0,10892,True,0.01845,1.1292,True,10438,10438,10593.0,10651.0,10892,10892,False,False,True,3.376,0.8105726872246696,1.11075,37,10736.0,114.0,bidmc-37-w085-0026,85
27,10892,11078.0,11307,True,0.02706,1.1292,True,10892,10892,11067.0,11089.0,11307,11307,False,False,True,3.648,0.8963855421686747,1.10214,37,11174.0,96.0,bidmc-37-w085-0027,85
28,11307,11472.0,11673,True,-0.0246,1.1292,True,11307,11307,11443.0,11501.0,11673,11673,False,False,True,3.152,0.9016393442622951,1.1538,37,11586.0,114.0,bidmc-37-w085-0028,85
29,11673,11818.0,12069,True,-0.073801,1.048,True,11673,11673,11817.0,11819.0,12069,12069,False,False,True,2.768,0.7323232323232323,1.121801,37,11904.0,86.0,bidmc-37-w085-0029,85
30,12069,12241.0,12438,True,-0.12915,0.95572,True,12069,12069,12241.0,12241.0,12438,12438,False,False,True,3.384,0.9322493224932249,1.08487,37,12326.0,85.0,bidmc-37-w085-0030,85
31,12438,12585.0,12820,True,-0.12423,0.8278,True,12438,12438,12584.0,12587.0,12820,12820,False,False,True,2.752,0.7696335078534031,0.9520299999999999,37,12672.0,87.0,bidmc-37-w085-0031,85
32,12820,12986.0,13249,True,0.04182,1.1292,True,12820,12820,12975.0,12997.0,13249,13249,False,False,True,3.208,0.7738927738927739,1.08738,37,13082.0,96.0,bidmc-37-w085-0032,85
33,13249,13440.0,13640,True,-0.00123,1.0677,True,13249,13249,13439.0,13441.0,13640,13640,False,False,True,3.632,0.9769820971867008,1.0689300000000002,37,13526.0,86.0,bidmc-37-w085-0033,85
34,13640,13790.0,14076,True,0.059041,0.81673,True,13640,13640,13789.0,13791.0,14076,14076,False,False,True,2.8,0.6880733944954128,0.757689,37,13876.0,86.0,bidmc-37-w085-0034,85
35,14076,14277.0,14412,True,-0.0061501,1.0209,True,14076,14076,14276.0,14279.0,14412,14412,False,False,True,3.896,0.8035714285714286,1.0270500999999999,37,14364.0,87.0,bidmc-37-w085-0035,85
36,14412,14541.0,14787,True,-0.12915,1.1292,True,14412,14412,14501.0,14581.0,14787,14787,False,False,True,2.112,0.688,1.25835,37,14666.0,125.0,bidmc-37-w085-0036,85
37,14787,14967.0,15203,True,-0.12915,1.0049,True,14787,14787,14967.0,14967.0,15203,15203,False,False,True,3.408,0.8653846153846154,1.1340499999999998,37,15052.0,85.0,bidmc-37-w085-0037,85
38,15203,15397.0,15634,True,-0.0061501,1.032,True,15203,15203,15395.0,15399.0,15634,15634,False,False,True,3.44,0.9002320185614849,1.0381501,37,15484.0,87.0,bidmc-37-w085-0038,85
39,15634,15818.0,16091,True,0.01845,1.064,True,15634,15634,15818.0,15819.0,16091,16091,False,False,True,3.368,0.8052516411378556,1.04555,37,15904.0,86.0,bidmc-37-w085-0039,85
40,16091,16288.0,16545,True,-0.03813,1.1021,True,16091,16091,16287.0,16289.0,16545,16545,False,False,True,3.76,0.8678414096916299,1.14023,37,16374.0,86.0,bidmc-37-w085-0040,85
41,16545,16717.0,16921,True,-0.065191,1.1292,True,16545,16545,16705.0,16729.0,16921,16921,False,False,True,3.432,0.9148936170212766,1.194391,37,16814.0,97.0,bidmc-37-w085-0041,85
42,16921,17075.0,17333,True,-0.12915,1.1292,True,16921,16921,17065.0,17085.0,17333,17333,False,False,True,2.864,0.7475728155339806,1.25835,37,17170.0,95.0,bidmc-37-w085-0042,85
43,17333,17499.0,17748,True,0.00369,1.0873,True,17333,17333,17497.0,17501.0,17748,17748,False,False,True,3.392,0.8,1.08361,37,17586.0,87.0,bidmc-37-w085-0043,85
44,17748,17910.0,18034,True,-0.081181,1.1156,True,17748,17748,17909.0,17911.0,18034,18034,False,False,True,3.288,0.8671328671328671,1.1967809999999999,37,17996.0,86.0,bidmc-37-w085-0044,85
45,18034,18162.0,18354,True,-0.12915,1.1292,True,18034,18034,18125.0,18199.0,18354,18354,False,False,True,2.016,0.8,1.25835,37,18284.0,122.0,bidmc-37-w085-0045,85
46,18354,18717.0,18955,True,-0.12915,1.1292,True,18354,18354,18705.0,18729.0,18955,18955,False,False,True,4.44,0.7920133111480865,1.25835,37,18814.0,97.0,bidmc-37-w085-0046,85
47,18955,19127.0,19463,True,-0.00123,1.1292,True,18955,18955,19098.0,19157.0,19463,19464,False,False,True,3.28,0.6771653543307087,1.13043,37,19242.0,115.0,bidmc-37-w085-0047,85
48,19463,19708.0,19914,True,-0.04797,1.1292,True,19463,19464,19689.0,19727.0,19914,19914,False,False,True,4.648,0.9135254988913526,1.17717,37,19812.0,104.0,bidmc-37-w085-0048,85
49,19914,20116.0,20301,True,-0.062731,1.1292,True,19914,19914,20067.0,20165.0,20301,20301,False,False,True,3.264,0.9560723514211886,1.191931,37,20250.0,134.0,bidmc-37-w085-0049,85
50,20301,20445.0,20701,True,-0.057811,1.0972,True,20301,20301,20444.0,20447.0,20701,20701,False,False,True,2.632,0.72,1.155011,37,20532.0,87.0,bidmc-37-w085-0050,85
51,20701,20879.0,21020,True,-0.12915,0.76261,True,20701,20701,20879.0,20879.0,21020,21020,False,False,True,3.472,0.8840125391849529,0.89176,37,20964.0,85.0,bidmc-37-w085-0051,85
52,21020,21327.0,21551,True,-0.11685,0.9139,True,21020,21020,21326.0,21329.0,21551,21551,False,False,True,3.584,0.8436911487758946,1.03075,37,21414.0,87.0,bidmc-37-w085-0052,85
53,21551,21714.0,21916,True,-0.12915,1.032,True,21551,21551,21713.0,21715.0,21916,21916,False,False,True,3.096,0.8931506849315068,1.1611500000000001,37,21800.0,86.0,bidmc-37-w085-0053,85
54,21916,22088.0,22390,True,0.03936,1.1292,True,21916,21916,22075.0,22101.0,22390,22390,False,False,True,2.992,0.7257383966244726,1.08984,37,22186.0,98.0,bidmc-37-w085-0054,85
55,22390,22548.0,22763,True,0.03321,1.1292,True,22390,22390,22543.0,22553.0,22763,22763,False,False,True,3.68,0.8471849865951743,1.09599,37,22638.0,90.0,bidmc-37-w085-0055,85
56,22763,22930.0,23141,True,-0.04059,1.0627,True,22763,22763,22929.0,22931.0,23141,23141,False,False,True,3.056,0.8835978835978836,1.1032899999999999,37,23016.0,86.0,bidmc-37-w085-0056,85
57,23141,23285.0,23588,True,-0.084871,1.1292,True,23141,23141,23263.0,23307.0,23588,23588,False,False,True,2.84,0.6442953020134228,1.214071,37,23392.0,107.0,bidmc-37-w085-0057,85
58,23588,23759.0,23961,True,-0.0061501,1.0492,True,23588,23588,23759.0,23759.0,23961,23962,False,False,True,3.792,0.9168900804289544,1.0553500999999998,37,23844.0,85.0,bidmc-37-w085-0058,85
59,23961,24109.0,24320,True,-0.0073801,1.0996,True,23961,23962,24109.0,24109.0,24320,24320,False,False,True,2.8,0.8245125348189415,1.1069801,37,24194.0,85.0,bidmc-37-w085-0059,85
60,24320,24471.0,24710,True,-0.12915,1.1058,True,24320,24320,24470.0,24473.0,24710,24710,False,False,True,2.896,0.7743589743589744,1.23495,37,24558.0,87.0,bidmc-37-w085-0060,85
61,24710,24849.0,25087,True,0.03444,0.9877,True,24710,24710,24849.0,24849.0,25087,25087,False,False,True,3.024,0.7374005305039788,0.95326,37,24934.0,85.0,bidmc-37-w085-0061,85
62,25087,25256.0,25481,True,-0.12915,1.1292,True,25087,25087,25247.0,25265.0,25481,25481,False,False,True,3.256,0.8578680203045685,1.25835,37,25350.0,94.0,bidmc-37-w085-0062,85
63,25481,25650.0,25905,True,-0.02337,1.1292,True,25481,25481,25619.0,25682.0,25905,25905,False,False,True,3.152,0.7971698113207547,1.1525699999999999,37,25767.0,117.0,bidmc-37-w085-0063,85
64,25905,26049.0,26262,True,-0.12915,0.84379,True,25905,25905,26048.0,26050.0,26262,26262,False,False,True,3.192,0.8067226890756303,0.97294,37,26135.0,86.0,bidmc-37-w085-0064,85
65,26262,26411.0,26708,True,-0.02952,0.98893,True,26262,26262,26411.0,26412.0,26708,26708,False,False,True,2.896,0.6681614349775784,1.01845,37,26497.0,86.0,bidmc-37-w085-0065,85
66,26708,26900.0,27102,True,0.02091,1.1082,True,26708,26708,26899.0,26901.0,27102,27102,False,False,True,3.912,0.9746192893401016,1.08729,37,26986.0,86.0,bidmc-37-w085-0066,85
67,27102,27213.0,27328,True,-0.12915,1.1292,True,27102,27102,27205.0,27221.0,27328,27328,False,False,True,2.504,0.9823008849557522,1.25835,37,27306.0,93.0,bidmc-37-w085-0067,85
68,27328,27632.0,27895,True,-0.12915,1.1292,True,27328,27328,27607.0,27657.0,27895,27896,False,False,True,3.352,0.9276895943562611,1.25835,37,27742.0,110.0,bidmc-37-w085-0068,85
69,27895,28064.0,28310,True,0.03567,1.1279,True,27895,27896,28063.0,28065.0,28310,28310,False,False,True,3.456,0.8144578313253013,1.0922299999999998,37,28150.0,86.0,bidmc-37-w085-0069,85
70,28310,28479.0,28752,True,-0.11439,0.99631,True,28310,28310,28479.0,28479.0,28752,28752,False,False,True,3.32,0.7647058823529411,1.1107,37,28564.0,85.0,bidmc-37-w085-0070,85
71,28752,28903.0,29132,True,-0.12915,0.96925,True,28752,28752,28903.0,28903.0,29132,29132,False,False,True,3.392,0.7947368421052632,1.0983999999999998,37,28988.0,85.0,bidmc-37-w085-0071,85
72,29132,29314.0,29364,True,-0.12915,0.77983,True,29132,29132,29313.0,29315.0,29364,29364,False,False,True,3.288,0.43103448275862066,0.90898,37,29400.0,86.0,bidmc-37-w085-0072,85
73,29364,29470.0,29544,True,-0.12915,0.82411,True,29364,29364,29468.0,29473.0,29544,29545,False,False,True,1.248,0.8222222222222222,0.95326,37,29558.0,88.0,bidmc-37-w085-0073,85
74,29544,29652.0,29896,True,-0.12915,1.0135,True,29544,29545,29651.0,29653.0,29896,29896,False,False,True,1.456,0.6136363636363636,1.1426500000000002,37,29738.0,86.0,bidmc-37-w085-0074,85
75,29896,30145.0,30298,True,-0.12915,1.0357,True,29896,29896,30144.0,30147.0,30298,30298,False,False,True,3.944,0.7611940298507462,1.16485,37,30232.0,87.0,bidmc-37-w085-0075,85
76,30298,30402.0,30630,True,-0.097171,0.76753,True,30298,30298,30401.0,30403.0,30630,30630,False,False,True,2.056,0.6265060240963856,0.864701,37,30488.0,86.0,bidmc-37-w085-0076,85
77,30630,30735.0,30829,True,-0.12915,0.56458,True,30630,30630,30735.0,30736.0,30829,30829,False,False,True,2.664,0.9447236180904522,0.69373,37,30821.0,86.0,bidmc-37-w085-0077,85
78,30829,30903.0,30970,True,-0.12915,0.54367,True,30829,30829,30903.0,30903.0,30970,30970,False,False,True,1.344,0.950354609929078,0.67282,37,30988.0,85.0,bidmc-37-w085-0078,85
79,30970,31153.0,31346,True,-0.12915,0.86347,True,30970,30970,31153.0,31153.0,31346,31346,False,False,True,2.0,0.973404255319149,0.99262,37,31238.0,85.0,bidmc-37-w085-0079,85
80,31346,31564.0,31730,True,-0.10947,1.0898,True,31346,31346,31563.0,31565.0,31730,31730,False,False,True,3.288,0.8645833333333334,1.19927,37,31650.0,86.0,bidmc-37-w085-0080,85
81,31730,31897.0,32000,True,-0.12915,0.96187,True,31730,31730,31897.0,31897.0,32000,32000,False,False,True,2.664,0.762962962962963,1.0910199999999999,37,31982.0,85.0,bidmc-37-w085-0081,85
82,32000,32041.0,32137,True,-0.077491,0.86962,True,32000,32000,32041.0,32041.0,32137,32137,False,False,True,1.152,0.5985401459854014,0.9471109999999999,37,32126.0,85.0,bidmc-37-w085-0082,85
83,32137,32230.0,32455,True,0.14268,0.76384,True,32137,32137,32229.0,32231.0,32455,32455,False,False,True,1.512,0.5849056603773585,0.6211599999999999,37,32316.0,86.0,bidmc-37-w085-0083,85
84,32455,32609.0,32857,True,-0.12915,1.1292,True,32455,32455,32591.0,32627.0,32857,32857,False,False,True,3.032,0.7661691542288558,1.25835,37,32712.0,103.0,bidmc-37-w085-0084,85
85,32857,32988.0,33224,True,-0.12915,0.85609,True,32857,32857,32988.0,32989.0,33224,33224,False,False,True,3.032,0.7138964577656676,0.98524,37,33074.0,86.0,bidmc-37-w085-0085,85
86,33224,33391.0,33608,True,-0.12915,1.1292,True,33224,33224,33389.0,33393.0,33608,33608,False,False,True,3.224,0.8697916666666666,1.25835,37,33478.0,87.0,bidmc-37-w085-0086,85
87,33608,33728.0,33963,True,-0.12915,1.0406,True,33608,33608,33727.0,33729.0,33963,33963,False,False,True,2.696,0.676056338028169,1.16975,37,33814.0,86.0,bidmc-37-w085-0087,85
88,33963,34141.0,34313,True,-0.12915,1.0037,True,33963,33963,34141.0,34142.0,34313,34314,False,False,True,3.304,0.9828571428571429,1.13285,37,34227.0,86.0,bidmc-37-w085-0088,85
89,34313,34477.0,34717,True,-0.12915,1.0135,True,34313,34314,34475.0,34479.0,34717,34717,False,False,True,2.688,0.8118811881188119,1.1426500000000002,37,34564.0,87.0,bidmc-37-w085-0089,85
90,34717,34890.0,35120,True,-0.12915,0.95449,True,34717,34717,34889.0,34891.0,35120,35120,False,False,True,3.304,0.858560794044665,1.08364,37,34976.0,86.0,bidmc-37-w085-0090,85
91,35120,35308.0,35452,True,-0.12915,0.754,True,35120,35120,35307.0,35309.0,35452,35452,False,False,True,3.344,0.8674698795180723,0.88315,37,35394.0,86.0,bidmc-37-w085-0091,85
92,35452,35634.0,35821,True,-0.12915,1.0258,True,35452,35452,35634.0,35635.0,35821,35821,False,False,True,2.608,0.986449864498645,1.15495,37,35720.0,86.0,bidmc-37-w085-0092,85
93,35821,36052.0,36209,True,-0.12915,1.1292,True,35821,35821,36045.0,36059.0,36209,36209,False,False,True,3.344,0.8092783505154639,1.25835,37,36144.0,92.0,bidmc-37-w085-0093,85
94,36209,36389.0,36531,True,0.17097,1.0517,True,36209,36209,36389.0,36389.0,36531,36531,False,False,True,2.696,0.8819875776397516,0.88073,37,36474.0,85.0,bidmc-37-w085-0094,85
95,36531,36663.0,36970,True,0.11439,1.1292,True,36531,36531,36637.0,36689.0,36970,36970,False,False,True,2.192,0.601366742596811,1.01481,37,36774.0,111.0,bidmc-37-w085-0095,85
96,36970,37135.0,37393,True,-0.12915,1.1292,True,36970,36970,37129.0,37141.0,37393,37393,False,False,True,3.776,0.7801418439716312,1.25835,37,37226.0,91.0,bidmc-37-w085-0096,85
97,37393,37559.0,37743,True,-0.12915,1.0873,True,37393,37393,37559.0,37559.0,37743,37743,False,False,True,3.392,0.9485714285714286,1.21645,37,37644.0,85.0,bidmc-37-w085-0097,85
98,37743,37899.0,38167,True,-0.089791,1.1292,True,37743,37743,37885.0,37913.0,38167,38167,False,False,True,2.72,0.7358490566037736,1.218991,37,37998.0,99.0,bidmc-37-w085-0098,85
99,38167,38380.0,38633,True,0.02214,1.1292,True,38167,38167,38349.0,38411.0,38633,38633,False,False,True,3.848,0.9141630901287554,1.10706,37,38496.0,116.0,bidmc-37-w085-0099,85
100,38633,38769.0,38996,True,-0.12915,0.99385,True,38633,38633,38769.0,38769.0,38996,38996,False,False,True,3.112,0.7493112947658402,1.123,37,38854.0,85.0,bidmc-37-w085-0100,85
101,38996,39151.0,39449,True,-0.12915,0.9262,True,38996,38996,39151.0,39151.0,39449,39449,False,False,True,3.056,0.684326710816777,1.05535,37,39236.0,85.0,bidmc-37-w085-0101,85
102,39449,39489.0,39594,True,-0.12915,0.12546,True,39449,39449,39489.0,39490.0,39594,39594,False,False,True,2.704,0.5517241379310345,0.25461,37,39575.0,86.0,bidmc-37-w085-0102,85
103,39594,40042.0,40304,True,-0.12915,1.1292,True,39594,39594,39961.0,40123.0,40304,40304,False,False,True,4.424,0.7380281690140845,1.25835,37,40208.0,166.0,bidmc-37-w085-0103,85
104,40304,40431.0,40714,True,0.14637,0.82042,True,40304,40304,40431.0,40431.0,40714,40714,False,False,True,3.112,0.6195121951219512,0.67405,37,40516.0,85.0,bidmc-37-w085-0104,85
105,40714,40898.0,41159,True,-0.12915,1.08,True,40714,40714,40897.0,40899.0,41159,41159,False,False,True,3.736,0.8269662921348315,1.2091500000000002,37,40984.0,86.0,bidmc-37-w085-0105,85
106,41159,41320.0,41532,True,-0.12915,0.87331,True,41159,41159,41320.0,41321.0,41532,41532,False,False,True,3.376,0.8632707774798928,1.0024600000000001,37,41406.0,86.0,bidmc-37-w085-0106,85
107,41532,41741.0,41891,True,-0.12915,0.75154,True,41532,41532,41741.0,41741.0,41891,41891,False,False,True,3.368,0.8356545961002786,0.88069,37,41826.0,85.0,bidmc-37-w085-0107,85
108,41891,42079.0,42246,True,-0.12915,0.9631,True,41891,41891,42079.0,42079.0,42246,42246,False,False,True,2.704,0.9408450704225352,1.09225,37,42164.0,85.0,bidmc-37-w085-0108,85
109,42246,42415.0,42612,True,-0.092251,0.95449,True,42246,42246,42415.0,42415.0,42612,42612,False,False,True,2.688,0.9234972677595629,1.046741,37,42500.0,85.0,bidmc-37-w085-0109,85
110,42612,42790.0,43017,True,-0.091021,1.1292,True,42612,42612,42735.0,42845.0,43017,43017,False,False,True,3.0,0.8790123456790123,1.220221,37,42930.0,140.0,bidmc-37-w085-0110,85
111,43017,43237.0,43413,True,-0.123,1.0935,True,43017,43017,43235.0,43239.0,43413,43413,False,False,True,3.576,0.8888888888888888,1.2165,37,43324.0,87.0,bidmc-37-w085-0111,85
112,43413,43512.0,43781,True,-0.12915,0.81673,True,43413,43413,43512.0,43513.0,43781,43781,False,False,True,2.2,0.5380434782608696,0.9458799999999999,37,43598.0,86.0,bidmc-37-w085-0112,85
113,43781,43933.0,44088,True,-0.12915,0.74539,True,43781,43781,43933.0,43933.0,44088,44088,False,False,True,3.368,0.990228013029316,0.87454,37,44018.0,85.0,bidmc-37-w085-0113,85
114,44088,44273.0,44494,True,-0.12915,0.94096,True,44088,44088,44273.0,44273.0,44494,44494,False,False,True,2.72,0.9113300492610837,1.0701100000000001,37,44358.0,85.0,bidmc-37-w085-0114,85
115,44494,44694.0,44896,True,-0.12915,0.95818,True,44494,44494,44694.0,44695.0,44896,44896,False,False,True,3.368,0.9950248756218906,1.0873300000000001,37,44780.0,86.0,bidmc-37-w085-0115,85
116,44896,45148.0,45310,True,-0.12915,1.1292,True,44896,44896,45085.0,45211.0,45310,45310,False,False,True,3.632,0.782608695652174,1.25835,37,45296.0,148.0,bidmc-37-w085-0116,85
117,45310,45446.0,45660,True,-0.12915,0.74416,True,45310,45310,45445.0,45447.0,45660,45661,False,False,True,2.384,0.7771428571428571,0.87331,37,45532.0,86.0,bidmc-37-w085-0117,85
118,45660,45759.0,45877,True,-0.093481,0.60394,True,45660,45661,45759.0,45759.0,45877,45877,False,False,True,2.504,0.9124423963133641,0.6974210000000001,37,45844.0,85.0,bidmc-37-w085-0118,85
119,45877,45947.0,46080,True,-0.097171,0.30873,True,45877,45877,45946.0,45948.0,46080,46080,False,False,True,1.504,0.6896551724137931,0.405901,37,46033.0,86.0,bidmc-37-w085-0119,85
120,46080,46278.0,46514,True,-0.12915,0.8032,True,46080,46080,46277.0,46279.0,46514,46514,False,False,True,2.648,0.9124423963133641,0.93235,37,46364.0,86.0,bidmc-37-w085-0120,85
121,46514,46623.0,46657,True,-0.02706,0.72448,True,46514,46514,46621.0,46625.0,46657,46657,False,False,True,2.76,0.4755244755244755,0.75154,37,46710.0,87.0,bidmc-37-w085-0121,85
122,46657,46781.0,46915,True,-0.12915,0.76507,True,46657,46657,46781.0,46782.0,46915,46915,False,False,True,1.264,0.9612403100775194,0.89422,37,46867.0,86.0,bidmc-37-w085-0122,85
124,47030,47121.0,47241,True,-0.12915,0.58057,True,47029,47032,47121.0,47121.0,47241,47241,False,False,True,0.728,0.8625592417061612,0.70972,37,47206.0,85.0,bidmc-37-w085-0124,85
125,47241,47371.0,47600,True,-0.12915,0.80935,True,47241,47241,47371.0,47371.0,47600,47600,False,False,True,2.0,0.724233983286908,0.9385,37,47456.0,85.0,bidmc-37-w085-0125,85
126,47600,47793.0,47966,True,-0.12915,0.73432,True,47600,47600,47793.0,47793.0,47966,47966,False,False,True,3.376,0.9453551912568307,0.86347,37,47878.0,85.0,bidmc-37-w085-0126,85
127,47966,48150.0,48344,True,-0.12915,1.1292,True,47966,47966,48117.0,48183.0,48344,48345,False,False,True,2.856,0.9735449735449735,1.25835,37,48268.0,118.0,bidmc-37-w085-0127,85
128,48344,48460.0,48687,True,-0.01476,1.1292,True,48344,48345,48457.0,48463.0,48687,48687,False,False,True,2.48,0.6763848396501457,1.14396,37,48548.0,88.0,bidmc-37-w085-0128,85
129,48687,48793.0,49070,True,0.11316,0.8524,True,48687,48687,48793.0,48793.0,49070,49070,False,False,True,2.664,0.5535248041775457,0.73924,37,48878.0,85.0,bidmc-37-w085-0129,85
130,49070,49215.0,49488,True,-0.00369,0.76876,True,49070,49070,49215.0,49215.0,49488,49488,False,False,True,3.376,0.69377990430622,0.77245,37,49300.0,85.0,bidmc-37-w085-0130,85
131,49488,49710.0,49858,True,-0.00246,0.83764,True,49488,49488,49709.0,49711.0,49858,49858,False,False,True,3.96,0.8,0.8401000000000001,37,49796.0,86.0,bidmc-37-w085-0131,85
132,49858,49981.0,50124,True,-0.12915,1.0738,True,49858,49858,49981.0,49981.0,50124,50124,False,False,True,2.168,0.924812030075188,1.20295,37,50066.0,85.0,bidmc-37-w085-0132,85
133,50124,50366.0,50607,True,-0.12915,1.1292,True,50124,50124,50347.0,50385.0,50607,50608,False,False,True,3.08,0.9979296066252588,1.25835,37,50470.0,104.0,bidmc-37-w085-0133,85
134,50607,50858.0,51142,True,0.03075,1.1292,True,50607,50608,50831.0,50885.0,51142,51142,False,False,True,3.936,0.9383177570093458,1.09845,37,50970.0,112.0,bidmc-37-w085-0134,85
135,51142,51371.0,51596,True,0.10701,1.1046,True,51142,51142,51371.0,51371.0,51596,51596,False,False,True,4.104,0.9911894273127754,0.99759,37,51456.0,85.0,bidmc-37-w085-0135,85
136,51596,51775.0,52018,True,0.10824,1.0996,True,51596,51596,51774.0,51777.0,52018,52018,False,False,True,3.232,0.8483412322274881,0.9913599999999999,37,51862.0,87.0,bidmc-37-w085-0136,85
137,52018,52185.0,52429,True,0.02091,1.0455,True,52018,52018,52185.0,52186.0,52429,52429,False,False,True,3.28,0.8126520681265207,1.0245900000000001,37,52271.0,86.0,bidmc-37-w085-0137,85
138,52429,52594.0,52858,True,0.0123,0.58303,True,52429,52429,52593.0,52595.0,52858,52858,False,False,True,3.272,0.7692307692307692,0.5707300000000001,37,52680.0,86.0,bidmc-37-w085-0138,85
139,52858,53033.0,53160,True,-0.02829,0.83026,True,52858,52858,53033.0,53033.0,53160,53160,False,False,True,3.512,0.8410596026490066,0.85855,37,53118.0,85.0,bidmc-37-w085-0139,85
140,53160,53335.0,53474,True,-0.12915,1.1292,True,53160,53160,53277.0,53393.0,53470,53478,False,False,True,2.416,0.8853503184713376,1.25835,37,53478.0,143.0,bidmc-37-w085-0140,85
141,53474,53592.0,53697,True,-0.12915,1.1292,True,53470,53478,53555.0,53629.0,53680,53714,False,False,True,2.056,0.9417040358744395,1.25835,37,53714.0,122.0,bidmc-37-w085-0141,85
142,53697,53769.0,53883,True,-0.12915,1.1292,True,53680,53714,53765.0,53773.0,53883,53884,False,False,True,1.416,0.7741935483870968,1.25835,37,53858.0,89.0,bidmc-37-w085-0142,85
143,53883,53894.0,53991,True,0.01968,0.12054,True,53883,53884,53893.0,53895.0,53991,53991,False,False,True,1.0,0.20370370370370372,0.10085999999999999,37,53980.0,86.0,bidmc-37-w085-0143,85
144,53991,54161.0,54464,True,0.01599,1.1292,True,53991,53991,54145.0,54177.0,54464,54465,False,False,True,2.136,0.7188160676532769,1.11321,37,54262.0,101.0,bidmc-37-w085-0144,85
145,54464,54759.0,55035,True,0.03567,1.1292,True,54464,54465,54730.0,54789.0,55035,55035,False,False,True,4.784,0.9667250437828371,1.09353,37,54874.0,115.0,bidmc-37-w085-0145,85
146,55035,55250.0,55523,True,0.057811,1.0824,True,55035,55035,55249.0,55251.0,55523,55523,False,False,True,3.928,0.8811475409836066,1.024589,37,55336.0,86.0,bidmc-37-w085-0146,85
147,55523,55692.0,55974,True,0.04059,0.80074,True,55523,55523,55691.0,55693.0,55974,55974,False,False,True,3.536,0.7494456762749446,0.76015,37,55778.0,86.0,bidmc-37-w085-0147,85
148,55974,56158.0,56408,True,-0.02337,0.73678,True,55974,55974,56157.0,56159.0,56408,56408,False,False,True,3.728,0.847926267281106,0.76015,37,56244.0,86.0,bidmc-37-w085-0148,85
149,56408,56546.0,56797,True,-0.11685,0.79951,True,56408,56408,56545.0,56547.0,56797,56797,False,False,True,3.104,0.7095115681233933,0.9163600000000001,37,56632.0,86.0,bidmc-37-w085-0149,85
150,56797,56952.0,57172,True,-0.059041,0.71956,True,56797,56797,56952.0,56953.0,57172,57172,False,False,True,3.248,0.8266666666666667,0.778601,37,57038.0,86.0,bidmc-37-w085-0150,85
151,57172,57323.0,57587,True,-0.02829,0.89053,True,57172,57172,57322.0,57324.0,57587,57587,False,False,True,2.968,0.727710843373494,0.9188200000000001,37,57409.0,86.0,bidmc-37-w085-0151,85
152,57587,57748.0,57973,True,-0.03936,0.75523,True,57587,57587,57747.0,57749.0,57973,57973,False,False,True,3.4,0.8341968911917098,0.7945899999999999,37,57834.0,86.0,bidmc-37-w085-0152,85
153,57973,58131.0,58306,True,-0.10947,0.8278,True,57973,57973,58131.0,58132.0,58306,58306,False,False,True,3.064,0.948948948948949,0.9372699999999999,37,58217.0,86.0,bidmc-37-w085-0153,85
154,58306,58456.0,58637,True,-0.12915,1.1292,True,58306,58306,58429.0,58483.0,58637,58637,False,False,True,2.6,0.9063444108761329,1.25835,37,58568.0,112.0,bidmc-37-w085-0154,85
155,58637,58675.0,58789,True,-0.01599,0.32964,True,58637,58637,58675.0,58675.0,58789,58789,False,False,True,1.752,0.5,0.34563,37,58760.0,85.0,bidmc-37-w085-0155,85
156,58789,58961.0,59257,True,-0.091021,0.90406,True,58789,58789,58961.0,58961.0,59257,59257,False,False,True,2.288,0.7350427350427351,0.995081,37,59046.0,85.0,bidmc-37-w085-0156,85
157,59257,59390.0,59661,True,0.1107,0.6187,True,59257,59257,59389.0,59391.0,59661,59661,False,False,True,3.432,0.6584158415841583,0.508,37,59476.0,86.0,bidmc-37-w085-0157,85
1,114,308.0,533,True,0.0,1.0,True,114,114,228.0,388.0,524,542,False,False,True,,0.9260143198090692,1.0,38,473.0,165.0,bidmc-38-w085-0001,85
2,533,766.0,1114,True,0.0,1.0,True,524,542,690.0,842.0,1092,1136,False,False,True,3.664,0.802065404475043,1.0,38,927.0,161.0,bidmc-38-w085-0002,85
3,1114,1308.0,1512,True,0.0,1.0,True,1092,1136,1244.0,1372.0,1512,1513,False,False,True,4.336,0.9748743718592965,1.0,38,1457.0,149.0,bidmc-38-w085-0003,85
4,1512,1592.0,1721,True,0.0,0.40371,True,1512,1513,1589.0,1596.0,1721,1722,False,False,True,2.272,0.7655502392344498,0.40371,38,1681.0,89.0,bidmc-38-w085-0004,85
5,1721,1887.0,2171,True,0.0,1.0,True,1721,1722,1822.0,1952.0,2148,2194,False,False,True,2.36,0.7377777777777778,1.0,38,2037.0,150.0,bidmc-38-w085-0005,85
6,2171,2411.0,2730,True,0.0,1.0,True,2148,2194,2334.0,2488.0,2698,2762,False,False,True,4.192,0.8586762075134168,1.0,38,2573.0,162.0,bidmc-38-w085-0006,85
7,2730,2952.0,3270,True,0.0,1.0,True,2698,2762,2874.0,3030.0,3270,3270,False,False,True,4.328,0.8222222222222222,1.0,38,3115.0,163.0,bidmc-38-w085-0007,85
8,3270,3459.0,3752,True,0.0,1.0,True,3270,3270,3388.0,3530.0,3752,3752,False,False,True,4.056,0.7842323651452282,1.0,38,3615.0,156.0,bidmc-38-w085-0008,85
9,3752,3803.0,3805,True,0.0,0.055718,True,3752,3752,3802.0,3804.0,3805,3805,False,False,True,2.752,0.07547169811320753,0.055718,38,3889.0,86.0,bidmc-38-w085-0009,85
10,3805,4003.0,4303,True,0.0,1.0,True,3805,3805,3924.0,4082.0,4303,4303,False,False,True,1.6,0.7951807228915663,1.0,38,4167.0,164.0,bidmc-38-w085-0010,85
11,4303,4487.0,4767,True,0.0,1.0,True,4303,4303,4412.0,4562.0,4767,4767,False,False,True,3.872,0.7931034482758621,1.0,38,4647.0,160.0,bidmc-38-w085-0011,85
12,4767,4993.0,5299,True,0.0,1.0,True,4767,4767,4910.0,5076.0,5299,5299,False,False,True,4.048,0.849624060150376,1.0,38,5161.0,168.0,bidmc-38-w085-0012,85
13,5299,5508.0,5793,True,0.0,1.0,True,5299,5299,5434.0,5582.0,5793,5793,False,False,True,4.12,0.8461538461538461,1.0,38,5667.0,159.0,bidmc-38-w085-0013,85
14,5793,5975.0,6244,True,0.0,1.0,True,5793,5793,5902.0,6049.0,6244,6244,False,False,True,3.736,0.8070953436807096,1.0,38,6134.0,159.0,bidmc-38-w085-0014,85
15,6244,6439.0,6716,True,0.0,1.0,True,6244,6244,6360.0,6518.0,6716,6716,False,False,True,3.712,0.826271186440678,1.0,38,6603.0,164.0,bidmc-38-w085-0015,85
16,6716,6927.0,7182,True,0.0,1.0,True,6716,6716,6846.0,7008.0,7182,7182,False,False,True,3.904,0.9055793991416309,1.0,38,7093.0,166.0,bidmc-38-w085-0016,85
17,7182,7411.0,7660,True,0.0,1.0,True,7182,7182,7334.0,7488.0,7644,7676,False,False,True,3.872,0.9581589958158996,1.0,38,7573.0,162.0,bidmc-38-w085-0017,85
18,7660,7859.0,8084,True,0.0,1.0,True,7644,7676,7782.0,7936.0,8084,8084,False,False,True,3.584,0.9386792452830188,1.0,38,8021.0,162.0,bidmc-38-w085-0018,85
19,8084,8258.0,8534,True,0.0,1.0,True,8084,8084,8184.0,8332.0,8489,8580,False,False,True,3.192,0.7733333333333333,1.0,38,8417.0,159.0,bidmc-38-w085-0019,85
20,8534,8776.0,9064,True,0.0,1.0,True,8489,8580,8692.0,8860.0,9040,9088,False,False,True,4.144,0.9132075471698113,1.0,38,8945.0,169.0,bidmc-38-w085-0020,85
21,9064,9268.0,9525,True,0.0,1.0,True,9040,9088,9192.0,9344.0,9510,9540,False,False,True,3.936,0.8850325379609545,1.0,38,9429.0,161.0,bidmc-38-w085-0021,85
22,9525,9743.0,10002,True,0.0,1.0,True,9510,9540,9666.0,9820.0,9988,10016,False,False,True,3.8,0.9140461215932913,1.0,38,9905.0,162.0,bidmc-38-w085-0022,85
23,10002,10216.0,10490,True,0.0,1.0,True,9988,10016,10140.0,10292.0,10490,10490,False,False,True,3.784,0.8770491803278688,1.0,38,10377.0,161.0,bidmc-38-w085-0023,85
24,10490,10673.0,10926,True,0.0,1.0,True,10490,10490,10598.0,10748.0,10926,10926,False,False,True,3.656,0.8394495412844036,1.0,38,10833.0,160.0,bidmc-38-w085-0024,85
25,10926,11106.0,11382,True,0.0,1.0,True,10926,10926,11028.0,11184.0,11374,11390,False,False,True,3.464,0.7894736842105263,1.0,38,11269.0,163.0,bidmc-38-w085-0025,85
26,11382,11586.0,11844,True,0.0,1.0,True,11374,11390,11500.0,11672.0,11810,11878,False,False,True,3.84,0.8831168831168831,1.0,38,11757.0,171.0,bidmc-38-w085-0026,85
27,11844,12059.0,12344,True,0.0,1.0,True,11810,11878,11986.0,12132.0,12330,12358,False,False,True,3.784,0.86,1.0,38,12217.0,158.0,bidmc-38-w085-0027,85
28,12344,12549.0,12812,True,0.0,1.0,True,12330,12358,12472.0,12626.0,12806,12818,False,False,True,3.92,0.8760683760683761,1.0,38,12711.0,162.0,bidmc-38-w085-0028,85
29,12812,13003.0,13277,True,0.0,1.0,True,12806,12818,12926.0,13080.0,13268,13286,False,False,True,3.632,0.821505376344086,1.0,38,13165.0,162.0,bidmc-38-w085-0029,85
30,13277,13473.0,13711,True,0.0,1.0,True,13268,13286,13392.0,13554.0,13700,13722,False,False,True,3.76,0.9032258064516129,1.0,38,13639.0,166.0,bidmc-38-w085-0030,85
31,13711,13909.0,14158,True,0.0,1.0,True,13700,13722,13832.0,13986.0,14158,14158,False,False,True,3.488,0.8859060402684564,1.0,38,14071.0,162.0,bidmc-38-w085-0031,85
32,14158,14336.0,14590,True,0.0,1.0,True,14158,14158,14262.0,14410.0,14582,14598,False,False,True,3.416,0.8240740740740741,1.0,38,14495.0,159.0,bidmc-38-w085-0032,85
33,14590,14781.0,15017,True,0.0,1.0,True,14582,14598,14704.0,14858.0,15014,15020,False,False,True,3.56,0.8946135831381733,1.0,38,14943.0,162.0,bidmc-38-w085-0033,85
34,15017,15331.0,15580,True,0.0,1.0,True,15014,15020,15252.0,15410.0,15580,15580,False,False,True,4.4,0.8845470692717584,1.0,38,15495.0,164.0,bidmc-38-w085-0034,85
35,15580,15776.0,16022,True,0.0,1.0,True,15580,15580,15694.0,15858.0,16018,16026,False,False,True,3.56,0.8868778280542986,1.0,38,15943.0,167.0,bidmc-38-w085-0035,85
36,16022,16225.0,16463,True,0.0,1.0,True,16018,16026,16132.0,16318.0,16442,16484,False,False,True,3.592,0.9206349206349207,1.0,38,16403.0,178.0,bidmc-38-w085-0036,85
37,16463,16747.0,17017,True,0.0,1.0,True,16442,16484,16664.0,16830.0,17004,17030,False,False,True,4.176,0.9747292418772563,1.0,38,16915.0,168.0,bidmc-38-w085-0037,85
38,17017,17216.0,17440,True,0.0,1.0,True,17004,17030,17136.0,17296.0,17416,17465,False,False,True,3.752,0.9408983451536643,1.0,38,17381.0,165.0,bidmc-38-w085-0038,85
39,17440,17690.0,17964,True,0.0,1.0,True,17416,17465,17610.0,17770.0,17944,17984,False,False,True,3.792,0.9541984732824428,1.0,38,17855.0,165.0,bidmc-38-w085-0039,85
40,17964,18164.0,18425,True,0.0,1.0,True,17944,17984,18092.0,18236.0,18404,18447,False,False,True,3.792,0.8676789587852495,1.0,38,18321.0,157.0,bidmc-38-w085-0040,85
41,18425,18630.0,18895,True,0.0,1.0,True,18404,18447,18556.0,18704.0,18894,18896,False,False,True,3.728,0.8723404255319149,1.0,38,18789.0,159.0,bidmc-38-w085-0041,85
42,18895,19079.0,19348,True,0.0,1.0,True,18894,18896,19008.0,19150.0,19322,19374,False,False,True,3.592,0.8123620309050773,1.0,38,19235.0,156.0,bidmc-38-w085-0042,85
43,19348,19554.0,19793,True,0.0,1.0,True,19322,19374,19488.0,19620.0,19782,19804,False,False,True,3.8,0.9258426966292135,1.0,38,19705.0,151.0,bidmc-38-w085-0043,85
44,19793,20011.0,20289,True,0.0,1.0,True,19782,19804,19934.0,20088.0,20282,20296,False,False,True,3.656,0.8790322580645161,1.0,38,20173.0,162.0,bidmc-38-w085-0044,85
45,20289,20477.0,20761,True,0.0,1.0,True,20282,20296,20406.0,20548.0,20736,20786,False,False,True,3.728,0.7966101694915254,1.0,38,20633.0,156.0,bidmc-38-w085-0045,85
46,20761,20973.0,21217,True,0.0,1.0,True,20736,20786,20890.0,21056.0,21186,21248,False,False,True,3.968,0.9298245614035088,1.0,38,21141.0,168.0,bidmc-38-w085-0046,85
47,21217,21427.0,21673,True,0.0,1.0,True,21186,21248,21356.0,21498.0,21660,21686,False,False,True,3.632,0.9210526315789473,1.0,38,21583.0,156.0,bidmc-38-w085-0047,85
48,21673,22006.0,22304,True,0.0,1.0,True,21660,21686,21796.0,22216.0,22304,22304,False,False,True,4.632,0.9445324881141046,1.0,38,22301.0,295.0,bidmc-38-w085-0048,85
49,22304,22461.0,22550,True,0.0,1.0,True,22304,22304,22428.0,22494.0,22521,22579,False,False,True,3.64,0.7235772357723578,1.0,38,22579.0,118.0,bidmc-38-w085-0049,85
50,22550,22634.0,22804,True,0.0,1.0,True,22521,22579,22606.0,22662.0,22804,22804,False,False,True,1.384,0.6614173228346456,1.0,38,22747.0,113.0,bidmc-38-w085-0050,85
51,22804,22808.0,22835,True,0.17302,0.43891,True,22804,22804,22808.0,22808.0,22835,22835,False,False,True,1.392,0.25806451612903225,0.26589,38,22893.0,85.0,bidmc-38-w085-0051,85
52,22835,22967.0,23122,True,0.0,1.0,True,22835,22835,22954.0,22980.0,23122,23122,False,False,True,1.272,0.9198606271777003,1.0,38,23065.0,98.0,bidmc-38-w085-0052,85
53,23122,23152.0,23226,True,0.34604,0.58944,True,23122,23122,23152.0,23152.0,23226,23226,False,False,True,1.48,0.5769230769230769,0.24339999999999995,38,23237.0,85.0,bidmc-38-w085-0053,85
54,23226,23499.0,23740,True,0.24145,1.0,True,23226,23226,23372.0,23626.0,23740,23741,False,False,True,2.776,0.9377431906614786,0.7585500000000001,38,23711.0,212.0,bidmc-38-w085-0054,85
56,23889,24012.0,24065,True,0.75953,1.0,True,23888,23891,24003.0,24022.0,24023,24107,False,False,True,0.984,0.6022727272727273,0.24046999999999996,38,24107.0,95.0,bidmc-38-w085-0056,85
57,24065,24112.0,24243,True,0.12121,1.0,True,24023,24107,24108.0,24116.0,24243,24243,False,False,True,0.8,0.5280898876404494,0.87879,38,24201.0,89.0,bidmc-38-w085-0057,85
58,24243,24457.0,24695,True,0.0,0.74878,True,24243,24243,24456.0,24458.0,24695,24695,False,False,True,2.76,0.9469026548672567,0.74878,38,24543.0,86.0,bidmc-38-w085-0058,85
59,24695,24873.0,25055,True,0.0097752,0.71945,True,24695,24695,24873.0,24874.0,25055,25055,False,False,True,3.328,0.9888888888888889,0.7096748,38,24959.0,86.0,bidmc-38-w085-0059,85
60,25055,25234.0,25336,True,0.13099,0.48876,True,25055,25055,25234.0,25234.0,25336,25336,False,False,True,2.888,0.7259786476868327,0.35777,38,25319.0,85.0,bidmc-38-w085-0060,85
61,25336,25440.0,25586,True,0.0,0.55327,True,25336,25336,25440.0,25440.0,25586,25586,False,False,True,1.648,0.832,0.55327,38,25525.0,85.0,bidmc-38-w085-0061,85
62,25586,25592.0,25636,True,0.1261,0.25806,True,25586,25586,25592.0,25592.0,25636,25636,False,False,True,1.216,0.24,0.13196000000000002,38,25677.0,85.0,bidmc-38-w085-0062,85
63,25636,25774.0,25927,True,0.017595,1.0,True,25636,25636,25742.0,25806.0,25927,25927,False,False,True,1.456,0.9484536082474226,0.982405,38,25891.0,117.0,bidmc-38-w085-0063,85
64,25927,26092.0,26288,True,0.1349,1.0,True,25927,25927,26048.0,26136.0,26288,26288,False,False,True,2.544,0.9141274238227147,0.8651,38,26221.0,129.0,bidmc-38-w085-0064,85
65,26288,26435.0,26634,True,0.0,1.0,True,26288,26288,26410.0,26460.0,26634,26634,False,False,True,2.744,0.8497109826589595,1.0,38,26545.0,110.0,bidmc-38-w085-0065,85
66,26634,26827.0,27025,True,0.032258,1.0,True,26634,26634,26778.0,26876.0,27025,27025,False,False,True,3.136,0.9872122762148338,0.967742,38,26961.0,134.0,bidmc-38-w085-0066,85
67,27025,27190.0,27382,True,0.0,1.0,True,27025,27025,27126.0,27254.0,27382,27382,False,False,True,2.904,0.9243697478991597,1.0,38,27339.0,149.0,bidmc-38-w085-0067,85
68,27382,27536.0,27652,True,0.0,1.0,True,27382,27382,27488.0,27584.0,27635,27669,False,False,True,2.768,0.8592592592592593,1.0,38,27669.0,133.0,bidmc-38-w085-0068,85
69,27652,27776.0,27982,True,0.0,1.0,True,27635,27669,27720.0,27832.0,27974,27990,False,False,True,1.92,0.7515151515151515,1.0,38,27917.0,141.0,bidmc-38-w085-0069,85
70,27982,28169.0,28360,True,0.0,1.0,True,27974,27990,28106.0,28232.0,28360,28360,False,False,True,3.144,0.9894179894179894,1.0,38,28317.0,148.0,bidmc-38-w085-0070,85
71,28360,28563.0,28763,True,0.0,1.0,True,28360,28360,28490.0,28636.0,28763,28763,False,False,True,3.152,0.9925558312655087,1.0,38,28721.0,158.0,bidmc-38-w085-0071,85
72,28763,28942.0,29154,True,0.0,1.0,True,28763,28763,28874.0,29010.0,29154,29155,False,False,True,3.032,0.9156010230179028,1.0,38,29095.0,153.0,bidmc-38-w085-0072,85
73,29154,29282.0,29536,True,0.0,1.0,True,29154,29155,29258.0,29306.0,29510,29562,False,False,True,2.72,0.6701570680628273,1.0,38,29391.0,109.0,bidmc-38-w085-0073,85
74,29536,29767.0,29956,True,0.0,1.0,True,29510,29562,29712.0,29822.0,29956,29956,False,False,True,3.88,0.9,1.0,38,29907.0,140.0,bidmc-38-w085-0074,85
75,29956,30143.0,30350,True,0.0,1.0,True,29956,29956,30078.0,30208.0,30350,30350,False,False,True,3.008,0.949238578680203,1.0,38,30293.0,150.0,bidmc-38-w085-0075,85
76,30350,30518.0,30705,True,0.0,1.0,True,30350,30350,30458.0,30578.0,30705,30705,False,False,True,3.0,0.9464788732394366,1.0,38,30663.0,145.0,bidmc-38-w085-0076,85
77,30705,30733.0,30909,True,0.0,0.68817,True,30705,30705,30733.0,30734.0,30909,30909,False,False,True,1.72,0.27450980392156865,0.68817,38,30819.0,86.0,bidmc-38-w085-0077,85
78,30909,31100.0,31362,True,0.0,1.0,True,30909,30909,31030.0,31170.0,31362,31362,False,False,True,2.936,0.8432671081677704,1.0,38,31255.0,155.0,bidmc-38-w085-0078,85
79,31362,31575.0,31817,True,0.0,1.0,True,31362,31362,31494.0,31656.0,31817,31817,False,False,True,3.8,0.9362637362637363,1.0,38,31741.0,166.0,bidmc-38-w085-0079,85
80,31817,32014.0,32262,True,0.0,1.0,True,31817,31817,31946.0,32082.0,32260,32264,False,False,True,3.512,0.8853932584269663,1.0,38,32167.0,153.0,bidmc-38-w085-0080,85
81,32262,32483.0,32759,True,0.0,1.0,True,32260,32264,32404.0,32562.0,32752,32766,False,False,True,3.752,0.8893360160965795,1.0,38,32647.0,164.0,bidmc-38-w085-0081,85
82,32759,32962.0,33229,True,0.0,1.0,True,32752,32766,32878.0,33046.0,33226,33232,False,False,True,3.832,0.8638297872340426,1.0,38,33131.0,169.0,bidmc-38-w085-0082,85
83,33229,33445.0,33698,True,0.0,1.0,True,33226,33232,33360.0,33530.0,33698,33698,False,False,True,3.864,0.9211087420042644,1.0,38,33615.0,170.0,bidmc-38-w085-0083,85
84,33698,33903.0,34150,True,0.0,1.0,True,33698,33698,33812.0,33994.0,34150,34150,False,False,True,3.664,0.9070796460176991,1.0,38,34079.0,176.0,bidmc-38-w085-0084,85
85,34150,34390.0,34640,True,0.0,1.0,True,34150,34150,34298.0,34482.0,34640,34640,False,False,True,3.896,0.9795918367346939,1.0,38,34567.0,177.0,bidmc-38-w085-0085,85
86,34640,34839.0,35130,True,0.0,1.0,True,34640,34640,34764.0,34914.0,35130,35130,False,False,True,3.592,0.8122448979591836,1.0,38,34999.0,160.0,bidmc-38-w085-0086,85
87,35130,35327.0,35604,True,0.0,1.0,True,35130,35130,35238.0,35416.0,35604,35604,False,False,True,3.904,0.8312236286919832,1.0,38,35501.0,174.0,bidmc-38-w085-0087,85
88,35604,35818.0,36083,True,0.0,1.0,True,35604,35604,35720.0,35916.0,36083,36083,False,False,True,3.928,0.8935281837160751,1.0,38,36001.0,183.0,bidmc-38-w085-0088,85
89,36083,36276.0,36554,True,0.0,1.0,True,36083,36083,36214.0,36338.0,36554,36554,False,False,True,3.664,0.8195329087048833,1.0,38,36423.0,147.0,bidmc-38-w085-0089,85
90,36554,36772.0,37009,True,0.0,1.0,True,36554,36554,36668.0,36876.0,37009,37009,False,False,True,3.968,0.9582417582417583,1.0,38,36961.0,189.0,bidmc-38-w085-0090,85
91,37009,37215.0,37455,True,0.0,1.0,True,37009,37009,37126.0,37304.0,37455,37455,False,False,True,3.544,0.9237668161434978,1.0,38,37389.0,174.0,bidmc-38-w085-0091,85
92,37455,37721.0,37978,True,0.0,1.0,True,37455,37455,37602.0,37840.0,37978,37978,False,False,True,4.048,0.982791586998088,1.0,38,37925.0,204.0,bidmc-38-w085-0092,85
93,37978,38112.0,38341,True,0.0,1.0,True,37978,37978,38076.0,38148.0,38341,38341,False,False,True,3.128,0.7382920110192838,1.0,38,38233.0,121.0,bidmc-38-w085-0093,85
94,38341,38610.0,38816,True,0.0,1.0,True,38341,38341,38550.0,38670.0,38816,38816,False,False,True,3.984,0.8673684210526316,1.0,38,38755.0,145.0,bidmc-38-w085-0094,85
95,38816,39115.0,39374,True,0.0,1.0,True,38816,38816,39020.0,39210.0,39374,39374,False,False,True,4.04,0.9283154121863799,1.0,38,39295.0,180.0,bidmc-38-w085-0095,85
96,39374,39397.0,39434,True,0.048876,0.23656,True,39374,39374,39396.0,39398.0,39434,39434,False,False,True,2.256,0.7666666666666666,0.187684,38,39483.0,86.0,bidmc-38-w085-0096,85
97,39434,39546.0,39665,True,0.0,0.8172,True,39434,39434,39546.0,39546.0,39665,39665,False,False,True,1.192,0.9696969696969697,0.8172,38,39631.0,85.0,bidmc-38-w085-0097,85
98,39665,39755.0,39901,True,0.0,0.39492,True,39665,39665,39755.0,39756.0,39901,39901,False,False,True,1.672,0.7627118644067796,0.39492,38,39841.0,86.0,bidmc-38-w085-0098,85
99,39901,40118.0,40387,True,0.0,1.0,True,39901,39901,40016.0,40220.0,40387,40387,False,False,True,2.904,0.8930041152263375,1.0,38,40305.0,187.0,bidmc-38-w085-0099,85
100,40387,40648.0,40901,True,0.0,1.0,True,40387,40387,40588.0,40708.0,40901,40901,False,False,True,4.24,0.9844357976653697,1.0,38,40793.0,145.0,bidmc-38-w085-0100,85
101,40901,41111.0,41349,True,0.0,1.0,True,40901,40901,41012.0,41210.0,41349,41349,False,False,True,3.704,0.9375,1.0,38,41295.0,184.0,bidmc-38-w085-0101,85
102,41349,41373.0,41418,True,0.26491,0.46041,True,41349,41349,41372.0,41374.0,41418,41419,False,False,True,2.096,0.6956521739130435,0.1955,38,41459.0,86.0,bidmc-38-w085-0102,85
103,41418,41597.0,41824,True,0.0,1.0,True,41418,41419,41530.0,41664.0,41818,41830,False,False,True,1.792,0.8817733990147784,1.0,38,41749.0,152.0,bidmc-38-w085-0103,85
104,41824,42082.0,42294,True,0.0,1.0,True,41818,41830,42012.0,42152.0,42294,42294,False,False,True,3.88,0.902127659574468,1.0,38,42237.0,155.0,bidmc-38-w085-0104,85
105,42294,42405.0,42569,True,0.0,0.66764,True,42294,42294,42404.0,42406.0,42569,42569,False,False,True,2.584,0.8072727272727273,0.66764,38,42491.0,86.0,bidmc-38-w085-0105,85
106,42569,42829.0,43084,True,0.0,1.0,True,42569,42569,42744.0,42914.0,43084,43084,False,False,True,3.392,0.9902912621359223,1.0,38,42999.0,170.0,bidmc-38-w085-0106,85
107,43084,43254.0,43511,True,0.0,0.68719,True,43084,43084,43254.0,43254.0,43511,43511,False,False,True,3.4,0.7962529274004684,0.68719,38,43339.0,85.0,bidmc-38-w085-0107,85
108,43511,43877.0,44026,True,0.0,1.0,True,43511,43511,43864.0,43890.0,44026,44026,False,False,True,4.984,0.5786407766990291,1.0,38,43975.0,98.0,bidmc-38-w085-0108,85
109,44026,44066.0,44136,True,0.2131,0.41251,True,44026,44026,44066.0,44066.0,44136,44136,False,False,True,1.512,0.7272727272727273,0.19940999999999998,38,44151.0,85.0,bidmc-38-w085-0109,85
110,44136,44244.0,44535,True,0.0,0.91398,True,44136,44136,44244.0,44244.0,44535,44535,False,False,True,1.424,0.5413533834586466,0.91398,38,44329.0,85.0,bidmc-38-w085-0110,85
111,44535,44789.0,45074,True,0.0,1.0,True,44535,44535,44740.0,44838.0,45050,45098,False,False,True,4.36,0.9424860853432282,1.0,38,44923.0,134.0,bidmc-38-w085-0111,85
112,45074,45358.0,45617,True,0.0,1.0,True,45050,45098,45256.0,45461.0,45617,45617,False,False,True,4.552,0.9539594843462247,1.0,38,45546.0,188.0,bidmc-38-w085-0112,85
113,45617,45880.0,46199,True,0.0,1.0,True,45617,45617,45808.0,45952.0,46199,46200,False,False,True,4.176,0.9037800687285223,1.0,38,46037.0,157.0,bidmc-38-w085-0113,85
114,46199,46469.0,46759,True,0.0,1.0,True,46199,46200,46362.0,46576.0,46756,46762,False,False,True,4.712,0.9642857142857143,1.0,38,46661.0,192.0,bidmc-38-w085-0114,85
115,46759,47007.0,47218,True,0.0,1.0,True,46756,46762,46996.0,47018.0,47203,47234,False,False,True,4.304,0.9193899782135077,1.0,38,47103.0,96.0,bidmc-38-w085-0115,85
116,47218,47431.0,47706,True,0.0,1.0,True,47203,47234,47350.0,47512.0,47688,47724,False,False,True,3.392,0.8729508196721312,1.0,38,47597.0,166.0,bidmc-38-w085-0116,85
117,47706,47977.0,48283,True,0.0,1.0,True,47688,47724,47868.0,48086.0,48258,48308,False,False,True,4.368,0.9393414211438474,1.0,38,48171.0,194.0,bidmc-38-w085-0117,85
118,48283,48518.0,48846,True,0.0,1.0,True,48258,48308,48420.0,48616.0,48846,48846,False,False,True,4.328,0.8348134991119005,1.0,38,48701.0,183.0,bidmc-38-w085-0118,85
119,48846,49094.0,49325,True,0.0,1.0,True,48846,48846,48950.0,49239.0,49325,49325,False,False,True,4.608,0.964509394572025,1.0,38,49324.0,230.0,bidmc-38-w085-0119,85
120,49325,49491.0,49818,True,0.0,1.0,True,49325,49325,49410.0,49573.0,49818,49818,False,False,True,3.176,0.6734279918864097,1.0,38,49658.0,167.0,bidmc-38-w085-0120,85
121,49818,50135.0,50305,True,0.0,1.0,True,49818,49818,50100.0,50170.0,50302,50308,False,False,True,5.152,0.6981519507186859,1.0,38,50255.0,120.0,bidmc-38-w085-0121,85
122,50305,50499.0,50739,True,0.0,1.0,True,50302,50308,50496.0,50502.0,50739,50739,False,False,True,2.912,0.8940092165898618,1.0,38,50587.0,88.0,bidmc-38-w085-0122,85
123,50739,50752.0,50782,True,0.20137,0.30499,True,50739,50739,50752.0,50752.0,50782,50782,False,False,True,2.024,0.6046511627906976,0.10361999999999999,38,50837.0,85.0,bidmc-38-w085-0123,85
124,50782,50924.0,51045,True,0.0,0.82893,True,50782,50782,50924.0,50924.0,51045,51045,False,False,True,1.376,0.9201520912547528,0.82893,38,51009.0,85.0,bidmc-38-w085-0124,85
125,51045,51279.0,51550,True,0.0,1.0,True,51045,51045,51204.0,51354.0,51550,51550,False,False,True,2.84,0.9267326732673268,1.0,38,51439.0,160.0,bidmc-38-w085-0125,85
126,51550,51720.0,51930,True,0.0,1.0,True,51550,51550,51684.0,51756.0,51930,51930,False,False,True,3.528,0.8947368421052632,1.0,38,51841.0,121.0,bidmc-38-w085-0126,85
127,51930,52104.0,52301,True,0.0,0.57576,True,51930,51930,52104.0,52104.0,52301,52301,False,False,True,3.072,0.9380053908355795,0.57576,38,52189.0,85.0,bidmc-38-w085-0127,85
128,52301,52556.0,52745,True,0.0,1.0,True,52301,52301,52516.0,52597.0,52745,52745,False,False,True,3.616,0.8513513513513513,1.0,38,52682.0,126.0,bidmc-38-w085-0128,85
129,52745,52986.0,53204,True,0.0,0.78201,True,52745,52745,52986.0,52986.0,53204,53204,False,False,True,3.44,0.9498910675381264,0.78201,38,53071.0,85.0,bidmc-38-w085-0129,85
130,53204,53576.0,53696,True,0.0,0.84262,True,53204,53204,53576.0,53576.0,53696,53697,False,False,True,4.72,0.4878048780487805,0.84262,38,53661.0,85.0,bidmc-38-w085-0130,85
131,53696,54039.0,54151,True,0.087977,0.8172,True,53696,53697,54038.0,54040.0,54151,54152,False,False,True,3.704,0.49230769230769234,0.7292230000000001,38,54125.0,86.0,bidmc-38-w085-0131,85
132,54151,54216.0,54376,True,0.17009,0.66471,True,54151,54152,54216.0,54216.0,54376,54376,False,False,True,1.416,0.5777777777777777,0.49462000000000006,38,54301.0,85.0,bidmc-38-w085-0132,85
133,54376,54561.0,54732,True,0.0,0.86315,True,54376,54376,54560.0,54562.0,54732,54732,False,False,True,2.76,0.9606741573033708,0.86315,38,54647.0,86.0,bidmc-38-w085-0133,85
134,54732,55115.0,55332,True,0.0,1.0,True,54732,54732,54991.0,55240.0,55332,55332,False,False,True,4.432,0.7233333333333334,1.0,38,55325.0,210.0,bidmc-38-w085-0134,85
135,55332,55429.0,55682,True,0.0,0.98338,True,55332,55332,55426.0,55432.0,55682,55682,False,False,True,2.512,0.5542857142857143,0.98338,38,55517.0,88.0,bidmc-38-w085-0135,85
136,55682,56096.0,56280,True,0.0,0.86413,True,55682,55682,56096.0,56096.0,56280,56281,False,False,True,5.336,0.6153846153846154,0.86413,38,56181.0,85.0,bidmc-38-w085-0136,85
137,56280,56613.0,56857,True,0.0,1.0,True,56280,56281,56570.0,56656.0,56857,56857,False,False,True,4.136,0.8457538994800693,1.0,38,56741.0,128.0,bidmc-38-w085-0137,85
138,56857,57039.0,57271,True,0.0,0.95112,True,56857,56857,57038.0,57040.0,57271,57271,False,False,True,3.408,0.8792270531400966,0.95112,38,57125.0,86.0,bidmc-38-w085-0138,85
139,57271,57594.0,57913,True,0.0,1.0,True,57271,57271,57500.0,57688.0,57913,57913,False,False,True,4.44,0.9937694704049844,1.0,38,57773.0,179.0,bidmc-38-w085-0139,85
140,57913,58061.0,58359,True,0.0,1.0,True,57913,57913,58050.0,58072.0,58359,58359,False,False,True,3.736,0.663677130044843,1.0,38,58157.0,96.0,bidmc-38-w085-0140,85
141,58359,58662.0,58922,True,0.0,1.0,True,58359,58359,58562.0,58762.0,58910,58934,False,False,True,4.808,0.9236234458259325,1.0,38,58847.0,185.0,bidmc-38-w085-0141,85
142,58922,59166.0,59388,True,0.0,1.0,True,58910,58934,59064.0,59268.0,59388,59388,False,False,True,4.032,0.9527896995708155,1.0,38,59353.0,187.0,bidmc-38-w085-0142,85
143,59388,59594.0,59601,True,0.32258,0.56696,True,59388,59388,59594.0,59594.0,59601,59601,False,False,True,3.424,0.06572769953051638,0.24438000000000004,38,59679.0,85.0,bidmc-38-w085-0143,85
1,414,633.0,917,True,0.0,1.0,True,383,445,547.0,719.0,875,959,False,False,True,,0.8707753479125249,1.0,39,804.0,171.0,bidmc-39-w085-0001,85
2,917,1149.0,1428,True,0.0,1.0,True,875,959,1073.0,1225.0,1387,1469,False,False,True,4.128,0.9080234833659491,1.0,39,1310.0,161.0,bidmc-39-w085-0002,85
3,1428,1700.0,1964,True,0.0,1.0,True,1387,1469,1623.0,1777.0,1933,1995,False,False,True,4.408,0.9850746268656716,1.0,39,1862.0,162.0,bidmc-39-w085-0003,85
4,1964,2185.0,2453,True,0.0,1.0,True,1933,1995,2099.0,2271.0,2421,2485,False,False,True,3.88,0.9038854805725971,1.0,39,2356.0,171.0,bidmc-39-w085-0004,85
5,2453,2672.0,2948,True,0.0,1.0,True,2421,2485,2587.0,2757.0,2895,3002,False,False,True,3.896,0.8848484848484849,1.0,39,2842.0,170.0,bidmc-39-w085-0005,85
6,2948,3193.0,3476,True,0.0,1.0,True,2895,3002,3111.0,3275.0,3425,3527,False,False,True,4.168,0.928030303030303,1.0,39,3360.0,167.0,bidmc-39-w085-0006,85
7,3476,3717.0,3970,True,0.0,1.0,True,3425,3527,3633.0,3801.0,3931,4009,False,False,True,4.192,0.9757085020242915,1.0,39,3886.0,169.0,bidmc-39-w085-0007,85
8,3970,4190.0,4470,True,0.0,1.0,True,3931,4009,4111.0,4269.0,4429,4511,False,False,True,3.784,0.88,1.0,39,4354.0,164.0,bidmc-39-w085-0008,85
9,4470,4694.0,4975,True,0.0,1.0,True,4429,4511,4613.0,4775.0,4923,5027,False,False,True,4.032,0.8871287128712871,1.0,39,4860.0,166.0,bidmc-39-w085-0009,85
10,4975,5215.0,5542,True,0.0,1.0,True,4923,5027,5130.0,5301.0,5487,5597,False,False,True,4.168,0.8465608465608465,1.0,39,5386.0,171.0,bidmc-39-w085-0010,85
11,5542,5810.0,6078,True,0.0,1.0,True,5487,5597,5711.0,5909.0,6029,6127,False,False,True,4.76,1.0,1.0,39,5994.0,184.0,bidmc-39-w085-0011,85
12,6078,6320.0,6583,True,0.0,1.0,True,6029,6127,6239.0,6401.0,6533,6633,False,False,True,4.08,0.9584158415841584,1.0,39,6486.0,166.0,bidmc-39-w085-0012,85
13,6583,6833.0,7154,True,0.0,1.0,True,6533,6633,6739.0,6927.0,7085,7223,False,False,True,4.104,0.8756567425569177,1.0,39,7012.0,179.0,bidmc-39-w085-0013,85
14,7154,7416.0,7690,True,0.0,1.0,True,7085,7223,7337.0,7495.0,7631,7749,False,False,True,4.664,0.9776119402985075,1.0,39,7580.0,164.0,bidmc-39-w085-0014,85
15,7690,7949.0,8211,True,0.0,1.0,True,7631,7749,7869.0,8029.0,8167,8255,False,False,True,4.264,0.9942418426103646,1.0,39,8114.0,165.0,bidmc-39-w085-0015,85
16,8211,8440.0,8689,True,0.0,1.0,True,8167,8255,8361.0,8519.0,8659,8719,False,False,True,3.928,0.9581589958158996,1.0,39,8604.0,164.0,bidmc-39-w085-0016,85
17,8689,8896.0,9146,True,0.0,1.0,True,8659,8719,8821.0,8971.0,9109,9184,False,False,True,3.648,0.9059080962800875,1.0,39,9056.0,160.0,bidmc-39-w085-0017,85
18,9146,9370.0,9627,True,0.0,1.0,True,9109,9184,9287.0,9453.0,9591,9663,False,False,True,3.792,0.9313929313929314,1.0,39,9538.0,168.0,bidmc-39-w085-0018,85
19,9627,9834.0,10097,True,0.0,1.0,True,9591,9663,9763.0,9906.0,10055,10139,False,False,True,3.712,0.8808510638297873,1.0,39,9991.0,157.0,bidmc-39-w085-0019,85
20,10097,10317.0,10602,True,0.0,1.0,True,10055,10139,10241.0,10393.0,10551,10654,False,False,True,3.864,0.8712871287128713,1.0,39,10478.0,161.0,bidmc-39-w085-0020,85
21,10602,10906.0,11169,True,0.0,1.0,True,10551,10654,10823.0,10989.0,11125,11213,False,False,True,4.712,0.9276895943562611,1.0,39,11074.0,168.0,bidmc-39-w085-0021,85
22,11169,11398.0,11640,True,0.0,1.0,True,11125,11213,11319.0,11477.0,11597,11683,False,False,True,3.936,0.9723991507430998,1.0,39,11562.0,164.0,bidmc-39-w085-0022,85
23,11640,11856.0,12099,True,0.0,1.0,True,11597,11683,11789.0,11923.0,12053,12145,False,False,True,3.664,0.9411764705882353,1.0,39,12008.0,152.0,bidmc-39-w085-0023,85
24,12099,12345.0,12606,True,0.0,1.0,True,12053,12145,12253.0,12437.0,12563,12649,False,False,True,3.912,0.9704142011834319,1.0,39,12522.0,177.0,bidmc-39-w085-0024,85
25,12606,12928.0,13173,True,0.0,1.0,True,12563,12649,12847.0,13009.0,13133,13213,False,False,True,4.664,0.8641975308641976,1.0,39,13094.0,166.0,bidmc-39-w085-0025,85
26,13173,13473.0,13752,True,0.0,1.0,True,13133,13213,13389.0,13557.0,13691,13813,False,False,True,4.36,0.9637305699481865,1.0,39,13642.0,169.0,bidmc-39-w085-0026,85
27,13752,14013.0,14281,True,0.0,1.0,True,13691,13813,13929.0,14097.0,14233,14329,False,False,True,4.32,0.9867674858223062,1.0,39,14182.0,169.0,bidmc-39-w085-0027,85
28,14281,14518.0,14799,True,0.0,1.0,True,14233,14329,14433.0,14603.0,14741,14857,False,False,True,4.04,0.915057915057915,1.0,39,14688.0,170.0,bidmc-39-w085-0028,85
29,14799,15049.0,15322,True,0.0,1.0,True,14741,14857,14967.0,15131.0,15271,15373,False,False,True,4.248,0.9560229445506692,1.0,39,15216.0,167.0,bidmc-39-w085-0029,85
30,15322,15562.0,15840,True,0.0,1.0,True,15271,15373,15477.0,15647.0,15805,15875,False,False,True,4.104,0.9266409266409267,1.0,39,15732.0,170.0,bidmc-39-w085-0030,85
31,15840,16060.0,16325,True,0.0,1.0,True,15805,15875,15977.0,16143.0,16289,16361,False,False,True,3.984,0.9072164948453608,1.0,39,16228.0,168.0,bidmc-39-w085-0031,85
32,16325,16543.0,16798,True,0.0,1.0,True,16289,16361,16463.0,16623.0,16759,16837,False,False,True,3.864,0.9217758985200846,1.0,39,16708.0,165.0,bidmc-39-w085-0032,85
33,16798,17024.0,17313,True,0.0,1.0,True,16759,16837,16940.0,17109.0,17247,17379,False,False,True,3.848,0.8776699029126214,1.0,39,17194.0,170.0,bidmc-39-w085-0033,85
34,17313,17569.0,17847,True,0.0,1.0,True,17247,17379,17487.0,17652.0,17787,17907,False,False,True,4.36,0.9588014981273408,1.0,39,17737.0,168.0,bidmc-39-w085-0034,85
35,17847,18101.0,18399,True,0.0,1.0,True,17787,17907,18016.0,18187.0,18349,18449,False,False,True,4.256,0.9202898550724637,1.0,39,18272.0,171.0,bidmc-39-w085-0035,85
36,18399,18642.0,18929,True,0.0,1.0,True,18349,18449,18553.0,18732.0,18879,18979,False,False,True,4.328,0.9169811320754717,1.0,39,18817.0,175.0,bidmc-39-w085-0036,85
37,18929,19170.0,19441,True,0.0,1.0,True,18879,18979,19087.0,19253.0,19387,19495,False,False,True,4.224,0.94140625,1.0,39,19338.0,168.0,bidmc-39-w085-0037,85
38,19441,19715.0,19975,True,0.0,1.0,True,19387,19495,19631.0,19799.0,19937,20013,False,False,True,4.36,0.9737827715355806,1.0,39,19884.0,169.0,bidmc-39-w085-0038,85
39,19975,20196.0,20470,True,0.0,1.0,True,19937,20013,20115.0,20277.0,20413,20527,False,False,True,3.848,0.8929292929292929,1.0,39,20362.0,166.0,bidmc-39-w085-0039,85
40,20470,20723.0,20996,True,0.0,1.0,True,20413,20527,20635.0,20811.0,20945,21047,False,False,True,4.216,0.9619771863117871,1.0,39,20896.0,173.0,bidmc-39-w085-0040,85
41,20996,21234.0,21486,True,0.0,1.0,True,20945,21047,21151.0,21317.0,21445,21527,False,False,True,4.088,0.9714285714285714,1.0,39,21402.0,168.0,bidmc-39-w085-0041,85
42,21486,21718.0,21982,True,0.0,1.0,True,21445,21527,21629.0,21807.0,21933,22031,False,False,True,3.872,0.935483870967742,1.0,39,21892.0,174.0,bidmc-39-w085-0042,85
43,21982,22223.0,22518,True,0.0,1.0,True,21933,22031,22135.0,22311.0,22457,22579,False,False,True,4.04,0.8992537313432836,1.0,39,22396.0,173.0,bidmc-39-w085-0043,85
44,22518,22782.0,23047,True,0.0,1.0,True,22457,22579,22693.0,22871.0,23005,23089,False,False,True,4.472,0.998109640831758,1.0,39,22956.0,174.0,bidmc-39-w085-0044,85
45,23047,23315.0,23572,True,0.0,1.0,True,23005,23089,23233.0,23397.0,23535,23609,False,False,True,4.264,0.979047619047619,1.0,39,23482.0,167.0,bidmc-39-w085-0045,85
46,23572,23793.0,24060,True,0.0,1.0,True,23535,23609,23709.0,23877.0,24007,24113,False,False,True,3.824,0.9057377049180328,1.0,39,23962.0,169.0,bidmc-39-w085-0046,85
47,24060,24304.0,24571,True,0.0,1.0,True,24007,24113,24219.0,24389.0,24513,24629,False,False,True,4.088,0.9549902152641878,1.0,39,24474.0,170.0,bidmc-39-w085-0047,85
48,24571,24827.0,25105,True,0.0,1.0,True,24513,24629,24739.0,24915.0,25053,25157,False,False,True,4.184,0.9588014981273408,1.0,39,25000.0,173.0,bidmc-39-w085-0048,85
49,25105,25345.0,25606,True,0.0,1.0,True,25053,25157,25263.0,25427.0,25559,25653,False,False,True,4.144,0.9580838323353293,1.0,39,25512.0,167.0,bidmc-39-w085-0049,85
50,25606,25840.0,26108,True,0.0,1.0,True,25559,25653,25755.0,25925.0,26047,26169,False,False,True,3.96,0.9322709163346614,1.0,39,26010.0,170.0,bidmc-39-w085-0050,85
51,26108,26354.0,26611,True,0.0,1.0,True,26047,26169,26271.0,26437.0,26565,26657,False,False,True,4.112,0.9781312127236581,1.0,39,26522.0,168.0,bidmc-39-w085-0051,85
52,26611,26892.0,27168,True,0.0,1.0,True,26565,26657,26805.0,26979.0,27111,27226,False,False,True,4.304,0.9910233393177738,1.0,39,27064.0,172.0,bidmc-39-w085-0052,85
53,27168,27433.0,27692,True,0.0,1.0,True,27111,27226,27343.0,27523.0,27643,27741,False,False,True,4.328,0.9885496183206107,1.0,39,27608.0,175.0,bidmc-39-w085-0053,85
54,27692,27952.0,28211,True,0.0,1.0,True,27643,27741,27871.0,28033.0,28159,28263,False,False,True,4.152,0.9980732177263969,1.0,39,28118.0,166.0,bidmc-39-w085-0054,85
55,28211,28450.0,28714,True,0.0,1.0,True,28159,28263,28369.0,28531.0,28661,28767,False,False,True,3.984,0.9502982107355865,1.0,39,28616.0,166.0,bidmc-39-w085-0055,85
56,28714,28959.0,29208,True,0.0,1.0,True,28661,28767,28873.0,29045.0,29157,29259,False,False,True,4.072,0.9919028340080972,1.0,39,29130.0,171.0,bidmc-39-w085-0056,85
57,29208,29443.0,29697,True,0.0,1.0,True,29157,29259,29367.0,29519.0,29637,29757,False,False,True,3.872,0.9611451942740287,1.0,39,29604.0,161.0,bidmc-39-w085-0057,85
58,29697,29951.0,30194,True,0.0,1.0,True,29637,29757,29871.0,30031.0,30145,30243,False,False,True,4.064,0.9778672032193159,1.0,39,30116.0,165.0,bidmc-39-w085-0058,85
59,30194,30417.0,30670,True,0.0,1.0,True,30145,30243,30345.0,30489.0,30613,30727,False,False,True,3.728,0.9369747899159664,1.0,39,30574.0,157.0,bidmc-39-w085-0059,85
60,30670,30937.0,31205,True,0.0,1.0,True,30613,30727,30859.0,31015.0,31141,31269,False,False,True,4.16,0.9981308411214953,1.0,39,31100.0,163.0,bidmc-39-w085-0060,85
61,31205,31478.0,31754,True,0.0,1.0,True,31141,31269,31395.0,31561.0,31689,31819,False,False,True,4.328,0.994535519125683,1.0,39,31646.0,168.0,bidmc-39-w085-0061,85
62,31754,32013.0,32282,True,0.0,1.0,True,31689,31819,31929.0,32097.0,32235,32329,False,False,True,4.28,0.9810606060606061,1.0,39,32182.0,169.0,bidmc-39-w085-0062,85
63,32282,32517.0,32791,True,0.0,1.0,True,32235,32329,32435.0,32599.0,32734,32849,False,False,True,4.032,0.9233791748526523,1.0,39,32684.0,167.0,bidmc-39-w085-0063,85
64,32791,33043.0,33344,True,0.0,1.0,True,32734,32849,32959.0,33127.0,33279,33409,False,False,True,4.208,0.9113924050632911,1.0,39,33212.0,169.0,bidmc-39-w085-0064,85
65,33344,33607.0,33868,True,0.0,1.0,True,33279,33409,33525.0,33689.0,33833,33903,False,False,True,4.512,0.9961832061068703,1.0,39,33774.0,167.0,bidmc-39-w085-0065,85
66,33868,34081.0,34359,True,0.0,1.0,True,33833,33903,34005.0,34157.0,34303,34415,False,False,True,3.792,0.8676171079429735,1.0,39,34242.0,161.0,bidmc-39-w085-0066,85
67,34359,34597.0,34880,True,0.0,1.0,True,34303,34415,34519.0,34675.0,34835,34925,False,False,True,4.128,0.9136276391554703,1.0,39,34760.0,163.0,bidmc-39-w085-0067,85
68,34880,35113.0,35399,True,0.0,1.0,True,34835,34925,35029.0,35197.0,35349,35449,False,False,True,4.128,0.8978805394990366,1.0,39,35282.0,169.0,bidmc-39-w085-0068,85
69,35399,35640.0,35933,True,0.0,1.0,True,35349,35449,35553.0,35727.0,35881,35985,False,False,True,4.216,0.9026217228464419,1.0,39,35812.0,172.0,bidmc-39-w085-0069,85
70,35933,36175.0,36477,True,0.0,1.0,True,35881,35985,36093.0,36257.0,36415,36539,False,False,True,4.28,0.8897058823529411,1.0,39,36342.0,167.0,bidmc-39-w085-0070,85
71,36477,36737.0,37002,True,0.0,1.0,True,36415,36539,36653.0,36821.0,36948,37057,False,False,True,4.496,0.9904761904761905,1.0,39,36906.0,169.0,bidmc-39-w085-0071,85
72,37002,37254.0,37524,True,0.0,1.0,True,36948,37057,37171.0,37337.0,37477,37571,False,False,True,4.136,0.9655172413793104,1.0,39,37422.0,168.0,bidmc-39-w085-0072,85
73,37524,37759.0,38040,True,0.0,1.0,True,37477,37571,37673.0,37845.0,37988,38093,False,False,True,4.04,0.9108527131782945,1.0,39,37930.0,171.0,bidmc-39-w085-0073,85
74,38040,38282.0,38563,True,0.0,1.0,True,37988,38093,38199.0,38365.0,38509,38617,False,False,True,4.184,0.9254302103250478,1.0,39,38450.0,168.0,bidmc-39-w085-0074,85
75,38563,38807.0,39089,True,0.0,1.0,True,38509,38617,38725.0,38889.0,39033,39145,False,False,True,4.2,0.9277566539923955,1.0,39,38974.0,167.0,bidmc-39-w085-0075,85
76,39089,39338.0,39618,True,0.0,1.0,True,39033,39145,39253.0,39423.0,39569,39667,False,False,True,4.248,0.941398865784499,1.0,39,39508.0,170.0,bidmc-39-w085-0076,85
77,39618,39854.0,40119,True,0.0,1.0,True,39569,39667,39771.0,39937.0,40079,40159,False,False,True,4.128,0.9421157684630739,1.0,39,40022.0,168.0,bidmc-39-w085-0077,85
78,40119,40343.0,40596,True,0.0,1.0,True,40079,40159,40259.0,40427.0,40573,40619,False,False,True,3.912,0.939203354297694,1.0,39,40512.0,169.0,bidmc-39-w085-0078,85
79,40596,40798.0,41053,True,0.0,1.0,True,40573,40619,40721.0,40875.0,41027,41079,False,False,True,3.64,0.8840262582056893,1.0,39,40960.0,162.0,bidmc-39-w085-0079,85
80,41053,41266.0,41531,True,0.0,1.0,True,41027,41079,41181.0,41351.0,41489,41573,False,False,True,3.744,0.891213389121339,1.0,39,41436.0,170.0,bidmc-39-w085-0080,85
81,41531,41759.0,42017,True,0.0,1.0,True,41489,41573,41677.0,41841.0,41963,42071,False,False,True,3.944,0.9382716049382716,1.0,39,41926.0,167.0,bidmc-39-w085-0081,85
82,42017,42267.0,42558,True,0.0,1.0,True,41963,42071,42181.0,42353.0,42491,42625,False,False,True,4.064,0.9242144177449169,1.0,39,42438.0,171.0,bidmc-39-w085-0082,85
83,42558,42816.0,43047,True,0.0,1.0,True,42491,42625,42737.0,42895.0,43037,43057,False,False,True,4.392,0.9447852760736196,1.0,39,42980.0,164.0,bidmc-39-w085-0083,85
84,43047,43235.0,43475,True,0.0,1.0,True,43037,43057,43161.0,43309.0,43427,43523,False,False,True,3.352,0.8785046728971962,1.0,39,43394.0,159.0,bidmc-39-w085-0084,85
85,43475,43727.0,43985,True,0.0,1.0,True,43427,43523,43633.0,43821.0,43939,44031,False,False,True,3.936,0.9882352941176471,1.0,39,43906.0,179.0,bidmc-39-w085-0085,85
86,43985,44206.0,44394,True,0.0,1.0,True,43939,44031,44135.0,44277.0,44394,44394,False,False,True,3.832,0.9193154034229829,1.0,39,44362.0,156.0,bidmc-39-w085-0086,85
87,44394,44598.0,44879,True,0.0,1.0,True,44394,44394,44515.0,44681.0,44843,44915,False,False,True,3.136,0.8412371134020619,1.0,39,44766.0,168.0,bidmc-39-w085-0087,85
88,44879,45098.0,45350,True,0.0,1.0,True,44843,44915,45021.0,45175.0,45305,45395,False,False,True,4.0,0.9299363057324841,1.0,39,45260.0,162.0,bidmc-39-w085-0088,85
89,45350,45571.0,45813,True,0.0,1.0,True,45305,45395,45501.0,45641.0,45777,45849,False,False,True,3.784,0.9546436285097192,1.0,39,45726.0,155.0,bidmc-39-w085-0089,85
90,45813,46034.0,46292,True,0.0,1.0,True,45777,45849,45959.0,46109.0,46251,46333,False,False,True,3.704,0.9227557411273486,1.0,39,46194.0,160.0,bidmc-39-w085-0090,85
91,46292,46542.0,46811,True,0.0,1.0,True,46251,46333,46463.0,46621.0,46771,46851,False,False,True,4.064,0.9633911368015414,1.0,39,46706.0,164.0,bidmc-39-w085-0091,85
92,46811,47119.0,47394,True,0.0,1.0,True,46771,46851,47035.0,47203.0,47333,47455,False,False,True,4.616,0.9433962264150944,1.0,39,47288.0,169.0,bidmc-39-w085-0092,85
93,47394,47716.0,47997,True,0.0,1.0,True,47333,47455,47627.0,47805.0,47941,48053,False,False,True,4.776,0.9320066334991708,1.0,39,47890.0,174.0,bidmc-39-w085-0093,85
94,47997,48368.0,48687,True,0.0,1.0,True,47941,48053,48277.0,48459.0,48611,48763,False,False,True,5.216,0.9246376811594202,1.0,39,48544.0,176.0,bidmc-39-w085-0094,85
95,48687,49023.0,49346,True,0.0,1.0,True,48611,48763,48927.0,49119.0,49273,49419,False,False,True,5.24,0.9802731411229135,1.0,39,49204.0,181.0,bidmc-39-w085-0095,85
96,49346,49543.0,49547,True,0.0,0.085044,True,49273,49419,49543.0,49544.0,49547,49548,False,False,True,4.16,0.03980099502487566,0.085044,39,49629.0,86.0,bidmc-39-w085-0096,85
97,49547,49753.0,50114,True,0.0,1.0,True,49547,49548,49655.0,49851.0,50027,50201,False,False,True,1.68,0.7266313932980599,1.0,39,49936.0,183.0,bidmc-39-w085-0097,85
98,50114,50422.0,50751,True,0.0,1.0,True,50027,50201,50329.0,50515.0,50677,50825,False,False,True,5.352,0.967032967032967,1.0,39,50600.0,178.0,bidmc-39-w085-0098,85
99,50751,51040.0,51375,True,0.0,1.0,True,50677,50825,50945.0,51135.0,51301,51449,False,False,True,4.944,0.9262820512820513,1.0,39,51220.0,180.0,bidmc-39-w085-0099,85
100,51375,51675.0,51991,True,0.0,1.0,True,51301,51449,51579.0,51771.0,51941,52041,False,False,True,5.08,0.974025974025974,1.0,39,51856.0,181.0,bidmc-39-w085-0100,85
101,51991,52241.0,52552,True,0.0,1.0,True,51941,52041,52147.0,52335.0,52489,52615,False,False,True,4.528,0.8912655971479501,1.0,39,52420.0,179.0,bidmc-39-w085-0101,85
102,52552,52831.0,53135,True,0.0,1.0,True,52489,52615,52733.0,52929.0,53077,53193,False,False,True,4.72,0.9571183533447685,1.0,39,53014.0,183.0,bidmc-39-w085-0102,85
103,53135,53394.0,53700,True,0.0,1.0,True,53077,53193,53301.0,53487.0,53629,53771,False,False,True,4.504,0.9168141592920354,1.0,39,53572.0,178.0,bidmc-39-w085-0103,85
104,53700,53983.0,54276,True,0.0,1.0,True,53629,53771,53891.0,54075.0,54227,54325,False,False,True,4.712,0.9826388888888888,1.0,39,54160.0,177.0,bidmc-39-w085-0104,85
105,54276,54521.0,54815,True,0.0,1.0,True,54227,54325,54431.0,54611.0,54755,54875,False,False,True,4.304,0.9090909090909091,1.0,39,54696.0,175.0,bidmc-39-w085-0105,85
106,54815,55131.0,55461,True,0.0,1.0,True,54755,54875,55037.0,55225.0,55393,55530,False,False,True,4.88,0.978328173374613,1.0,39,55310.0,179.0,bidmc-39-w085-0106,85
107,55461,55741.0,56045,True,0.0,1.0,True,55393,55530,55653.0,55829.0,55987,56103,False,False,True,4.88,0.9589041095890412,1.0,39,55914.0,173.0,bidmc-39-w085-0107,85
108,56045,56323.0,56610,True,0.0,1.0,True,55987,56103,56233.0,56413.0,56565,56655,False,False,True,4.656,0.984070796460177,1.0,39,56498.0,175.0,bidmc-39-w085-0108,85
109,56610,56848.0,57146,True,0.0,1.0,True,56565,56655,56759.0,56937.0,57085,57207,False,False,True,4.2,0.8880597014925373,1.0,39,57022.0,174.0,bidmc-39-w085-0109,85
110,57146,57455.0,57744,True,0.0,1.0,True,57085,57207,57363.0,57547.0,57703,57785,False,False,True,4.856,0.9665551839464883,1.0,39,57632.0,177.0,bidmc-39-w085-0110,85
111,57744,57977.0,58262,True,0.0,1.0,True,57703,57785,57889.0,58065.0,58225,58299,False,False,True,4.176,0.8996138996138996,1.0,39,58150.0,173.0,bidmc-39-w085-0111,85
112,58262,58486.0,58774,True,0.0,1.0,True,58225,58299,58401.0,58571.0,58719,58829,False,False,True,4.072,0.875,1.0,39,58656.0,170.0,bidmc-39-w085-0112,85
113,58774,59029.0,59327,True,0.0,1.0,True,58719,58829,58943.0,59115.0,59285,59369,False,False,True,4.344,0.9222423146473779,1.0,39,59200.0,171.0,bidmc-39-w085-0113,85
1,343,602.0,829,True,-0.00048864,1.0,True,343,343,557.0,647.0,829,829,False,False,True,,0.934156378600823,1.00048864,40,732.0,130.0,bidmc-40-w085-0001,85
2,829,1076.0,1354,True,-0.00048864,1.0,True,829,829,1023.0,1129.0,1354,1354,False,False,True,3.792,0.940952380952381,1.00048864,40,1214.0,138.0,bidmc-40-w085-0002,85
3,1354,1552.0,1807,True,-0.00048864,1.0,True,1354,1354,1505.0,1599.0,1807,1807,False,False,True,3.808,0.8741721854304636,1.00048864,40,1684.0,132.0,bidmc-40-w085-0003,85
4,1807,2108.0,2386,True,-0.00048864,1.0,True,1807,1807,2065.0,2151.0,2386,2386,False,False,True,4.448,0.9602763385146805,1.00048864,40,2236.0,128.0,bidmc-40-w085-0004,85
5,2386,2595.0,2796,True,-0.00048864,1.0,True,2386,2386,2545.0,2645.0,2796,2796,False,False,True,3.896,0.9804878048780488,1.00048864,40,2730.0,135.0,bidmc-40-w085-0005,85
6,2796,3016.0,3235,True,-0.00048864,1.0,True,2796,2796,2957.0,3075.0,3235,3235,False,False,True,3.368,0.9977220956719818,1.00048864,40,3160.0,144.0,bidmc-40-w085-0006,85
7,3235,3397.0,3541,True,-0.00048864,1.0,True,3235,3235,3363.0,3431.0,3541,3541,False,False,True,3.048,0.9411764705882353,1.00048864,40,3516.0,119.0,bidmc-40-w085-0007,85
8,3541,3733.0,3975,True,-0.00048864,1.0,True,3541,3541,3649.0,3817.0,3975,3975,False,False,True,2.688,0.8847926267281105,1.00048864,40,3902.0,169.0,bidmc-40-w085-0008,85
9,3975,4158.0,4361,True,-0.00048864,1.0,True,3975,3975,4127.0,4189.0,4295,4427,False,False,True,3.4,0.9481865284974094,1.00048864,40,4274.0,116.0,bidmc-40-w085-0009,85
10,4361,4611.0,4841,True,-0.00048864,1.0,True,4295,4427,4571.0,4651.0,4841,4841,False,False,True,3.624,0.9583333333333334,1.00048864,40,4736.0,125.0,bidmc-40-w085-0010,85
11,4841,5021.0,5314,True,-0.00048864,1.0,True,4841,4841,4959.0,5083.0,5314,5314,False,False,True,3.28,0.7610993657505285,1.00048864,40,5168.0,147.0,bidmc-40-w085-0011,85
12,5314,5542.0,5795,True,-0.00048864,1.0,True,5314,5314,5473.0,5611.0,5795,5795,False,False,True,4.168,0.9480249480249481,1.00048864,40,5696.0,154.0,bidmc-40-w085-0012,85
13,5795,6047.0,6290,True,-0.00048864,1.0,True,5795,5795,5989.0,6105.0,6290,6291,False,False,True,4.04,0.9818181818181818,1.00048864,40,6190.0,143.0,bidmc-40-w085-0013,85
14,6290,6547.0,6760,True,-0.00048864,1.0,True,6290,6291,6501.0,6593.0,6760,6760,False,False,True,4.0,0.9063829787234042,1.00048864,40,6678.0,131.0,bidmc-40-w085-0014,85
15,6760,7028.0,7290,True,-0.00048864,1.0,True,6760,6760,6971.0,7085.0,7290,7290,False,False,True,3.848,0.9886792452830189,1.00048864,40,7170.0,142.0,bidmc-40-w085-0015,85
16,7290,7335.0,7346,True,0.098949,0.17029,True,7290,7290,7335.0,7335.0,7346,7346,False,False,True,2.456,0.3928571428571429,0.071341,40,7420.0,85.0,bidmc-40-w085-0016,85
17,7346,7542.0,7778,True,-0.00048864,1.0,True,7346,7346,7489.0,7595.0,7778,7778,False,False,True,1.656,0.9074074074074074,1.00048864,40,7680.0,138.0,bidmc-40-w085-0017,85
18,7778,7802.0,7848,True,-0.00048864,0.0043977,True,7778,7778,7801.0,7803.0,7848,7848,False,False,True,2.08,0.6857142857142857,0.00488634,40,7888.0,86.0,bidmc-40-w085-0018,85
19,7848,8102.0,8378,True,-0.00048864,1.0,True,7848,7848,8053.0,8151.0,8378,8378,False,False,True,2.4,0.9584905660377359,1.00048864,40,8236.0,134.0,bidmc-40-w085-0019,85
20,8378,8603.0,8811,True,0.0,1.0,True,8378,8378,8569.0,8637.0,8811,8811,False,False,True,4.008,0.9607390300230947,1.0,40,8722.0,119.0,bidmc-40-w085-0020,85
21,8811,8815.0,8890,True,-0.00048864,0.07354,True,8811,8811,8815.0,8815.0,8890,8890,False,False,True,1.696,0.10126582278481011,0.07402863999999999,40,8900.0,85.0,bidmc-40-w085-0021,85
22,8890,9076.0,9295,True,-0.00048864,1.0,True,8890,8890,9043.0,9109.0,9295,9295,False,False,True,2.088,0.9185185185185185,1.00048864,40,9194.0,118.0,bidmc-40-w085-0022,85
23,9295,9484.0,9693,True,-0.00048864,1.0,True,9295,9295,9459.0,9509.0,9693,9693,False,False,True,3.264,0.949748743718593,1.00048864,40,9594.0,110.0,bidmc-40-w085-0023,85
24,9693,9878.0,10079,True,-0.00048864,1.0,True,9693,9693,9833.0,9923.0,10079,10079,False,False,True,3.152,0.9585492227979274,1.00048864,40,10008.0,130.0,bidmc-40-w085-0024,85
25,10079,10332.0,10548,True,-0.00048864,1.0,True,10079,10079,10275.0,10389.0,10548,10548,False,False,True,3.632,0.9211087420042644,1.00048864,40,10474.0,142.0,bidmc-40-w085-0025,85
26,10548,10771.0,10980,True,-0.00048864,1.0,True,10548,10548,10725.0,10817.0,10980,10980,False,False,True,3.512,0.9675925925925926,1.00048864,40,10902.0,131.0,bidmc-40-w085-0026,85
27,10980,11177.0,11351,True,-0.00048864,1.0,True,10980,10980,11141.0,11213.0,11351,11351,False,False,True,3.248,0.9380053908355795,1.00048864,40,11298.0,121.0,bidmc-40-w085-0027,85
28,11351,11458.0,11561,True,-0.00048864,1.0,True,11351,11351,11443.0,11473.0,11561,11561,False,False,True,2.248,0.9809523809523809,1.00048864,40,11558.0,100.0,bidmc-40-w085-0028,85
29,11561,11721.0,11824,True,-0.00048864,1.0,True,11561,11561,11663.0,11779.0,11784,11864,False,False,True,2.104,0.7832699619771863,1.00048864,40,11864.0,143.0,bidmc-40-w085-0029,85
30,11824,11919.0,12033,True,-0.00048864,1.0,True,11784,11864,11869.0,11969.0,12012,12054,False,False,True,1.584,0.9090909090909091,1.00048864,40,12054.0,135.0,bidmc-40-w085-0030,85
31,12033,12101.0,12382,True,-0.00048864,1.0,True,12012,12054,12097.0,12105.0,12267,12497,False,False,True,1.456,0.38968481375358166,1.00048864,40,12190.0,89.0,bidmc-40-w085-0031,85
32,12382,12647.0,12827,True,-0.00048864,1.0,True,12267,12497,12601.0,12693.0,12813,12841,False,False,True,4.368,0.8089887640449438,1.00048864,40,12778.0,131.0,bidmc-40-w085-0032,85
33,12827,13160.0,13387,True,-0.00048864,1.0,True,12813,12841,13107.0,13213.0,13387,13387,False,False,True,4.104,0.8107142857142857,1.00048864,40,13298.0,138.0,bidmc-40-w085-0033,85
34,13387,13680.0,13933,True,0.053995,1.0,True,13387,13387,13641.0,13719.0,13933,13933,False,False,True,4.16,0.9267399267399268,0.946005,40,13804.0,124.0,bidmc-40-w085-0034,85
35,13933,14157.0,14422,True,0.093819,1.0,True,13933,13933,14123.0,14191.0,14422,14422,False,False,True,3.816,0.9161554192229039,0.906181,40,14276.0,119.0,bidmc-40-w085-0035,85
36,14422,14621.0,14902,True,0.063523,1.0,True,14422,14422,14579.0,14663.0,14902,14902,False,False,True,3.712,0.8291666666666666,0.936477,40,14748.0,127.0,bidmc-40-w085-0036,85
37,14902,15111.0,15377,True,0.083069,1.0,True,14902,14902,15075.0,15147.0,15377,15377,False,False,True,3.92,0.88,0.9169309999999999,40,15232.0,121.0,bidmc-40-w085-0037,85
38,15377,15579.0,15847,True,0.076228,1.0,True,15377,15377,15539.0,15619.0,15847,15847,False,False,True,3.744,0.8595744680851064,0.923772,40,15704.0,125.0,bidmc-40-w085-0038,85
39,15847,16050.0,16299,True,0.061813,1.0,True,15847,15847,16005.0,16095.0,16299,16299,False,False,True,3.768,0.8982300884955752,0.938187,40,16180.0,130.0,bidmc-40-w085-0039,85
40,16299,16485.0,16745,True,0.042023,1.0,True,16299,16299,16443.0,16527.0,16745,16745,False,False,True,3.48,0.8340807174887892,0.957977,40,16612.0,127.0,bidmc-40-w085-0040,85
41,16745,16944.0,17169,True,0.022722,1.0,True,16745,16745,16899.0,16989.0,17169,17169,False,False,True,3.672,0.9386792452830188,0.977278,40,17074.0,130.0,bidmc-40-w085-0041,85
42,17169,17372.0,17685,True,-0.00048864,1.0,True,17169,17169,17323.0,17421.0,17685,17685,False,False,True,3.424,0.7868217054263567,1.00048864,40,17506.0,134.0,bidmc-40-w085-0042,85
43,17685,17918.0,18098,True,-0.00048864,1.0,True,17685,17685,17833.0,18003.0,18098,18098,False,False,True,4.368,0.8716707021791767,1.00048864,40,18088.0,170.0,bidmc-40-w085-0043,85
44,18098,18125.0,18225,True,0.40581,0.70511,True,18098,18098,18125.0,18125.0,18225,18225,False,False,True,1.656,0.4251968503937008,0.2993,40,18210.0,85.0,bidmc-40-w085-0044,85
45,18225,18362.0,18524,True,-0.00048864,1.0,True,18225,18225,18325.0,18399.0,18524,18524,False,False,True,1.896,0.9163879598662208,1.00048864,40,18484.0,122.0,bidmc-40-w085-0045,85
46,18524,18545.0,18630,True,-0.00048864,0.45957,True,18524,18524,18545.0,18545.0,18630,18630,False,False,True,1.464,0.39622641509433965,0.46005863999999996,40,18630.0,85.0,bidmc-40-w085-0046,85
47,18630,18820.0,18967,True,-0.00048864,1.0,True,18630,18630,18787.0,18853.0,18967,18967,False,False,True,2.2,0.8724035608308606,1.00048864,40,18938.0,118.0,bidmc-40-w085-0047,85
48,18967,19081.0,19233,True,-0.00048864,1.0,True,18967,18967,19061.0,19101.0,19233,19233,False,False,True,2.088,0.8571428571428572,1.00048864,40,19186.0,105.0,bidmc-40-w085-0048,85
49,19233,19422.0,19497,True,-0.00048864,1.0,True,19233,19233,19405.0,19439.0,19470,19524,False,False,True,2.728,0.5681818181818181,1.00048864,40,19524.0,102.0,bidmc-40-w085-0049,85
50,19497,19571.0,19733,True,-0.00048864,1.0,True,19470,19524,19555.0,19587.0,19733,19733,False,False,True,1.192,0.6271186440677966,1.00048864,40,19672.0,101.0,bidmc-40-w085-0050,85
51,19733,20081.0,20513,True,-0.00048864,1.0,True,19733,19733,20019.0,20143.0,20513,20513,False,False,True,4.08,0.8923076923076922,1.00048864,40,20228.0,147.0,bidmc-40-w085-0051,85
52,20513,20705.0,20961,True,0.096995,0.79404,True,20513,20513,20705.0,20705.0,20961,20961,False,False,True,4.992,0.8571428571428572,0.6970449999999999,40,20790.0,85.0,bidmc-40-w085-0052,85
53,20961,20975.0,20996,True,0.24994,0.27315,True,20961,20961,20975.0,20975.0,20996,20996,False,False,True,2.16,0.8,0.02321000000000001,40,21060.0,85.0,bidmc-40-w085-0053,85
54,20996,21185.0,21296,True,0.12192,0.97068,True,20996,20996,21185.0,21185.0,21296,21296,False,False,True,1.68,0.74,0.84876,40,21270.0,85.0,bidmc-40-w085-0054,85
55,21296,21434.0,21695,True,-0.00048864,1.0,True,21296,21296,21397.0,21471.0,21695,21695,False,False,True,1.992,0.6917293233082706,1.00048864,40,21556.0,122.0,bidmc-40-w085-0055,85
56,21695,22012.0,22252,True,0.034449,1.0,True,21695,21695,21977.0,22047.0,22252,22253,False,False,True,4.624,0.8617594254937163,0.965551,40,22132.0,120.0,bidmc-40-w085-0056,85
57,22252,22492.0,22711,True,0.07012,1.0,True,22252,22253,22447.0,22537.0,22711,22711,False,False,True,3.84,0.954248366013072,0.92988,40,22622.0,130.0,bidmc-40-w085-0057,85
58,22711,22739.0,22749,True,0.23894,0.30344,True,22711,22711,22739.0,22739.0,22749,22749,False,False,True,1.976,0.5263157894736843,0.06449999999999997,40,22824.0,85.0,bidmc-40-w085-0058,85
59,22749,22929.0,23154,True,0.16076,1.0,True,22749,22749,22897.0,22961.0,23154,23154,False,False,True,1.52,0.8888888888888888,0.83924,40,23046.0,117.0,bidmc-40-w085-0059,85
60,23154,23317.0,23594,True,0.072563,1.0,True,23154,23154,23271.0,23363.0,23594,23594,False,False,True,3.104,0.740909090909091,0.927437,40,23448.0,131.0,bidmc-40-w085-0060,85
61,23594,23792.0,24048,True,0.047398,1.0,True,23594,23594,23749.0,23835.0,24048,24048,False,False,True,3.8,0.8722466960352423,0.952602,40,23920.0,128.0,bidmc-40-w085-0061,85
62,24048,24266.0,24425,True,-0.00048864,1.0,True,24048,24048,24217.0,24315.0,24425,24425,False,False,True,3.792,0.8435013262599469,1.00048864,40,24400.0,134.0,bidmc-40-w085-0062,85
63,24425,24445.0,24532,True,0.31981,0.53726,True,24425,24425,24445.0,24445.0,24532,24532,False,False,True,1.432,0.3738317757009346,0.21744999999999998,40,24530.0,85.0,bidmc-40-w085-0063,85
64,24532,24704.0,24987,True,0.082824,1.0,True,24532,24532,24665.0,24743.0,24987,24987,False,False,True,2.072,0.756043956043956,0.917176,40,24828.0,124.0,bidmc-40-w085-0064,85
65,24987,25180.0,25352,True,0.073052,0.95651,True,24987,24987,25179.0,25181.0,25352,25352,False,False,True,3.808,0.9424657534246575,0.883458,40,25266.0,86.0,bidmc-40-w085-0065,85
66,25352,25566.0,25750,True,0.18055,1.0,True,25352,25352,25497.0,25635.0,25750,25750,False,False,True,3.088,0.9246231155778895,0.81945,40,25720.0,154.0,bidmc-40-w085-0066,85
67,25750,25835.0,25947,True,0.14659,0.51747,True,25750,25750,25835.0,25835.0,25947,25947,False,False,True,2.152,0.8629441624365483,0.37088,40,25920.0,85.0,bidmc-40-w085-0067,85
68,25947,26104.0,26352,True,-0.00048864,1.0,True,25947,25947,26093.0,26115.0,26352,26352,False,False,True,2.152,0.7753086419753086,1.00048864,40,26200.0,96.0,bidmc-40-w085-0068,85
69,26352,26529.0,26710,True,-0.00048864,0.92695,True,26352,26352,26529.0,26529.0,26710,26710,False,False,True,3.4,0.9888268156424581,0.9274386400000001,40,26614.0,85.0,bidmc-40-w085-0069,85
70,26710,26737.0,26823,True,0.16736,0.42536,True,26710,26710,26737.0,26737.0,26823,26823,False,False,True,1.664,0.47787610619469023,0.258,40,26822.0,85.0,bidmc-40-w085-0070,85
71,26823,26998.0,27205,True,-0.00048864,1.0,True,26823,26823,26959.0,27037.0,27205,27205,False,False,True,2.088,0.9162303664921466,1.00048864,40,27122.0,124.0,bidmc-40-w085-0071,85
72,27205,27275.0,27291,True,0.074273,0.13389,True,27205,27205,27275.0,27275.0,27291,27291,False,False,True,2.216,0.37209302325581395,0.059617,40,27360.0,85.0,bidmc-40-w085-0072,85
73,27291,27445.0,27699,True,-0.00048864,1.0,True,27291,27291,27413.0,27477.0,27699,27699,False,False,True,1.36,0.7549019607843137,1.00048864,40,27562.0,117.0,bidmc-40-w085-0073,85
74,27699,27866.0,28076,True,-0.00048864,1.0,True,27699,27699,27827.0,27905.0,28076,28076,False,False,True,3.368,0.8859416445623343,1.00048864,40,27990.0,124.0,bidmc-40-w085-0074,85
75,28076,28284.0,28481,True,-0.00048864,1.0,True,28076,28076,28191.0,28377.0,28481,28481,False,False,True,3.344,0.9728395061728395,1.00048864,40,28462.0,178.0,bidmc-40-w085-0075,85
76,28481,28593.0,28694,True,-0.00048864,1.0,True,28481,28481,28587.0,28599.0,28694,28694,False,False,True,2.472,0.9483568075117371,1.00048864,40,28684.0,91.0,bidmc-40-w085-0076,85
77,28694,28701.0,28800,True,-0.00048864,0.43342,True,28694,28694,28701.0,28701.0,28800,28800,False,False,True,0.864,0.13207547169811318,0.43390864,40,28786.0,85.0,bidmc-40-w085-0077,85
78,28800,29023.0,29518,True,-0.00048864,0.73467,True,28800,28800,29023.0,29023.0,29518,29518,False,False,True,2.576,0.6211699164345403,0.7351586400000001,40,29108.0,85.0,bidmc-40-w085-0078,85
79,29518,29635.0,29784,True,-0.00048864,0.66455,True,29518,29518,29635.0,29635.0,29784,29784,False,False,True,4.896,0.8796992481203008,0.66503864,40,29720.0,85.0,bidmc-40-w085-0079,85
80,29784,29971.0,30404,True,0.15661,0.30955,True,29784,29784,29971.0,29971.0,30404,30405,False,False,True,2.688,0.603225806451613,0.15294,40,30056.0,85.0,bidmc-40-w085-0080,85
81,30404,30622.0,30897,True,0.076961,1.0,True,30404,30405,30575.0,30669.0,30897,30897,False,False,True,5.208,0.8843813387423936,0.9230389999999999,40,30754.0,132.0,bidmc-40-w085-0081,85
82,30897,31108.0,31382,True,0.043489,1.0,True,30897,30897,31063.0,31153.0,31382,31382,False,False,True,3.888,0.8701030927835052,0.956511,40,31238.0,130.0,bidmc-40-w085-0082,85
83,31382,31584.0,31865,True,-0.00048864,1.0,True,31382,31382,31531.0,31637.0,31865,31865,False,False,True,3.808,0.8364389233954451,1.00048864,40,31722.0,138.0,bidmc-40-w085-0083,85
84,31865,32120.0,32444,True,-0.00048864,1.0,True,31865,31865,32071.0,32169.0,32444,32444,False,False,True,4.288,0.8808290155440415,1.00048864,40,32254.0,134.0,bidmc-40-w085-0084,85
85,32444,32689.0,32950,True,0.095529,1.0,True,32444,32444,32641.0,32737.0,32950,32950,False,False,True,4.552,0.9683794466403162,0.904471,40,32822.0,133.0,bidmc-40-w085-0085,85
86,32950,33126.0,33274,True,0.03225,1.0,True,32950,32950,33089.0,33163.0,33274,33274,False,False,True,3.496,0.9135802469135803,0.96775,40,33248.0,122.0,bidmc-40-w085-0086,85
87,33274,33367.0,33467,True,-0.00048864,0.99023,True,33274,33274,33367.0,33367.0,33467,33467,False,False,True,1.928,0.9637305699481865,0.9907186400000001,40,33452.0,85.0,bidmc-40-w085-0087,85
88,33467,33515.0,33685,True,-0.00048864,0.75495,True,33467,33467,33515.0,33515.0,33685,33685,False,False,True,1.184,0.44036697247706424,0.75543864,40,33600.0,85.0,bidmc-40-w085-0088,85
89,33685,33936.0,34204,True,-0.00048864,1.0,True,33685,33685,33927.0,33945.0,34204,34204,False,False,True,3.368,0.9672447013487476,1.00048864,40,34030.0,94.0,bidmc-40-w085-0089,85
90,34204,34421.0,34714,True,0.059125,1.0,True,34204,34204,34407.0,34435.0,34714,34714,False,False,True,3.88,0.8509803921568627,0.940875,40,34520.0,99.0,bidmc-40-w085-0090,85
91,34714,34954.0,35220,True,0.077205,1.0,True,34714,34714,34941.0,34967.0,35220,35220,False,False,True,4.264,0.9486166007905138,0.922795,40,35052.0,98.0,bidmc-40-w085-0091,85
92,35220,35437.0,35713,True,0.11532,1.0,True,35220,35220,35405.0,35469.0,35713,35713,False,False,True,3.864,0.8803245436105477,0.88468,40,35554.0,117.0,bidmc-40-w085-0092,85
93,35713,35913.0,36224,True,0.10774,0.89079,True,35713,35713,35913.0,35913.0,36224,36224,False,False,True,3.808,0.7827788649706457,0.78305,40,35998.0,85.0,bidmc-40-w085-0093,85
94,36224,36403.0,36532,True,-0.00048864,0.64525,True,36224,36224,36403.0,36403.0,36532,36533,False,False,True,3.92,0.8376623376623377,0.64573864,40,36488.0,85.0,bidmc-40-w085-0094,85
95,36532,36583.0,36625,True,-0.00048864,0.39775,True,36532,36533,36583.0,36583.0,36625,36625,False,False,True,1.44,0.9032258064516129,0.39823864,40,36668.0,85.0,bidmc-40-w085-0095,85
96,36625,36821.0,37053,True,-0.00048864,1.0,True,36625,36625,36739.0,36903.0,37053,37053,False,False,True,1.904,0.9158878504672897,1.00048864,40,36988.0,167.0,bidmc-40-w085-0096,85
97,37053,37091.0,37144,True,0.68067,0.83215,True,37053,37053,37091.0,37091.0,37144,37144,False,False,True,2.16,0.8351648351648352,0.15147999999999995,40,37176.0,85.0,bidmc-40-w085-0097,85
98,37144,37243.0,37566,True,0.085756,0.91498,True,37144,37144,37243.0,37243.0,37566,37566,False,False,True,1.216,0.4691943127962085,0.829224,40,37328.0,85.0,bidmc-40-w085-0098,85
99,37566,37718.0,38001,True,0.10848,1.0,True,37566,37566,37709.0,37727.0,38001,38001,False,False,True,3.8,0.6988505747126437,0.89152,40,37812.0,94.0,bidmc-40-w085-0099,85
100,38001,38156.0,38345,True,-0.00048864,1.0,True,38001,38001,38123.0,38189.0,38323,38367,False,False,True,3.504,0.9011627906976745,1.00048864,40,38274.0,118.0,bidmc-40-w085-0100,85
101,38345,38630.0,38822,True,-0.00048864,1.0,True,38323,38367,38545.0,38715.0,38822,38822,False,False,True,3.792,0.8050314465408805,1.00048864,40,38800.0,170.0,bidmc-40-w085-0101,85
102,38822,38945.0,39118,True,-0.00048864,1.0,True,38822,38822,38919.0,38971.0,39118,39118,False,False,True,2.52,0.8310810810810811,1.00048864,40,39056.0,111.0,bidmc-40-w085-0102,85
103,39118,39281.0,39586,True,-0.00048864,0.828,True,39118,39118,39281.0,39281.0,39586,39586,False,False,True,2.688,0.6965811965811965,0.82848864,40,39366.0,85.0,bidmc-40-w085-0103,85
104,39586,39863.0,40175,True,0.12436,1.0,True,39586,39586,39819.0,39907.0,40175,40175,False,False,True,4.656,0.9405772495755518,0.87564,40,39992.0,129.0,bidmc-40-w085-0104,85
105,40175,40365.0,40661,True,0.1505,0.95358,True,40175,40175,40365.0,40365.0,40661,40661,False,False,True,4.016,0.7818930041152263,0.80308,40,40450.0,85.0,bidmc-40-w085-0105,85
106,40661,40861.0,41060,True,0.21085,1.0,True,40661,40661,40833.0,40889.0,41060,41060,False,False,True,3.968,0.9974937343358397,0.78915,40,40974.0,113.0,bidmc-40-w085-0106,85
107,41060,41159.0,41284,True,0.31346,0.67774,True,41060,41060,41159.0,41159.0,41284,41284,False,False,True,2.384,0.8839285714285714,0.36428,40,41244.0,85.0,bidmc-40-w085-0107,85
108,41284,41313.0,41367,True,0.31566,0.57684,True,41284,41284,41313.0,41313.0,41367,41367,False,False,True,1.232,0.6987951807228916,0.26118,40,41398.0,85.0,bidmc-40-w085-0108,85
109,41367,41510.0,41673,True,-0.00048864,1.0,True,41367,41367,41469.0,41551.0,41673,41673,False,False,True,1.576,0.934640522875817,1.00048864,40,41636.0,126.0,bidmc-40-w085-0109,85
110,41673,41727.0,41778,True,-0.00048864,0.1075,True,41673,41673,41727.0,41727.0,41778,41778,False,False,True,1.736,0.9714285714285714,0.10798864,40,41812.0,85.0,bidmc-40-w085-0110,85
111,41778,41963.0,42186,True,-0.00048864,1.0,True,41778,41778,41911.0,42015.0,42186,42186,False,False,True,1.888,0.9068627450980392,1.00048864,40,42100.0,137.0,bidmc-40-w085-0111,85
112,42186,42287.0,42294,True,0.022477,0.49255,True,42186,42186,42287.0,42287.0,42294,42294,False,False,True,2.592,0.12962962962962965,0.47007299999999996,40,42372.0,85.0,bidmc-40-w085-0112,85
113,42294,42456.0,42725,True,0.018568,1.0,True,42294,42294,42411.0,42501.0,42725,42725,False,False,True,1.352,0.7517401392111369,0.981432,40,42586.0,130.0,bidmc-40-w085-0113,85
114,42725,42879.0,43180,True,-0.00048864,1.0,True,42725,42725,42867.0,42891.0,43180,43180,False,False,True,3.384,0.676923076923077,1.00048864,40,42976.0,97.0,bidmc-40-w085-0114,85
115,43180,43358.0,43664,True,-0.00048864,1.0,True,43180,43180,43309.0,43407.0,43664,43664,False,False,True,3.832,0.7355371900826446,1.00048864,40,43492.0,134.0,bidmc-40-w085-0115,85
116,43664,43855.0,44131,True,-0.00048864,1.0,True,43664,43664,43799.0,43911.0,44131,44131,False,False,True,3.976,0.8179871520342612,1.00048864,40,43996.0,141.0,bidmc-40-w085-0116,85
117,44131,44149.0,44312,True,0.11507,0.28927,True,44131,44131,44149.0,44149.0,44312,44312,False,False,True,2.352,0.19889502762430944,0.17420000000000002,40,44234.0,85.0,bidmc-40-w085-0117,85
118,44312,44505.0,44774,True,0.049108,1.0,True,44312,44312,44479.0,44531.0,44774,44774,False,False,True,2.848,0.8354978354978355,0.950892,40,44616.0,111.0,bidmc-40-w085-0118,85
119,44774,44961.0,45208,True,0.038358,1.0,True,44774,44774,44925.0,44997.0,45208,45208,False,False,True,3.648,0.8617511520737327,0.961642,40,45082.0,121.0,bidmc-40-w085-0119,85
120,45208,45394.0,45651,True,0.064989,1.0,True,45208,45208,45371.0,45417.0,45651,45651,False,False,True,3.464,0.8397291196388261,0.935011,40,45502.0,108.0,bidmc-40-w085-0120,85
121,45651,45845.0,46106,True,0.098461,1.0,True,45651,45651,45801.0,45889.0,46106,46106,False,False,True,3.608,0.8527472527472527,0.901539,40,45974.0,129.0,bidmc-40-w085-0121,85
122,46106,46260.0,46363,True,0.12363,1.0,True,46106,46106,46213.0,46307.0,46334,46392,False,False,True,3.32,0.8015564202334631,0.87637,40,46392.0,132.0,bidmc-40-w085-0122,85
123,46363,46495.0,46638,True,-0.00048864,1.0,True,46334,46392,46419.0,46571.0,46620,46656,False,False,True,1.88,0.96,1.00048864,40,46656.0,161.0,bidmc-40-w085-0123,85
124,46638,46733.0,46862,True,-0.00048864,1.0,True,46620,46656,46705.0,46761.0,46862,46862,False,False,True,1.904,0.8482142857142857,1.00048864,40,46846.0,113.0,bidmc-40-w085-0124,85
125,46862,46990.0,47216,True,-0.00048864,1.0,True,46862,46862,46965.0,47015.0,47187,47245,False,False,True,2.056,0.7231638418079096,1.00048864,40,47100.0,110.0,bidmc-40-w085-0125,85
126,47216,47361.0,47580,True,-0.00048864,0.65404,True,47187,47245,47361.0,47361.0,47580,47580,False,False,True,2.968,0.7967032967032968,0.65452864,40,47446.0,85.0,bidmc-40-w085-0126,85
127,47580,47791.0,48021,True,-0.00048864,1.0,True,47580,47580,47761.0,47821.0,48021,48021,False,False,True,3.44,0.9569160997732427,1.00048864,40,47906.0,115.0,bidmc-40-w085-0127,85
128,48021,48183.0,48470,True,-0.00048864,1.0,True,48021,48021,48135.0,48231.0,48470,48470,False,False,True,3.136,0.7216035634743876,1.00048864,40,48316.0,133.0,bidmc-40-w085-0128,85
129,48470,48718.0,49137,True,-0.00048864,1.0,True,48470,48470,48657.0,48779.0,49137,49137,False,False,True,4.28,0.7436281859070465,1.00048864,40,48864.0,146.0,bidmc-40-w085-0129,85
130,49137,49338.0,49576,True,-0.00048864,1.0,True,49137,49137,49313.0,49363.0,49576,49576,False,False,True,4.96,0.9157175398633257,1.00048864,40,49448.0,110.0,bidmc-40-w085-0130,85
131,49576,49772.0,50019,True,-0.00048864,1.0,True,49576,49576,49727.0,49817.0,50019,50019,False,False,True,3.472,0.8848758465011287,1.00048864,40,49902.0,130.0,bidmc-40-w085-0131,85
132,50019,50232.0,50419,True,-0.00048864,1.0,True,50019,50019,50179.0,50285.0,50419,50419,False,False,True,3.68,0.935,1.00048864,40,50370.0,138.0,bidmc-40-w085-0132,85
133,50419,50612.0,50898,True,-0.00048864,1.0,True,50419,50419,50525.0,50699.0,50898,50898,False,False,True,3.04,0.8058455114822547,1.00048864,40,50784.0,172.0,bidmc-40-w085-0133,85
134,50898,51085.0,51294,True,-0.00048864,1.0,True,50898,50898,51039.0,51131.0,51294,51294,False,False,True,3.784,0.9444444444444444,1.00048864,40,51216.0,131.0,bidmc-40-w085-0134,85
135,51294,51516.0,51649,True,-0.00048864,1.0,True,51294,51294,51485.0,51547.0,51649,51649,False,False,True,3.448,0.7492957746478873,1.00048864,40,51632.0,116.0,bidmc-40-w085-0135,85
136,51649,51725.0,51821,True,-0.00048864,0.69631,True,51649,51649,51725.0,51725.0,51821,51821,False,False,True,1.672,0.8837209302325582,0.69679864,40,51810.0,85.0,bidmc-40-w085-0136,85
137,51821,51983.0,52226,True,-0.00048864,1.0,True,51821,51821,51921.0,52045.0,52175,52277,False,False,True,2.064,0.8,1.00048864,40,52130.0,147.0,bidmc-40-w085-0137,85
138,52226,52511.0,52767,True,-0.00048864,1.0,True,52175,52277,52465.0,52557.0,52767,52767,False,False,True,4.224,0.9463955637707948,1.00048864,40,52642.0,131.0,bidmc-40-w085-0138,85
139,52767,53011.0,53236,True,0.049353,1.0,True,52767,52767,52949.0,53073.0,53236,53236,False,False,True,4.0,0.9594882729211087,0.950647,40,53158.0,147.0,bidmc-40-w085-0139,85
140,53236,53464.0,53674,True,0.028585,1.0,True,53236,53236,53423.0,53505.0,53674,53674,False,False,True,3.624,0.9589041095890412,0.971415,40,53590.0,126.0,bidmc-40-w085-0140,85
141,53674,53754.0,53773,True,0.072563,0.17029,True,53674,53674,53753.0,53755.0,53773,53773,False,False,True,2.32,0.38383838383838387,0.097727,40,53840.0,86.0,bidmc-40-w085-0141,85
142,53773,53967.0,54253,True,0.023943,1.0,True,53773,53773,53929.0,54005.0,54253,54253,False,False,True,1.704,0.8083333333333333,0.976057,40,54090.0,123.0,bidmc-40-w085-0142,85
143,54253,54458.0,54728,True,0.014903,1.0,True,54253,54253,54411.0,54505.0,54728,54728,False,False,True,3.928,0.8631578947368421,0.985097,40,54590.0,132.0,bidmc-40-w085-0143,85
144,54728,55015.0,55323,True,0.038602,1.0,True,54728,54728,54957.0,55073.0,55323,55323,False,False,True,4.456,0.9647058823529412,0.961398,40,55158.0,143.0,bidmc-40-w085-0144,85
145,55323,55510.0,55752,True,-0.00024432,1.0,True,55323,55323,55471.0,55549.0,55752,55752,False,False,True,3.96,0.8717948717948718,1.00024432,40,55634.0,124.0,bidmc-40-w085-0145,85
146,55752,56022.0,56288,True,-0.00048864,1.0,True,55752,55752,55963.0,56081.0,56283,56294,False,False,True,4.096,0.9925373134328358,1.00048864,40,56166.0,144.0,bidmc-40-w085-0146,85
147,56288,56491.0,56784,True,-0.00048864,1.0,True,56283,56294,56419.0,56563.0,56784,56784,False,False,True,3.752,0.8185483870967742,1.00048864,40,56648.0,157.0,bidmc-40-w085-0147,85
148,56784,56977.0,57152,True,0.010994,1.0,True,56784,56784,56921.0,57033.0,57152,57152,False,False,True,3.888,0.9510869565217391,0.989006,40,57118.0,141.0,bidmc-40-w085-0148,85
149,57152,57173.0,57183,True,0.24603,0.35597,True,57152,57152,57173.0,57173.0,57183,57183,False,False,True,1.568,0.6451612903225806,0.10994000000000001,40,57258.0,85.0,bidmc-40-w085-0149,85
150,57183,57312.0,57458,True,-0.00048864,1.0,True,57183,57183,57291.0,57333.0,57441,57475,False,False,True,1.112,0.9381818181818182,1.00048864,40,57418.0,106.0,bidmc-40-w085-0150,85
151,57458,57631.0,57696,True,-0.00048864,0.99218,True,57441,57475,57631.0,57631.0,57696,57696,False,False,True,2.552,0.546218487394958,0.99266864,40,57716.0,85.0,bidmc-40-w085-0151,85
152,57696,57855.0,58077,True,-0.00048864,1.0,True,57696,57696,57781.0,57929.0,58039,58115,False,False,True,1.792,0.8346456692913385,1.00048864,40,58014.0,159.0,bidmc-40-w085-0152,85
153,58077,58419.0,58619,True,-0.00048864,0.92915,True,58039,58115,58419.0,58419.0,58619,58619,False,False,True,4.512,0.7380073800738007,0.9296386400000001,40,58504.0,85.0,bidmc-40-w085-0153,85
154,58619,58890.0,59157,True,0.12607,1.0,True,58619,58619,58853.0,58927.0,59157,59157,False,False,True,3.768,0.9925650557620818,0.87393,40,59012.0,122.0,bidmc-40-w085-0154,85
155,59157,59433.0,59709,True,0.11214,1.0,True,59157,59157,59399.0,59467.0,59709,59710,False,False,True,4.344,1.0,0.88786,40,59552.0,119.0,bidmc-40-w085-0155,85
1,83,130.0,408,True,-0.27384,1.3447,True,83,83,129.0,131.0,408,408,False,False,True,,0.2892307692307692,1.6185399999999999,41,216.0,86.0,bidmc-41-w085-0001,85
2,408,587.0,790,True,-0.34719,1.088,True,408,408,585.0,589.0,790,790,False,False,True,3.656,0.93717277486911,1.43519,41,674.0,87.0,bidmc-41-w085-0002,85
3,790,1011.0,1313,True,-0.36919,1.1614,True,790,790,1009.0,1013.0,1313,1313,False,False,True,3.392,0.8451242829827916,1.5305900000000001,41,1098.0,87.0,bidmc-41-w085-0003,85
4,1313,1559.0,1863,True,-0.36675,1.1858,True,1313,1313,1557.0,1561.0,1863,1864,False,False,True,4.384,0.8945454545454545,1.55255,41,1646.0,87.0,bidmc-41-w085-0004,85
5,1863,1882.0,1993,True,-0.22738,-0.12714,True,1863,1864,1877.0,1887.0,1993,1994,False,False,True,2.584,0.29230769230769227,0.10024,41,1972.0,90.0,bidmc-41-w085-0005,85
6,1993,2247.0,2505,True,-0.41565,1.1834,True,1993,1994,2246.0,2249.0,2505,2505,False,False,True,2.92,0.9921875,1.59905,41,2334.0,87.0,bidmc-41-w085-0006,85
7,2505,2798.0,3110,True,-0.44499,1.1491,True,2505,2505,2797.0,2799.0,3110,3111,False,False,True,4.408,0.968595041322314,1.59409,41,2884.0,86.0,bidmc-41-w085-0007,85
8,3110,3375.0,3681,True,-0.40831,1.3081,True,3110,3111,3375.0,3375.0,3681,3682,False,False,True,4.616,0.9281961471103327,1.71641,41,3460.0,85.0,bidmc-41-w085-0008,85
9,3681,3930.0,4218,True,-0.3423,1.2885,True,3681,3682,3929.0,3932.0,4218,4218,False,False,True,4.44,0.9273743016759777,1.6308,41,4017.0,87.0,bidmc-41-w085-0009,85
10,4218,4459.0,4704,True,-0.40098,1.3301,True,4218,4218,4458.0,4460.0,4704,4704,False,False,True,4.232,0.9917695473251029,1.73108,41,4545.0,86.0,bidmc-41-w085-0010,85
11,4704,4941.0,5170,True,-0.35941,1.1247,True,4704,4704,4939.0,4943.0,5170,5171,False,False,True,3.856,0.9828326180257511,1.48411,41,5028.0,87.0,bidmc-41-w085-0011,85
12,5170,5495.0,5740,True,-0.35452,1.0978,True,5170,5171,5493.0,5497.0,5740,5741,False,False,True,4.432,0.8596491228070176,1.45232,41,5582.0,87.0,bidmc-41-w085-0012,85
13,5740,5988.0,6259,True,-0.33007,1.0856,True,5740,5741,5983.0,5993.0,6259,6259,False,False,True,3.944,0.9556840077071291,1.41567,41,6078.0,90.0,bidmc-41-w085-0013,85
14,6259,6549.0,6865,True,-0.33985,1.2249,True,6259,6259,6547.0,6551.0,6865,6865,False,False,True,4.488,0.9570957095709571,1.56475,41,6636.0,87.0,bidmc-41-w085-0014,85
15,6865,7104.0,7439,True,-0.33985,1.2103,True,6865,6865,7101.0,7107.0,7439,7440,False,False,True,4.44,0.8327526132404182,1.55015,41,7192.0,88.0,bidmc-41-w085-0015,85
16,7439,7723.0,8087,True,-0.30073,1.1222,True,7439,7440,7721.0,7726.0,8087,8088,False,False,True,4.952,0.8765432098765432,1.42293,41,7811.0,88.0,bidmc-41-w085-0016,85
17,8087,8348.0,8739,True,-0.31785,1.1247,True,8087,8088,8346.0,8351.0,8738,8740,False,False,True,5.0,0.8006134969325154,1.44255,41,8436.0,88.0,bidmc-41-w085-0017,85
18,8739,9068.0,9425,True,-0.25428,1.0587,True,8738,8740,9065.0,9071.0,9425,9425,False,False,True,5.76,0.9591836734693877,1.31298,41,9156.0,88.0,bidmc-41-w085-0018,85
19,9425,9662.0,9888,True,-0.28362,0.84352,True,9425,9425,9658.0,9667.0,9888,9888,False,False,True,4.752,0.9762419006479481,1.12714,41,9752.0,90.0,bidmc-41-w085-0019,85
20,9888,9978.0,10053,True,-0.24694,-0.11736,True,9888,9888,9975.0,9981.0,10040,10066,False,False,True,2.528,0.9090909090909091,0.12957999999999997,41,10066.0,88.0,bidmc-41-w085-0020,85
21,10053,10128.0,10144,True,-0.21271,-0.11736,True,10040,10066,10125.0,10131.0,10144,10144,False,False,True,1.2,0.3516483516483516,0.09535,41,10216.0,88.0,bidmc-41-w085-0021,85
22,10144,10414.0,10673,True,-0.34963,0.97311,True,10144,10144,10412.0,10417.0,10673,10673,False,False,True,2.288,0.9792060491493384,1.32274,41,10502.0,88.0,bidmc-41-w085-0022,85
23,10673,10882.0,11224,True,-0.2934,0.87042,True,10673,10673,10879.0,10885.0,11224,11225,False,False,True,3.744,0.7586206896551724,1.1638199999999999,41,10970.0,88.0,bidmc-41-w085-0023,85
24,11224,11531.0,11783,True,-0.31296,0.89976,True,11224,11225,11530.0,11533.0,11783,11783,False,False,True,5.192,0.9016100178890877,1.21272,41,11618.0,87.0,bidmc-41-w085-0024,85
25,11783,12021.0,12267,True,-0.33007,0.77751,True,11783,11783,12019.0,12023.0,12267,12268,False,False,True,3.92,0.9834710743801653,1.10758,41,12108.0,87.0,bidmc-41-w085-0025,85
26,12267,12521.0,12745,True,-0.41076,1.0489,True,12267,12268,12519.0,12524.0,12745,12745,False,False,True,4.0,0.9372384937238494,1.45966,41,12609.0,88.0,bidmc-41-w085-0026,85
27,12745,13131.0,13411,True,-0.49389,0.99756,True,12745,12745,13129.0,13133.0,13411,13411,False,False,True,4.88,0.8408408408408409,1.49145,41,13218.0,87.0,bidmc-41-w085-0027,85
28,13411,13649.0,13896,True,-0.3154,1.0831,True,13411,13411,13646.0,13653.0,13896,13896,False,False,True,4.144,0.9814432989690721,1.3984999999999999,41,13738.0,89.0,bidmc-41-w085-0028,85
29,13896,14142.0,14395,True,-0.3423,1.0611,True,13896,13896,14141.0,14143.0,14395,14395,False,False,True,3.944,0.9859719438877755,1.4034,41,14228.0,86.0,bidmc-41-w085-0029,85
30,14395,14651.0,14919,True,-0.37408,1.2323,True,14395,14395,14651.0,14651.0,14919,14919,False,False,True,4.072,0.9770992366412213,1.60638,41,14736.0,85.0,bidmc-41-w085-0030,85
31,14919,15173.0,15431,True,-0.32763,1.1687,True,14919,14919,15173.0,15173.0,15431,15431,False,False,True,4.176,0.9921875,1.49633,41,15258.0,85.0,bidmc-41-w085-0031,85
32,15431,15692.0,15916,True,-0.36675,1.1932,True,15431,15431,15691.0,15693.0,15916,15916,False,False,True,4.152,0.9237113402061856,1.5599500000000002,41,15778.0,86.0,bidmc-41-w085-0032,85
33,15916,16025.0,16176,True,-0.31296,-0.12958,True,15916,15916,16022.0,16028.0,16176,16176,False,False,True,2.664,0.8384615384615385,0.18338000000000002,41,16113.0,88.0,bidmc-41-w085-0033,85
34,16176,16467.0,16730,True,-0.3423,0.89731,True,16176,16176,16466.0,16468.0,16730,16730,False,False,True,3.536,0.9494584837545126,1.23961,41,16553.0,86.0,bidmc-41-w085-0034,85
35,16730,16954.0,17203,True,-0.33741,1.088,True,16730,16730,16953.0,16956.0,17203,17203,False,False,True,3.896,0.9471458773784355,1.42541,41,17041.0,87.0,bidmc-41-w085-0035,85
36,17203,17397.0,17637,True,-0.37408,0.76039,True,17203,17203,17397.0,17397.0,17637,17637,False,False,True,3.544,0.8940092165898618,1.13447,41,17482.0,85.0,bidmc-41-w085-0036,85
37,17637,17923.0,18228,True,-0.511,0.67726,True,17637,17637,17922.0,17925.0,18228,18229,False,False,True,4.208,0.9678510998307953,1.18826,41,18010.0,87.0,bidmc-41-w085-0037,85
38,18228,18599.0,18876,True,-0.5379,1.4181,True,18228,18229,18598.0,18600.0,18876,18876,False,False,True,5.408,0.8549382716049383,1.956,41,18685.0,86.0,bidmc-41-w085-0038,85
39,18876,19115.0,19361,True,-0.32763,1.2421,True,18876,18876,19114.0,19117.0,19361,19361,False,False,True,4.128,0.9855670103092784,1.5697299999999998,41,19202.0,87.0,bidmc-41-w085-0039,85
40,19361,19596.0,19859,True,-0.43032,1.2518,True,19361,19361,19594.0,19599.0,19859,19859,False,False,True,3.848,0.9437751004016064,1.68212,41,19684.0,88.0,bidmc-41-w085-0040,85
41,19859,20092.0,20413,True,-0.34963,1.3325,True,19859,19859,20089.0,20095.0,20413,20413,False,False,True,3.968,0.8411552346570397,1.68213,41,20180.0,88.0,bidmc-41-w085-0041,85
42,20413,20657.0,20934,True,-0.38142,1.2738,True,20413,20413,20655.0,20659.0,20934,20935,False,False,True,4.52,0.9366602687140115,1.65522,41,20744.0,87.0,bidmc-41-w085-0042,85
43,20934,21222.0,21476,True,-0.35452,1.3667,True,20934,20935,21220.0,21224.0,21476,21476,False,False,True,4.52,0.9372693726937269,1.72122,41,21309.0,87.0,bidmc-41-w085-0043,85
44,21476,21694.0,21945,True,-0.35452,1.0636,True,21476,21476,21693.0,21696.0,21945,21946,False,False,True,3.776,0.929637526652452,1.41812,41,21781.0,87.0,bidmc-41-w085-0044,85
45,21945,22227.0,22505,True,-0.46699,1.2665,True,21945,21946,22225.0,22229.0,22505,22506,False,False,True,4.264,0.9928571428571429,1.73349,41,22314.0,87.0,bidmc-41-w085-0045,85
46,22505,22773.0,23060,True,-0.46944,1.335,True,22505,22506,22771.0,22775.0,23060,23060,False,False,True,4.368,0.9657657657657658,1.80444,41,22860.0,87.0,bidmc-41-w085-0046,85
47,23060,23359.0,23650,True,-0.41076,0.94866,True,23060,23060,23359.0,23359.0,23650,23650,False,False,True,4.688,0.9864406779661017,1.35942,41,23444.0,85.0,bidmc-41-w085-0047,85
48,23650,23912.0,24229,True,-0.33985,1.4719,True,23650,23650,23910.0,23914.0,24229,24230,False,False,True,4.424,0.9050086355785838,1.81175,41,23999.0,87.0,bidmc-41-w085-0048,85
49,24229,24457.0,24708,True,-0.50856,0.83619,True,24229,24230,24455.0,24459.0,24708,24708,False,False,True,4.36,0.9519832985386222,1.34475,41,24544.0,87.0,bidmc-41-w085-0049,85
50,24708,24922.0,25225,True,-0.33985,1.1491,True,24708,24708,24921.0,24923.0,25225,25225,False,False,True,3.72,0.8278529980657641,1.48895,41,25008.0,86.0,bidmc-41-w085-0050,85
51,25225,25511.0,25802,True,-0.38631,1.2665,True,25225,25225,25511.0,25511.0,25802,25802,False,False,True,4.712,0.9913344887348353,1.65281,41,25596.0,85.0,bidmc-41-w085-0051,85
52,25802,26038.0,26305,True,-0.40098,1.2249,True,25802,25802,26037.0,26039.0,26305,26305,False,False,True,4.216,0.9383697813121272,1.62588,41,26124.0,86.0,bidmc-41-w085-0052,85
53,26305,26314.0,26364,True,-0.27139,-0.23472,True,26305,26305,26312.0,26316.0,26364,26365,False,False,True,2.208,0.30508474576271183,0.03667000000000001,41,26401.0,87.0,bidmc-41-w085-0053,85
54,26364,26643.0,26879,True,-0.33252,0.77506,True,26364,26365,26640.0,26647.0,26879,26880,False,False,True,2.632,0.916504854368932,1.10758,41,26732.0,89.0,bidmc-41-w085-0054,85
55,26879,27129.0,27435,True,-0.33985,1.1051,True,26879,26880,27127.0,27131.0,27435,27435,False,False,True,3.888,0.8992805755395683,1.44495,41,27216.0,87.0,bidmc-41-w085-0055,85
56,27435,27680.0,27942,True,-0.38875,1.2029,True,27435,27435,27677.0,27683.0,27942,27942,False,False,True,4.408,0.9664694280078896,1.59165,41,27768.0,88.0,bidmc-41-w085-0056,85
57,27942,28183.0,28473,True,-0.36186,1.4108,True,27942,27942,28183.0,28183.0,28473,28473,False,False,True,4.024,0.9077212806026366,1.7726600000000001,41,28268.0,85.0,bidmc-41-w085-0057,85
58,28473,28713.0,29016,True,-0.35208,1.3178,True,28473,28473,28712.0,28715.0,29016,29016,False,False,True,4.24,0.8839779005524862,1.66988,41,28800.0,87.0,bidmc-41-w085-0058,85
59,29016,29290.0,29575,True,-0.3423,1.401,True,29016,29016,29289.0,29291.0,29575,29576,False,False,True,4.616,0.9803220035778175,1.7433,41,29376.0,86.0,bidmc-41-w085-0059,85
60,29575,29855.0,30112,True,-0.3154,1.1051,True,29575,29576,29852.0,29858.0,30112,30112,False,False,True,4.52,0.957169459962756,1.4205,41,29943.0,88.0,bidmc-41-w085-0060,85
61,30112,30317.0,30557,True,-0.35208,1.1174,True,30112,30112,30317.0,30317.0,30557,30558,False,False,True,3.696,0.9213483146067416,1.46948,41,30402.0,85.0,bidmc-41-w085-0061,85
62,30557,30827.0,31123,True,-0.44254,1.2029,True,30557,30558,30827.0,30827.0,31123,31123,False,False,True,4.08,0.9540636042402827,1.64544,41,30912.0,85.0,bidmc-41-w085-0062,85
63,31123,31150.0,31156,True,-0.24205,-0.23472,True,31123,31123,31147.0,31153.0,31156,31156,False,False,True,2.584,0.36363636363636365,0.007329999999999975,41,31238.0,88.0,bidmc-41-w085-0063,85
64,31156,31472.0,31760,True,-0.37164,1.0929,True,31156,31156,31471.0,31473.0,31760,31761,False,False,True,2.576,0.9536423841059603,1.46454,41,31558.0,86.0,bidmc-41-w085-0064,85
65,31760,31988.0,32241,True,-0.30807,1.1149,True,31760,31761,31987.0,31990.0,32241,32241,False,False,True,4.128,0.9480249480249481,1.42297,41,32075.0,87.0,bidmc-41-w085-0065,85
66,32241,32456.0,32697,True,-0.39364,0.73839,True,32241,32241,32455.0,32458.0,32697,32697,False,False,True,3.744,0.9429824561403509,1.1320299999999999,41,32543.0,87.0,bidmc-41-w085-0066,85
67,32697,32974.0,33228,True,-0.33741,1.0196,True,32697,32697,32972.0,32976.0,33228,33228,False,False,True,4.144,0.9566854990583804,1.35701,41,33061.0,87.0,bidmc-41-w085-0067,85
68,33228,33474.0,33784,True,-0.32274,0.96577,True,33228,33228,33472.0,33476.0,33784,33785,False,False,True,4.0,0.8848920863309353,1.28851,41,33561.0,87.0,bidmc-41-w085-0068,85
69,33784,34029.0,34310,True,-0.33252,0.65526,True,33784,33785,34025.0,34033.0,34310,34311,False,False,True,4.44,0.9315589353612167,0.9877799999999999,41,34118.0,89.0,bidmc-41-w085-0069,85
70,34310,34527.0,34777,True,-0.29584,1.2421,True,34310,34311,34527.0,34527.0,34777,34777,False,False,True,3.984,0.9293361884368309,1.5379399999999999,41,34612.0,85.0,bidmc-41-w085-0070,85
71,34777,34909.0,35192,True,-0.35697,0.40831,True,34777,34777,34906.0,34913.0,35192,35192,False,False,True,3.056,0.636144578313253,0.76528,41,34998.0,89.0,bidmc-41-w085-0071,85
72,35192,35530.0,35929,True,-0.40831,1.5159,True,35192,35192,35529.0,35532.0,35928,35930,False,False,True,4.968,0.9172320217096337,1.92421,41,35617.0,87.0,bidmc-41-w085-0072,85
73,35929,36207.0,36496,True,-0.33252,1.3472,True,35928,35930,36207.0,36208.0,36496,36496,False,False,True,5.416,0.9805996472663139,1.6797199999999999,41,36293.0,86.0,bidmc-41-w085-0073,85
74,36496,36726.0,36955,True,-0.39364,0.93888,True,36496,36496,36725.0,36728.0,36955,36955,False,False,True,4.152,0.9978213507625272,1.3325200000000001,41,36813.0,87.0,bidmc-41-w085-0074,85
75,36955,37200.0,37450,True,-0.36919,0.90954,True,36955,36955,37199.0,37201.0,37450,37451,False,False,True,3.792,0.98989898989899,1.27873,41,37286.0,86.0,bidmc-41-w085-0075,85
76,37450,37476.0,37565,True,-0.36675,-0.16137,True,37450,37451,37475.0,37478.0,37565,37565,False,False,True,2.208,0.4521739130434783,0.20538,41,37563.0,87.0,bidmc-41-w085-0076,85
77,37565,37814.0,38060,True,-0.3154,1.2665,True,37565,37565,37813.0,37816.0,38060,38060,False,False,True,2.704,0.9939393939393939,1.5819,41,37901.0,87.0,bidmc-41-w085-0077,85
78,38060,38291.0,38546,True,-0.31296,1.1907,True,38060,38060,38289.0,38293.0,38546,38546,False,False,True,3.816,0.9506172839506173,1.50366,41,38378.0,87.0,bidmc-41-w085-0078,85
79,38546,38755.0,38993,True,-0.34474,0.82885,True,38546,38546,38755.0,38755.0,38993,38993,False,False,True,3.712,0.9351230425055929,1.17359,41,38840.0,85.0,bidmc-41-w085-0079,85
80,38993,39264.0,39529,True,-0.32518,1.2469,True,38993,38993,39263.0,39265.0,39529,39529,False,False,True,4.072,0.9888059701492538,1.57208,41,39350.0,86.0,bidmc-41-w085-0080,85
81,39529,39788.0,40107,True,-0.35941,1.2347,True,39529,39529,39787.0,39789.0,40107,40107,False,False,True,4.192,0.8961937716262975,1.59411,41,39874.0,86.0,bidmc-41-w085-0081,85
82,40107,40364.0,40611,True,-0.37408,1.2274,True,40107,40107,40363.0,40365.0,40611,40612,False,False,True,4.608,0.9801587301587301,1.60148,41,40450.0,86.0,bidmc-41-w085-0082,85
84,40643,40742.0,40955,True,-0.36675,-0.046455,True,40641,40645,40741.0,40743.0,40955,40956,False,False,True,0.792,0.6346153846153846,0.320295,41,40828.0,86.0,bidmc-41-w085-0084,85
85,40955,41223.0,41522,True,-0.3643,1.3521,True,40955,40956,41223.0,41223.0,41522,41522,False,False,True,3.848,0.9453262786596119,1.7164000000000001,41,41308.0,85.0,bidmc-41-w085-0085,85
86,41522,41738.0,42080,True,-0.35208,1.1198,True,41522,41522,41737.0,41739.0,42080,42080,False,False,True,4.12,0.7741935483870968,1.4718799999999999,41,41824.0,86.0,bidmc-41-w085-0086,85
87,42080,42339.0,42626,True,-0.38875,1.335,True,42080,42080,42338.0,42341.0,42626,42626,False,False,True,4.808,0.9487179487179487,1.72375,41,42426.0,87.0,bidmc-41-w085-0087,85
88,42626,42863.0,43133,True,-0.33985,1.1247,True,42626,42626,42861.0,42866.0,43133,43133,False,False,True,4.192,0.9349112426035503,1.46455,41,42951.0,88.0,bidmc-41-w085-0088,85
89,43133,43394.0,43690,True,-0.34474,1.2323,True,43133,43133,43392.0,43397.0,43690,43690,False,False,True,4.248,0.9371633752244165,1.57704,41,43482.0,88.0,bidmc-41-w085-0089,85
90,43690,43947.0,44211,True,-0.37164,1.0196,True,43690,43690,43945.0,43949.0,44211,44211,False,False,True,4.424,0.9865642994241842,1.39124,41,44034.0,87.0,bidmc-41-w085-0090,85
91,44211,44424.0,44645,True,-0.32518,0.86064,True,44211,44211,44423.0,44425.0,44645,44645,False,False,True,3.816,0.9815668202764977,1.18582,41,44510.0,86.0,bidmc-41-w085-0091,85
92,44645,44878.0,45112,True,-0.35208,1.0196,True,44645,44645,44878.0,44879.0,45112,45112,False,False,True,3.632,0.9978586723768736,1.37168,41,44964.0,86.0,bidmc-41-w085-0092,85
93,45112,45331.0,45599,True,-0.36186,0.96822,True,45112,45112,45329.0,45333.0,45599,45599,False,False,True,3.624,0.8993839835728953,1.33008,41,45418.0,87.0,bidmc-41-w085-0093,85
94,45599,45825.0,46133,True,-0.32763,1.066,True,45599,45599,45825.0,45825.0,46133,46133,False,False,True,3.952,0.8464419475655431,1.39363,41,45910.0,85.0,bidmc-41-w085-0094,85
95,46133,46383.0,46660,True,-0.33007,1.044,True,46133,46133,46381.0,46385.0,46660,46660,False,False,True,4.464,0.9487666034155597,1.3740700000000001,41,46470.0,87.0,bidmc-41-w085-0095,85
96,46660,46946.0,47243,True,-0.35697,1.1345,True,46660,46660,46944.0,46948.0,47243,47243,False,False,True,4.504,0.9811320754716981,1.49147,41,47033.0,87.0,bidmc-41-w085-0096,85
97,47243,47526.0,47742,True,-0.3912,0.99022,True,47243,47243,47524.0,47529.0,47742,47742,False,False,True,4.64,0.8657314629258517,1.3814199999999999,41,47614.0,88.0,bidmc-41-w085-0097,85
98,47742,48023.0,48339,True,-0.30318,1.0709,True,47742,47742,48023.0,48023.0,48339,48340,False,False,True,3.976,0.9413735343383585,1.37408,41,48108.0,85.0,bidmc-41-w085-0098,85
99,48339,48649.0,48945,True,-0.33741,1.2787,True,48339,48340,48649.0,48649.0,48945,48945,False,False,True,5.008,0.976897689768977,1.61611,41,48734.0,85.0,bidmc-41-w085-0099,85
100,48945,49191.0,49470,True,-0.3643,1.2958,True,48945,48945,49189.0,49193.0,49470,49471,False,False,True,4.336,0.9371428571428572,1.6601000000000001,41,49278.0,87.0,bidmc-41-w085-0100,85
101,49470,49693.0,49919,True,-0.31785,1.0318,True,49470,49471,49693.0,49693.0,49919,49919,False,False,True,4.016,0.9933184855233853,1.34965,41,49778.0,85.0,bidmc-41-w085-0101,85
102,49919,50127.0,50395,True,-0.32763,1.2323,True,49919,49919,50127.0,50127.0,50395,50396,False,False,True,3.472,0.8739495798319328,1.55993,41,50212.0,85.0,bidmc-41-w085-0102,85
103,50395,50601.0,50857,True,-0.35452,1.0538,True,50395,50396,50601.0,50601.0,50857,50858,False,False,True,3.792,0.8917748917748918,1.40832,41,50686.0,85.0,bidmc-41-w085-0103,85
104,50857,51152.0,51386,True,-0.33496,1.2641,True,50857,50858,51151.0,51153.0,51386,51386,False,False,True,4.408,0.8846880907372401,1.59906,41,51238.0,86.0,bidmc-41-w085-0104,85
105,51386,51535.0,51769,True,-0.31051,0.5868,True,51386,51386,51534.0,51536.0,51769,51770,False,False,True,3.064,0.7780678851174935,0.89731,41,51621.0,86.0,bidmc-41-w085-0105,85
106,51769,52014.0,52307,True,-0.28117,1.1883,True,51769,51770,52012.0,52017.0,52307,52307,False,False,True,3.832,0.9107806691449815,1.4694699999999998,41,52102.0,88.0,bidmc-41-w085-0106,85
107,52307,52513.0,52768,True,-0.33985,0.8313,True,52307,52307,52511.0,52515.0,52768,52769,False,False,True,3.992,0.8937093275488069,1.17115,41,52600.0,87.0,bidmc-41-w085-0107,85
108,52768,53067.0,53325,True,-0.36186,1.0049,True,52768,52769,53066.0,53069.0,53325,53325,False,False,True,4.432,0.926391382405745,1.36676,41,53154.0,87.0,bidmc-41-w085-0108,85
109,53325,53595.0,53929,True,-0.3643,0.88998,True,53325,53325,53593.0,53597.0,53929,53929,False,False,True,4.224,0.8940397350993378,1.25428,41,53682.0,87.0,bidmc-41-w085-0109,85
110,53929,54204.0,54507,True,-0.37164,1.1198,True,53929,53929,54203.0,54205.0,54507,54508,False,False,True,4.872,0.9515570934256056,1.4914399999999999,41,54290.0,86.0,bidmc-41-w085-0110,85
111,54507,54761.0,55071,True,-0.33496,1.1614,True,54507,54508,54761.0,54761.0,55070,55073,False,False,True,4.456,0.900709219858156,1.49636,41,54846.0,85.0,bidmc-41-w085-0111,85
112,55071,55367.0,55655,True,-0.30073,1.1027,True,55070,55073,55367.0,55367.0,55655,55655,False,False,True,4.848,0.9863013698630136,1.40343,41,55452.0,85.0,bidmc-41-w085-0112,85
113,55655,56048.0,56359,True,-0.30807,0.9291,True,55655,55655,56047.0,56049.0,56358,56360,False,False,True,5.448,0.8835227272727273,1.23717,41,56134.0,86.0,bidmc-41-w085-0113,85
114,56359,56634.0,56944,True,-0.3154,1.1076,True,56358,56360,56633.0,56635.0,56944,56944,False,False,True,4.688,0.9401709401709402,1.423,41,56720.0,86.0,bidmc-41-w085-0114,85
115,56944,57222.0,57517,True,-0.33985,1.0807,True,56944,56944,57221.0,57223.0,57517,57517,False,False,True,4.704,0.9703315881326352,1.42055,41,57308.0,86.0,bidmc-41-w085-0115,85
116,57517,57588.0,57780,True,-0.36186,0.1687,True,57517,57517,57587.0,57589.0,57780,57780,False,False,True,2.928,0.5399239543726235,0.53056,41,57674.0,86.0,bidmc-41-w085-0116,85
117,57780,58070.0,58449,True,-0.44254,1.0587,True,57780,57780,58067.0,58073.0,58449,58450,False,False,True,3.856,0.866965620328849,1.50124,41,58158.0,88.0,bidmc-41-w085-0117,85
118,58449,58673.0,58893,True,-0.39364,1.0905,True,58449,58450,58673.0,58673.0,58893,58893,False,False,True,4.824,0.990990990990991,1.48414,41,58758.0,85.0,bidmc-41-w085-0118,85
119,58893,59048.0,59343,True,-0.34963,0.83374,True,58893,58893,59047.0,59049.0,59343,59344,False,False,True,3.0,0.6888888888888889,1.18337,41,59134.0,86.0,bidmc-41-w085-0119,85
1,83,184.0,392,True,-0.00048864,1.0,True,83,83,138.0,230.0,392,392,False,False,True,,0.6537216828478964,1.00048864,42,315.0,131.0,bidmc-42-w085-0001,85
2,392,618.0,832,True,-0.00048864,1.0,True,392,392,578.0,658.0,832,832,False,False,True,3.472,0.9727272727272728,1.00048864,42,743.0,125.0,bidmc-42-w085-0002,85
3,832,1072.0,1283,True,-0.00048864,1.0,True,832,832,1024.0,1120.0,1283,1283,False,False,True,3.632,0.9356984478935698,1.00048864,42,1205.0,133.0,bidmc-42-w085-0003,85
4,1283,1533.0,1735,True,-0.00048864,1.0,True,1283,1283,1500.0,1566.0,1735,1735,False,False,True,3.688,0.8938053097345133,1.00048864,42,1651.0,118.0,bidmc-42-w085-0004,85
5,1735,1972.0,2175,True,-0.00048864,1.0,True,1735,1735,1926.0,2018.0,2175,2175,False,False,True,3.512,0.9227272727272727,1.00048864,42,2103.0,131.0,bidmc-42-w085-0005,85
6,2175,2461.0,2654,True,-0.00048864,1.0,True,2175,2175,2416.0,2506.0,2654,2654,False,False,True,3.912,0.8058455114822547,1.00048864,42,2591.0,130.0,bidmc-42-w085-0006,85
7,2654,2875.0,3064,True,-0.00048864,1.0,True,2654,2654,2838.0,2912.0,3064,3064,False,False,True,3.312,0.9219512195121952,1.00048864,42,2997.0,122.0,bidmc-42-w085-0007,85
8,3064,3314.0,3519,True,-0.00048864,1.0,True,3064,3064,3276.0,3352.0,3519,3519,False,False,True,3.512,0.9010989010989011,1.00048864,42,3437.0,123.0,bidmc-42-w085-0008,85
9,3519,3746.0,3958,True,-0.00048864,1.0,True,3519,3519,3702.0,3790.0,3958,3958,False,False,True,3.456,0.9658314350797267,1.00048864,42,3875.0,129.0,bidmc-42-w085-0009,85
10,3958,4209.0,4416,True,-0.00048864,1.0,True,3958,3958,4164.0,4254.0,4416,4416,False,False,True,3.704,0.9039301310043668,1.00048864,42,4339.0,130.0,bidmc-42-w085-0010,85
11,4416,4641.0,4863,True,-0.00048864,1.0,True,4416,4416,4604.0,4678.0,4863,4863,False,False,True,3.456,0.9932885906040269,1.00048864,42,4763.0,122.0,bidmc-42-w085-0011,85
12,4863,5047.0,5246,True,-0.00048864,1.0,True,4863,4863,5012.0,5082.0,5246,5246,False,False,True,3.248,0.9608355091383812,1.00048864,42,5167.0,120.0,bidmc-42-w085-0012,85
13,5246,5463.0,5670,True,-0.00048864,1.0,True,5246,5246,5418.0,5508.0,5670,5670,False,False,True,3.328,0.9764150943396226,1.00048864,42,5593.0,130.0,bidmc-42-w085-0013,85
14,5670,5899.0,6111,True,-0.00048864,1.0,True,5670,5670,5852.0,5946.0,6111,6111,False,False,True,3.488,0.9614512471655329,1.00048864,42,6031.0,132.0,bidmc-42-w085-0014,85
15,6111,6341.0,6559,True,-0.00048864,1.0,True,6111,6111,6296.0,6386.0,6559,6559,False,False,True,3.536,0.9732142857142857,1.00048864,42,6471.0,130.0,bidmc-42-w085-0015,85
16,6559,6781.0,6998,True,-0.00048864,1.0,True,6559,6559,6738.0,6824.0,6998,6998,False,False,True,3.52,0.9886104783599089,1.00048864,42,6909.0,128.0,bidmc-42-w085-0016,85
17,6998,7210.0,7438,True,-0.00048864,1.0,True,6998,6998,7170.0,7250.0,7438,7438,False,False,True,3.432,0.9636363636363636,1.00048864,42,7335.0,125.0,bidmc-42-w085-0017,85
18,7438,7642.0,7861,True,-0.00048864,1.0,True,7438,7438,7610.0,7674.0,7861,7861,False,False,True,3.456,0.9645390070921985,1.00048864,42,7759.0,117.0,bidmc-42-w085-0018,85
19,7861,8068.0,8272,True,-0.00048864,1.0,True,7861,7861,8034.0,8102.0,8272,8272,False,False,True,3.408,0.9927007299270073,1.00048864,42,8187.0,119.0,bidmc-42-w085-0019,85
20,8272,8513.0,8716,True,-0.00048864,1.0,True,8272,8272,8488.0,8538.0,8716,8716,False,False,True,3.56,0.9144144144144144,1.00048864,42,8623.0,110.0,bidmc-42-w085-0020,85
21,8716,8926.0,9140,True,-0.00048864,1.0,True,8716,8716,8884.0,8968.0,9140,9140,False,False,True,3.304,0.9905660377358491,1.00048864,42,9053.0,127.0,bidmc-42-w085-0021,85
22,9140,9353.0,9568,True,-0.00048864,1.0,True,9140,9140,9310.0,9396.0,9568,9568,False,False,True,3.416,0.9953271028037384,1.00048864,42,9481.0,128.0,bidmc-42-w085-0022,85
23,9568,9787.0,9995,True,-0.00048864,1.0,True,9568,9568,9742.0,9832.0,9995,9995,False,False,True,3.472,0.9742388758782201,1.00048864,42,9917.0,130.0,bidmc-42-w085-0023,85
24,9995,10186.0,10398,True,-0.00048864,1.0,True,9995,9995,10150.0,10222.0,10398,10398,False,False,True,3.192,0.9478908188585607,1.00048864,42,10307.0,121.0,bidmc-42-w085-0024,85
25,10398,10623.0,10830,True,-0.00048864,1.0,True,10398,10398,10574.0,10672.0,10830,10830,False,False,True,3.496,0.9583333333333334,1.00048864,42,10757.0,134.0,bidmc-42-w085-0025,85
26,10830,11050.0,11262,True,-0.00048864,1.0,True,10830,10830,11004.0,11096.0,11262,11262,False,False,True,3.416,0.9814814814814815,1.00048864,42,11181.0,131.0,bidmc-42-w085-0026,85
27,11262,11462.0,11653,True,-0.00048864,1.0,True,11262,11262,11430.0,11494.0,11653,11653,False,False,True,3.296,0.9769820971867008,1.00048864,42,11579.0,117.0,bidmc-42-w085-0027,85
28,11653,11902.0,12095,True,-0.00048864,1.0,True,11653,11653,11866.0,11938.0,12095,12095,False,False,True,3.52,0.8733031674208145,1.00048864,42,12023.0,121.0,bidmc-42-w085-0028,85
29,12095,12307.0,12533,True,-0.00048864,1.0,True,12095,12095,12266.0,12348.0,12533,12534,False,False,True,3.24,0.9680365296803652,1.00048864,42,12433.0,126.0,bidmc-42-w085-0029,85
30,12533,12756.0,12970,True,-0.00048864,1.0,True,12533,12534,12714.0,12798.0,12970,12970,False,False,True,3.592,0.9794050343249427,1.00048864,42,12883.0,127.0,bidmc-42-w085-0030,85
31,12970,13168.0,13386,True,-0.00048864,1.0,True,12970,12970,13130.0,13206.0,13386,13386,False,False,True,3.296,0.9519230769230769,1.00048864,42,13291.0,123.0,bidmc-42-w085-0031,85
32,13386,13587.0,13785,True,-0.00048864,1.0,True,13386,13386,13552.0,13622.0,13785,13785,False,False,True,3.352,0.9924812030075187,1.00048864,42,13707.0,120.0,bidmc-42-w085-0032,85
33,13785,14014.0,14228,True,-0.00048864,1.0,True,13785,13785,13970.0,14058.0,14228,14228,False,False,True,3.416,0.9661399548532731,1.00048864,42,14143.0,129.0,bidmc-42-w085-0033,85
34,14228,14438.0,14647,True,-0.00048864,1.0,True,14228,14228,14392.0,14484.0,14647,14648,False,False,True,3.392,0.9976133651551312,1.00048864,42,14569.0,131.0,bidmc-42-w085-0034,85
35,14647,14853.0,15074,True,-0.00048864,1.0,True,14647,14648,14814.0,14892.0,15050,15098,False,False,True,3.32,0.9648711943793911,1.00048864,42,14977.0,124.0,bidmc-42-w085-0035,85
36,15074,15346.0,15543,True,-0.00048864,1.0,True,15050,15098,15298.0,15394.0,15530,15556,False,False,True,3.944,0.8400852878464818,1.00048864,42,15479.0,133.0,bidmc-42-w085-0036,85
37,15543,15789.0,15998,True,-0.00048864,1.0,True,15530,15556,15742.0,15836.0,15988,16008,False,False,True,3.544,0.9186813186813186,1.00048864,42,15921.0,132.0,bidmc-42-w085-0037,85
38,15998,16259.0,16462,True,-0.00048864,1.0,True,15988,16008,16210.0,16308.0,16456,16468,False,False,True,3.76,0.875,1.00048864,42,16393.0,134.0,bidmc-42-w085-0038,85
39,16462,16708.0,16903,True,-0.00048864,1.0,True,16456,16468,16670.0,16746.0,16903,16903,False,False,True,3.592,0.8843537414965986,1.00048864,42,16831.0,123.0,bidmc-42-w085-0039,85
40,16903,17102.0,17292,True,-0.00048864,1.0,True,16903,16903,17072.0,17132.0,17292,17292,False,False,True,3.152,0.9768637532133676,1.00048864,42,17217.0,115.0,bidmc-42-w085-0040,85
41,17292,17555.0,17752,True,-0.00048864,1.0,True,17292,17292,17522.0,17588.0,17752,17752,False,False,True,3.624,0.8565217391304347,1.00048864,42,17673.0,118.0,bidmc-42-w085-0041,85
42,17752,18052.0,18263,True,-0.00048864,1.0,True,17752,17752,18004.0,18100.0,18263,18263,False,False,True,3.976,0.8258317025440314,1.00048864,42,18185.0,133.0,bidmc-42-w085-0042,85
43,18263,18497.0,18718,True,-0.00048864,1.0,True,18263,18263,18454.0,18540.0,18718,18718,False,False,True,3.56,0.9714285714285714,1.00048864,42,18625.0,128.0,bidmc-42-w085-0043,85
44,18718,18977.0,19198,True,-0.00048864,1.0,True,18718,18718,18934.0,19020.0,19198,19198,False,False,True,3.84,0.9208333333333334,1.00048864,42,19105.0,128.0,bidmc-42-w085-0044,85
45,19198,19420.0,19646,True,-0.00048864,1.0,True,19198,19198,19376.0,19464.0,19646,19646,False,False,True,3.544,0.9910714285714286,1.00048864,42,19549.0,129.0,bidmc-42-w085-0045,85
46,19646,19872.0,20083,True,-0.00048864,1.0,True,19646,19646,19826.0,19918.0,20083,20083,False,False,True,3.616,0.965675057208238,1.00048864,42,20003.0,131.0,bidmc-42-w085-0046,85
47,20083,20274.0,20472,True,-0.00048864,1.0,True,20083,20083,20250.0,20298.0,20472,20472,False,False,True,3.216,0.9820051413881749,1.00048864,42,20383.0,109.0,bidmc-42-w085-0047,85
48,20472,20683.0,20892,True,-0.00048864,1.0,True,20472,20472,20630.0,20736.0,20892,20892,False,False,True,3.272,0.9952380952380953,1.00048864,42,20821.0,138.0,bidmc-42-w085-0048,85
49,20892,21105.0,21317,True,-0.00048864,1.0,True,20892,20892,21068.0,21142.0,21317,21317,False,False,True,3.376,0.9976470588235294,1.00048864,42,21227.0,122.0,bidmc-42-w085-0049,85
50,21317,21520.0,21722,True,-0.00048864,1.0,True,21317,21317,21484.0,21556.0,21722,21722,False,False,True,3.32,0.9975308641975309,1.00048864,42,21641.0,121.0,bidmc-42-w085-0050,85
51,21722,21953.0,22145,True,-0.00048864,1.0,True,21722,21722,21916.0,21990.0,22145,22145,False,False,True,3.464,0.9078014184397163,1.00048864,42,22075.0,122.0,bidmc-42-w085-0051,85
52,22145,22328.0,22524,True,-0.00048864,1.0,True,22145,22145,22294.0,22362.0,22524,22524,False,False,True,3.0,0.9656992084432717,1.00048864,42,22447.0,119.0,bidmc-42-w085-0052,85
53,22524,22752.0,22948,True,-0.00048864,1.0,True,22524,22524,22706.0,22798.0,22948,22948,False,False,True,3.392,0.9245283018867925,1.00048864,42,22883.0,131.0,bidmc-42-w085-0053,85
54,22948,23161.0,23367,True,-0.00048864,1.0,True,22948,22948,23120.0,23202.0,23346,23388,False,False,True,3.272,0.9832935560859188,1.00048864,42,23287.0,126.0,bidmc-42-w085-0054,85
55,23367,23628.0,23848,True,-0.00048864,1.0,True,23346,23388,23584.0,23672.0,23848,23848,False,False,True,3.736,0.9147609147609148,1.00048864,42,23757.0,129.0,bidmc-42-w085-0055,85
56,23848,24064.0,24283,True,-0.00048864,1.0,True,23848,23848,24018.0,24110.0,24283,24284,False,False,True,3.488,0.993103448275862,1.00048864,42,24195.0,131.0,bidmc-42-w085-0056,85
57,24283,24491.0,24686,True,-0.00048864,1.0,True,24283,24284,24454.0,24528.0,24686,24686,False,False,True,3.416,0.967741935483871,1.00048864,42,24613.0,122.0,bidmc-42-w085-0057,85
58,24686,24915.0,25114,True,-0.00048864,1.0,True,24686,24686,24882.0,24948.0,25114,25114,False,False,True,3.392,0.9299065420560748,1.00048864,42,25033.0,118.0,bidmc-42-w085-0058,85
59,25114,25327.0,25533,True,-0.00048864,1.0,True,25114,25114,25288.0,25366.0,25533,25533,False,False,True,3.296,0.9832935560859188,1.00048864,42,25451.0,124.0,bidmc-42-w085-0059,85
60,25533,25731.0,25947,True,-0.00048864,1.0,True,25533,25533,25686.0,25776.0,25934,25960,False,False,True,3.232,0.9565217391304348,1.00048864,42,25861.0,130.0,bidmc-42-w085-0060,85
61,25947,26184.0,26388,True,-0.00048864,1.0,True,25934,25960,26136.0,26232.0,26378,26398,False,False,True,3.624,0.9251700680272109,1.00048864,42,26317.0,133.0,bidmc-42-w085-0061,85
62,26388,26598.0,26797,True,-0.00048864,1.0,True,26378,26398,26560.0,26636.0,26797,26797,False,False,True,3.312,0.9731051344743277,1.00048864,42,26721.0,123.0,bidmc-42-w085-0062,85
63,26797,27014.0,27233,True,-0.00048864,1.0,True,26797,26797,26970.0,27058.0,27233,27233,False,False,True,3.328,0.9954128440366973,1.00048864,42,27143.0,129.0,bidmc-42-w085-0063,85
64,27233,27456.0,27693,True,-0.00048864,1.0,True,27233,27233,27410.0,27502.0,27693,27693,False,False,True,3.536,0.9695652173913043,1.00048864,42,27587.0,131.0,bidmc-42-w085-0064,85
65,27693,27927.0,28144,True,-0.00048864,1.0,True,27693,27693,27878.0,27976.0,28144,28144,False,False,True,3.768,0.9623059866962306,1.00048864,42,28061.0,134.0,bidmc-42-w085-0065,85
66,28144,28382.0,28594,True,-0.00048864,1.0,True,28144,28144,28340.0,28424.0,28594,28594,False,False,True,3.64,0.9422222222222222,1.00048864,42,28509.0,127.0,bidmc-42-w085-0066,85
67,28594,28814.0,29039,True,-0.00048864,1.0,True,28594,28594,28770.0,28858.0,29039,29039,False,False,True,3.456,0.9887640449438202,1.00048864,42,28943.0,129.0,bidmc-42-w085-0067,85
68,29039,29264.0,29478,True,-0.00048864,1.0,True,29039,29039,29216.0,29312.0,29478,29478,False,False,True,3.6,0.9749430523917996,1.00048864,42,29397.0,133.0,bidmc-42-w085-0068,85
69,29478,29704.0,29920,True,-0.00048864,1.0,True,29478,29478,29660.0,29748.0,29920,29920,False,False,True,3.52,0.9773755656108597,1.00048864,42,29833.0,129.0,bidmc-42-w085-0069,85
70,29920,30130.0,30359,True,-0.00048864,1.0,True,29920,29920,30092.0,30168.0,30359,30359,False,False,True,3.408,0.9567198177676538,1.00048864,42,30253.0,123.0,bidmc-42-w085-0070,85
71,30359,30577.0,30766,True,-0.00048864,1.0,True,30359,30359,30534.0,30620.0,30766,30766,False,False,True,3.576,0.9287469287469288,1.00048864,42,30705.0,128.0,bidmc-42-w085-0071,85
72,30766,31013.0,31210,True,-0.00048864,1.0,True,30766,30766,30978.0,31048.0,31210,31210,False,False,True,3.488,0.8873873873873874,1.00048864,42,31133.0,120.0,bidmc-42-w085-0072,85
73,31210,31438.0,31636,True,-0.00048864,1.0,True,31210,31210,31396.0,31480.0,31636,31636,False,False,True,3.4,0.9295774647887324,1.00048864,42,31565.0,127.0,bidmc-42-w085-0073,85
74,31636,31847.0,32051,True,-0.00048864,1.0,True,31636,31636,31800.0,31894.0,32030,32072,False,False,True,3.272,0.983132530120482,1.00048864,42,31979.0,132.0,bidmc-42-w085-0074,85
75,32051,32303.0,32520,True,-0.00048864,1.0,True,32030,32072,32256.0,32350.0,32520,32520,False,False,True,3.648,0.9253731343283582,1.00048864,42,32435.0,132.0,bidmc-42-w085-0075,85
76,32520,32737.0,32933,True,-0.00048864,1.0,True,32520,32520,32696.0,32778.0,32933,32933,False,False,True,3.472,0.9491525423728814,1.00048864,42,32863.0,126.0,bidmc-42-w085-0076,85
77,32933,33156.0,33350,True,-0.00048864,1.0,True,32933,32933,33118.0,33194.0,33350,33350,False,False,True,3.352,0.9304556354916067,1.00048864,42,33279.0,123.0,bidmc-42-w085-0077,85
78,33350,33590.0,33792,True,-0.00048864,1.0,True,33350,33350,33542.0,33638.0,33792,33792,False,False,True,3.472,0.9140271493212669,1.00048864,42,33723.0,133.0,bidmc-42-w085-0078,85
79,33792,34058.0,34261,True,-0.00048864,1.0,True,33792,33792,34016.0,34100.0,34261,34261,False,False,True,3.744,0.8656716417910448,1.00048864,42,34185.0,127.0,bidmc-42-w085-0079,85
80,34261,34516.0,34707,True,-0.00048864,1.0,True,34261,34261,34486.0,34546.0,34707,34707,False,False,True,3.664,0.8565022421524664,1.00048864,42,34631.0,115.0,bidmc-42-w085-0080,85
81,34707,34961.0,35160,True,-0.00048864,1.0,True,34707,34707,34924.0,34998.0,35160,35160,False,False,True,3.56,0.8785871964679912,1.00048864,42,35083.0,122.0,bidmc-42-w085-0081,85
82,35160,35408.0,35605,True,-0.00048864,1.0,True,35160,35160,35368.0,35448.0,35605,35605,False,False,True,3.576,0.8853932584269663,1.00048864,42,35533.0,125.0,bidmc-42-w085-0082,85
83,35605,35846.0,36035,True,-0.00048864,1.0,True,35605,35605,35804.0,35888.0,36030,36040,False,False,True,3.504,0.8790697674418605,1.00048864,42,35973.0,127.0,bidmc-42-w085-0083,85
84,36035,36316.0,36504,True,-0.00048864,1.0,True,36030,36040,36276.0,36356.0,36504,36504,False,False,True,3.76,0.8017057569296375,1.00048864,42,36441.0,125.0,bidmc-42-w085-0084,85
85,36504,36773.0,36959,True,-0.00048864,1.0,True,36504,36504,36740.0,36806.0,36959,36959,False,False,True,3.656,0.8175824175824176,1.00048864,42,36891.0,118.0,bidmc-42-w085-0085,85
86,36959,37167.0,37374,True,-0.00048864,1.0,True,36959,36959,37126.0,37208.0,37374,37374,False,False,True,3.152,0.9975903614457832,1.00048864,42,37293.0,126.0,bidmc-42-w085-0086,85
87,37374,37635.0,37854,True,-0.00048864,1.0,True,37374,37374,37594.0,37676.0,37854,37854,False,False,True,3.744,0.9125,1.00048864,42,37761.0,126.0,bidmc-42-w085-0087,85
88,37854,38059.0,38277,True,-0.00048864,1.0,True,37854,37854,38020.0,38098.0,38277,38277,False,False,True,3.392,0.9692671394799054,1.00048864,42,38183.0,124.0,bidmc-42-w085-0088,85
89,38277,38477.0,38674,True,-0.00048864,1.0,True,38277,38277,38444.0,38510.0,38674,38674,False,False,True,3.344,0.9924433249370277,1.00048864,42,38595.0,118.0,bidmc-42-w085-0089,85
90,38674,38912.0,39113,True,-0.00048864,1.0,True,38674,38674,38868.0,38956.0,39113,39113,False,False,True,3.48,0.9157175398633257,1.00048864,42,39041.0,129.0,bidmc-42-w085-0090,85
91,39113,39339.0,39557,True,-0.00048864,1.0,True,39113,39113,39296.0,39382.0,39557,39557,False,False,True,3.416,0.9819819819819819,1.00048864,42,39467.0,128.0,bidmc-42-w085-0091,85
92,39557,39779.0,40008,True,-0.00048864,1.0,True,39557,39557,39734.0,39824.0,40008,40008,False,False,True,3.52,0.9844789356984479,1.00048864,42,39909.0,130.0,bidmc-42-w085-0092,85
93,40008,40235.0,40450,True,-0.00048864,1.0,True,40008,40008,40188.0,40282.0,40450,40450,False,False,True,3.648,0.9728506787330317,1.00048864,42,40367.0,132.0,bidmc-42-w085-0093,85
94,40450,40675.0,40893,True,-0.00048864,1.0,True,40450,40450,40632.0,40718.0,40893,40893,False,False,True,3.52,0.9841986455981941,1.00048864,42,40803.0,128.0,bidmc-42-w085-0094,85
95,40893,41077.0,41274,True,-0.00048864,1.0,True,40893,40893,41044.0,41110.0,41274,41274,False,False,True,3.216,0.9658792650918635,1.00048864,42,41195.0,118.0,bidmc-42-w085-0095,85
96,41274,41486.0,41710,True,-0.00048864,1.0,True,41274,41274,41444.0,41528.0,41710,41710,False,False,True,3.272,0.9724770642201834,1.00048864,42,41613.0,127.0,bidmc-42-w085-0096,85
97,41710,41933.0,42153,True,-0.00048864,1.0,True,41710,41710,41884.0,41982.0,42153,42153,False,False,True,3.576,0.9932279909706546,1.00048864,42,42067.0,134.0,bidmc-42-w085-0097,85
98,42153,42385.0,42582,True,-0.00048864,1.0,True,42153,42153,42336.0,42434.0,42576,42588,False,False,True,3.616,0.9184149184149184,1.00048864,42,42519.0,134.0,bidmc-42-w085-0098,85
99,42582,42843.0,43051,True,-0.00048864,1.0,True,42576,42588,42796.0,42890.0,43051,43051,False,False,True,3.664,0.8869936034115139,1.00048864,42,42975.0,132.0,bidmc-42-w085-0099,85
100,43051,43276.0,43475,True,-0.00048864,1.0,True,43051,43051,43230.0,43322.0,43468,43482,False,False,True,3.464,0.9386792452830188,1.00048864,42,43407.0,131.0,bidmc-42-w085-0100,85
101,43475,43723.0,43919,True,-0.00048864,1.0,True,43468,43482,43672.0,43774.0,43912,43926,False,False,True,3.576,0.8828828828828829,1.00048864,42,43859.0,136.0,bidmc-42-w085-0101,85
102,43919,44142.0,44329,True,-0.00048864,1.0,True,43912,43926,44106.0,44178.0,44329,44329,False,False,True,3.352,0.9121951219512195,1.00048864,42,44263.0,121.0,bidmc-42-w085-0102,85
103,44329,44560.0,44769,True,-0.00048864,1.0,True,44329,44329,44518.0,44602.0,44769,44769,False,False,True,3.344,0.95,1.00048864,42,44687.0,127.0,bidmc-42-w085-0103,85
104,44769,44998.0,45196,True,-0.00048864,1.0,True,44769,44769,44952.0,45044.0,45196,45196,False,False,True,3.504,0.927400468384075,1.00048864,42,45129.0,131.0,bidmc-42-w085-0104,85
105,45196,45384.0,45576,True,-0.00048864,1.0,True,45196,45196,45360.0,45408.0,45576,45576,False,False,True,3.088,0.9894736842105263,1.00048864,42,45493.0,109.0,bidmc-42-w085-0105,85
106,45576,45775.0,45997,True,-0.00048864,1.0,True,45576,45576,45734.0,45816.0,45997,45997,False,False,True,3.128,0.9453681710213777,1.00048864,42,45901.0,126.0,bidmc-42-w085-0106,85
107,45997,46200.0,46403,True,-0.00048864,1.0,True,45997,45997,46166.0,46234.0,46403,46403,False,False,True,3.4,1.0,1.00048864,42,46319.0,119.0,bidmc-42-w085-0107,85
108,46403,46633.0,46831,True,-0.00048864,1.0,True,46403,46403,46598.0,46668.0,46831,46831,False,False,True,3.464,0.9252336448598131,1.00048864,42,46753.0,120.0,bidmc-42-w085-0108,85
109,46831,47048.0,47260,True,-0.00048864,1.0,True,46831,46831,47008.0,47088.0,47260,47260,False,False,True,3.32,0.9883449883449883,1.00048864,42,47173.0,125.0,bidmc-42-w085-0109,85
110,47260,47475.0,47698,True,-0.00048864,1.0,True,47260,47260,47428.0,47522.0,47698,47698,False,False,True,3.416,0.9817351598173516,1.00048864,42,47607.0,132.0,bidmc-42-w085-0110,85
111,47698,47930.0,48131,True,-0.00048864,1.0,True,47698,47698,47884.0,47976.0,48131,48131,False,False,True,3.64,0.9284064665127021,1.00048864,42,48061.0,131.0,bidmc-42-w085-0111,85
112,48131,48326.0,48526,True,-0.00048864,1.0,True,48131,48131,48296.0,48356.0,48526,48526,False,False,True,3.168,0.9873417721518988,1.00048864,42,48441.0,115.0,bidmc-42-w085-0112,85
113,48526,48737.0,48953,True,-0.00048864,1.0,True,48526,48526,48696.0,48778.0,48953,48953,False,False,True,3.288,0.9882903981264637,1.00048864,42,48863.0,126.0,bidmc-42-w085-0113,85
114,48953,49159.0,49367,True,-0.00048864,1.0,True,48953,48953,49116.0,49202.0,49367,49367,False,False,True,3.376,0.9951690821256038,1.00048864,42,49287.0,128.0,bidmc-42-w085-0114,85
115,49367,49572.0,49779,True,-0.00048864,1.0,True,49367,49367,49528.0,49616.0,49778,49780,False,False,True,3.304,0.9951456310679612,1.00048864,42,49701.0,129.0,bidmc-42-w085-0115,85
116,49779,50019.0,50232,True,-0.00048864,1.0,True,49778,49780,49968.0,50070.0,50232,50232,False,False,True,3.576,0.9403973509933775,1.00048864,42,50155.0,136.0,bidmc-42-w085-0116,85
117,50232,50473.0,50688,True,-0.00048864,1.0,True,50232,50232,50426.0,50520.0,50688,50688,False,False,True,3.632,0.9429824561403509,1.00048864,42,50605.0,132.0,bidmc-42-w085-0117,85
118,50688,50915.0,51135,True,-0.00048864,1.0,True,50688,50688,50864.0,50966.0,51135,51135,False,False,True,3.536,0.9843400447427293,1.00048864,42,51051.0,136.0,bidmc-42-w085-0118,85
119,51135,51400.0,51601,True,-0.00048864,1.0,True,51135,51135,51354.0,51446.0,51601,51601,False,False,True,3.88,0.8626609442060086,1.00048864,42,51531.0,131.0,bidmc-42-w085-0119,85
120,51601,51859.0,52049,True,-0.00048864,1.0,True,51601,51601,51830.0,51888.0,52049,52049,False,False,True,3.672,0.8482142857142857,1.00048864,42,51973.0,114.0,bidmc-42-w085-0120,85
121,52049,52243.0,52462,True,-0.00048864,1.0,True,52049,52049,52200.0,52286.0,52462,52462,False,False,True,3.072,0.9394673123486683,1.00048864,42,52371.0,128.0,bidmc-42-w085-0121,85
122,52462,52690.0,52908,True,-0.00048864,1.0,True,52462,52462,52644.0,52736.0,52908,52908,False,False,True,3.576,0.9775784753363229,1.00048864,42,52821.0,131.0,bidmc-42-w085-0122,85
123,52908,53107.0,53316,True,-0.00048864,1.0,True,52908,52908,53072.0,53142.0,53316,53316,False,False,True,3.336,0.9754901960784313,1.00048864,42,53227.0,120.0,bidmc-42-w085-0123,85
124,53316,53550.0,53749,True,-0.00048864,1.0,True,53316,53316,53512.0,53588.0,53749,53749,False,False,True,3.544,0.9191685912240185,1.00048864,42,53673.0,123.0,bidmc-42-w085-0124,85
125,53749,53971.0,54182,True,-0.00048864,1.0,True,53749,53749,53924.0,54018.0,54182,54182,False,False,True,3.368,0.9745958429561201,1.00048864,42,54103.0,132.0,bidmc-42-w085-0125,85
126,54182,54444.0,54649,True,-0.00048864,1.0,True,54182,54182,54402.0,54486.0,54649,54649,False,False,True,3.784,0.8779443254817987,1.00048864,42,54571.0,127.0,bidmc-42-w085-0126,85
127,54649,54942.0,55152,True,-0.00048864,1.0,True,54649,54649,54890.0,54994.0,55144,55160,False,False,True,3.984,0.8349900596421471,1.00048864,42,55079.0,137.0,bidmc-42-w085-0127,85
128,55152,55383.0,55587,True,-0.00048864,1.0,True,55144,55160,55340.0,55426.0,55587,55587,False,False,True,3.528,0.9379310344827586,1.00048864,42,55511.0,128.0,bidmc-42-w085-0128,85
129,55587,55783.0,55977,True,-0.00048864,1.0,True,55587,55587,55748.0,55818.0,55977,55977,False,False,True,3.2,0.9948717948717949,1.00048864,42,55903.0,120.0,bidmc-42-w085-0129,85
130,55977,56189.0,56393,True,-0.00048864,1.0,True,55977,55977,56148.0,56230.0,56393,56393,False,False,True,3.248,0.9807692307692307,1.00048864,42,56315.0,126.0,bidmc-42-w085-0130,85
131,56393,56576.0,56774,True,-0.00048864,1.0,True,56393,56393,56544.0,56608.0,56774,56774,False,False,True,3.096,0.9606299212598425,1.00048864,42,56693.0,117.0,bidmc-42-w085-0131,85
132,56774,56990.0,57203,True,-0.00048864,1.0,True,56774,56774,56946.0,57034.0,57203,57203,False,False,True,3.312,0.993006993006993,1.00048864,42,57119.0,129.0,bidmc-42-w085-0132,85
133,57203,57407.0,57597,True,-0.00048864,1.0,True,57203,57203,57368.0,57446.0,57597,57597,False,False,True,3.336,0.9644670050761421,1.00048864,42,57531.0,124.0,bidmc-42-w085-0133,85
134,57597,57824.0,58028,True,-0.00048864,1.0,True,57597,57597,57772.0,57876.0,58028,58028,False,False,True,3.336,0.9466357308584686,1.00048864,42,57961.0,137.0,bidmc-42-w085-0134,85
135,58028,58303.0,58529,True,-0.00048864,1.0,True,58028,58028,58260.0,58346.0,58529,58529,False,False,True,3.832,0.9021956087824351,1.00048864,42,58431.0,128.0,bidmc-42-w085-0135,85
136,58529,58749.0,58984,True,-0.00048864,1.0,True,58529,58529,58708.0,58790.0,58984,58984,False,False,True,3.568,0.967032967032967,1.00048864,42,58875.0,126.0,bidmc-42-w085-0136,85
137,58984,59210.0,59431,True,-0.00048864,1.0,True,58984,58984,59166.0,59254.0,59431,59431,False,False,True,3.688,0.9888143176733781,1.00048864,42,59339.0,129.0,bidmc-42-w085-0137,85
138,59431,59644.0,59870,True,-0.00048864,1.0,True,59431,59431,59604.0,59684.0,59870,59870,False,False,True,3.472,0.9703872437357631,1.00048864,42,59769.0,125.0,bidmc-42-w085-0138,85
1,83,121.0,313,True,0.11046,1.0,True,83,83,108.0,135.0,313,313,False,False,True,,0.33043478260869563,0.88954,43,220.0,99.0,bidmc-43-w085-0001,85
2,313,562.0,746,True,0.057674,0.98925,True,313,313,561.0,563.0,746,746,False,False,True,3.528,0.8498845265588915,0.931576,43,648.0,86.0,bidmc-43-w085-0002,85
3,746,989.0,1191,True,0.050831,0.97947,True,746,746,989.0,989.0,1191,1191,False,False,True,3.416,0.9078651685393259,0.928639,43,1074.0,85.0,bidmc-43-w085-0003,85
4,1191,1465.0,1657,True,0.082111,1.0,True,1191,1191,1441.0,1489.0,1657,1657,False,False,True,3.808,0.8240343347639485,0.917889,43,1574.0,109.0,bidmc-43-w085-0004,85
5,1657,1931.0,2150,True,0.10557,1.0,True,1657,1657,1895.0,1967.0,2150,2150,False,False,True,3.728,0.8884381338742393,0.8944300000000001,43,2052.0,121.0,bidmc-43-w085-0005,85
6,2150,2425.0,2627,True,0.086999,1.0,True,2150,2150,2393.0,2457.0,2627,2627,False,False,True,3.952,0.8469601677148847,0.913001,43,2542.0,117.0,bidmc-43-w085-0006,85
7,2627,2879.0,3069,True,0.099707,1.0,True,2627,2627,2860.0,2899.0,3069,3069,False,False,True,3.632,0.8597285067873304,0.900293,43,2984.0,105.0,bidmc-43-w085-0007,85
8,3069,3319.0,3523,True,0.060606,1.0,True,3069,3069,3313.0,3325.0,3523,3523,False,False,True,3.52,0.8986784140969163,0.939394,43,3410.0,91.0,bidmc-43-w085-0008,85
9,3523,3825.0,4018,True,0.097752,1.0,True,3523,3523,3815.0,3836.0,4018,4019,False,False,True,4.048,0.7797979797979798,0.9022479999999999,43,3921.0,96.0,bidmc-43-w085-0009,85
10,4018,4251.0,4452,True,0.084066,1.0,True,4018,4019,4233.0,4269.0,4452,4452,False,False,True,3.408,0.9262672811059908,0.915934,43,4354.0,103.0,bidmc-43-w085-0010,85
11,4452,4686.0,4882,True,0.092864,1.0,True,4452,4452,4653.0,4719.0,4882,4882,False,False,True,3.48,0.9116279069767442,0.9071359999999999,43,4804.0,118.0,bidmc-43-w085-0011,85
12,4882,5104.0,5301,True,0.061584,1.0,True,4882,4882,5069.0,5139.0,5301,5301,False,False,True,3.344,0.9403341288782816,0.938416,43,5224.0,120.0,bidmc-43-w085-0012,85
13,5301,5546.0,5720,True,0.039101,0.96481,True,5301,5301,5546.0,5547.0,5720,5720,False,False,True,3.536,0.8305489260143198,0.9257089999999999,43,5632.0,86.0,bidmc-43-w085-0013,85
14,5720,5935.0,6129,True,0.044966,1.0,True,5720,5720,5915.0,5956.0,6129,6129,False,False,True,3.112,0.9486552567237164,0.955034,43,6041.0,106.0,bidmc-43-w085-0014,85
15,6129,6356.0,6553,True,0.063539,1.0,True,6129,6129,6341.0,6371.0,6553,6553,False,False,True,3.368,0.9292452830188679,0.936461,43,6456.0,100.0,bidmc-43-w085-0015,85
16,6553,6777.0,6985,True,0.085044,1.0,True,6553,6553,6771.0,6783.0,6985,6985,False,False,True,3.368,0.962962962962963,0.914956,43,6868.0,91.0,bidmc-43-w085-0016,85
17,6985,7245.0,7401,True,0.066471,1.0,True,6985,6985,7233.0,7257.0,7401,7401,False,False,True,3.744,0.75,0.933529,43,7342.0,97.0,bidmc-43-w085-0017,85
18,7401,7613.0,7784,True,0.068426,0.99022,True,7401,7401,7613.0,7613.0,7784,7784,False,False,True,2.944,0.8929503916449086,0.921794,43,7698.0,85.0,bidmc-43-w085-0018,85
19,7784,8010.0,8213,True,0.080156,0.95894,True,7784,7784,8009.0,8011.0,8213,8214,False,False,True,3.176,0.9463869463869464,0.878784,43,8096.0,86.0,bidmc-43-w085-0019,85
20,8213,8337.0,8473,True,0.0078201,0.33431,True,8213,8214,8336.0,8338.0,8473,8473,False,False,True,2.616,0.9538461538461538,0.3264899,43,8423.0,86.0,bidmc-43-w085-0020,85
21,8473,8787.0,8973,True,0.093842,0.98729,True,8473,8473,8787.0,8787.0,8973,8973,False,False,True,3.6,0.744,0.893448,43,8872.0,85.0,bidmc-43-w085-0021,85
22,8973,9232.0,9422,True,0.12121,1.0,True,8973,8973,9217.0,9247.0,9422,9422,False,False,True,3.56,0.846325167037862,0.87879,43,9332.0,100.0,bidmc-43-w085-0022,85
23,9422,9670.0,9864,True,0.090909,1.0,True,9422,9422,9635.0,9705.0,9864,9864,False,False,True,3.504,0.8778280542986425,0.909091,43,9790.0,120.0,bidmc-43-w085-0023,85
24,9864,10108.0,10298,True,0.054741,1.0,True,9864,9864,10069.0,10147.0,10298,10298,False,False,True,3.504,0.8755760368663594,0.945259,43,10232.0,124.0,bidmc-43-w085-0024,85
25,10298,10531.0,10680,True,0.057674,0.96481,True,10298,10298,10531.0,10531.0,10680,10680,False,False,True,3.384,0.7801047120418848,0.9071359999999999,43,10616.0,85.0,bidmc-43-w085-0025,85
26,10680,10892.0,11078,True,0.058651,1.0,True,10680,10680,10869.0,10915.0,11078,11078,False,False,True,2.888,0.9346733668341709,0.941349,43,11000.0,108.0,bidmc-43-w085-0026,85
27,11078,11296.0,11487,True,0.086022,1.0,True,11078,11078,11273.0,11319.0,11487,11487,False,False,True,3.232,0.9339853300733496,0.913978,43,11404.0,108.0,bidmc-43-w085-0027,85
28,11487,11787.0,12003,True,0.064516,1.0,True,11487,11487,11757.0,11817.0,12003,12004,False,False,True,3.928,0.8372093023255813,0.935484,43,11902.0,115.0,bidmc-43-w085-0028,85
29,12003,12253.0,12441,True,0.11241,0.92962,True,12003,12004,12253.0,12253.0,12441,12441,False,False,True,3.728,0.8584474885844748,0.81721,43,12338.0,85.0,bidmc-43-w085-0029,85
30,12441,12675.0,12901,True,0.088954,1.0,True,12441,12441,12641.0,12709.0,12901,12902,False,False,True,3.376,0.9826086956521739,0.911046,43,12794.0,119.0,bidmc-43-w085-0030,85
31,12901,13188.0,13398,True,0.067449,1.0,True,12901,12902,13158.0,13219.0,13398,13398,False,False,True,4.104,0.8450704225352113,0.932551,43,13304.0,116.0,bidmc-43-w085-0031,85
32,13398,13625.0,13826,True,0.066471,1.0,True,13398,13398,13607.0,13643.0,13826,13826,False,False,True,3.496,0.9392523364485982,0.933529,43,13728.0,103.0,bidmc-43-w085-0032,85
33,13826,14052.0,14277,True,0.11339,1.0,True,13826,13826,14050.0,14055.0,14277,14277,False,False,True,3.416,0.9977827050997783,0.88661,43,14140.0,88.0,bidmc-43-w085-0033,85
34,14277,14559.0,14758,True,0.091887,1.0,True,14277,14277,14549.0,14569.0,14758,14758,False,False,True,4.056,0.8274428274428274,0.908113,43,14654.0,95.0,bidmc-43-w085-0034,85
35,14758,15015.0,15195,True,0.067449,1.0,True,14758,14758,15008.0,15023.0,15195,15195,False,False,True,3.648,0.8237986270022883,0.932551,43,15108.0,93.0,bidmc-43-w085-0035,85
36,15195,15417.0,15597,True,0.078201,0.99804,True,15195,15195,15417.0,15417.0,15597,15597,False,False,True,3.216,0.8955223880597015,0.9198390000000001,43,15502.0,85.0,bidmc-43-w085-0036,85
37,15597,15826.0,15990,True,0.063539,1.0,True,15597,15597,15819.0,15833.0,15990,15990,False,False,True,3.272,0.8346055979643766,0.936461,43,15918.0,92.0,bidmc-43-w085-0037,85
38,15990,16229.0,16403,True,0.073314,1.0,True,15990,15990,16221.0,16237.0,16403,16403,False,False,True,3.224,0.8426150121065376,0.926686,43,16322.0,93.0,bidmc-43-w085-0038,85
39,16403,16659.0,16832,True,0.025415,1.0,True,16403,16403,16639.0,16679.0,16832,16832,False,False,True,3.44,0.8065268065268065,0.974585,43,16764.0,105.0,bidmc-43-w085-0039,85
40,16832,17059.0,17241,True,0.058651,1.0,True,16832,16832,17025.0,17093.0,17241,17242,False,False,True,3.2,0.8899755501222494,0.941349,43,17178.0,119.0,bidmc-43-w085-0040,85
41,17241,17489.0,17696,True,0.034213,1.0,True,17241,17242,17443.0,17535.0,17696,17696,False,False,True,3.44,0.9098901098901099,0.965787,43,17620.0,131.0,bidmc-43-w085-0041,85
42,17696,17968.0,18175,True,0.074291,1.0,True,17696,17696,17929.0,18007.0,18175,18175,False,False,True,3.832,0.8643006263048016,0.925709,43,18092.0,124.0,bidmc-43-w085-0042,85
43,18175,18393.0,18583,True,0.073314,1.0,True,18175,18175,18373.0,18413.0,18583,18583,False,False,True,3.4,0.9313725490196079,0.926686,43,18498.0,105.0,bidmc-43-w085-0043,85
44,18583,18824.0,19000,True,0.076246,1.0,True,18583,18583,18815.0,18833.0,19000,19001,False,False,True,3.448,0.8441247002398081,0.923754,43,18918.0,94.0,bidmc-43-w085-0044,85
45,19000,19236.0,19424,True,0.078201,1.0,True,19000,19001,19215.0,19257.0,19424,19424,False,False,True,3.296,0.8867924528301887,0.921799,43,19342.0,106.0,bidmc-43-w085-0045,85
46,19424,19744.0,19928,True,0.10166,1.0,True,19424,19424,19744.0,19745.0,19928,19928,False,False,True,4.064,0.7301587301587302,0.89834,43,19830.0,86.0,bidmc-43-w085-0046,85
47,19928,20218.0,20397,True,0.061584,1.0,True,19928,19928,20195.0,20241.0,20397,20397,False,False,True,3.792,0.7633262260127932,0.938416,43,20326.0,108.0,bidmc-43-w085-0047,85
48,20397,20609.0,20820,True,0.048876,1.0,True,20397,20397,20605.0,20613.0,20820,20820,False,False,True,3.128,0.9976359338061466,0.951124,43,20698.0,89.0,bidmc-43-w085-0048,85
49,20820,21125.0,21307,True,0.10166,1.0,True,20820,20820,21109.0,21141.0,21307,21307,False,False,True,4.128,0.7474332648870636,0.89834,43,21226.0,101.0,bidmc-43-w085-0049,85
50,21307,21540.0,21726,True,0.085044,1.0,True,21307,21307,21525.0,21555.0,21726,21726,False,False,True,3.32,0.8878281622911695,0.914956,43,21640.0,100.0,bidmc-43-w085-0050,85
51,21726,21978.0,22164,True,0.092864,1.0,True,21726,21726,21961.0,21995.0,22164,22164,False,False,True,3.504,0.8493150684931507,0.9071359999999999,43,22080.0,102.0,bidmc-43-w085-0051,85
52,22164,22427.0,22616,True,0.051808,1.0,True,22164,22164,22397.0,22457.0,22616,22616,False,False,True,3.592,0.8362831858407079,0.948192,43,22542.0,115.0,bidmc-43-w085-0052,85
53,22616,22891.0,23060,True,0.10655,1.0,True,22616,22616,22883.0,22899.0,23060,23060,False,False,True,3.712,0.7612612612612613,0.89345,43,22984.0,93.0,bidmc-43-w085-0053,85
54,23060,23299.0,23455,True,0.097752,1.0,True,23060,23060,23295.0,23304.0,23455,23455,False,False,True,3.264,0.789873417721519,0.9022479999999999,43,23389.0,90.0,bidmc-43-w085-0054,85
55,23455,23698.0,23881,True,0.0,1.0,True,23455,23455,23669.0,23727.0,23881,23881,False,False,True,3.192,0.8591549295774648,1.0,43,23812.0,114.0,bidmc-43-w085-0055,85
56,23881,24104.0,24296,True,0.10068,1.0,True,23881,23881,24083.0,24125.0,24296,24296,False,False,True,3.248,0.9253012048192771,0.89932,43,24210.0,106.0,bidmc-43-w085-0056,85
57,24296,24522.0,24738,True,0.043988,1.0,True,24296,24296,24513.0,24531.0,24738,24739,False,False,True,3.344,0.9773755656108597,0.956012,43,24616.0,94.0,bidmc-43-w085-0057,85
58,24738,24961.0,25141,True,0.086999,1.0,True,24738,24739,24933.0,24989.0,25141,25141,False,False,True,3.512,0.8933002481389578,0.913001,43,25074.0,113.0,bidmc-43-w085-0058,85
59,25141,25376.0,25570,True,0.057674,1.0,True,25141,25141,25343.0,25409.0,25570,25570,False,False,True,3.32,0.9044289044289044,0.942326,43,25494.0,118.0,bidmc-43-w085-0059,85
60,25570,25829.0,26016,True,0.12121,1.0,True,25570,25570,25805.0,25853.0,26016,26016,False,False,True,3.624,0.8385650224215246,0.87879,43,25938.0,109.0,bidmc-43-w085-0060,85
61,26016,26270.0,26425,True,0.042033,0.90127,True,26016,26016,26269.0,26271.0,26425,26426,False,False,True,3.528,0.7579462102689487,0.859237,43,26356.0,86.0,bidmc-43-w085-0061,85
62,26425,26693.0,26876,True,0.077224,1.0,True,26425,26426,26689.0,26698.0,26876,26876,False,False,True,3.384,0.811529933481153,0.922776,43,26783.0,90.0,bidmc-43-w085-0062,85
63,26876,27112.0,27306,True,0.079179,1.0,True,26876,26876,27097.0,27127.0,27306,27306,False,False,True,3.352,0.9023255813953488,0.920821,43,27212.0,100.0,bidmc-43-w085-0063,85
64,27306,27524.0,27698,True,0.0,1.0,True,27306,27306,27515.0,27533.0,27698,27698,False,False,True,3.296,0.8877551020408163,1.0,43,27618.0,94.0,bidmc-43-w085-0064,85
65,27698,27739.0,27774,True,0.079179,0.46139,True,27698,27698,27739.0,27739.0,27774,27774,False,False,True,1.72,0.9210526315789473,0.382211,43,27824.0,85.0,bidmc-43-w085-0065,85
66,27774,27981.0,28215,True,0.041056,1.0,True,27774,27774,27933.0,28029.0,28215,28215,False,False,True,1.936,0.9387755102040817,0.958944,43,28114.0,133.0,bidmc-43-w085-0066,85
67,28215,28446.0,28637,True,0.070381,1.0,True,28215,28215,28413.0,28479.0,28637,28638,False,False,True,3.72,0.9052132701421801,0.929619,43,28564.0,118.0,bidmc-43-w085-0067,85
68,28637,28859.0,29041,True,0.030303,1.0,True,28637,28638,28835.0,28883.0,29041,29041,False,False,True,3.304,0.900990099009901,0.969697,43,28968.0,109.0,bidmc-43-w085-0068,85
69,29041,29258.0,29438,True,0.093842,1.0,True,29041,29041,29255.0,29261.0,29438,29438,False,False,True,3.192,0.906801007556675,0.906158,43,29346.0,88.0,bidmc-43-w085-0069,85
70,29438,29691.0,29905,True,0.046921,1.0,True,29438,29438,29691.0,29691.0,29905,29905,False,False,True,3.464,0.9164882226980728,0.953079,43,29776.0,85.0,bidmc-43-w085-0070,85
71,29905,30111.0,30287,True,0.12317,0.98729,True,29905,29905,30110.0,30112.0,30287,30287,False,False,True,3.36,0.9214659685863874,0.86412,43,30197.0,86.0,bidmc-43-w085-0071,85
72,30287,30515.0,30687,True,0.083089,0.97947,True,30287,30287,30515.0,30515.0,30687,30687,False,False,True,3.232,0.86,0.896381,43,30600.0,85.0,bidmc-43-w085-0072,85
73,30687,30944.0,31127,True,0.080156,1.0,True,30687,30687,30935.0,30953.0,31127,31127,False,False,True,3.432,0.8318181818181818,0.919844,43,31038.0,94.0,bidmc-43-w085-0073,85
74,31127,31429.0,31614,True,0.076246,1.0,True,31127,31127,31415.0,31443.0,31614,31614,False,False,True,3.88,0.7597535934291582,0.923754,43,31528.0,99.0,bidmc-43-w085-0074,85
75,31614,31920.0,32131,True,0.098729,1.0,True,31614,31614,31887.0,31953.0,32131,32131,False,False,True,3.928,0.816247582205029,0.901271,43,32038.0,118.0,bidmc-43-w085-0075,85
76,32131,32384.0,32572,True,0.095797,1.0,True,32131,32131,32369.0,32399.0,32572,32572,False,False,True,3.712,0.8526077097505669,0.904203,43,32484.0,100.0,bidmc-43-w085-0076,85
77,32572,32841.0,33016,True,0.093842,1.0,True,32572,32572,32835.0,32847.0,33016,33016,False,False,True,3.656,0.7882882882882882,0.906158,43,32932.0,91.0,bidmc-43-w085-0077,85
78,33016,33269.0,33457,True,0.043011,1.0,True,33016,33016,33261.0,33277.0,33457,33457,False,False,True,3.424,0.8526077097505669,0.956989,43,33362.0,93.0,bidmc-43-w085-0078,85
79,33457,33714.0,33893,True,0.053763,0.98729,True,33457,33457,33714.0,33715.0,33893,33893,False,False,True,3.56,0.8211009174311926,0.933527,43,33800.0,86.0,bidmc-43-w085-0079,85
80,33893,34153.0,34348,True,0.073314,1.0,True,33893,33893,34137.0,34169.0,34348,34348,False,False,True,3.512,0.8571428571428572,0.926686,43,34254.0,101.0,bidmc-43-w085-0080,85
81,34348,34600.0,34793,True,0.095797,0.95699,True,34348,34348,34599.0,34602.0,34793,34794,False,False,True,3.576,0.8674157303370786,0.861193,43,34687.0,87.0,bidmc-43-w085-0081,85
82,34793,35047.0,35257,True,0.11535,1.0,True,34793,34794,35027.0,35067.0,35257,35257,False,False,True,3.576,0.9051724137931034,0.88465,43,35152.0,105.0,bidmc-43-w085-0082,85
83,35257,35457.0,35665,True,0.051808,0.98827,True,35257,35257,35457.0,35457.0,35665,35665,False,False,True,3.28,0.9803921568627451,0.936462,43,35542.0,85.0,bidmc-43-w085-0083,85
84,35665,35947.0,36117,True,0.052786,1.0,True,35665,35665,35929.0,35965.0,36117,36117,False,False,True,3.92,0.752212389380531,0.947214,43,36050.0,103.0,bidmc-43-w085-0084,85
85,36117,36359.0,36560,True,0.030303,1.0,True,36117,36117,36317.0,36401.0,36560,36560,False,False,True,3.296,0.90744920993228,0.969697,43,36486.0,127.0,bidmc-43-w085-0085,85
86,36560,36823.0,37010,True,0.055718,1.0,True,36560,36560,36809.0,36837.0,37010,37010,False,False,True,3.712,0.8311111111111111,0.944282,43,36922.0,99.0,bidmc-43-w085-0086,85
87,37010,37265.0,37453,True,0.068426,1.0,True,37010,37010,37239.0,37291.0,37453,37453,False,False,True,3.536,0.8487584650112867,0.931574,43,37376.0,111.0,bidmc-43-w085-0087,85
88,37453,37666.0,37867,True,0.073314,0.9912,True,37453,37453,37665.0,37667.0,37867,37867,False,False,True,3.208,0.9710144927536232,0.917886,43,37752.0,86.0,bidmc-43-w085-0088,85
89,37867,38209.0,38380,True,0.046921,1.0,True,37867,37867,38197.0,38221.0,38380,38380,False,False,True,4.344,0.6666666666666667,0.953079,43,38306.0,97.0,bidmc-43-w085-0089,85
90,38380,38604.0,38786,True,0.10166,1.0,True,38380,38380,38593.0,38615.0,38786,38786,False,False,True,3.16,0.896551724137931,0.89834,43,38700.0,96.0,bidmc-43-w085-0090,85
91,38786,39061.0,39250,True,0.02737,1.0,True,38786,38786,39021.0,39101.0,39250,39250,False,False,True,3.656,0.8146551724137931,0.97263,43,39186.0,125.0,bidmc-43-w085-0091,85
92,39250,39506.0,39691,True,0.050831,1.0,True,39250,39250,39471.0,39541.0,39691,39691,False,False,True,3.56,0.8390022675736961,0.949169,43,39626.0,120.0,bidmc-43-w085-0092,85
93,39691,39934.0,40133,True,0.069404,1.0,True,39691,39691,39890.0,39979.0,40133,40133,False,False,True,3.424,0.9004524886877828,0.930596,43,40064.0,130.0,bidmc-43-w085-0093,85
94,40133,40376.0,40575,True,0.10557,1.0,True,40133,40133,40325.0,40427.0,40575,40575,False,False,True,3.536,0.9004524886877828,0.8944300000000001,43,40512.0,136.0,bidmc-43-w085-0094,85
95,40575,40783.0,40968,True,0.068426,1.0,True,40575,40575,40749.0,40817.0,40968,40968,False,False,True,3.256,0.9414758269720102,0.931574,43,40902.0,119.0,bidmc-43-w085-0095,85
96,40968,41239.0,41418,True,0.10948,1.0,True,40968,40968,41205.0,41273.0,41418,41418,False,False,True,3.648,0.7955555555555556,0.89052,43,41358.0,119.0,bidmc-43-w085-0096,85
97,41418,41663.0,41833,True,0.060606,1.0,True,41418,41418,41649.0,41677.0,41833,41833,False,False,True,3.392,0.8192771084337349,0.939394,43,41762.0,99.0,bidmc-43-w085-0097,85
98,41833,42066.0,42243,True,0.043011,1.0,True,41833,41833,42043.0,42089.0,42243,42243,False,False,True,3.224,0.8634146341463415,0.956989,43,42174.0,108.0,bidmc-43-w085-0098,85
99,42243,42485.0,42671,True,0.036168,1.0,True,42243,42243,42441.0,42529.0,42671,42671,False,False,True,3.352,0.8691588785046729,0.963832,43,42614.0,129.0,bidmc-43-w085-0099,85
100,42671,42889.0,43082,True,0.089932,1.0,True,42671,42671,42845.0,42933.0,43082,43082,False,False,True,3.232,0.9391727493917275,0.910068,43,43018.0,129.0,bidmc-43-w085-0100,85
101,43082,43313.0,43485,True,0.092864,1.0,True,43082,43082,43281.0,43345.0,43485,43485,False,False,True,3.392,0.8535980148883375,0.9071359999999999,43,43430.0,117.0,bidmc-43-w085-0101,85
102,43485,43697.0,43915,True,0.080156,1.0,True,43485,43485,43649.0,43745.0,43915,43915,False,False,True,3.072,0.986046511627907,0.919844,43,43830.0,133.0,bidmc-43-w085-0102,85
103,43915,44153.0,44340,True,0.069404,0.99511,True,43915,43915,44153.0,44153.0,44340,44340,False,False,True,3.648,0.88,0.925706,43,44238.0,85.0,bidmc-43-w085-0103,85
104,44340,44559.0,44739,True,0.040078,1.0,True,44340,44340,44553.0,44565.0,44739,44739,False,False,True,3.248,0.9022556390977443,0.9599219999999999,43,44650.0,91.0,bidmc-43-w085-0104,85
105,44739,44987.0,45176,True,0.040078,1.0,True,44739,44739,44947.0,45027.0,45176,45176,False,False,True,3.424,0.8649885583524027,0.9599219999999999,43,45112.0,125.0,bidmc-43-w085-0105,85
106,45176,45401.0,45592,True,0.044966,1.0,True,45176,45176,45359.0,45443.0,45592,45592,False,False,True,3.312,0.9182692307692307,0.955034,43,45528.0,127.0,bidmc-43-w085-0106,85
107,45592,45834.0,46005,True,0.077224,1.0,True,45592,45592,45813.0,45855.0,46005,46005,False,False,True,3.464,0.8280871670702179,0.922776,43,45940.0,106.0,bidmc-43-w085-0107,85
108,46005,46265.0,46382,True,0.11437,0.94428,True,46005,46005,46265.0,46265.0,46382,46382,False,False,True,3.448,0.6206896551724138,0.82991,43,46350.0,85.0,bidmc-43-w085-0108,85
109,46382,46409.0,46528,True,0.17595,0.59433,True,46382,46382,46409.0,46409.0,46528,46528,False,False,True,1.152,0.36986301369863017,0.41838000000000003,43,46494.0,85.0,bidmc-43-w085-0109,85
110,46528,46693.0,46838,True,0.081134,0.7781,True,46528,46528,46693.0,46693.0,46838,46838,False,False,True,2.272,0.935483870967742,0.696966,43,46778.0,85.0,bidmc-43-w085-0110,85
111,46838,47037.0,47207,True,0.0097752,0.93451,True,46838,46838,47037.0,47037.0,47207,47207,False,False,True,2.752,0.9214092140921409,0.9247348,43,47122.0,85.0,bidmc-43-w085-0111,85
112,47207,47406.0,47563,True,0.067449,0.94917,True,47207,47207,47405.0,47407.0,47563,47563,False,False,True,2.952,0.8820224719101124,0.881721,43,47492.0,86.0,bidmc-43-w085-0112,85
113,47563,47767.0,47945,True,0.11926,1.0,True,47563,47563,47759.0,47775.0,47945,47946,False,False,True,2.888,0.9319371727748691,0.88074,43,47860.0,93.0,bidmc-43-w085-0113,85
114,47945,48189.0,48344,True,0.11828,0.9433,True,47945,47946,48189.0,48190.0,48344,48344,False,False,True,3.376,0.7769423558897244,0.8250200000000001,43,48275.0,86.0,bidmc-43-w085-0114,85
115,48344,48538.0,48695,True,0.13099,1.0,True,48344,48344,48521.0,48555.0,48695,48695,False,False,True,2.792,0.8945868945868946,0.8690100000000001,43,48640.0,102.0,bidmc-43-w085-0115,85
116,48695,48892.0,49072,True,0.052786,1.0,True,48695,48695,48868.0,48917.0,49072,49073,False,False,True,2.832,0.9549071618037135,0.947214,43,49002.0,110.0,bidmc-43-w085-0116,85
117,49072,49285.0,49461,True,0.092864,1.0,True,49072,49073,49269.0,49301.0,49461,49461,False,False,True,3.144,0.9048843187660669,0.9071359999999999,43,49386.0,101.0,bidmc-43-w085-0117,85
118,49461,49643.0,49811,True,0.061584,1.0,True,49461,49461,49619.0,49667.0,49811,49811,False,False,True,2.864,0.96,0.938416,43,49752.0,109.0,bidmc-43-w085-0118,85
119,49811,50026.0,50211,True,0.059629,1.0,True,49811,49811,50004.0,50049.0,50211,50211,False,False,True,3.064,0.925,0.940371,43,50134.0,108.0,bidmc-43-w085-0119,85
120,50211,50438.0,50620,True,0.083089,1.0,True,50211,50211,50407.0,50469.0,50620,50620,False,False,True,3.296,0.8899755501222494,0.916911,43,50554.0,116.0,bidmc-43-w085-0120,85
121,50620,50838.0,51025,True,0.081134,1.0,True,50620,50620,50805.0,50871.0,51025,51025,False,False,True,3.2,0.9234567901234568,0.918866,43,50956.0,118.0,bidmc-43-w085-0121,85
122,51025,51267.0,51451,True,0.050831,1.0,True,51025,51025,51223.0,51311.0,51451,51451,False,False,True,3.432,0.863849765258216,0.949169,43,51396.0,129.0,bidmc-43-w085-0122,85
123,51451,51661.0,51838,True,0.040078,1.0,True,51451,51451,51629.0,51693.0,51838,51838,False,False,True,3.152,0.9147286821705426,0.9599219999999999,43,51778.0,117.0,bidmc-43-w085-0123,85
124,51838,52066.0,52239,True,0.039101,1.0,True,51838,51838,52035.0,52097.0,52239,52239,False,False,True,3.24,0.8628428927680798,0.960899,43,52182.0,116.0,bidmc-43-w085-0124,85
125,52239,52457.0,52645,True,0.049853,1.0,True,52239,52239,52417.0,52498.0,52645,52645,False,False,True,3.128,0.9261083743842364,0.950147,43,52583.0,126.0,bidmc-43-w085-0125,85
126,52645,52907.0,53085,True,0.0068426,1.0,True,52645,52645,52857.0,52957.0,53085,53085,False,False,True,3.6,0.8090909090909091,0.9931574,43,53042.0,135.0,bidmc-43-w085-0126,85
127,53085,53308.0,53480,True,0.032258,1.0,True,53085,53085,53285.0,53331.0,53480,53480,False,False,True,3.208,0.8708860759493671,0.967742,43,53416.0,108.0,bidmc-43-w085-0127,85
128,53480,53707.0,53887,True,0.030303,1.0,True,53480,53480,53673.0,53741.0,53887,53887,False,False,True,3.192,0.8845208845208845,0.969697,43,53826.0,119.0,bidmc-43-w085-0128,85
129,53887,54111.0,54289,True,0.036168,1.0,True,53887,53887,54083.0,54139.0,54289,54289,False,False,True,3.232,0.8855721393034826,0.963832,43,54224.0,113.0,bidmc-43-w085-0129,85
130,54289,54523.0,54710,True,0.028348,1.0,True,54289,54289,54475.0,54571.0,54710,54710,False,False,True,3.296,0.8883610451306413,0.971652,43,54656.0,133.0,bidmc-43-w085-0130,85
131,54710,54937.0,55143,True,0.030303,1.0,True,54710,54710,54885.0,54989.0,55143,55143,False,False,True,3.312,0.9515011547344111,0.969697,43,55074.0,137.0,bidmc-43-w085-0131,85
132,55143,55363.0,55534,True,0.029326,1.0,True,55143,55143,55335.0,55391.0,55534,55534,False,False,True,3.408,0.8746803069053708,0.970674,43,55476.0,113.0,bidmc-43-w085-0132,85
133,55534,55752.0,55934,True,0.035191,1.0,True,55534,55534,55701.0,55803.0,55934,55935,False,False,True,3.112,0.91,0.964809,43,55888.0,136.0,bidmc-43-w085-0133,85
134,55934,56144.0,56344,True,0.041056,1.0,True,55934,55935,56093.0,56195.0,56344,56344,False,False,True,3.136,0.975609756097561,0.958944,43,56280.0,136.0,bidmc-43-w085-0134,85
135,56344,56573.0,56792,True,0.025415,1.0,True,56344,56344,56511.0,56635.0,56792,56792,False,False,True,3.432,0.9776785714285714,0.974585,43,56720.0,147.0,bidmc-43-w085-0135,85
136,56792,57019.0,57218,True,0.01173,1.0,True,56792,56792,56967.0,57071.0,57218,57218,False,False,True,3.568,0.9342723004694835,0.98827,43,57156.0,137.0,bidmc-43-w085-0136,85
137,57218,57439.0,57641,True,0.081134,1.0,True,57218,57218,57391.0,57487.0,57641,57641,False,False,True,3.36,0.9550827423167849,0.918866,43,57572.0,133.0,bidmc-43-w085-0137,85
138,57641,57866.0,58062,True,0.029326,1.0,True,57641,57641,57839.0,57893.0,58062,58062,False,False,True,3.416,0.9311163895486936,0.970674,43,57978.0,112.0,bidmc-43-w085-0138,85
139,58062,58299.0,58485,True,0.035191,1.0,True,58062,58062,58261.0,58337.0,58485,58485,False,False,True,3.464,0.8794326241134752,0.964809,43,58422.0,123.0,bidmc-43-w085-0139,85
140,58485,58701.0,58886,True,0.057674,1.0,True,58485,58485,58661.0,58741.0,58886,58886,False,False,True,3.216,0.9226932668329177,0.942326,43,58826.0,125.0,bidmc-43-w085-0140,85
141,58886,59129.0,59320,True,0.073314,1.0,True,58886,58886,59107.0,59151.0,59320,59320,False,False,True,3.424,0.880184331797235,0.926686,43,59236.0,107.0,bidmc-43-w085-0141,85
142,59320,59559.0,59746,True,0.055718,1.0,True,59320,59320,59531.0,59587.0,59746,59746,False,False,True,3.44,0.8779342723004695,0.944282,43,59672.0,113.0,bidmc-43-w085-0142,85
1,83,291.0,436,True,0.060591,0.72734,True,83,83,291.0,291.0,436,436,False,False,True,,0.821529745042493,0.666749,44,376.0,85.0,bidmc-44-w085-0001,85
2,436,627.0,842,True,0.059125,0.66504,True,436,436,627.0,627.0,842,842,False,False,True,2.688,0.9408866995073891,0.605915,44,712.0,85.0,bidmc-44-w085-0002,85
3,842,1037.0,1294,True,-0.00048864,0.64525,True,842,842,1037.0,1037.0,1294,1294,False,False,True,3.28,0.8628318584070797,0.64573864,44,1122.0,85.0,bidmc-44-w085-0003,85
4,1294,1607.0,1744,True,0.051796,0.69924,True,1294,1294,1607.0,1607.0,1744,1744,False,False,True,4.56,0.6088888888888888,0.647444,44,1692.0,85.0,bidmc-44-w085-0004,85
5,1744,1921.0,2204,True,0.024676,0.82482,True,1744,1744,1921.0,1921.0,2204,2204,False,False,True,2.512,0.7695652173913043,0.800144,44,2006.0,85.0,bidmc-44-w085-0005,85
6,2204,2423.0,2637,True,0.032739,0.59541,True,2204,2204,2423.0,2423.0,2637,2637,False,False,True,4.016,0.9884526558891455,0.562671,44,2508.0,85.0,bidmc-44-w085-0006,85
7,2637,2876.0,3088,True,0.11874,0.64989,True,2637,2637,2875.0,2877.0,3088,3088,False,False,True,3.624,0.9401330376940134,0.53115,44,2962.0,86.0,bidmc-44-w085-0007,85
8,3088,3322.0,3504,True,0.05937,0.62057,True,3088,3088,3321.0,3323.0,3504,3504,False,False,True,3.568,0.875,0.5611999999999999,44,3408.0,86.0,bidmc-44-w085-0008,85
9,3504,3737.0,3954,True,-0.00048864,0.59028,True,3504,3504,3737.0,3737.0,3954,3954,False,False,True,3.32,0.9644444444444444,0.5907686400000001,44,3822.0,85.0,bidmc-44-w085-0009,85
10,3954,4148.0,4364,True,0.087466,0.72441,True,3954,3954,4147.0,4149.0,4364,4364,False,False,True,3.288,0.9463414634146341,0.636944,44,4234.0,86.0,bidmc-44-w085-0010,85
11,4364,4533.0,4802,True,-0.00048864,0.64574,True,4364,4364,4533.0,4533.0,4802,4802,False,False,True,3.08,0.771689497716895,0.64622864,44,4618.0,85.0,bidmc-44-w085-0011,85
12,4802,5127.0,5251,True,0.12631,0.72099,True,4802,4802,5127.0,5127.0,5251,5251,False,False,True,4.752,0.5523385300668151,0.59468,44,5212.0,85.0,bidmc-44-w085-0012,85
13,5251,5461.0,5710,True,-0.00048864,0.71806,True,5251,5251,5461.0,5461.0,5710,5710,False,False,True,2.672,0.9150326797385621,0.7185486400000001,44,5546.0,85.0,bidmc-44-w085-0013,85
14,5710,6034.0,6183,True,0.071341,0.64549,True,5710,5710,6033.0,6035.0,6183,6183,False,False,True,4.584,0.6300211416490487,0.574149,44,6120.0,86.0,bidmc-44-w085-0014,85
15,6183,6437.0,6608,True,0.0083069,0.70755,True,6183,6183,6437.0,6437.0,6608,6608,False,False,True,3.224,0.8047058823529412,0.6992431,44,6522.0,85.0,bidmc-44-w085-0015,85
16,6608,6825.0,7067,True,-0.00048864,0.67677,True,6608,6608,6825.0,6825.0,7067,7067,False,False,True,3.104,0.9455337690631809,0.67725864,44,6910.0,85.0,bidmc-44-w085-0016,85
17,7067,7341.0,7474,True,0.047154,0.64574,True,7067,7067,7341.0,7341.0,7474,7474,False,False,True,4.128,0.6535626535626535,0.598586,44,7426.0,85.0,bidmc-44-w085-0017,85
18,7474,7674.0,7911,True,-0.00048864,0.79062,True,7474,7474,7673.0,7675.0,7911,7911,False,False,True,2.664,0.9153318077803203,0.79110864,44,7760.0,86.0,bidmc-44-w085-0018,85
19,7911,8083.0,8367,True,-0.00048864,0.65771,True,7911,7911,8083.0,8083.0,8367,8367,False,False,True,3.272,0.7543859649122807,0.6581986400000001,44,8168.0,85.0,bidmc-44-w085-0019,85
20,8367,8647.0,8822,True,0.014659,0.56755,True,8367,8367,8647.0,8647.0,8822,8823,False,False,True,4.512,0.7692307692307692,0.552891,44,8732.0,85.0,bidmc-44-w085-0020,85
21,8822,9060.0,9289,True,0.0039091,0.66919,True,8822,8823,9059.0,9061.0,9289,9289,False,False,True,3.304,0.9807280513918629,0.6652809,44,9146.0,86.0,bidmc-44-w085-0021,85
22,9289,9556.0,9703,True,0.010017,0.52602,True,9289,9289,9555.0,9557.0,9703,9703,False,False,True,3.968,0.7101449275362319,0.516003,44,9642.0,86.0,bidmc-44-w085-0022,85
23,9703,10018.0,10182,True,-0.00048864,0.699,True,9703,9703,10015.0,10021.0,10182,10182,False,False,True,3.696,0.6847599164926932,0.69948864,44,10106.0,88.0,bidmc-44-w085-0023,85
24,10182,10370.0,10599,True,0.029318,0.67921,True,10182,10182,10369.0,10371.0,10599,10599,False,False,True,2.816,0.9016786570743405,0.649892,44,10456.0,86.0,bidmc-44-w085-0024,85
25,10599,10779.0,11015,True,-0.00048864,0.74273,True,10599,10599,10779.0,10779.0,11015,11015,False,False,True,3.272,0.8653846153846154,0.74321864,44,10864.0,85.0,bidmc-44-w085-0025,85
26,11015,11195.0,11292,True,0.19155,0.64647,True,11015,11015,11195.0,11195.0,11292,11293,False,False,True,3.328,0.7003610108303249,0.45492,44,11280.0,85.0,bidmc-44-w085-0026,85
27,11292,11357.0,11486,True,0.010506,0.63352,True,11292,11293,11357.0,11357.0,11486,11486,False,False,True,1.296,0.6701030927835052,0.623014,44,11442.0,85.0,bidmc-44-w085-0027,85
28,11486,11687.0,11854,True,0.14586,0.74933,True,11486,11486,11687.0,11687.0,11854,11854,False,False,True,2.64,0.907608695652174,0.6034700000000001,44,11772.0,85.0,bidmc-44-w085-0028,85
29,11854,12087.0,12299,True,0.072807,0.6174,True,11854,11854,12087.0,12087.0,12299,12299,False,False,True,3.2,0.952808988764045,0.544593,44,12172.0,85.0,bidmc-44-w085-0029,85
30,12299,12496.0,12777,True,-0.00048864,0.58319,True,12299,12299,12495.0,12497.0,12777,12777,False,False,True,3.272,0.8242677824267782,0.58367864,44,12582.0,86.0,bidmc-44-w085-0030,85
31,12777,12989.0,13212,True,0.018324,0.70828,True,12777,12777,12989.0,12989.0,13212,13212,False,False,True,3.944,0.9747126436781609,0.689956,44,13074.0,85.0,bidmc-44-w085-0031,85
32,13212,13377.0,13497,True,0.15783,0.64452,True,13212,13212,13377.0,13377.0,13497,13497,False,False,True,3.104,0.8421052631578947,0.48668999999999996,44,13462.0,85.0,bidmc-44-w085-0032,85
33,13497,13568.0,13675,True,0.1808,0.59956,True,13497,13497,13567.0,13569.0,13675,13675,False,False,True,1.528,0.797752808988764,0.41876,44,13654.0,86.0,bidmc-44-w085-0033,85
34,13675,13703.0,13712,True,0.39677,0.45101,True,13675,13675,13703.0,13703.0,13712,13712,False,False,True,1.08,0.4864864864864865,0.05424000000000001,44,13788.0,85.0,bidmc-44-w085-0034,85
35,13712,13865.0,14106,True,0.0046421,0.6042,True,13712,13712,13865.0,13865.0,14106,14106,False,False,True,1.296,0.7766497461928934,0.5995579,44,13950.0,85.0,bidmc-44-w085-0035,85
36,14106,14307.0,14596,True,0.0039091,0.68629,True,14106,14106,14307.0,14307.0,14596,14596,False,False,True,3.536,0.8204081632653062,0.6823809,44,14392.0,85.0,bidmc-44-w085-0036,85
37,14596,14653.0,14660,True,0.10579,0.33105,True,14596,14596,14653.0,14653.0,14660,14660,False,False,True,2.768,0.21875,0.22526000000000002,44,14738.0,85.0,bidmc-44-w085-0037,85
38,14660,14891.0,15040,True,-0.00048864,0.53042,True,14660,14660,14891.0,14891.0,15040,15040,False,False,True,1.904,0.7842105263157895,0.53090864,44,14976.0,85.0,bidmc-44-w085-0038,85
39,15040,15371.0,15482,True,0.060591,0.57366,True,15040,15040,15371.0,15371.0,15482,15482,False,False,True,3.84,0.502262443438914,0.513069,44,15456.0,85.0,bidmc-44-w085-0039,85
40,15482,15749.0,15929,True,0.026387,0.62863,True,15482,15482,15749.0,15749.0,15929,15929,False,False,True,3.024,0.8053691275167785,0.602243,44,15834.0,85.0,bidmc-44-w085-0040,85
41,15929,16196.0,16334,True,0.066944,0.69533,True,15929,15929,16195.0,16197.0,16334,16334,False,False,True,3.576,0.6814814814814815,0.628386,44,16282.0,86.0,bidmc-44-w085-0041,85
42,16334,16527.0,16764,True,-0.00048864,0.77034,True,16334,16334,16527.0,16527.0,16764,16764,False,False,True,2.648,0.8976744186046511,0.7708286400000001,44,16612.0,85.0,bidmc-44-w085-0042,85
43,16764,17027.0,17196,True,0.093819,0.71121,True,16764,16764,17027.0,17027.0,17196,17196,False,False,True,4.0,0.7824074074074074,0.617391,44,17112.0,85.0,bidmc-44-w085-0043,85
44,17196,17433.0,17644,True,-0.00048864,0.6428,True,17196,17196,17433.0,17433.0,17644,17644,False,False,True,3.248,0.9419642857142857,0.6432886400000001,44,17518.0,85.0,bidmc-44-w085-0044,85
45,17644,17889.0,18111,True,0.025898,0.67677,True,17644,17644,17889.0,17889.0,18111,18111,False,False,True,3.648,0.9507494646680942,0.650872,44,17974.0,85.0,bidmc-44-w085-0045,85
46,18111,18327.0,18571,True,-0.00048864,0.70022,True,18111,18111,18327.0,18327.0,18571,18571,False,False,True,3.504,0.9391304347826087,0.70070864,44,18412.0,85.0,bidmc-44-w085-0046,85
47,18571,18836.0,19042,True,-0.00048864,0.71732,True,18571,18571,18835.0,18837.0,19042,19042,False,False,True,4.072,0.8747346072186837,0.71780864,44,18922.0,86.0,bidmc-44-w085-0047,85
48,19042,19329.0,19504,True,0.012216,0.65136,True,19042,19042,19329.0,19329.0,19504,19504,False,False,True,3.944,0.7575757575757576,0.639144,44,19414.0,85.0,bidmc-44-w085-0048,85
49,19504,19821.0,19963,True,0.048864,0.69582,True,19504,19504,19821.0,19821.0,19963,19963,False,False,True,3.936,0.6187363834422658,0.646956,44,19906.0,85.0,bidmc-44-w085-0049,85
50,19963,20250.0,20404,True,0.03225,0.59638,True,19963,19963,20249.0,20251.0,20404,20404,False,False,True,3.432,0.6984126984126984,0.56413,44,20336.0,86.0,bidmc-44-w085-0050,85
51,20404,20649.0,20840,True,-0.00048864,0.57464,True,20404,20404,20649.0,20649.0,20840,20840,False,False,True,3.192,0.8761467889908257,0.5751286400000001,44,20734.0,85.0,bidmc-44-w085-0051,85
52,20840,21143.0,21285,True,-0.00048864,0.66015,True,20840,20840,21143.0,21143.0,21285,21285,False,False,True,3.952,0.6382022471910113,0.66063864,44,21228.0,85.0,bidmc-44-w085-0052,85
53,21285,21531.0,21746,True,0.0021989,0.73785,True,21285,21285,21531.0,21531.0,21746,21746,False,False,True,3.104,0.9327548806941431,0.7356511,44,21616.0,85.0,bidmc-44-w085-0053,85
54,21746,22014.0,22204,True,0.0043977,0.70804,True,21746,21746,22013.0,22015.0,22204,22204,False,False,True,3.864,0.8296943231441047,0.7036423,44,22100.0,86.0,bidmc-44-w085-0054,85
55,22204,22523.0,22650,True,0.14928,0.76423,True,22204,22204,22523.0,22523.0,22650,22650,False,False,True,4.072,0.5695067264573991,0.61495,44,22608.0,85.0,bidmc-44-w085-0055,85
56,22650,22940.0,23064,True,-0.00048864,0.60151,True,22650,22650,22939.0,22941.0,23064,23064,False,False,True,3.336,0.5990338164251208,0.60199864,44,23026.0,86.0,bidmc-44-w085-0056,85
57,23064,23363.0,23517,True,0.082824,0.68116,True,23064,23064,23363.0,23363.0,23517,23517,False,False,True,3.384,0.6799116997792494,0.598336,44,23448.0,85.0,bidmc-44-w085-0057,85
58,23517,23654.0,23663,True,0.20718,0.58563,True,23517,23517,23653.0,23655.0,23663,23663,False,False,True,2.328,0.12328767123287676,0.37844999999999995,44,23740.0,86.0,bidmc-44-w085-0058,85
59,23663,23789.0,23955,True,-0.00048864,0.61715,True,23663,23663,23789.0,23789.0,23955,23955,False,False,True,1.08,0.863013698630137,0.61763864,44,23874.0,85.0,bidmc-44-w085-0059,85
60,23955,24197.0,24428,True,0.053995,0.84412,True,23955,23955,24197.0,24197.0,24428,24428,False,False,True,3.264,0.9767441860465116,0.790125,44,24282.0,85.0,bidmc-44-w085-0060,85
61,24428,24709.0,24865,True,-0.00048864,0.68092,True,24428,24428,24709.0,24709.0,24865,24865,False,False,True,4.096,0.7139588100686498,0.68140864,44,24794.0,85.0,bidmc-44-w085-0061,85
62,24865,25201.0,25324,True,0.048131,0.81358,True,24865,24865,25201.0,25201.0,25324,25324,False,False,True,3.936,0.5359477124183006,0.7654489999999999,44,25286.0,85.0,bidmc-44-w085-0062,85
63,25324,25575.0,25764,True,-0.00048864,0.76374,True,25324,25324,25575.0,25575.0,25764,25764,False,False,True,2.992,0.8590909090909091,0.76422864,44,25660.0,85.0,bidmc-44-w085-0063,85
64,25764,26025.0,26225,True,-0.00048864,0.78402,True,25764,25764,26025.0,26025.0,26225,26225,False,False,True,3.6,0.8676789587852495,0.7845086400000001,44,26110.0,85.0,bidmc-44-w085-0064,85
65,26225,26524.0,26682,True,-0.00048864,0.80796,True,26225,26225,26523.0,26525.0,26682,26682,False,False,True,3.992,0.6914660831509847,0.80844864,44,26610.0,86.0,bidmc-44-w085-0065,85
66,26682,26937.0,27136,True,0.016125,0.82385,True,26682,26682,26937.0,26937.0,27136,27136,False,False,True,3.304,0.8766519823788547,0.807725,44,27022.0,85.0,bidmc-44-w085-0066,85
67,27136,27433.0,27569,True,-0.00048864,0.76496,True,27136,27136,27433.0,27433.0,27569,27569,False,False,True,3.968,0.628175519630485,0.76544864,44,27518.0,85.0,bidmc-44-w085-0067,85
68,27569,27854.0,28072,True,-0.00048864,0.99536,True,27569,27569,27853.0,27855.0,28072,28072,False,False,True,3.368,0.8667992047713717,0.9958486400000001,44,27940.0,86.0,bidmc-44-w085-0068,85
69,28072,28360.0,28529,True,0.046176,0.8561,True,28072,28072,28359.0,28361.0,28529,28529,False,False,True,4.048,0.7396061269146608,0.809924,44,28446.0,86.0,bidmc-44-w085-0069,85
70,28529,28771.0,29004,True,-0.00048864,0.79184,True,28529,28529,28771.0,28771.0,29004,29004,False,False,True,3.288,0.9810526315789474,0.79232864,44,28856.0,85.0,bidmc-44-w085-0070,85
71,29004,29334.0,29488,True,-0.00048864,0.90814,True,29004,29004,29333.0,29335.0,29488,29488,False,False,True,4.504,0.6363636363636364,0.90862864,44,29420.0,86.0,bidmc-44-w085-0071,85
72,29488,29751.0,29935,True,-0.00048864,0.8837,True,29488,29488,29751.0,29751.0,29935,29935,False,False,True,3.336,0.8232662192393736,0.8841886400000001,44,29836.0,85.0,bidmc-44-w085-0072,85
73,29935,30193.0,30396,True,-0.00048864,0.92573,True,29935,29935,30193.0,30193.0,30396,30396,False,False,True,3.536,0.8806941431670282,0.9262186400000001,44,30278.0,85.0,bidmc-44-w085-0073,85
74,30396,30693.0,30861,True,-0.00048864,0.8688,True,30396,30396,30693.0,30693.0,30861,30861,False,False,True,4.0,0.7225806451612904,0.8692886400000001,44,30778.0,85.0,bidmc-44-w085-0074,85
75,30861,31093.0,31337,True,-0.00048864,0.85243,True,30861,30861,31093.0,31093.0,31337,31337,False,False,True,3.2,0.9747899159663865,0.8529186400000001,44,31178.0,85.0,bidmc-44-w085-0075,85
76,31337,31619.0,31784,True,-0.00048864,0.86904,True,31337,31337,31619.0,31619.0,31784,31784,False,False,True,4.208,0.738255033557047,0.8695286400000001,44,31704.0,85.0,bidmc-44-w085-0076,85
77,31784,32033.0,32255,True,-0.00048864,0.99389,True,31784,31784,32033.0,32033.0,32255,32255,False,False,True,3.312,0.9426751592356688,0.9943786400000001,44,32118.0,85.0,bidmc-44-w085-0077,85
78,32255,32537.0,32709,True,-0.00048864,0.95676,True,32255,32255,32537.0,32537.0,32709,32709,False,False,True,4.032,0.7577092511013216,0.9572486400000001,44,32622.0,85.0,bidmc-44-w085-0078,85
79,32709,33035.0,33176,True,-0.00048864,0.92231,True,32709,32709,33035.0,33035.0,33176,33176,False,False,True,3.984,0.6038543897216274,0.92279864,44,33120.0,85.0,bidmc-44-w085-0079,85
80,33176,33455.0,33623,True,0.075495,0.99634,True,33176,33176,33455.0,33455.0,33623,33623,False,False,True,3.36,0.7516778523489933,0.920845,44,33540.0,85.0,bidmc-44-w085-0080,85
81,33623,33879.0,34041,True,-0.00048864,0.72636,True,33623,33623,33879.0,33879.0,34041,34041,False,False,True,3.392,0.7751196172248804,0.72684864,44,33964.0,85.0,bidmc-44-w085-0081,85
82,34041,34353.0,34502,True,-0.00048864,0.90129,True,34041,34041,34353.0,34353.0,34502,34502,False,False,True,3.792,0.6464208242950109,0.9017786400000001,44,34438.0,85.0,bidmc-44-w085-0082,85
83,34502,34792.0,34946,True,0.070364,1.0,True,34502,34502,34777.0,34807.0,34946,34946,False,False,True,3.512,0.6936936936936937,0.929636,44,34892.0,100.0,bidmc-44-w085-0083,85
84,34946,35207.0,35373,True,-0.00048864,0.99853,True,34946,34946,35207.0,35207.0,35373,35373,False,False,True,3.32,0.7775175644028103,0.9990186400000001,44,35292.0,85.0,bidmc-44-w085-0084,85
85,35373,35667.0,35819,True,0.10042,1.0,True,35373,35373,35641.0,35693.0,35819,35819,False,False,True,3.68,0.6816143497757847,0.89958,44,35778.0,111.0,bidmc-44-w085-0085,85
86,35819,36105.0,36240,True,-0.00048864,0.8903,True,35819,35819,36105.0,36105.0,36240,36240,False,False,True,3.504,0.6413301662707839,0.89078864,44,36190.0,85.0,bidmc-44-w085-0086,85
87,36240,36535.0,36701,True,-0.00048864,0.83997,True,36240,36240,36535.0,36535.0,36701,36701,False,False,True,3.44,0.720173535791757,0.84045864,44,36620.0,85.0,bidmc-44-w085-0087,85
88,36701,37001.0,37145,True,0.048131,0.8236,True,36701,36701,37001.0,37001.0,37145,37145,False,False,True,3.728,0.6486486486486487,0.775469,44,37086.0,85.0,bidmc-44-w085-0088,85
89,37145,37248.0,37275,True,0.21696,0.35158,True,37145,37145,37247.0,37249.0,37275,37275,False,False,True,1.976,0.41538461538461535,0.13462000000000002,44,37334.0,86.0,bidmc-44-w085-0089,85
90,37275,37472.0,37600,True,0.15343,0.73271,True,37275,37275,37471.0,37473.0,37600,37600,False,False,True,1.792,0.7876923076923077,0.57928,44,37558.0,86.0,bidmc-44-w085-0090,85
91,37600,37929.0,38060,True,0.061324,0.80845,True,37600,37600,37929.0,37929.0,38060,38061,False,False,True,3.656,0.5695652173913044,0.747126,44,38014.0,85.0,bidmc-44-w085-0091,85
92,38060,38352.0,38511,True,0.11532,0.83362,True,38060,38061,38351.0,38353.0,38511,38511,False,False,True,3.384,0.70509977827051,0.7183,44,38438.0,86.0,bidmc-44-w085-0092,85
93,38511,38828.0,38952,True,-0.00048864,0.76081,True,38511,38511,38827.0,38829.0,38952,38952,False,False,True,3.808,0.562358276643991,0.76129864,44,38914.0,86.0,bidmc-44-w085-0093,85
94,38952,39241.0,39412,True,0.046421,0.96702,True,38952,38952,39241.0,39241.0,39412,39412,False,False,True,3.304,0.7434782608695651,0.920599,44,39326.0,85.0,bidmc-44-w085-0094,85
95,39412,39703.0,39868,True,0.043733,0.84364,True,39412,39412,39703.0,39703.0,39868,39868,False,False,True,3.696,0.7236842105263157,0.7999069999999999,44,39788.0,85.0,bidmc-44-w085-0095,85
96,39868,40080.0,40310,True,-0.00048864,0.83508,True,39868,39868,40079.0,40081.0,40310,40310,False,False,True,3.016,0.9592760180995475,0.8355686400000001,44,40166.0,86.0,bidmc-44-w085-0096,85
97,40310,40630.0,40763,True,-0.00048864,0.89323,True,40310,40310,40629.0,40631.0,40763,40763,False,False,True,4.4,0.58719646799117,0.89371864,44,40716.0,86.0,bidmc-44-w085-0097,85
98,40763,41051.0,41222,True,-0.00048864,0.93012,True,40763,40763,41051.0,41051.0,41222,41222,False,False,True,3.368,0.7450980392156863,0.93060864,44,41136.0,85.0,bidmc-44-w085-0098,85
99,41222,41471.0,41697,True,-0.00048864,0.8192,True,41222,41222,41471.0,41471.0,41697,41697,False,False,True,3.36,0.9515789473684211,0.8196886400000001,44,41556.0,85.0,bidmc-44-w085-0099,85
100,41697,42022.0,42201,True,-0.00048864,0.92108,True,41697,41697,42021.0,42023.0,42201,42201,False,False,True,4.408,0.7103174603174602,0.92156864,44,42108.0,86.0,bidmc-44-w085-0100,85
101,42201,42487.0,42632,True,0.059125,0.84364,True,42201,42201,42487.0,42487.0,42632,42632,False,False,True,3.72,0.6728538283062645,0.784515,44,42572.0,85.0,bidmc-44-w085-0101,85
102,42632,42885.0,43064,True,-0.00048864,0.957,True,42632,42632,42885.0,42885.0,43064,43064,False,False,True,3.184,0.8287037037037037,0.95748864,44,42970.0,85.0,bidmc-44-w085-0102,85
103,43064,43336.0,43531,True,0.047154,0.85512,True,43064,43064,43335.0,43337.0,43531,43531,False,False,True,3.608,0.8351177730192719,0.807966,44,43422.0,86.0,bidmc-44-w085-0103,85
104,43531,43839.0,43984,True,-0.00048864,0.74713,True,43531,43531,43839.0,43839.0,43984,43984,False,False,True,4.024,0.640176600441501,0.74761864,44,43924.0,85.0,bidmc-44-w085-0104,85
105,43984,44325.0,44451,True,-0.00048864,0.8688,True,43984,43984,44325.0,44325.0,44451,44451,False,False,True,3.888,0.5396145610278373,0.8692886400000001,44,44410.0,85.0,bidmc-44-w085-0105,85
106,44451,44757.0,44914,True,-0.00048864,0.94552,True,44451,44451,44757.0,44757.0,44914,44914,False,False,True,3.456,0.6781857451403888,0.9460086400000001,44,44842.0,85.0,bidmc-44-w085-0106,85
107,44914,45200.0,45326,True,0.04471,0.85487,True,44914,44914,45199.0,45201.0,45326,45327,False,False,True,3.544,0.6116504854368932,0.81016,44,45286.0,86.0,bidmc-44-w085-0107,85
108,45326,45623.0,45806,True,-0.00048864,0.93159,True,45326,45327,45623.0,45623.0,45806,45806,False,False,True,3.384,0.7625,0.9320786400000001,44,45708.0,85.0,bidmc-44-w085-0108,85
109,45806,46135.0,46280,True,0.026631,0.96995,True,45806,45806,46135.0,46135.0,46280,46280,False,False,True,4.096,0.6118143459915613,0.943319,44,46220.0,85.0,bidmc-44-w085-0109,85
110,46280,46566.0,46722,True,0.01075,0.92182,True,46280,46280,46565.0,46567.0,46722,46722,False,False,True,3.448,0.7058823529411764,0.9110699999999999,44,46652.0,86.0,bidmc-44-w085-0110,85
111,46722,47046.0,47198,True,0.036892,0.9096,True,46722,46722,47045.0,47047.0,47198,47198,False,False,True,3.84,0.6386554621848739,0.8727079999999999,44,47132.0,86.0,bidmc-44-w085-0111,85
112,47198,47471.0,47659,True,-0.00048864,0.96873,True,47198,47198,47471.0,47471.0,47659,47659,False,False,True,3.4,0.8156182212581344,0.96921864,44,47556.0,85.0,bidmc-44-w085-0112,85
113,47659,47929.0,48104,True,-0.00048864,0.90374,True,47659,47659,47929.0,47929.0,48104,48104,False,False,True,3.664,0.7865168539325843,0.90422864,44,48014.0,85.0,bidmc-44-w085-0113,85
114,48104,48413.0,48535,True,-0.00048864,0.91033,True,48104,48104,48413.0,48413.0,48535,48535,False,False,True,3.872,0.5661252900232019,0.91081864,44,48498.0,85.0,bidmc-44-w085-0114,85
115,48535,48854.0,49017,True,0.0012216,0.95553,True,48535,48535,48853.0,48855.0,49017,49017,False,False,True,3.528,0.6763485477178424,0.9543084,44,48940.0,86.0,bidmc-44-w085-0115,85
116,49017,49297.0,49453,True,-0.00048864,0.87979,True,49017,49017,49297.0,49297.0,49453,49453,False,False,True,3.544,0.7155963302752293,0.88027864,44,49382.0,85.0,bidmc-44-w085-0116,85
117,49453,49701.0,49927,True,-0.00048864,1.0,True,49453,49453,49671.0,49731.0,49927,49927,False,False,True,3.232,0.9535864978902954,1.00048864,44,49816.0,115.0,bidmc-44-w085-0117,85
118,49927,50246.0,50425,True,0.05937,1.0,True,49927,49927,50197.0,50295.0,50425,50425,False,False,True,4.36,0.7188755020080322,0.94063,44,50380.0,134.0,bidmc-44-w085-0118,85
119,50425,50741.0,50890,True,-0.00048864,0.89934,True,50425,50425,50741.0,50741.0,50890,50890,False,False,True,3.96,0.6408602150537634,0.8998286400000001,44,50826.0,85.0,bidmc-44-w085-0119,85
120,50890,51165.0,51336,True,-0.00048864,0.83655,True,50890,50890,51165.0,51165.0,51336,51336,False,False,True,3.392,0.7668161434977578,0.8370386400000001,44,51250.0,85.0,bidmc-44-w085-0120,85
121,51336,51680.0,51831,True,-0.00048864,1.0,True,51336,51336,51653.0,51707.0,51831,51831,False,False,True,4.12,0.61010101010101,1.00048864,44,51792.0,112.0,bidmc-44-w085-0121,85
122,51831,52031.0,52229,True,0.069631,0.86294,True,51831,51831,52031.0,52031.0,52229,52229,False,False,True,2.808,0.9949748743718593,0.793309,44,52116.0,85.0,bidmc-44-w085-0122,85
123,52229,52512.0,52688,True,-0.00048864,0.99072,True,52229,52229,52511.0,52513.0,52688,52688,False,False,True,3.848,0.7668845315904139,0.9912086400000001,44,52598.0,86.0,bidmc-44-w085-0123,85
124,52688,52970.0,53153,True,-0.00048864,0.79428,True,52688,52688,52969.0,52971.0,53153,53153,False,False,True,3.664,0.7870967741935484,0.79476864,44,53056.0,86.0,bidmc-44-w085-0124,85
125,53153,53483.0,53622,True,0.0046421,1.0,True,53153,53153,53471.0,53495.0,53622,53622,False,False,True,4.104,0.5927505330490406,0.9953579,44,53580.0,97.0,bidmc-44-w085-0125,85
126,53622,53900.0,54065,True,-0.00048864,0.95773,True,53622,53622,53899.0,53901.0,54065,54065,False,False,True,3.336,0.744920993227991,0.95821864,44,53986.0,86.0,bidmc-44-w085-0126,85
127,54065,54331.0,54542,True,-0.00048864,0.89568,True,54065,54065,54331.0,54331.0,54542,54542,False,False,True,3.448,0.8846960167714885,0.8961686400000001,44,54416.0,85.0,bidmc-44-w085-0127,85
128,54542,54845.0,55041,True,-0.00048864,0.98607,True,54542,54542,54845.0,54845.0,55041,55041,False,False,True,4.112,0.7855711422845691,0.98655864,44,54930.0,85.0,bidmc-44-w085-0128,85
129,55041,55363.0,55536,True,-0.00048864,0.96286,True,55041,55041,55363.0,55363.0,55536,55536,False,False,True,4.144,0.698989898989899,0.9633486400000001,44,55448.0,85.0,bidmc-44-w085-0129,85
130,55536,55844.0,55991,True,-0.00048864,0.89054,True,55536,55536,55843.0,55845.0,55991,55991,False,False,True,3.848,0.6461538461538461,0.89102864,44,55930.0,86.0,bidmc-44-w085-0130,85
131,55991,56301.0,56448,True,-0.00048864,0.83215,True,55991,55991,56301.0,56301.0,56448,56448,False,False,True,3.656,0.6433260393873086,0.83263864,44,56386.0,85.0,bidmc-44-w085-0131,85
132,56448,56764.0,56934,True,-0.00048864,1.0,True,56448,56448,56709.0,56819.0,56934,56934,False,False,True,3.704,0.6995884773662551,1.00048864,44,56904.0,140.0,bidmc-44-w085-0132,85
133,56934,57241.0,57405,True,-0.00048864,0.95773,True,56934,56934,57241.0,57241.0,57405,57405,False,False,True,3.816,0.6963906581740977,0.95821864,44,57326.0,85.0,bidmc-44-w085-0133,85
134,57405,57639.0,57838,True,0.15123,1.0,True,57405,57405,57615.0,57663.0,57838,57838,False,False,True,3.184,0.9191685912240185,0.84877,44,57748.0,109.0,bidmc-44-w085-0134,85
135,57838,57965.0,58070,True,-0.00048864,0.38725,True,57838,57838,57965.0,57965.0,58070,58070,False,False,True,2.608,0.9051724137931034,0.38773863999999997,44,58050.0,85.0,bidmc-44-w085-0135,85
136,58070,58325.0,58491,True,-0.00048864,0.71708,True,58070,58070,58325.0,58325.0,58491,58491,False,False,True,2.88,0.7885985748218527,0.7175686400000001,44,58410.0,85.0,bidmc-44-w085-0136,85
137,58491,58750.0,58927,True,-0.00048864,0.75153,True,58491,58491,58749.0,58751.0,58927,58927,False,False,True,3.4,0.8119266055045872,0.7520186400000001,44,58836.0,86.0,bidmc-44-w085-0137,85
138,58927,59219.0,59358,True,0.090887,0.8837,True,58927,58927,59219.0,59219.0,59358,59358,False,False,True,3.752,0.6450116009280742,0.792813,44,59304.0,85.0,bidmc-44-w085-0138,85
139,59358,59649.0,59780,True,-0.00048864,0.85268,True,59358,59358,59649.0,59649.0,59780,59780,False,False,True,3.44,0.6208530805687205,0.85316864,44,59734.0,85.0,bidmc-44-w085-0139,85
1,148,410.0,568,True,-0.32656,-0.0060196,True,148,148,409.0,411.0,568,568,False,False,True,,0.7523809523809524,0.3205404,45,496.0,86.0,bidmc-45-w085-0001,85
2,568,751.0,1015,True,-0.32581,-0.017306,True,568,568,751.0,751.0,1015,1015,False,False,True,2.728,0.8187919463087249,0.308504,45,836.0,85.0,bidmc-45-w085-0002,85
3,1015,1230.0,1467,True,-0.34537,-0.03085,True,1015,1015,1227.0,1233.0,1467,1468,False,False,True,3.832,0.9513274336283186,0.31452,45,1318.0,88.0,bidmc-45-w085-0003,85
4,1467,1737.0,2028,True,-0.34612,-0.023326,True,1467,1468,1735.0,1739.0,2028,2028,False,False,True,4.056,0.9625668449197861,0.32279399999999997,45,1824.0,87.0,bidmc-45-w085-0004,85
5,2028,2303.0,2500,True,-0.34763,-0.018059,True,2028,2028,2299.0,2307.0,2500,2500,False,False,True,4.528,0.8347457627118644,0.329571,45,2392.0,89.0,bidmc-45-w085-0005,85
6,2500,2757.0,2979,True,-0.34236,0.0037622,True,2500,2500,2753.0,2761.0,2979,2979,False,False,True,3.632,0.9269311064718163,0.3461222,45,2846.0,89.0,bidmc-45-w085-0006,85
7,2979,3239.0,3450,True,-0.33935,-0.016554,True,2979,2979,3239.0,3239.0,3450,3451,False,False,True,3.856,0.8959660297239915,0.32279599999999997,45,3324.0,85.0,bidmc-45-w085-0007,85
9,3653,3760.0,3950,True,-0.3371,-0.041384,True,3651,3655,3757.0,3763.0,3950,3950,False,False,True,0.856,0.7205387205387206,0.29571600000000003,45,3848.0,88.0,bidmc-45-w085-0009,85
10,3950,4225.0,4407,True,-0.32807,-0.0030098,True,3950,3950,4221.0,4229.0,4407,4407,False,False,True,3.72,0.7964989059080962,0.32506019999999997,45,4314.0,89.0,bidmc-45-w085-0010,85
11,4407,4634.0,4913,True,-0.34387,-0.0052671,True,4407,4407,4631.0,4637.0,4913,4913,False,False,True,3.272,0.8972332015810277,0.3386029,45,4722.0,88.0,bidmc-45-w085-0011,85
12,4913,5144.0,5397,True,-0.33634,0.021821,True,4913,4913,5141.0,5147.0,5397,5397,False,False,True,4.08,0.9545454545454546,0.35816099999999995,45,5232.0,88.0,bidmc-45-w085-0012,85
13,5397,5610.0,5855,True,-0.32957,-0.018811,True,5397,5397,5609.0,5611.0,5855,5855,False,False,True,3.728,0.9301310043668123,0.31075899999999995,45,5696.0,86.0,bidmc-45-w085-0013,85
14,5855,6097.0,6320,True,-0.3529,-0.032355,True,5855,5855,6093.0,6101.0,6320,6321,False,False,True,3.896,0.9591397849462365,0.32054499999999997,45,6186.0,89.0,bidmc-45-w085-0014,85
15,6320,6542.0,6825,True,-0.35591,-0.039127,True,6320,6321,6541.0,6543.0,6825,6825,False,False,True,3.56,0.8792079207920792,0.316783,45,6628.0,86.0,bidmc-45-w085-0015,85
16,6825,7077.0,7301,True,-0.31226,0.013544,True,6825,6825,7077.0,7077.0,7301,7301,False,False,True,4.28,0.9411764705882353,0.325804,45,7162.0,85.0,bidmc-45-w085-0016,85
17,7301,7570.0,7791,True,-0.35064,0.015801,True,7301,7301,7569.0,7571.0,7791,7791,False,False,True,3.944,0.9020408163265307,0.366441,45,7656.0,86.0,bidmc-45-w085-0017,85
18,7791,7992.0,8238,True,-0.3386,-0.028593,True,7791,7791,7989.0,7995.0,8238,8238,False,False,True,3.376,0.8993288590604027,0.31000700000000003,45,8080.0,88.0,bidmc-45-w085-0018,85
19,8238,8240.0,8253,True,-0.307,-0.29496,True,8238,8238,8239.0,8241.0,8253,8253,False,False,True,1.984,0.2666666666666667,0.012039999999999995,45,8326.0,86.0,bidmc-45-w085-0019,85
20,8253,8494.0,8718,True,-0.34913,-0.060196,True,8253,8253,8489.0,8499.0,8718,8718,False,False,True,2.032,0.9634408602150537,0.288934,45,8584.0,90.0,bidmc-45-w085-0020,85
21,8718,8734.0,8740,True,-0.29722,-0.2769,True,8718,8718,8733.0,8735.0,8740,8741,False,False,True,1.92,0.5454545454545454,0.020320000000000005,45,8820.0,86.0,bidmc-45-w085-0021,85
22,8740,9042.0,9255,True,-0.3386,-0.015049,True,8740,8741,9041.0,9043.0,9255,9255,False,False,True,2.464,0.8271844660194174,0.32355100000000003,45,9128.0,86.0,bidmc-45-w085-0022,85
23,9255,9267.0,9275,True,-0.29797,-0.28819,True,9255,9255,9265.0,9269.0,9275,9276,False,False,True,1.8,0.8,0.009780000000000011,45,9354.0,87.0,bidmc-45-w085-0023,85
24,9275,9552.0,9811,True,-0.34612,-0.0097818,True,9275,9276,9549.0,9555.0,9811,9811,False,False,True,2.28,0.9664179104477612,0.3363382,45,9640.0,88.0,bidmc-45-w085-0024,85
25,9811,10076.0,10286,True,-0.34913,-0.018811,True,9811,9811,10073.0,10079.0,10286,10286,False,False,True,4.192,0.8842105263157894,0.330319,45,10164.0,88.0,bidmc-45-w085-0025,85
26,10286,10465.0,10552,True,-0.33634,-0.057938,True,10286,10286,10463.0,10467.0,10552,10553,False,False,True,3.112,0.6541353383458647,0.278402,45,10552.0,87.0,bidmc-45-w085-0026,85
27,10552,10566.0,10739,True,-0.36042,-0.058691,True,10552,10553,10565.0,10567.0,10739,10739,False,False,True,0.808,0.14973262032085566,0.301729,45,10652.0,86.0,bidmc-45-w085-0027,85
28,10739,11034.0,11205,True,-0.36042,-0.035365,True,10739,10739,11033.0,11035.0,11205,11206,False,False,True,3.744,0.7339055793991416,0.32505500000000004,45,11120.0,86.0,bidmc-45-w085-0028,85
29,11205,11424.0,11667,True,-0.35214,-0.025583,True,11205,11206,11423.0,11425.0,11667,11667,False,False,True,3.12,0.948051948051948,0.326557,45,11510.0,86.0,bidmc-45-w085-0029,85
30,11667,11962.0,12157,True,-0.34989,-0.020316,True,11667,11667,11961.0,11963.0,12157,12157,False,False,True,4.304,0.7959183673469388,0.329574,45,12048.0,86.0,bidmc-45-w085-0030,85
31,12157,12380.0,12614,True,-0.34312,-0.0097818,True,12157,12157,12377.0,12383.0,12614,12615,False,False,True,3.344,0.975929978118162,0.3333382,45,12468.0,88.0,bidmc-45-w085-0031,85
32,12614,12827.0,13087,True,-0.34763,-0.016554,True,12614,12615,12827.0,12827.0,13087,13087,False,False,True,3.576,0.9006342494714588,0.331076,45,12912.0,85.0,bidmc-45-w085-0032,85
33,13087,13282.0,13531,True,-0.33634,-0.0060196,True,13087,13087,13281.0,13283.0,13531,13531,False,False,True,3.64,0.8783783783783784,0.33032039999999996,45,13368.0,86.0,bidmc-45-w085-0033,85
34,13531,13816.0,14030,True,-0.34913,-0.0060196,True,13531,13531,13813.0,13819.0,14030,14030,False,False,True,4.272,0.8577154308617234,0.3431104,45,13904.0,88.0,bidmc-45-w085-0034,85
35,14030,14273.0,14473,True,-0.34612,-0.0082769,True,14030,14030,14269.0,14277.0,14473,14473,False,False,True,3.656,0.9029345372460497,0.3378431,45,14362.0,89.0,bidmc-45-w085-0035,85
36,14473,14697.0,14919,True,-0.33559,-0.0052671,True,14473,14473,14695.0,14699.0,14919,14920,False,False,True,3.392,0.9955156950672646,0.3303229,45,14784.0,87.0,bidmc-45-w085-0036,85
37,14919,15214.0,15404,True,-0.33634,-0.037622,True,14919,14920,15211.0,15217.0,15404,15404,False,False,True,4.136,0.7835051546391752,0.298718,45,15302.0,88.0,bidmc-45-w085-0037,85
38,15404,15660.0,15960,True,-0.30474,0.0060196,True,15404,15404,15657.0,15663.0,15960,15960,False,False,True,3.568,0.920863309352518,0.3107596,45,15748.0,88.0,bidmc-45-w085-0038,85
39,15960,15964.0,15976,True,-0.26185,-0.25207,True,15960,15960,15963.0,15965.0,15976,15977,False,False,True,2.432,0.5,0.009780000000000011,45,16050.0,86.0,bidmc-45-w085-0039,85
40,15976,16072.0,16112,True,-0.31678,-0.24379,True,15976,15977,16069.0,16075.0,16112,16113,False,False,True,0.864,0.5882352941176471,0.07299,45,16160.0,88.0,bidmc-45-w085-0040,85
41,16112,16361.0,16562,True,-0.31226,-0.058691,True,16112,16113,16359.0,16363.0,16562,16562,False,False,True,2.312,0.8933333333333333,0.253569,45,16448.0,87.0,bidmc-45-w085-0041,85
42,16562,16762.0,17008,True,-0.33935,-0.042137,True,16562,16562,16761.0,16763.0,17008,17008,False,False,True,3.208,0.8968609865470852,0.297213,45,16848.0,86.0,bidmc-45-w085-0042,85
43,17008,17194.0,17438,True,-0.34913,-0.051919,True,17008,17008,17189.0,17199.0,17438,17439,False,False,True,3.456,0.8651162790697674,0.297211,45,17284.0,90.0,bidmc-45-w085-0043,85
44,17438,17456.0,17473,True,-0.31226,-0.29496,True,17438,17439,17453.0,17459.0,17473,17473,False,False,True,2.096,0.9714285714285714,0.017299999999999982,45,17544.0,88.0,bidmc-45-w085-0044,85
45,17473,17782.0,17942,True,-0.34537,-0.021821,True,17473,17473,17781.0,17783.0,17942,17942,False,False,True,2.608,0.6823027718550106,0.32354900000000003,45,17868.0,86.0,bidmc-45-w085-0045,85
46,17942,18226.0,18436,True,-0.34688,-0.0045147,True,17942,17942,18225.0,18227.0,18436,18436,False,False,True,3.552,0.8502024291497976,0.34236530000000004,45,18312.0,86.0,bidmc-45-w085-0046,85
47,18436,18660.0,18909,True,-0.32807,0.026336,True,18436,18436,18657.0,18663.0,18909,18909,False,False,True,3.472,0.9471458773784355,0.354406,45,18748.0,88.0,bidmc-45-w085-0047,85
48,18909,19103.0,19331,True,-0.34312,-0.027088,True,18909,18909,19099.0,19107.0,19331,19331,False,False,True,3.544,0.919431279620853,0.316032,45,19192.0,89.0,bidmc-45-w085-0048,85
49,19331,19350.0,19361,True,-0.3085,-0.28292,True,19331,19331,19349.0,19351.0,19361,19361,False,False,True,1.976,0.7333333333333334,0.02557999999999999,45,19436.0,86.0,bidmc-45-w085-0049,85
50,19361,19656.0,19844,True,-0.33409,-0.015801,True,19361,19361,19655.0,19657.0,19844,19844,False,False,True,2.448,0.7784679089026916,0.318289,45,19742.0,86.0,bidmc-45-w085-0050,85
51,19844,20081.0,20291,True,-0.33333,-0.0097818,True,19844,19844,20079.0,20083.0,20291,20291,False,False,True,3.4,0.9395973154362416,0.3235482,45,20168.0,87.0,bidmc-45-w085-0051,85
52,20291,20573.0,20751,True,-0.33333,-0.020316,True,20291,20291,20569.0,20577.0,20751,20751,False,False,True,3.936,0.7739130434782608,0.313014,45,20662.0,89.0,bidmc-45-w085-0052,85
53,20751,21011.0,21242,True,-0.34913,0.006772,True,20751,20751,21007.0,21015.0,21242,21242,False,False,True,3.504,0.9409368635437881,0.355902,45,21100.0,89.0,bidmc-45-w085-0053,85
54,21242,21405.0,21494,True,-0.33484,-0.03687,True,21242,21242,21403.0,21407.0,21494,21494,False,False,True,3.152,0.7063492063492063,0.29797,45,21492.0,87.0,bidmc-45-w085-0054,85
55,21494,21515.0,21671,True,-0.33183,-0.039127,True,21494,21494,21511.0,21519.0,21671,21671,False,False,True,0.88,0.23728813559322037,0.292703,45,21604.0,89.0,bidmc-45-w085-0055,85
56,21671,21959.0,22143,True,-0.36343,-0.033108,True,21671,21671,21959.0,21959.0,22143,22143,False,False,True,3.552,0.7796610169491526,0.330322,45,22044.0,85.0,bidmc-45-w085-0056,85
57,22143,22366.0,22568,True,-0.33108,-0.010534,True,22143,22143,22365.0,22367.0,22568,22568,False,False,True,3.256,0.9505882352941176,0.320546,45,22452.0,86.0,bidmc-45-w085-0057,85
58,22568,22812.0,23005,True,-0.33484,-0.00075245,True,22568,22568,22809.0,22815.0,23005,23005,False,False,True,3.568,0.8832951945080092,0.33408755,45,22900.0,88.0,bidmc-45-w085-0058,85
59,23005,23264.0,23465,True,-0.34161,0.0030098,True,23005,23005,23261.0,23267.0,23465,23466,False,False,True,3.616,0.8739130434782609,0.34461980000000003,45,23352.0,88.0,bidmc-45-w085-0059,85
60,23465,23636.0,23900,True,-0.31828,-0.011287,True,23465,23466,23633.0,23639.0,23900,23901,False,False,True,2.976,0.7862068965517242,0.306993,45,23724.0,88.0,bidmc-45-w085-0060,85
61,23900,23904.0,23928,True,-0.32882,-0.29571,True,23900,23901,23903.0,23905.0,23928,23928,False,False,True,2.144,0.2857142857142857,0.03311000000000003,45,23990.0,86.0,bidmc-45-w085-0061,85
62,23928,24181.0,24393,True,-0.34161,-0.0022573,True,23928,23928,24179.0,24183.0,24393,24393,False,False,True,2.216,0.9118279569892473,0.3393527,45,24268.0,87.0,bidmc-45-w085-0062,85
63,24393,24558.0,24810,True,-0.31302,-0.035365,True,24393,24393,24555.0,24561.0,24810,24811,False,False,True,3.016,0.7913669064748201,0.27765500000000004,45,24646.0,88.0,bidmc-45-w085-0063,85
64,24810,25121.0,25317,True,-0.33785,-0.019564,True,24810,24811,25117.0,25125.0,25317,25318,False,False,True,4.504,0.7731755424063116,0.31828599999999996,45,25210.0,89.0,bidmc-45-w085-0064,85
65,25317,25331.0,25348,True,-0.30474,-0.2769,True,25317,25318,25331.0,25331.0,25348,25348,False,False,True,1.68,0.9032258064516129,0.02784000000000003,45,25416.0,85.0,bidmc-45-w085-0065,85
66,25348,25574.0,25802,True,-0.3371,-0.015049,True,25348,25348,25573.0,25575.0,25802,25802,False,False,True,1.944,0.9955947136563876,0.32205100000000003,45,25660.0,86.0,bidmc-45-w085-0066,85
67,25802,26041.0,26236,True,-0.33634,0.0,True,25802,25802,26039.0,26043.0,26236,26237,False,False,True,3.736,0.8986175115207373,0.33634,45,26128.0,87.0,bidmc-45-w085-0067,85
68,26236,26486.0,26748,True,-0.34086,-0.016554,True,26236,26237,26481.0,26491.0,26748,26748,False,False,True,3.56,0.9765625,0.324306,45,26576.0,90.0,bidmc-45-w085-0068,85
69,26748,27002.0,27212,True,-0.32506,-0.028593,True,26748,26748,27001.0,27003.0,27212,27212,False,False,True,4.128,0.9051724137931034,0.29646700000000004,45,27088.0,86.0,bidmc-45-w085-0069,85
70,27212,27423.0,27633,True,-0.29722,-0.0022573,True,27212,27212,27423.0,27423.0,27633,27634,False,False,True,3.368,0.997624703087886,0.29496269999999997,45,27508.0,85.0,bidmc-45-w085-0070,85
71,27633,27640.0,27738,True,-0.28442,-0.19865,True,27633,27634,27639.0,27641.0,27738,27738,False,False,True,1.736,0.1333333333333333,0.08577000000000001,45,27726.0,86.0,bidmc-45-w085-0071,85
72,27738,27944.0,28185,True,-0.28668,0.03386,True,27738,27738,27941.0,27947.0,28185,28185,False,False,True,2.432,0.9217002237136466,0.32054,45,28032.0,88.0,bidmc-45-w085-0072,85
73,28185,28350.0,28591,True,-0.34011,-0.034612,True,28185,28185,28349.0,28351.0,28591,28591,False,False,True,3.248,0.812807881773399,0.30549800000000005,45,28436.0,86.0,bidmc-45-w085-0073,85
74,28591,28601.0,28628,True,-0.33108,-0.28969,True,28591,28591,28601.0,28601.0,28628,28628,False,False,True,2.008,0.5405405405405406,0.04138999999999998,45,28686.0,85.0,bidmc-45-w085-0074,85
75,28628,28878.0,29064,True,-0.34838,-0.033108,True,28628,28628,28873.0,28883.0,29064,29064,False,False,True,2.216,0.8532110091743119,0.315272,45,28968.0,90.0,bidmc-45-w085-0075,85
76,29064,29300.0,29532,True,-0.33634,-0.018811,True,29064,29064,29297.0,29303.0,29532,29533,False,False,True,3.376,0.9914529914529915,0.31752899999999995,45,29388.0,88.0,bidmc-45-w085-0076,85
77,29532,29537.0,29567,True,-0.33183,-0.29947,True,29532,29533,29537.0,29537.0,29567,29567,False,False,True,1.896,0.2857142857142857,0.03236,45,29622.0,85.0,bidmc-45-w085-0077,85
78,29567,29824.0,30045,True,-0.3529,0.0082769,True,29567,29567,29823.0,29825.0,30045,30045,False,False,True,2.296,0.9246861924686193,0.36117689999999997,45,29910.0,86.0,bidmc-45-w085-0078,85
79,30045,30294.0,30498,True,-0.34387,0.0082769,True,30045,30045,30293.0,30295.0,30498,30498,False,False,True,3.76,0.9006622516556292,0.3521469,45,30380.0,86.0,bidmc-45-w085-0079,85
80,30498,30500.0,30528,True,-0.32807,-0.28819,True,30498,30498,30499.0,30501.0,30528,30528,False,False,True,1.648,0.1333333333333333,0.03987999999999997,45,30586.0,86.0,bidmc-45-w085-0080,85
81,30528,30789.0,31004,True,-0.34387,0.0082769,True,30528,30528,30787.0,30791.0,31004,31004,False,False,True,2.312,0.9033613445378151,0.3521469,45,30876.0,87.0,bidmc-45-w085-0081,85
82,31004,31255.0,31490,True,-0.33559,0.012039,True,31004,31004,31251.0,31259.0,31490,31490,False,False,True,3.728,0.9670781893004116,0.347629,45,31344.0,89.0,bidmc-45-w085-0082,85
83,31490,31739.0,31961,True,-0.33258,0.0082769,True,31490,31490,31735.0,31743.0,31961,31961,False,False,True,3.872,0.9426751592356688,0.34085689999999996,45,31828.0,89.0,bidmc-45-w085-0083,85
84,31961,32165.0,32420,True,-0.34011,-0.02784,True,31961,31961,32165.0,32165.0,32420,32421,False,False,True,3.408,0.8888888888888888,0.31227000000000005,45,32250.0,85.0,bidmc-45-w085-0084,85
85,32420,32718.0,32920,True,-0.33935,-0.020316,True,32420,32421,32715.0,32721.0,32920,32920,False,False,True,4.424,0.808,0.319034,45,32806.0,88.0,bidmc-45-w085-0085,85
86,32920,33178.0,33381,True,-0.33935,-0.019564,True,32920,32920,33177.0,33179.0,33381,33381,False,False,True,3.68,0.8806941431670282,0.31978599999999996,45,33264.0,86.0,bidmc-45-w085-0086,85
87,33381,33594.0,33847,True,-0.34161,0.006772,True,33381,33381,33593.0,33595.0,33847,33847,False,False,True,3.328,0.9141630901287554,0.348382,45,33680.0,86.0,bidmc-45-w085-0087,85
88,33847,34063.0,34322,True,-0.34387,-0.018059,True,33847,33847,34063.0,34063.0,34322,34323,False,False,True,3.752,0.9094736842105263,0.325811,45,34148.0,85.0,bidmc-45-w085-0088,85
89,34322,34554.0,34771,True,-0.34462,-0.0097818,True,34322,34323,34549.0,34559.0,34771,34772,False,False,True,3.928,0.9665924276169265,0.3348382,45,34644.0,90.0,bidmc-45-w085-0089,85
90,34771,34988.0,35205,True,-0.32957,-0.014296,True,34771,34772,34977.0,34999.0,35205,35205,False,False,True,3.472,1.0,0.315274,45,35084.0,96.0,bidmc-45-w085-0090,85
91,35205,35434.0,35643,True,-0.33484,-0.0075245,True,35205,35205,35429.0,35439.0,35643,35643,False,False,True,3.568,0.954337899543379,0.32731550000000004,45,35524.0,90.0,bidmc-45-w085-0091,85
92,35643,35893.0,36075,True,-0.34989,-0.021068,True,35643,35643,35889.0,35897.0,36075,36075,False,False,True,3.672,0.8425925925925926,0.328822,45,35982.0,89.0,bidmc-45-w085-0092,85
93,36075,36342.0,36569,True,-0.34688,0.023326,True,36075,36075,36339.0,36345.0,36569,36569,False,False,True,3.592,0.9190283400809717,0.37020600000000004,45,36430.0,88.0,bidmc-45-w085-0093,85
94,36569,36826.0,37032,True,-0.34688,-0.018811,True,36569,36569,36821.0,36831.0,37032,37033,False,False,True,3.872,0.8898488120950324,0.328069,45,36916.0,90.0,bidmc-45-w085-0094,85
95,37032,37274.0,37464,True,-0.33559,-0.010534,True,37032,37033,37269.0,37279.0,37464,37464,False,False,True,3.584,0.8796296296296297,0.325056,45,37364.0,90.0,bidmc-45-w085-0095,85
96,37464,37692.0,37889,True,-0.33258,-0.050414,True,37464,37464,37689.0,37695.0,37889,37889,False,False,True,3.344,0.9270588235294117,0.282166,45,37780.0,88.0,bidmc-45-w085-0096,85
97,37889,38155.0,38353,True,-0.3529,-0.03085,True,37889,37889,38151.0,38159.0,38353,38353,False,False,True,3.704,0.853448275862069,0.32205,45,38244.0,89.0,bidmc-45-w085-0097,85
98,38353,38584.0,38799,True,-0.32581,0.0052671,True,38353,38353,38583.0,38585.0,38799,38799,False,False,True,3.432,0.9641255605381166,0.3310771,45,38670.0,86.0,bidmc-45-w085-0098,85
99,38799,39012.0,39235,True,-0.34312,-0.020316,True,38799,38799,39009.0,39015.0,39235,39235,False,False,True,3.424,0.9770642201834863,0.322804,45,39100.0,88.0,bidmc-45-w085-0099,85
100,39235,39445.0,39678,True,-0.34838,-0.048909,True,39235,39235,39441.0,39449.0,39678,39678,False,False,True,3.464,0.9480812641083521,0.29947100000000004,45,39534.0,89.0,bidmc-45-w085-0100,85
101,39678,39857.0,40101,True,-0.32506,-0.018811,True,39678,39678,39857.0,39857.0,40101,40102,False,False,True,3.296,0.8463356973995272,0.306249,45,39942.0,85.0,bidmc-45-w085-0101,85
102,40101,40343.0,40553,True,-0.33935,0.00075245,True,40101,40102,40339.0,40347.0,40553,40553,False,False,True,3.888,0.9292035398230089,0.34010245,45,40432.0,89.0,bidmc-45-w085-0102,85
103,40553,40765.0,41019,True,-0.34161,-0.021821,True,40553,40553,40761.0,40769.0,41019,41019,False,False,True,3.376,0.9098712446351931,0.31978900000000005,45,40854.0,89.0,bidmc-45-w085-0103,85
104,41019,41274.0,41443,True,-0.34011,-0.042889,True,41019,41019,41269.0,41279.0,41443,41443,False,False,True,4.072,0.7971698113207547,0.297221,45,41364.0,90.0,bidmc-45-w085-0104,85
105,41443,41690.0,41889,True,-0.35214,0.0045147,True,41443,41443,41689.0,41691.0,41889,41889,False,False,True,3.328,0.8923766816143498,0.3566547,45,41776.0,86.0,bidmc-45-w085-0105,85
106,41889,42143.0,42370,True,-0.35214,0.0060196,True,41889,41889,42139.0,42147.0,42370,42370,False,False,True,3.624,0.9438669438669438,0.3581596,45,42232.0,89.0,bidmc-45-w085-0106,85
107,42370,42627.0,42843,True,-0.34236,-0.0015049,True,42370,42370,42623.0,42631.0,42843,42843,False,False,True,3.872,0.9133192389006343,0.3408551,45,42716.0,89.0,bidmc-45-w085-0107,85
108,42843,43080.0,43316,True,-0.35214,-0.014296,True,42843,42843,43077.0,43083.0,43316,43317,False,False,True,3.624,0.9978858350951374,0.33784400000000003,45,43168.0,88.0,bidmc-45-w085-0108,85
109,43316,43599.0,43792,True,-0.33634,-0.019564,True,43316,43317,43597.0,43601.0,43792,43792,False,False,True,4.152,0.8109243697478992,0.31677599999999995,45,43686.0,87.0,bidmc-45-w085-0109,85
110,43792,43996.0,44259,True,-0.35064,0.0022573,True,43792,43792,43993.0,43999.0,44259,44259,False,False,True,3.176,0.873661670235546,0.3528973,45,44084.0,88.0,bidmc-45-w085-0110,85
111,44259,44504.0,44702,True,-0.36042,-0.043642,True,44259,44259,44501.0,44507.0,44702,44702,False,False,True,4.064,0.8939051918735892,0.316778,45,44592.0,88.0,bidmc-45-w085-0111,85
112,44702,44931.0,45132,True,-0.34161,0.00075245,True,44702,44702,44929.0,44933.0,45132,45132,False,False,True,3.416,0.9348837209302325,0.34236245000000004,45,45018.0,87.0,bidmc-45-w085-0112,85
113,45132,45390.0,45579,True,-0.35139,0.013544,True,45132,45132,45389.0,45391.0,45579,45579,False,False,True,3.672,0.8456375838926175,0.364934,45,45476.0,86.0,bidmc-45-w085-0113,85
114,45579,45818.0,46024,True,-0.34989,-0.018811,True,45579,45579,45817.0,45819.0,46024,46024,False,False,True,3.424,0.9258426966292135,0.33107899999999996,45,45904.0,86.0,bidmc-45-w085-0114,85
115,46024,46301.0,46557,True,-0.31828,0.006772,True,46024,46024,46301.0,46301.0,46557,46558,False,False,True,3.864,0.9606003752345216,0.325052,45,46386.0,85.0,bidmc-45-w085-0115,85
116,46557,46789.0,46974,True,-0.28141,0.0097818,True,46557,46558,46787.0,46791.0,46974,46974,False,False,True,3.904,0.8872901678657075,0.2911918,45,46876.0,87.0,bidmc-45-w085-0116,85
117,46974,47207.0,47403,True,-0.32957,-0.0075245,True,46974,46974,47205.0,47209.0,47403,47404,False,False,True,3.344,0.9137529137529138,0.3220455,45,47294.0,87.0,bidmc-45-w085-0117,85
118,47403,47420.0,47427,True,-0.30549,-0.29421,True,47403,47404,47419.0,47421.0,47427,47427,False,False,True,1.704,0.5833333333333333,0.011279999999999957,45,47506.0,86.0,bidmc-45-w085-0118,85
119,47427,47679.0,47886,True,-0.34161,-0.035365,True,47427,47427,47679.0,47679.0,47886,47887,False,False,True,2.072,0.9019607843137255,0.30624500000000004,45,47764.0,85.0,bidmc-45-w085-0119,85
120,47886,48139.0,48343,True,-0.34612,-0.0045147,True,47886,47887,48137.0,48141.0,48343,48343,False,False,True,3.68,0.8927789934354485,0.3416053,45,48226.0,87.0,bidmc-45-w085-0120,85
121,48343,48608.0,48798,True,-0.34312,0.0037622,True,48343,48343,48605.0,48611.0,48798,48798,False,False,True,3.752,0.8351648351648352,0.3468822,45,48696.0,88.0,bidmc-45-w085-0121,85
122,48798,49043.0,49265,True,-0.3544,-0.018811,True,48798,48798,49039.0,49047.0,49265,49265,False,False,True,3.48,0.9507494646680942,0.33558899999999997,45,49132.0,89.0,bidmc-45-w085-0122,85
123,49265,49460.0,49704,True,-0.33409,-0.006772,True,49265,49265,49457.0,49463.0,49704,49704,False,False,True,3.336,0.8883826879271071,0.327318,45,49548.0,88.0,bidmc-45-w085-0123,85
124,49704,49716.0,49719,True,-0.30775,-0.29947,True,49704,49704,49715.0,49717.0,49719,49719,False,False,True,2.048,0.4,0.00828000000000001,45,49802.0,86.0,bidmc-45-w085-0124,85
125,49719,49990.0,50190,True,-0.34913,0.0090294,True,49719,49719,49989.0,49991.0,50190,50191,False,False,True,2.192,0.8492569002123143,0.3581594,45,50076.0,86.0,bidmc-45-w085-0125,85
126,50190,50390.0,50649,True,-0.34838,-0.0075245,True,50190,50191,50385.0,50395.0,50649,50649,False,False,True,3.2,0.8714596949891067,0.34085550000000003,45,50480.0,90.0,bidmc-45-w085-0126,85
127,50649,50894.0,51112,True,-0.34989,0.0075245,True,50649,50649,50891.0,50897.0,51112,51112,False,False,True,4.032,0.9416846652267818,0.35741449999999997,45,50982.0,88.0,bidmc-45-w085-0127,85
128,51112,51326.0,51578,True,-0.35591,-0.015801,True,51112,51112,51325.0,51327.0,51573,51583,False,False,True,3.456,0.9184549356223176,0.340109,45,51412.0,86.0,bidmc-45-w085-0128,85
129,51578,51835.0,52047,True,-0.34612,-0.014296,True,51573,51583,51831.0,51839.0,52047,52047,False,False,True,4.072,0.9040511727078892,0.331824,45,51924.0,89.0,bidmc-45-w085-0129,85
130,52047,52332.0,52566,True,-0.32656,-0.0075245,True,52047,52047,52331.0,52333.0,52566,52566,False,False,True,3.976,0.9017341040462428,0.3190355,45,52418.0,86.0,bidmc-45-w085-0130,85
131,52566,52792.0,53011,True,-0.31678,0.03085,True,52566,52566,52789.0,52795.0,53011,53011,False,False,True,3.68,0.9842696629213483,0.34763,45,52880.0,88.0,bidmc-45-w085-0131,85
132,53011,53253.0,53479,True,-0.34086,0.012792,True,53011,53011,53249.0,53257.0,53479,53479,False,False,True,3.688,0.9658119658119658,0.353652,45,53342.0,89.0,bidmc-45-w085-0132,85
133,53479,53496.0,53504,True,-0.31151,-0.29345,True,53479,53479,53495.0,53497.0,53504,53504,False,False,True,1.944,0.64,0.01806000000000002,45,53582.0,86.0,bidmc-45-w085-0133,85
134,53504,53736.0,53963,True,-0.34612,-0.015049,True,53504,53504,53733.0,53739.0,53963,53963,False,False,True,1.92,0.9891067538126361,0.331071,45,53824.0,88.0,bidmc-45-w085-0134,85
135,53963,54193.0,54429,True,-0.34913,-0.0082769,True,53963,53963,54189.0,54197.0,54429,54429,False,False,True,3.656,0.9871244635193133,0.3408531,45,54282.0,89.0,bidmc-45-w085-0135,85
136,54429,54667.0,54906,True,-0.34312,0.026336,True,54429,54429,54667.0,54667.0,54906,54906,False,False,True,3.792,0.9979035639412998,0.369456,45,54752.0,85.0,bidmc-45-w085-0136,85
137,54906,55163.0,55366,True,-0.3243,0.0,True,54906,54906,55163.0,55163.0,55366,55366,False,False,True,3.968,0.8826086956521739,0.3243,45,55248.0,85.0,bidmc-45-w085-0137,85
138,55366,55601.0,55823,True,-0.34312,0.0030098,True,55366,55366,55597.0,55605.0,55823,55823,False,False,True,3.504,0.9715536105032823,0.3461298,45,55690.0,89.0,bidmc-45-w085-0138,85
139,55823,56049.0,56287,True,-0.35064,-0.0022573,True,55823,55823,56047.0,56051.0,56287,56287,False,False,True,3.584,0.9741379310344828,0.3483827,45,56136.0,87.0,bidmc-45-w085-0139,85
140,56287,56498.0,56765,True,-0.33935,0.019564,True,56287,56287,56495.0,56501.0,56765,56766,False,False,True,3.592,0.8828451882845189,0.358914,45,56586.0,88.0,bidmc-45-w085-0140,85
141,56765,56989.0,57244,True,-0.34387,-0.0090294,True,56765,56766,56985.0,56993.0,57244,57244,False,False,True,3.928,0.9352818371607515,0.3348406,45,57078.0,89.0,bidmc-45-w085-0141,85
142,57244,57454.0,57660,True,-0.34312,-0.036117,True,57244,57244,57409.0,57499.0,57660,57660,False,False,True,3.72,0.9903846153846154,0.30700299999999997,45,57584.0,130.0,bidmc-45-w085-0142,85
143,57660,57849.0,58099,True,-0.33032,0.013544,True,57660,57660,57845.0,57853.0,58099,58099,False,False,True,3.16,0.8610478359908884,0.343864,45,57938.0,89.0,bidmc-45-w085-0143,85
144,58099,58291.0,58538,True,-0.32581,0.023326,True,58099,58099,58291.0,58291.0,58538,58538,False,False,True,3.536,0.8747152619589977,0.349136,45,58376.0,85.0,bidmc-45-w085-0144,85
145,58538,58818.0,59017,True,-0.35064,0.0075245,True,58538,58538,58817.0,58819.0,59017,59017,False,False,True,4.216,0.8308977035490606,0.3581645,45,58904.0,86.0,bidmc-45-w085-0145,85
146,59017,59296.0,59532,True,-0.33634,0.0,True,59017,59017,59293.0,59299.0,59532,59532,False,False,True,3.824,0.916504854368932,0.33634,45,59384.0,88.0,bidmc-45-w085-0146,85
1,141,313.0,597,True,-0.00048864,1.0,True,141,141,254.0,372.0,546,648,False,False,True,,0.7543859649122807,1.00048864,46,457.0,144.0,bidmc-46-w085-0001,85
2,597,1004.0,1302,True,-0.00048864,1.0,True,546,648,854.0,1154.0,1302,1302,False,False,True,5.528,0.8453900709219858,1.00048864,46,1239.0,235.0,bidmc-46-w085-0002,85
3,1302,1396.0,1410,True,-0.00048864,0.45297,True,1302,1302,1396.0,1396.0,1410,1410,False,False,True,3.136,0.2592592592592593,0.45345863999999997,46,1481.0,85.0,bidmc-46-w085-0003,85
4,1410,1601.0,1806,True,-0.00048864,1.0,True,1410,1410,1534.0,1668.0,1790,1822,False,False,True,1.64,0.9646464646464646,1.00048864,46,1753.0,152.0,bidmc-46-w085-0004,85
5,1806,2205.0,2507,True,-0.00048864,1.0,True,1790,1822,1948.0,2462.0,2467,2547,False,False,True,4.832,0.8616262482168331,1.00048864,46,2547.0,342.0,bidmc-46-w085-0005,85
6,2507,2552.0,2600,True,0.15123,1.0,True,2467,2547,2552.0,2552.0,2563,2637,False,False,True,2.776,0.967741935483871,0.84877,46,2637.0,85.0,bidmc-46-w085-0006,85
7,2600,2675.0,2862,True,-0.00048864,1.0,True,2563,2637,2648.0,2702.0,2816,2908,False,False,True,0.984,0.5725190839694656,1.00048864,46,2787.0,112.0,bidmc-46-w085-0007,85
8,2862,3186.0,3362,True,-0.00048864,0.57195,True,2816,2908,3186.0,3186.0,3362,3362,False,False,True,4.088,0.704,0.57243864,46,3271.0,85.0,bidmc-46-w085-0008,85
9,3362,3462.0,3550,True,-0.00048864,0.54679,True,3362,3362,3462.0,3462.0,3550,3550,False,False,True,2.208,0.9361702127659575,0.54727864,46,3547.0,85.0,bidmc-46-w085-0009,85
10,3550,3575.0,3612,True,0.041779,0.51869,True,3550,3550,3574.0,3576.0,3612,3613,False,False,True,0.904,0.8064516129032258,0.476911,46,3661.0,86.0,bidmc-46-w085-0010,85
11,3612,3803.0,4024,True,-0.00048864,1.0,True,3612,3613,3708.0,3898.0,4008,4040,False,False,True,1.824,0.9271844660194175,1.00048864,46,3983.0,180.0,bidmc-46-w085-0011,85
12,4024,4441.0,4668,True,-0.00048864,1.0,True,4008,4040,4344.0,4538.0,4668,4668,False,False,True,5.104,0.7049689440993789,1.00048864,46,4623.0,182.0,bidmc-46-w085-0012,85
13,4668,4716.0,4792,True,-0.00048864,0.095773,True,4668,4668,4716.0,4716.0,4792,4792,False,False,True,2.2,0.7741935483870968,0.09626164,46,4801.0,85.0,bidmc-46-w085-0013,85
14,4792,4999.0,5178,True,-0.00048864,1.0,True,4792,4792,4916.0,5082.0,5178,5178,False,False,True,2.264,0.927461139896373,1.00048864,46,5167.0,168.0,bidmc-46-w085-0014,85
15,5178,5260.0,5437,True,0.083313,0.87979,True,5178,5178,5260.0,5260.0,5437,5437,False,False,True,2.088,0.6332046332046333,0.796477,46,5345.0,85.0,bidmc-46-w085-0015,85
16,5437,5480.0,5526,True,0.015148,0.39335,True,5437,5437,5480.0,5480.0,5526,5526,False,False,True,1.76,0.9662921348314607,0.378202,46,5565.0,85.0,bidmc-46-w085-0016,85
17,5526,5670.0,5763,True,-0.00048864,0.88419,True,5526,5526,5670.0,5670.0,5763,5763,False,False,True,1.52,0.7848101265822784,0.8846786400000001,46,5755.0,85.0,bidmc-46-w085-0017,85
18,5763,5866.0,5918,True,0.39629,1.0,True,5763,5763,5860.0,5872.0,5879,5957,False,False,True,1.568,0.6709677419354838,0.60371,46,5957.0,91.0,bidmc-46-w085-0018,85
19,5918,6008.0,6144,True,-0.00048864,1.0,True,5879,5957,5964.0,6052.0,6144,6144,False,False,True,1.136,0.7964601769911505,1.00048864,46,6137.0,129.0,bidmc-46-w085-0019,85
20,6144,6238.0,6358,True,-0.00048864,0.96286,True,6144,6144,6238.0,6238.0,6358,6358,False,False,True,1.84,0.8785046728971962,0.9633486400000001,46,6323.0,85.0,bidmc-46-w085-0020,85
21,6358,6506.0,6570,True,0.0058637,0.70731,True,6358,6358,6506.0,6506.0,6570,6570,False,False,True,2.144,0.6037735849056604,0.7014463,46,6591.0,85.0,bidmc-46-w085-0021,85
22,6570,6724.0,6928,True,-0.00048864,1.0,True,6570,6570,6672.0,6776.0,6928,6928,False,False,True,1.744,0.8603351955307262,1.00048864,46,6861.0,137.0,bidmc-46-w085-0022,85
23,6928,7100.0,7200,True,-0.00048864,0.83753,True,6928,6928,7100.0,7100.0,7200,7200,False,False,True,3.008,0.7352941176470589,0.83801864,46,7185.0,85.0,bidmc-46-w085-0023,85
24,7200,7296.0,7389,True,0.34009,0.80235,True,7200,7200,7296.0,7296.0,7389,7389,False,False,True,1.568,0.9841269841269842,0.46226,46,7381.0,85.0,bidmc-46-w085-0024,85
25,7389,7412.0,7599,True,-0.00048864,0.73394,True,7389,7389,7412.0,7412.0,7599,7599,False,False,True,0.928,0.21904761904761905,0.7344286400000001,46,7497.0,85.0,bidmc-46-w085-0025,85
26,7599,7718.0,7823,True,-0.00048864,0.37967,True,7599,7599,7718.0,7718.0,7823,7823,False,False,True,2.448,0.9375,0.38015864,46,7803.0,85.0,bidmc-46-w085-0026,85
27,7823,7922.0,8135,True,-0.00048864,0.39775,True,7823,7823,7922.0,7922.0,8135,8135,False,False,True,1.632,0.6346153846153846,0.39823864,46,8007.0,85.0,bidmc-46-w085-0027,85
28,8135,8506.0,8690,True,-0.00048864,1.0,True,8135,8135,8450.0,8562.0,8690,8690,False,False,True,4.672,0.6630630630630631,1.00048864,46,8647.0,141.0,bidmc-46-w085-0028,85
29,8690,8935.0,9096,True,-0.00048864,1.0,True,8690,8690,8890.0,8980.0,9096,9096,False,False,True,3.432,0.7931034482758621,1.00048864,46,9065.0,130.0,bidmc-46-w085-0029,85
30,9096,9136.0,9188,True,0.0034205,0.14855,True,9096,9096,9136.0,9136.0,9188,9188,False,False,True,1.608,0.8695652173913043,0.1451295,46,9221.0,85.0,bidmc-46-w085-0030,85
31,9188,9395.0,9614,True,-0.00048864,1.0,True,9188,9188,9298.0,9492.0,9614,9614,False,False,True,2.072,0.971830985915493,1.00048864,46,9577.0,182.0,bidmc-46-w085-0031,85
32,9614,9877.0,10125,True,-0.00048864,1.0,True,9614,9614,9744.0,10010.0,10125,10125,False,False,True,3.856,0.9706457925636007,1.00048864,46,10095.0,218.0,bidmc-46-w085-0032,85
33,10125,10269.0,10375,True,-0.00048864,1.0,True,10125,10125,10252.0,10286.0,10375,10375,False,False,True,3.136,0.848,1.00048864,46,10371.0,102.0,bidmc-46-w085-0033,85
34,10375,10466.0,10540,True,-0.00048864,1.0,True,10375,10375,10460.0,10472.0,10523,10557,False,False,True,1.576,0.896969696969697,1.00048864,46,10557.0,91.0,bidmc-46-w085-0034,85
35,10540,10692.0,10883,True,-0.00048864,1.0,True,10523,10557,10608.0,10776.0,10883,10883,False,False,True,1.808,0.8862973760932945,1.00048864,46,10861.0,169.0,bidmc-46-w085-0035,85
36,10883,11050.0,11267,True,-0.00048864,1.0,True,10883,10883,10978.0,11122.0,11260,11274,False,False,True,2.864,0.8697916666666666,1.00048864,46,11207.0,157.0,bidmc-46-w085-0036,85
37,11267,11474.0,11492,True,-0.00048864,0.25434,True,11260,11274,11474.0,11474.0,11492,11492,False,False,True,3.392,0.16000000000000003,0.25482864,46,11559.0,85.0,bidmc-46-w085-0037,85
38,11492,11600.0,11695,True,0.0065966,0.36672,True,11492,11492,11600.0,11600.0,11695,11695,False,False,True,1.008,0.9359605911330049,0.3601234,46,11685.0,85.0,bidmc-46-w085-0038,85
39,11695,11728.0,11908,True,0.16418,0.34351,True,11695,11695,11728.0,11728.0,11908,11908,False,False,True,1.024,0.3098591549295775,0.17933,46,11813.0,85.0,bidmc-46-w085-0039,85
40,11908,12000.0,12114,True,-0.00048864,0.31835,True,11908,11908,12000.0,12000.0,12114,12114,False,False,True,2.176,0.8932038834951457,0.31883864,46,12085.0,85.0,bidmc-46-w085-0040,85
41,12114,12420.0,12598,True,-0.00048864,0.35426,True,12114,12114,12420.0,12420.0,12598,12598,False,False,True,3.36,0.7355371900826446,0.35474864,46,12505.0,85.0,bidmc-46-w085-0041,85
42,12598,12928.0,13119,True,-0.00048864,0.72343,True,12598,12598,12928.0,12928.0,13119,13119,False,False,True,4.064,0.7332053742802302,0.7239186400000001,46,13013.0,85.0,bidmc-46-w085-0042,85
43,13119,13428.0,13589,True,0.0039091,0.79697,True,13119,13119,13428.0,13428.0,13589,13589,False,False,True,4.0,0.6851063829787234,0.7930609,46,13513.0,85.0,bidmc-46-w085-0043,85
44,13589,13896.0,14095,True,0.11165,0.84779,True,13589,13589,13896.0,13896.0,14095,14095,False,False,True,3.744,0.7865612648221344,0.73614,46,13981.0,85.0,bidmc-46-w085-0044,85
45,14095,14383.0,14534,True,-0.00048864,1.0,True,14095,14095,14364.0,14402.0,14534,14535,False,False,True,3.896,0.6879271070615034,1.00048864,46,14487.0,104.0,bidmc-46-w085-0045,85
46,14534,14698.0,14703,True,-0.00048864,0.2409,True,14534,14535,14698.0,14698.0,14703,14703,False,False,True,2.52,0.059171597633136064,0.24138864000000002,46,14783.0,85.0,bidmc-46-w085-0046,85
47,14703,14972.0,15168,True,0.010261,0.90398,True,14703,14703,14972.0,14972.0,15168,15168,False,False,True,2.192,0.843010752688172,0.893719,46,15057.0,85.0,bidmc-46-w085-0047,85
48,15168,15320.0,15357,True,-0.00048864,0.37527,True,15168,15168,15320.0,15320.0,15357,15357,False,False,True,2.784,0.3915343915343915,0.37575864,46,15405.0,85.0,bidmc-46-w085-0048,85
49,15357,15458.0,15509,True,0.27168,0.42292,True,15357,15357,15458.0,15458.0,15509,15509,False,False,True,1.104,0.6710526315789473,0.15124000000000004,46,15543.0,85.0,bidmc-46-w085-0049,85
50,15509,15807.0,15985,True,0.1869,0.79868,True,15509,15509,15806.0,15808.0,15985,15985,False,False,True,2.792,0.7478991596638656,0.61178,46,15893.0,86.0,bidmc-46-w085-0050,85
51,15985,16028.0,16063,True,0.17982,0.42927,True,15985,15985,16028.0,16028.0,16063,16063,False,False,True,1.768,0.8974358974358975,0.24944999999999998,46,16113.0,85.0,bidmc-46-w085-0051,85
52,16063,16226.0,16530,True,0.16687,0.79111,True,16063,16063,16226.0,16226.0,16530,16530,False,False,True,1.584,0.6980728051391862,0.62424,46,16311.0,85.0,bidmc-46-w085-0052,85
53,16530,16692.0,16991,True,-0.00048864,0.62473,True,16530,16530,16692.0,16692.0,16991,16991,False,False,True,3.728,0.702819956616052,0.62521864,46,16777.0,85.0,bidmc-46-w085-0053,85
54,16991,17352.0,17597,True,-0.00048864,1.0,True,16991,16991,17284.0,17420.0,17597,17597,False,False,True,5.28,0.8085808580858086,1.00048864,46,17505.0,153.0,bidmc-46-w085-0054,85
55,17597,17823.0,18038,True,-0.00048864,1.0,True,17597,17597,17786.0,17860.0,18038,18038,False,False,True,3.768,0.9750566893424036,1.00048864,46,17945.0,122.0,bidmc-46-w085-0055,85
56,18038,18216.0,18308,True,0.0,0.93794,True,18038,18038,18216.0,18216.0,18308,18308,False,False,True,3.144,0.6814814814814815,0.93794,46,18301.0,85.0,bidmc-46-w085-0056,85
57,18308,18394.0,18601,True,0.1312,0.87711,True,18308,18308,18394.0,18394.0,18601,18601,False,False,True,1.424,0.5870307167235496,0.74591,46,18479.0,85.0,bidmc-46-w085-0057,85
58,18601,18858.0,19108,True,0.11727,1.0,True,18601,18601,18838.0,18878.0,19108,19108,False,False,True,3.712,0.9861932938856016,0.88273,46,18963.0,105.0,bidmc-46-w085-0058,85
59,19108,19278.0,19328,True,0.13535,0.61544,True,19108,19108,19278.0,19278.0,19328,19328,False,False,True,3.36,0.4545454545454546,0.48009,46,19363.0,85.0,bidmc-46-w085-0059,85
60,19328,19457.0,19586,True,0.27388,1.0,True,19328,19328,19428.0,19486.0,19586,19586,False,False,True,1.432,1.0,0.72612,46,19571.0,114.0,bidmc-46-w085-0060,85
61,19586,19690.0,19871,True,0.2795,0.62521,True,19586,19586,19690.0,19690.0,19871,19871,False,False,True,1.864,0.7298245614035088,0.34571,46,19775.0,85.0,bidmc-46-w085-0061,85
62,19871,19906.0,20121,True,-0.00048864,0.36892,True,19871,19871,19906.0,19906.0,20121,20121,False,False,True,1.728,0.28,0.36940864,46,19991.0,85.0,bidmc-46-w085-0062,85
63,20121,20459.0,20708,True,-0.00048864,1.0,True,20121,20121,20374.0,20544.0,20708,20708,False,False,True,4.424,0.848381601362862,1.00048864,46,20629.0,170.0,bidmc-46-w085-0063,85
64,20708,20832.0,21109,True,0.088688,0.75055,True,20708,20708,20832.0,20832.0,21109,21109,False,False,True,2.984,0.6184538653366584,0.6618620000000001,46,20917.0,85.0,bidmc-46-w085-0064,85
65,21109,21170.0,21199,True,0.089421,0.26851,True,21109,21109,21170.0,21170.0,21199,21199,False,False,True,2.704,0.6444444444444444,0.17908900000000003,46,21255.0,85.0,bidmc-46-w085-0065,85
66,21199,21316.0,21354,True,0.15294,0.56194,True,21199,21199,21316.0,21316.0,21354,21354,False,False,True,1.168,0.4903225806451613,0.40900000000000003,46,21401.0,85.0,bidmc-46-w085-0066,85
67,21354,21446.0,21705,True,-0.00048864,0.60225,True,21354,21354,21446.0,21446.0,21705,21705,False,False,True,1.04,0.5242165242165242,0.60273864,46,21531.0,85.0,bidmc-46-w085-0067,85
68,21705,21888.0,22064,True,-0.00048864,0.72245,True,21705,21705,21888.0,21888.0,22064,22064,False,False,True,3.536,0.9805013927576601,0.7229386400000001,46,21973.0,85.0,bidmc-46-w085-0068,85
69,22064,22222.0,22609,True,-0.00048864,0.94161,True,22064,22064,22222.0,22222.0,22609,22609,False,False,True,2.672,0.5798165137614679,0.94209864,46,22307.0,85.0,bidmc-46-w085-0069,85
70,22609,22841.0,23122,True,-0.00048864,1.0,True,22609,22609,22752.0,22930.0,23028,23216,False,False,True,4.952,0.9044834307992202,1.00048864,46,23015.0,174.0,bidmc-46-w085-0070,85
71,23122,23316.0,23416,True,-0.00048864,0.074273,True,23028,23216,23316.0,23316.0,23410,23422,False,False,True,3.8,0.6802721088435374,0.07476164,46,23401.0,85.0,bidmc-46-w085-0071,85
72,23416,23540.0,23731,True,-0.00048864,0.2536,True,23410,23422,23540.0,23540.0,23660,23802,False,False,True,1.792,0.7873015873015873,0.25408864,46,23625.0,85.0,bidmc-46-w085-0072,85
73,23731,23966.0,24066,True,-0.00048864,0.22111,True,23660,23802,23966.0,23966.0,24066,24066,False,False,True,3.408,0.5970149253731343,0.22159864,46,24051.0,85.0,bidmc-46-w085-0073,85
74,24066,24194.0,24297,True,-0.00048864,0.25727,True,24066,24066,24194.0,24194.0,24297,24297,False,False,True,1.824,0.8917748917748918,0.25775864,46,24279.0,85.0,bidmc-46-w085-0074,85
75,24297,24376.0,24535,True,-0.00048864,0.19546,True,24297,24297,24376.0,24376.0,24504,24566,False,False,True,1.456,0.6638655462184874,0.19594864,46,24461.0,85.0,bidmc-46-w085-0075,85
76,24535,24806.0,24924,True,-0.00048864,0.33203,True,24504,24566,24806.0,24806.0,24924,24924,False,False,True,3.44,0.6066838046272494,0.33251864,46,24891.0,85.0,bidmc-46-w085-0076,85
77,24924,25120.0,25250,True,-0.00048864,0.81823,True,24924,24924,25120.0,25120.0,25250,25250,False,False,True,2.512,0.7975460122699387,0.81871864,46,25205.0,85.0,bidmc-46-w085-0077,85
78,25250,25350.0,25457,True,-0.00048864,0.52309,True,25250,25250,25350.0,25350.0,25457,25457,False,False,True,1.84,0.966183574879227,0.5235786400000001,46,25435.0,85.0,bidmc-46-w085-0078,85
79,25457,25656.0,25759,True,-0.00048864,0.51674,True,25457,25457,25656.0,25656.0,25759,25759,False,False,True,2.448,0.6821192052980132,0.51722864,46,25741.0,85.0,bidmc-46-w085-0079,85
80,25759,25856.0,25909,True,-0.00048864,0.44393,True,25759,25759,25856.0,25856.0,25909,25909,False,False,True,1.6,0.7066666666666667,0.44441864,46,25941.0,85.0,bidmc-46-w085-0080,85
81,25909,26091.0,26329,True,-0.00048864,0.56829,True,25909,25909,26090.0,26092.0,26314,26344,False,False,True,1.88,0.8666666666666667,0.56877864,46,26177.0,86.0,bidmc-46-w085-0081,85
82,26329,26556.0,26651,True,-0.00048864,0.73638,True,26314,26344,26556.0,26556.0,26651,26651,False,False,True,3.72,0.5900621118012422,0.7368686400000001,46,26641.0,85.0,bidmc-46-w085-0082,85
83,26651,26954.0,27222,True,-0.00048864,1.0,True,26651,26651,26838.0,27070.0,27170,27274,False,False,True,3.184,0.9387040280210157,1.00048864,46,27155.0,201.0,bidmc-46-w085-0083,85
84,27222,27541.0,27765,True,-0.00048864,1.0,True,27170,27274,27426.0,27656.0,27762,27768,False,False,True,4.696,0.8250460405156538,1.00048864,46,27741.0,200.0,bidmc-46-w085-0084,85
85,27765,27916.0,28015,True,-0.00048864,0.35866,True,27762,27768,27916.0,27916.0,28015,28015,False,False,True,3.0,0.792,0.35914863999999996,46,28001.0,85.0,bidmc-46-w085-0085,85
86,28015,28060.0,28169,True,-0.00048864,0.2536,True,28015,28015,28060.0,28060.0,28169,28169,False,False,True,1.152,0.5844155844155844,0.25408864,46,28145.0,85.0,bidmc-46-w085-0086,85
87,28169,28272.0,28310,True,-0.00048864,0.42878,True,28169,28169,28272.0,28272.0,28310,28310,False,False,True,1.696,0.5390070921985816,0.42926864,46,28357.0,85.0,bidmc-46-w085-0087,85
88,28310,28418.0,28519,True,0.13828,0.70902,True,28310,28310,28418.0,28418.0,28519,28519,False,False,True,1.168,0.9665071770334929,0.57074,46,28503.0,85.0,bidmc-46-w085-0088,85
89,28519,28680.0,28784,True,0.31859,0.67652,True,28519,28519,28680.0,28680.0,28784,28784,False,False,True,2.096,0.7849056603773585,0.35793,46,28765.0,85.0,bidmc-46-w085-0089,85
90,28784,28822.0,28860,True,0.40093,0.54337,True,28784,28784,28822.0,28822.0,28860,28860,False,False,True,1.136,1.0,0.14244,46,28907.0,85.0,bidmc-46-w085-0090,85
91,28860,28952.0,29050,True,0.1786,0.56658,True,28860,28860,28952.0,28952.0,29050,29050,False,False,True,1.04,0.968421052631579,0.38798,46,29037.0,85.0,bidmc-46-w085-0091,85
92,29050,29182.0,29311,True,-0.00048864,0.89323,True,29050,29050,29182.0,29182.0,29311,29311,False,False,True,1.84,0.9885057471264368,0.89371864,46,29267.0,85.0,bidmc-46-w085-0092,85
93,29311,29461.0,29613,True,-0.00048864,1.0,True,29311,29311,29440.0,29482.0,29613,29613,False,False,True,2.232,0.9933774834437086,1.00048864,46,29567.0,106.0,bidmc-46-w085-0093,85
94,29613,29666.0,29778,True,-0.00048864,0.61617,True,29613,29613,29666.0,29666.0,29778,29778,False,False,True,1.64,0.6424242424242423,0.61665864,46,29751.0,85.0,bidmc-46-w085-0094,85
95,29778,29925.0,30056,True,-0.00048864,1.0,True,29778,29778,29888.0,29962.0,30056,30056,False,False,True,2.072,0.9424460431654677,1.00048864,46,30047.0,122.0,bidmc-46-w085-0095,85
96,30056,30146.0,30171,True,0.441,0.85683,True,30056,30056,30146.0,30146.0,30171,30171,False,False,True,1.768,0.4347826086956522,0.41583,46,30231.0,85.0,bidmc-46-w085-0096,85
97,30171,30356.0,30611,True,-0.00048864,1.0,True,30171,30171,30260.0,30452.0,30611,30611,False,False,True,1.68,0.8409090909090909,1.00048864,46,30537.0,181.0,bidmc-46-w085-0097,85
98,30611,30750.0,30899,True,0.015392,0.52016,True,30611,30611,30750.0,30750.0,30899,30899,False,False,True,3.152,0.9652777777777778,0.504768,46,30835.0,85.0,bidmc-46-w085-0098,85
99,30899,31176.0,31356,True,0.077938,0.80039,True,30899,30899,31176.0,31176.0,31356,31356,False,False,True,3.408,0.787746170678337,0.7224520000000001,46,31261.0,85.0,bidmc-46-w085-0099,85
100,31356,31662.0,31840,True,0.051063,0.85268,True,31356,31356,31662.0,31662.0,31840,31840,False,False,True,3.888,0.7355371900826446,0.801617,46,31747.0,85.0,bidmc-46-w085-0100,85
101,31840,32154.0,32338,True,0.051063,0.54288,True,31840,31840,32154.0,32154.0,32338,32338,False,False,True,3.936,0.7389558232931727,0.49181700000000006,46,32239.0,85.0,bidmc-46-w085-0101,85
102,32338,32658.0,32834,True,0.014903,0.95553,True,32338,32338,32658.0,32658.0,32834,32834,False,False,True,4.032,0.7096774193548387,0.940627,46,32743.0,85.0,bidmc-46-w085-0102,85
103,32834,33089.0,33253,True,-0.00048864,1.0,True,32834,32834,33044.0,33134.0,33253,33253,False,False,True,3.448,0.7828162291169452,1.00048864,46,33219.0,130.0,bidmc-46-w085-0103,85
104,33253,33474.0,33690,True,-0.00048864,1.0,True,33253,33253,33426.0,33522.0,33690,33690,False,False,True,3.08,0.988558352402746,1.00048864,46,33607.0,133.0,bidmc-46-w085-0104,85
105,33690,33913.0,34121,True,-0.00048864,1.0,True,33690,33690,33796.0,34030.0,34121,34121,False,False,True,3.512,0.9651972157772621,1.00048864,46,34115.0,202.0,bidmc-46-w085-0105,85
106,34121,34394.0,34716,True,-0.00048864,1.0,True,34121,34121,34212.0,34576.0,34716,34716,False,False,True,3.848,0.9176470588235294,1.00048864,46,34661.0,267.0,bidmc-46-w085-0106,85
107,34716,34959.0,35192,True,-0.00048864,1.0,True,34716,34716,34898.0,35020.0,35192,35192,False,False,True,4.52,0.9789915966386554,1.00048864,46,35105.0,146.0,bidmc-46-w085-0107,85
108,35192,35455.0,35702,True,0.015392,1.0,True,35192,35192,35384.0,35526.0,35702,35702,False,False,True,3.968,0.9686274509803922,0.984608,46,35611.0,156.0,bidmc-46-w085-0108,85
109,35702,35989.0,36194,True,0.060591,1.0,True,35702,35702,35942.0,36036.0,36194,36194,False,False,True,4.272,0.8333333333333334,0.939409,46,36121.0,132.0,bidmc-46-w085-0109,85
110,36194,36446.0,36651,True,-0.00048864,1.0,True,36194,36194,36376.0,36516.0,36651,36651,False,False,True,3.656,0.8971553610503282,1.00048864,46,36601.0,155.0,bidmc-46-w085-0110,85
111,36651,36876.0,36964,True,-0.00048864,0.78524,True,36651,36651,36876.0,36876.0,36964,36964,False,False,True,3.44,0.5623003194888179,0.7857286400000001,46,36961.0,85.0,bidmc-46-w085-0111,85
112,36964,37066.0,37249,True,-0.00048864,0.98241,True,36964,36964,37066.0,37066.0,37249,37249,False,False,True,1.52,0.7157894736842105,0.98289864,46,37151.0,85.0,bidmc-46-w085-0112,85
113,37249,37505.0,37765,True,0.021989,1.0,True,37249,37249,37418.0,37592.0,37765,37765,False,False,True,3.512,0.9922480620155039,0.978011,46,37677.0,172.0,bidmc-46-w085-0113,85
114,37765,38038.0,38242,True,0.029807,1.0,True,37765,37765,37974.0,38102.0,38242,38242,False,False,True,4.264,0.8553459119496856,0.970193,46,38187.0,149.0,bidmc-46-w085-0114,85
115,38242,38474.0,38689,True,0.027852,1.0,True,38242,38242,38466.0,38482.0,38689,38689,False,False,True,3.488,0.9619686800894854,0.972148,46,38567.0,93.0,bidmc-46-w085-0115,85
116,38689,38974.0,39221,True,0.046421,0.98192,True,38689,38689,38974.0,38974.0,39221,39221,False,False,True,4.0,0.9285714285714286,0.935499,46,39059.0,85.0,bidmc-46-w085-0116,85
117,39221,39547.0,39671,True,-0.00048864,0.97655,True,39221,39221,39546.0,39548.0,39671,39671,False,False,True,4.584,0.5511111111111111,0.9770386400000001,46,39633.0,86.0,bidmc-46-w085-0117,85
118,39671,39840.0,39980,True,-0.00048864,0.88712,True,39671,39671,39840.0,39840.0,39980,39980,False,False,True,2.344,0.9061488673139159,0.8876086400000001,46,39925.0,85.0,bidmc-46-w085-0118,85
119,39980,40194.0,40455,True,-0.00048864,1.0,True,39980,39980,40106.0,40282.0,40455,40455,False,False,True,2.832,0.9010526315789473,1.00048864,46,40367.0,173.0,bidmc-46-w085-0119,85
120,40455,40596.0,40661,True,-0.00048864,0.81627,True,40455,40455,40596.0,40596.0,40661,40661,False,False,True,3.216,0.6310679611650485,0.8167586400000001,46,40681.0,85.0,bidmc-46-w085-0120,85
121,40661,40800.0,40920,True,-0.00048864,1.0,True,40661,40661,40750.0,40850.0,40905,40935,False,False,True,1.632,0.9266409266409267,1.00048864,46,40935.0,135.0,bidmc-46-w085-0121,85
122,40920,41233.0,41611,True,-0.00048864,1.0,True,40905,40935,40990.0,41476.0,41611,41611,False,False,True,3.464,0.9059334298118669,1.00048864,46,41561.0,328.0,bidmc-46-w085-0122,85
123,41611,41614.0,41646,True,0.21989,0.4195,True,41611,41611,41614.0,41614.0,41646,41646,False,False,True,3.048,0.17142857142857137,0.19960999999999998,46,41699.0,85.0,bidmc-46-w085-0123,85
124,41646,41902.0,42020,True,-0.00048864,0.7205,True,41646,41646,41902.0,41902.0,42020,42020,False,False,True,2.304,0.6310160427807487,0.7209886400000001,46,41987.0,85.0,bidmc-46-w085-0124,85
125,42020,42314.0,42631,True,-0.00048864,1.0,True,42020,42020,42122.0,42506.0,42631,42631,False,False,True,3.296,0.9623567921440261,1.00048864,46,42591.0,277.0,bidmc-46-w085-0125,85
126,42631,42891.0,43347,True,-0.00048864,1.0,True,42631,42631,42726.0,43056.0,43347,43347,False,False,True,4.616,0.7262569832402235,1.00048864,46,43141.0,250.0,bidmc-46-w085-0126,85
127,43347,43394.0,43567,True,0.006108,0.61129,True,43347,43347,43394.0,43394.0,43567,43567,False,False,True,4.024,0.42727272727272725,0.605182,46,43479.0,85.0,bidmc-46-w085-0127,85
128,43567,43880.0,44039,True,-0.00048864,0.85536,True,43567,43567,43880.0,43880.0,44039,44039,False,False,True,3.888,0.673728813559322,0.85584864,46,43965.0,85.0,bidmc-46-w085-0128,85
129,44039,44375.0,44552,True,-0.00048864,1.0,True,44039,44039,44368.0,44382.0,44552,44552,False,False,True,3.96,0.6900584795321638,1.00048864,46,44467.0,92.0,bidmc-46-w085-0129,85
130,44552,44815.0,45044,True,-0.00048864,1.0,True,44552,44552,44728.0,44902.0,45044,45044,False,False,True,3.52,0.9308943089430894,1.00048864,46,44987.0,172.0,bidmc-46-w085-0130,85
131,45044,45370.0,45500,True,-0.00048864,0.98485,True,45044,45044,45370.0,45370.0,45500,45500,False,False,True,4.44,0.5701754385964912,0.98533864,46,45455.0,85.0,bidmc-46-w085-0131,85
132,45500,45800.0,45985,True,-0.00048864,1.0,True,45500,45500,45722.0,45878.0,45985,45985,False,False,True,3.44,0.7628865979381443,1.00048864,46,45963.0,163.0,bidmc-46-w085-0132,85
133,45985,46220.0,46424,True,-0.00048864,1.0,True,45985,45985,46166.0,46274.0,46424,46424,False,False,True,3.36,0.929384965831435,1.00048864,46,46359.0,139.0,bidmc-46-w085-0133,85
134,46424,46695.0,46918,True,-0.00048864,1.0,True,46424,46424,46622.0,46768.0,46918,46918,False,False,True,3.8,0.902834008097166,1.00048864,46,46853.0,158.0,bidmc-46-w085-0134,85
135,46918,47206.0,47426,True,0.087955,1.0,True,46918,46918,47130.0,47282.0,47426,47426,False,False,True,4.088,0.8661417322834646,0.912045,46,47367.0,161.0,bidmc-46-w085-0135,85
136,47426,47701.0,47926,True,0.074762,1.0,True,47426,47426,47620.0,47782.0,47926,47926,False,False,True,3.96,0.9,0.925238,46,47867.0,166.0,bidmc-46-w085-0136,85
137,47926,48206.0,48386,True,0.0051307,0.87931,True,47926,47926,48206.0,48206.0,48386,48386,False,False,True,4.04,0.782608695652174,0.8741793,46,48291.0,85.0,bidmc-46-w085-0137,85
138,48386,48702.0,48875,True,-0.00048864,0.96164,True,48386,48386,48702.0,48702.0,48875,48875,False,False,True,3.968,0.7075664621676891,0.9621286400000001,46,48787.0,85.0,bidmc-46-w085-0138,85
139,48875,49196.0,49328,True,-0.00048864,1.0,True,48875,48875,49186.0,49206.0,49328,49328,False,False,True,3.952,0.5827814569536424,1.00048864,46,49291.0,95.0,bidmc-46-w085-0139,85
140,49328,49600.0,49797,True,-0.00048864,1.0,True,49328,49328,49542.0,49658.0,49797,49797,False,False,True,3.232,0.8400852878464818,1.00048864,46,49743.0,143.0,bidmc-46-w085-0140,85
141,49797,50025.0,50196,True,-0.00048864,1.0,True,49797,49797,49984.0,50066.0,50196,50196,False,False,True,3.4,0.8571428571428572,1.00048864,46,50151.0,126.0,bidmc-46-w085-0141,85
142,50196,50238.0,50263,True,-0.00048864,0.24456,True,50196,50196,50238.0,50238.0,50263,50263,False,False,True,1.704,0.7462686567164178,0.24504864,46,50323.0,85.0,bidmc-46-w085-0142,85
143,50263,50546.0,50774,True,-0.00048864,1.0,True,50263,50263,50462.0,50630.0,50774,50774,False,False,True,2.464,0.8923679060665362,1.00048864,46,50715.0,169.0,bidmc-46-w085-0143,85
144,50774,51011.0,51296,True,0.13828,1.0,True,50774,50774,50912.0,51110.0,51296,51296,False,False,True,3.72,0.9080459770114943,0.86172,46,51195.0,184.0,bidmc-46-w085-0144,85
145,51296,51532.0,51761,True,-0.00048864,0.86269,True,51296,51296,51532.0,51532.0,51761,51761,False,False,True,4.168,0.9849462365591398,0.86317864,46,51617.0,85.0,bidmc-46-w085-0145,85
146,51761,52028.0,52231,True,0.063034,0.9636,True,51761,51761,52028.0,52028.0,52231,52231,False,False,True,3.968,0.8638297872340426,0.900566,46,52113.0,85.0,bidmc-46-w085-0146,85
147,52231,52528.0,52754,True,0.039091,0.9636,True,52231,52231,52528.0,52528.0,52754,52754,False,False,True,4.0,0.864244741873805,0.924509,46,52613.0,85.0,bidmc-46-w085-0147,85
148,52754,53068.0,53268,True,-0.00048864,1.0,True,52754,52754,53022.0,53114.0,53268,53268,False,False,True,4.32,0.7782101167315175,1.00048864,46,53199.0,131.0,bidmc-46-w085-0148,85
149,53268,53593.0,53758,True,-0.00048864,1.0,True,53268,53268,53574.0,53612.0,53758,53758,False,False,True,4.2,0.6734693877551021,1.00048864,46,53697.0,104.0,bidmc-46-w085-0149,85
150,53758,54048.0,54218,True,-0.00048864,1.0,True,53758,53758,54018.0,54078.0,54218,54218,False,False,True,3.64,0.7391304347826086,1.00048864,46,54163.0,115.0,bidmc-46-w085-0150,85
151,54218,54532.0,54706,True,0.0075739,1.0,True,54218,54218,54512.0,54552.0,54706,54706,False,False,True,3.872,0.7131147540983607,0.9924261,46,54637.0,105.0,bidmc-46-w085-0151,85
152,54706,55018.0,55192,True,-0.00048864,1.0,True,54706,54706,54998.0,55038.0,55192,55192,False,False,True,3.888,0.7160493827160495,1.00048864,46,55123.0,105.0,bidmc-46-w085-0152,85
153,55192,55455.0,55658,True,-0.00048864,0.9912,True,55192,55192,55454.0,55456.0,55658,55658,False,False,True,3.496,0.8712446351931331,0.99168864,46,55541.0,86.0,bidmc-46-w085-0153,85
154,55658,55946.0,56093,True,0.013926,0.90496,True,55658,55658,55946.0,55946.0,56093,56093,False,False,True,3.928,0.6758620689655173,0.891034,46,56031.0,85.0,bidmc-46-w085-0154,85
155,56093,56370.0,56558,True,-0.00048864,0.88664,True,56093,56093,56370.0,56370.0,56558,56558,False,False,True,3.392,0.8086021505376344,0.88712864,46,56455.0,85.0,bidmc-46-w085-0155,85
156,56558,56821.0,57056,True,-0.00048864,1.0,True,56558,56558,56774.0,56868.0,57056,57056,False,False,True,3.608,0.9437751004016064,1.00048864,46,56953.0,132.0,bidmc-46-w085-0156,85
157,57056,57350.0,57614,True,-0.00048864,1.0,True,57056,57056,57260.0,57440.0,57614,57614,False,False,True,4.232,0.946236559139785,1.00048864,46,57525.0,175.0,bidmc-46-w085-0157,85
158,57614,57918.0,58118,True,0.15661,0.92695,True,57614,57614,57918.0,57918.0,58118,58118,False,False,True,4.544,0.7936507936507937,0.77034,46,58003.0,85.0,bidmc-46-w085-0158,85
159,58118,58414.0,58604,True,0.09504,0.75397,True,58118,58118,58414.0,58414.0,58604,58604,False,False,True,3.968,0.7818930041152263,0.65893,46,58499.0,85.0,bidmc-46-w085-0159,85
160,58604,58912.0,59110,True,0.024432,0.85805,True,58604,58604,58912.0,58912.0,59110,59110,False,False,True,3.984,0.782608695652174,0.833618,46,58997.0,85.0,bidmc-46-w085-0160,85
161,59110,59413.0,59590,True,-0.00048864,0.85145,True,59110,59110,59412.0,59414.0,59590,59590,False,False,True,4.008,0.7375,0.8519386400000001,46,59499.0,86.0,bidmc-46-w085-0161,85
1,83,137.0,306,True,-0.23763,0.64569,True,83,83,137.0,137.0,306,306,False,False,True,,0.48430493273542596,0.88332,47,222.0,85.0,bidmc-47-w085-0001,85
2,306,478.0,645,True,-0.30727,0.65363,True,306,306,477.0,479.0,645,645,False,False,True,2.728,0.9852507374631269,0.9609000000000001,47,564.0,86.0,bidmc-47-w085-0002,85
3,645,817.0,982,True,-0.28528,0.45021,True,645,645,817.0,817.0,982,982,False,False,True,2.712,0.9792284866468842,0.73549,47,902.0,85.0,bidmc-47-w085-0003,85
4,982,1135.0,1326,True,-0.27428,0.59316,True,982,982,1135.0,1135.0,1326,1326,False,False,True,2.544,0.8895348837209303,0.86744,47,1220.0,85.0,bidmc-47-w085-0004,85
5,1326,1493.0,1670,True,-0.24191,0.70189,True,1326,1326,1493.0,1493.0,1670,1670,False,False,True,2.864,0.9709302325581395,0.9438,47,1578.0,85.0,bidmc-47-w085-0005,85
6,1670,1839.0,2011,True,-0.26268,0.66524,True,1670,1670,1839.0,1839.0,2011,2011,False,False,True,2.768,0.9912023460410557,0.9279200000000001,47,1924.0,85.0,bidmc-47-w085-0006,85
7,2011,2184.0,2348,True,-0.28161,0.64936,True,2011,2011,2183.0,2185.0,2348,2348,False,False,True,2.76,0.973293768545994,0.9309700000000001,47,2270.0,86.0,bidmc-47-w085-0007,85
8,2348,2527.0,2696,True,-0.24496,0.69578,True,2348,2348,2527.0,2527.0,2696,2696,False,False,True,2.744,0.9712643678160919,0.9407399999999999,47,2612.0,85.0,bidmc-47-w085-0008,85
9,2696,2842.0,3032,True,-0.27367,0.59438,True,2696,2696,2841.0,2843.0,3032,3032,False,False,True,2.52,0.8690476190476191,0.86805,47,2928.0,86.0,bidmc-47-w085-0009,85
10,3032,3193.0,3369,True,-0.27856,0.6182,True,3032,3032,3193.0,3193.0,3369,3369,False,False,True,2.808,0.9554896142433235,0.89676,47,3278.0,85.0,bidmc-47-w085-0010,85
11,3369,3546.0,3713,True,-0.27245,0.69029,True,3369,3369,3545.0,3547.0,3713,3713,False,False,True,2.824,0.9709302325581395,0.9627399999999999,47,3632.0,86.0,bidmc-47-w085-0011,85
12,3713,3888.0,4059,True,-0.21686,0.76481,True,3713,3713,3887.0,3889.0,4059,4059,False,False,True,2.736,0.9884393063583815,0.98167,47,3974.0,86.0,bidmc-47-w085-0012,85
13,4059,4199.0,4394,True,-0.28345,0.61026,True,4059,4059,4199.0,4199.0,4394,4394,False,False,True,2.488,0.835820895522388,0.89371,47,4284.0,85.0,bidmc-47-w085-0013,85
14,4394,4557.0,4731,True,-0.2865,0.63164,True,4394,4394,4557.0,4557.0,4731,4731,False,False,True,2.864,0.9673590504451038,0.91814,47,4642.0,85.0,bidmc-47-w085-0014,85
15,4731,4907.0,5075,True,-0.38241,0.55467,True,4731,4731,4907.0,4907.0,5075,5075,False,False,True,2.8,0.9767441860465116,0.93708,47,4992.0,85.0,bidmc-47-w085-0015,85
16,5075,5283.0,5437,True,-0.48381,0.88027,True,5075,5075,5283.0,5283.0,5437,5437,False,False,True,3.008,0.850828729281768,1.36408,47,5368.0,85.0,bidmc-47-w085-0016,85
17,5437,5447.0,5456,True,-0.35431,-0.31216,True,5437,5437,5447.0,5447.0,5456,5456,False,False,True,1.312,0.9473684210526316,0.04215000000000002,47,5532.0,85.0,bidmc-47-w085-0017,85
18,5456,5603.0,5750,True,-0.55895,0.62309,True,5456,5456,5603.0,5603.0,5750,5750,False,False,True,1.248,1.0,1.18204,47,5688.0,85.0,bidmc-47-w085-0018,85
19,5750,5795.0,5800,True,-0.34087,0.20159,True,5750,5750,5795.0,5795.0,5800,5800,False,False,True,1.536,0.19999999999999996,0.5424599999999999,47,5880.0,85.0,bidmc-47-w085-0019,85
20,5800,5961.0,6070,True,-0.36469,0.98473,True,5800,5800,5961.0,5961.0,6070,6070,False,False,True,1.328,0.8074074074074074,1.34942,47,6046.0,85.0,bidmc-47-w085-0020,85
21,6070,6265.0,6370,True,-0.32865,0.7978,True,6070,6070,6265.0,6265.0,6370,6370,False,False,True,2.432,0.7,1.12645,47,6350.0,85.0,bidmc-47-w085-0021,85
22,6370,6445.0,6590,True,-0.089188,0.44594,True,6370,6370,6445.0,6445.0,6590,6590,False,False,True,1.44,0.6818181818181819,0.535128,47,6530.0,85.0,bidmc-47-w085-0022,85
23,6590,6771.0,6958,True,-0.18754,0.90409,True,6590,6590,6771.0,6771.0,6958,6958,False,False,True,2.608,0.9836956521739131,1.0916299999999999,47,6856.0,85.0,bidmc-47-w085-0023,85
24,6958,7119.0,7299,True,-0.2358,0.66463,True,6958,6958,7119.0,7119.0,7299,7299,False,False,True,2.784,0.9442815249266863,0.9004300000000001,47,7204.0,85.0,bidmc-47-w085-0024,85
25,7299,7461.0,7638,True,-0.24374,0.63531,True,7299,7299,7461.0,7461.0,7638,7638,False,False,True,2.736,0.9557522123893806,0.8790500000000001,47,7546.0,85.0,bidmc-47-w085-0025,85
26,7638,7803.0,7979,True,-0.23458,0.66463,True,7638,7638,7803.0,7803.0,7979,7979,False,False,True,2.736,0.967741935483871,0.8992100000000001,47,7888.0,85.0,bidmc-47-w085-0026,85
27,7979,8147.0,8320,True,-0.22297,0.67746,True,7979,7979,8147.0,8147.0,8320,8320,False,False,True,2.752,0.9853372434017595,0.90043,47,8232.0,85.0,bidmc-47-w085-0027,85
28,8320,8489.0,8658,True,-0.21686,0.65791,True,8320,8320,8489.0,8489.0,8658,8658,False,False,True,2.736,1.0,0.87477,47,8574.0,85.0,bidmc-47-w085-0028,85
29,8658,8835.0,9001,True,-0.23152,0.68357,True,8658,8658,8835.0,8835.0,9001,9001,False,False,True,2.768,0.967930029154519,0.91509,47,8920.0,85.0,bidmc-47-w085-0029,85
30,9001,9176.0,9346,True,-0.22297,0.70373,True,9001,9001,9175.0,9177.0,9346,9346,False,False,True,2.728,0.9855072463768116,0.9267,47,9262.0,86.0,bidmc-47-w085-0030,85
31,9346,9517.0,9682,True,-0.26817,0.59499,True,9346,9346,9517.0,9517.0,9682,9682,False,False,True,2.728,0.9821428571428571,0.86316,47,9602.0,85.0,bidmc-47-w085-0031,85
32,9682,9861.0,10020,True,-0.24068,0.52779,True,9682,9682,9861.0,9861.0,10020,10020,False,False,True,2.752,0.9408284023668639,0.76847,47,9946.0,85.0,bidmc-47-w085-0032,85
33,10020,10187.0,10362,True,-0.22786,0.68845,True,10020,10020,10187.0,10187.0,10362,10362,False,False,True,2.608,0.9766081871345029,0.91631,47,10272.0,85.0,bidmc-47-w085-0033,85
34,10362,10537.0,10706,True,-0.21991,0.74282,True,10362,10362,10537.0,10537.0,10706,10706,False,False,True,2.8,0.9825581395348837,0.9627300000000001,47,10622.0,85.0,bidmc-47-w085-0034,85
35,10706,10879.0,11046,True,-0.26573,0.69151,True,10706,10706,10879.0,10879.0,11046,11046,False,False,True,2.736,0.9823529411764705,0.95724,47,10964.0,85.0,bidmc-47-w085-0035,85
36,11046,11186.0,11381,True,-0.45877,0.55895,True,11046,11046,11185.0,11187.0,11381,11381,False,False,True,2.456,0.835820895522388,1.01772,47,11272.0,86.0,bidmc-47-w085-0036,85
37,11381,11535.0,11767,True,-0.75137,0.59499,True,11381,11381,11535.0,11535.0,11767,11767,False,False,True,2.792,0.7979274611398963,1.34636,47,11620.0,85.0,bidmc-47-w085-0037,85
38,11767,11809.0,11863,True,-0.438,-0.10018,True,11767,11767,11809.0,11809.0,11863,11863,False,False,True,2.192,0.875,0.33782,47,11894.0,85.0,bidmc-47-w085-0038,85
39,11863,12053.0,12266,True,-0.47404,0.93952,True,11863,11863,12053.0,12053.0,12266,12266,False,False,True,1.952,0.9429280397022333,1.41356,47,12138.0,85.0,bidmc-47-w085-0039,85
40,12266,12357.0,12414,True,-0.42883,0.39646,True,12266,12266,12357.0,12357.0,12414,12414,False,False,True,2.432,0.7702702702702703,0.82529,47,12442.0,85.0,bidmc-47-w085-0040,85
41,12414,12575.0,12745,True,-0.50458,1.1173,True,12414,12414,12575.0,12575.0,12745,12745,False,False,True,1.744,0.972809667673716,1.62188,47,12660.0,85.0,bidmc-47-w085-0041,85
42,12745,12933.0,13044,True,-0.45877,1.0605,True,12745,12745,12933.0,12933.0,13044,13044,False,False,True,2.864,0.7424749163879598,1.5192700000000001,47,13018.0,85.0,bidmc-47-w085-0042,85
43,13044,13157.0,13325,True,-0.33903,0.854,True,13044,13044,13157.0,13157.0,13325,13325,False,False,True,1.792,0.8042704626334519,1.19303,47,13242.0,85.0,bidmc-47-w085-0043,85
44,13325,13492.0,13673,True,-0.21869,1.0929,True,13325,13325,13491.0,13493.0,13673,13673,False,False,True,2.68,0.9597701149425287,1.31159,47,13578.0,86.0,bidmc-47-w085-0044,85
45,13673,13835.0,14012,True,-0.27245,0.93036,True,13673,13673,13835.0,13835.0,14012,14012,False,False,True,2.744,0.9557522123893806,1.20281,47,13920.0,85.0,bidmc-47-w085-0045,85
46,14012,14177.0,14345,True,-0.31277,0.84362,True,14012,14012,14177.0,14177.0,14345,14345,False,False,True,2.736,0.990990990990991,1.15639,47,14262.0,85.0,bidmc-47-w085-0046,85
47,14345,14523.0,14690,True,-0.29811,0.9719,True,14345,14345,14523.0,14523.0,14690,14690,False,False,True,2.768,0.9681159420289855,1.27001,47,14608.0,85.0,bidmc-47-w085-0047,85
48,14690,14865.0,15038,True,-0.21014,1.0843,True,14690,14690,14865.0,14865.0,15038,15038,False,False,True,2.736,0.9942528735632183,1.29444,47,14950.0,85.0,bidmc-47-w085-0048,85
49,15038,15207.0,15371,True,-0.31582,0.93891,True,15038,15038,15207.0,15207.0,15371,15371,False,False,True,2.736,0.984984984984985,1.25473,47,15292.0,85.0,bidmc-47-w085-0049,85
50,15371,15549.0,15710,True,-0.29383,0.87049,True,15371,15371,15549.0,15549.0,15710,15710,False,False,True,2.736,0.9498525073746312,1.16432,47,15634.0,85.0,bidmc-47-w085-0050,85
51,15710,15879.0,16058,True,-0.29566,0.99756,True,15710,15710,15879.0,15879.0,16058,16058,False,False,True,2.64,0.9712643678160919,1.29322,47,15964.0,85.0,bidmc-47-w085-0051,85
52,16058,16223.0,16397,True,-0.23824,1.0305,True,16058,16058,16223.0,16223.0,16397,16397,False,False,True,2.752,0.9734513274336283,1.26874,47,16308.0,85.0,bidmc-47-w085-0052,85
53,16397,16569.0,16733,True,-0.32743,0.94563,True,16397,16397,16569.0,16569.0,16733,16733,False,False,True,2.768,0.9761904761904762,1.27306,47,16654.0,85.0,bidmc-47-w085-0053,85
54,16733,16910.0,17080,True,-0.3036,0.98595,True,16733,16733,16909.0,16911.0,17080,17081,False,False,True,2.728,0.9798270893371758,1.28955,47,16996.0,86.0,bidmc-47-w085-0054,85
55,17080,17253.0,17423,True,-0.27734,0.93952,True,17080,17081,17253.0,17253.0,17423,17423,False,False,True,2.744,0.9912536443148688,1.21686,47,17338.0,85.0,bidmc-47-w085-0055,85
56,17423,17585.0,17758,True,-0.27978,0.92853,True,17423,17423,17585.0,17585.0,17758,17758,False,False,True,2.656,0.9671641791044776,1.20831,47,17670.0,85.0,bidmc-47-w085-0056,85
57,17758,17931.0,18102,True,-0.27734,1.0434,True,17758,17758,17931.0,17931.0,18102,18102,False,False,True,2.768,0.9941860465116279,1.32074,47,18016.0,85.0,bidmc-47-w085-0057,85
58,18102,18273.0,18444,True,-0.27734,1.0189,True,18102,18102,18273.0,18273.0,18444,18444,False,False,True,2.736,1.0,1.2962399999999998,47,18358.0,85.0,bidmc-47-w085-0058,85
59,18444,18617.0,18781,True,-0.33293,0.92486,True,18444,18444,18617.0,18617.0,18781,18781,False,False,True,2.752,0.973293768545994,1.25779,47,18702.0,85.0,bidmc-47-w085-0059,85
60,18781,18957.0,19119,True,-0.31949,0.83995,True,18781,18781,18957.0,18957.0,19119,19119,False,False,True,2.72,0.9585798816568047,1.15944,47,19042.0,85.0,bidmc-47-w085-0060,85
61,19119,19289.0,19464,True,-0.27734,0.99206,True,19119,19119,19289.0,19289.0,19464,19464,False,False,True,2.656,0.9855072463768116,1.2694,47,19374.0,85.0,bidmc-47-w085-0061,85
62,19464,19635.0,19809,True,-0.23458,1.1002,True,19464,19464,19635.0,19635.0,19809,19809,False,False,True,2.768,0.991304347826087,1.33478,47,19720.0,85.0,bidmc-47-w085-0062,85
63,19809,19977.0,20143,True,-0.3372,0.9719,True,19809,19809,19977.0,19977.0,20143,20143,False,False,True,2.736,0.9940119760479041,1.3091,47,20062.0,85.0,bidmc-47-w085-0063,85
64,20143,20321.0,20486,True,-0.30666,0.92425,True,20143,20143,20321.0,20321.0,20486,20486,False,False,True,2.752,0.9620991253644315,1.23091,47,20406.0,85.0,bidmc-47-w085-0064,85
65,20486,20657.0,20830,True,-0.29322,0.95846,True,20486,20486,20657.0,20657.0,20830,20830,False,False,True,2.688,0.9941860465116279,1.25168,47,20742.0,85.0,bidmc-47-w085-0065,85
66,20830,20995.0,21169,True,-0.24985,1.0171,True,20830,20830,20995.0,20995.0,21169,21169,False,False,True,2.704,0.9734513274336283,1.2669499999999998,47,21080.0,85.0,bidmc-47-w085-0066,85
67,21169,21341.0,21507,True,-0.29688,0.97312,True,21169,21169,21341.0,21341.0,21507,21507,False,False,True,2.768,0.9822485207100592,1.27,47,21426.0,85.0,bidmc-47-w085-0067,85
68,21507,21684.0,21862,True,-0.28345,0.99084,True,21507,21507,21683.0,21685.0,21862,21862,False,False,True,2.744,0.9971830985915493,1.2742900000000001,47,21770.0,86.0,bidmc-47-w085-0068,85
69,21862,22027.0,22190,True,-0.29078,0.89188,True,21862,21862,22027.0,22027.0,22190,22190,False,False,True,2.744,0.9939024390243902,1.18266,47,22112.0,85.0,bidmc-47-w085-0069,85
70,22190,22355.0,22532,True,-0.2975,0.854,True,22190,22190,22355.0,22355.0,22532,22532,False,False,True,2.624,0.9649122807017544,1.1515,47,22440.0,85.0,bidmc-47-w085-0070,85
71,22532,22701.0,22866,True,-0.29139,0.8595,True,22532,22532,22701.0,22701.0,22866,22866,False,False,True,2.768,0.9880239520958084,1.15089,47,22786.0,85.0,bidmc-47-w085-0071,85
72,22866,23045.0,23214,True,-0.29261,1.0122,True,22866,22866,23045.0,23045.0,23214,23214,False,False,True,2.752,0.9712643678160919,1.30481,47,23130.0,85.0,bidmc-47-w085-0072,85
73,23214,23387.0,23554,True,-0.32682,0.96823,True,23214,23214,23387.0,23387.0,23554,23554,False,False,True,2.736,0.9823529411764705,1.29505,47,23472.0,85.0,bidmc-47-w085-0073,85
74,23554,23729.0,23890,True,-0.33965,0.83812,True,23554,23554,23729.0,23729.0,23890,23890,False,False,True,2.736,0.9583333333333334,1.17777,47,23814.0,85.0,bidmc-47-w085-0074,85
75,23890,24059.0,24235,True,-0.34087,0.84667,True,23890,23890,24059.0,24059.0,24235,24235,False,False,True,2.64,0.9797101449275363,1.18754,47,24144.0,85.0,bidmc-47-w085-0075,85
76,24235,24405.0,24580,True,-0.28039,1.0269,True,24235,24235,24405.0,24405.0,24580,24580,False,False,True,2.768,0.9855072463768116,1.3072899999999998,47,24490.0,85.0,bidmc-47-w085-0076,85
77,24580,24749.0,24920,True,-0.25962,1.0428,True,24580,24580,24749.0,24749.0,24920,24920,False,False,True,2.752,0.9941176470588236,1.30242,47,24834.0,85.0,bidmc-47-w085-0077,85
78,24920,25091.0,25260,True,-0.3091,0.94441,True,24920,24920,25091.0,25091.0,25260,25260,False,False,True,2.736,0.9941176470588236,1.25351,47,25176.0,85.0,bidmc-47-w085-0078,85
79,25260,25437.0,25607,True,-0.28955,0.96396,True,25260,25260,25437.0,25437.0,25607,25607,False,False,True,2.768,0.9798270893371758,1.25351,47,25522.0,85.0,bidmc-47-w085-0079,85
80,25607,25762.0,25940,True,-0.28161,0.81735,True,25607,25607,25761.0,25763.0,25940,25940,False,False,True,2.6,0.9309309309309309,1.09896,47,25848.0,86.0,bidmc-47-w085-0080,85
81,25940,26107.0,26281,True,-0.27856,0.89065,True,25940,25940,26107.0,26107.0,26281,26281,False,False,True,2.76,0.9794721407624634,1.16921,47,26192.0,85.0,bidmc-47-w085-0081,85
82,26281,26455.0,26625,True,-0.29566,0.89004,True,26281,26281,26455.0,26455.0,26625,26625,False,False,True,2.784,0.9883720930232558,1.1857,47,26540.0,85.0,bidmc-47-w085-0082,85
83,26625,26797.0,26967,True,-0.26329,0.93097,True,26625,26625,26797.0,26797.0,26967,26967,False,False,True,2.736,0.9941520467836258,1.1942599999999999,47,26882.0,85.0,bidmc-47-w085-0083,85
84,26967,27139.0,27307,True,-0.32071,0.89493,True,26967,26967,27139.0,27139.0,27307,27307,False,False,True,2.736,0.9882352941176471,1.21564,47,27224.0,85.0,bidmc-47-w085-0084,85
85,27307,27467.0,27641,True,-0.31582,0.80819,True,27307,27307,27467.0,27467.0,27641,27641,False,False,True,2.624,0.9580838323353293,1.12401,47,27552.0,85.0,bidmc-47-w085-0085,85
86,27641,27813.0,27987,True,-0.29444,0.96946,True,27641,27641,27813.0,27813.0,27987,27987,False,False,True,2.768,0.9942196531791907,1.2639,47,27898.0,85.0,bidmc-47-w085-0086,85
87,27987,28159.0,28330,True,-0.24252,1.0312,True,27987,27987,28159.0,28159.0,28330,28330,False,False,True,2.768,0.9970845481049563,1.27372,47,28244.0,85.0,bidmc-47-w085-0087,85
88,28330,28501.0,28678,True,-0.27001,0.95785,True,28330,28330,28501.0,28501.0,28678,28678,False,False,True,2.736,0.9827586206896551,1.22786,47,28586.0,85.0,bidmc-47-w085-0088,85
89,28678,28845.0,29014,True,-0.31032,0.82285,True,28678,28678,28845.0,28845.0,29014,29014,False,False,True,2.752,0.9940476190476191,1.13317,47,28930.0,85.0,bidmc-47-w085-0089,85
90,29014,29173.0,29348,True,-0.31032,0.89676,True,29014,29014,29173.0,29173.0,29348,29348,False,False,True,2.624,0.9520958083832335,1.20708,47,29258.0,85.0,bidmc-47-w085-0090,85
91,29348,29519.0,29688,True,-0.28345,0.95968,True,29348,29348,29519.0,29519.0,29688,29689,False,False,True,2.768,0.9941176470588236,1.2431299999999998,47,29604.0,85.0,bidmc-47-w085-0091,85
92,29688,29865.0,30032,True,-0.26878,0.98534,True,29688,29689,29865.0,29865.0,30032,30032,False,False,True,2.768,0.9709302325581395,1.25412,47,29950.0,85.0,bidmc-47-w085-0092,85
93,30032,30207.0,30374,True,-0.27306,0.9438,True,30032,30032,30207.0,30207.0,30374,30374,False,False,True,2.736,0.9766081871345029,1.21686,47,30292.0,85.0,bidmc-47-w085-0093,85
94,30374,30536.0,30715,True,-0.26878,0.90104,True,30374,30374,30535.0,30537.0,30715,30715,False,False,True,2.632,0.9501466275659824,1.16982,47,30622.0,86.0,bidmc-47-w085-0094,85
95,30715,30882.0,31054,True,-0.2639,0.98412,True,30715,30715,30881.0,30883.0,31054,31054,False,False,True,2.768,0.9852507374631269,1.24802,47,30968.0,86.0,bidmc-47-w085-0095,85
96,31054,31229.0,31395,True,-0.25901,1.0153,True,31054,31054,31229.0,31229.0,31395,31395,False,False,True,2.776,0.9736070381231672,1.27431,47,31314.0,85.0,bidmc-47-w085-0096,85
97,31395,31569.0,31737,True,-0.30238,0.9548,True,31395,31395,31569.0,31569.0,31737,31737,False,False,True,2.72,0.9824561403508771,1.25718,47,31654.0,85.0,bidmc-47-w085-0097,85
98,31737,31911.0,32075,True,-0.29688,0.84117,True,31737,31737,31911.0,31911.0,32075,32075,False,False,True,2.736,0.9704142011834319,1.13805,47,31996.0,85.0,bidmc-47-w085-0098,85
99,32075,32243.0,32416,True,-0.30605,0.95541,True,32075,32075,32243.0,32243.0,32416,32416,False,False,True,2.656,0.9853372434017595,1.26146,47,32328.0,85.0,bidmc-47-w085-0099,85
100,32416,32589.0,32764,True,-0.23274,1.1093,True,32416,32416,32589.0,32589.0,32764,32764,False,False,True,2.768,0.9942528735632183,1.34204,47,32674.0,85.0,bidmc-47-w085-0100,85
101,32764,32931.0,33099,True,-0.28711,1.0128,True,32764,32764,32931.0,32931.0,33099,33099,False,False,True,2.736,0.9970149253731343,1.29991,47,33016.0,85.0,bidmc-47-w085-0101,85
102,33099,33275.0,33439,True,-0.30666,0.92608,True,33099,33099,33275.0,33275.0,33439,33440,False,False,True,2.752,0.9647058823529412,1.23274,47,33360.0,85.0,bidmc-47-w085-0102,85
103,33439,33605.0,33782,True,-0.29811,0.94624,True,33439,33440,33605.0,33605.0,33782,33782,False,False,True,2.64,0.967930029154519,1.2443499999999998,47,33690.0,85.0,bidmc-47-w085-0103,85
104,33782,33951.0,34124,True,-0.25962,1.0336,True,33782,33782,33951.0,33951.0,34124,34124,False,False,True,2.768,0.9883040935672515,1.29322,47,34036.0,85.0,bidmc-47-w085-0104,85
105,34124,34296.0,34461,True,-0.33476,0.96335,True,34124,34124,34295.0,34297.0,34461,34461,False,False,True,2.76,0.9792284866468842,1.29811,47,34382.0,86.0,bidmc-47-w085-0105,85
106,34461,34638.0,34805,True,-0.30849,0.92853,True,34461,34461,34637.0,34639.0,34805,34805,False,False,True,2.736,0.9709302325581395,1.23702,47,34724.0,86.0,bidmc-47-w085-0106,85
107,34805,34979.0,35147,True,-0.29016,0.87966,True,34805,34805,34979.0,34979.0,35147,35147,False,False,True,2.728,0.9824561403508771,1.16982,47,35064.0,85.0,bidmc-47-w085-0107,85
108,35147,35307.0,35486,True,-0.27673,0.88699,True,35147,35147,35307.0,35307.0,35486,35486,False,False,True,2.624,0.943952802359882,1.1637199999999999,47,35392.0,85.0,bidmc-47-w085-0108,85
109,35486,35653.0,35828,True,-0.29505,0.93158,True,35486,35486,35653.0,35653.0,35828,35828,False,False,True,2.768,0.9766081871345029,1.2266299999999999,47,35738.0,85.0,bidmc-47-w085-0109,85
110,35828,35999.0,36167,True,-0.28528,0.98228,True,35828,35828,35999.0,35999.0,36167,36167,False,False,True,2.768,0.9911504424778761,1.26756,47,36084.0,85.0,bidmc-47-w085-0110,85
111,36167,36341.0,36513,True,-0.2639,1.0061,True,36167,36167,36341.0,36341.0,36513,36513,False,False,True,2.736,0.9942196531791907,1.27,47,36426.0,85.0,bidmc-47-w085-0111,85
112,36513,36685.0,36848,True,-0.31338,0.85767,True,36513,36513,36685.0,36685.0,36848,36848,False,False,True,2.752,0.973134328358209,1.1710500000000001,47,36770.0,85.0,bidmc-47-w085-0112,85
113,36848,37013.0,37189,True,-0.31338,0.84239,True,36848,36848,37013.0,37013.0,37189,37189,False,False,True,2.624,0.967741935483871,1.15577,47,37098.0,85.0,bidmc-47-w085-0113,85
114,37189,37358.0,37534,True,-0.29444,0.96151,True,37189,37189,37357.0,37359.0,37534,37534,False,False,True,2.76,0.9797101449275363,1.25595,47,37444.0,86.0,bidmc-47-w085-0114,85
115,37534,37705.0,37873,True,-0.27978,0.98106,True,37534,37534,37705.0,37705.0,37873,37873,False,False,True,2.776,0.9911504424778761,1.26084,47,37790.0,85.0,bidmc-47-w085-0115,85
116,37873,38045.0,38214,True,-0.30116,0.91753,True,37873,37873,38045.0,38045.0,38214,38214,False,False,True,2.72,0.9912023460410557,1.21869,47,38130.0,85.0,bidmc-47-w085-0116,85
117,38214,38387.0,38561,True,-0.30238,0.84362,True,38214,38214,38387.0,38387.0,38561,38561,False,False,True,2.736,0.9971181556195965,1.146,47,38472.0,85.0,bidmc-47-w085-0117,85
118,38561,38717.0,38895,True,-0.30177,0.89371,True,38561,38561,38717.0,38717.0,38895,38895,False,False,True,2.64,0.9341317365269461,1.1954799999999999,47,38802.0,85.0,bidmc-47-w085-0118,85
119,38895,39065.0,39237,True,-0.25901,0.9945,True,38895,38895,39065.0,39065.0,39237,39237,False,False,True,2.784,0.9941520467836258,1.2535100000000001,47,39150.0,85.0,bidmc-47-w085-0119,85
120,39237,39409.0,39576,True,-0.31399,0.95174,True,39237,39237,39409.0,39409.0,39576,39576,False,False,True,2.752,0.9852507374631269,1.26573,47,39494.0,85.0,bidmc-47-w085-0120,85
121,39576,39751.0,39919,True,-0.29383,0.96335,True,39576,39576,39751.0,39751.0,39919,39919,False,False,True,2.736,0.9795918367346939,1.25718,47,39836.0,85.0,bidmc-47-w085-0121,85
122,39919,40095.0,40278,True,-0.2474,0.94013,True,39919,39919,40095.0,40095.0,40278,40278,False,False,True,2.752,0.9805013927576601,1.18753,47,40180.0,85.0,bidmc-47-w085-0122,85
123,40278,40418.0,40605,True,-0.33354,0.80024,True,40278,40278,40417.0,40419.0,40605,40605,False,False,True,2.584,0.8562691131498471,1.13378,47,40504.0,86.0,bidmc-47-w085-0123,85
124,40605,40765.0,40937,True,-0.34514,0.86683,True,40605,40605,40765.0,40765.0,40937,40937,False,False,True,2.776,0.963855421686747,1.21197,47,40850.0,85.0,bidmc-47-w085-0124,85
125,40937,41111.0,41281,True,-0.281,0.97129,True,40937,40937,41111.0,41111.0,41281,41281,False,False,True,2.768,0.9883720930232558,1.25229,47,41196.0,85.0,bidmc-47-w085-0125,85
126,41281,41457.0,41626,True,-0.25901,0.99084,True,41281,41281,41457.0,41457.0,41626,41626,False,False,True,2.768,0.9797101449275363,1.2498500000000001,47,41542.0,85.0,bidmc-47-w085-0126,85
127,41626,41799.0,41963,True,-0.33354,0.86439,True,41626,41626,41799.0,41799.0,41963,41963,False,False,True,2.736,0.973293768545994,1.19793,47,41884.0,85.0,bidmc-47-w085-0127,85
128,41963,42124.0,42301,True,-0.33354,0.83506,True,41963,41963,42123.0,42125.0,42301,42301,False,False,True,2.6,0.9526627218934911,1.1686,47,42210.0,86.0,bidmc-47-w085-0128,85
129,42301,42473.0,42645,True,-0.29139,0.96946,True,42301,42301,42473.0,42473.0,42645,42645,False,False,True,2.792,1.0,1.26085,47,42558.0,85.0,bidmc-47-w085-0129,85
130,42645,42819.0,42989,True,-0.24435,1.0324,True,42645,42645,42819.0,42819.0,42989,42989,False,False,True,2.768,0.9883720930232558,1.27675,47,42904.0,85.0,bidmc-47-w085-0130,85
131,42989,43161.0,43326,True,-0.32437,0.90226,True,42989,42989,43161.0,43161.0,43326,43326,False,False,True,2.736,0.9792284866468842,1.2266299999999999,47,43246.0,85.0,bidmc-47-w085-0131,85
132,43326,43503.0,43665,True,-0.30849,0.79963,True,43326,43326,43503.0,43503.0,43665,43666,False,False,True,2.736,0.9557522123893806,1.10812,47,43588.0,85.0,bidmc-47-w085-0132,85
133,43665,43831.0,44008,True,-0.3091,0.86316,True,43665,43666,43831.0,43831.0,44008,44008,False,False,True,2.624,0.967930029154519,1.17226,47,43916.0,85.0,bidmc-47-w085-0133,85
134,44008,44177.0,44351,True,-0.25596,0.96762,True,44008,44008,44177.0,44177.0,44351,44351,False,False,True,2.768,0.9854227405247813,1.2235800000000001,47,44262.0,85.0,bidmc-47-w085-0134,85
135,44351,44523.0,44690,True,-0.29383,0.93769,True,44351,44351,44523.0,44523.0,44690,44690,False,False,True,2.768,0.9852507374631269,1.23152,47,44608.0,85.0,bidmc-47-w085-0135,85
136,44690,44865.0,45031,True,-0.29016,0.90531,True,44690,44690,44865.0,44865.0,45031,45031,False,False,True,2.736,0.9736070381231672,1.1954699999999998,47,44950.0,85.0,bidmc-47-w085-0136,85
137,45031,45209.0,45377,True,-0.27062,0.88882,True,45031,45031,45209.0,45209.0,45377,45377,False,False,True,2.752,0.9710982658959537,1.15944,47,45294.0,85.0,bidmc-47-w085-0137,85
138,45377,45534.0,45713,True,-0.26695,0.84973,True,45377,45377,45533.0,45535.0,45713,45713,False,False,True,2.6,0.9345238095238095,1.1166800000000001,47,45620.0,86.0,bidmc-47-w085-0138,85
139,45713,45881.0,46052,True,-0.27978,0.90776,True,45713,45713,45881.0,45881.0,46052,46052,False,False,True,2.776,0.9911504424778761,1.18754,47,45966.0,85.0,bidmc-47-w085-0139,85
140,46052,46227.0,46393,True,-0.28589,0.93891,True,46052,46052,46227.0,46227.0,46393,46393,False,False,True,2.768,0.9736070381231672,1.2248,47,46312.0,85.0,bidmc-47-w085-0140,85
141,46393,46569.0,46741,True,-0.26329,0.96457,True,46393,46393,46569.0,46569.0,46741,46742,False,False,True,2.736,0.9885057471264368,1.2278600000000002,47,46654.0,85.0,bidmc-47-w085-0141,85
142,46741,46911.0,47076,True,-0.29261,0.8033,True,46741,46742,46911.0,46911.0,47076,47076,False,False,True,2.736,0.9850746268656716,1.09591,47,46996.0,85.0,bidmc-47-w085-0142,85
143,47076,47241.0,47415,True,-0.29444,0.88577,True,47076,47076,47241.0,47241.0,47415,47415,False,False,True,2.64,0.9734513274336283,1.18021,47,47326.0,85.0,bidmc-47-w085-0143,85
144,47415,47589.0,47759,True,-0.27367,0.95663,True,47415,47415,47589.0,47589.0,47759,47759,False,False,True,2.784,0.9883720930232558,1.2303,47,47674.0,85.0,bidmc-47-w085-0144,85
145,47759,47931.0,48104,True,-0.2694,0.9829,True,47759,47759,47931.0,47931.0,48104,48104,False,False,True,2.736,0.9971014492753624,1.2523,47,48016.0,85.0,bidmc-47-w085-0145,85
146,48104,48277.0,48441,True,-0.32193,0.83812,True,48104,48104,48277.0,48277.0,48441,48441,False,False,True,2.768,0.973293768545994,1.16005,47,48362.0,85.0,bidmc-47-w085-0146,85
147,48441,48600.0,48777,True,-0.31765,0.77947,True,48441,48441,48599.0,48601.0,48777,48777,False,False,True,2.584,0.9464285714285714,1.0971199999999999,47,48686.0,86.0,bidmc-47-w085-0147,85
148,48777,48949.0,49122,True,-0.30055,0.9493,True,48777,48777,48949.0,48949.0,49122,49122,False,False,True,2.792,0.9971014492753624,1.24985,47,49034.0,85.0,bidmc-47-w085-0148,85
149,49122,49297.0,49466,True,-0.25657,0.98228,True,49122,49122,49297.0,49297.0,49466,49466,False,False,True,2.784,0.9825581395348837,1.23885,47,49382.0,85.0,bidmc-47-w085-0149,85
150,49466,49639.0,49805,True,-0.31155,0.8595,True,49466,49466,49639.0,49639.0,49805,49805,False,False,True,2.736,0.9793510324483776,1.1710500000000001,47,49724.0,85.0,bidmc-47-w085-0150,85
151,49805,49962.0,50142,True,-0.30299,0.78497,True,49805,49805,49961.0,49963.0,50142,50142,False,False,True,2.584,0.9317507418397626,1.0879599999999998,47,50048.0,86.0,bidmc-47-w085-0151,85
152,50142,50311.0,50487,True,-0.29566,0.91448,True,50142,50142,50311.0,50311.0,50487,50487,False,False,True,2.792,0.9797101449275363,1.21014,47,50396.0,85.0,bidmc-47-w085-0152,85
153,50487,50659.0,50829,True,-0.25351,0.97068,True,50487,50487,50659.0,50659.0,50829,50829,False,False,True,2.784,0.9941520467836258,1.2241900000000001,47,50744.0,85.0,bidmc-47-w085-0153,85
154,50829,51003.0,51172,True,-0.2975,0.90104,True,50829,50829,51003.0,51003.0,51172,51172,False,False,True,2.752,0.9854227405247813,1.19854,47,51088.0,85.0,bidmc-47-w085-0154,85
155,51172,51335.0,51507,True,-0.27978,0.77947,True,51172,51172,51335.0,51335.0,51507,51507,False,False,True,2.656,0.973134328358209,1.05925,47,51420.0,85.0,bidmc-47-w085-0155,85
156,51507,51677.0,51848,True,-0.29566,0.90104,True,51507,51507,51677.0,51677.0,51848,51848,False,False,True,2.736,0.9970674486803519,1.1966999999999999,47,51762.0,85.0,bidmc-47-w085-0156,85
157,51848,52024.0,52192,True,-0.27428,0.96579,True,51848,51848,52023.0,52025.0,52192,52192,False,False,True,2.776,0.9767441860465116,1.24007,47,52110.0,86.0,bidmc-47-w085-0157,85
158,52192,52365.0,52533,True,-0.29933,0.88943,True,52192,52192,52365.0,52365.0,52533,52533,False,False,True,2.728,0.9853372434017595,1.18876,47,52450.0,85.0,bidmc-47-w085-0158,85
159,52533,52706.0,52873,True,-0.30666,0.77947,True,52533,52533,52705.0,52707.0,52873,52873,False,False,True,2.728,0.9823529411764705,1.08613,47,52792.0,86.0,bidmc-47-w085-0159,85
160,52873,53037.0,53213,True,-0.31032,0.87294,True,52873,52873,53037.0,53037.0,53213,53213,False,False,True,2.648,0.9647058823529412,1.18326,47,53122.0,85.0,bidmc-47-w085-0160,85
161,53213,53387.0,53556,True,-0.2584,0.9493,True,53213,53213,53387.0,53387.0,53556,53556,False,False,True,2.8,0.9854227405247813,1.2077,47,53472.0,85.0,bidmc-47-w085-0161,85
162,53556,53729.0,53899,True,-0.2975,0.9157,True,53556,53556,53729.0,53729.0,53899,53899,False,False,True,2.736,0.9912536443148688,1.2132,47,53814.0,85.0,bidmc-47-w085-0162,85
163,53899,54054.0,54235,True,-0.28283,0.79658,True,53899,53899,54053.0,54055.0,54235,54235,False,False,True,2.6,0.9226190476190477,1.07941,47,54140.0,86.0,bidmc-47-w085-0163,85
164,54235,54405.0,54577,True,-0.29994,0.8931,True,54235,54235,54405.0,54405.0,54577,54577,False,False,True,2.808,0.9941520467836258,1.1930399999999999,47,54490.0,85.0,bidmc-47-w085-0164,85
165,54577,54751.0,54920,True,-0.26878,0.93341,True,54577,54577,54751.0,54751.0,54920,54920,False,False,True,2.768,0.9854227405247813,1.2021899999999999,47,54836.0,85.0,bidmc-47-w085-0165,85
166,54920,55093.0,55262,True,-0.31155,0.86927,True,54920,54920,55093.0,55093.0,55262,55262,False,False,True,2.736,0.9883040935672515,1.18082,47,55178.0,85.0,bidmc-47-w085-0166,85
167,55262,55434.0,55598,True,-0.31765,0.74282,True,55262,55262,55433.0,55435.0,55598,55598,False,False,True,2.728,0.9761904761904762,1.06047,47,55520.0,86.0,bidmc-47-w085-0167,85
168,55598,55763.0,55941,True,-0.32682,0.86194,True,55598,55598,55763.0,55763.0,55941,55941,False,False,True,2.632,0.9620991253644315,1.18876,47,55848.0,85.0,bidmc-47-w085-0168,85
169,55941,56113.0,56289,True,-0.27001,0.94013,True,55941,55941,56113.0,56113.0,56289,56289,False,False,True,2.8,0.9885057471264368,1.21014,47,56198.0,85.0,bidmc-47-w085-0169,85
170,56289,56455.0,56630,True,-0.26145,0.87538,True,56289,56289,56455.0,56455.0,56630,56630,False,False,True,2.736,0.9736070381231672,1.13683,47,56540.0,85.0,bidmc-47-w085-0170,85
171,56630,56799.0,56962,True,-0.32132,0.73794,True,56630,56630,56799.0,56799.0,56962,56962,False,False,True,2.752,0.9819277108433735,1.05926,47,56884.0,85.0,bidmc-47-w085-0171,85
172,56962,57125.0,57304,True,-0.32193,0.81735,True,56962,56962,57125.0,57125.0,57304,57304,False,False,True,2.608,0.9532163742690059,1.13928,47,57210.0,85.0,bidmc-47-w085-0172,85
173,57304,57473.0,57647,True,-0.27856,0.92486,True,57304,57304,57473.0,57473.0,57647,57647,False,False,True,2.784,0.9854227405247813,1.20342,47,57558.0,85.0,bidmc-47-w085-0173,85
174,57647,57819.0,57988,True,-0.27734,0.90715,True,57647,57647,57819.0,57819.0,57988,57988,False,False,True,2.768,0.9912023460410557,1.18449,47,57904.0,85.0,bidmc-47-w085-0174,85
175,57988,58161.0,58327,True,-0.30605,0.854,True,57988,57988,58161.0,58161.0,58327,58328,False,False,True,2.736,0.9793510324483776,1.16005,47,58246.0,85.0,bidmc-47-w085-0175,85
176,58327,58505.0,58670,True,-0.28039,0.83079,True,58327,58328,58505.0,58505.0,58670,58670,False,False,True,2.752,0.9620991253644315,1.11118,47,58590.0,85.0,bidmc-47-w085-0176,85
177,58670,58831.0,59011,True,-0.27978,0.87416,True,58670,58670,58831.0,58831.0,59011,59011,False,False,True,2.608,0.9442815249266863,1.15394,47,58916.0,85.0,bidmc-47-w085-0177,85
178,59011,59179.0,59350,True,-0.27062,0.90959,True,59011,59011,59179.0,59179.0,59350,59350,False,False,True,2.784,0.9911504424778761,1.18021,47,59264.0,85.0,bidmc-47-w085-0178,85
179,59350,59525.0,59693,True,-0.25718,0.91875,True,59350,59350,59525.0,59525.0,59693,59693,False,False,True,2.768,0.9795918367346939,1.17593,47,59610.0,85.0,bidmc-47-w085-0179,85
1,249,294.0,319,True,0.16638,0.30344,True,249,249,294.0,294.0,319,319,False,False,True,,0.7142857142857143,0.13706,48,379.0,85.0,bidmc-48-w085-0001,85
2,319,520.0,722,True,-0.00048864,1.0,True,319,319,452.0,588.0,698,746,False,False,True,1.808,0.9975186104218362,1.00048864,48,673.0,153.0,bidmc-48-w085-0002,85
3,722,858.0,999,True,-0.00048864,0.51478,True,698,746,858.0,858.0,962,1036,False,False,True,2.704,0.9819494584837545,0.51526864,48,943.0,85.0,bidmc-48-w085-0003,85
4,999,1176.0,1367,True,-0.00048864,0.47178,True,962,1036,1176.0,1176.0,1322,1412,False,False,True,2.544,0.9619565217391304,0.47226863999999996,48,1261.0,85.0,bidmc-48-w085-0004,85
5,1367,1535.0,1661,True,-0.00048864,0.20694,True,1322,1412,1534.0,1536.0,1661,1661,False,False,True,2.872,0.8571428571428572,0.20742864000000003,48,1621.0,86.0,bidmc-48-w085-0005,85
6,1661,1996.0,2201,True,-0.00048864,0.5463,True,1661,1661,1996.0,1996.0,2201,2201,False,False,True,3.688,0.7592592592592593,0.54678864,48,2081.0,85.0,bidmc-48-w085-0006,85
7,2201,2540.0,2664,True,0.11361,0.37527,True,2201,2201,2540.0,2540.0,2664,2664,False,False,True,4.352,0.5356371490280778,0.26166,48,2625.0,85.0,bidmc-48-w085-0007,85
8,2664,3016.0,3157,True,0.11947,0.67334,True,2664,2664,3016.0,3016.0,3157,3157,False,False,True,3.808,0.5720081135902637,0.5538700000000001,48,3101.0,85.0,bidmc-48-w085-0008,85
9,3157,3204.0,3231,True,0.52113,0.6108,True,3157,3157,3204.0,3204.0,3231,3231,False,False,True,1.504,0.7297297297297297,0.08967000000000003,48,3289.0,85.0,bidmc-48-w085-0009,85
10,3231,3322.0,3328,True,0.49719,0.61886,True,3231,3231,3322.0,3322.0,3328,3328,False,False,True,0.944,0.12371134020618557,0.12166999999999994,48,3407.0,85.0,bidmc-48-w085-0010,85
11,3328,3591.0,3795,True,0.48766,1.0,True,3328,3328,3440.0,3742.0,3763,3827,False,False,True,2.152,0.873661670235546,0.51234,48,3827.0,236.0,bidmc-48-w085-0011,85
12,3795,3907.0,4026,True,0.79453,1.0,True,3763,3827,3848.0,3966.0,4001,4051,False,False,True,2.528,0.9696969696969697,0.20547000000000004,48,4051.0,144.0,bidmc-48-w085-0012,85
13,4026,4091.0,4277,True,0.2475,1.0,True,4001,4051,4086.0,4096.0,4277,4277,False,False,True,1.472,0.5179282868525896,0.7525,48,4181.0,90.0,bidmc-48-w085-0013,85
14,4277,4519.0,4718,True,-0.00048864,1.0,True,4277,4277,4406.0,4632.0,4718,4718,False,False,True,3.424,0.9024943310657596,1.00048864,48,4717.0,198.0,bidmc-48-w085-0014,85
15,4718,4772.0,4797,True,-0.00048864,0.95553,True,4718,4718,4772.0,4772.0,4797,4797,False,False,True,2.024,0.6329113924050633,0.95601864,48,4857.0,85.0,bidmc-48-w085-0015,85
16,4797,4885.0,4929,True,-0.00048864,1.0,True,4797,4797,4884.0,4886.0,4887,4971,False,False,True,0.904,0.6666666666666667,1.00048864,48,4971.0,86.0,bidmc-48-w085-0016,85
17,4929,5069.0,5326,True,-0.00048864,1.0,True,4887,4971,4972.0,5166.0,5264,5388,False,False,True,1.472,0.7052896725440806,1.00048864,48,5251.0,182.0,bidmc-48-w085-0017,85
18,5326,5480.0,5611,True,-0.00048864,0.024921,True,5264,5388,5480.0,5480.0,5588,5634,False,False,True,3.288,0.9192982456140351,0.025409639999999997,48,5565.0,85.0,bidmc-48-w085-0018,85
19,5611,5880.0,6132,True,-0.00048864,0.30296,True,5588,5634,5880.0,5880.0,6132,6132,False,False,True,3.2,0.9673704414587332,0.30344864,48,5965.0,85.0,bidmc-48-w085-0019,85
20,6132,6310.0,6507,True,-0.00048864,0.2751,True,6132,6132,6310.0,6310.0,6507,6507,False,False,True,3.44,0.9493333333333334,0.27558864,48,6395.0,85.0,bidmc-48-w085-0020,85
21,6507,6842.0,6973,True,0.08258,0.50428,True,6507,6507,6842.0,6842.0,6973,6973,False,False,True,4.256,0.5622317596566524,0.42169999999999996,48,6927.0,85.0,bidmc-48-w085-0021,85
22,6973,7286.0,7481,True,0.071341,0.98925,True,6973,6973,7286.0,7286.0,7481,7481,False,False,True,3.552,0.7677165354330708,0.917909,48,7371.0,85.0,bidmc-48-w085-0022,85
23,7481,7738.0,7932,True,-0.00048864,1.0,True,7481,7481,7672.0,7804.0,7932,7932,False,False,True,3.616,0.8603104212860311,1.00048864,48,7889.0,151.0,bidmc-48-w085-0023,85
24,7932,8131.0,8317,True,-0.00048864,1.0,True,7932,7932,8080.0,8182.0,8317,8317,False,False,True,3.144,0.9662337662337662,1.00048864,48,8267.0,136.0,bidmc-48-w085-0024,85
25,8317,8560.0,8790,True,-0.00048864,1.0,True,8317,8317,8532.0,8588.0,8790,8790,False,False,True,3.432,0.9725158562367865,1.00048864,48,8673.0,113.0,bidmc-48-w085-0025,85
26,8790,9038.0,9267,True,0.031517,1.0,True,8790,8790,8980.0,9096.0,9267,9267,False,False,True,3.824,0.960167714884696,0.968483,48,9181.0,143.0,bidmc-48-w085-0026,85
27,9267,9513.0,9731,True,-0.00048864,1.0,True,9267,9267,9460.0,9566.0,9731,9731,False,False,True,3.8,0.9396551724137931,1.00048864,48,9651.0,138.0,bidmc-48-w085-0027,85
28,9731,10014.0,10255,True,0.02883,0.65771,True,9731,9731,10014.0,10014.0,10255,10255,False,False,True,4.008,0.9198473282442748,0.62888,48,10099.0,85.0,bidmc-48-w085-0028,85
29,10255,10470.0,10674,True,0.032006,0.80796,True,10255,10255,10470.0,10470.0,10674,10674,False,False,True,3.648,0.9737470167064439,0.775954,48,10555.0,85.0,bidmc-48-w085-0029,85
30,10674,10962.0,11128,True,0.030784,0.76936,True,10674,10674,10962.0,10962.0,11128,11128,False,False,True,3.936,0.7312775330396476,0.738576,48,11047.0,85.0,bidmc-48-w085-0030,85
31,11128,11394.0,11603,True,0.064745,1.0,True,11128,11128,11344.0,11444.0,11603,11603,False,False,True,3.456,0.88,0.935255,48,11529.0,135.0,bidmc-48-w085-0031,85
32,11603,11846.0,12048,True,-0.00048864,1.0,True,11603,11603,11788.0,11904.0,12048,12048,False,False,True,3.616,0.9078651685393259,1.00048864,48,11989.0,143.0,bidmc-48-w085-0032,85
33,12048,12275.0,12507,True,-0.00048864,1.0,True,12048,12048,12220.0,12330.0,12507,12507,False,False,True,3.432,0.9891067538126361,1.00048864,48,12415.0,140.0,bidmc-48-w085-0033,85
34,12507,12718.0,12971,True,-0.00048864,1.0,True,12507,12507,12658.0,12778.0,12971,12971,False,False,True,3.544,0.9094827586206896,1.00048864,48,12863.0,145.0,bidmc-48-w085-0034,85
35,12971,13200.0,13456,True,-0.00048864,1.0,True,12971,12971,13166.0,13234.0,13456,13456,False,False,True,3.856,0.9443298969072165,1.00048864,48,13319.0,119.0,bidmc-48-w085-0035,85
36,13456,13708.0,13914,True,-0.00048864,1.0,True,13456,13456,13704.0,13712.0,13914,13914,False,False,True,4.064,0.8995633187772926,1.00048864,48,13797.0,89.0,bidmc-48-w085-0036,85
37,13914,14156.0,14330,True,0.04129,0.8021,True,13914,13914,14156.0,14156.0,14330,14330,False,False,True,3.584,0.8365384615384616,0.76081,48,14241.0,85.0,bidmc-48-w085-0037,85
38,14330,14607.0,14788,True,-0.00048864,1.0,True,14330,14330,14552.0,14662.0,14788,14788,False,False,True,3.608,0.7903930131004366,1.00048864,48,14747.0,140.0,bidmc-48-w085-0038,85
39,14788,15001.0,15195,True,-0.00048864,1.0,True,14788,14788,14958.0,15044.0,15195,15195,False,False,True,3.152,0.9533169533169533,1.00048864,48,15129.0,128.0,bidmc-48-w085-0039,85
40,15195,15423.0,15620,True,-0.00048864,1.0,True,15195,15195,15382.0,15464.0,15620,15620,False,False,True,3.376,0.9270588235294117,1.00048864,48,15549.0,126.0,bidmc-48-w085-0040,85
41,15620,15836.0,16028,True,0.11043,1.0,True,15620,15620,15814.0,15858.0,16028,16028,False,False,True,3.304,0.9411764705882353,0.88957,48,15943.0,107.0,bidmc-48-w085-0041,85
42,16028,16286.0,16496,True,0.043733,1.0,True,16028,16028,16236.0,16336.0,16496,16496,False,False,True,3.6,0.8974358974358975,0.956267,48,16421.0,135.0,bidmc-48-w085-0042,85
43,16496,16706.0,16889,True,0.042023,1.0,True,16496,16496,16702.0,16710.0,16889,16889,False,False,True,3.36,0.9312977099236641,0.957977,48,16795.0,89.0,bidmc-48-w085-0043,85
44,16889,17132.0,17330,True,0.03958,0.99438,True,16889,16889,17132.0,17132.0,17330,17330,False,False,True,3.408,0.8979591836734694,0.9548000000000001,48,17217.0,85.0,bidmc-48-w085-0044,85
45,17330,17542.0,17745,True,0.06279,0.8192,True,17330,17330,17542.0,17542.0,17745,17745,False,False,True,3.28,0.9783132530120482,0.75641,48,17627.0,85.0,bidmc-48-w085-0045,85
46,17745,17982.0,18149,True,0.072563,0.72807,True,17745,17745,17982.0,17982.0,18149,18149,False,False,True,3.52,0.8267326732673268,0.655507,48,18067.0,85.0,bidmc-48-w085-0046,85
47,18149,18418.0,18564,True,0.096751,0.94894,True,18149,18149,18418.0,18418.0,18564,18564,False,False,True,3.488,0.7036144578313253,0.852189,48,18503.0,85.0,bidmc-48-w085-0047,85
48,18564,18780.0,18958,True,0.075739,1.0,True,18564,18564,18740.0,18820.0,18958,18958,False,False,True,2.896,0.9035532994923858,0.924261,48,18905.0,125.0,bidmc-48-w085-0048,85
49,18958,19177.0,19373,True,0.045688,1.0,True,18958,18958,19120.0,19234.0,19373,19373,False,False,True,3.176,0.944578313253012,0.954312,48,19319.0,142.0,bidmc-48-w085-0049,85
50,19373,19576.0,19769,True,0.043733,1.0,True,19373,19373,19550.0,19602.0,19769,19769,False,False,True,3.192,0.9747474747474747,0.956267,48,19687.0,111.0,bidmc-48-w085-0050,85
51,19769,20026.0,20189,True,0.024676,0.97386,True,19769,19769,20026.0,20026.0,20189,20189,False,False,True,3.6,0.7761904761904762,0.9491839999999999,48,20111.0,85.0,bidmc-48-w085-0051,85
52,20189,20428.0,20632,True,0.011727,0.99487,True,20189,20189,20428.0,20428.0,20632,20632,False,False,True,3.216,0.9209932279909706,0.983143,48,20513.0,85.0,bidmc-48-w085-0052,85
53,20632,20875.0,21057,True,0.032495,1.0,True,20632,20632,20854.0,20896.0,21057,21057,False,False,True,3.576,0.8564705882352941,0.967505,48,20981.0,106.0,bidmc-48-w085-0053,85
54,21057,21296.0,21500,True,0.037381,1.0,True,21057,21057,21254.0,21338.0,21500,21500,False,False,True,3.368,0.9209932279909706,0.962619,48,21423.0,127.0,bidmc-48-w085-0054,85
55,21500,21740.0,21911,True,0.041779,0.90129,True,21500,21500,21740.0,21740.0,21911,21911,False,False,True,3.552,0.8321167883211679,0.859511,48,21825.0,85.0,bidmc-48-w085-0055,85
56,21911,22130.0,22317,True,0.1053,1.0,True,21911,21911,22084.0,22176.0,22317,22317,False,False,True,3.12,0.9211822660098522,0.8947,48,22261.0,131.0,bidmc-48-w085-0056,85
57,22317,22512.0,22689,True,0.098216,1.0,True,22317,22317,22474.0,22550.0,22689,22689,False,False,True,3.056,0.9516129032258065,0.901784,48,22635.0,123.0,bidmc-48-w085-0057,85
58,22689,22909.0,23114,True,-0.00048864,1.0,True,22689,22689,22862.0,22956.0,23114,23114,False,False,True,3.176,0.9647058823529412,1.00048864,48,23041.0,132.0,bidmc-48-w085-0058,85
59,23114,23360.0,23520,True,-0.00048864,0.96042,True,23114,23114,23360.0,23360.0,23520,23520,False,False,True,3.608,0.7881773399014779,0.9609086400000001,48,23445.0,85.0,bidmc-48-w085-0059,85
60,23520,23753.0,23942,True,0.033472,1.0,True,23520,23520,23724.0,23782.0,23942,23942,False,False,True,3.144,0.8957345971563981,0.966528,48,23867.0,114.0,bidmc-48-w085-0060,85
61,23942,24178.0,24383,True,0.050574,1.0,True,23942,23942,24136.0,24220.0,24383,24383,False,False,True,3.4,0.9297052154195011,0.949426,48,24305.0,127.0,bidmc-48-w085-0061,85
62,24383,24624.0,24827,True,0.060836,1.0,True,24383,24383,24574.0,24674.0,24827,24827,False,False,True,3.568,0.9144144144144144,0.939164,48,24759.0,135.0,bidmc-48-w085-0062,85
63,24827,25045.0,25258,True,0.085512,1.0,True,24827,24827,24994.0,25096.0,25258,25258,False,False,True,3.368,0.988399071925754,0.914488,48,25181.0,136.0,bidmc-48-w085-0063,85
64,25258,25471.0,25669,True,0.073785,1.0,True,25258,25258,25456.0,25486.0,25669,25669,False,False,True,3.408,0.9635036496350365,0.926215,48,25571.0,100.0,bidmc-48-w085-0064,85
65,25669,25914.0,26087,True,0.034693,1.0,True,25669,25669,25906.0,25922.0,26087,26087,False,False,True,3.544,0.8277511961722488,0.965307,48,26007.0,93.0,bidmc-48-w085-0065,85
66,26087,26321.0,26522,True,0.012949,1.0,True,26087,26087,26276.0,26366.0,26522,26522,False,False,True,3.256,0.9241379310344827,0.987051,48,26451.0,130.0,bidmc-48-w085-0066,85
67,26522,26751.0,26960,True,-0.00024432,1.0,True,26522,26522,26702.0,26800.0,26960,26960,False,False,True,3.44,0.954337899543379,1.00024432,48,26885.0,134.0,bidmc-48-w085-0067,85
68,26960,27192.0,27405,True,0.016125,1.0,True,26960,26960,27144.0,27240.0,27405,27405,False,False,True,3.528,0.9573033707865168,0.983875,48,27325.0,133.0,bidmc-48-w085-0068,85
69,27405,27623.0,27838,True,0.098705,1.0,True,27405,27405,27566.0,27680.0,27838,27838,False,False,True,3.448,0.9930715935334873,0.901295,48,27765.0,142.0,bidmc-48-w085-0069,85
70,27838,28055.0,28264,True,0.063034,1.0,True,27838,27838,28028.0,28082.0,28264,28264,False,False,True,3.456,0.9812206572769953,0.936966,48,28167.0,112.0,bidmc-48-w085-0070,85
71,28264,28500.0,28697,True,0.022477,1.0,True,28264,28264,28472.0,28528.0,28697,28697,False,False,True,3.56,0.9099307159353349,0.977523,48,28613.0,113.0,bidmc-48-w085-0071,85
72,28697,28916.0,29140,True,0.013193,1.0,True,28697,28697,28868.0,28964.0,29140,29140,False,False,True,3.328,0.9887133182844243,0.986807,48,29049.0,133.0,bidmc-48-w085-0072,85
73,29140,29367.0,29615,True,-0.00048864,1.0,True,29140,29140,29314.0,29420.0,29615,29615,False,False,True,3.608,0.9557894736842105,1.00048864,48,29505.0,138.0,bidmc-48-w085-0073,85
74,29615,29915.0,30139,True,0.043733,1.0,True,29615,29615,29870.0,29960.0,30139,30139,False,False,True,4.384,0.8549618320610687,0.956267,48,30045.0,130.0,bidmc-48-w085-0074,85
75,30139,30375.0,30589,True,0.071586,1.0,True,30139,30139,30362.0,30388.0,30589,30589,False,False,True,3.68,0.9511111111111111,0.928414,48,30473.0,98.0,bidmc-48-w085-0075,85
76,30589,30837.0,31029,True,0.057659,1.0,True,30589,30589,30812.0,30862.0,31029,31029,False,False,True,3.696,0.8727272727272728,0.942341,48,30947.0,110.0,bidmc-48-w085-0076,85
77,31029,31236.0,31440,True,0.047154,0.86587,True,31029,31029,31236.0,31236.0,31440,31440,False,False,True,3.192,0.9927007299270073,0.818716,48,31321.0,85.0,bidmc-48-w085-0077,85
78,31440,31678.0,31888,True,0.050818,1.0,True,31440,31440,31638.0,31718.0,31888,31888,False,False,True,3.536,0.9375,0.949182,48,31803.0,125.0,bidmc-48-w085-0078,85
79,31888,32137.0,32336,True,0.05033,1.0,True,31888,31888,32090.0,32184.0,32336,32336,False,False,True,3.672,0.8883928571428571,0.94967,48,32269.0,132.0,bidmc-48-w085-0079,85
80,32336,32546.0,32746,True,0.14464,1.0,True,32336,32336,32500.0,32592.0,32746,32746,False,False,True,3.272,0.975609756097561,0.85536,48,32677.0,131.0,bidmc-48-w085-0080,85
81,32746,32966.0,33153,True,0.11043,1.0,True,32746,32746,32932.0,33000.0,33153,33153,False,False,True,3.36,0.9189189189189189,0.88957,48,33085.0,119.0,bidmc-48-w085-0081,85
82,33153,33358.0,33538,True,0.05033,1.0,True,33153,33153,33350.0,33366.0,33538,33539,False,False,True,3.136,0.935064935064935,0.94967,48,33451.0,93.0,bidmc-48-w085-0082,85
83,33538,33760.0,33965,True,-0.00048864,1.0,True,33538,33539,33750.0,33770.0,33965,33965,False,False,True,3.216,0.9601873536299765,1.00048864,48,33855.0,95.0,bidmc-48-w085-0083,85
84,33965,34235.0,34421,True,-0.00048864,1.0,True,33965,33965,34196.0,34274.0,34421,34421,False,False,True,3.8,0.8157894736842105,1.00048864,48,34359.0,124.0,bidmc-48-w085-0084,85
85,34421,34602.0,34765,True,-0.00048864,1.0,True,34421,34421,34538.0,34666.0,34765,34765,False,False,True,2.936,0.9476744186046512,1.00048864,48,34751.0,149.0,bidmc-48-w085-0085,85
86,34765,34911.0,35072,True,-0.00048864,1.0,True,34765,34765,34860.0,34962.0,35072,35072,False,False,True,2.472,0.9511400651465798,1.00048864,48,35047.0,136.0,bidmc-48-w085-0086,85
87,35072,35251.0,35406,True,-0.00048864,0.98192,True,35072,35072,35250.0,35252.0,35406,35406,False,False,True,2.72,0.9281437125748503,0.98240864,48,35337.0,86.0,bidmc-48-w085-0087,85
88,35406,35623.0,35823,True,-0.00048864,1.0,True,35406,35406,35564.0,35682.0,35823,35823,False,False,True,2.976,0.9592326139088729,1.00048864,48,35767.0,144.0,bidmc-48-w085-0088,85
89,35823,36070.0,36265,True,-0.00048864,1.0,True,35823,35823,36012.0,36128.0,36265,36265,False,False,True,3.576,0.8823529411764706,1.00048864,48,36213.0,143.0,bidmc-48-w085-0089,85
90,36265,36491.0,36666,True,-0.00048864,1.0,True,36265,36265,36460.0,36522.0,36666,36666,False,False,True,3.368,0.8728179551122195,1.00048864,48,36607.0,116.0,bidmc-48-w085-0090,85
91,36666,36914.0,37111,True,-0.00048864,1.0,True,36666,36666,36862.0,36966.0,37111,37111,False,False,True,3.384,0.8853932584269663,1.00048864,48,37051.0,137.0,bidmc-48-w085-0091,85
92,37111,37375.0,37570,True,-0.00048864,1.0,True,37111,37111,37322.0,37428.0,37570,37570,False,False,True,3.688,0.8496732026143791,1.00048864,48,37513.0,138.0,bidmc-48-w085-0092,85
93,37570,37786.0,37964,True,-0.00048864,1.0,True,37570,37570,37742.0,37830.0,37964,37964,False,False,True,3.288,0.9035532994923858,1.00048864,48,37915.0,129.0,bidmc-48-w085-0093,85
94,37964,38203.0,38395,True,-0.00048864,1.0,True,37964,37964,38146.0,38260.0,38395,38395,False,False,True,3.336,0.8909512761020881,1.00048864,48,38345.0,142.0,bidmc-48-w085-0094,85
95,38395,38637.0,38824,True,-0.00048864,1.0,True,38395,38395,38586.0,38688.0,38824,38824,False,False,True,3.472,0.8717948717948718,1.00048864,48,38773.0,136.0,bidmc-48-w085-0095,85
96,38824,39058.0,39256,True,-0.00048864,1.0,True,38824,38824,38998.0,39118.0,39256,39256,False,False,True,3.368,0.9166666666666666,1.00048864,48,39203.0,145.0,bidmc-48-w085-0096,85
97,39256,39503.0,39689,True,-0.00048864,1.0,True,39256,39256,39444.0,39562.0,39689,39689,False,False,True,3.56,0.859122401847575,1.00048864,48,39647.0,144.0,bidmc-48-w085-0097,85
98,39689,39914.0,40103,True,-0.00048864,1.0,True,39689,39689,39838.0,39990.0,40103,40103,False,False,True,3.288,0.9130434782608696,1.00048864,48,40075.0,161.0,bidmc-48-w085-0098,85
99,40103,40301.0,40475,True,-0.00048864,1.0,True,40103,40103,40244.0,40358.0,40475,40475,False,False,True,3.096,0.935483870967742,1.00048864,48,40443.0,142.0,bidmc-48-w085-0099,85
100,40475,40660.0,40817,True,-0.00048864,1.0,True,40475,40475,40626.0,40694.0,40817,40817,False,False,True,2.872,0.9181286549707602,1.00048864,48,40779.0,119.0,bidmc-48-w085-0100,85
101,40817,41020.0,41215,True,-0.00048864,1.0,True,40817,40817,40958.0,41082.0,41215,41215,False,False,True,2.88,0.9798994974874372,1.00048864,48,41167.0,147.0,bidmc-48-w085-0101,85
102,41215,41434.0,41629,True,-0.00048864,1.0,True,41215,41215,41368.0,41500.0,41629,41629,False,False,True,3.312,0.9420289855072463,1.00048864,48,41585.0,151.0,bidmc-48-w085-0102,85
103,41629,41840.0,42033,True,-0.00048864,1.0,True,41629,41629,41786.0,41894.0,42033,42033,False,False,True,3.248,0.9554455445544554,1.00048864,48,41979.0,139.0,bidmc-48-w085-0103,85
104,42033,42241.0,42422,True,-0.00048864,1.0,True,42033,42033,42188.0,42294.0,42422,42422,False,False,True,3.208,0.9305912596401028,1.00048864,48,42379.0,138.0,bidmc-48-w085-0104,85
105,42422,42638.0,42811,True,-0.00048864,1.0,True,42422,42422,42586.0,42690.0,42811,42811,False,False,True,3.176,0.8894601542416453,1.00048864,48,42775.0,137.0,bidmc-48-w085-0105,85
106,42811,43018.0,43211,True,-0.00048864,1.0,True,42811,42811,42960.0,43076.0,43211,43211,False,False,True,3.04,0.965,1.00048864,48,43161.0,143.0,bidmc-48-w085-0106,85
107,43211,43424.0,43613,True,-0.00048864,1.0,True,43211,43211,43364.0,43484.0,43613,43613,False,False,True,3.248,0.9402985074626866,1.00048864,48,43569.0,145.0,bidmc-48-w085-0107,85
108,43613,43838.0,44025,True,-0.00048864,1.0,True,43613,43613,43778.0,43898.0,44025,44025,False,False,True,3.312,0.9077669902912622,1.00048864,48,43983.0,145.0,bidmc-48-w085-0108,85
109,44025,44237.0,44410,True,-0.00048864,1.0,True,44025,44025,44188.0,44286.0,44410,44410,False,False,True,3.192,0.8987012987012987,1.00048864,48,44371.0,134.0,bidmc-48-w085-0109,85
110,44410,44616.0,44805,True,-0.00048864,1.0,True,44410,44410,44556.0,44676.0,44805,44805,False,False,True,3.032,0.9569620253164557,1.00048864,48,44761.0,145.0,bidmc-48-w085-0110,85
111,44805,45021.0,45212,True,-0.00048864,1.0,True,44805,44805,44954.0,45088.0,45212,45212,False,False,True,3.24,0.9385749385749386,1.00048864,48,45173.0,152.0,bidmc-48-w085-0111,85
112,45212,45437.0,45623,True,-0.00048864,1.0,True,45212,45212,45370.0,45504.0,45623,45623,False,False,True,3.328,0.9051094890510949,1.00048864,48,45589.0,152.0,bidmc-48-w085-0112,85
113,45623,45826.0,46004,True,-0.00048864,1.0,True,45623,45623,45768.0,45884.0,46004,46004,False,False,True,3.112,0.9343832020997376,1.00048864,48,45969.0,143.0,bidmc-48-w085-0113,85
114,46004,46206.0,46393,True,-0.00048864,1.0,True,46004,46004,46146.0,46266.0,46393,46393,False,False,True,3.04,0.961439588688946,1.00048864,48,46351.0,145.0,bidmc-48-w085-0114,85
115,46393,46606.0,46781,True,-0.00048864,1.0,True,46393,46393,46550.0,46662.0,46781,46781,False,False,True,3.2,0.9020618556701031,1.00048864,48,46747.0,141.0,bidmc-48-w085-0115,85
116,46781,46967.0,47151,True,-0.00048864,1.0,True,46781,46781,46908.0,47026.0,47151,47151,False,False,True,2.888,0.9945945945945946,1.00048864,48,47111.0,144.0,bidmc-48-w085-0116,85
117,47151,47360.0,47537,True,-0.00048864,1.0,True,47151,47151,47298.0,47422.0,47537,47537,False,False,True,3.144,0.917098445595855,1.00048864,48,47507.0,147.0,bidmc-48-w085-0117,85
118,47537,47724.0,47907,True,-0.00048864,1.0,True,47537,47537,47660.0,47788.0,47907,47907,False,False,True,2.912,0.9891891891891892,1.00048864,48,47873.0,149.0,bidmc-48-w085-0118,85
119,47907,48097.0,48283,True,-0.00048864,1.0,True,47907,47907,48036.0,48158.0,48283,48283,False,False,True,2.984,0.9893617021276596,1.00048864,48,48243.0,146.0,bidmc-48-w085-0119,85
120,48283,48498.0,48681,True,-0.00048864,1.0,True,48283,48283,48444.0,48552.0,48681,48681,False,False,True,3.208,0.9195979899497487,1.00048864,48,48637.0,139.0,bidmc-48-w085-0120,85
121,48681,48885.0,49065,True,-0.00048864,1.0,True,48681,48681,48832.0,48938.0,49065,49065,False,False,True,3.096,0.9375,1.00048864,48,49023.0,138.0,bidmc-48-w085-0121,85
122,49065,49287.0,49473,True,-0.00048864,1.0,True,49065,49065,49220.0,49354.0,49473,49473,False,False,True,3.216,0.9117647058823529,1.00048864,48,49439.0,152.0,bidmc-48-w085-0122,85
123,49473,49670.0,49850,True,-0.00048864,1.0,True,49473,49473,49610.0,49730.0,49850,49850,False,False,True,3.064,0.9549071618037135,1.00048864,48,49815.0,145.0,bidmc-48-w085-0123,85
124,49850,50032.0,50186,True,-0.00048864,1.0,True,49850,49850,50008.0,50056.0,50186,50186,False,False,True,2.896,0.9166666666666666,1.00048864,48,50141.0,109.0,bidmc-48-w085-0124,85
125,50186,50365.0,50532,True,0.0031761,1.0,True,50186,50186,50318.0,50412.0,50532,50532,False,False,True,2.664,0.9653179190751445,0.9968239,48,50497.0,132.0,bidmc-48-w085-0125,85
126,50532,50728.0,50896,True,0.0058637,1.0,True,50532,50532,50684.0,50772.0,50896,50896,False,False,True,2.904,0.9230769230769231,0.9941363,48,50857.0,129.0,bidmc-48-w085-0126,85
127,50896,51088.0,51270,True,-0.00048864,1.0,True,50896,50896,51042.0,51134.0,51270,51270,False,False,True,2.88,0.9732620320855615,1.00048864,48,51219.0,131.0,bidmc-48-w085-0127,85
128,51270,51497.0,51684,True,-0.00048864,1.0,True,51270,51270,51432.0,51562.0,51684,51684,False,False,True,3.272,0.9033816425120773,1.00048864,48,51647.0,150.0,bidmc-48-w085-0128,85
129,51684,51873.0,52054,True,-0.00048864,1.0,True,51684,51684,51818.0,51928.0,52054,52054,False,False,True,3.008,0.9783783783783784,1.00048864,48,52013.0,140.0,bidmc-48-w085-0129,85
130,52054,52269.0,52454,True,-0.00048864,1.0,True,52054,52054,52206.0,52332.0,52454,52454,False,False,True,3.168,0.925,1.00048864,48,52417.0,148.0,bidmc-48-w085-0130,85
131,52454,52658.0,52826,True,-0.00048864,1.0,True,52454,52454,52598.0,52718.0,52826,52826,False,False,True,3.112,0.9032258064516129,1.00048864,48,52803.0,145.0,bidmc-48-w085-0131,85
132,52826,53005.0,53189,True,-0.00048864,1.0,True,52826,52826,52942.0,53068.0,53189,53189,False,False,True,2.776,0.9862258953168044,1.00048864,48,53153.0,148.0,bidmc-48-w085-0132,85
133,53189,53390.0,53580,True,-0.00048864,1.0,True,53189,53189,53318.0,53462.0,53580,53580,False,False,True,3.08,0.9718670076726342,1.00048864,48,53547.0,157.0,bidmc-48-w085-0133,85
134,53580,53779.0,53962,True,-0.00048864,1.0,True,53580,53580,53722.0,53836.0,53962,53962,False,False,True,3.112,0.9581151832460733,1.00048864,48,53921.0,142.0,bidmc-48-w085-0134,85
135,53962,54173.0,54362,True,-0.00048864,1.0,True,53962,53962,54118.0,54228.0,54362,54362,False,False,True,3.152,0.945,1.00048864,48,54313.0,140.0,bidmc-48-w085-0135,85
136,54362,54615.0,54759,True,-0.00048864,0.80699,True,54362,54362,54614.0,54616.0,54759,54759,False,False,True,3.536,0.7254408060453401,0.80747864,48,54701.0,86.0,bidmc-48-w085-0136,85
137,54759,55175.0,55555,True,-0.00048864,1.0,True,54759,54759,54918.0,55432.0,55530,55580,False,False,True,4.48,0.9547738693467337,1.00048864,48,55517.0,342.0,bidmc-48-w085-0137,85
138,55555,55690.0,55716,True,-0.00048864,0.75373,True,55530,55580,55690.0,55690.0,55716,55716,False,False,True,4.12,0.3229813664596274,0.75421864,48,55775.0,85.0,bidmc-48-w085-0138,85
139,55716,55930.0,56102,True,-0.00048864,1.0,True,55716,55716,55808.0,56052.0,56067,56137,False,False,True,1.92,0.8911917098445596,1.00048864,48,56137.0,207.0,bidmc-48-w085-0139,85
140,56102,56276.0,56684,True,-0.00048864,1.0,True,56067,56137,56152.0,56400.0,56684,56684,False,False,True,2.768,0.5979381443298969,1.00048864,48,56485.0,209.0,bidmc-48-w085-0140,85
141,56684,56870.0,57080,True,-0.00048864,0.77498,True,56684,56684,56870.0,56870.0,57080,57080,False,False,True,4.752,0.9393939393939394,0.77546864,48,56955.0,85.0,bidmc-48-w085-0141,85
142,57080,57308.0,57487,True,0.08991,0.65087,True,57080,57080,57308.0,57308.0,57487,57487,False,False,True,3.504,0.8796068796068797,0.5609599999999999,48,57393.0,85.0,bidmc-48-w085-0142,85
143,57487,57698.0,57866,True,0.087222,0.54019,True,57487,57487,57698.0,57698.0,57866,57866,False,False,True,3.12,0.8865435356200527,0.4529679999999999,48,57783.0,85.0,bidmc-48-w085-0143,85
144,57866,58082.0,58213,True,0.10823,0.55851,True,57866,57866,58082.0,58082.0,58213,58213,False,False,True,3.072,0.7550432276657061,0.45027999999999996,48,58167.0,85.0,bidmc-48-w085-0144,85
145,58213,58443.0,58609,True,-0.00048864,1.0,True,58213,58213,58366.0,58520.0,58609,58609,False,False,True,2.888,0.8383838383838383,1.00048864,48,58605.0,162.0,bidmc-48-w085-0145,85
146,58609,58763.0,58922,True,-0.00048864,1.0,True,58609,58609,58698.0,58828.0,58922,58922,False,False,True,2.56,0.9840255591054313,1.00048864,48,58913.0,150.0,bidmc-48-w085-0146,85
147,58922,59056.0,59216,True,-0.00048864,1.0,True,58922,58922,59016.0,59096.0,59214,59218,False,False,True,2.344,0.9115646258503401,1.00048864,48,59181.0,125.0,bidmc-48-w085-0147,85
148,59216,59416.0,59555,True,-0.00048864,0.63621,True,59214,59218,59416.0,59416.0,59555,59555,False,False,True,2.88,0.8200589970501475,0.6366986400000001,48,59501.0,85.0,bidmc-48-w085-0148,85
149,59555,59748.0,59874,True,-0.00048864,0.4923,True,59555,59555,59748.0,59748.0,59874,59874,False,False,True,2.656,0.7899686520376176,0.49278864,48,59833.0,85.0,bidmc-48-w085-0149,85
1,267,546.0,692,True,0.13978,0.70772,True,267,268,545.0,547.0,692,692,False,False,True,,0.6870588235294117,0.56794,49,632.0,86.0,bidmc-49-w085-0001,85
2,692,810.0,1089,True,0.18084,0.52688,True,692,692,809.0,812.0,1089,1089,False,False,True,2.112,0.5944584382871536,0.34604,49,897.0,87.0,bidmc-49-w085-0002,85
3,1089,1293.0,1519,True,0.066471,0.5435,True,1089,1089,1293.0,1294.0,1519,1520,False,False,True,3.864,0.9488372093023256,0.477029,49,1379.0,86.0,bidmc-49-w085-0003,85
4,1519,1784.0,1994,True,0.096774,0.68622,True,1519,1520,1783.0,1785.0,1994,1994,False,False,True,3.928,0.8842105263157894,0.589446,49,1870.0,86.0,bidmc-49-w085-0004,85
5,1994,2142.0,2437,True,0.17302,0.58553,True,1994,1994,2141.0,2143.0,2437,2437,False,False,True,2.864,0.6681715575620768,0.41251,49,2228.0,86.0,bidmc-49-w085-0005,85
6,2437,2636.0,2881,True,0.11241,0.68426,True,2437,2437,2636.0,2637.0,2881,2881,False,False,True,3.952,0.8963963963963963,0.57185,49,2722.0,86.0,bidmc-49-w085-0006,85
7,2881,3097.0,3310,True,0.11437,0.61193,True,2881,2881,3097.0,3097.0,3310,3310,False,False,True,3.688,0.993006993006993,0.49756,49,3182.0,85.0,bidmc-49-w085-0007,85
8,3310,3491.0,3795,True,0.10948,0.57283,True,3310,3310,3490.0,3493.0,3795,3795,False,False,True,3.152,0.7463917525773196,0.46334999999999993,49,3578.0,87.0,bidmc-49-w085-0008,85
9,3795,3983.0,4225,True,0.17889,0.60411,True,3795,3795,3982.0,3984.0,4225,4225,False,False,True,3.936,0.8744186046511628,0.42522000000000004,49,4069.0,86.0,bidmc-49-w085-0009,85
10,4225,4420.0,4677,True,0.14174,0.72336,True,4225,4225,4419.0,4421.0,4677,4677,False,False,True,3.496,0.8628318584070797,0.58162,49,4506.0,86.0,bidmc-49-w085-0010,85
11,4677,4858.0,5098,True,0.11339,0.6002,True,4677,4677,4857.0,4860.0,5098,5098,False,False,True,3.504,0.8598574821852731,0.48680999999999996,49,4945.0,87.0,bidmc-49-w085-0011,85
12,5098,5293.0,5648,True,0.11632,0.64809,True,5098,5098,5293.0,5294.0,5648,5648,False,False,True,3.48,0.7090909090909091,0.5317700000000001,49,5379.0,86.0,bidmc-49-w085-0012,85
13,5648,5904.0,6116,True,0.073314,0.64321,True,5648,5648,5903.0,5905.0,6116,6116,False,False,True,4.888,0.905982905982906,0.569896,49,5990.0,86.0,bidmc-49-w085-0013,85
14,6116,6258.0,6519,True,0.083089,0.51222,True,6116,6116,6257.0,6259.0,6519,6519,False,False,True,2.832,0.7047146401985112,0.42913100000000004,49,6344.0,86.0,bidmc-49-w085-0014,85
15,6519,6777.0,7014,True,0.086022,0.6393,True,6519,6519,6777.0,6777.0,7014,7015,False,False,True,4.152,0.9575757575757575,0.5532779999999999,49,6862.0,85.0,bidmc-49-w085-0015,85
16,7014,7204.0,7486,True,0.086999,0.64418,True,7014,7015,7204.0,7205.0,7486,7486,False,False,True,3.416,0.8050847457627118,0.5571809999999999,49,7290.0,86.0,bidmc-49-w085-0016,85
17,7486,7684.0,7917,True,0.080156,0.57283,True,7486,7486,7683.0,7685.0,7917,7917,False,False,True,3.84,0.9187935034802784,0.49267399999999995,49,7770.0,86.0,bidmc-49-w085-0017,85
18,7917,8094.0,8336,True,0.085044,0.57185,True,7917,7917,8093.0,8095.0,8336,8336,False,False,True,3.28,0.8448687350835322,0.48680599999999996,49,8180.0,86.0,bidmc-49-w085-0018,85
19,8336,8534.0,8851,True,0.16031,0.62561,True,8336,8336,8533.0,8536.0,8851,8851,False,False,True,3.52,0.7689320388349514,0.4653,49,8621.0,87.0,bidmc-49-w085-0019,85
20,8851,9060.0,9381,True,0.073314,0.72141,True,8851,8851,9059.0,9062.0,9381,9381,False,False,True,4.208,0.7886792452830189,0.648096,49,9147.0,87.0,bidmc-49-w085-0020,85
21,9381,9563.0,9822,True,0.11437,0.79374,True,9381,9381,9562.0,9565.0,9822,9822,False,False,True,4.024,0.8253968253968254,0.67937,49,9650.0,87.0,bidmc-49-w085-0021,85
22,9822,10040.0,10324,True,0.024438,0.68426,True,9822,9822,10039.0,10042.0,10324,10324,False,False,True,3.816,0.8685258964143426,0.659822,49,10127.0,87.0,bidmc-49-w085-0022,85
23,10324,10532.0,10768,True,0.096774,0.62268,True,10324,10324,10531.0,10533.0,10768,10769,False,False,True,3.936,0.9369369369369369,0.525906,49,10618.0,86.0,bidmc-49-w085-0023,85
24,10768,10985.0,11210,True,0.14272,0.7654,True,10768,10769,10985.0,10985.0,11210,11210,False,False,True,3.624,0.9819004524886877,0.6226799999999999,49,11070.0,85.0,bidmc-49-w085-0024,85
25,11210,11404.0,11676,True,0.11241,0.64418,True,11210,11210,11401.0,11407.0,11676,11676,False,False,True,3.352,0.8326180257510729,0.53177,49,11492.0,88.0,bidmc-49-w085-0025,85
26,11676,11919.0,12144,True,0.10068,0.67546,True,11676,11676,11919.0,11919.0,12144,12144,False,False,True,4.12,0.9615384615384616,0.57478,49,12004.0,85.0,bidmc-49-w085-0026,85
27,12144,12409.0,12662,True,0.11632,0.90811,True,12144,12144,12409.0,12409.0,12662,12662,False,False,True,3.92,0.9768339768339769,0.79179,49,12494.0,85.0,bidmc-49-w085-0027,85
28,12662,12859.0,13118,True,0.01564,0.63734,True,12662,12662,12859.0,12859.0,13118,13118,False,False,True,3.6,0.8640350877192983,0.6217,49,12944.0,85.0,bidmc-49-w085-0028,85
29,13118,13360.0,13597,True,0.082111,0.63832,True,13118,13118,13357.0,13363.0,13597,13597,False,False,True,4.008,0.9895615866388309,0.556209,49,13448.0,88.0,bidmc-49-w085-0029,85
30,13597,13824.0,14110,True,0.10459,0.86804,True,13597,13597,13823.0,13825.0,14110,14111,False,False,True,3.712,0.8849902534113061,0.7634500000000001,49,13910.0,86.0,bidmc-49-w085-0030,85
31,14110,14235.0,14249,True,0.22483,0.56891,True,14110,14111,14233.0,14238.0,14249,14250,False,False,True,3.288,0.20143884892086328,0.34408000000000005,49,14323.0,88.0,bidmc-49-w085-0031,85
32,14249,14353.0,14525,True,0.2522,0.58847,True,14249,14250,14353.0,14353.0,14525,14525,False,False,True,0.944,0.7536231884057971,0.33627000000000007,49,14438.0,85.0,bidmc-49-w085-0032,85
33,14525,14749.0,15019,True,0.098729,0.79374,True,14525,14525,14747.0,14752.0,15019,15019,False,False,True,3.168,0.9068825910931174,0.695011,49,14837.0,88.0,bidmc-49-w085-0033,85
34,15019,15236.0,15480,True,0.02737,0.68328,True,15019,15019,15235.0,15237.0,15480,15481,False,False,True,3.896,0.9414316702819957,0.65591,49,15322.0,86.0,bidmc-49-w085-0034,85
35,15480,15677.0,15893,True,0.12512,0.62072,True,15480,15481,15677.0,15678.0,15893,15893,False,False,True,3.528,0.9539951573849879,0.49560000000000004,49,15763.0,86.0,bidmc-49-w085-0035,85
36,15893,16105.0,16325,True,0.093842,0.6784,True,15893,15893,16105.0,16105.0,16325,16325,False,False,True,3.424,0.9814814814814815,0.584558,49,16190.0,85.0,bidmc-49-w085-0036,85
37,16325,16531.0,16763,True,0.11339,0.71945,True,16325,16325,16531.0,16531.0,16763,16763,False,False,True,3.408,0.9406392694063928,0.60606,49,16616.0,85.0,bidmc-49-w085-0037,85
38,16763,16962.0,17159,True,0.13196,0.67253,True,16763,16763,16961.0,16964.0,17159,17159,False,False,True,3.448,0.9949494949494949,0.54057,49,17049.0,87.0,bidmc-49-w085-0038,85
39,17159,17356.0,17572,True,0.12708,0.6999,True,17159,17159,17355.0,17358.0,17572,17573,False,False,True,3.152,0.9539951573849879,0.57282,49,17443.0,87.0,bidmc-49-w085-0039,85
40,17572,17752.0,17968,True,0.13685,0.69795,True,17572,17573,17751.0,17754.0,17968,17968,False,False,True,3.168,0.9090909090909091,0.5610999999999999,49,17839.0,87.0,bidmc-49-w085-0040,85
41,17968,18156.0,18362,True,0.14565,0.70674,True,17968,17968,18153.0,18160.0,18362,18362,False,False,True,3.232,0.9543147208121827,0.5610900000000001,49,18245.0,89.0,bidmc-49-w085-0041,85
42,18362,18593.0,18850,True,0.10557,0.79277,True,18362,18362,18593.0,18593.0,18850,18851,False,False,True,3.496,0.9467213114754098,0.6872,49,18678.0,85.0,bidmc-49-w085-0042,85
43,18850,19095.0,19323,True,0.12512,0.85728,True,18850,18851,19095.0,19095.0,19323,19323,False,False,True,4.016,0.9640591966173362,0.73216,49,19180.0,85.0,bidmc-49-w085-0043,85
44,19323,19537.0,19794,True,0.15054,0.74682,True,19323,19323,19536.0,19539.0,19794,19794,False,False,True,3.536,0.9087048832271762,0.59628,49,19624.0,87.0,bidmc-49-w085-0044,85
45,19794,19990.0,20173,True,0.13783,0.74682,True,19794,19794,19988.0,19992.0,20173,20173,False,False,True,3.624,0.9656992084432717,0.60899,49,20077.0,87.0,bidmc-49-w085-0045,85
46,20173,20276.0,20376,True,0.18768,0.73118,True,20173,20173,20276.0,20277.0,20376,20376,False,False,True,2.288,0.9852216748768473,0.5435000000000001,49,20362.0,86.0,bidmc-49-w085-0046,85
47,20376,20528.0,20783,True,0.15738,0.76735,True,20376,20376,20527.0,20529.0,20783,20783,False,False,True,2.016,0.7469287469287469,0.60997,49,20614.0,86.0,bidmc-49-w085-0047,85
48,20783,21041.0,21116,True,0.14272,0.63832,True,20783,20783,21040.0,21043.0,21116,21116,False,False,True,4.104,0.4504504504504504,0.4956,49,21128.0,87.0,bidmc-49-w085-0048,85
49,21116,21241.0,21399,True,0.086022,0.84555,True,21116,21116,21241.0,21242.0,21399,21399,False,False,True,1.6,0.88339222614841,0.759528,49,21327.0,86.0,bidmc-49-w085-0049,85
50,21399,21521.0,21744,True,0.1261,0.43695,True,21399,21399,21521.0,21521.0,21744,21745,False,False,True,2.24,0.7072463768115942,0.31085,49,21606.0,85.0,bidmc-49-w085-0050,85
51,21744,21785.0,21819,True,0.1261,0.17889,True,21744,21745,21785.0,21785.0,21819,21819,False,False,True,2.112,0.9066666666666666,0.052790000000000004,49,21870.0,85.0,bidmc-49-w085-0051,85
52,21819,22050.0,22295,True,0.080156,0.72043,True,21819,21819,22049.0,22051.0,22295,22296,False,False,True,2.12,0.9705882352941176,0.640274,49,22136.0,86.0,bidmc-49-w085-0052,85
53,22295,22521.0,22725,True,0.14663,0.79374,True,22295,22296,22521.0,22521.0,22725,22726,False,False,True,3.768,0.9488372093023256,0.64711,49,22606.0,85.0,bidmc-49-w085-0053,85
54,22725,22925.0,23138,True,0.15347,0.7175,True,22725,22726,22924.0,22927.0,23138,23138,False,False,True,3.232,0.9685230024213075,0.56403,49,23012.0,87.0,bidmc-49-w085-0054,85
55,23138,23341.0,23528,True,0.13196,0.64027,True,23138,23138,23313.0,23369.0,23528,23528,False,False,True,3.328,0.958974358974359,0.50831,49,23454.0,113.0,bidmc-49-w085-0055,85
56,23528,23715.0,23933,True,0.13392,0.64809,True,23528,23528,23714.0,23717.0,23933,23933,False,False,True,2.992,0.9234567901234568,0.51417,49,23802.0,87.0,bidmc-49-w085-0056,85
57,23933,24146.0,24335,True,0.099707,0.64321,True,23933,23933,24145.0,24147.0,24335,24335,False,False,True,3.448,0.9402985074626866,0.543503,49,24232.0,86.0,bidmc-49-w085-0057,85
58,24335,24513.0,24713,True,0.11632,0.65298,True,24335,24335,24512.0,24514.0,24713,24713,False,False,True,2.936,0.9417989417989419,0.53666,49,24599.0,86.0,bidmc-49-w085-0058,85
59,24713,24901.0,25040,True,0.12121,0.69892,True,24713,24713,24901.0,24901.0,25040,25040,False,False,True,3.104,0.8501529051987767,0.57771,49,24986.0,85.0,bidmc-49-w085-0059,85
60,25040,25125.0,25306,True,0.17693,0.61388,True,25040,25040,25124.0,25126.0,25306,25306,False,False,True,1.792,0.6390977443609023,0.43694999999999995,49,25211.0,86.0,bidmc-49-w085-0060,85
61,25306,25511.0,25706,True,0.12903,0.69013,True,25306,25306,25511.0,25511.0,25706,25707,False,False,True,3.088,0.975,0.5611,49,25596.0,85.0,bidmc-49-w085-0061,85
62,25706,25907.0,26110,True,0.12805,0.66178,True,25706,25707,25906.0,25908.0,26110,26111,False,False,True,3.168,0.995049504950495,0.53373,49,25993.0,86.0,bidmc-49-w085-0062,85
63,26110,26298.0,26509,True,0.12121,0.69599,True,26110,26111,26297.0,26299.0,26509,26510,False,False,True,3.128,0.9423558897243107,0.57478,49,26384.0,86.0,bidmc-49-w085-0063,85
64,26509,26703.0,26920,True,0.13783,0.54545,True,26509,26510,26702.0,26705.0,26920,26920,False,False,True,3.24,0.9440389294403893,0.40762,49,26790.0,87.0,bidmc-49-w085-0064,85
65,26920,27151.0,27340,True,0.11535,0.70772,True,26920,26920,27150.0,27152.0,27340,27340,False,False,True,3.584,0.9,0.5923700000000001,49,27237.0,86.0,bidmc-49-w085-0065,85
66,27340,27546.0,27768,True,0.12708,0.64809,True,27340,27340,27545.0,27547.0,27768,27768,False,False,True,3.16,0.9626168224299065,0.5210100000000001,49,27632.0,86.0,bidmc-49-w085-0066,85
67,27768,28007.0,28142,True,0.13392,0.66667,True,27768,27768,28005.0,28009.0,28142,28142,False,False,True,3.688,0.7219251336898396,0.53275,49,28094.0,87.0,bidmc-49-w085-0067,85
68,28142,28154.0,28261,True,0.21408,0.42913,True,28142,28142,28153.0,28155.0,28261,28261,False,False,True,1.176,0.2016806722689075,0.21505000000000002,49,28240.0,86.0,bidmc-49-w085-0068,85
69,28261,28482.0,28784,True,0.17595,0.75855,True,28261,28261,28481.0,28483.0,28784,28784,False,False,True,2.624,0.8451242829827916,0.5826,49,28568.0,86.0,bidmc-49-w085-0069,85
70,28784,28921.0,29142,True,0.14956,0.58456,True,28784,28784,28921.0,28921.0,29142,29142,False,False,True,3.512,0.7653631284916201,0.43499999999999994,49,29006.0,85.0,bidmc-49-w085-0070,85
71,29142,29347.0,29605,True,0.11437,0.76833,True,29142,29142,29346.0,29348.0,29605,29605,False,False,True,3.408,0.8855291576673866,0.65396,49,29433.0,86.0,bidmc-49-w085-0071,85
72,29605,29843.0,29972,True,0.084066,0.51026,True,29605,29605,29843.0,29843.0,29972,29972,False,False,True,3.968,0.7029972752043596,0.4261940000000001,49,29928.0,85.0,bidmc-49-w085-0072,85
73,29972,30165.0,30405,True,0.15249,0.81329,True,29972,29972,30165.0,30166.0,30405,30406,False,False,True,2.576,0.8914549653579676,0.6607999999999999,49,30251.0,86.0,bidmc-49-w085-0073,85
74,30405,30686.0,30903,True,0.15054,0.79081,True,30405,30406,30685.0,30687.0,30903,30903,False,False,True,4.168,0.8714859437751004,0.64027,49,30772.0,86.0,bidmc-49-w085-0074,85
75,30903,31206.0,31451,True,0.14076,0.84164,True,30903,30903,31205.0,31207.0,31451,31451,False,False,True,4.16,0.8941605839416058,0.7008800000000001,49,31292.0,86.0,bidmc-49-w085-0075,85
76,31451,31649.0,31866,True,0.10655,0.79472,True,31451,31451,31648.0,31651.0,31866,31866,False,False,True,3.544,0.9542168674698795,0.68817,49,31736.0,87.0,bidmc-49-w085-0076,85
77,31866,32071.0,32276,True,0.090909,0.7781,True,31866,31866,32069.0,32073.0,32276,32276,False,False,True,3.376,1.0,0.687191,49,32158.0,87.0,bidmc-49-w085-0077,85
78,32276,32471.0,32687,True,0.1085,0.68719,True,32276,32276,32471.0,32471.0,32687,32687,False,False,True,3.2,0.948905109489051,0.5786899999999999,49,32556.0,85.0,bidmc-49-w085-0078,85
79,32687,32924.0,33139,True,0.11437,0.79179,True,32687,32687,32923.0,32925.0,33139,33139,False,False,True,3.624,0.9513274336283186,0.67742,49,33010.0,86.0,bidmc-49-w085-0079,85
80,33139,33409.0,33658,True,0.12023,0.90127,True,33139,33139,33408.0,33410.0,33658,33658,False,False,True,3.88,0.9595375722543352,0.78104,49,33495.0,86.0,bidmc-49-w085-0080,85
81,33658,33934.0,34194,True,0.13978,0.68817,True,33658,33658,33933.0,33935.0,34194,34194,False,False,True,4.2,0.9701492537313433,0.5483899999999999,49,34020.0,86.0,bidmc-49-w085-0081,85
82,34194,34466.0,34706,True,0.10753,0.72434,True,34194,34194,34464.0,34469.0,34706,34707,False,False,True,4.256,0.9375,0.61681,49,34554.0,88.0,bidmc-49-w085-0082,85
83,34706,35010.0,35284,True,0.11144,0.76637,True,34706,34707,35008.0,35013.0,35284,35284,False,False,True,4.352,0.9480968858131488,0.65493,49,35098.0,88.0,bidmc-49-w085-0083,85
84,35284,35557.0,35771,True,0.13587,0.77419,True,35284,35284,35557.0,35557.0,35771,35771,False,False,True,4.376,0.8788501026694046,0.63832,49,35642.0,85.0,bidmc-49-w085-0084,85
85,35771,35987.0,36166,True,0.14174,0.73998,True,35771,35771,35985.0,35989.0,36166,36166,False,False,True,3.44,0.9063291139240506,0.59824,49,36074.0,87.0,bidmc-49-w085-0085,85
86,36166,36409.0,36618,True,0.012708,1.0,True,36166,36166,36371.0,36447.0,36618,36618,False,False,True,3.376,0.9247787610619469,0.987292,49,36532.0,123.0,bidmc-49-w085-0086,85
87,36618,36938.0,37137,True,0.046921,0.72336,True,36618,36618,36925.0,36951.0,37137,37137,False,False,True,4.232,0.766859344894027,0.676439,49,37036.0,98.0,bidmc-49-w085-0087,85
88,37137,37314.0,37538,True,0.14565,0.7781,True,37137,37137,37313.0,37315.0,37538,37538,False,False,True,3.008,0.8827930174563591,0.63245,49,37400.0,86.0,bidmc-49-w085-0088,85
89,37538,37690.0,37927,True,0.14174,0.74194,True,37538,37538,37689.0,37691.0,37927,37927,False,False,True,3.008,0.781491002570694,0.6002000000000001,49,37776.0,86.0,bidmc-49-w085-0089,85
90,37927,38115.0,38315,True,0.12414,0.71065,True,37927,37927,38112.0,38119.0,38315,38315,False,False,True,3.4,0.9690721649484536,0.58651,49,38204.0,89.0,bidmc-49-w085-0090,85
91,38315,38494.0,38645,True,0.13001,0.71261,True,38315,38315,38494.0,38495.0,38645,38645,False,False,True,3.032,0.9151515151515152,0.5826,49,38580.0,86.0,bidmc-49-w085-0091,85
92,38645,38754.0,38939,True,0.12121,0.78788,True,38645,38645,38754.0,38755.0,38939,38939,False,False,True,2.08,0.7414965986394557,0.66667,49,38840.0,86.0,bidmc-49-w085-0092,85
93,38939,39112.0,39328,True,0.069404,1.0,True,38939,38939,39083.0,39142.0,39328,39328,False,False,True,2.864,0.8894601542416453,0.930596,49,39227.0,115.0,bidmc-49-w085-0093,85
94,39328,39537.0,39775,True,0.097752,1.0,True,39328,39328,39519.0,39555.0,39775,39776,False,False,True,3.4,0.9351230425055929,0.9022479999999999,49,39640.0,103.0,bidmc-49-w085-0094,85
95,39775,39966.0,40175,True,0.14174,0.81232,True,39775,39776,39965.0,39967.0,40175,40175,False,False,True,3.432,0.955,0.6705800000000001,49,40052.0,86.0,bidmc-49-w085-0095,85
96,40175,40383.0,40602,True,0.11437,0.80254,True,40175,40175,40383.0,40383.0,40602,40602,False,False,True,3.336,0.9742388758782201,0.6881700000000001,49,40468.0,85.0,bidmc-49-w085-0096,85
97,40602,40791.0,41028,True,0.12805,0.79863,True,40602,40602,40791.0,40791.0,41028,41029,False,False,True,3.264,0.8873239436619719,0.67058,49,40876.0,85.0,bidmc-49-w085-0097,85
98,41028,41233.0,41460,True,0.13881,0.70283,True,41028,41029,41232.0,41235.0,41460,41460,False,False,True,3.536,0.9490740740740741,0.56402,49,41320.0,87.0,bidmc-49-w085-0098,85
99,41460,41685.0,41909,True,0.12219,0.7566,True,41460,41460,41684.0,41687.0,41909,41909,False,False,True,3.616,0.9977728285077951,0.63441,49,41772.0,87.0,bidmc-49-w085-0099,85
100,41909,42126.0,42342,True,0.13783,0.78104,True,41909,41909,42125.0,42127.0,42342,42342,False,False,True,3.528,0.9976905311778291,0.64321,49,42212.0,86.0,bidmc-49-w085-0100,85
101,42342,42579.0,42783,True,0.13881,0.74682,True,42342,42342,42576.0,42582.0,42783,42783,False,False,True,3.624,0.9251700680272109,0.60801,49,42667.0,88.0,bidmc-49-w085-0101,85
102,42783,42994.0,43200,True,0.094819,0.63636,True,42783,42783,42993.0,42995.0,43200,43200,False,False,True,3.32,0.988009592326139,0.541541,49,43080.0,86.0,bidmc-49-w085-0102,85
103,43200,43420.0,43664,True,0.091887,0.75464,True,43200,43200,43419.0,43422.0,43664,43664,False,False,True,3.408,0.9482758620689655,0.6627529999999999,49,43507.0,87.0,bidmc-49-w085-0103,85
104,43664,43878.0,44061,True,0.15054,0.54741,True,43664,43664,43877.0,43879.0,44061,44061,False,False,True,3.664,0.9219143576826196,0.39686999999999995,49,43964.0,86.0,bidmc-49-w085-0104,85
105,44061,44271.0,44496,True,0.17889,0.77713,True,44061,44061,44268.0,44274.0,44496,44496,False,False,True,3.144,0.9655172413793104,0.59824,49,44359.0,88.0,bidmc-49-w085-0105,85
106,44496,44692.0,44917,True,0.14858,0.78886,True,44496,44496,44692.0,44693.0,44917,44917,False,False,True,3.368,0.9311163895486936,0.64028,49,44778.0,86.0,bidmc-49-w085-0106,85
107,44917,45115.0,45317,True,0.12414,0.75562,True,44917,44917,45114.0,45117.0,45317,45318,False,False,True,3.384,0.99,0.6314799999999999,49,45202.0,87.0,bidmc-49-w085-0107,85
108,45317,45502.0,45745,True,0.11828,0.76344,True,45317,45318,45499.0,45505.0,45745,45745,False,False,True,3.096,0.8644859813084113,0.64516,49,45590.0,88.0,bidmc-49-w085-0108,85
109,45745,45931.0,46187,True,0.010753,0.68231,True,45745,45745,45931.0,45931.0,46187,46187,False,False,True,3.432,0.8416289592760181,0.671557,49,46016.0,85.0,bidmc-49-w085-0109,85
110,46187,46417.0,46648,True,0.083089,0.83578,True,46187,46187,46416.0,46419.0,46648,46648,False,False,True,3.888,0.9978308026030369,0.752691,49,46504.0,87.0,bidmc-49-w085-0110,85
111,46648,46828.0,47054,True,0.18964,0.80254,True,46648,46648,46827.0,46830.0,47054,47054,False,False,True,3.288,0.8866995073891626,0.6129,49,46915.0,87.0,bidmc-49-w085-0111,85
112,47054,47269.0,47544,True,0.15543,0.89736,True,47054,47054,47269.0,47269.0,47544,47544,False,False,True,3.528,0.8775510204081632,0.74193,49,47354.0,85.0,bidmc-49-w085-0112,85
113,47544,47798.0,48021,True,0.044966,0.5914,True,47544,47544,47795.0,47802.0,48021,48021,False,False,True,4.232,0.9350104821802935,0.5464340000000001,49,47887.0,89.0,bidmc-49-w085-0113,85
114,48021,48237.0,48474,True,0.0,0.84653,True,48021,48021,48237.0,48237.0,48474,48474,False,False,True,3.512,0.9536423841059603,0.84653,49,48322.0,85.0,bidmc-49-w085-0114,85
115,48474,48713.0,48904,True,0.18866,0.63734,True,48474,48474,48713.0,48713.0,48904,48905,False,False,True,3.808,0.8883720930232558,0.44868,49,48798.0,85.0,bidmc-49-w085-0115,85
116,48904,49140.0,49332,True,0.15347,0.79081,True,48904,48905,49137.0,49143.0,49332,49332,False,False,True,3.416,0.897196261682243,0.63734,49,49228.0,88.0,bidmc-49-w085-0116,85
117,49332,49513.0,49714,True,0.15934,0.80254,True,49332,49332,49513.0,49513.0,49714,49714,False,False,True,2.984,0.9476439790575917,0.6432,49,49598.0,85.0,bidmc-49-w085-0117,85
118,49714,49911.0,50133,True,0.12903,0.81036,True,49714,49714,49911.0,49911.0,50133,50133,False,False,True,3.184,0.9403341288782816,0.68133,49,49996.0,85.0,bidmc-49-w085-0118,85
119,50133,50321.0,50558,True,0.12219,0.75562,True,50133,50133,50321.0,50321.0,50558,50558,False,False,True,3.28,0.8847058823529412,0.6334299999999999,49,50406.0,85.0,bidmc-49-w085-0119,85
120,50558,50809.0,51036,True,0.11632,0.65298,True,50558,50558,50809.0,50809.0,51036,51036,False,False,True,3.904,0.9497907949790795,0.53666,49,50894.0,85.0,bidmc-49-w085-0120,85
121,51036,51231.0,51535,True,0.14467,0.8045,True,51036,51036,51230.0,51233.0,51535,51535,False,False,True,3.376,0.781563126252505,0.65983,49,51318.0,87.0,bidmc-49-w085-0121,85
122,51535,51748.0,51986,True,0.14565,0.8172,True,51535,51535,51746.0,51750.0,51986,51986,False,False,True,4.136,0.9445676274944568,0.6715500000000001,49,51835.0,87.0,bidmc-49-w085-0122,85
123,51986,52200.0,52448,True,0.14956,0.81134,True,51986,51986,52199.0,52201.0,52448,52449,False,False,True,3.616,0.9264069264069263,0.6617799999999999,49,52286.0,86.0,bidmc-49-w085-0123,85
124,52448,52647.0,52862,True,0.17009,0.69404,True,52448,52449,52647.0,52648.0,52862,52862,False,False,True,3.576,0.961352657004831,0.52395,49,52733.0,86.0,bidmc-49-w085-0124,85
125,52862,53073.0,53268,True,0.13783,0.64809,True,52862,52862,53071.0,53075.0,53268,53268,False,False,True,3.408,0.9605911330049262,0.51026,49,53160.0,87.0,bidmc-49-w085-0125,85
126,53268,53468.0,53680,True,0.17889,0.80547,True,53268,53268,53467.0,53470.0,53680,53680,False,False,True,3.16,0.970873786407767,0.62658,49,53555.0,87.0,bidmc-49-w085-0126,85
127,53680,53860.0,54112,True,0.14467,0.74389,True,53680,53680,53859.0,53862.0,54112,54112,False,False,True,3.136,0.8333333333333334,0.5992200000000001,49,53947.0,87.0,bidmc-49-w085-0127,85
128,54112,54295.0,54533,True,0.14565,0.75367,True,54112,54112,54294.0,54296.0,54533,54534,False,False,True,3.48,0.8693586698337292,0.60802,49,54381.0,86.0,bidmc-49-w085-0128,85
129,54533,54718.0,54951,True,0.14076,0.74976,True,54533,54534,54717.0,54719.0,54951,54951,False,False,True,3.384,0.8851674641148325,0.609,49,54804.0,86.0,bidmc-49-w085-0129,85
130,54951,55144.0,55354,True,0.12317,0.7263,True,54951,54951,55143.0,55145.0,55354,55354,False,False,True,3.408,0.9578163771712159,0.6031299999999999,49,55230.0,86.0,bidmc-49-w085-0130,85
131,55354,55573.0,55800,True,0.14076,0.61095,True,55354,55354,55571.0,55575.0,55800,55800,False,False,True,3.432,0.9820627802690582,0.47019,49,55660.0,87.0,bidmc-49-w085-0131,85
132,55800,55993.0,56234,True,0.12512,0.77517,True,55800,55800,55993.0,55993.0,56234,56234,False,False,True,3.36,0.8894009216589862,0.65005,49,56078.0,85.0,bidmc-49-w085-0132,85
133,56234,56462.0,56683,True,0.13392,0.7566,True,56234,56234,56461.0,56463.0,56683,56683,False,False,True,3.752,0.9844097995545658,0.62268,49,56548.0,86.0,bidmc-49-w085-0133,85
134,56683,56887.0,57130,True,0.17009,0.62757,True,56683,56683,56886.0,56889.0,57130,57130,False,False,True,3.4,0.912751677852349,0.45748,49,56974.0,87.0,bidmc-49-w085-0134,85
135,57130,57331.0,57566,True,0.15445,0.73021,True,57130,57130,57331.0,57331.0,57566,57566,False,False,True,3.552,0.9220183486238532,0.57576,49,57416.0,85.0,bidmc-49-w085-0135,85
136,57566,57788.0,58012,True,0.14272,0.69599,True,57566,57566,57787.0,57789.0,58012,58013,False,False,True,3.656,0.9955156950672646,0.5532699999999999,49,57874.0,86.0,bidmc-49-w085-0136,85
137,58012,58255.0,58491,True,0.14956,0.71554,True,58012,58013,58255.0,58255.0,58491,58491,False,False,True,3.736,0.9853862212943633,0.5659799999999999,49,58340.0,85.0,bidmc-49-w085-0137,85
138,58491,58705.0,58936,True,0.1349,0.75758,True,58491,58491,58705.0,58705.0,58936,58936,False,False,True,3.6,0.9617977528089887,0.62268,49,58790.0,85.0,bidmc-49-w085-0138,85
139,58936,59155.0,59398,True,0.11437,0.77028,True,58936,58936,59155.0,59156.0,59398,59398,False,False,True,3.6,0.948051948051948,0.65591,49,59241.0,86.0,bidmc-49-w085-0139,85
140,59398,59573.0,59768,True,0.095797,0.61877,True,59398,59398,59572.0,59575.0,59768,59768,False,False,True,3.344,0.9459459459459459,0.522973,49,59660.0,87.0,bidmc-49-w085-0140,85
1,220,441.0,675,True,0.0,1.0,True,220,220,380.0,502.0,675,675,False,False,True,,0.9714285714285714,1.0,50,587.0,146.0,bidmc-50-w085-0001,85
2,675,909.0,1161,True,0.0,1.0,True,675,675,840.0,978.0,1161,1161,False,False,True,3.744,0.962962962962963,1.0,50,1063.0,154.0,bidmc-50-w085-0002,85
3,1161,1408.0,1663,True,0.0,1.0,True,1161,1161,1346.0,1470.0,1663,1663,False,False,True,3.992,0.9840637450199203,1.0,50,1555.0,147.0,bidmc-50-w085-0003,85
4,1663,1909.0,2156,True,0.0,1.0,True,1663,1663,1850.0,1968.0,2156,2156,False,False,True,4.008,0.9979716024340771,1.0,50,2053.0,144.0,bidmc-50-w085-0004,85
5,2156,2420.0,2713,True,0.0,1.0,True,2156,2156,2368.0,2472.0,2713,2714,False,False,True,4.088,0.947935368043088,1.0,50,2557.0,137.0,bidmc-50-w085-0005,85
6,2713,2988.0,3265,True,0.0,1.0,True,2713,2714,2922.0,3055.0,3265,3265,False,False,True,4.544,0.9963768115942029,1.0,50,3140.0,152.0,bidmc-50-w085-0006,85
7,3265,3504.0,3784,True,0.0,1.0,True,3265,3265,3442.0,3566.0,3784,3784,False,False,True,4.128,0.9210019267822736,1.0,50,3651.0,147.0,bidmc-50-w085-0007,85
8,3784,4025.0,4274,True,0.0,1.0,True,3784,3784,3950.0,4100.0,4274,4274,False,False,True,4.168,0.9836734693877551,1.0,50,4185.0,160.0,bidmc-50-w085-0008,85
9,4274,4500.0,4748,True,0.0,1.0,True,4274,4274,4428.0,4572.0,4748,4748,False,False,True,3.8,0.9535864978902954,1.0,50,4657.0,157.0,bidmc-50-w085-0009,85
10,4748,4986.0,5234,True,0.0,1.0,True,4748,4748,4910.0,5062.0,5234,5234,False,False,True,3.888,0.9794238683127572,1.0,50,5147.0,161.0,bidmc-50-w085-0010,85
11,5234,5458.0,5703,True,0.0,1.0,True,5234,5234,5384.0,5532.0,5703,5703,False,False,True,3.776,0.9552238805970149,1.0,50,5617.0,159.0,bidmc-50-w085-0011,85
12,5703,5933.0,6170,True,0.0,1.0,True,5703,5703,5856.0,6010.0,6170,6170,False,False,True,3.8,0.9850107066381156,1.0,50,6095.0,162.0,bidmc-50-w085-0012,85
13,6170,6409.0,6644,True,0.0,1.0,True,6170,6170,6326.0,6492.0,6644,6644,False,False,True,3.808,0.9915611814345991,1.0,50,6577.0,168.0,bidmc-50-w085-0013,85
14,6644,6853.0,7090,True,0.0,1.0,True,6644,6644,6796.0,6910.0,7090,7090,False,False,True,3.552,0.9372197309417041,1.0,50,6995.0,142.0,bidmc-50-w085-0014,85
15,7090,7328.0,7579,True,0.0,1.0,True,7090,7090,7262.0,7394.0,7579,7579,False,False,True,3.8,0.9734151329243353,1.0,50,7479.0,151.0,bidmc-50-w085-0015,85
16,7579,7849.0,8098,True,0.0,1.0,True,7579,7579,7792.0,7906.0,8098,8099,False,False,True,4.168,0.9595375722543352,1.0,50,7991.0,142.0,bidmc-50-w085-0016,85
17,8098,8345.0,8642,True,0.0,1.0,True,8098,8099,8294.0,8396.0,8642,8642,False,False,True,3.968,0.9080882352941176,1.0,50,8481.0,136.0,bidmc-50-w085-0017,85
18,8642,8885.0,9117,True,0.0,1.0,True,8642,8642,8812.0,8958.0,9117,9117,False,False,True,4.32,0.9768421052631578,1.0,50,9043.0,158.0,bidmc-50-w085-0018,85
19,9117,9328.0,9577,True,0.0,1.0,True,9117,9117,9274.0,9382.0,9577,9577,False,False,True,3.544,0.9173913043478261,1.0,50,9467.0,139.0,bidmc-50-w085-0019,85
20,9577,9779.0,10029,True,0.0,1.0,True,9577,9577,9720.0,9838.0,10029,10029,False,False,True,3.608,0.8938053097345133,1.0,50,9923.0,144.0,bidmc-50-w085-0020,85
21,10029,10249.0,10493,True,0.0,1.0,True,10029,10029,10188.0,10310.0,10493,10493,False,False,True,3.76,0.9482758620689655,1.0,50,10395.0,146.0,bidmc-50-w085-0021,85
22,10493,10738.0,10979,True,0.0,1.0,True,10493,10493,10670.0,10806.0,10979,10979,False,False,True,3.912,0.9917695473251029,1.0,50,10891.0,153.0,bidmc-50-w085-0022,85
23,10979,11172.0,11424,True,0.0,1.0,True,10979,10979,11120.0,11224.0,11424,11424,False,False,True,3.472,0.8674157303370786,1.0,50,11309.0,137.0,bidmc-50-w085-0023,85
24,11424,11645.0,11892,True,0.0,1.0,True,11424,11424,11582.0,11708.0,11892,11892,False,False,True,3.784,0.9444444444444444,1.0,50,11793.0,148.0,bidmc-50-w085-0024,85
25,11892,12115.0,12362,True,0.0,1.0,True,11892,11892,12050.0,12180.0,12362,12362,False,False,True,3.76,0.948936170212766,1.0,50,12265.0,150.0,bidmc-50-w085-0025,85
26,12362,12605.0,12851,True,0.0,1.0,True,12362,12362,12534.0,12676.0,12851,12851,False,False,True,3.92,0.9938650306748467,1.0,50,12761.0,156.0,bidmc-50-w085-0026,85
27,12851,13080.0,13298,True,0.0,1.0,True,12851,12851,13011.0,13150.0,13298,13298,False,False,True,3.8,0.9753914988814317,1.0,50,13235.0,155.0,bidmc-50-w085-0027,85
28,13298,13501.0,13759,True,0.0,1.0,True,13298,13298,13442.0,13560.0,13759,13759,False,False,True,3.368,0.8806941431670282,1.0,50,13645.0,144.0,bidmc-50-w085-0028,85
29,13759,13977.0,14231,True,0.0,1.0,True,13759,13759,13916.0,14038.0,14231,14231,False,False,True,3.808,0.923728813559322,1.0,50,14123.0,146.0,bidmc-50-w085-0029,85
30,14231,14462.0,14710,True,0.0,1.0,True,14231,14231,14398.0,14526.0,14710,14710,False,False,True,3.88,0.964509394572025,1.0,50,14611.0,149.0,bidmc-50-w085-0030,85
31,14710,14949.0,15218,True,0.0,1.0,True,14710,14710,14880.0,15018.0,15218,15219,False,False,True,3.896,0.9409448818897638,1.0,50,15103.0,154.0,bidmc-50-w085-0031,85
32,15218,15529.0,15793,True,0.0,1.0,True,15218,15219,15452.0,15606.0,15793,15793,False,False,True,4.64,0.9182608695652174,1.0,50,15691.0,162.0,bidmc-50-w085-0032,85
33,15793,16038.0,16301,True,0.0,1.0,True,15793,15793,15970.0,16106.0,16301,16302,False,False,True,4.072,0.9645669291338582,1.0,50,16191.0,153.0,bidmc-50-w085-0033,85
34,16301,16627.0,16904,True,0.0,1.0,True,16301,16302,16548.0,16706.0,16904,16904,False,False,True,4.712,0.9187396351575456,1.0,50,16791.0,164.0,bidmc-50-w085-0034,85
35,16904,17175.0,17434,True,0.0,1.0,True,16904,16904,17126.0,17224.0,17434,17435,False,False,True,4.384,0.9773584905660377,1.0,50,17309.0,134.0,bidmc-50-w085-0035,85
36,17434,17681.0,17966,True,0.0,1.0,True,17434,17435,17630.0,17732.0,17966,17966,False,False,True,4.048,0.9285714285714286,1.0,50,17817.0,136.0,bidmc-50-w085-0036,85
37,17966,18207.0,18476,True,0.0,1.0,True,17966,17966,18132.0,18282.0,18476,18476,False,False,True,4.208,0.9450980392156862,1.0,50,18367.0,160.0,bidmc-50-w085-0037,85
38,18476,18721.0,19056,True,0.0,1.0,True,18476,18476,18652.0,18790.0,19056,19056,False,False,True,4.112,0.8448275862068966,1.0,50,18875.0,154.0,bidmc-50-w085-0038,85
39,19056,19313.0,19591,True,0.0,1.0,True,19056,19056,19240.0,19386.0,19586,19596,False,False,True,4.736,0.9607476635514018,1.0,50,19471.0,158.0,bidmc-50-w085-0039,85
40,19591,19835.0,20088,True,0.0,1.0,True,19586,19596,19762.0,19908.0,20088,20088,False,False,True,4.176,0.9818913480885312,1.0,50,19993.0,158.0,bidmc-50-w085-0040,85
41,20088,20300.0,20556,True,0.0,1.0,True,20088,20088,20230.0,20370.0,20556,20556,False,False,True,3.72,0.905982905982906,1.0,50,20455.0,155.0,bidmc-50-w085-0041,85
42,20556,20775.0,21031,True,0.0,1.0,True,20556,20556,20710.0,20840.0,21031,21031,False,False,True,3.8,0.9221052631578948,1.0,50,20925.0,150.0,bidmc-50-w085-0042,85
43,21031,21269.0,21528,True,0.0,1.0,True,21031,21031,21202.0,21336.0,21528,21529,False,False,True,3.952,0.9577464788732395,1.0,50,21421.0,152.0,bidmc-50-w085-0043,85
44,21528,21771.0,22100,True,0.0,1.0,True,21528,21529,21706.0,21836.0,22100,22100,False,False,True,4.016,0.8496503496503497,1.0,50,21921.0,150.0,bidmc-50-w085-0044,85
45,22100,22361.0,22637,True,0.0,1.0,True,22100,22100,22292.0,22430.0,22637,22638,False,False,True,4.72,0.9720670391061452,1.0,50,22515.0,154.0,bidmc-50-w085-0045,85
46,22637,22925.0,23205,True,0.0,1.0,True,22637,22638,22840.0,23010.0,23205,23205,False,False,True,4.512,0.9859154929577465,1.0,50,23095.0,170.0,bidmc-50-w085-0046,85
47,23205,23456.0,23793,True,0.0,1.0,True,23205,23205,23386.0,23526.0,23793,23793,False,False,True,4.248,0.8537414965986394,1.0,50,23611.0,155.0,bidmc-50-w085-0047,85
48,23793,23798.0,23801,True,0.036168,0.049853,True,23793,23793,23798.0,23799.0,23801,23801,False,False,True,2.736,0.75,0.013685000000000003,50,23884.0,86.0,bidmc-50-w085-0048,85
49,23801,24064.0,24378,True,0.0,1.0,True,23801,23801,23992.0,24136.0,24378,24378,False,False,True,2.128,0.9116117850953206,1.0,50,24221.0,157.0,bidmc-50-w085-0049,85
50,24378,24623.0,24896,True,0.0,1.0,True,24378,24378,24550.0,24696.0,24896,24897,False,False,True,4.472,0.9459459459459459,1.0,50,24781.0,158.0,bidmc-50-w085-0050,85
51,24896,25147.0,25422,True,0.0,1.0,True,24896,24897,25076.0,25218.0,25422,25423,False,False,True,4.192,0.9543726235741445,1.0,50,25303.0,156.0,bidmc-50-w085-0051,85
52,25422,25658.0,25970,True,0.0,1.0,True,25422,25423,25584.0,25732.0,25966,25974,False,False,True,4.088,0.8613138686131387,1.0,50,25817.0,159.0,bidmc-50-w085-0052,85
53,25970,26233.0,26494,True,0.0,1.0,True,25966,25974,26159.0,26308.0,26494,26494,False,False,True,4.6,0.9961832061068703,1.0,50,26393.0,160.0,bidmc-50-w085-0053,85
54,26494,26721.0,26981,True,0.0,1.0,True,26494,26494,26654.0,26789.0,26981,26981,False,False,True,3.904,0.9322381930184804,1.0,50,26874.0,153.0,bidmc-50-w085-0054,85
55,26981,27206.0,27449,True,0.0,1.0,True,26981,26981,27142.0,27270.0,27449,27449,False,False,True,3.88,0.9615384615384616,1.0,50,27355.0,149.0,bidmc-50-w085-0055,85
56,27449,27671.0,27918,True,0.0,1.0,True,27449,27449,27598.0,27744.0,27918,27918,False,False,True,3.72,0.9466950959488273,1.0,50,27829.0,158.0,bidmc-50-w085-0056,85
57,27918,28143.0,28419,True,0.0,1.0,True,27918,27918,28064.0,28222.0,28416,28422,False,False,True,3.776,0.8982035928143712,1.0,50,28307.0,164.0,bidmc-50-w085-0057,85
58,28419,28665.0,28942,True,0.0,1.0,True,28416,28422,28596.0,28734.0,28938,28946,False,False,True,4.176,0.9407265774378585,1.0,50,28819.0,154.0,bidmc-50-w085-0058,85
59,28942,29179.0,29423,True,0.0,1.0,True,28938,28946,29110.0,29248.0,29423,29423,False,False,True,4.112,0.9854469854469854,1.0,50,29333.0,154.0,bidmc-50-w085-0059,85
60,29423,29636.0,29884,True,0.0,1.0,True,29423,29423,29570.0,29702.0,29884,29884,False,False,True,3.656,0.9240780911062907,1.0,50,29787.0,151.0,bidmc-50-w085-0060,85
61,29884,30076.0,30302,True,0.0,1.0,True,29884,29884,30026.0,30126.0,30302,30302,False,False,True,3.52,0.9186602870813397,1.0,50,30211.0,135.0,bidmc-50-w085-0061,85
62,30302,30574.0,30813,True,0.0,1.0,True,30302,30302,30510.0,30638.0,30813,30813,False,False,True,3.984,0.9354207436399218,1.0,50,30723.0,149.0,bidmc-50-w085-0062,85
63,30813,31056.0,31300,True,0.0,1.0,True,30813,30813,30988.0,31124.0,31300,31300,False,False,True,3.856,0.997946611909651,1.0,50,31209.0,153.0,bidmc-50-w085-0063,85
64,31300,31534.0,31784,True,0.0,1.0,True,31300,31300,31460.0,31608.0,31784,31784,False,False,True,3.824,0.9669421487603306,1.0,50,31693.0,159.0,bidmc-50-w085-0064,85
65,31784,32002.0,32220,True,0.0,1.0,True,31784,31784,31948.0,32056.0,32220,32220,False,False,True,3.744,1.0,1.0,50,32141.0,139.0,bidmc-50-w085-0065,85
66,32220,32449.0,32687,True,0.0,1.0,True,32220,32220,32386.0,32512.0,32687,32687,False,False,True,3.576,0.9807280513918629,1.0,50,32597.0,148.0,bidmc-50-w085-0066,85
67,32687,32905.0,33129,True,0.0,1.0,True,32687,32687,32858.0,32952.0,33129,33129,False,False,True,3.648,0.9864253393665159,1.0,50,33037.0,132.0,bidmc-50-w085-0067,85
68,33129,33350.0,33600,True,0.0,1.0,True,33129,33129,33290.0,33410.0,33600,33600,False,False,True,3.56,0.9384288747346072,1.0,50,33495.0,145.0,bidmc-50-w085-0068,85
69,33600,33861.0,34107,True,0.01955,1.0,True,33600,33600,33804.0,33918.0,34107,34107,False,False,True,4.088,0.9704142011834319,0.98045,50,34003.0,142.0,bidmc-50-w085-0069,85
70,34107,34437.0,34703,True,0.018573,1.0,True,34107,34107,34370.0,34504.0,34703,34703,False,False,True,4.608,0.8926174496644296,0.981427,50,34589.0,152.0,bidmc-50-w085-0070,85
71,34703,34955.0,35214,True,0.0,1.0,True,34703,34703,34892.0,35018.0,35214,35214,False,False,True,4.144,0.9863013698630136,1.0,50,35103.0,148.0,bidmc-50-w085-0071,85
72,35214,35452.0,35723,True,0.0,1.0,True,35214,35214,35386.0,35518.0,35723,35723,False,False,True,3.976,0.9351669941060904,1.0,50,35603.0,151.0,bidmc-50-w085-0072,85
73,35723,36031.0,36318,True,0.0,1.0,True,35723,35723,35958.0,36104.0,36318,36318,False,False,True,4.632,0.9647058823529412,1.0,50,36189.0,158.0,bidmc-50-w085-0073,85
74,36318,36580.0,36846,True,0.0,1.0,True,36318,36318,36522.0,36638.0,36846,36846,False,False,True,4.392,0.9924242424242424,1.0,50,36723.0,143.0,bidmc-50-w085-0074,85
75,36846,37076.0,37374,True,0.0,1.0,True,36846,36846,37016.0,37136.0,37374,37374,False,False,True,3.968,0.8712121212121212,1.0,50,37221.0,145.0,bidmc-50-w085-0075,85
76,37374,37650.0,37963,True,0.0,1.0,True,37374,37374,37588.0,37712.0,37963,37963,False,False,True,4.592,0.9371816638370118,1.0,50,37797.0,147.0,bidmc-50-w085-0076,85
77,37963,38225.0,38560,True,0.0,1.0,True,37963,37963,38160.0,38290.0,38560,38560,False,False,True,4.6,0.8777219430485762,1.0,50,38375.0,150.0,bidmc-50-w085-0077,85
78,38560,38836.0,39100,True,0.0029325,1.0,True,38560,38560,38766.0,38906.0,39100,39100,False,False,True,4.888,0.9777777777777777,0.9970675,50,38991.0,155.0,bidmc-50-w085-0078,85
79,39100,39324.0,39605,True,0.0,1.0,True,39100,39100,39260.0,39388.0,39605,39605,False,False,True,3.904,0.8871287128712871,1.0,50,39473.0,149.0,bidmc-50-w085-0079,85
80,39605,39853.0,40140,True,0.0,1.0,True,39605,39605,39792.0,39914.0,40140,40140,False,False,True,4.232,0.9271028037383178,1.0,50,39999.0,146.0,bidmc-50-w085-0080,85
81,40140,40381.0,40655,True,0.0,1.0,True,40140,40140,40304.0,40458.0,40655,40655,False,False,True,4.224,0.9359223300970874,1.0,50,40543.0,162.0,bidmc-50-w085-0081,85
82,40655,40929.0,41186,True,0.0,1.0,True,40655,40655,40860.0,40998.0,41176,41196,False,False,True,4.384,0.967984934086629,1.0,50,41083.0,154.0,bidmc-50-w085-0082,85
83,41186,41415.0,41664,True,0.0,1.0,True,41176,41196,41357.0,41474.0,41664,41664,False,False,True,3.888,0.9581589958158996,1.0,50,41559.0,144.0,bidmc-50-w085-0083,85
84,41664,41879.0,42134,True,0.0,1.0,True,41664,41664,41826.0,41932.0,42134,42134,False,False,True,3.712,0.9148936170212766,1.0,50,42017.0,138.0,bidmc-50-w085-0084,85
85,42134,42344.0,42582,True,0.0,1.0,True,42134,42134,42282.0,42406.0,42582,42582,False,False,True,3.72,0.9375,1.0,50,42491.0,147.0,bidmc-50-w085-0085,85
86,42582,42813.0,43048,True,0.0,1.0,True,42582,42582,42750.0,42876.0,43048,43048,False,False,True,3.752,0.9914163090128756,1.0,50,42961.0,148.0,bidmc-50-w085-0086,85
87,43048,43265.0,43495,True,0.0,1.0,True,43048,43048,43212.0,43318.0,43495,43495,False,False,True,3.616,0.970917225950783,1.0,50,43403.0,138.0,bidmc-50-w085-0087,85
88,43495,43719.0,43952,True,0.0,1.0,True,43495,43495,43670.0,43768.0,43952,43952,False,False,True,3.632,0.9803063457330415,1.0,50,43853.0,134.0,bidmc-50-w085-0088,85
89,43952,44196.0,44440,True,0.0,1.0,True,43952,43952,44134.0,44258.0,44440,44440,False,False,True,3.816,1.0,1.0,50,44343.0,147.0,bidmc-50-w085-0089,85
90,44440,44686.0,44915,True,0.01173,1.0,True,44440,44440,44626.0,44746.0,44915,44915,False,False,True,3.92,0.9642105263157895,0.98827,50,44831.0,145.0,bidmc-50-w085-0090,85
91,44915,45136.0,45358,True,0.043011,1.0,True,44915,44915,45116.0,45156.0,45358,45358,False,False,True,3.6,0.9977426636568849,0.956989,50,45241.0,105.0,bidmc-50-w085-0091,85
92,45358,45662.0,45925,True,0.034213,1.0,True,45358,45358,45618.0,45706.0,45925,45925,False,False,True,4.208,0.9276895943562611,0.965787,50,45791.0,129.0,bidmc-50-w085-0092,85
93,45925,46174.0,46424,True,0.0029325,1.0,True,45925,45925,46108.0,46240.0,46424,46424,False,False,True,4.096,0.9979959919839679,0.9970675,50,46325.0,151.0,bidmc-50-w085-0093,85
94,46424,46678.0,46940,True,0.02737,1.0,True,46424,46424,46610.0,46746.0,46940,46940,False,False,True,4.032,0.9844961240310077,0.97263,50,46831.0,153.0,bidmc-50-w085-0094,85
95,46940,47205.0,47517,True,0.0,1.0,True,46940,46940,47152.0,47258.0,47517,47517,False,False,True,4.216,0.9185441941074524,1.0,50,47343.0,138.0,bidmc-50-w085-0095,85
96,47517,47781.0,48020,True,0.0,1.0,True,47517,47517,47712.0,47850.0,48020,48020,False,False,True,4.608,0.9502982107355865,1.0,50,47935.0,154.0,bidmc-50-w085-0096,85
97,48020,48246.0,48468,True,0.0,1.0,True,48020,48020,48170.0,48322.0,48468,48468,False,False,True,3.72,0.9910714285714286,1.0,50,48407.0,161.0,bidmc-50-w085-0097,85
98,48468,48694.0,48932,True,0.0,1.0,True,48468,48468,48636.0,48753.0,48932,48932,False,False,True,3.584,0.9741379310344828,1.0,50,48838.0,144.0,bidmc-50-w085-0098,85
99,48932,49154.0,49404,True,0.0,1.0,True,48932,48932,49100.0,49209.0,49404,49404,False,False,True,3.68,0.940677966101695,1.0,50,49294.0,140.0,bidmc-50-w085-0099,85
100,49404,49649.0,49884,True,0.0,1.0,True,49404,49404,49594.0,49704.0,49884,49884,False,False,True,3.96,0.9791666666666666,1.0,50,49789.0,140.0,bidmc-50-w085-0100,85
101,49884,50121.0,50361,True,0.0,1.0,True,49884,49884,50062.0,50180.0,50361,50361,False,False,True,3.776,0.9937106918238994,1.0,50,50265.0,144.0,bidmc-50-w085-0101,85
102,50361,50586.0,50857,True,0.0039101,1.0,True,50361,50361,50544.0,50628.0,50857,50857,False,False,True,3.72,0.907258064516129,0.9960899,50,50713.0,127.0,bidmc-50-w085-0102,85
103,50857,51111.0,51374,True,0.030303,1.0,True,50857,50857,51050.0,51172.0,51374,51375,False,False,True,4.2,0.9825918762088974,0.969697,50,51257.0,146.0,bidmc-50-w085-0103,85
104,51374,51660.0,51928,True,0.0,1.0,True,51374,51375,51612.0,51708.0,51928,51928,False,False,True,4.392,0.9675090252707581,1.0,50,51793.0,133.0,bidmc-50-w085-0104,85
105,51928,52178.0,52429,True,0.0,1.0,True,51928,51928,52104.0,52253.0,52429,52429,False,False,True,4.144,0.998003992015968,1.0,50,52338.0,160.0,bidmc-50-w085-0105,85
106,52429,52672.0,52927,True,0.0,1.0,True,52429,52429,52602.0,52743.0,52927,52927,False,False,True,3.952,0.9759036144578314,1.0,50,52828.0,156.0,bidmc-50-w085-0106,85
107,52927,53172.0,53429,True,0.0,1.0,True,52927,52927,53108.0,53236.0,53429,53429,False,False,True,4.0,0.9760956175298805,1.0,50,53321.0,149.0,bidmc-50-w085-0107,85
108,53429,53680.0,53982,True,0.0,1.0,True,53429,53429,53624.0,53736.0,53982,53982,False,False,True,4.064,0.9077757685352622,1.0,50,53821.0,141.0,bidmc-50-w085-0108,85
109,53982,54245.0,54516,True,0.0,1.0,True,53982,53982,54176.0,54314.0,54516,54516,False,False,True,4.52,0.9850187265917603,1.0,50,54399.0,154.0,bidmc-50-w085-0109,85
110,54516,54778.0,55062,True,0.0,1.0,True,54516,54516,54726.0,54830.0,55062,55062,False,False,True,4.264,0.9597069597069597,1.0,50,54915.0,137.0,bidmc-50-w085-0110,85
111,55062,55324.0,55594,True,0.0,1.0,True,55062,55062,55256.0,55392.0,55594,55594,False,False,True,4.368,0.9849624060150376,1.0,50,55477.0,153.0,bidmc-50-w085-0111,85
112,55594,55847.0,56101,True,0.0,1.0,True,55594,55594,55784.0,55910.0,56101,56101,False,False,True,4.184,0.9980276134122288,1.0,50,55995.0,148.0,bidmc-50-w085-0112,85
113,56101,56333.0,56607,True,0.0,1.0,True,56101,56101,56270.0,56396.0,56607,56608,False,False,True,3.888,0.9169960474308301,1.0,50,56481.0,148.0,bidmc-50-w085-0113,85
114,56607,56856.0,57165,True,0.0,1.0,True,56607,56608,56802.0,56910.0,57165,57165,False,False,True,4.184,0.8924731182795699,1.0,50,56995.0,139.0,bidmc-50-w085-0114,85
115,57165,57434.0,57755,True,0.0,1.0,True,57165,57165,57366.0,57502.0,57755,57755,False,False,True,4.624,0.9118644067796611,1.0,50,57587.0,153.0,bidmc-50-w085-0115,85
116,57755,58014.0,58286,True,0.0,1.0,True,57755,57755,57948.0,58080.0,58286,58286,False,False,True,4.64,0.975517890772128,1.0,50,58165.0,151.0,bidmc-50-w085-0116,85
117,58286,58544.0,58856,True,0.0,1.0,True,58286,58286,58488.0,58600.0,58856,58856,False,False,True,4.24,0.9052631578947369,1.0,50,58685.0,141.0,bidmc-50-w085-0117,85
118,58856,59115.0,59412,True,0.0,1.0,True,58856,58856,59048.0,59182.0,59412,59412,False,False,True,4.568,0.9316546762589928,1.0,50,59267.0,152.0,bidmc-50-w085-0118,85
1,373,571.0,765,True,-0.30318,0.53545,True,373,373,570.0,573.0,765,765,False,False,True,,0.9897959183673469,0.83863,51,658.0,87.0,bidmc-51-w085-0001,85
2,765,982.0,1176,True,-0.2934,0.68704,True,765,765,981.0,983.0,1176,1176,False,False,True,3.288,0.9440389294403893,0.98044,51,1068.0,86.0,bidmc-51-w085-0002,85
3,1176,1383.0,1573,True,-0.27873,0.63325,True,1176,1176,1381.0,1385.0,1573,1573,False,False,True,3.208,0.9571788413098237,0.91198,51,1470.0,87.0,bidmc-51-w085-0003,85
4,1573,1763.0,2012,True,-0.32518,0.57457,True,1573,1573,1757.0,1769.0,2012,2013,False,False,True,3.04,0.8656036446469249,0.89975,51,1854.0,91.0,bidmc-51-w085-0004,85
5,2012,2251.0,2450,True,-0.3643,0.67237,True,2012,2013,2251.0,2251.0,2450,2450,False,False,True,3.904,0.908675799086758,1.03667,51,2336.0,85.0,bidmc-51-w085-0005,85
6,2450,2711.0,2911,True,-0.28606,0.57946,True,2450,2450,2709.0,2713.0,2911,2911,False,False,True,3.68,0.8676789587852495,0.86552,51,2798.0,87.0,bidmc-51-w085-0006,85
7,2911,3149.0,3316,True,-0.25428,0.63081,True,2911,2911,3148.0,3151.0,3316,3316,False,False,True,3.504,0.8246913580246913,0.8850899999999999,51,3236.0,87.0,bidmc-51-w085-0007,85
8,3316,3500.0,3703,True,-0.25428,0.58924,True,3316,3316,3497.0,3504.0,3703,3703,False,False,True,2.808,0.9509043927648578,0.84352,51,3589.0,89.0,bidmc-51-w085-0008,85
9,3703,3934.0,4114,True,-0.25917,0.68215,True,3703,3703,3933.0,3935.0,4114,4115,False,False,True,3.472,0.8759124087591241,0.94132,51,4020.0,86.0,bidmc-51-w085-0009,85
10,4114,4327.0,4507,True,-0.28362,0.59413,True,4114,4115,4326.0,4329.0,4507,4507,False,False,True,3.144,0.916030534351145,0.87775,51,4414.0,87.0,bidmc-51-w085-0010,85
11,4507,4699.0,4898,True,-0.28362,0.55501,True,4507,4507,4698.0,4701.0,4898,4898,False,False,True,2.976,0.9820971867007673,0.83863,51,4786.0,87.0,bidmc-51-w085-0011,85
12,4898,5117.0,5326,True,-0.28851,0.74817,True,4898,4898,5115.0,5119.0,5326,5327,False,False,True,3.344,0.9766355140186916,1.03668,51,5204.0,87.0,bidmc-51-w085-0012,85
13,5326,5531.0,5745,True,-0.28362,0.7066,True,5326,5327,5531.0,5531.0,5745,5746,False,False,True,3.312,0.9785202863961814,0.99022,51,5616.0,85.0,bidmc-51-w085-0013,85
14,5745,5983.0,6162,True,-0.27139,0.59658,True,5745,5746,5981.0,5986.0,6162,6162,False,False,True,3.616,0.8585131894484412,0.86797,51,6071.0,88.0,bidmc-51-w085-0014,85
15,6162,6353.0,6555,True,-0.27139,0.64303,True,6162,6162,6351.0,6355.0,6555,6555,False,False,True,2.96,0.9720101781170484,0.91442,51,6440.0,87.0,bidmc-51-w085-0015,85
16,6555,6771.0,6994,True,-0.27139,0.67237,True,6555,6555,6771.0,6771.0,6994,6994,False,False,True,3.344,0.9840546697038725,0.94376,51,6856.0,85.0,bidmc-51-w085-0016,85
17,6994,7190.0,7395,True,-0.28117,0.64303,True,6994,6994,7189.0,7191.0,7395,7395,False,False,True,3.352,0.9775561097256857,0.9241999999999999,51,7276.0,86.0,bidmc-51-w085-0017,85
18,7395,7615.0,7830,True,-0.28117,0.70171,True,7395,7395,7613.0,7618.0,7830,7830,False,False,True,3.4,0.9885057471264368,0.98288,51,7703.0,88.0,bidmc-51-w085-0018,85
19,7830,8005.0,8251,True,-0.27384,0.44743,True,7830,7830,8005.0,8005.0,8251,8251,False,False,True,3.12,0.831353919239905,0.72127,51,8090.0,85.0,bidmc-51-w085-0019,85
20,8251,8453.0,8664,True,-0.24939,0.58924,True,8251,8251,8451.0,8455.0,8664,8664,False,False,True,3.584,0.9782082324455206,0.83863,51,8540.0,87.0,bidmc-51-w085-0020,85
21,8664,8872.0,9060,True,-0.23472,0.6088,True,8664,8664,8871.0,8874.0,9060,9061,False,False,True,3.352,0.9494949494949495,0.84352,51,8959.0,87.0,bidmc-51-w085-0021,85
22,9060,9218.0,9422,True,-0.26406,0.3912,True,9060,9061,9217.0,9220.0,9422,9423,False,False,True,2.768,0.8729281767955801,0.65526,51,9305.0,87.0,bidmc-51-w085-0022,85
23,9422,9644.0,9831,True,-0.26161,0.61369,True,9422,9423,9643.0,9645.0,9831,9831,False,False,True,3.408,0.9144254278728606,0.8753,51,9730.0,86.0,bidmc-51-w085-0023,85
24,9831,10032.0,10215,True,-0.28362,0.56479,True,9831,9831,10031.0,10033.0,10215,10216,False,False,True,3.104,0.953125,0.84841,51,10118.0,86.0,bidmc-51-w085-0024,85
25,10215,10430.0,10627,True,-0.29829,0.54523,True,10215,10216,10426.0,10435.0,10627,10627,False,False,True,3.184,0.9563106796116505,0.84352,51,10520.0,90.0,bidmc-51-w085-0025,85
26,10627,10837.0,11058,True,-0.27139,0.62347,True,10627,10627,10834.0,10840.0,11058,11058,False,False,True,3.256,0.974477958236659,0.89486,51,10925.0,88.0,bidmc-51-w085-0026,85
27,11058,11261.0,11494,True,-0.26895,0.66504,True,11058,11058,11261.0,11261.0,11494,11495,False,False,True,3.392,0.9311926605504587,0.93399,51,11346.0,85.0,bidmc-51-w085-0027,85
28,11494,11729.0,11894,True,-0.2665,0.32274,True,11494,11495,11729.0,11729.0,11894,11894,False,False,True,3.744,0.825,0.58924,51,11814.0,85.0,bidmc-51-w085-0028,85
29,11894,12086.0,12261,True,-0.26895,0.44988,True,11894,11894,12084.0,12089.0,12261,12262,False,False,True,2.856,0.9536784741144414,0.7188300000000001,51,12174.0,88.0,bidmc-51-w085-0029,85
30,12261,12445.0,12641,True,-0.22005,0.56724,True,12261,12262,12444.0,12447.0,12641,12641,False,False,True,2.872,0.968421052631579,0.7872899999999999,51,12532.0,87.0,bidmc-51-w085-0030,85
31,12641,12813.0,13019,True,-0.25183,0.49633,True,12641,12641,12811.0,12815.0,13019,13020,False,False,True,2.944,0.91005291005291,0.7481599999999999,51,12900.0,87.0,bidmc-51-w085-0031,85
32,13019,13226.0,13431,True,-0.24939,0.66993,True,13019,13020,13225.0,13227.0,13431,13432,False,False,True,3.304,0.9951456310679612,0.91932,51,13312.0,86.0,bidmc-51-w085-0032,85
33,13431,13647.0,13851,True,-0.25428,0.77995,True,13431,13432,13645.0,13649.0,13851,13851,False,False,True,3.368,0.9714285714285714,1.03423,51,13734.0,87.0,bidmc-51-w085-0033,85
34,13851,14091.0,14268,True,-0.24205,0.71149,True,13851,13851,14091.0,14091.0,14268,14268,False,False,True,3.552,0.8489208633093526,0.9535399999999999,51,14176.0,85.0,bidmc-51-w085-0034,85
35,14268,14446.0,14660,True,-0.28117,0.65037,True,14268,14268,14444.0,14449.0,14660,14660,False,False,True,2.84,0.9081632653061225,0.93154,51,14534.0,88.0,bidmc-51-w085-0035,85
36,14660,14859.0,15056,True,-0.27384,0.61858,True,14660,14660,14857.0,14861.0,15056,15056,False,False,True,3.304,0.9949494949494949,0.89242,51,14946.0,87.0,bidmc-51-w085-0036,85
37,15056,15258.0,15440,True,-0.28362,0.5868,True,15056,15056,15257.0,15259.0,15440,15441,False,False,True,3.192,0.9479166666666666,0.87042,51,15344.0,86.0,bidmc-51-w085-0037,85
38,15440,15628.0,15851,True,-0.27628,0.66259,True,15440,15441,15625.0,15631.0,15851,15851,False,False,True,2.96,0.9148418491484185,0.9388700000000001,51,15716.0,88.0,bidmc-51-w085-0038,85
39,15851,16090.0,16292,True,-0.27628,0.74817,True,15851,15851,16089.0,16091.0,16292,16292,False,False,True,3.696,0.9160997732426304,1.02445,51,16176.0,86.0,bidmc-51-w085-0039,85
40,16292,16533.0,16723,True,-0.26895,0.58191,True,16292,16292,16532.0,16534.0,16723,16723,False,False,True,3.544,0.8816705336426914,0.8508600000000001,51,16619.0,86.0,bidmc-51-w085-0040,85
41,16723,16949.0,17132,True,-0.26161,0.70905,True,16723,16723,16948.0,16951.0,17132,17132,False,False,True,3.328,0.8948655256723717,0.97066,51,17036.0,87.0,bidmc-51-w085-0041,85
42,17132,17326.0,17529,True,-0.28851,0.6577,True,17132,17132,17319.0,17334.0,17529,17529,False,False,True,3.016,0.9773299748110831,0.94621,51,17419.0,93.0,bidmc-51-w085-0042,85
43,17529,17728.0,17942,True,-0.27628,0.62836,True,17529,17529,17727.0,17729.0,17942,17942,False,False,True,3.216,0.9636803874092009,0.9046400000000001,51,17814.0,86.0,bidmc-51-w085-0043,85
44,17942,18195.0,18397,True,-0.26406,0.6088,True,17942,17942,18195.0,18195.0,18397,18397,False,False,True,3.736,0.8879120879120879,0.87286,51,18280.0,85.0,bidmc-51-w085-0044,85
45,18397,18646.0,18863,True,-0.26406,0.67971,True,18397,18397,18641.0,18652.0,18863,18864,False,False,True,3.608,0.9313304721030042,0.94377,51,18737.0,91.0,bidmc-51-w085-0045,85
46,18863,19102.0,19280,True,-0.26895,0.65526,True,18863,18864,19101.0,19103.0,19280,19281,False,False,True,3.648,0.8537170263788969,0.92421,51,19188.0,86.0,bidmc-51-w085-0046,85
47,19280,19460.0,19647,True,-0.23961,0.55012,True,19280,19281,19459.0,19462.0,19647,19647,False,False,True,2.864,0.9809264305177112,0.78973,51,19547.0,87.0,bidmc-51-w085-0047,85
48,19647,19855.0,20047,True,-0.27139,0.71394,True,19647,19647,19854.0,19857.0,20047,20048,False,False,True,3.16,0.96,0.98533,51,19942.0,87.0,bidmc-51-w085-0048,85
49,20047,20264.0,20462,True,-0.27873,0.68949,True,20047,20048,20263.0,20266.0,20462,20462,False,False,True,3.272,0.9542168674698795,0.9682200000000001,51,20351.0,87.0,bidmc-51-w085-0049,85
50,20462,20700.0,20902,True,-0.26161,0.72127,True,20462,20462,20699.0,20701.0,20902,20902,False,False,True,3.488,0.9181818181818182,0.98288,51,20786.0,86.0,bidmc-51-w085-0050,85
51,20902,21102.0,21303,True,-0.26406,0.70416,True,20902,20902,21101.0,21103.0,21303,21303,False,False,True,3.216,0.9975062344139651,0.9682200000000001,51,21188.0,86.0,bidmc-51-w085-0051,85
52,21303,21518.0,21722,True,-0.27873,0.69438,True,21303,21303,21516.0,21520.0,21722,21723,False,False,True,3.328,0.9737470167064439,0.9731099999999999,51,21605.0,87.0,bidmc-51-w085-0052,85
53,21722,21973.0,22154,True,-0.27384,0.71883,True,21722,21723,21973.0,21974.0,22154,22154,False,False,True,3.64,0.837962962962963,0.9926699999999999,51,22059.0,86.0,bidmc-51-w085-0053,85
54,22154,22340.0,22549,True,-0.27628,0.59658,True,22154,22154,22339.0,22341.0,22549,22549,False,False,True,2.936,0.9417721518987342,0.87286,51,22426.0,86.0,bidmc-51-w085-0054,85
55,22549,22751.0,22962,True,-0.31296,0.66993,True,22549,22549,22749.0,22753.0,22962,22962,False,False,True,3.288,0.9782082324455206,0.98289,51,22838.0,87.0,bidmc-51-w085-0055,85
56,22962,23170.0,23412,True,-0.28606,0.63325,True,22962,22962,23168.0,23173.0,23412,23412,False,False,True,3.352,0.9244444444444444,0.91931,51,23258.0,88.0,bidmc-51-w085-0056,85
57,23412,23625.0,23806,True,-0.27628,0.64303,True,23412,23412,23625.0,23625.0,23806,23806,False,False,True,3.64,0.9187817258883249,0.9193100000000001,51,23710.0,85.0,bidmc-51-w085-0057,85
58,23806,24026.0,24210,True,-0.29829,0.6357,True,23806,23806,24025.0,24027.0,24210,24210,False,False,True,3.208,0.9108910891089109,0.9339900000000001,51,24112.0,86.0,bidmc-51-w085-0058,85
59,24210,24437.0,24621,True,-0.27628,0.59658,True,24210,24210,24436.0,24439.0,24621,24621,False,False,True,3.288,0.8953771289537713,0.87286,51,24524.0,87.0,bidmc-51-w085-0059,85
60,24621,24833.0,25040,True,-0.27873,0.6357,True,24621,24621,24829.0,24837.0,25040,25041,False,False,True,3.168,0.9880668257756563,0.9144300000000001,51,24922.0,89.0,bidmc-51-w085-0060,85
61,25040,25273.0,25463,True,-0.27384,0.64303,True,25040,25041,25273.0,25273.0,25463,25463,False,False,True,3.52,0.8983451536643026,0.91687,51,25358.0,85.0,bidmc-51-w085-0061,85
62,25463,25685.0,25880,True,-0.27139,0.57702,True,25463,25463,25685.0,25685.0,25880,25880,False,False,True,3.296,0.935251798561151,0.84841,51,25770.0,85.0,bidmc-51-w085-0062,85
63,25880,26102.0,26272,True,-0.26895,0.52078,True,25880,25880,26101.0,26103.0,26272,26272,False,False,True,3.336,0.8673469387755102,0.78973,51,26188.0,86.0,bidmc-51-w085-0063,85
64,26272,26465.0,26664,True,-0.24939,0.63814,True,26272,26272,26463.0,26467.0,26664,26665,False,False,True,2.904,0.9846938775510204,0.88753,51,26552.0,87.0,bidmc-51-w085-0064,85
65,26664,26875.0,27054,True,-0.25672,0.62592,True,26664,26665,26875.0,26875.0,27054,27054,False,False,True,3.28,0.9179487179487179,0.8826400000000001,51,26960.0,85.0,bidmc-51-w085-0065,85
66,27054,27231.0,27453,True,-0.28851,0.56724,True,27054,27054,27227.0,27235.0,27453,27453,False,False,True,2.848,0.887218045112782,0.85575,51,27320.0,89.0,bidmc-51-w085-0066,85
67,27453,27680.0,27864,True,-0.26895,0.52078,True,27453,27453,27679.0,27681.0,27864,27864,False,False,True,3.592,0.8953771289537713,0.78973,51,27766.0,86.0,bidmc-51-w085-0067,85
68,27864,28093.0,28290,True,-0.28362,0.62347,True,27864,27864,28091.0,28095.0,28290,28291,False,False,True,3.304,0.9248826291079812,0.90709,51,28180.0,87.0,bidmc-51-w085-0068,85
69,28290,28548.0,28767,True,-0.28362,0.65037,True,28290,28291,28547.0,28549.0,28767,28768,False,False,True,3.64,0.9182389937106918,0.93399,51,28634.0,86.0,bidmc-51-w085-0069,85
70,28767,29007.0,29198,True,-0.25672,0.65281,True,28767,28768,29005.0,29009.0,29198,29198,False,False,True,3.672,0.8863109048723898,0.90953,51,29094.0,87.0,bidmc-51-w085-0070,85
71,29198,29419.0,29601,True,-0.26161,0.73105,True,29198,29198,29417.0,29421.0,29601,29602,False,False,True,3.296,0.9032258064516129,0.99266,51,29506.0,87.0,bidmc-51-w085-0071,85
72,29601,29794.0,29992,True,-0.28851,0.64548,True,29601,29602,29790.0,29799.0,29992,29992,False,False,True,3.0,0.9872122762148338,0.9339900000000001,51,29884.0,90.0,bidmc-51-w085-0072,85
73,29992,30193.0,30386,True,-0.28362,0.64792,True,29992,29992,30191.0,30195.0,30386,30386,False,False,True,3.192,0.9796954314720813,0.93154,51,30280.0,87.0,bidmc-51-w085-0073,85
74,30386,30528.0,30764,True,-0.26406,0.3154,True,30386,30386,30526.0,30531.0,30763,30765,False,False,True,2.68,0.7513227513227514,0.5794600000000001,51,30616.0,88.0,bidmc-51-w085-0074,85
75,30764,30951.0,31173,True,-0.35941,0.28117,True,30763,30765,30949.0,30953.0,31173,31173,False,False,True,3.384,0.9144254278728606,0.6405799999999999,51,31038.0,87.0,bidmc-51-w085-0075,85
76,31173,31360.0,31528,True,-0.42054,0.42543,True,31173,31173,31358.0,31362.0,31528,31528,False,False,True,3.272,0.9464788732394366,0.84597,51,31447.0,87.0,bidmc-51-w085-0076,85
77,31528,31704.0,31891,True,-0.18826,0.31785,True,31528,31528,31703.0,31705.0,31891,31892,False,False,True,2.752,0.9696969696969697,0.5061100000000001,51,31790.0,86.0,bidmc-51-w085-0077,85
78,31891,32059.0,32248,True,-0.20538,0.46455,True,31891,31892,32059.0,32059.0,32248,32249,False,False,True,2.84,0.9411764705882353,0.66993,51,32144.0,85.0,bidmc-51-w085-0078,85
79,32248,32422.0,32617,True,-0.22249,0.57457,True,32248,32249,32419.0,32425.0,32617,32618,False,False,True,2.904,0.943089430894309,0.79706,51,32510.0,88.0,bidmc-51-w085-0079,85
80,32617,32833.0,33036,True,-0.22983,0.7555,True,32617,32618,32832.0,32834.0,33036,33036,False,False,True,3.288,0.9689737470167065,0.9853299999999999,51,32919.0,86.0,bidmc-51-w085-0080,85
81,33036,33271.0,33476,True,-0.24939,0.83374,True,33036,33036,33271.0,33271.0,33476,33477,False,False,True,3.504,0.9318181818181819,1.0831300000000001,51,33356.0,85.0,bidmc-51-w085-0081,85
82,33476,33695.0,33916,True,-0.25428,0.84841,True,33476,33477,33692.0,33698.0,33916,33917,False,False,True,3.392,0.9954545454545455,1.10269,51,33783.0,88.0,bidmc-51-w085-0082,85
83,33916,34113.0,34329,True,-0.26895,0.76284,True,33916,33917,34109.0,34117.0,34329,34330,False,False,True,3.344,0.9539951573849879,1.03179,51,34202.0,89.0,bidmc-51-w085-0083,85
84,34329,34550.0,34755,True,-0.28606,0.76284,True,34329,34330,34545.0,34555.0,34755,34756,False,False,True,3.496,0.9624413145539906,1.0489,51,34640.0,90.0,bidmc-51-w085-0084,85
85,34755,34985.0,35188,True,-0.26895,0.67726,True,34755,34756,34985.0,34985.0,35188,35188,False,False,True,3.48,0.9376443418013857,0.94621,51,35070.0,85.0,bidmc-51-w085-0085,85
86,35188,35401.0,35625,True,-0.25428,0.71638,True,35188,35188,35400.0,35403.0,35625,35626,False,False,True,3.328,0.9748283752860412,0.9706600000000001,51,35488.0,87.0,bidmc-51-w085-0086,85
87,35625,35836.0,36046,True,-0.27384,0.77017,True,35625,35626,35835.0,35837.0,36046,36047,False,False,True,3.48,0.997624703087886,1.04401,51,35922.0,86.0,bidmc-51-w085-0087,85
88,36046,36259.0,36461,True,-0.27873,0.58191,True,36046,36047,36258.0,36261.0,36461,36461,False,False,True,3.384,0.9734939759036144,0.8606400000000001,51,36346.0,87.0,bidmc-51-w085-0088,85
89,36461,36662.0,36867,True,-0.26406,0.62347,True,36461,36461,36660.0,36665.0,36867,36867,False,False,True,3.224,0.9901477832512315,0.8875299999999999,51,36750.0,88.0,bidmc-51-w085-0089,85
90,36867,37021.0,37218,True,-0.25917,0.40098,True,36867,36867,37019.0,37023.0,37218,37219,False,False,True,2.872,0.8774928774928775,0.66015,51,37108.0,87.0,bidmc-51-w085-0090,85
91,37218,37431.0,37631,True,-0.27873,0.52812,True,37218,37219,37429.0,37434.0,37631,37632,False,False,True,3.28,0.9685230024213075,0.8068500000000001,51,37519.0,88.0,bidmc-51-w085-0091,85
92,37631,37861.0,38051,True,-0.2445,0.60391,True,37631,37632,37860.0,37863.0,38051,38051,False,False,True,3.44,0.9047619047619048,0.8484099999999999,51,37948.0,87.0,bidmc-51-w085-0092,85
93,38051,38243.0,38474,True,-0.24205,0.59658,True,38051,38051,38243.0,38243.0,38474,38475,False,False,True,3.056,0.9078014184397163,0.83863,51,38328.0,85.0,bidmc-51-w085-0093,85
94,38474,38695.0,38876,True,-0.24939,0.65281,True,38474,38475,38695.0,38695.0,38876,38877,False,False,True,3.616,0.900497512437811,0.9022,51,38780.0,85.0,bidmc-51-w085-0094,85
95,38876,39083.0,39253,True,-0.28362,0.56235,True,38876,38877,39081.0,39085.0,39253,39254,False,False,True,3.104,0.9018567639257294,0.84597,51,39170.0,87.0,bidmc-51-w085-0095,85
96,39253,39452.0,39675,True,-0.28117,0.67726,True,39253,39254,39451.0,39453.0,39675,39675,False,False,True,2.952,0.943127962085308,0.9584299999999999,51,39538.0,86.0,bidmc-51-w085-0096,85
97,39675,39912.0,40086,True,-0.24694,0.66748,True,39675,39675,39911.0,39914.0,40086,40086,False,False,True,3.68,0.8467153284671532,0.91442,51,39999.0,87.0,bidmc-51-w085-0097,85
98,40086,40271.0,40475,True,-0.27384,0.60636,True,40086,40086,40269.0,40273.0,40475,40475,False,False,True,2.872,0.9511568123393316,0.8802,51,40358.0,87.0,bidmc-51-w085-0098,85
99,40475,40689.0,40899,True,-0.2665,0.63081,True,40475,40475,40687.0,40692.0,40899,40899,False,False,True,3.344,0.9905660377358491,0.89731,51,40777.0,88.0,bidmc-51-w085-0099,85
100,40899,41096.0,41310,True,-0.26161,0.65281,True,40899,40899,41091.0,41101.0,41310,41310,False,False,True,3.256,0.9586374695863747,0.91442,51,41186.0,90.0,bidmc-51-w085-0100,85
101,41310,41506.0,41700,True,-0.27139,0.58924,True,41310,41310,41504.0,41509.0,41700,41700,False,False,True,3.28,0.9948717948717949,0.86063,51,41594.0,88.0,bidmc-51-w085-0101,85
102,41700,41900.0,42118,True,-0.28851,0.67726,True,41700,41700,41899.0,41901.0,42118,42119,False,False,True,3.152,0.9569377990430622,0.96577,51,41986.0,86.0,bidmc-51-w085-0102,85
103,42118,42360.0,42552,True,-0.24694,0.68704,True,42118,42119,42359.0,42362.0,42552,42553,False,False,True,3.68,0.8847926267281105,0.93398,51,42447.0,87.0,bidmc-51-w085-0103,85
104,42552,42763.0,42951,True,-0.27384,0.65526,True,42552,42553,42763.0,42763.0,42951,42951,False,False,True,3.224,0.9423558897243107,0.9290999999999999,51,42848.0,85.0,bidmc-51-w085-0104,85
105,42951,43165.0,43367,True,-0.24939,0.65526,True,42951,42951,43163.0,43167.0,43367,43367,False,False,True,3.216,0.9711538461538461,0.90465,51,43252.0,87.0,bidmc-51-w085-0105,85
106,43367,43581.0,43781,True,-0.27873,0.61125,True,43367,43367,43581.0,43581.0,43781,43781,False,False,True,3.328,0.966183574879227,0.88998,51,43666.0,85.0,bidmc-51-w085-0106,85
107,43781,44012.0,44202,True,-0.25183,0.65281,True,43781,43781,44011.0,44014.0,44202,44202,False,False,True,3.448,0.9026128266033254,0.90464,51,44099.0,87.0,bidmc-51-w085-0107,85
108,44202,44419.0,44605,True,-0.27873,0.53056,True,44202,44202,44418.0,44421.0,44605,44605,False,False,True,3.256,0.9230769230769231,0.8092900000000001,51,44506.0,87.0,bidmc-51-w085-0108,85
109,44605,44843.0,45034,True,-0.25428,0.59902,True,44605,44605,44842.0,44845.0,45034,45034,False,False,True,3.392,0.8904428904428905,0.8533,51,44930.0,87.0,bidmc-51-w085-0109,85
110,45034,45256.0,45440,True,-0.27384,0.57457,True,45034,45034,45253.0,45259.0,45440,45440,False,False,True,3.304,0.9064039408866995,0.84841,51,45344.0,88.0,bidmc-51-w085-0110,85
111,45440,45641.0,45839,True,-0.25917,0.49878,True,45440,45440,45636.0,45647.0,45839,45839,False,False,True,3.08,0.9924812030075187,0.75795,51,45732.0,91.0,bidmc-51-w085-0111,85
112,45839,46050.0,46242,True,-0.25428,0.56724,True,45839,45839,46049.0,46051.0,46242,46243,False,False,True,3.272,0.9528535980148883,0.82152,51,46136.0,86.0,bidmc-51-w085-0112,85
113,46242,46441.0,46630,True,-0.25428,0.61369,True,46242,46243,46439.0,46443.0,46630,46630,False,False,True,3.128,0.9742268041237113,0.8679699999999999,51,46528.0,87.0,bidmc-51-w085-0113,85
114,46630,46837.0,47039,True,-0.2665,0.62836,True,46630,46630,46835.0,46839.0,47039,47039,False,False,True,3.168,0.9877750611246944,0.89486,51,46924.0,87.0,bidmc-51-w085-0114,85
115,47039,47257.0,47450,True,-0.25917,0.68949,True,47039,47039,47255.0,47260.0,47450,47451,False,False,True,3.36,0.9391727493917275,0.9486600000000001,51,47345.0,88.0,bidmc-51-w085-0115,85
116,47450,47661.0,47881,True,-0.27384,0.65526,True,47450,47451,47661.0,47661.0,47881,47882,False,False,True,3.232,0.9791183294663574,0.9290999999999999,51,47746.0,85.0,bidmc-51-w085-0116,85
117,47881,48080.0,48284,True,-0.26895,0.64548,True,47881,47882,48078.0,48082.0,48284,48284,False,False,True,3.352,0.9875930521091811,0.9144300000000001,51,48167.0,87.0,bidmc-51-w085-0117,85
118,48284,48492.0,48662,True,-0.26161,0.62836,True,48284,48284,48491.0,48493.0,48662,48663,False,False,True,3.296,0.8994708994708995,0.88997,51,48578.0,86.0,bidmc-51-w085-0118,85
119,48662,48820.0,49014,True,-0.27139,0.46944,True,48662,48663,48819.0,48822.0,49014,49014,False,False,True,2.624,0.8977272727272727,0.7408300000000001,51,48907.0,87.0,bidmc-51-w085-0119,85
120,49014,49215.0,49388,True,-0.27384,0.5868,True,49014,49014,49213.0,49218.0,49388,49389,False,False,True,3.16,0.9251336898395722,0.86064,51,49303.0,88.0,bidmc-51-w085-0120,85
121,49388,49613.0,49805,True,-0.25917,0.56968,True,49388,49389,49613.0,49613.0,49805,49805,False,False,True,3.184,0.920863309352518,0.82885,51,49698.0,85.0,bidmc-51-w085-0121,85
122,49805,49996.0,50203,True,-0.2665,0.56479,True,49805,49805,49992.0,50000.0,50203,50203,False,False,True,3.064,0.9597989949748744,0.8312900000000001,51,50085.0,89.0,bidmc-51-w085-0122,85
123,50203,50396.0,50599,True,-0.25428,0.59658,True,50203,50203,50395.0,50397.0,50599,50600,False,False,True,3.2,0.9747474747474747,0.85086,51,50482.0,86.0,bidmc-51-w085-0123,85
124,50599,50795.0,50989,True,-0.24694,0.66259,True,50599,50600,50795.0,50795.0,50989,50989,False,False,True,3.192,0.9948717948717949,0.90953,51,50880.0,85.0,bidmc-51-w085-0124,85
125,50989,51185.0,51381,True,-0.2665,0.63325,True,50989,50989,51185.0,51185.0,51381,51382,False,False,True,3.12,1.0,0.89975,51,51270.0,85.0,bidmc-51-w085-0125,85
126,51381,51598.0,51787,True,-0.25428,0.59658,True,51381,51382,51596.0,51600.0,51787,51788,False,False,True,3.304,0.9310344827586207,0.85086,51,51685.0,87.0,bidmc-51-w085-0126,85
127,51787,52013.0,52156,True,-0.23961,0.4621,True,51787,51788,52011.0,52016.0,52156,52157,False,False,True,3.32,0.7750677506775068,0.7017100000000001,51,52101.0,88.0,bidmc-51-w085-0127,85
128,52156,52310.0,52484,True,-0.26161,0.43521,True,52156,52157,52309.0,52311.0,52484,52484,False,False,True,2.376,0.9390243902439024,0.69682,51,52396.0,86.0,bidmc-51-w085-0128,85
129,52484,52673.0,52855,True,-0.30073,0.45721,True,52484,52484,52671.0,52675.0,52855,52856,False,False,True,2.904,0.9811320754716981,0.7579400000000001,51,52760.0,87.0,bidmc-51-w085-0129,85
130,52855,53081.0,53268,True,-0.24939,0.59413,True,52855,52856,53081.0,53081.0,53268,53268,False,False,True,3.264,0.9055690072639225,0.84352,51,53166.0,85.0,bidmc-51-w085-0130,85
131,53268,53489.0,53658,True,-0.27873,0.52567,True,53268,53268,53487.0,53491.0,53658,53659,False,False,True,3.264,0.8666666666666667,0.8044,51,53576.0,87.0,bidmc-51-w085-0131,85
132,53658,53857.0,54061,True,-0.26895,0.62347,True,53658,53659,53853.0,53862.0,54061,54061,False,False,True,2.944,0.9875930521091811,0.89242,51,53947.0,90.0,bidmc-51-w085-0132,85
133,54061,54261.0,54465,True,-0.2665,0.61369,True,54061,54061,54261.0,54261.0,54465,54466,False,False,True,3.232,0.9900990099009901,0.88019,51,54346.0,85.0,bidmc-51-w085-0133,85
134,54465,54672.0,54876,True,-0.26161,0.60147,True,54465,54466,54671.0,54673.0,54876,54877,False,False,True,3.288,0.9927007299270073,0.86308,51,54758.0,86.0,bidmc-51-w085-0134,85
135,54876,55085.0,55287,True,-0.25917,0.6088,True,54876,54877,55085.0,55085.0,55287,55287,False,False,True,3.304,0.9829683698296837,0.86797,51,55170.0,85.0,bidmc-51-w085-0135,85
136,55287,55502.0,55725,True,-0.25183,0.65037,True,55287,55287,55500.0,55505.0,55725,55726,False,False,True,3.336,0.9817351598173516,0.9022,51,55590.0,88.0,bidmc-51-w085-0136,85
137,55725,55961.0,56160,True,-0.26895,0.61858,True,55725,55726,55961.0,55961.0,56160,56160,False,False,True,3.672,0.9149425287356322,0.88753,51,56046.0,85.0,bidmc-51-w085-0137,85
138,56160,56387.0,56540,True,-0.31785,0.37408,True,56160,56160,56385.0,56390.0,56540,56541,False,False,True,3.408,0.8052631578947369,0.69193,51,56475.0,88.0,bidmc-51-w085-0138,85
139,56540,56760.0,56975,True,-0.30318,0.5379,True,56540,56541,56755.0,56765.0,56975,56976,False,False,True,2.984,0.9885057471264368,0.84108,51,56850.0,90.0,bidmc-51-w085-0139,85
140,56975,57172.0,57413,True,-0.27873,0.61369,True,56975,56976,57171.0,57173.0,57413,57414,False,False,True,3.296,0.8995433789954338,0.89242,51,57258.0,86.0,bidmc-51-w085-0140,85
141,57413,57660.0,57892,True,-0.24694,0.3154,True,57413,57414,57659.0,57661.0,57892,57892,False,False,True,3.904,0.9686847599164927,0.5623400000000001,51,57746.0,86.0,bidmc-51-w085-0141,85
142,57892,58078.0,58262,True,-0.21027,0.44743,True,57892,57892,58077.0,58080.0,58262,58262,False,False,True,3.344,0.9945945945945946,0.6577,51,58165.0,87.0,bidmc-51-w085-0142,85
143,58262,58437.0,58635,True,-0.23472,0.3912,True,58262,58262,58436.0,58439.0,58635,58636,False,False,True,2.872,0.938337801608579,0.62592,51,58524.0,87.0,bidmc-51-w085-0143,85
144,58635,58850.0,59032,True,-0.25183,0.43032,True,58635,58636,58849.0,58851.0,59032,59032,False,False,True,3.304,0.9168765743073048,0.68215,51,58936.0,86.0,bidmc-51-w085-0144,85
145,59032,59221.0,59427,True,-0.2445,0.67482,True,59032,59032,59220.0,59223.0,59427,59427,False,False,True,2.968,0.9569620253164557,0.9193199999999999,51,59308.0,87.0,bidmc-51-w085-0145,85
146,59427,59625.0,59833,True,-0.2445,0.7824,True,59427,59427,59625.0,59625.0,59833,59833,False,False,True,3.232,0.9753694581280788,1.0269,51,59710.0,85.0,bidmc-51-w085-0146,85
1,213,467.0,644,True,0.082824,1.0,True,213,213,457.0,477.0,644,644,False,False,True,,0.8213457076566125,0.917176,52,562.0,95.0,bidmc-52-w085-0001,85
2,644,897.0,1067,True,0.092108,0.94747,True,644,644,897.0,897.0,1067,1067,False,False,True,3.44,0.8037825059101655,0.8553620000000001,52,982.0,85.0,bidmc-52-w085-0002,85
3,1067,1305.0,1471,True,0.085268,0.97141,True,1067,1067,1305.0,1305.0,1471,1471,False,False,True,3.264,0.8217821782178218,0.886142,52,1390.0,85.0,bidmc-52-w085-0003,85
4,1471,1723.0,1892,True,0.088199,0.9763,True,1471,1471,1723.0,1723.0,1892,1892,False,False,True,3.344,0.8028503562945368,0.8881009999999999,52,1808.0,85.0,bidmc-52-w085-0004,85
5,1892,2151.0,2309,True,0.088688,0.92695,True,1892,1892,2151.0,2151.0,2309,2309,False,False,True,3.424,0.7577937649880095,0.8382620000000001,52,2236.0,85.0,bidmc-52-w085-0005,85
6,2309,2545.0,2711,True,0.07916,0.9355,True,2309,2309,2545.0,2545.0,2711,2711,False,False,True,3.152,0.8258706467661692,0.85634,52,2630.0,85.0,bidmc-52-w085-0006,85
7,2711,2955.0,3117,True,0.091376,1.0,True,2711,2711,2943.0,2967.0,3117,3117,False,False,True,3.28,0.7980295566502463,0.908624,52,3052.0,97.0,bidmc-52-w085-0007,85
8,3117,3356.0,3536,True,0.13584,1.0,True,3117,3117,3333.0,3379.0,3536,3536,False,False,True,3.208,0.8591885441527446,0.86416,52,3464.0,108.0,bidmc-52-w085-0008,85
9,3536,3789.0,3972,True,0.1268,1.0,True,3536,3536,3761.0,3817.0,3972,3972,False,False,True,3.464,0.8394495412844036,0.8732,52,3902.0,113.0,bidmc-52-w085-0009,85
10,3972,4220.0,4378,True,0.12143,1.0,True,3972,3972,4205.0,4235.0,4378,4378,False,False,True,3.448,0.7783251231527093,0.87857,52,4320.0,100.0,bidmc-52-w085-0010,85
11,4378,4620.0,4798,True,0.099194,1.0,True,4378,4378,4601.0,4639.0,4798,4798,False,False,True,3.2,0.8476190476190476,0.900806,52,4724.0,104.0,bidmc-52-w085-0011,85
12,4798,5060.0,5199,True,0.060591,1.0,True,4798,4798,5039.0,5081.0,5199,5199,False,False,True,3.52,0.6932668329177057,0.939409,52,5166.0,106.0,bidmc-52-w085-0012,85
13,5199,5336.0,5508,True,-0.00048864,1.0,True,5199,5199,5307.0,5365.0,5508,5508,False,False,True,2.208,0.8867313915857605,1.00048864,52,5450.0,114.0,bidmc-52-w085-0013,85
14,5508,5711.0,5905,True,-0.00048864,1.0,True,5508,5508,5663.0,5759.0,5905,5905,False,False,True,3.0,0.9773299748110831,1.00048864,52,5844.0,133.0,bidmc-52-w085-0014,85
15,5905,6125.0,6328,True,0.0065966,1.0,True,5905,5905,6115.0,6135.0,6328,6328,False,False,True,3.312,0.9598108747044918,0.9934034,52,6220.0,95.0,bidmc-52-w085-0015,85
16,6328,6571.0,6782,True,0.13413,0.80381,True,6328,6328,6571.0,6571.0,6782,6782,False,False,True,3.568,0.9295154185022027,0.66968,52,6656.0,85.0,bidmc-52-w085-0016,85
17,6782,7039.0,7208,True,0.074762,0.94356,True,6782,6782,7039.0,7039.0,7208,7208,False,False,True,3.744,0.7934272300469484,0.868798,52,7124.0,85.0,bidmc-52-w085-0017,85
18,7208,7451.0,7625,True,0.061324,0.96848,True,7208,7208,7451.0,7451.0,7625,7625,False,False,True,3.296,0.8345323741007195,0.907156,52,7536.0,85.0,bidmc-52-w085-0018,85
19,7625,7851.0,8026,True,0.061324,0.90105,True,7625,7625,7851.0,7851.0,8026,8026,False,False,True,3.2,0.8728179551122195,0.839726,52,7936.0,85.0,bidmc-52-w085-0019,85
20,8026,8257.0,8420,True,0.097972,0.91718,True,8026,8026,8257.0,8257.0,8420,8420,False,False,True,3.248,0.8274111675126904,0.8192079999999999,52,8342.0,85.0,bidmc-52-w085-0020,85
21,8420,8684.0,8855,True,0.076228,1.0,True,8420,8420,8657.0,8711.0,8855,8855,False,False,True,3.416,0.7862068965517242,0.923772,52,8796.0,112.0,bidmc-52-w085-0021,85
22,8855,9109.0,9269,True,0.054728,1.0,True,8855,8855,9101.0,9117.0,9269,9269,False,False,True,3.4,0.7729468599033816,0.945272,52,9202.0,93.0,bidmc-52-w085-0022,85
23,9269,9557.0,9699,True,0.095529,0.96946,True,9269,9269,9557.0,9557.0,9699,9699,False,False,True,3.584,0.6604651162790698,0.873931,52,9642.0,85.0,bidmc-52-w085-0023,85
24,9699,9923.0,10046,True,-0.00048864,1.0,True,9699,9699,9889.0,9957.0,10046,10046,False,False,True,2.928,0.7089337175792507,1.00048864,52,10042.0,119.0,bidmc-52-w085-0024,85
25,10046,10177.0,10366,True,-0.00048864,1.0,True,10046,10046,10133.0,10221.0,10366,10366,False,False,True,2.032,0.81875,1.00048864,52,10306.0,129.0,bidmc-52-w085-0025,85
26,10366,10567.0,10793,True,-0.00048864,1.0,True,10366,10366,10491.0,10643.0,10793,10793,False,False,True,3.12,0.9414519906323185,1.00048864,52,10728.0,161.0,bidmc-52-w085-0026,85
27,10793,10953.0,11171,True,0.20889,0.72099,True,10793,10793,10953.0,10953.0,11171,11171,False,False,True,3.088,0.8465608465608465,0.5121,52,11038.0,85.0,bidmc-52-w085-0027,85
28,11171,11374.0,11586,True,0.16101,0.5937,True,11171,11171,11373.0,11375.0,11586,11586,False,False,True,3.368,0.9783132530120482,0.43269,52,11460.0,86.0,bidmc-52-w085-0028,85
29,11586,11854.0,12040,True,0.17102,0.68385,True,11586,11586,11853.0,11855.0,12040,12040,False,False,True,3.84,0.8193832599118943,0.5128299999999999,52,11940.0,86.0,bidmc-52-w085-0029,85
30,12040,12273.0,12444,True,0.11117,0.80283,True,12040,12040,12273.0,12273.0,12444,12444,False,False,True,3.352,0.8465346534653465,0.69166,52,12358.0,85.0,bidmc-52-w085-0030,85
31,12444,12675.0,12860,True,0.14928,0.85145,True,12444,12444,12675.0,12675.0,12860,12860,False,False,True,3.216,0.8894230769230769,0.7021700000000001,52,12760.0,85.0,bidmc-52-w085-0031,85
32,12860,13063.0,13243,True,0.13633,0.74811,True,12860,12860,13063.0,13063.0,13243,13243,False,False,True,3.104,0.9399477806788512,0.61178,52,13148.0,85.0,bidmc-52-w085-0032,85
33,13243,13445.0,13640,True,0.1334,0.68776,True,13243,13243,13445.0,13445.0,13640,13640,False,False,True,3.056,0.982367758186398,0.5543600000000001,52,13530.0,85.0,bidmc-52-w085-0033,85
34,13640,13851.0,14027,True,0.14952,0.59834,True,13640,13640,13851.0,13851.0,14027,14027,False,False,True,3.248,0.9095607235142119,0.44882,52,13936.0,85.0,bidmc-52-w085-0034,85
35,14027,14285.0,14461,True,0.16882,0.80845,True,14027,14027,14285.0,14285.0,14461,14461,False,False,True,3.472,0.8110599078341014,0.63963,52,14370.0,85.0,bidmc-52-w085-0035,85
36,14461,14705.0,14896,True,0.21134,0.86514,True,14461,14461,14705.0,14705.0,14896,14896,False,False,True,3.36,0.8781609195402299,0.6538,52,14790.0,85.0,bidmc-52-w085-0036,85
37,14896,15122.0,15285,True,0.18471,0.80503,True,14896,14896,15121.0,15123.0,15285,15285,False,False,True,3.336,0.8380462724935733,0.62032,52,15208.0,86.0,bidmc-52-w085-0037,85
38,15285,15341.0,15351,True,0.23552,0.34205,True,15285,15285,15341.0,15341.0,15351,15351,False,False,True,1.752,0.303030303030303,0.10653000000000001,52,15426.0,85.0,bidmc-52-w085-0038,85
39,15351,15553.0,15719,True,0.13902,0.78744,True,15351,15351,15553.0,15553.0,15719,15719,False,False,True,1.696,0.9021739130434783,0.64842,52,15638.0,85.0,bidmc-52-w085-0039,85
40,15719,15947.0,16112,True,0.20034,0.78158,True,15719,15719,15947.0,15947.0,16112,16112,False,False,True,3.152,0.8396946564885497,0.5812400000000001,52,16032.0,85.0,bidmc-52-w085-0040,85
41,16112,16337.0,16506,True,0.17225,0.79795,True,16112,16112,16337.0,16337.0,16506,16506,False,False,True,3.12,0.8578680203045685,0.6257,52,16422.0,85.0,bidmc-52-w085-0041,85
42,16506,16533.0,16536,True,0.24456,0.28585,True,16506,16506,16533.0,16533.0,16536,16536,False,False,True,1.568,0.19999999999999996,0.04128999999999999,52,16618.0,85.0,bidmc-52-w085-0042,85
43,16536,16773.0,16951,True,0.20279,0.80674,True,16536,16536,16773.0,16773.0,16951,16951,False,False,True,1.92,0.8578313253012049,0.60395,52,16858.0,85.0,bidmc-52-w085-0043,85
44,16951,17187.0,17364,True,0.20963,0.83728,True,16951,16951,17187.0,17187.0,17364,17364,False,False,True,3.312,0.8571428571428572,0.62765,52,17272.0,85.0,bidmc-52-w085-0044,85
45,17364,17585.0,17750,True,0.20792,0.84388,True,17364,17364,17585.0,17585.0,17750,17750,False,False,True,3.184,0.8549222797927462,0.63596,52,17670.0,85.0,bidmc-52-w085-0045,85
46,17750,17983.0,18140,True,0.18226,0.74371,True,17750,17750,17983.0,17983.0,18140,18140,False,False,True,3.184,0.8051282051282052,0.56145,52,18068.0,85.0,bidmc-52-w085-0046,85
47,18140,18365.0,18521,True,0.14537,0.70413,True,18140,18140,18365.0,18365.0,18521,18521,False,False,True,3.056,0.8188976377952756,0.55876,52,18450.0,85.0,bidmc-52-w085-0047,85
48,18521,18555.0,18569,True,0.21305,0.25092,True,18521,18521,18555.0,18555.0,18569,18569,False,False,True,1.52,0.5833333333333333,0.03786999999999999,52,18640.0,85.0,bidmc-52-w085-0048,85
49,18569,18820.0,19003,True,0.11556,1.0,True,18569,18569,18803.0,18837.0,19003,19003,False,False,True,2.12,0.8433179723502304,0.88444,52,18922.0,102.0,bidmc-52-w085-0049,85
50,19003,19023.0,19027,True,0.19228,0.22502,True,19003,19003,19023.0,19023.0,19027,19027,False,False,True,1.624,0.33333333333333337,0.03273999999999999,52,19108.0,85.0,bidmc-52-w085-0050,85
51,19027,19255.0,19410,True,0.12631,0.77229,True,19027,19027,19255.0,19255.0,19410,19411,False,False,True,1.856,0.8093994778067886,0.64598,52,19340.0,85.0,bidmc-52-w085-0051,85
52,19410,19630.0,19816,True,0.15856,0.77229,True,19410,19411,19629.0,19631.0,19816,19816,False,False,True,3.0,0.916256157635468,0.61373,52,19716.0,86.0,bidmc-52-w085-0052,85
53,19816,19999.0,20150,True,0.055949,0.66724,True,19816,19816,19999.0,19999.0,20150,20150,False,False,True,2.952,0.9041916167664671,0.611291,52,20084.0,85.0,bidmc-52-w085-0053,85
54,20150,20365.0,20499,True,0.16052,0.67677,True,20150,20150,20365.0,20365.0,20499,20499,False,False,True,2.928,0.7679083094555874,0.51625,52,20450.0,85.0,bidmc-52-w085-0054,85
55,20499,20521.0,20536,True,0.26948,0.29856,True,20499,20499,20521.0,20521.0,20536,20536,False,False,True,1.248,0.8108108108108107,0.029079999999999995,52,20606.0,85.0,bidmc-52-w085-0055,85
56,20536,20717.0,20867,True,0.1786,0.6235,True,20536,20536,20717.0,20717.0,20867,20867,False,False,True,1.568,0.9063444108761329,0.4449000000000001,52,20802.0,85.0,bidmc-52-w085-0056,85
57,20867,21109.0,21308,True,0.095773,0.93941,True,20867,20867,21109.0,21109.0,21308,21308,False,False,True,3.136,0.9024943310657596,0.843637,52,21194.0,85.0,bidmc-52-w085-0057,85
58,21308,21520.0,21679,True,0.083802,0.66944,True,21308,21308,21519.0,21521.0,21679,21679,False,False,True,3.288,0.8571428571428572,0.585638,52,21606.0,86.0,bidmc-52-w085-0058,85
59,21679,21945.0,22116,True,0.11434,0.72783,True,21679,21679,21945.0,21945.0,22116,22116,False,False,True,3.4,0.782608695652174,0.61349,52,22030.0,85.0,bidmc-52-w085-0059,85
60,22116,22145.0,22150,True,0.1334,0.17909,True,22116,22116,22145.0,22145.0,22150,22150,False,False,True,1.6,0.2941176470588235,0.04569000000000001,52,22230.0,85.0,bidmc-52-w085-0060,85
61,22150,22385.0,22550,True,0.12436,0.77181,True,22150,22150,22385.0,22385.0,22550,22550,False,False,True,1.92,0.825,0.64745,52,22470.0,85.0,bidmc-52-w085-0061,85
62,22550,22805.0,22970,True,0.1698,0.78011,True,22550,22550,22805.0,22805.0,22970,22970,False,False,True,3.36,0.7857142857142857,0.6103099999999999,52,22890.0,85.0,bidmc-52-w085-0062,85
63,22970,23223.0,23409,True,0.14659,0.89054,True,22970,22970,23223.0,23223.0,23409,23409,False,False,True,3.344,0.8473804100227791,0.74395,52,23308.0,85.0,bidmc-52-w085-0063,85
64,23409,23633.0,23791,True,0.11117,0.75544,True,23409,23409,23633.0,23633.0,23791,23791,False,False,True,3.28,0.8272251308900523,0.64427,52,23718.0,85.0,bidmc-52-w085-0064,85
65,23791,24017.0,24187,True,0.16443,0.78573,True,23791,23791,24017.0,24017.0,24187,24187,False,False,True,3.072,0.8585858585858586,0.6213000000000001,52,24102.0,85.0,bidmc-52-w085-0065,85
66,24187,24413.0,24612,True,0.16052,0.85365,True,24187,24187,24413.0,24413.0,24612,24612,False,False,True,3.168,0.9364705882352942,0.69313,52,24498.0,85.0,bidmc-52-w085-0066,85
67,24612,24833.0,25036,True,0.19399,0.80112,True,24612,24612,24833.0,24833.0,25036,25036,False,False,True,3.36,0.9575471698113207,0.6071300000000001,52,24918.0,85.0,bidmc-52-w085-0067,85
68,25036,25269.0,25435,True,0.14928,0.81578,True,25036,25036,25269.0,25269.0,25435,25435,False,False,True,3.488,0.8320802005012531,0.6665,52,25354.0,85.0,bidmc-52-w085-0068,85
69,25435,25660.0,25824,True,0.068409,0.65087,True,25435,25435,25659.0,25661.0,25824,25824,False,False,True,3.128,0.8431876606683805,0.5824609999999999,52,25746.0,86.0,bidmc-52-w085-0069,85
70,25824,26065.0,26221,True,0.092841,0.68361,True,25824,25824,26065.0,26065.0,26221,26221,False,False,True,3.24,0.7858942065491183,0.5907690000000001,52,26150.0,85.0,bidmc-52-w085-0070,85
71,26221,26257.0,26259,True,0.20523,0.27828,True,26221,26221,26257.0,26257.0,26259,26260,False,False,True,1.536,0.10526315789473684,0.07305000000000003,52,26342.0,85.0,bidmc-52-w085-0071,85
72,26259,26473.0,26654,True,0.15294,0.90887,True,26259,26260,26473.0,26473.0,26654,26654,False,False,True,1.728,0.9164556962025316,0.75593,52,26558.0,85.0,bidmc-52-w085-0072,85
73,26654,26877.0,27035,True,0.15075,0.84681,True,26654,26654,26877.0,26877.0,27035,27035,False,False,True,3.232,0.8293963254593175,0.6960599999999999,52,26962.0,85.0,bidmc-52-w085-0073,85
74,27035,27039.0,27057,True,0.21354,0.22282,True,27035,27035,27039.0,27039.0,27057,27057,False,False,True,1.296,0.36363636363636365,0.009279999999999983,52,27124.0,85.0,bidmc-52-w085-0074,85
75,27057,27283.0,27451,True,0.11385,0.83166,True,27057,27057,27283.0,27283.0,27451,27451,False,False,True,1.952,0.8527918781725888,0.71781,52,27368.0,85.0,bidmc-52-w085-0075,85
76,27451,27683.0,27842,True,0.10066,0.75568,True,27451,27451,27683.0,27683.0,27842,27842,False,False,True,3.2,0.8132992327365729,0.65502,52,27768.0,85.0,bidmc-52-w085-0076,85
77,27842,28069.0,28237,True,0.14219,0.8192,True,27842,27842,28069.0,28069.0,28237,28237,False,False,True,3.088,0.850632911392405,0.67701,52,28154.0,85.0,bidmc-52-w085-0077,85
78,28237,28467.0,28627,True,0.15465,0.75446,True,28237,28237,28467.0,28467.0,28627,28627,False,False,True,3.184,0.8205128205128205,0.59981,52,28552.0,85.0,bidmc-52-w085-0078,85
79,28627,28854.0,29034,True,0.17982,0.8021,True,28627,28627,28853.0,28855.0,29034,29034,False,False,True,3.096,0.8845208845208845,0.62228,52,28940.0,86.0,bidmc-52-w085-0079,85
80,29034,29045.0,29051,True,0.28414,0.29392,True,29034,29034,29045.0,29045.0,29051,29051,False,False,True,1.528,0.7058823529411764,0.009780000000000011,52,29130.0,85.0,bidmc-52-w085-0080,85
81,29051,29291.0,29475,True,0.19228,0.88566,True,29051,29051,29291.0,29291.0,29475,29475,False,False,True,1.968,0.8679245283018868,0.69338,52,29376.0,85.0,bidmc-52-w085-0081,85
82,29475,29505.0,29514,True,0.21451,0.24969,True,29475,29475,29505.0,29505.0,29514,29514,False,False,True,1.712,0.46153846153846156,0.03517999999999999,52,29590.0,85.0,bidmc-52-w085-0082,85
83,29514,29730.0,29901,True,0.14781,0.67286,True,29514,29514,29729.0,29731.0,29901,29901,False,False,True,1.8,0.8837209302325582,0.52505,52,29816.0,86.0,bidmc-52-w085-0083,85
84,29901,30120.0,30269,True,0.067677,0.57097,True,29901,29901,30119.0,30121.0,30269,30269,False,False,True,3.12,0.8097826086956521,0.503293,52,30206.0,86.0,bidmc-52-w085-0084,85
85,30269,30525.0,30709,True,0.13193,0.85952,True,30269,30269,30525.0,30525.0,30709,30709,False,False,True,3.24,0.8363636363636364,0.72759,52,30610.0,85.0,bidmc-52-w085-0085,85
86,30709,30936.0,31131,True,0.20963,0.88077,True,30709,30709,30935.0,30937.0,31131,31131,False,False,True,3.288,0.9241706161137441,0.6711400000000001,52,31022.0,86.0,bidmc-52-w085-0086,85
87,31131,31363.0,31553,True,0.14244,0.84925,True,31131,31131,31363.0,31363.0,31553,31553,False,False,True,3.416,0.9004739336492891,0.7068099999999999,52,31448.0,85.0,bidmc-52-w085-0087,85
88,31553,31777.0,31933,True,0.086489,0.67603,True,31553,31553,31777.0,31777.0,31933,31933,False,False,True,3.312,0.8210526315789474,0.589541,52,31862.0,85.0,bidmc-52-w085-0088,85
89,31933,32207.0,32381,True,0.11703,0.77694,True,31933,31933,32207.0,32207.0,32381,32381,False,False,True,3.44,0.7767857142857143,0.65991,52,32292.0,85.0,bidmc-52-w085-0089,85
90,32381,32615.0,32792,True,0.12778,0.76716,True,32381,32381,32615.0,32615.0,32792,32792,False,False,True,3.264,0.8613138686131387,0.63938,52,32700.0,85.0,bidmc-52-w085-0090,85
91,32792,33022.0,33196,True,0.20621,0.80577,True,32792,32792,33021.0,33023.0,33196,33196,False,False,True,3.256,0.8613861386138614,0.59956,52,33108.0,86.0,bidmc-52-w085-0091,85
92,33196,33405.0,33605,True,0.20572,0.84999,True,33196,33196,33405.0,33405.0,33605,33605,False,False,True,3.064,0.9779951100244498,0.64427,52,33490.0,85.0,bidmc-52-w085-0092,85
93,33605,33827.0,34024,True,0.17567,0.89519,True,33605,33605,33827.0,33827.0,34024,34024,False,False,True,3.376,0.9403341288782816,0.71952,52,33912.0,85.0,bidmc-52-w085-0093,85
94,34024,34245.0,34408,True,0.12851,0.73271,True,34024,34024,34245.0,34245.0,34408,34408,False,False,True,3.344,0.8489583333333334,0.6042,52,34330.0,85.0,bidmc-52-w085-0094,85
95,34408,34643.0,34813,True,0.12778,0.81774,True,34408,34408,34643.0,34643.0,34813,34813,False,False,True,3.184,0.8395061728395061,0.68996,52,34728.0,85.0,bidmc-52-w085-0095,85
96,34813,34843.0,34846,True,0.14513,0.20132,True,34813,34813,34843.0,34843.0,34846,34846,False,False,True,1.6,0.18181818181818177,0.05618999999999999,52,34928.0,85.0,bidmc-52-w085-0096,85
97,34846,35057.0,35216,True,0.1246,0.66382,True,34846,34846,35057.0,35057.0,35216,35216,False,False,True,1.712,0.8594594594594595,0.5392199999999999,52,35142.0,85.0,bidmc-52-w085-0097,85
98,35216,35461.0,35651,True,0.15392,0.87589,True,35216,35216,35461.0,35461.0,35651,35651,False,False,True,3.232,0.8735632183908046,0.72197,52,35546.0,85.0,bidmc-52-w085-0098,85
99,35651,35895.0,36067,True,0.14366,0.73491,True,35651,35651,35895.0,35895.0,36067,36067,False,False,True,3.472,0.8269230769230769,0.5912499999999999,52,35980.0,85.0,bidmc-52-w085-0099,85
100,36067,36075.0,36082,True,0.21964,0.22648,True,36067,36067,36075.0,36075.0,36082,36082,False,False,True,1.44,0.9333333333333333,0.006839999999999985,52,36160.0,85.0,bidmc-52-w085-0100,85
101,36082,36273.0,36431,True,0.15123,0.68849,True,36082,36082,36273.0,36273.0,36431,36431,False,False,True,1.584,0.9054441260744985,0.5372600000000001,52,36358.0,85.0,bidmc-52-w085-0101,85
102,36431,36662.0,36830,True,0.14928,0.78158,True,36431,36431,36661.0,36663.0,36830,36830,False,False,True,3.112,0.8421052631578947,0.6323000000000001,52,36748.0,86.0,bidmc-52-w085-0102,85
103,36830,37057.0,37219,True,0.13291,0.77742,True,36830,36830,37057.0,37057.0,37219,37219,False,False,True,3.16,0.8329048843187661,0.64451,52,37142.0,85.0,bidmc-52-w085-0103,85
104,37219,37250.0,37254,True,0.22331,0.24774,True,37219,37219,37247.0,37253.0,37254,37255,False,False,True,1.544,0.22857142857142854,0.02442999999999998,52,37338.0,88.0,bidmc-52-w085-0104,85
105,37254,37477.0,37657,True,0.15319,0.87369,True,37254,37255,37477.0,37477.0,37657,37657,False,False,True,1.816,0.8933002481389578,0.7204999999999999,52,37562.0,85.0,bidmc-52-w085-0105,85
106,37657,37866.0,38041,True,0.14903,0.75006,True,37657,37657,37865.0,37867.0,38041,38041,False,False,True,3.112,0.9114583333333334,0.60103,52,37952.0,86.0,bidmc-52-w085-0106,85
107,38041,38229.0,38445,True,0.19717,0.78256,True,38041,38041,38229.0,38229.0,38445,38445,False,False,True,2.904,0.9306930693069306,0.5853900000000001,52,38314.0,85.0,bidmc-52-w085-0107,85
108,38445,38665.0,38869,True,0.17225,0.83557,True,38445,38445,38665.0,38665.0,38869,38869,False,False,True,3.488,0.9622641509433962,0.66332,52,38750.0,85.0,bidmc-52-w085-0108,85
109,38869,39094.0,39268,True,0.14122,0.7916,True,38869,38869,39093.0,39095.0,39268,39269,False,False,True,3.432,0.8721804511278195,0.65038,52,39180.0,86.0,bidmc-52-w085-0109,85
110,39268,39497.0,39645,True,0.13315,0.73003,True,39268,39269,39497.0,39497.0,39645,39645,False,False,True,3.224,0.7851458885941645,0.59688,52,39582.0,85.0,bidmc-52-w085-0110,85
111,39645,39725.0,39729,True,0.19668,0.23675,True,39645,39645,39725.0,39725.0,39729,39730,False,False,True,1.824,0.09523809523809523,0.040069999999999995,52,39810.0,85.0,bidmc-52-w085-0111,85
112,39729,39949.0,40122,True,0.16052,0.74224,True,39729,39730,39949.0,39949.0,40122,40122,False,False,True,1.792,0.8804071246819338,0.58172,52,40034.0,85.0,bidmc-52-w085-0112,85
113,40122,40335.0,40496,True,0.12705,0.71634,True,40122,40122,40335.0,40335.0,40496,40496,False,False,True,3.088,0.8609625668449198,0.58929,52,40420.0,85.0,bidmc-52-w085-0113,85
114,40496,40559.0,40560,True,0.21402,0.2966,True,40496,40496,40559.0,40559.0,40560,40560,False,False,True,1.792,0.03125,0.08257999999999999,52,40644.0,85.0,bidmc-52-w085-0114,85
115,40560,40765.0,40924,True,0.11092,0.71537,True,40560,40560,40765.0,40765.0,40924,40924,False,False,True,1.648,0.8736263736263736,0.6044499999999999,52,40850.0,85.0,bidmc-52-w085-0115,85
116,40924,41185.0,41356,True,0.13169,0.78646,True,40924,40924,41185.0,41185.0,41356,41356,False,False,True,3.36,0.7916666666666666,0.6547700000000001,52,41270.0,85.0,bidmc-52-w085-0116,85
117,41356,41583.0,41743,True,0.1224,0.87784,True,41356,41356,41583.0,41583.0,41743,41743,False,False,True,3.184,0.82687338501292,0.75544,52,41668.0,85.0,bidmc-52-w085-0117,85
118,41743,41931.0,42094,True,0.10335,0.84412,True,41743,41743,41931.0,41931.0,42094,42094,False,False,True,2.784,0.9287749287749287,0.7407699999999999,52,42016.0,85.0,bidmc-52-w085-0118,85
119,42094,42267.0,42463,True,0.097728,1.0,True,42094,42094,42237.0,42297.0,42463,42463,False,False,True,2.688,0.9376693766937669,0.902272,52,42382.0,115.0,bidmc-52-w085-0119,85
120,42463,42643.0,42930,True,0.093574,1.0,True,42463,42463,42617.0,42669.0,42930,42930,False,False,True,3.008,0.7708779443254818,0.906426,52,42754.0,111.0,bidmc-52-w085-0120,85
121,42930,43065.0,43249,True,0.048864,0.57415,True,42930,42930,43065.0,43065.0,43249,43249,False,False,True,3.376,0.8463949843260188,0.525286,52,43150.0,85.0,bidmc-52-w085-0121,85
122,43249,43477.0,43700,True,0.049841,0.61764,True,43249,43249,43477.0,43477.0,43700,43700,False,False,True,3.296,0.9889135254988913,0.5677989999999999,52,43562.0,85.0,bidmc-52-w085-0122,85
123,43700,43933.0,44182,True,0.12925,0.62644,True,43700,43700,43933.0,43933.0,44182,44182,False,False,True,3.648,0.966804979253112,0.49719,52,44018.0,85.0,bidmc-52-w085-0123,85
124,44182,44372.0,44530,True,0.14342,0.52138,True,44182,44182,44371.0,44373.0,44530,44530,False,False,True,3.512,0.9080459770114943,0.37795999999999996,52,44458.0,86.0,bidmc-52-w085-0124,85
125,44530,44817.0,44957,True,0.16052,0.70315,True,44530,44530,44817.0,44817.0,44957,44957,False,False,True,3.56,0.6557377049180328,0.5426300000000001,52,44902.0,85.0,bidmc-52-w085-0125,85
126,44957,45215.0,45386,True,0.19399,0.93599,True,44957,44957,45215.0,45215.0,45386,45386,False,False,True,3.184,0.7972027972027972,0.742,52,45300.0,85.0,bidmc-52-w085-0126,85
127,45386,45601.0,45760,True,0.12021,0.6819,True,45386,45386,45601.0,45601.0,45760,45760,False,False,True,3.088,0.8502673796791445,0.5616899999999999,52,45686.0,85.0,bidmc-52-w085-0127,85
128,45760,46029.0,46242,True,0.11776,0.67041,True,45760,45760,46029.0,46029.0,46242,46242,False,False,True,3.424,0.8838174273858921,0.55265,52,46114.0,85.0,bidmc-52-w085-0128,85
129,46242,46493.0,46682,True,0.17542,0.75373,True,46242,46242,46493.0,46493.0,46682,46682,False,False,True,3.712,0.8590909090909091,0.57831,52,46578.0,85.0,bidmc-52-w085-0129,85
130,46682,46897.0,47108,True,0.19106,0.80601,True,46682,46682,46897.0,46897.0,47108,47108,False,False,True,3.232,0.9906103286384976,0.61495,52,46982.0,85.0,bidmc-52-w085-0130,85
131,47108,47322.0,47513,True,0.18715,0.71586,True,47108,47108,47321.0,47323.0,47513,47513,False,False,True,3.4,0.9432098765432099,0.52871,52,47408.0,86.0,bidmc-52-w085-0131,85
132,47513,47737.0,47897,True,0.15319,0.66553,True,47513,47513,47737.0,47737.0,47897,47898,False,False,True,3.32,0.8333333333333334,0.51234,52,47822.0,85.0,bidmc-52-w085-0132,85
133,47897,48170.0,48343,True,0.16565,0.65209,True,47897,47898,48169.0,48171.0,48343,48343,False,False,True,3.464,0.7757847533632287,0.48644,52,48256.0,86.0,bidmc-52-w085-0133,85
134,48343,48579.0,48755,True,0.18104,0.73198,True,48343,48343,48579.0,48579.0,48755,48755,False,False,True,3.272,0.854368932038835,0.55094,52,48664.0,85.0,bidmc-52-w085-0134,85
135,48755,48977.0,49145,True,0.14171,0.70242,True,48755,48755,48977.0,48977.0,49145,49145,False,False,True,3.184,0.8615384615384616,0.56071,52,49062.0,85.0,bidmc-52-w085-0135,85
136,49145,49385.0,49577,True,0.18568,0.88639,True,49145,49145,49385.0,49385.0,49577,49577,False,False,True,3.264,0.8888888888888888,0.7007099999999999,52,49470.0,85.0,bidmc-52-w085-0136,85
137,49577,49747.0,49864,True,0.099438,0.63914,True,49577,49577,49747.0,49747.0,49864,49864,False,False,True,2.896,0.8153310104529616,0.539702,52,49832.0,85.0,bidmc-52-w085-0137,85
138,49864,50036.0,50204,True,-0.00048864,1.0,True,49864,49864,50003.0,50069.0,50204,50205,False,False,True,2.312,0.9882352941176471,1.00048864,52,50154.0,118.0,bidmc-52-w085-0138,85
139,50204,50354.0,50550,True,-0.00048864,0.76521,True,50204,50205,50353.0,50355.0,50550,50550,False,False,True,2.544,0.8670520231213873,0.76569864,52,50440.0,86.0,bidmc-52-w085-0139,85
140,50550,50725.0,50908,True,0.1141,0.57733,True,50550,50550,50725.0,50725.0,50908,50908,False,False,True,2.968,0.9776536312849162,0.46323000000000003,52,50810.0,85.0,bidmc-52-w085-0140,85
141,50908,50915.0,50956,True,0.12705,0.16296,True,50908,50908,50915.0,50915.0,50956,50956,False,False,True,1.52,0.29166666666666663,0.03591,52,51000.0,85.0,bidmc-52-w085-0141,85
142,50956,51167.0,51396,True,0.067188,0.51503,True,50956,50956,51167.0,51167.0,51396,51396,False,False,True,2.016,0.9590909090909091,0.44784199999999996,52,51252.0,85.0,bidmc-52-w085-0142,85
143,51396,51620.0,51811,True,0.10359,0.57488,True,51396,51396,51619.0,51621.0,51811,51811,False,False,True,3.624,0.9204819277108434,0.47128999999999993,52,51706.0,86.0,bidmc-52-w085-0143,85
144,51811,52036.0,52196,True,0.16687,0.63596,True,51811,51811,52035.0,52037.0,52196,52196,False,False,True,3.328,0.8311688311688312,0.46909,52,52122.0,86.0,bidmc-52-w085-0144,85
145,52196,52457.0,52641,True,0.15148,0.69924,True,52196,52196,52457.0,52457.0,52641,52641,False,False,True,3.368,0.8269662921348315,0.54776,52,52542.0,85.0,bidmc-52-w085-0145,85
146,52641,52882.0,53087,True,0.14806,0.69753,True,52641,52641,52881.0,52883.0,53087,53087,False,False,True,3.4,0.9192825112107623,0.54947,52,52968.0,86.0,bidmc-52-w085-0146,85
147,53087,53313.0,53484,True,0.16247,0.73394,True,53087,53087,53313.0,53313.0,53484,53484,False,False,True,3.448,0.8614609571788413,0.57147,52,53398.0,85.0,bidmc-52-w085-0147,85
148,53484,53710.0,53897,True,0.15832,0.75861,True,53484,53484,53709.0,53711.0,53897,53897,False,False,True,3.176,0.9055690072639225,0.60029,52,53796.0,86.0,bidmc-52-w085-0148,85
149,53897,54152.0,54332,True,0.16394,0.58979,True,53897,53897,54151.0,54153.0,54332,54332,False,False,True,3.536,0.8275862068965517,0.42585000000000006,52,54238.0,86.0,bidmc-52-w085-0149,85
150,54332,54544.0,54706,True,0.12045,0.65698,True,54332,54332,54543.0,54545.0,54706,54706,False,False,True,3.136,0.8663101604278075,0.53653,52,54630.0,86.0,bidmc-52-w085-0150,85
151,54706,54737.0,54761,True,0.21549,0.25776,True,54706,54706,54737.0,54737.0,54761,54761,False,False,True,1.544,0.8727272727272728,0.04227,52,54822.0,85.0,bidmc-52-w085-0151,85
152,54761,54967.0,55204,True,0.11239,0.68605,True,54761,54761,54967.0,54967.0,55204,55204,False,False,True,1.84,0.9300225733634312,0.5736600000000001,52,55052.0,85.0,bidmc-52-w085-0152,85
153,55204,55399.0,55562,True,0.15588,0.68434,True,55204,55204,55399.0,55399.0,55562,55562,False,False,True,3.456,0.9106145251396648,0.5284599999999999,52,55484.0,85.0,bidmc-52-w085-0153,85
154,55562,55821.0,56014,True,0.14195,0.66357,True,55562,55562,55821.0,55821.0,56014,56015,False,False,True,3.376,0.8539823008849557,0.52162,52,55906.0,85.0,bidmc-52-w085-0154,85
155,56014,56225.0,56404,True,0.15661,0.59321,True,56014,56015,56225.0,56225.0,56404,56405,False,False,True,3.232,0.9179487179487179,0.4366,52,56310.0,85.0,bidmc-52-w085-0155,85
156,56404,56624.0,56796,True,0.15905,0.69631,True,56404,56405,56623.0,56625.0,56796,56796,False,False,True,3.192,0.8775510204081632,0.53726,52,56710.0,86.0,bidmc-52-w085-0156,85
157,56796,56819.0,56835,True,0.21451,0.24554,True,56796,56796,56819.0,56819.0,56835,56835,False,False,True,1.56,0.8205128205128205,0.031030000000000002,52,56904.0,85.0,bidmc-52-w085-0157,85
158,56835,57045.0,57200,True,0.15123,0.76839,True,56835,56835,57045.0,57045.0,57200,57200,False,False,True,1.808,0.8493150684931507,0.61716,52,57130.0,85.0,bidmc-52-w085-0158,85
159,57200,57395.0,57499,True,0.15172,0.9421,True,57200,57200,57395.0,57395.0,57499,57499,False,False,True,2.8,0.6956521739130435,0.7903800000000001,52,57480.0,85.0,bidmc-52-w085-0159,85
160,57499,57694.0,57859,True,-0.00048864,0.9333,True,57499,57499,57693.0,57695.0,57859,57859,False,False,True,2.392,0.9166666666666666,0.9337886400000001,52,57780.0,86.0,bidmc-52-w085-0160,85
161,57859,58095.0,58349,True,-0.00048864,1.0,True,57859,57859,58083.0,58107.0,58349,58349,False,False,True,3.208,0.963265306122449,1.00048864,52,58192.0,97.0,bidmc-52-w085-0161,85
162,58349,58530.0,58684,True,0.076961,0.46421,True,58349,58349,58529.0,58531.0,58684,58684,False,False,True,3.48,0.9194029850746268,0.387249,52,58616.0,86.0,bidmc-52-w085-0162,85
163,58684,58965.0,59163,True,0.15221,0.55387,True,58684,58684,58965.0,58965.0,59163,59163,False,False,True,3.48,0.826722338204593,0.40165999999999996,52,59050.0,85.0,bidmc-52-w085-0163,85
164,59163,59443.0,59585,True,0.16052,0.58295,True,59163,59163,59443.0,59443.0,59585,59585,False,False,True,3.824,0.6729857819905214,0.42242999999999997,52,59528.0,85.0,bidmc-52-w085-0164,85
1,83,225.0,378,True,-0.00048864,0.70291,True,83,83,225.0,225.0,378,378,False,False,True,,0.9627118644067797,0.7033986400000001,53,310.0,85.0,bidmc-53-w085-0001,85
2,378,527.0,739,True,0.057904,0.75983,True,378,378,527.0,527.0,739,739,False,False,True,2.416,0.8254847645429363,0.701926,53,612.0,85.0,bidmc-53-w085-0002,85
3,739,939.0,1055,True,0.1268,0.94381,True,739,739,939.0,939.0,1055,1055,False,False,True,3.296,0.7341772151898734,0.81701,53,1024.0,85.0,bidmc-53-w085-0003,85
4,1055,1167.0,1266,True,0.24579,0.8947,True,1055,1055,1167.0,1167.0,1266,1266,False,False,True,1.824,0.9383886255924171,0.6489100000000001,53,1252.0,85.0,bidmc-53-w085-0004,85
5,1266,1385.0,1487,True,0.36892,1.0,True,1266,1266,1377.0,1393.0,1487,1487,False,False,True,1.744,0.9230769230769231,0.63108,53,1478.0,93.0,bidmc-53-w085-0005,85
6,1487,1585.0,1852,True,-0.00048864,0.8859,True,1487,1487,1585.0,1585.0,1852,1852,False,False,True,1.6,0.536986301369863,0.8863886400000001,53,1670.0,85.0,bidmc-53-w085-0006,85
7,1852,2015.0,2157,True,-0.00048864,0.82165,True,1852,1852,2015.0,2015.0,2157,2157,False,False,True,3.44,0.9311475409836065,0.82213864,53,2100.0,85.0,bidmc-53-w085-0007,85
8,2157,2297.0,2477,True,0.0019546,0.62912,True,2157,2157,2297.0,2297.0,2477,2477,False,False,True,2.256,0.875,0.6271654,53,2382.0,85.0,bidmc-53-w085-0008,85
9,2477,2606.0,2614,True,0.014659,0.44564,True,2477,2477,2605.0,2607.0,2614,2614,False,False,True,2.472,0.11678832116788318,0.430981,53,2692.0,86.0,bidmc-53-w085-0009,85
10,2614,2780.0,2891,True,-0.00048864,1.0,True,2614,2614,2763.0,2797.0,2891,2891,False,False,True,1.392,0.8014440433212997,1.00048864,53,2882.0,102.0,bidmc-53-w085-0010,85
11,2891,3046.0,3147,True,-0.00048864,1.0,True,2891,2891,3031.0,3061.0,3147,3147,False,False,True,2.128,0.7890625,1.00048864,53,3146.0,100.0,bidmc-53-w085-0011,85
12,3147,3244.0,3348,True,-0.00048864,1.0,True,3147,3147,3233.0,3255.0,3348,3348,False,False,True,1.584,0.9651741293532339,1.00048864,53,3340.0,96.0,bidmc-53-w085-0012,85
13,3348,3439.0,3446,True,0.1268,0.83802,True,3348,3348,3439.0,3439.0,3446,3446,False,False,True,1.56,0.1428571428571429,0.71122,53,3524.0,85.0,bidmc-53-w085-0013,85
14,3446,3548.0,3795,True,-0.00048864,1.0,True,3446,3446,3539.0,3557.0,3795,3795,False,False,True,0.872,0.5845272206303724,1.00048864,53,3642.0,94.0,bidmc-53-w085-0014,85
15,3795,4050.0,4226,True,-0.00048864,0.87393,True,3795,3795,4049.0,4051.0,4226,4226,False,False,True,4.016,0.8167053364269141,0.87441864,53,4136.0,86.0,bidmc-53-w085-0015,85
16,4226,4416.0,4623,True,0.03396,0.81261,True,4226,4226,4415.0,4417.0,4623,4624,False,False,True,2.928,0.9571788413098237,0.7786500000000001,53,4502.0,86.0,bidmc-53-w085-0016,85
17,4623,4796.0,4985,True,0.028341,0.70413,True,4623,4624,4795.0,4797.0,4985,4985,False,False,True,3.04,0.9558011049723757,0.6757890000000001,53,4882.0,86.0,bidmc-53-w085-0017,85
18,4985,5175.0,5348,True,0.087222,0.79306,True,4985,4985,5175.0,5175.0,5348,5348,False,False,True,3.032,0.953168044077135,0.705838,53,5260.0,85.0,bidmc-53-w085-0018,85
19,5348,5505.0,5687,True,0.046421,0.61813,True,5348,5348,5505.0,5505.0,5687,5687,False,False,True,2.64,0.9262536873156342,0.5717089999999999,53,5590.0,85.0,bidmc-53-w085-0019,85
20,5687,5863.0,6025,True,0.10188,0.74688,True,5687,5687,5863.0,5863.0,6025,6025,False,False,True,2.864,0.9585798816568047,0.645,53,5948.0,85.0,bidmc-53-w085-0020,85
21,6025,6195.0,6418,True,0.07525,0.7872,True,6025,6025,6195.0,6195.0,6418,6418,False,False,True,2.656,0.8651399491094147,0.71195,53,6280.0,85.0,bidmc-53-w085-0021,85
22,6418,6591.0,6810,True,0.065233,0.73052,True,6418,6418,6591.0,6591.0,6810,6810,False,False,True,3.168,0.8826530612244898,0.665287,53,6676.0,85.0,bidmc-53-w085-0022,85
23,6810,7007.0,7173,True,0.058881,0.82214,True,6810,6810,7007.0,7007.0,7173,7173,False,False,True,3.328,0.9146005509641874,0.763259,53,7092.0,85.0,bidmc-53-w085-0023,85
24,7173,7329.0,7517,True,0.07012,0.71683,True,7173,7173,7329.0,7329.0,7517,7517,False,False,True,2.576,0.9069767441860466,0.64671,53,7414.0,85.0,bidmc-53-w085-0024,85
25,7517,7695.0,7916,True,0.073296,0.88541,True,7517,7517,7695.0,7695.0,7916,7916,False,False,True,2.928,0.8922305764411027,0.812114,53,7780.0,85.0,bidmc-53-w085-0025,85
26,7916,8117.0,8317,True,0.032739,0.78011,True,7916,7916,8117.0,8117.0,8317,8317,False,False,True,3.376,0.9975062344139651,0.747371,53,8202.0,85.0,bidmc-53-w085-0026,85
27,8317,8501.0,8703,True,0.052529,0.78695,True,8317,8317,8501.0,8501.0,8703,8703,False,False,True,3.072,0.9533678756476685,0.734421,53,8586.0,85.0,bidmc-53-w085-0027,85
28,8703,8867.0,9108,True,0.047154,0.68898,True,8703,8703,8867.0,8867.0,9108,9108,False,False,True,2.928,0.8098765432098766,0.641826,53,8952.0,85.0,bidmc-53-w085-0028,85
29,9108,9307.0,9513,True,0.079648,0.72783,True,9108,9108,9307.0,9307.0,9513,9513,False,False,True,3.52,0.9827160493827161,0.648182,53,9392.0,85.0,bidmc-53-w085-0029,85
30,9513,9673.0,9924,True,0.032495,0.73442,True,9513,9513,9673.0,9673.0,9924,9924,False,False,True,2.928,0.778588807785888,0.7019249999999999,53,9758.0,85.0,bidmc-53-w085-0030,85
31,9924,10071.0,10278,True,0.085023,0.70535,True,9924,9924,10071.0,10071.0,10278,10278,False,False,True,3.184,0.8305084745762712,0.6203270000000001,53,10156.0,85.0,bidmc-53-w085-0031,85
32,10278,10504.0,10643,True,0.067921,0.86538,True,10278,10278,10503.0,10505.0,10643,10643,False,False,True,3.464,0.7616438356164383,0.797459,53,10590.0,86.0,bidmc-53-w085-0032,85
33,10643,10788.0,11000,True,0.13975,0.79086,True,10643,10643,10787.0,10789.0,11000,11000,False,False,True,2.272,0.8123249299719888,0.65111,53,10874.0,86.0,bidmc-53-w085-0033,85
34,11000,11195.0,11435,True,0.03225,0.78402,True,11000,11000,11191.0,11199.0,11435,11435,False,False,True,3.256,0.896551724137931,0.75177,53,11284.0,89.0,bidmc-53-w085-0034,85
35,11435,11651.0,11817,True,0.056438,0.7398,True,11435,11435,11651.0,11651.0,11817,11817,False,False,True,3.648,0.8691099476439791,0.683362,53,11736.0,85.0,bidmc-53-w085-0035,85
36,11817,12009.0,12206,True,0.086733,0.75324,True,11817,11817,12009.0,12009.0,12206,12206,False,False,True,2.864,0.987146529562982,0.666507,53,12094.0,85.0,bidmc-53-w085-0036,85
37,12206,12395.0,12578,True,0.010994,0.72221,True,12206,12206,12395.0,12395.0,12578,12578,False,False,True,3.088,0.9838709677419355,0.7112160000000001,53,12480.0,85.0,bidmc-53-w085-0037,85
38,12578,12768.0,12957,True,0.10408,0.73565,True,12578,12578,12767.0,12769.0,12957,12957,False,False,True,2.984,0.9973614775725593,0.63157,53,12854.0,86.0,bidmc-53-w085-0038,85
39,12957,13127.0,13280,True,0.040313,0.64525,True,12957,12957,13127.0,13127.0,13280,13280,False,False,True,2.872,0.9473684210526316,0.604937,53,13212.0,85.0,bidmc-53-w085-0039,85
40,13280,13455.0,13658,True,0.071097,0.72123,True,13280,13280,13455.0,13455.0,13658,13658,False,False,True,2.624,0.9259259259259259,0.6501330000000001,53,13540.0,85.0,bidmc-53-w085-0040,85
41,13658,13860.0,14055,True,0.061569,0.68458,True,13658,13658,13859.0,13861.0,14055,14055,False,False,True,3.24,0.982367758186398,0.623011,53,13946.0,86.0,bidmc-53-w085-0041,85
42,14055,14243.0,14447,True,0.096018,0.74151,True,14055,14055,14243.0,14243.0,14447,14447,False,False,True,3.064,0.9591836734693877,0.645492,53,14328.0,85.0,bidmc-53-w085-0042,85
43,14447,14637.0,14831,True,0.075739,0.68434,True,14447,14447,14637.0,14637.0,14831,14831,False,False,True,3.152,0.9895833333333334,0.608601,53,14722.0,85.0,bidmc-53-w085-0043,85
44,14831,15001.0,15174,True,0.10628,0.74982,True,14831,14831,15001.0,15001.0,15174,15174,False,False,True,2.912,0.9912536443148688,0.64354,53,15086.0,85.0,bidmc-53-w085-0044,85
45,15174,15363.0,15509,True,0.066699,0.67774,True,15174,15174,15363.0,15363.0,15509,15509,False,False,True,2.896,0.8716417910447761,0.6110410000000001,53,15448.0,85.0,bidmc-53-w085-0045,85
46,15509,15713.0,15902,True,0.11972,0.78549,True,15509,15509,15713.0,15713.0,15902,15902,False,False,True,2.8,0.9618320610687023,0.66577,53,15798.0,85.0,bidmc-53-w085-0046,85
47,15902,16115.0,16286,True,0.057171,0.75324,True,15902,15902,16115.0,16115.0,16286,16286,False,False,True,3.216,0.890625,0.696069,53,16200.0,85.0,bidmc-53-w085-0047,85
48,16286,16519.0,16700,True,0.051063,0.7806,True,16286,16286,16519.0,16519.0,16700,16700,False,False,True,3.232,0.8743961352657005,0.729537,53,16604.0,85.0,bidmc-53-w085-0048,85
49,16700,16901.0,17071,True,0.052284,0.94723,True,16700,16700,16901.0,16901.0,17071,17071,False,False,True,3.056,0.9164420485175202,0.894946,53,16986.0,85.0,bidmc-53-w085-0049,85
50,17071,17227.0,17430,True,0.11703,0.75324,True,17071,17071,17227.0,17227.0,17430,17430,False,False,True,2.608,0.8690807799442897,0.63621,53,17312.0,85.0,bidmc-53-w085-0050,85
51,17430,17615.0,17788,True,0.10213,0.78207,True,17430,17430,17615.0,17615.0,17788,17788,False,False,True,3.104,0.9664804469273743,0.67994,53,17700.0,85.0,bidmc-53-w085-0051,85
52,17788,17957.0,18140,True,0.057171,0.73442,True,17788,17788,17957.0,17957.0,18140,18140,False,False,True,2.736,0.9602272727272727,0.677249,53,18042.0,85.0,bidmc-53-w085-0052,85
53,18140,18351.0,18514,True,0.042756,0.7872,True,18140,18140,18351.0,18351.0,18514,18514,False,False,True,3.152,0.8716577540106951,0.744444,53,18436.0,85.0,bidmc-53-w085-0053,85
54,18514,18693.0,18868,True,0.092108,0.74542,True,18514,18514,18693.0,18693.0,18868,18868,False,False,True,2.736,0.9887005649717514,0.653312,53,18778.0,85.0,bidmc-53-w085-0054,85
55,18868,19057.0,19251,True,0.0078182,0.75812,True,18868,18868,19057.0,19057.0,19251,19252,False,False,True,2.912,0.9869451697127938,0.7503018,53,19142.0,85.0,bidmc-53-w085-0055,85
56,19251,19445.0,19597,True,0.086489,0.92377,True,19251,19252,19445.0,19445.0,19597,19597,False,False,True,3.104,0.8786127167630058,0.8372809999999999,53,19530.0,85.0,bidmc-53-w085-0056,85
57,19597,19761.0,19950,True,0.07354,0.85268,True,19597,19597,19761.0,19761.0,19950,19950,False,False,True,2.528,0.9291784702549575,0.7791399999999999,53,19846.0,85.0,bidmc-53-w085-0057,85
58,19950,20163.0,20334,True,0.055216,0.95871,True,19950,19950,20163.0,20163.0,20334,20334,False,False,True,3.216,0.890625,0.9034939999999999,53,20248.0,85.0,bidmc-53-w085-0058,85
59,20334,20471.0,20693,True,0.12778,0.71952,True,20334,20334,20471.0,20471.0,20693,20693,False,False,True,2.464,0.7632311977715878,0.59174,53,20556.0,85.0,bidmc-53-w085-0059,85
60,20693,20901.0,21086,True,0.05033,0.79013,True,20693,20693,20901.0,20901.0,21086,21086,False,False,True,3.44,0.9414758269720102,0.7398,53,20986.0,85.0,bidmc-53-w085-0060,85
61,21086,21289.0,21491,True,0.071341,0.84803,True,21086,21086,21289.0,21289.0,21491,21491,False,False,True,3.104,0.9975308641975309,0.776689,53,21374.0,85.0,bidmc-53-w085-0061,85
62,21491,21716.0,21879,True,0.076716,0.86049,True,21491,21491,21715.0,21717.0,21879,21879,False,False,True,3.416,0.8402061855670103,0.783774,53,21802.0,86.0,bidmc-53-w085-0062,85
63,21879,22057.0,22253,True,0.11483,0.93306,True,21879,21879,22057.0,22057.0,22253,22253,False,False,True,2.728,0.9518716577540107,0.81823,53,22142.0,85.0,bidmc-53-w085-0063,85
64,22253,22465.0,22605,True,0.10603,0.88102,True,22253,22253,22465.0,22465.0,22605,22605,False,False,True,3.264,0.7954545454545454,0.7749900000000001,53,22550.0,85.0,bidmc-53-w085-0064,85
65,22605,22784.0,22949,True,0.090398,0.75519,True,22605,22605,22783.0,22785.0,22949,22949,False,False,True,2.552,0.9593023255813954,0.664792,53,22870.0,86.0,bidmc-53-w085-0065,85
66,22949,23137.0,23327,True,0.075495,0.90985,True,22949,22949,23137.0,23137.0,23327,23327,False,False,True,2.824,0.9947089947089947,0.8343550000000001,53,23222.0,85.0,bidmc-53-w085-0066,85
67,23327,23520.0,23716,True,0.090643,0.77742,True,23327,23327,23519.0,23521.0,23716,23716,False,False,True,3.064,0.9922879177377892,0.686777,53,23606.0,86.0,bidmc-53-w085-0067,85
68,23716,23927.0,24117,True,0.066699,0.93941,True,23716,23716,23927.0,23927.0,24117,24117,False,False,True,3.256,0.9476309226932669,0.872711,53,24012.0,85.0,bidmc-53-w085-0068,85
69,24117,24275.0,24465,True,0.088199,0.71512,True,24117,24117,24275.0,24275.0,24465,24465,False,False,True,2.784,0.9080459770114943,0.626921,53,24360.0,85.0,bidmc-53-w085-0069,85
70,24465,24667.0,24863,True,0.064745,0.88297,True,24465,24465,24667.0,24667.0,24863,24863,False,False,True,3.136,0.9849246231155779,0.818225,53,24752.0,85.0,bidmc-53-w085-0070,85
71,24863,25087.0,25266,True,0.050086,0.90936,True,24863,24863,25087.0,25087.0,25266,25266,False,False,True,3.36,0.8883374689826302,0.859274,53,25172.0,85.0,bidmc-53-w085-0071,85
72,25266,25489.0,25677,True,0.065966,0.94796,True,25266,25266,25489.0,25489.0,25677,25677,False,False,True,3.216,0.9148418491484185,0.8819940000000001,53,25574.0,85.0,bidmc-53-w085-0072,85
73,25677,25883.0,26048,True,0.15612,0.87882,True,25677,25677,25883.0,25883.0,26048,26048,False,False,True,3.152,0.889487870619946,0.7227,53,25968.0,85.0,bidmc-53-w085-0073,85
74,26048,26251.0,26399,True,0.13486,0.78549,True,26048,26048,26251.0,26251.0,26399,26399,False,False,True,2.944,0.8433048433048433,0.65063,53,26336.0,85.0,bidmc-53-w085-0074,85
75,26399,26623.0,26791,True,0.025409,0.81114,True,26399,26399,26623.0,26623.0,26791,26791,False,False,True,2.976,0.8571428571428572,0.785731,53,26708.0,85.0,bidmc-53-w085-0075,85
76,26791,26987.0,27176,True,0.056194,0.89665,True,26791,26791,26987.0,26987.0,27176,27176,False,False,True,2.912,0.9818181818181818,0.840456,53,27072.0,85.0,bidmc-53-w085-0076,85
77,27176,27352.0,27538,True,0.08429,0.7205,True,27176,27176,27351.0,27353.0,27538,27538,False,False,True,2.92,0.9723756906077348,0.63621,53,27438.0,86.0,bidmc-53-w085-0077,85
78,27538,27745.0,27932,True,0.089665,0.85756,True,27538,27538,27745.0,27745.0,27932,27932,False,False,True,3.144,0.949238578680203,0.767895,53,27830.0,85.0,bidmc-53-w085-0078,85
79,27932,28137.0,28341,True,0.064012,0.94283,True,27932,27932,28137.0,28137.0,28341,28341,False,False,True,3.136,0.9975550122249389,0.878818,53,28222.0,85.0,bidmc-53-w085-0079,85
80,28341,28538.0,28745,True,0.094063,0.93794,True,28341,28341,28537.0,28539.0,28745,28745,False,False,True,3.208,0.9752475247524752,0.843877,53,28624.0,86.0,bidmc-53-w085-0080,85
81,28745,28957.0,29137,True,0.10335,0.85512,True,28745,28745,28957.0,28957.0,29137,29137,False,False,True,3.352,0.9183673469387755,0.75177,53,29042.0,85.0,bidmc-53-w085-0081,85
82,29137,29329.0,29529,True,0.069875,0.92841,True,29137,29137,29329.0,29329.0,29529,29529,False,False,True,2.976,0.9795918367346939,0.8585349999999999,53,29414.0,85.0,bidmc-53-w085-0082,85
83,29529,29734.0,29959,True,0.097972,0.8754,True,29529,29529,29733.0,29735.0,29959,29959,False,False,True,3.24,0.9534883720930233,0.777428,53,29820.0,86.0,bidmc-53-w085-0083,85
84,29959,30153.0,30369,True,0.11581,0.90276,True,29959,29959,30153.0,30153.0,30369,30369,False,False,True,3.352,0.9463414634146341,0.78695,53,30238.0,85.0,bidmc-53-w085-0084,85
85,30369,30539.0,30765,True,0.1246,0.82727,True,30369,30369,30539.0,30539.0,30765,30765,False,False,True,3.088,0.8585858585858586,0.7026699999999999,53,30624.0,85.0,bidmc-53-w085-0085,85
86,30765,30927.0,31146,True,0.085023,0.82971,True,30765,30765,30927.0,30927.0,31146,31146,False,False,True,3.104,0.8503937007874016,0.744687,53,31012.0,85.0,bidmc-53-w085-0086,85
87,31146,31343.0,31545,True,0.11556,0.84095,True,31146,31146,31343.0,31343.0,31545,31545,False,False,True,3.328,0.987468671679198,0.72539,53,31428.0,85.0,bidmc-53-w085-0087,85
88,31545,31769.0,31966,True,0.071097,0.84999,True,31545,31545,31769.0,31769.0,31966,31966,False,False,True,3.408,0.9358669833729216,0.7788930000000001,53,31854.0,85.0,bidmc-53-w085-0088,85
89,31966,32178.0,32346,True,0.087711,0.90887,True,31966,31966,32177.0,32179.0,32346,32346,False,False,True,3.272,0.8842105263157894,0.821159,53,32264.0,86.0,bidmc-53-w085-0089,85
90,32346,32565.0,32714,True,0.14903,0.83484,True,32346,32346,32565.0,32565.0,32714,32714,False,False,True,3.096,0.8097826086956521,0.68581,53,32650.0,85.0,bidmc-53-w085-0090,85
91,32714,32907.0,33103,True,0.11288,0.73882,True,32714,32714,32907.0,32907.0,33103,33103,False,False,True,2.736,0.9922879177377892,0.62594,53,32992.0,85.0,bidmc-53-w085-0091,85
92,33103,33320.0,33514,True,0.021011,0.96384,True,33103,33103,33319.0,33321.0,33514,33514,False,False,True,3.304,0.9440389294403893,0.942829,53,33406.0,86.0,bidmc-53-w085-0092,85
93,33514,33746.0,33936,True,0.076716,0.80699,True,33514,33514,33745.0,33747.0,33936,33936,False,False,True,3.408,0.9004739336492891,0.730274,53,33832.0,86.0,bidmc-53-w085-0093,85
94,33936,34093.0,34278,True,0.067677,0.77523,True,33936,33936,34093.0,34093.0,34278,34278,False,False,True,2.776,0.9181286549707602,0.707553,53,34178.0,85.0,bidmc-53-w085-0094,85
95,34278,34457.0,34669,True,0.062546,0.75666,True,34278,34278,34457.0,34457.0,34669,34669,False,False,True,2.912,0.9156010230179028,0.694114,53,34542.0,85.0,bidmc-53-w085-0095,85
96,34669,34879.0,35064,True,0.11801,1.0,True,34669,34669,34873.0,34885.0,35064,35064,False,False,True,3.376,0.9367088607594937,0.88199,53,34970.0,91.0,bidmc-53-w085-0096,85
97,35064,35261.0,35454,True,0.069142,0.97655,True,35064,35064,35261.0,35261.0,35454,35454,False,False,True,3.056,0.9897435897435898,0.907408,53,35346.0,85.0,bidmc-53-w085-0097,85
98,35454,35671.0,35861,True,0.06279,1.0,True,35454,35454,35659.0,35683.0,35861,35861,False,False,True,3.28,0.9336609336609336,0.93721,53,35768.0,97.0,bidmc-53-w085-0098,85
99,35861,36051.0,36244,True,0.091131,0.93526,True,35861,35861,36051.0,36051.0,36244,36244,False,False,True,3.04,0.9921671018276762,0.844129,53,36136.0,85.0,bidmc-53-w085-0099,85
100,36244,36470.0,36665,True,0.07525,1.0,True,36244,36244,36461.0,36479.0,36665,36665,False,False,True,3.352,0.9263657957244655,0.92475,53,36564.0,94.0,bidmc-53-w085-0100,85
101,36665,36877.0,37097,True,0.08991,0.83728,True,36665,36665,36877.0,36877.0,37097,37097,False,False,True,3.256,0.9814814814814815,0.74737,53,36962.0,85.0,bidmc-53-w085-0101,85
102,37097,37279.0,37470,True,0.095773,0.77718,True,37097,37097,37279.0,37279.0,37470,37470,False,False,True,3.216,0.9758713136729222,0.681407,53,37364.0,85.0,bidmc-53-w085-0102,85
103,37470,37685.0,37865,True,0.11923,0.88957,True,37470,37470,37685.0,37685.0,37865,37865,False,False,True,3.248,0.9113924050632911,0.77034,53,37770.0,85.0,bidmc-53-w085-0103,85
104,37865,38051.0,38251,True,0.039824,0.83582,True,37865,37865,38051.0,38051.0,38251,38251,False,False,True,2.928,0.9637305699481865,0.795996,53,38136.0,85.0,bidmc-53-w085-0104,85
105,38251,38475.0,38693,True,0.087222,0.85829,True,38251,38251,38475.0,38475.0,38693,38693,False,False,True,3.392,0.9864253393665159,0.771068,53,38560.0,85.0,bidmc-53-w085-0105,85
106,38693,38927.0,39135,True,0.049597,0.90862,True,38693,38693,38927.0,38927.0,39135,39135,False,False,True,3.616,0.9411764705882353,0.859023,53,39012.0,85.0,bidmc-53-w085-0106,85
107,39135,39345.0,39546,True,0.079648,0.98363,True,39135,39135,39345.0,39345.0,39546,39546,False,False,True,3.344,0.9781021897810219,0.9039820000000001,53,39430.0,85.0,bidmc-53-w085-0107,85
108,39546,39747.0,39966,True,0.072319,0.95382,True,39546,39546,39747.0,39747.0,39966,39966,False,False,True,3.216,0.9571428571428572,0.881501,53,39832.0,85.0,bidmc-53-w085-0108,85
109,39966,40189.0,40374,True,0.12118,0.86318,True,39966,39966,40189.0,40189.0,40374,40374,False,False,True,3.536,0.9068627450980392,0.742,53,40274.0,85.0,bidmc-53-w085-0109,85
110,40374,40565.0,40799,True,0.05937,0.90569,True,40374,40374,40565.0,40565.0,40799,40799,False,False,True,3.008,0.8988235294117647,0.84632,53,40650.0,85.0,bidmc-53-w085-0110,85
111,40799,41034.0,41281,True,0.065722,0.8258,True,40799,40799,41033.0,41035.0,41281,41281,False,False,True,3.752,0.975103734439834,0.760078,53,41120.0,86.0,bidmc-53-w085-0111,85
112,41281,41511.0,41826,True,0.017102,1.0,True,41281,41281,41463.0,41559.0,41826,41826,False,False,True,3.816,0.8440366972477065,0.982898,53,41644.0,133.0,bidmc-53-w085-0112,85
113,41826,42027.0,42237,True,0.11678,0.86562,True,41826,41826,42027.0,42027.0,42237,42237,False,False,True,4.128,0.9781021897810219,0.74884,53,42112.0,85.0,bidmc-53-w085-0113,85
114,42237,42476.0,42650,True,0.14806,0.82458,True,42237,42237,42475.0,42477.0,42650,42650,False,False,True,3.592,0.8426150121065376,0.67652,53,42562.0,86.0,bidmc-53-w085-0114,85
115,42650,42813.0,43044,True,0.11581,0.74933,True,42650,42650,42813.0,42813.0,43044,43044,False,False,True,2.696,0.8274111675126904,0.6335200000000001,53,42898.0,85.0,bidmc-53-w085-0115,85
116,43044,43257.0,43445,True,0.08087,0.8754,True,43044,43044,43257.0,43257.0,43445,43445,False,False,True,3.552,0.9376558603491272,0.79453,53,43342.0,85.0,bidmc-53-w085-0116,85
117,43445,43594.0,43850,True,0.033716,0.80796,True,43445,43445,43593.0,43595.0,43850,43850,False,False,True,2.696,0.7358024691358025,0.774244,53,43680.0,86.0,bidmc-53-w085-0117,85
118,43850,44064.0,44251,True,0.034449,0.73956,True,43850,43850,44063.0,44065.0,44251,44251,False,False,True,3.76,0.9326683291770573,0.705111,53,44150.0,86.0,bidmc-53-w085-0118,85
119,44251,44417.0,44660,True,0.10115,0.82678,True,44251,44251,44417.0,44417.0,44660,44660,False,False,True,2.824,0.8117359413202934,0.72563,53,44502.0,85.0,bidmc-53-w085-0119,85
120,44660,44827.0,45073,True,0.026142,0.68923,True,44660,44660,44827.0,44827.0,45073,45073,False,False,True,3.28,0.8087167070217918,0.663088,53,44912.0,85.0,bidmc-53-w085-0120,85
121,45073,45227.0,45476,True,0.089421,0.78451,True,45073,45073,45227.0,45227.0,45476,45476,False,False,True,3.2,0.7642679900744417,0.6950890000000001,53,45312.0,85.0,bidmc-53-w085-0121,85
122,45476,45683.0,45934,True,0.088199,0.85072,True,45476,45476,45683.0,45683.0,45934,45935,False,False,True,3.648,0.9039301310043668,0.762521,53,45768.0,85.0,bidmc-53-w085-0122,85
123,45934,46106.0,46341,True,0.058881,0.70926,True,45934,45935,46105.0,46107.0,46341,46341,False,False,True,3.384,0.8452088452088452,0.650379,53,46192.0,86.0,bidmc-53-w085-0123,85
124,46341,46475.0,46735,True,0.083313,0.77205,True,46341,46341,46475.0,46475.0,46735,46735,False,False,True,2.952,0.6802030456852792,0.688737,53,46560.0,85.0,bidmc-53-w085-0124,85
125,46735,46887.0,47076,True,0.076961,0.82751,True,46735,46735,46887.0,46887.0,47076,47076,False,False,True,3.296,0.8914956011730205,0.7505489999999999,53,46972.0,85.0,bidmc-53-w085-0125,85
126,47076,47205.0,47481,True,0.12021,0.86538,True,47076,47076,47205.0,47205.0,47481,47481,False,False,True,2.544,0.6370370370370371,0.74517,53,47290.0,85.0,bidmc-53-w085-0126,85
127,47481,47647.0,47893,True,0.12558,0.80968,True,47481,47481,47647.0,47647.0,47893,47893,False,False,True,3.536,0.8058252427184466,0.6840999999999999,53,47732.0,85.0,bidmc-53-w085-0127,85
128,47893,48099.0,48279,True,0.071341,0.78207,True,47893,47893,48099.0,48099.0,48279,48279,False,False,True,3.616,0.9326424870466321,0.710729,53,48184.0,85.0,bidmc-53-w085-0128,85
129,48279,48475.0,48666,True,0.10921,1.0,True,48279,48279,48467.0,48483.0,48666,48666,False,False,True,3.008,0.9870801033591732,0.89079,53,48568.0,93.0,bidmc-53-w085-0129,85
130,48666,48885.0,49066,True,0.12167,0.87418,True,48666,48666,48885.0,48885.0,49066,49066,False,False,True,3.28,0.905,0.75251,53,48970.0,85.0,bidmc-53-w085-0130,85
131,49066,49254.0,49400,True,0.13633,0.87955,True,49066,49066,49253.0,49255.0,49400,49400,False,False,True,2.952,0.874251497005988,0.74322,53,49340.0,86.0,bidmc-53-w085-0131,85
132,49400,49575.0,49753,True,0.085756,0.90105,True,49400,49400,49575.0,49575.0,49753,49753,False,False,True,2.568,0.9915014164305949,0.815294,53,49660.0,85.0,bidmc-53-w085-0132,85
133,49753,49973.0,50154,True,0.077205,0.98412,True,49753,49753,49973.0,49973.0,50154,50154,False,False,True,3.184,0.9027431421446384,0.906915,53,50058.0,85.0,bidmc-53-w085-0133,85
134,50154,50338.0,50519,True,0.076716,0.81847,True,50154,50154,50337.0,50339.0,50519,50519,False,False,True,2.92,0.9917808219178083,0.741754,53,50424.0,86.0,bidmc-53-w085-0134,85
135,50519,50739.0,50919,True,0.096018,0.94527,True,50519,50519,50739.0,50739.0,50919,50919,False,False,True,3.208,0.9,0.849252,53,50824.0,85.0,bidmc-53-w085-0135,85
136,50919,51157.0,51368,True,0.063523,0.81578,True,50919,50919,51157.0,51157.0,51368,51368,False,False,True,3.344,0.9398663697104677,0.752257,53,51242.0,85.0,bidmc-53-w085-0136,85
137,51368,51591.0,51780,True,0.13682,0.74884,True,51368,51368,51591.0,51591.0,51780,51780,False,False,True,3.472,0.9174757281553398,0.61202,53,51676.0,85.0,bidmc-53-w085-0137,85
138,51780,52011.0,52175,True,0.12045,0.78353,True,51780,51780,52011.0,52011.0,52175,52175,False,False,True,3.36,0.830379746835443,0.6630799999999999,53,52096.0,85.0,bidmc-53-w085-0138,85
139,52175,52419.0,52587,True,0.10994,0.85439,True,52175,52175,52419.0,52419.0,52587,52587,False,False,True,3.264,0.8155339805825242,0.74445,53,52504.0,85.0,bidmc-53-w085-0139,85
140,52587,52763.0,52934,True,0.10164,0.68923,True,52587,52587,52763.0,52763.0,52934,52934,False,False,True,2.752,0.9855907780979827,0.5875900000000001,53,52848.0,85.0,bidmc-53-w085-0140,85
141,52934,53147.0,53387,True,0.063523,1.0,True,52934,52934,53145.0,53149.0,53387,53387,False,False,True,3.072,0.9403973509933775,0.936477,53,53234.0,87.0,bidmc-53-w085-0141,85
142,53387,53546.0,53746,True,0.11605,0.77327,True,53387,53387,53545.0,53547.0,53746,53746,False,False,True,3.192,0.8857938718662952,0.65722,53,53632.0,86.0,bidmc-53-w085-0142,85
143,53746,53959.0,54141,True,0.077938,0.99682,True,53746,53746,53959.0,53959.0,54141,54141,False,False,True,3.304,0.9215189873417722,0.9188820000000001,53,54044.0,85.0,bidmc-53-w085-0143,85
144,54141,54331.0,54515,True,0.091376,0.99389,True,54141,54141,54331.0,54331.0,54515,54515,False,False,True,2.976,0.983957219251337,0.902514,53,54416.0,85.0,bidmc-53-w085-0144,85
145,54515,54745.0,54939,True,0.073296,0.9399,True,54515,54515,54745.0,54745.0,54939,54939,False,False,True,3.312,0.9150943396226415,0.8666039999999999,53,54830.0,85.0,bidmc-53-w085-0145,85
146,54939,55157.0,55386,True,0.07916,0.94601,True,54939,54939,55157.0,55157.0,55386,55386,False,False,True,3.296,0.9753914988814317,0.86685,53,55242.0,85.0,bidmc-53-w085-0146,85
147,55386,55579.0,55782,True,0.13584,0.91033,True,55386,55386,55579.0,55579.0,55782,55782,False,False,True,3.376,0.9747474747474747,0.77449,53,55664.0,85.0,bidmc-53-w085-0147,85
148,55782,55993.0,56222,True,0.10261,0.96995,True,55782,55782,55993.0,55993.0,56222,56222,False,False,True,3.312,0.9590909090909091,0.86734,53,56078.0,85.0,bidmc-53-w085-0148,85
149,56222,56393.0,56587,True,0.13389,0.89812,True,56222,56222,56393.0,56393.0,56587,56587,False,False,True,3.2,0.936986301369863,0.76423,53,56478.0,85.0,bidmc-53-w085-0149,85
150,56587,56777.0,56992,True,0.12411,0.94063,True,56587,56587,56777.0,56777.0,56992,56993,False,False,True,3.072,0.9382716049382716,0.8165199999999999,53,56862.0,85.0,bidmc-53-w085-0150,85
151,56992,57195.0,57427,True,0.10506,0.79721,True,56992,56993,57195.0,57195.0,57427,57428,False,False,True,3.344,0.9333333333333333,0.6921499999999999,53,57280.0,85.0,bidmc-53-w085-0151,85
152,57427,57605.0,57785,True,0.091864,0.79184,True,57427,57428,57605.0,57605.0,57785,57785,False,False,True,3.28,0.994413407821229,0.6999759999999999,53,57690.0,85.0,bidmc-53-w085-0152,85
153,57785,58024.0,58199,True,0.092353,1.0,True,57785,57785,58019.0,58029.0,58199,58199,False,False,True,3.352,0.8454106280193237,0.907647,53,58114.0,90.0,bidmc-53-w085-0153,85
154,58199,58415.0,58597,True,0.075983,0.88224,True,58199,58199,58415.0,58415.0,58597,58597,False,False,True,3.128,0.914572864321608,0.806257,53,58500.0,85.0,bidmc-53-w085-0154,85
155,58597,58849.0,59053,True,0.055705,0.97117,True,58597,58597,58849.0,58849.0,59053,59053,False,False,True,3.472,0.8947368421052632,0.915465,53,58934.0,85.0,bidmc-53-w085-0155,85
156,59053,59275.0,59429,True,0.10213,0.8407,True,59053,59053,59275.0,59275.0,59429,59429,False,False,True,3.408,0.8191489361702128,0.73857,53,59360.0,85.0,bidmc-53-w085-0156,85
157,59429,59576.0,59781,True,0.019546,0.8451,True,59429,59429,59575.0,59577.0,59781,59781,False,False,True,2.408,0.8352272727272727,0.825554,53,59662.0,86.0,bidmc-53-w085-0157,85
