subject,method,annotator,kind,peak_index
2,featuregraph,ann1,detector_only,20357
2,featuregraph,ann1,detector_only,26212
2,featuregraph,ann1,detector_only,40201
2,featuregraph,ann1,detector_only,40206
2,featuregraph,ann1,detector_only,40211
2,featuregraph,ann1,detector_only,40217
2,featuregraph,ann1,detector_only,40222
2,featuregraph,ann1,detector_only,40227
2,featuregraph,ann1,detector_only,40233
2,featuregraph,ann1,detector_only,40238
2,featuregraph,ann1,detector_only,45759
2,featuregraph,ann1,detector_only,47735
2,featuregraph,ann1,detector_only,48293
2,featuregraph,ann1,detector_only,49971
2,featuregraph,ann1,detector_only,55059
2,featuregraph,ann1,detector_only,56741
2,featuregraph,ann1,reference_only,26278
2,featuregraph,ann1,reference_only,47815
2,featuregraph,ann1,reference_only,48402
2,featuregraph,ann1,reference_only,50039
2,featuregraph,ann1,reference_only,55128
2,featuregraph,ann2,detector_only,20357
2,featuregraph,ann2,detector_only,40201
2,featuregraph,ann2,detector_only,40206
2,featuregraph,ann2,detector_only,40211
2,featuregraph,ann2,detector_only,40217
2,featuregraph,ann2,detector_only,40222
2,featuregraph,ann2,detector_only,40227
2,featuregraph,ann2,detector_only,40233
2,featuregraph,ann2,detector_only,40238
2,featuregraph,ann2,detector_only,45759
2,featuregraph,ann2,detector_only,56741
2,llm_selected_baseline,ann1,detector_only,20367
2,llm_selected_baseline,ann1,detector_only,45785
2,llm_selected_baseline,ann2,detector_only,20367
2,llm_selected_baseline,ann2,detector_only,45785
3,featuregraph,ann1,detector_only,13113
3,featuregraph,ann1,detector_only,18755
3,featuregraph,ann1,detector_only,25365
3,featuregraph,ann1,reference_only,13196
3,featuregraph,ann1,reference_only,25437
3,featuregraph,ann1,reference_only,59887
3,featuregraph,ann2,reference_only,59920
3,llm_selected_baseline,ann1,detector_only,12970
3,llm_selected_baseline,ann1,detector_only,18757
3,llm_selected_baseline,ann1,reference_only,59887
3,llm_selected_baseline,ann2,detector_only,12970
3,llm_selected_baseline,ann2,reference_only,59920
4,featuregraph,ann1,detector_only,2456
4,featuregraph,ann1,detector_only,20399
4,featuregraph,ann1,detector_only,22569
4,featuregraph,ann1,detector_only,24740
4,featuregraph,ann1,detector_only,24742
4,featuregraph,ann1,detector_only,24744
4,featuregraph,ann1,detector_only,24746
4,featuregraph,ann1,detector_only,24748
4,featuregraph,ann1,detector_only,24750
4,featuregraph,ann1,detector_only,24752
4,featuregraph,ann1,detector_only,24754
4,featuregraph,ann1,detector_only,24756
4,featuregraph,ann1,detector_only,24758
4,featuregraph,ann1,detector_only,24760
4,featuregraph,ann1,detector_only,24762
4,featuregraph,ann1,detector_only,24764
4,featuregraph,ann1,detector_only,25865
4,featuregraph,ann1,detector_only,31765
4,featuregraph,ann1,detector_only,32325
4,featuregraph,ann1,detector_only,32725
4,featuregraph,ann1,detector_only,37289
4,featuregraph,ann1,detector_only,39625
4,featuregraph,ann1,detector_only,46465
4,featuregraph,ann1,detector_only,47007
4,featuregraph,ann1,detector_only,48920
4,featuregraph,ann1,detector_only,48933
4,featuregraph,ann1,detector_only,48945
4,featuregraph,ann1,detector_only,52563
4,featuregraph,ann1,detector_only,58184
4,featuregraph,ann1,detector_only,58186
4,featuregraph,ann2,detector_only,2456
4,featuregraph,ann2,detector_only,20399
4,featuregraph,ann2,detector_only,22569
4,featuregraph,ann2,detector_only,24740
4,featuregraph,ann2,detector_only,24742
4,featuregraph,ann2,detector_only,24744
4,featuregraph,ann2,detector_only,24746
4,featuregraph,ann2,detector_only,24748
4,featuregraph,ann2,detector_only,24750
4,featuregraph,ann2,detector_only,24752
4,featuregraph,ann2,detector_only,24754
4,featuregraph,ann2,detector_only,24756
4,featuregraph,ann2,detector_only,24758
4,featuregraph,ann2,detector_only,24760
4,featuregraph,ann2,detector_only,24762
4,featuregraph,ann2,detector_only,24764
4,featuregraph,ann2,detector_only,25865
4,featuregraph,ann2,detector_only,31765
4,featuregraph,ann2,detector_only,32325
4,featuregraph,ann2,detector_only,32725
4,featuregraph,ann2,detector_only,37289
4,featuregraph,ann2,detector_only,39625
4,featuregraph,ann2,detector_only,46465
4,featuregraph,ann2,detector_only,47007
4,featuregraph,ann2,detector_only,48920
4,featuregraph,ann2,detector_only,48933
4,featuregraph,ann2,detector_only,48945
4,featuregraph,ann2,detector_only,52563
4,featuregraph,ann2,detector_only,58184
4,featuregraph,ann2,detector_only,58186
5,featuregraph,ann1,detector_only,695
5,featuregraph,ann1,detector_only,849
5,featuregraph,ann1,detector_only,1157
5,featuregraph,ann1,detector_only,1916
5,featuregraph,ann1,detector_only,2074
5,featuregraph,ann1,detector_only,2461
5,featuregraph,ann1,detector_only,3369
5,featuregraph,ann1,detector_only,3705
5,featuregraph,ann1,detector_only,4296
5,featuregraph,ann1,detector_only,4597
5,featuregraph,ann1,detector_only,4757
5,featuregraph,ann1,detector_only,4931
5,featuregraph,ann1,detector_only,5589
5,featuregraph,ann1,detector_only,5741
5,featuregraph,ann1,detector_only,6009
5,featuregraph,ann1,detector_only,6969
5,featuregraph,ann1,detector_only,7121
5,featuregraph,ann1,detector_only,7279
5,featuregraph,ann1,detector_only,7332
5,featuregraph,ann1,detector_only,7335
5,featuregraph,ann1,detector_only,7338
5,featuregraph,ann1,detector_only,7340
5,featuregraph,ann1,detector_only,7343
5,featuregraph,ann1,detector_only,7346
5,featuregraph,ann1,detector_only,7349
5,featuregraph,ann1,detector_only,7352
5,featuregraph,ann1,detector_only,7355
5,featuregraph,ann1,detector_only,7358
5,featuregraph,ann1,detector_only,7361
5,featuregraph,ann1,detector_only,7364
5,featuregraph,ann1,detector_only,7367
5,featuregraph,ann1,detector_only,7370
5,featuregraph,ann1,detector_only,7372
5,featuregraph,ann1,detector_only,7375
5,featuregraph,ann1,detector_only,7378
5,featuregraph,ann1,detector_only,7381
5,featuregraph,ann1,detector_only,7545
5,featuregraph,ann1,detector_only,8349
5,featuregraph,ann1,detector_only,8763
5,featuregraph,ann1,detector_only,9574
5,featuregraph,ann1,detector_only,9729
5,featuregraph,ann1,detector_only,10049
5,featuregraph,ann1,detector_only,10949
5,featuregraph,ann1,detector_only,11185
5,featuregraph,ann1,detector_only,11797
5,featuregraph,ann1,detector_only,12185
5,featuregraph,ann1,detector_only,13023
5,featuregraph,ann1,detector_only,13181
5,featuregraph,ann1,detector_only,13447
5,featuregraph,ann1,detector_only,14487
5,featuregraph,ann1,detector_only,14807
5,featuregraph,ann1,detector_only,15391
5,featuregraph,ann1,detector_only,15624
5,featuregraph,ann1,detector_only,15937
5,featuregraph,ann1,detector_only,16775
5,featuregraph,ann1,detector_only,17017
5,featuregraph,ann1,detector_only,17169
5,featuregraph,ann1,detector_only,17379
5,featuregraph,ann1,detector_only,18091
5,featuregraph,ann1,detector_only,18293
5,featuregraph,ann1,detector_only,18541
5,featuregraph,ann1,detector_only,19471
5,featuregraph,ann1,detector_only,19622
5,featuregraph,ann1,detector_only,19777
5,featuregraph,ann1,detector_only,19929
5,featuregraph,ann1,detector_only,20161
5,featuregraph,ann1,detector_only,20347
5,featuregraph,ann1,detector_only,21233
5,featuregraph,ann1,detector_only,21542
5,featuregraph,ann1,detector_only,21683
5,featuregraph,ann1,detector_only,22457
5,featuregraph,ann1,detector_only,22610
5,featuregraph,ann1,detector_only,22751
5,featuregraph,ann1,detector_only,23651
5,featuregraph,ann1,detector_only,24705
5,featuregraph,ann1,detector_only,25337
5,featuregraph,ann1,detector_only,25661
5,featuregraph,ann1,detector_only,25927
5,featuregraph,ann1,detector_only,26801
5,featuregraph,ann1,detector_only,26962
5,featuregraph,ann1,detector_only,27325
5,featuregraph,ann1,detector_only,28113
5,featuregraph,ann1,detector_only,28425
5,featuregraph,ann1,detector_only,28650
5,featuregraph,ann1,detector_only,28833
5,featuregraph,ann1,detector_only,29691
5,featuregraph,ann1,detector_only,29983
5,featuregraph,ann1,detector_only,30607
5,featuregraph,ann1,detector_only,30761
5,featuregraph,ann1,detector_only,31073
5,featuregraph,ann1,detector_only,31311
5,featuregraph,ann1,detector_only,32145
5,featuregraph,ann1,detector_only,32371
5,featuregraph,ann1,detector_only,32951
5,featuregraph,ann1,detector_only,33191
5,featuregraph,ann1,detector_only,33331
5,featuregraph,ann1,detector_only,33925
5,featuregraph,ann1,detector_only,34167
5,featuregraph,ann1,detector_only,34441
5,featuregraph,ann1,detector_only,35313
5,featuregraph,ann1,detector_only,35627
5,featuregraph,ann1,detector_only,36389
5,featuregraph,ann1,detector_only,36777
5,featuregraph,ann1,detector_only,37055
5,featuregraph,ann1,detector_only,38077
5,featuregraph,ann1,detector_only,38385
5,featuregraph,ann1,detector_only,38667
5,featuregraph,ann1,detector_only,39687
5,featuregraph,ann1,detector_only,40145
5,featuregraph,ann1,detector_only,40347
5,featuregraph,ann1,detector_only,41205
5,featuregraph,ann1,detector_only,41489
5,featuregraph,ann1,detector_only,42196
5,featuregraph,ann1,detector_only,42329
5,featuregraph,ann1,detector_only,42513
5,featuregraph,ann1,detector_only,42787
5,featuregraph,ann1,detector_only,43657
5,featuregraph,ann1,detector_only,43811
5,featuregraph,ann1,detector_only,44069
5,featuregraph,ann1,detector_only,44726
5,featuregraph,ann1,detector_only,44877
5,featuregraph,ann1,detector_only,45165
5,featuregraph,ann1,detector_only,45845
5,featuregraph,ann1,detector_only,45995
5,featuregraph,ann1,detector_only,46097
5,featuregraph,ann1,detector_only,46309
5,featuregraph,ann1,detector_only,46493
5,featuregraph,ann1,detector_only,46692
5,featuregraph,ann1,detector_only,46847
5,featuregraph,ann1,detector_only,47496
5,featuregraph,ann1,detector_only,47806
5,featuregraph,ann1,detector_only,48055
5,featuregraph,ann1,detector_only,48877
5,featuregraph,ann1,detector_only,49266
5,featuregraph,ann1,detector_only,49407
5,featuregraph,ann1,detector_only,50108
5,featuregraph,ann1,detector_only,50239
5,featuregraph,ann1,detector_only,50307
5,featuregraph,ann1,detector_only,50315
5,featuregraph,ann1,detector_only,50324
5,featuregraph,ann1,detector_only,50332
5,featuregraph,ann1,detector_only,50511
5,featuregraph,ann1,detector_only,51019
5,featuregraph,ann1,detector_only,51329
5,featuregraph,ann1,detector_only,51603
5,featuregraph,ann1,detector_only,52218
5,featuregraph,ann1,detector_only,52439
5,featuregraph,ann1,detector_only,52769
5,featuregraph,ann1,detector_only,52941
5,featuregraph,ann1,detector_only,53838
5,featuregraph,ann1,detector_only,54147
5,featuregraph,ann1,detector_only,54405
5,featuregraph,ann1,detector_only,55043
5,featuregraph,ann1,detector_only,55209
5,featuregraph,ann1,detector_only,55357
5,featuregraph,ann1,detector_only,55573
5,featuregraph,ann1,detector_only,56417
5,featuregraph,ann1,detector_only,56537
5,featuregraph,ann1,detector_only,56755
5,featuregraph,ann1,detector_only,57539
5,featuregraph,ann1,detector_only,57821
5,featuregraph,ann1,detector_only,58617
5,featuregraph,ann1,detector_only,58865
5,featuregraph,ann1,detector_only,59510
5,featuregraph,ann1,detector_only,59829
5,featuregraph,ann1,reference_only,67
5,featuregraph,ann1,reference_only,1285
5,featuregraph,ann1,reference_only,2572
5,featuregraph,ann1,reference_only,3839
5,featuregraph,ann1,reference_only,5035
5,featuregraph,ann1,reference_only,6109
5,featuregraph,ann1,reference_only,7615
5,featuregraph,ann1,reference_only,8902
5,featuregraph,ann1,reference_only,10167
5,featuregraph,ann1,reference_only,11335
5,featuregraph,ann1,reference_only,12291
5,featuregraph,ann1,reference_only,13574
5,featuregraph,ann1,reference_only,14904
5,featuregraph,ann1,reference_only,16059
5,featuregraph,ann1,reference_only,17520
5,featuregraph,ann1,reference_only,18693
5,featuregraph,ann1,reference_only,20483
5,featuregraph,ann1,reference_only,21791
5,featuregraph,ann1,reference_only,22841
5,featuregraph,ann1,reference_only,23772
5,featuregraph,ann1,reference_only,24815
5,featuregraph,ann1,reference_only,26033
5,featuregraph,ann1,reference_only,27435
5,featuregraph,ann1,reference_only,28926
5,featuregraph,ann1,reference_only,30093
5,featuregraph,ann1,reference_only,31424
5,featuregraph,ann1,reference_only,32480
5,featuregraph,ann1,reference_only,33433
5,featuregraph,ann1,reference_only,34561
5,featuregraph,ann1,reference_only,35717
5,featuregraph,ann1,reference_only,37161
5,featuregraph,ann1,reference_only,38837
5,featuregraph,ann1,reference_only,40450
5,featuregraph,ann1,reference_only,41613
5,featuregraph,ann1,reference_only,42922
5,featuregraph,ann1,reference_only,44174
5,featuregraph,ann1,reference_only,45293
5,featuregraph,ann1,reference_only,46980
5,featuregraph,ann1,reference_only,48185
5,featuregraph,ann1,reference_only,49543
5,featuregraph,ann1,reference_only,50578
5,featuregraph,ann1,reference_only,51722
5,featuregraph,ann1,reference_only,53076
5,featuregraph,ann1,reference_only,54524
5,featuregraph,ann1,reference_only,55720
5,featuregraph,ann1,reference_only,56857
5,featuregraph,ann1,reference_only,57943
5,featuregraph,ann1,reference_only,58991
5,featuregraph,ann2,detector_only,695
5,featuregraph,ann2,detector_only,849
5,featuregraph,ann2,detector_only,1157
5,featuregraph,ann2,detector_only,1916
5,featuregraph,ann2,detector_only,2074
5,featuregraph,ann2,detector_only,2461
5,featuregraph,ann2,detector_only,3369
5,featuregraph,ann2,detector_only,3705
5,featuregraph,ann2,detector_only,4296
5,featuregraph,ann2,detector_only,4597
5,featuregraph,ann2,detector_only,4757
5,featuregraph,ann2,detector_only,4931
5,featuregraph,ann2,detector_only,5589
5,featuregraph,ann2,detector_only,5741
5,featuregraph,ann2,detector_only,6009
5,featuregraph,ann2,detector_only,6969
5,featuregraph,ann2,detector_only,7121
5,featuregraph,ann2,detector_only,7279
5,featuregraph,ann2,detector_only,7332
5,featuregraph,ann2,detector_only,7335
5,featuregraph,ann2,detector_only,7338
5,featuregraph,ann2,detector_only,7340
5,featuregraph,ann2,detector_only,7343
5,featuregraph,ann2,detector_only,7346
5,featuregraph,ann2,detector_only,7349
5,featuregraph,ann2,detector_only,7352
5,featuregraph,ann2,detector_only,7355
5,featuregraph,ann2,detector_only,7358
5,featuregraph,ann2,detector_only,7361
5,featuregraph,ann2,detector_only,7364
5,featuregraph,ann2,detector_only,7367
5,featuregraph,ann2,detector_only,7370
5,featuregraph,ann2,detector_only,7372
5,featuregraph,ann2,detector_only,7375
5,featuregraph,ann2,detector_only,7378
5,featuregraph,ann2,detector_only,7381
5,featuregraph,ann2,detector_only,7545
5,featuregraph,ann2,detector_only,8349
5,featuregraph,ann2,detector_only,8763
5,featuregraph,ann2,detector_only,9574
5,featuregraph,ann2,detector_only,9729
5,featuregraph,ann2,detector_only,10049
5,featuregraph,ann2,detector_only,10949
5,featuregraph,ann2,detector_only,11185
5,featuregraph,ann2,detector_only,11797
5,featuregraph,ann2,detector_only,12185
5,featuregraph,ann2,detector_only,13023
5,featuregraph,ann2,detector_only,13181
5,featuregraph,ann2,detector_only,13447
5,featuregraph,ann2,detector_only,14487
5,featuregraph,ann2,detector_only,14807
5,featuregraph,ann2,detector_only,15391
5,featuregraph,ann2,detector_only,15624
5,featuregraph,ann2,detector_only,15937
5,featuregraph,ann2,detector_only,16775
5,featuregraph,ann2,detector_only,17017
5,featuregraph,ann2,detector_only,17169
5,featuregraph,ann2,detector_only,17379
5,featuregraph,ann2,detector_only,18091
5,featuregraph,ann2,detector_only,18293
5,featuregraph,ann2,detector_only,18541
5,featuregraph,ann2,detector_only,19471
5,featuregraph,ann2,detector_only,19622
5,featuregraph,ann2,detector_only,19777
5,featuregraph,ann2,detector_only,19929
5,featuregraph,ann2,detector_only,20161
5,featuregraph,ann2,detector_only,20347
5,featuregraph,ann2,detector_only,21233
5,featuregraph,ann2,detector_only,21542
5,featuregraph,ann2,detector_only,21683
5,featuregraph,ann2,detector_only,22457
5,featuregraph,ann2,detector_only,22610
5,featuregraph,ann2,detector_only,22751
5,featuregraph,ann2,detector_only,23651
5,featuregraph,ann2,detector_only,24705
5,featuregraph,ann2,detector_only,25337
5,featuregraph,ann2,detector_only,25661
5,featuregraph,ann2,detector_only,25927
5,featuregraph,ann2,detector_only,26801
5,featuregraph,ann2,detector_only,26962
5,featuregraph,ann2,detector_only,27325
5,featuregraph,ann2,detector_only,28113
5,featuregraph,ann2,detector_only,28425
5,featuregraph,ann2,detector_only,28650
5,featuregraph,ann2,detector_only,28833
5,featuregraph,ann2,detector_only,29691
5,featuregraph,ann2,detector_only,29983
5,featuregraph,ann2,detector_only,30607
5,featuregraph,ann2,detector_only,30761
5,featuregraph,ann2,detector_only,31073
5,featuregraph,ann2,detector_only,31311
5,featuregraph,ann2,detector_only,32145
5,featuregraph,ann2,detector_only,32371
5,featuregraph,ann2,detector_only,32951
5,featuregraph,ann2,detector_only,33191
5,featuregraph,ann2,detector_only,33331
5,featuregraph,ann2,detector_only,33925
5,featuregraph,ann2,detector_only,34167
5,featuregraph,ann2,detector_only,34441
5,featuregraph,ann2,detector_only,35313
5,featuregraph,ann2,detector_only,35627
5,featuregraph,ann2,detector_only,36389
5,featuregraph,ann2,detector_only,36777
5,featuregraph,ann2,detector_only,37055
5,featuregraph,ann2,detector_only,38077
5,featuregraph,ann2,detector_only,38385
5,featuregraph,ann2,detector_only,38667
5,featuregraph,ann2,detector_only,39687
5,featuregraph,ann2,detector_only,40145
5,featuregraph,ann2,detector_only,40347
5,featuregraph,ann2,detector_only,41205
5,featuregraph,ann2,detector_only,41489
5,featuregraph,ann2,detector_only,42196
5,featuregraph,ann2,detector_only,42329
5,featuregraph,ann2,detector_only,42513
5,featuregraph,ann2,detector_only,42787
5,featuregraph,ann2,detector_only,43657
5,featuregraph,ann2,detector_only,43811
5,featuregraph,ann2,detector_only,44069
5,featuregraph,ann2,detector_only,44726
5,featuregraph,ann2,detector_only,44877
5,featuregraph,ann2,detector_only,45165
5,featuregraph,ann2,detector_only,45845
5,featuregraph,ann2,detector_only,45995
5,featuregraph,ann2,detector_only,46097
5,featuregraph,ann2,detector_only,46309
5,featuregraph,ann2,detector_only,46493
5,featuregraph,ann2,detector_only,46692
5,featuregraph,ann2,detector_only,46847
5,featuregraph,ann2,detector_only,47496
5,featuregraph,ann2,detector_only,47806
5,featuregraph,ann2,detector_only,48055
5,featuregraph,ann2,detector_only,48877
5,featuregraph,ann2,detector_only,49266
5,featuregraph,ann2,detector_only,49407
5,featuregraph,ann2,detector_only,50108
5,featuregraph,ann2,detector_only,50239
5,featuregraph,ann2,detector_only,50307
5,featuregraph,ann2,detector_only,50315
5,featuregraph,ann2,detector_only,50324
5,featuregraph,ann2,detector_only,50332
5,featuregraph,ann2,detector_only,50511
5,featuregraph,ann2,detector_only,51019
5,featuregraph,ann2,detector_only,51329
5,featuregraph,ann2,detector_only,51603
5,featuregraph,ann2,detector_only,52218
5,featuregraph,ann2,detector_only,52439
5,featuregraph,ann2,detector_only,52769
5,featuregraph,ann2,detector_only,52941
5,featuregraph,ann2,detector_only,53838
5,featuregraph,ann2,detector_only,54147
5,featuregraph,ann2,detector_only,54405
5,featuregraph,ann2,detector_only,55043
5,featuregraph,ann2,detector_only,55209
5,featuregraph,ann2,detector_only,55357
5,featuregraph,ann2,detector_only,55573
5,featuregraph,ann2,detector_only,56417
5,featuregraph,ann2,detector_only,56537
5,featuregraph,ann2,detector_only,56755
5,featuregraph,ann2,detector_only,57539
5,featuregraph,ann2,detector_only,57821
5,featuregraph,ann2,detector_only,58617
5,featuregraph,ann2,detector_only,58865
5,featuregraph,ann2,detector_only,59510
5,featuregraph,ann2,detector_only,59829
5,featuregraph,ann2,reference_only,55
5,featuregraph,ann2,reference_only,1264
5,featuregraph,ann2,reference_only,2578
5,featuregraph,ann2,reference_only,3842
5,featuregraph,ann2,reference_only,5051
5,featuregraph,ann2,reference_only,6117
5,featuregraph,ann2,reference_only,7645
5,featuregraph,ann2,reference_only,8880
5,featuregraph,ann2,reference_only,10173
5,featuregraph,ann2,reference_only,11284
5,featuregraph,ann2,reference_only,12276
5,featuregraph,ann2,reference_only,13564
5,featuregraph,ann2,reference_only,14925
5,featuregraph,ann2,reference_only,16053
5,featuregraph,ann2,reference_only,17483
5,featuregraph,ann2,reference_only,18644
5,featuregraph,ann2,reference_only,20468
5,featuregraph,ann2,reference_only,21771
5,featuregraph,ann2,reference_only,22851
5,featuregraph,ann2,reference_only,23759
5,featuregraph,ann2,reference_only,24809
5,featuregraph,ann2,reference_only,26044
5,featuregraph,ann2,reference_only,27429
5,featuregraph,ann2,reference_only,28923
5,featuregraph,ann2,reference_only,30055
5,featuregraph,ann2,reference_only,31417
5,featuregraph,ann2,reference_only,32467
5,featuregraph,ann2,reference_only,33427
5,featuregraph,ann2,reference_only,34555
5,featuregraph,ann2,reference_only,35726
5,featuregraph,ann2,reference_only,37167
5,featuregraph,ann2,reference_only,38796
5,featuregraph,ann2,reference_only,40453
5,featuregraph,ann2,reference_only,41585
5,featuregraph,ann2,reference_only,42904
5,featuregraph,ann2,reference_only,44171
5,featuregraph,ann2,reference_only,45277
5,featuregraph,ann2,reference_only,46960
5,featuregraph,ann2,reference_only,48158
5,featuregraph,ann2,reference_only,49539
5,featuregraph,ann2,reference_only,50594
5,featuregraph,ann2,reference_only,51703
5,featuregraph,ann2,reference_only,53057
5,featuregraph,ann2,reference_only,54518
5,featuregraph,ann2,reference_only,55706
5,featuregraph,ann2,reference_only,56865
5,featuregraph,ann2,reference_only,57915
5,featuregraph,ann2,reference_only,58970
5,llm_selected_baseline,ann1,detector_only,827
5,llm_selected_baseline,ann1,detector_only,2092
5,llm_selected_baseline,ann1,detector_only,3315
5,llm_selected_baseline,ann1,detector_only,4757
5,llm_selected_baseline,ann1,detector_only,8361
5,llm_selected_baseline,ann1,detector_only,9715
5,llm_selected_baseline,ann1,detector_only,10914
5,llm_selected_baseline,ann1,detector_only,14455
5,llm_selected_baseline,ann1,detector_only,14972
5,llm_selected_baseline,ann1,detector_only,17198
5,llm_selected_baseline,ann1,detector_only,18350
5,llm_selected_baseline,ann1,detector_only,21231
5,llm_selected_baseline,ann1,detector_only,22439
5,llm_selected_baseline,ann1,detector_only,22906
5,llm_selected_baseline,ann1,detector_only,25623
5,llm_selected_baseline,ann1,detector_only,27002
5,llm_selected_baseline,ann1,detector_only,28649
5,llm_selected_baseline,ann1,detector_only,29660
5,llm_selected_baseline,ann1,detector_only,31103
5,llm_selected_baseline,ann1,detector_only,34152
5,llm_selected_baseline,ann1,detector_only,35297
5,llm_selected_baseline,ann1,detector_only,38502
5,llm_selected_baseline,ann1,detector_only,40170
5,llm_selected_baseline,ann1,detector_only,41178
5,llm_selected_baseline,ann1,detector_only,42528
5,llm_selected_baseline,ann1,detector_only,43784
5,llm_selected_baseline,ann1,detector_only,44859
5,llm_selected_baseline,ann1,detector_only,46675
5,llm_selected_baseline,ann1,detector_only,47875
5,llm_selected_baseline,ann1,detector_only,49253
5,llm_selected_baseline,ann1,detector_only,51297
5,llm_selected_baseline,ann1,detector_only,52428
5,llm_selected_baseline,ann1,detector_only,53811
5,llm_selected_baseline,ann1,detector_only,55217
5,llm_selected_baseline,ann1,reference_only,67
5,llm_selected_baseline,ann1,reference_only,14904
5,llm_selected_baseline,ann1,reference_only,22841
5,llm_selected_baseline,ann2,detector_only,827
5,llm_selected_baseline,ann2,detector_only,2092
5,llm_selected_baseline,ann2,detector_only,3315
5,llm_selected_baseline,ann2,detector_only,4757
5,llm_selected_baseline,ann2,detector_only,8361
5,llm_selected_baseline,ann2,detector_only,9715
5,llm_selected_baseline,ann2,detector_only,10914
5,llm_selected_baseline,ann2,detector_only,14455
5,llm_selected_baseline,ann2,detector_only,17198
5,llm_selected_baseline,ann2,detector_only,18350
5,llm_selected_baseline,ann2,detector_only,21231
5,llm_selected_baseline,ann2,detector_only,22439
5,llm_selected_baseline,ann2,detector_only,25623
5,llm_selected_baseline,ann2,detector_only,27002
5,llm_selected_baseline,ann2,detector_only,28649
5,llm_selected_baseline,ann2,detector_only,29660
5,llm_selected_baseline,ann2,detector_only,31103
5,llm_selected_baseline,ann2,detector_only,34152
5,llm_selected_baseline,ann2,detector_only,35297
5,llm_selected_baseline,ann2,detector_only,38502
5,llm_selected_baseline,ann2,detector_only,38873
5,llm_selected_baseline,ann2,detector_only,40170
5,llm_selected_baseline,ann2,detector_only,41178
5,llm_selected_baseline,ann2,detector_only,42528
5,llm_selected_baseline,ann2,detector_only,43784
5,llm_selected_baseline,ann2,detector_only,44859
5,llm_selected_baseline,ann2,detector_only,45342
5,llm_selected_baseline,ann2,detector_only,46675
5,llm_selected_baseline,ann2,detector_only,47875
5,llm_selected_baseline,ann2,detector_only,49253
5,llm_selected_baseline,ann2,detector_only,51297
5,llm_selected_baseline,ann2,detector_only,52428
5,llm_selected_baseline,ann2,detector_only,53811
5,llm_selected_baseline,ann2,detector_only,55217
5,llm_selected_baseline,ann2,reference_only,55
5,llm_selected_baseline,ann2,reference_only,38796
5,llm_selected_baseline,ann2,reference_only,45277
6,featuregraph,ann1,detector_only,12225
6,featuregraph,ann1,detector_only,44933
6,featuregraph,ann1,reference_only,45000
6,featuregraph,ann1,reference_only,49087
6,featuregraph,ann1,reference_only,59996
6,featuregraph,ann2,detector_only,12225
6,featuregraph,ann2,reference_only,59989
6,llm_selected_baseline,ann1,detector_only,11227
6,llm_selected_baseline,ann1,detector_only,12255
6,llm_selected_baseline,ann1,reference_only,11163
6,llm_selected_baseline,ann1,reference_only,12339
6,llm_selected_baseline,ann1,reference_only,49087
6,llm_selected_baseline,ann1,reference_only,59996
6,llm_selected_baseline,ann2,reference_only,59989
7,featuregraph,ann1,detector_only,6516
7,featuregraph,ann1,detector_only,29394
7,featuregraph,ann1,detector_only,38012
7,featuregraph,ann1,detector_only,43674
7,featuregraph,ann1,detector_only,47670
7,featuregraph,ann1,reference_only,6583
7,featuregraph,ann1,reference_only,29470
7,featuregraph,ann1,reference_only,38076
7,featuregraph,ann1,reference_only,43739
7,featuregraph,ann2,detector_only,47670
7,llm_selected_baseline,ann1,detector_only,47672
7,llm_selected_baseline,ann2,detector_only,47672
8,featuregraph,ann1,detector_only,6806
8,featuregraph,ann1,detector_only,13849
8,featuregraph,ann1,detector_only,16261
8,featuregraph,ann1,detector_only,18733
8,featuregraph,ann1,detector_only,21358
8,featuregraph,ann1,detector_only,21733
8,featuregraph,ann1,detector_only,35019
8,featuregraph,ann1,detector_only,36016
8,featuregraph,ann1,detector_only,36755
8,featuregraph,ann1,detector_only,52077
8,featuregraph,ann1,detector_only,52899
8,featuregraph,ann1,reference_only,59991
8,featuregraph,ann2,detector_only,6806
8,featuregraph,ann2,detector_only,13849
8,featuregraph,ann2,detector_only,16261
8,featuregraph,ann2,detector_only,18733
8,featuregraph,ann2,detector_only,21358
8,featuregraph,ann2,detector_only,21733
8,featuregraph,ann2,detector_only,35019
8,featuregraph,ann2,detector_only,36016
8,featuregraph,ann2,detector_only,36755
8,featuregraph,ann2,detector_only,52077
8,featuregraph,ann2,detector_only,52899
8,featuregraph,ann2,reference_only,59989
8,llm_selected_baseline,ann1,reference_only,59991
8,llm_selected_baseline,ann2,reference_only,59989
9,featuregraph,ann1,detector_only,19987
9,featuregraph,ann1,detector_only,19992
9,featuregraph,ann1,detector_only,19997
9,featuregraph,ann1,detector_only,20001
9,featuregraph,ann1,detector_only,20006
9,featuregraph,ann1,reference_only,59952
9,featuregraph,ann2,detector_only,19987
9,featuregraph,ann2,detector_only,19992
9,featuregraph,ann2,detector_only,19997
9,featuregraph,ann2,detector_only,20001
9,featuregraph,ann2,detector_only,20006
9,featuregraph,ann2,reference_only,44340
9,featuregraph,ann2,reference_only,59936
9,llm_selected_baseline,ann1,reference_only,59952
9,llm_selected_baseline,ann2,reference_only,44340
9,llm_selected_baseline,ann2,reference_only,59936
10,featuregraph,ann1,detector_only,870
10,featuregraph,ann1,detector_only,31149
10,featuregraph,ann1,detector_only,36696
10,featuregraph,ann1,detector_only,37601
10,featuregraph,ann1,detector_only,47162
10,featuregraph,ann1,detector_only,53846
10,featuregraph,ann1,detector_only,56942
10,featuregraph,ann1,detector_only,58755
10,featuregraph,ann1,detector_only,59151
10,featuregraph,ann1,reference_only,47241
10,featuregraph,ann1,reference_only,58822
10,featuregraph,ann2,detector_only,870
10,featuregraph,ann2,detector_only,37601
10,featuregraph,ann2,reference_only,20563
10,llm_selected_baseline,ann1,detector_only,56952
10,llm_selected_baseline,ann1,detector_only,59150
10,llm_selected_baseline,ann2,reference_only,20563
10,llm_selected_baseline,ann2,reference_only,31153
10,llm_selected_baseline,ann2,reference_only,36703
10,llm_selected_baseline,ann2,reference_only,53848
11,featuregraph,ann1,detector_only,1500
11,featuregraph,ann1,detector_only,1825
11,featuregraph,ann1,detector_only,3303
11,featuregraph,ann1,detector_only,3972
11,featuregraph,ann1,detector_only,5135
11,featuregraph,ann1,detector_only,11269
11,featuregraph,ann1,detector_only,15745
11,featuregraph,ann1,detector_only,18106
11,featuregraph,ann1,detector_only,18111
11,featuregraph,ann1,detector_only,18116
11,featuregraph,ann1,detector_only,18125
11,featuregraph,ann1,detector_only,24116
11,featuregraph,ann1,detector_only,26387
11,featuregraph,ann1,detector_only,37327
11,featuregraph,ann1,detector_only,41123
11,featuregraph,ann1,detector_only,45605
11,featuregraph,ann1,detector_only,46245
11,featuregraph,ann1,detector_only,48118
11,featuregraph,ann1,detector_only,57180
11,featuregraph,ann1,detector_only,57769
11,featuregraph,ann1,detector_only,59196
11,featuregraph,ann1,reference_only,4048
11,featuregraph,ann1,reference_only,11335
11,featuregraph,ann1,reference_only,26461
11,featuregraph,ann1,reference_only,59113
11,featuregraph,ann2,detector_only,1500
11,featuregraph,ann2,detector_only,1825
11,featuregraph,ann2,detector_only,5008
11,featuregraph,ann2,detector_only,7874
11,featuregraph,ann2,detector_only,15745
11,featuregraph,ann2,detector_only,18106
11,featuregraph,ann2,detector_only,18111
11,featuregraph,ann2,detector_only,18116
11,featuregraph,ann2,detector_only,18125
11,featuregraph,ann2,detector_only,20272
11,featuregraph,ann2,detector_only,24116
11,featuregraph,ann2,detector_only,29767
11,featuregraph,ann2,detector_only,37327
11,featuregraph,ann2,detector_only,45605
11,featuregraph,ann2,detector_only,57180
11,featuregraph,ann2,detector_only,57769
11,featuregraph,ann2,reference_only,7809
11,featuregraph,ann2,reference_only,20199
11,featuregraph,ann2,reference_only,29693
11,llm_selected_baseline,ann1,detector_only,3301
11,llm_selected_baseline,ann1,detector_only,5155
11,llm_selected_baseline,ann1,detector_only,41111
11,llm_selected_baseline,ann1,detector_only,48117
11,llm_selected_baseline,ann1,reference_only,5017
11,llm_selected_baseline,ann2,reference_only,46243
12,featuregraph,ann1,detector_only,52499
12,featuregraph,ann1,detector_only,59115
12,featuregraph,ann1,reference_only,124
12,featuregraph,ann1,reference_only,59191
12,featuregraph,ann1,reference_only,59970
12,featuregraph,ann2,reference_only,119
12,featuregraph,ann2,reference_only,59973
12,llm_selected_baseline,ann1,detector_only,52514
12,llm_selected_baseline,ann1,reference_only,59970
12,llm_selected_baseline,ann2,reference_only,59973
13,featuregraph,ann1,detector_only,6099
13,featuregraph,ann1,detector_only,8357
13,featuregraph,ann1,detector_only,13069
13,featuregraph,ann1,detector_only,13408
13,featuregraph,ann1,detector_only,14988
13,featuregraph,ann1,detector_only,15575
13,featuregraph,ann1,detector_only,15607
13,featuregraph,ann1,detector_only,16235
13,featuregraph,ann1,detector_only,16463
13,featuregraph,ann1,detector_only,19181
13,featuregraph,ann1,detector_only,21545
13,featuregraph,ann1,detector_only,21863
13,featuregraph,ann1,detector_only,21867
13,featuregraph,ann1,detector_only,22445
13,featuregraph,ann1,detector_only,22674
13,featuregraph,ann1,detector_only,24361
13,featuregraph,ann1,detector_only,24700
13,featuregraph,ann1,detector_only,25148
13,featuregraph,ann1,detector_only,25377
13,featuregraph,ann1,detector_only,25937
13,featuregraph,ann1,detector_only,26273
13,featuregraph,ann1,detector_only,27057
13,featuregraph,ann1,detector_only,27505
13,featuregraph,ann1,detector_only,29182
13,featuregraph,ann1,detector_only,29965
13,featuregraph,ann1,detector_only,31203
13,featuregraph,ann1,detector_only,32325
13,featuregraph,ann1,detector_only,32889
13,featuregraph,ann1,detector_only,33225
13,featuregraph,ann1,detector_only,33457
13,featuregraph,ann1,detector_only,33462
13,featuregraph,ann1,detector_only,33468
13,featuregraph,ann1,detector_only,33473
13,featuregraph,ann1,detector_only,33478
13,featuregraph,ann1,detector_only,33484
13,featuregraph,ann1,detector_only,33489
13,featuregraph,ann1,detector_only,33494
13,featuregraph,ann1,detector_only,33500
13,featuregraph,ann1,detector_only,33505
13,featuregraph,ann1,detector_only,33510
13,featuregraph,ann1,detector_only,33516
13,featuregraph,ann1,detector_only,33521
13,featuregraph,ann1,detector_only,33532
13,featuregraph,ann1,detector_only,33537
13,featuregraph,ann1,detector_only,33542
13,featuregraph,ann1,detector_only,33548
13,featuregraph,ann1,detector_only,33553
13,featuregraph,ann1,detector_only,33561
13,featuregraph,ann1,detector_only,34573
13,featuregraph,ann1,detector_only,36699
13,featuregraph,ann1,detector_only,37597
13,featuregraph,ann1,detector_only,37936
13,featuregraph,ann1,detector_only,38390
13,featuregraph,ann1,detector_only,38733
13,featuregraph,ann1,detector_only,39073
13,featuregraph,ann1,detector_only,39413
13,featuregraph,ann1,detector_only,39751
13,featuregraph,ann1,detector_only,40090
13,featuregraph,ann1,detector_only,40429
13,featuregraph,ann1,detector_only,40765
13,featuregraph,ann1,detector_only,41101
13,featuregraph,ann1,detector_only,41437
13,featuregraph,ann1,detector_only,41773
13,featuregraph,ann1,detector_only,42329
13,featuregraph,ann1,detector_only,42781
13,featuregraph,ann1,detector_only,43113
13,featuregraph,ann1,detector_only,43448
13,featuregraph,ann1,detector_only,43785
13,featuregraph,ann1,detector_only,44457
13,featuregraph,ann1,detector_only,44795
13,featuregraph,ann1,detector_only,45015
13,featuregraph,ann1,detector_only,45913
13,featuregraph,ann1,detector_only,46587
13,featuregraph,ann1,detector_only,46921
13,featuregraph,ann1,detector_only,47145
13,featuregraph,ann1,detector_only,47479
13,featuregraph,ann1,detector_only,48038
13,featuregraph,ann1,detector_only,48371
13,featuregraph,ann1,detector_only,48709
13,featuregraph,ann1,detector_only,49835
13,featuregraph,ann1,detector_only,50174
13,featuregraph,ann1,detector_only,51641
13,featuregraph,ann1,detector_only,52537
13,featuregraph,ann1,detector_only,53548
13,featuregraph,ann1,detector_only,54221
13,featuregraph,ann1,detector_only,55569
13,featuregraph,ann1,detector_only,55905
13,featuregraph,ann1,detector_only,57255
13,featuregraph,ann1,detector_only,58493
13,featuregraph,ann1,detector_only,59738
13,featuregraph,ann1,reference_only,19252
13,featuregraph,ann1,reference_only,25450
13,featuregraph,ann1,reference_only,47550
13,featuregraph,ann1,reference_only,50100
13,featuregraph,ann2,detector_only,163
13,featuregraph,ann2,detector_only,6099
13,featuregraph,ann2,detector_only,7226
13,featuregraph,ann2,detector_only,8465
13,featuregraph,ann2,detector_only,13181
13,featuregraph,ann2,detector_only,13521
13,featuregraph,ann2,detector_only,15575
13,featuregraph,ann2,detector_only,15607
13,featuregraph,ann2,detector_only,16235
13,featuregraph,ann2,detector_only,16575
13,featuregraph,ann2,detector_only,21655
13,featuregraph,ann2,detector_only,21863
13,featuregraph,ann2,detector_only,21867
13,featuregraph,ann2,detector_only,22445
13,featuregraph,ann2,detector_only,22785
13,featuregraph,ann2,detector_only,24361
13,featuregraph,ann2,detector_only,24700
13,featuregraph,ann2,detector_only,25148
13,featuregraph,ann2,detector_only,25937
13,featuregraph,ann2,detector_only,26273
13,featuregraph,ann2,detector_only,27057
13,featuregraph,ann2,detector_only,27505
13,featuregraph,ann2,detector_only,29297
13,featuregraph,ann2,detector_only,30081
13,featuregraph,ann2,detector_only,30861
13,featuregraph,ann2,detector_only,31312
13,featuregraph,ann2,detector_only,31650
13,featuregraph,ann2,detector_only,32437
13,featuregraph,ann2,detector_only,32889
13,featuregraph,ann2,detector_only,33225
13,featuregraph,ann2,detector_only,33462
13,featuregraph,ann2,detector_only,33468
13,featuregraph,ann2,detector_only,33473
13,featuregraph,ann2,detector_only,33478
13,featuregraph,ann2,detector_only,33484
13,featuregraph,ann2,detector_only,33489
13,featuregraph,ann2,detector_only,33494
13,featuregraph,ann2,detector_only,33500
13,featuregraph,ann2,detector_only,33505
13,featuregraph,ann2,detector_only,33510
13,featuregraph,ann2,detector_only,33516
13,featuregraph,ann2,detector_only,33521
13,featuregraph,ann2,detector_only,33526
13,featuregraph,ann2,detector_only,33532
13,featuregraph,ann2,detector_only,33537
13,featuregraph,ann2,detector_only,33542
13,featuregraph,ann2,detector_only,33548
13,featuregraph,ann2,detector_only,33553
13,featuregraph,ann2,detector_only,33561
13,featuregraph,ann2,detector_only,34689
13,featuregraph,ann2,detector_only,36699
13,featuregraph,ann2,detector_only,37707
13,featuregraph,ann2,detector_only,38049
13,featuregraph,ann2,detector_only,38390
13,featuregraph,ann2,detector_only,38733
13,featuregraph,ann2,detector_only,39073
13,featuregraph,ann2,detector_only,39413
13,featuregraph,ann2,detector_only,39751
13,featuregraph,ann2,detector_only,40090
13,featuregraph,ann2,detector_only,40429
13,featuregraph,ann2,detector_only,40765
13,featuregraph,ann2,detector_only,41101
13,featuregraph,ann2,detector_only,41323
13,featuregraph,ann2,detector_only,41437
13,featuregraph,ann2,detector_only,41773
13,featuregraph,ann2,detector_only,42445
13,featuregraph,ann2,detector_only,42781
13,featuregraph,ann2,detector_only,43113
13,featuregraph,ann2,detector_only,43448
13,featuregraph,ann2,detector_only,43785
13,featuregraph,ann2,detector_only,44457
13,featuregraph,ann2,detector_only,44795
13,featuregraph,ann2,detector_only,45129
13,featuregraph,ann2,detector_only,45469
13,featuregraph,ann2,detector_only,45913
13,featuregraph,ann2,detector_only,46249
13,featuregraph,ann2,detector_only,46587
13,featuregraph,ann2,detector_only,46921
13,featuregraph,ann2,detector_only,47257
13,featuregraph,ann2,detector_only,48038
13,featuregraph,ann2,detector_only,48371
13,featuregraph,ann2,detector_only,48709
13,featuregraph,ann2,detector_only,49049
13,featuregraph,ann2,detector_only,49835
13,featuregraph,ann2,detector_only,50174
13,featuregraph,ann2,detector_only,50513
13,featuregraph,ann2,detector_only,50853
13,featuregraph,ann2,detector_only,51641
13,featuregraph,ann2,detector_only,53657
13,featuregraph,ann2,detector_only,53995
13,featuregraph,ann2,detector_only,54221
13,featuregraph,ann2,detector_only,54441
13,featuregraph,ann2,detector_only,54781
13,featuregraph,ann2,detector_only,55569
13,featuregraph,ann2,detector_only,55905
13,featuregraph,ann2,detector_only,56579
13,featuregraph,ann2,detector_only,57367
13,featuregraph,ann2,detector_only,57704
13,featuregraph,ann2,detector_only,58493
13,featuregraph,ann2,detector_only,59505
13,featuregraph,ann2,detector_only,59844
13,featuregraph,ann2,reference_only,61
13,featuregraph,ann2,reference_only,277
13,featuregraph,ann2,reference_only,1069
13,featuregraph,ann2,reference_only,7125
13,featuregraph,ann2,reference_only,7468
13,featuregraph,ann2,reference_only,30757
13,featuregraph,ann2,reference_only,31544
13,featuregraph,ann2,reference_only,41212
13,featuregraph,ann2,reference_only,45372
13,featuregraph,ann2,reference_only,46142
13,featuregraph,ann2,reference_only,48943
13,featuregraph,ann2,reference_only,50056
13,featuregraph,ann2,reference_only,50404
13,featuregraph,ann2,reference_only,50742
13,featuregraph,ann2,reference_only,53896
13,featuregraph,ann2,reference_only,54334
13,featuregraph,ann2,reference_only,54687
13,featuregraph,ann2,reference_only,56480
13,featuregraph,ann2,reference_only,57588
13,featuregraph,ann2,reference_only,59419
13,llm_selected_baseline,ann1,detector_only,52537
13,llm_selected_baseline,ann1,reference_only,120
13,llm_selected_baseline,ann1,reference_only,6383
13,llm_selected_baseline,ann1,reference_only,7204
13,llm_selected_baseline,ann1,reference_only,7607
13,llm_selected_baseline,ann1,reference_only,8428
13,llm_selected_baseline,ann1,reference_only,11124
13,llm_selected_baseline,ann1,reference_only,13126
13,llm_selected_baseline,ann1,reference_only,14191
13,llm_selected_baseline,ann1,reference_only,14661
13,llm_selected_baseline,ann1,reference_only,15072
13,llm_selected_baseline,ann1,reference_only,15454
13,llm_selected_baseline,ann1,reference_only,16172
13,llm_selected_baseline,ann1,reference_only,16533
13,llm_selected_baseline,ann1,reference_only,22387
13,llm_selected_baseline,ann1,reference_only,23493
13,llm_selected_baseline,ann1,reference_only,24598
13,llm_selected_baseline,ann1,reference_only,26987
13,llm_selected_baseline,ann1,reference_only,29643
13,llm_selected_baseline,ann1,reference_only,30072
13,llm_selected_baseline,ann1,reference_only,31272
13,llm_selected_baseline,ann1,reference_only,33524
13,llm_selected_baseline,ann1,reference_only,36622
13,llm_selected_baseline,ann1,reference_only,37663
13,llm_selected_baseline,ann1,reference_only,38007
13,llm_selected_baseline,ann1,reference_only,38272
13,llm_selected_baseline,ann1,reference_only,38663
13,llm_selected_baseline,ann1,reference_only,38976
13,llm_selected_baseline,ann1,reference_only,39315
13,llm_selected_baseline,ann1,reference_only,39685
13,llm_selected_baseline,ann1,reference_only,39993
13,llm_selected_baseline,ann1,reference_only,40341
13,llm_selected_baseline,ann1,reference_only,40698
13,llm_selected_baseline,ann1,reference_only,41037
13,llm_selected_baseline,ann1,reference_only,42722
13,llm_selected_baseline,ann1,reference_only,43026
13,llm_selected_baseline,ann1,reference_only,43700
13,llm_selected_baseline,ann1,reference_only,47550
13,llm_selected_baseline,ann1,reference_only,47902
13,llm_selected_baseline,ann1,reference_only,48646
13,llm_selected_baseline,ann1,reference_only,49387
13,llm_selected_baseline,ann1,reference_only,49770
13,llm_selected_baseline,ann1,reference_only,50100
13,llm_selected_baseline,ann1,reference_only,51139
13,llm_selected_baseline,ann1,reference_only,51557
13,llm_selected_baseline,ann1,reference_only,51870
13,llm_selected_baseline,ann1,reference_only,53620
13,llm_selected_baseline,ann1,reference_only,53972
13,llm_selected_baseline,ann1,reference_only,54385
13,llm_selected_baseline,ann1,reference_only,55441
13,llm_selected_baseline,ann1,reference_only,55820
13,llm_selected_baseline,ann1,reference_only,56557
13,llm_selected_baseline,ann1,reference_only,56965
13,llm_selected_baseline,ann1,reference_only,58422
13,llm_selected_baseline,ann1,reference_only,59096
13,llm_selected_baseline,ann1,reference_only,59843
13,llm_selected_baseline,ann2,detector_only,21631
13,llm_selected_baseline,ann2,detector_only,22762
13,llm_selected_baseline,ann2,detector_only,29260
13,llm_selected_baseline,ann2,detector_only,30842
13,llm_selected_baseline,ann2,detector_only,31644
13,llm_selected_baseline,ann2,detector_only,34672
13,llm_selected_baseline,ann2,detector_only,41304
13,llm_selected_baseline,ann2,detector_only,44429
13,llm_selected_baseline,ann2,detector_only,45113
13,llm_selected_baseline,ann2,detector_only,45468
13,llm_selected_baseline,ann2,detector_only,46223
13,llm_selected_baseline,ann2,detector_only,47231
13,llm_selected_baseline,ann2,detector_only,48343
13,llm_selected_baseline,ann2,detector_only,49045
13,llm_selected_baseline,ann2,detector_only,50505
13,llm_selected_baseline,ann2,detector_only,50837
13,llm_selected_baseline,ann2,detector_only,54777
13,llm_selected_baseline,ann2,detector_only,57348
13,llm_selected_baseline,ann2,detector_only,57689
13,llm_selected_baseline,ann2,detector_only,59488
13,llm_selected_baseline,ann2,reference_only,61
13,llm_selected_baseline,ann2,reference_only,277
13,llm_selected_baseline,ann2,reference_only,1069
13,llm_selected_baseline,ann2,reference_only,6328
13,llm_selected_baseline,ann2,reference_only,7125
13,llm_selected_baseline,ann2,reference_only,7468
13,llm_selected_baseline,ann2,reference_only,7566
13,llm_selected_baseline,ann2,reference_only,8363
13,llm_selected_baseline,ann2,reference_only,11107
13,llm_selected_baseline,ann2,reference_only,13063
13,llm_selected_baseline,ann2,reference_only,14208
13,llm_selected_baseline,ann2,reference_only,14656
13,llm_selected_baseline,ann2,reference_only,14994
13,llm_selected_baseline,ann2,reference_only,15108
13,llm_selected_baseline,ann2,reference_only,15425
13,llm_selected_baseline,ann2,reference_only,16127
13,llm_selected_baseline,ann2,reference_only,16475
13,llm_selected_baseline,ann2,reference_only,21544
13,llm_selected_baseline,ann2,reference_only,22341
13,llm_selected_baseline,ann2,reference_only,22682
13,llm_selected_baseline,ann2,reference_only,23474
13,llm_selected_baseline,ann2,reference_only,24577
13,llm_selected_baseline,ann2,reference_only,26949
13,llm_selected_baseline,ann2,reference_only,29187
13,llm_selected_baseline,ann2,reference_only,29641
13,llm_selected_baseline,ann2,reference_only,29968
13,llm_selected_baseline,ann2,reference_only,30757
13,llm_selected_baseline,ann2,reference_only,31216
13,llm_selected_baseline,ann2,reference_only,31544
13,llm_selected_baseline,ann2,reference_only,33459
13,llm_selected_baseline,ann2,reference_only,34592
13,llm_selected_baseline,ann2,reference_only,36597
13,llm_selected_baseline,ann2,reference_only,37598
13,llm_selected_baseline,ann2,reference_only,37951
13,llm_selected_baseline,ann2,reference_only,38278
13,llm_selected_baseline,ann2,reference_only,38632
13,llm_selected_baseline,ann2,reference_only,38959
13,llm_selected_baseline,ann2,reference_only,39307
13,llm_selected_baseline,ann2,reference_only,39645
13,llm_selected_baseline,ann2,reference_only,39988
13,llm_selected_baseline,ann2,reference_only,40315
13,llm_selected_baseline,ann2,reference_only,40653
13,llm_selected_baseline,ann2,reference_only,40991
13,llm_selected_baseline,ann2,reference_only,41212
13,llm_selected_baseline,ann2,reference_only,42672
13,llm_selected_baseline,ann2,reference_only,42999
13,llm_selected_baseline,ann2,reference_only,43670
13,llm_selected_baseline,ann2,reference_only,44350
13,llm_selected_baseline,ann2,reference_only,45010
13,llm_selected_baseline,ann2,reference_only,45372
13,llm_selected_baseline,ann2,reference_only,46142
13,llm_selected_baseline,ann2,reference_only,47156
13,llm_selected_baseline,ann2,reference_only,47483
13,llm_selected_baseline,ann2,reference_only,47852
13,llm_selected_baseline,ann2,reference_only,48264
13,llm_selected_baseline,ann2,reference_only,48591
13,llm_selected_baseline,ann2,reference_only,48943
13,llm_selected_baseline,ann2,reference_only,49386
13,llm_selected_baseline,ann2,reference_only,49739
13,llm_selected_baseline,ann2,reference_only,50056
13,llm_selected_baseline,ann2,reference_only,50404
13,llm_selected_baseline,ann2,reference_only,50742
13,llm_selected_baseline,ann2,reference_only,51090
13,llm_selected_baseline,ann2,reference_only,51528
13,llm_selected_baseline,ann2,reference_only,51882
13,llm_selected_baseline,ann2,reference_only,53553
13,llm_selected_baseline,ann2,reference_only,53896
13,llm_selected_baseline,ann2,reference_only,54334
13,llm_selected_baseline,ann2,reference_only,54687
13,llm_selected_baseline,ann2,reference_only,55468
13,llm_selected_baseline,ann2,reference_only,55806
13,llm_selected_baseline,ann2,reference_only,56480
13,llm_selected_baseline,ann2,reference_only,56918
13,llm_selected_baseline,ann2,reference_only,57266
13,llm_selected_baseline,ann2,reference_only,57588
13,llm_selected_baseline,ann2,reference_only,58390
13,llm_selected_baseline,ann2,reference_only,59060
13,llm_selected_baseline,ann2,reference_only,59419
13,llm_selected_baseline,ann2,reference_only,59751
14,featuregraph,ann1,detector_only,579
14,featuregraph,ann1,detector_only,2181
14,featuregraph,ann1,detector_only,2799
14,featuregraph,ann1,detector_only,3373
14,featuregraph,ann1,detector_only,4943
14,featuregraph,ann1,detector_only,6603
14,featuregraph,ann1,detector_only,8589
14,featuregraph,ann1,detector_only,9210
14,featuregraph,ann1,detector_only,9845
14,featuregraph,ann1,detector_only,11708
14,featuregraph,ann1,detector_only,12203
14,featuregraph,ann1,detector_only,14242
14,featuregraph,ann1,detector_only,14415
14,featuregraph,ann1,detector_only,15833
14,featuregraph,ann1,detector_only,16194
14,featuregraph,ann1,detector_only,16756
14,featuregraph,ann1,detector_only,17875
14,featuregraph,ann1,detector_only,18503
14,featuregraph,ann1,detector_only,19535
14,featuregraph,ann1,detector_only,20155
14,featuregraph,ann1,detector_only,20799
14,featuregraph,ann1,detector_only,21361
14,featuregraph,ann1,detector_only,27689
14,featuregraph,ann1,detector_only,28481
14,featuregraph,ann1,detector_only,29116
14,featuregraph,ann1,detector_only,30195
14,featuregraph,ann1,detector_only,31365
14,featuregraph,ann1,detector_only,31935
14,featuregraph,ann1,detector_only,33125
14,featuregraph,ann1,detector_only,33673
14,featuregraph,ann1,detector_only,34461
14,featuregraph,ann1,detector_only,34851
14,featuregraph,ann1,detector_only,35399
14,featuregraph,ann1,detector_only,36503
14,featuregraph,ann1,detector_only,36898
14,featuregraph,ann1,detector_only,37100
14,featuregraph,ann1,detector_only,38083
14,featuregraph,ann1,detector_only,39014
14,featuregraph,ann1,detector_only,39561
14,featuregraph,ann1,detector_only,40125
14,featuregraph,ann1,detector_only,40441
14,featuregraph,ann1,detector_only,40649
14,featuregraph,ann1,detector_only,40911
14,featuregraph,ann1,detector_only,41781
14,featuregraph,ann1,detector_only,42407
14,featuregraph,ann1,detector_only,42978
14,featuregraph,ann1,detector_only,43207
14,featuregraph,ann1,detector_only,43363
14,featuregraph,ann1,detector_only,43574
14,featuregraph,ann1,detector_only,44073
14,featuregraph,ann1,detector_only,44305
14,featuregraph,ann1,detector_only,44616
14,featuregraph,ann1,detector_only,44996
14,featuregraph,ann1,detector_only,47415
14,featuregraph,ann1,detector_only,47726
14,featuregraph,ann1,detector_only,48289
14,featuregraph,ann1,detector_only,49481
14,featuregraph,ann1,detector_only,49965
14,featuregraph,ann1,detector_only,51693
14,featuregraph,ann1,detector_only,52079
14,featuregraph,ann1,detector_only,53425
14,featuregraph,ann1,detector_only,53661
14,featuregraph,ann1,detector_only,54029
14,featuregraph,ann1,detector_only,54605
14,featuregraph,ann1,detector_only,55953
14,featuregraph,ann1,detector_only,56253
14,featuregraph,ann1,detector_only,56413
14,featuregraph,ann1,detector_only,56849
14,featuregraph,ann1,detector_only,57292
14,featuregraph,ann1,detector_only,57931
14,featuregraph,ann1,detector_only,58600
14,featuregraph,ann1,detector_only,59223
14,featuregraph,ann1,reference_only,4865
14,featuregraph,ann1,reference_only,6535
14,featuregraph,ann1,reference_only,14174
14,featuregraph,ann1,reference_only,15898
14,featuregraph,ann1,reference_only,27587
14,featuregraph,ann1,reference_only,34570
14,featuregraph,ann1,reference_only,36809
14,featuregraph,ann1,reference_only,40367
14,featuregraph,ann1,reference_only,40989
14,featuregraph,ann1,reference_only,43274
14,featuregraph,ann1,reference_only,44370
14,featuregraph,ann1,reference_only,44896
14,featuregraph,ann1,reference_only,47324
14,featuregraph,ann1,reference_only,52009
14,featuregraph,ann1,reference_only,53728
14,featuregraph,ann2,detector_only,579
14,featuregraph,ann2,detector_only,901
14,featuregraph,ann2,detector_only,2181
14,featuregraph,ann2,detector_only,2799
14,featuregraph,ann2,detector_only,3201
14,featuregraph,ann2,detector_only,3373
14,featuregraph,ann2,detector_only,8589
14,featuregraph,ann2,detector_only,9210
14,featuregraph,ann2,detector_only,9845
14,featuregraph,ann2,detector_only,11708
14,featuregraph,ann2,detector_only,12203
14,featuregraph,ann2,detector_only,14415
14,featuregraph,ann2,detector_only,16194
14,featuregraph,ann2,detector_only,16756
14,featuregraph,ann2,detector_only,17875
14,featuregraph,ann2,detector_only,18503
14,featuregraph,ann2,detector_only,19535
14,featuregraph,ann2,detector_only,20155
14,featuregraph,ann2,detector_only,20799
14,featuregraph,ann2,detector_only,21361
14,featuregraph,ann2,detector_only,28481
14,featuregraph,ann2,detector_only,29116
14,featuregraph,ann2,detector_only,30195
14,featuregraph,ann2,detector_only,31365
14,featuregraph,ann2,detector_only,31935
14,featuregraph,ann2,detector_only,33125
14,featuregraph,ann2,detector_only,33673
14,featuregraph,ann2,detector_only,34851
14,featuregraph,ann2,detector_only,35399
14,featuregraph,ann2,detector_only,36503
14,featuregraph,ann2,detector_only,37100
14,featuregraph,ann2,detector_only,38083
14,featuregraph,ann2,detector_only,39014
14,featuregraph,ann2,detector_only,39561
14,featuregraph,ann2,detector_only,40125
14,featuregraph,ann2,detector_only,40649
14,featuregraph,ann2,detector_only,41781
14,featuregraph,ann2,detector_only,42407
14,featuregraph,ann2,detector_only,42978
14,featuregraph,ann2,detector_only,43363
14,featuregraph,ann2,detector_only,43574
14,featuregraph,ann2,detector_only,44073
14,featuregraph,ann2,detector_only,44616
14,featuregraph,ann2,detector_only,46086
14,featuregraph,ann2,detector_only,47726
14,featuregraph,ann2,detector_only,48289
14,featuregraph,ann2,detector_only,49481
14,featuregraph,ann2,detector_only,49965
14,featuregraph,ann2,detector_only,51693
14,featuregraph,ann2,detector_only,52079
14,featuregraph,ann2,detector_only,52559
14,featuregraph,ann2,detector_only,53425
14,featuregraph,ann2,detector_only,54029
14,featuregraph,ann2,detector_only,54605
14,featuregraph,ann2,detector_only,54923
14,featuregraph,ann2,detector_only,56413
14,featuregraph,ann2,detector_only,56849
14,featuregraph,ann2,detector_only,57292
14,featuregraph,ann2,detector_only,57931
14,featuregraph,ann2,detector_only,58600
14,featuregraph,ann2,detector_only,59223
14,featuregraph,ann2,reference_only,826
14,featuregraph,ann2,reference_only,3137
14,featuregraph,ann2,reference_only,46174
14,featuregraph,ann2,reference_only,52014
14,featuregraph,ann2,reference_only,52489
14,featuregraph,ann2,reference_only,54856
14,llm_selected_baseline,ann1,detector_only,9198
14,llm_selected_baseline,ann1,detector_only,9833
14,llm_selected_baseline,ann1,detector_only,11532
14,llm_selected_baseline,ann1,detector_only,11727
14,llm_selected_baseline,ann1,detector_only,12731
14,llm_selected_baseline,ann1,detector_only,15580
14,llm_selected_baseline,ann1,detector_only,15819
14,llm_selected_baseline,ann1,detector_only,16751
14,llm_selected_baseline,ann1,detector_only,17856
14,llm_selected_baseline,ann1,detector_only,20144
14,llm_selected_baseline,ann1,detector_only,20792
14,llm_selected_baseline,ann1,detector_only,27663
14,llm_selected_baseline,ann1,detector_only,30183
14,llm_selected_baseline,ann1,detector_only,31920
14,llm_selected_baseline,ann1,detector_only,32472
14,llm_selected_baseline,ann1,detector_only,33151
14,llm_selected_baseline,ann1,detector_only,33681
14,llm_selected_baseline,ann1,detector_only,34872
14,llm_selected_baseline,ann1,detector_only,36507
14,llm_selected_baseline,ann1,detector_only,37399
14,llm_selected_baseline,ann1,detector_only,38992
14,llm_selected_baseline,ann1,detector_only,39544
14,llm_selected_baseline,ann1,detector_only,40115
14,llm_selected_baseline,ann1,detector_only,40641
14,llm_selected_baseline,ann1,detector_only,41777
14,llm_selected_baseline,ann1,detector_only,42395
14,llm_selected_baseline,ann1,detector_only,42985
14,llm_selected_baseline,ann1,detector_only,43196
14,llm_selected_baseline,ann1,detector_only,43569
14,llm_selected_baseline,ann1,detector_only,44992
14,llm_selected_baseline,ann1,detector_only,46173
14,llm_selected_baseline,ann1,detector_only,47443
14,llm_selected_baseline,ann1,detector_only,48287
14,llm_selected_baseline,ann1,detector_only,50561
14,llm_selected_baseline,ann1,detector_only,53409
14,llm_selected_baseline,ann1,detector_only,53627
14,llm_selected_baseline,ann1,detector_only,54012
14,llm_selected_baseline,ann1,detector_only,54585
14,llm_selected_baseline,ann1,detector_only,55969
14,llm_selected_baseline,ann1,detector_only,56221
14,llm_selected_baseline,ann1,detector_only,56436
14,llm_selected_baseline,ann1,detector_only,56865
14,llm_selected_baseline,ann1,detector_only,57317
14,llm_selected_baseline,ann1,detector_only,57942
14,llm_selected_baseline,ann1,detector_only,59225
14,llm_selected_baseline,ann1,reference_only,11861
14,llm_selected_baseline,ann1,reference_only,15898
14,llm_selected_baseline,ann1,reference_only,27587
14,llm_selected_baseline,ann1,reference_only,37326
14,llm_selected_baseline,ann1,reference_only,43274
14,llm_selected_baseline,ann1,reference_only,44896
14,llm_selected_baseline,ann1,reference_only,46107
14,llm_selected_baseline,ann1,reference_only,47324
14,llm_selected_baseline,ann1,reference_only,53728
14,llm_selected_baseline,ann2,detector_only,9198
14,llm_selected_baseline,ann2,detector_only,9833
14,llm_selected_baseline,ann2,detector_only,11532
14,llm_selected_baseline,ann2,detector_only,11727
14,llm_selected_baseline,ann2,detector_only,12731
14,llm_selected_baseline,ann2,detector_only,15580
14,llm_selected_baseline,ann2,detector_only,16751
14,llm_selected_baseline,ann2,detector_only,17856
14,llm_selected_baseline,ann2,detector_only,20144
14,llm_selected_baseline,ann2,detector_only,20792
14,llm_selected_baseline,ann2,detector_only,30183
14,llm_selected_baseline,ann2,detector_only,31920
14,llm_selected_baseline,ann2,detector_only,32472
14,llm_selected_baseline,ann2,detector_only,33151
14,llm_selected_baseline,ann2,detector_only,33681
14,llm_selected_baseline,ann2,detector_only,34612
14,llm_selected_baseline,ann2,detector_only,34872
14,llm_selected_baseline,ann2,detector_only,36507
14,llm_selected_baseline,ann2,detector_only,38992
14,llm_selected_baseline,ann2,detector_only,39544
14,llm_selected_baseline,ann2,detector_only,40115
14,llm_selected_baseline,ann2,detector_only,40641
14,llm_selected_baseline,ann2,detector_only,41777
14,llm_selected_baseline,ann2,detector_only,42395
14,llm_selected_baseline,ann2,detector_only,42985
14,llm_selected_baseline,ann2,detector_only,43569
14,llm_selected_baseline,ann2,detector_only,44392
14,llm_selected_baseline,ann2,detector_only,48287
14,llm_selected_baseline,ann2,detector_only,50561
14,llm_selected_baseline,ann2,detector_only,53409
14,llm_selected_baseline,ann2,detector_only,54012
14,llm_selected_baseline,ann2,detector_only,54585
14,llm_selected_baseline,ann2,detector_only,54943
14,llm_selected_baseline,ann2,detector_only,56436
14,llm_selected_baseline,ann2,detector_only,56865
14,llm_selected_baseline,ann2,detector_only,57317
14,llm_selected_baseline,ann2,detector_only,57942
14,llm_selected_baseline,ann2,detector_only,59225
14,llm_selected_baseline,ann2,reference_only,11881
14,llm_selected_baseline,ann2,reference_only,34465
14,llm_selected_baseline,ann2,reference_only,44308
14,llm_selected_baseline,ann2,reference_only,54856
15,featuregraph,ann1,detector_only,245
15,featuregraph,ann1,detector_only,521
15,featuregraph,ann1,detector_only,4249
15,featuregraph,ann1,detector_only,5481
15,featuregraph,ann1,detector_only,8729
15,featuregraph,ann1,detector_only,9349
15,featuregraph,ann1,detector_only,9901
15,featuregraph,ann1,detector_only,12519
15,featuregraph,ann1,detector_only,12921
15,featuregraph,ann1,detector_only,13135
15,featuregraph,ann1,detector_only,17862
15,featuregraph,ann1,detector_only,21797
15,featuregraph,ann1,detector_only,24201
15,featuregraph,ann1,detector_only,24344
15,featuregraph,ann1,detector_only,25805
15,featuregraph,ann1,detector_only,27975
15,featuregraph,ann1,detector_only,36001
15,featuregraph,ann1,detector_only,37891
15,featuregraph,ann1,detector_only,46941
15,featuregraph,ann1,detector_only,48077
15,featuregraph,ann1,detector_only,48373
15,featuregraph,ann1,detector_only,49771
15,featuregraph,ann1,detector_only,50332
15,featuregraph,ann1,detector_only,50902
15,featuregraph,ann1,detector_only,51738
15,featuregraph,ann1,detector_only,51959
15,featuregraph,ann1,detector_only,52393
15,featuregraph,ann1,detector_only,52745
15,featuregraph,ann1,detector_only,53593
15,featuregraph,ann1,detector_only,53803
15,featuregraph,ann1,detector_only,54449
15,featuregraph,ann1,detector_only,55723
15,featuregraph,ann1,detector_only,56072
15,featuregraph,ann1,detector_only,56075
15,featuregraph,ann1,detector_only,56077
15,featuregraph,ann1,detector_only,56291
15,featuregraph,ann1,detector_only,56435
15,featuregraph,ann1,detector_only,56713
15,featuregraph,ann1,detector_only,56969
15,featuregraph,ann1,detector_only,57489
15,featuregraph,ann1,detector_only,57910
15,featuregraph,ann1,detector_only,58186
15,featuregraph,ann1,detector_only,58397
15,featuregraph,ann1,detector_only,59593
15,featuregraph,ann1,reference_only,620
15,featuregraph,ann1,reference_only,9450
15,featuregraph,ann1,reference_only,10011
15,featuregraph,ann1,reference_only,12648
15,featuregraph,ann1,reference_only,17976
15,featuregraph,ann1,reference_only,21865
15,featuregraph,ann1,reference_only,25911
15,featuregraph,ann1,reference_only,28057
15,featuregraph,ann1,reference_only,36091
15,featuregraph,ann1,reference_only,50400
15,featuregraph,ann1,reference_only,50830
15,featuregraph,ann1,reference_only,52811
15,featuregraph,ann1,reference_only,57400
15,featuregraph,ann1,reference_only,58296
15,featuregraph,ann1,reference_only,59526
15,featuregraph,ann2,detector_only,521
15,featuregraph,ann2,detector_only,4249
15,featuregraph,ann2,detector_only,5481
15,featuregraph,ann2,detector_only,8729
15,featuregraph,ann2,detector_only,12519
15,featuregraph,ann2,detector_only,12921
15,featuregraph,ann2,detector_only,13135
15,featuregraph,ann2,detector_only,24344
15,featuregraph,ann2,detector_only,37891
15,featuregraph,ann2,detector_only,48373
15,featuregraph,ann2,detector_only,51738
15,featuregraph,ann2,detector_only,53593
15,featuregraph,ann2,detector_only,56072
15,featuregraph,ann2,detector_only,56075
15,featuregraph,ann2,detector_only,56077
15,featuregraph,ann2,detector_only,56713
15,featuregraph,ann2,detector_only,56969
15,featuregraph,ann2,detector_only,57910
15,featuregraph,ann2,detector_only,58397
15,featuregraph,ann2,reference_only,599
15,featuregraph,ann2,reference_only,12662
15,featuregraph,ann2,reference_only,13015
15,featuregraph,ann2,reference_only,59952
15,llm_selected_baseline,ann1,detector_only,9366
15,llm_selected_baseline,ann1,detector_only,9920
15,llm_selected_baseline,ann1,detector_only,12713
15,llm_selected_baseline,ann1,detector_only,12954
15,llm_selected_baseline,ann1,detector_only,17886
15,llm_selected_baseline,ann1,detector_only,21792
15,llm_selected_baseline,ann1,detector_only,24350
15,llm_selected_baseline,ann1,detector_only,25266
15,llm_selected_baseline,ann1,detector_only,25828
15,llm_selected_baseline,ann1,detector_only,27988
15,llm_selected_baseline,ann1,detector_only,37893
15,llm_selected_baseline,ann1,detector_only,45136
15,llm_selected_baseline,ann1,detector_only,46920
15,llm_selected_baseline,ann1,detector_only,48062
15,llm_selected_baseline,ann1,detector_only,49795
15,llm_selected_baseline,ann1,detector_only,50901
15,llm_selected_baseline,ann1,detector_only,51985
15,llm_selected_baseline,ann1,detector_only,52391
15,llm_selected_baseline,ann1,detector_only,53605
15,llm_selected_baseline,ann1,detector_only,54475
15,llm_selected_baseline,ann1,detector_only,56433
15,llm_selected_baseline,ann1,detector_only,58188
15,llm_selected_baseline,ann1,detector_only,58848
15,llm_selected_baseline,ann1,detector_only,59593
15,llm_selected_baseline,ann1,reference_only,9450
15,llm_selected_baseline,ann1,reference_only,10011
15,llm_selected_baseline,ann1,reference_only,12648
15,llm_selected_baseline,ann1,reference_only,17976
15,llm_selected_baseline,ann1,reference_only,21865
15,llm_selected_baseline,ann1,reference_only,25333
15,llm_selected_baseline,ann1,reference_only,25911
15,llm_selected_baseline,ann1,reference_only,28057
15,llm_selected_baseline,ann1,reference_only,45215
15,llm_selected_baseline,ann1,reference_only,50830
15,llm_selected_baseline,ann1,reference_only,58296
15,llm_selected_baseline,ann1,reference_only,58778
15,llm_selected_baseline,ann1,reference_only,59526
15,llm_selected_baseline,ann2,detector_only,24350
15,llm_selected_baseline,ann2,detector_only,37893
15,llm_selected_baseline,ann2,detector_only,39954
15,llm_selected_baseline,ann2,detector_only,52816
15,llm_selected_baseline,ann2,detector_only,53605
15,llm_selected_baseline,ann2,reference_only,251
15,llm_selected_baseline,ann2,reference_only,24207
15,llm_selected_baseline,ann2,reference_only,40020
15,llm_selected_baseline,ann2,reference_only,52740
15,llm_selected_baseline,ann2,reference_only,53811
15,llm_selected_baseline,ann2,reference_only,55727
15,llm_selected_baseline,ann2,reference_only,56228
15,llm_selected_baseline,ann2,reference_only,59952
16,featuregraph,ann1,detector_only,12871
16,featuregraph,ann1,detector_only,14439
16,featuregraph,ann1,detector_only,17383
16,featuregraph,ann1,detector_only,17795
16,featuregraph,ann1,detector_only,24597
16,featuregraph,ann1,detector_only,25259
16,featuregraph,ann1,detector_only,26037
16,featuregraph,ann1,detector_only,27323
16,featuregraph,ann1,detector_only,32447
16,featuregraph,ann1,detector_only,33247
16,featuregraph,ann1,detector_only,35947
16,featuregraph,ann1,detector_only,37925
16,featuregraph,ann1,detector_only,38629
16,featuregraph,ann1,detector_only,40583
16,featuregraph,ann1,detector_only,41735
16,featuregraph,ann1,detector_only,45887
16,featuregraph,ann1,detector_only,49637
16,featuregraph,ann1,detector_only,50061
16,featuregraph,ann1,detector_only,53663
16,featuregraph,ann1,reference_only,12935
16,featuregraph,ann1,reference_only,14522
16,featuregraph,ann1,reference_only,17454
16,featuregraph,ann1,reference_only,17859
16,featuregraph,ann1,reference_only,24672
16,featuregraph,ann1,reference_only,25341
16,featuregraph,ann1,reference_only,27387
16,featuregraph,ann1,reference_only,32520
16,featuregraph,ann1,reference_only,33315
16,featuregraph,ann1,reference_only,36022
16,featuregraph,ann1,reference_only,37998
16,featuregraph,ann1,reference_only,38702
16,featuregraph,ann1,reference_only,40650
16,featuregraph,ann1,reference_only,41800
16,featuregraph,ann1,reference_only,45963
16,featuregraph,ann1,reference_only,49709
16,featuregraph,ann1,reference_only,50139
16,featuregraph,ann1,reference_only,53728
16,featuregraph,ann2,detector_only,20825
16,featuregraph,ann2,detector_only,24883
16,featuregraph,ann2,detector_only,25259
16,featuregraph,ann2,detector_only,26037
16,featuregraph,ann2,detector_only,26595
16,featuregraph,ann2,detector_only,33247
16,featuregraph,ann2,detector_only,33661
16,featuregraph,ann2,detector_only,35947
16,featuregraph,ann2,detector_only,36447
16,featuregraph,ann2,detector_only,47738
16,featuregraph,ann2,detector_only,48443
16,featuregraph,ann2,reference_only,20890
16,featuregraph,ann2,reference_only,25336
16,featuregraph,ann2,reference_only,26659
16,featuregraph,ann2,reference_only,33322
16,featuregraph,ann2,reference_only,33728
16,featuregraph,ann2,reference_only,36038
16,featuregraph,ann2,reference_only,36513
16,featuregraph,ann2,reference_only,47805
16,featuregraph,ann2,reference_only,48507
16,llm_selected_baseline,ann1,detector_only,16795
16,llm_selected_baseline,ann2,detector_only,16795
16,llm_selected_baseline,ann2,detector_only,24863
16,llm_selected_baseline,ann2,detector_only,32518
16,llm_selected_baseline,ann2,reference_only,32451
17,featuregraph,ann1,detector_only,575
17,featuregraph,ann1,detector_only,977
17,featuregraph,ann1,detector_only,1377
17,featuregraph,ann1,detector_only,1791
17,featuregraph,ann1,detector_only,2185
17,featuregraph,ann1,detector_only,3083
17,featuregraph,ann1,detector_only,3833
17,featuregraph,ann1,detector_only,4197
17,featuregraph,ann1,detector_only,4601
17,featuregraph,ann1,detector_only,5899
17,featuregraph,ann1,detector_only,7205
17,featuregraph,ann1,detector_only,7603
17,featuregraph,ann1,detector_only,7943
17,featuregraph,ann1,detector_only,8295
17,featuregraph,ann1,detector_only,9751
17,featuregraph,ann1,detector_only,10463
17,featuregraph,ann1,detector_only,10577
17,featuregraph,ann1,detector_only,10817
17,featuregraph,ann1,detector_only,11199
17,featuregraph,ann1,detector_only,11585
17,featuregraph,ann1,detector_only,12541
17,featuregraph,ann1,detector_only,13047
17,featuregraph,ann1,detector_only,13485
17,featuregraph,ann1,detector_only,13901
17,featuregraph,ann1,detector_only,14781
17,featuregraph,ann1,detector_only,15111
17,featuregraph,ann1,detector_only,15511
17,featuregraph,ann1,detector_only,15941
17,featuregraph,ann1,detector_only,16377
17,featuregraph,ann1,detector_only,16777
17,featuregraph,ann1,detector_only,17225
17,featuregraph,ann1,detector_only,17563
17,featuregraph,ann1,detector_only,17991
17,featuregraph,ann1,detector_only,18361
17,featuregraph,ann1,detector_only,18723
17,featuregraph,ann1,detector_only,19093
17,featuregraph,ann1,detector_only,19467
17,featuregraph,ann1,detector_only,20343
17,featuregraph,ann1,detector_only,21139
17,featuregraph,ann1,detector_only,21541
17,featuregraph,ann1,detector_only,21907
17,featuregraph,ann1,detector_only,22333
17,featuregraph,ann1,detector_only,22825
17,featuregraph,ann1,detector_only,23423
17,featuregraph,ann1,detector_only,23835
17,featuregraph,ann1,detector_only,24239
17,featuregraph,ann1,detector_only,25227
17,featuregraph,ann1,detector_only,25385
17,featuregraph,ann1,detector_only,25925
17,featuregraph,ann1,detector_only,27329
17,featuregraph,ann1,detector_only,27731
17,featuregraph,ann1,detector_only,28159
17,featuregraph,ann1,detector_only,29055
17,featuregraph,ann1,detector_only,29545
17,featuregraph,ann1,detector_only,29845
17,featuregraph,ann1,detector_only,30195
17,featuregraph,ann1,detector_only,30639
17,featuregraph,ann1,detector_only,31113
17,featuregraph,ann1,detector_only,32091
17,featuregraph,ann1,detector_only,33004
17,featuregraph,ann1,detector_only,33387
17,featuregraph,ann1,detector_only,34183
17,featuregraph,ann1,detector_only,34609
17,featuregraph,ann1,detector_only,34973
17,featuregraph,ann1,detector_only,35893
17,featuregraph,ann1,detector_only,36413
17,featuregraph,ann1,detector_only,36891
17,featuregraph,ann1,detector_only,37387
17,featuregraph,ann1,detector_only,37931
17,featuregraph,ann1,detector_only,38285
17,featuregraph,ann1,detector_only,38805
17,featuregraph,ann1,detector_only,39285
17,featuregraph,ann1,detector_only,39749
17,featuregraph,ann1,detector_only,40221
17,featuregraph,ann1,detector_only,41131
17,featuregraph,ann1,detector_only,41697
17,featuregraph,ann1,detector_only,42197
17,featuregraph,ann1,detector_only,43147
17,featuregraph,ann1,detector_only,43625
17,featuregraph,ann1,detector_only,44117
17,featuregraph,ann1,detector_only,44567
17,featuregraph,ann1,detector_only,45077
17,featuregraph,ann1,detector_only,45555
17,featuregraph,ann1,detector_only,45959
17,featuregraph,ann1,detector_only,46141
17,featuregraph,ann1,detector_only,46507
17,featuregraph,ann1,detector_only,47321
17,featuregraph,ann1,detector_only,47811
17,featuregraph,ann1,detector_only,49007
17,featuregraph,ann1,detector_only,49669
17,featuregraph,ann1,detector_only,50067
17,featuregraph,ann1,detector_only,50503
17,featuregraph,ann1,detector_only,50913
17,featuregraph,ann1,detector_only,51409
17,featuregraph,ann1,detector_only,52483
17,featuregraph,ann1,detector_only,52971
17,featuregraph,ann1,detector_only,53425
17,featuregraph,ann1,detector_only,53891
17,featuregraph,ann1,detector_only,54383
17,featuregraph,ann1,detector_only,54869
17,featuregraph,ann1,detector_only,55369
17,featuregraph,ann1,detector_only,55791
17,featuregraph,ann1,detector_only,56305
17,featuregraph,ann1,detector_only,57245
17,featuregraph,ann1,detector_only,57763
17,featuregraph,ann1,detector_only,58175
17,featuregraph,ann1,detector_only,58439
17,featuregraph,ann1,detector_only,58853
17,featuregraph,ann1,detector_only,59567
17,featuregraph,ann1,reference_only,33
17,featuregraph,ann1,reference_only,663
17,featuregraph,ann1,reference_only,1050
17,featuregraph,ann1,reference_only,1467
17,featuregraph,ann1,reference_only,1867
17,featuregraph,ann1,reference_only,2259
17,featuregraph,ann1,reference_only,3163
17,featuregraph,ann1,reference_only,3943
17,featuregraph,ann1,reference_only,4287
17,featuregraph,ann1,reference_only,4683
17,featuregraph,ann1,reference_only,5974
17,featuregraph,ann1,reference_only,7274
17,featuregraph,ann1,reference_only,7689
17,featuregraph,ann1,reference_only,8015
17,featuregraph,ann1,reference_only,8359
17,featuregraph,ann1,reference_only,9867
17,featuregraph,ann1,reference_only,10650
17,featuregraph,ann1,reference_only,10941
17,featuregraph,ann1,reference_only,11270
17,featuregraph,ann1,reference_only,11665
17,featuregraph,ann1,reference_only,12630
17,featuregraph,ann1,reference_only,13135
17,featuregraph,ann1,reference_only,13570
17,featuregraph,ann1,reference_only,14022
17,featuregraph,ann1,reference_only,14852
17,featuregraph,ann1,reference_only,15176
17,featuregraph,ann1,reference_only,15593
17,featuregraph,ann1,reference_only,16041
17,featuregraph,ann1,reference_only,16454
17,featuregraph,ann1,reference_only,16841
17,featuregraph,ann1,reference_only,17311
17,featuregraph,ann1,reference_only,17641
17,featuregraph,ann1,reference_only,18076
17,featuregraph,ann1,reference_only,18433
17,featuregraph,ann1,reference_only,18809
17,featuregraph,ann1,reference_only,19183
17,featuregraph,ann1,reference_only,19583
17,featuregraph,ann1,reference_only,20409
17,featuregraph,ann1,reference_only,21217
17,featuregraph,ann1,reference_only,21652
17,featuregraph,ann1,reference_only,22009
17,featuregraph,ann1,reference_only,22417
17,featuregraph,ann1,reference_only,22889
17,featuregraph,ann1,reference_only,23489
17,featuregraph,ann1,reference_only,23933
17,featuregraph,ann1,reference_only,24350
17,featuregraph,ann1,reference_only,25467
17,featuregraph,ann1,reference_only,25998
17,featuregraph,ann1,reference_only,27448
17,featuregraph,ann1,reference_only,27843
17,featuregraph,ann1,reference_only,28274
17,featuregraph,ann1,reference_only,29165
17,featuregraph,ann1,reference_only,29626
17,featuregraph,ann1,reference_only,29930
17,featuregraph,ann1,reference_only,30280
17,featuregraph,ann1,reference_only,30715
17,featuregraph,ann1,reference_only,31198
17,featuregraph,ann1,reference_only,32163
17,featuregraph,ann1,reference_only,33085
17,featuregraph,ann1,reference_only,33472
17,featuregraph,ann1,reference_only,34248
17,featuregraph,ann1,reference_only,34735
17,featuregraph,ann1,reference_only,35070
17,featuregraph,ann1,reference_only,35974
17,featuregraph,ann1,reference_only,36491
17,featuregraph,ann1,reference_only,36974
17,featuregraph,ann1,reference_only,37461
17,featuregraph,ann1,reference_only,38007
17,featuregraph,ann1,reference_only,38411
17,featuregraph,ann1,reference_only,38872
17,featuregraph,ann1,reference_only,39372
17,featuregraph,ann1,reference_only,39828
17,featuregraph,ann1,reference_only,40289
17,featuregraph,ann1,reference_only,41211
17,featuregraph,ann1,reference_only,41800
17,featuregraph,ann1,reference_only,42283
17,featuregraph,ann1,reference_only,43243
17,featuregraph,ann1,reference_only,43700
17,featuregraph,ann1,reference_only,44226
17,featuregraph,ann1,reference_only,44687
17,featuregraph,ann1,reference_only,45159
17,featuregraph,ann1,reference_only,45628
17,featuregraph,ann1,reference_only,46211
17,featuregraph,ann1,reference_only,46593
17,featuregraph,ann1,reference_only,47407
17,featuregraph,ann1,reference_only,47898
17,featuregraph,ann1,reference_only,49074
17,featuregraph,ann1,reference_only,49757
17,featuregraph,ann1,reference_only,50135
17,featuregraph,ann1,reference_only,50583
17,featuregraph,ann1,reference_only,50987
17,featuregraph,ann1,reference_only,51496
17,featuregraph,ann1,reference_only,52576
17,featuregraph,ann1,reference_only,53076
17,featuregraph,ann1,reference_only,53524
17,featuregraph,ann1,reference_only,53963
17,featuregraph,ann1,reference_only,54493
17,featuregraph,ann1,reference_only,54933
17,featuregraph,ann1,reference_only,55441
17,featuregraph,ann1,reference_only,55859
17,featuregraph,ann1,reference_only,56378
17,featuregraph,ann1,reference_only,57326
17,featuregraph,ann1,reference_only,57839
17,featuregraph,ann1,reference_only,58513
17,featuregraph,ann1,reference_only,58930
17,featuregraph,ann1,reference_only,59639
17,featuregraph,ann2,detector_only,977
17,featuregraph,ann2,detector_only,2185
17,featuregraph,ann2,detector_only,3833
17,featuregraph,ann2,detector_only,4197
17,featuregraph,ann2,detector_only,4601
17,featuregraph,ann2,detector_only,5049
17,featuregraph,ann2,detector_only,7603
17,featuregraph,ann2,detector_only,9751
17,featuregraph,ann2,detector_only,10463
17,featuregraph,ann2,detector_only,10577
17,featuregraph,ann2,detector_only,12541
17,featuregraph,ann2,detector_only,13485
17,featuregraph,ann2,detector_only,13901
17,featuregraph,ann2,detector_only,14313
17,featuregraph,ann2,detector_only,14781
17,featuregraph,ann2,detector_only,15111
17,featuregraph,ann2,detector_only,15511
17,featuregraph,ann2,detector_only,15941
17,featuregraph,ann2,detector_only,16377
17,featuregraph,ann2,detector_only,18361
17,featuregraph,ann2,detector_only,18723
17,featuregraph,ann2,detector_only,19093
17,featuregraph,ann2,detector_only,19467
17,featuregraph,ann2,detector_only,21139
17,featuregraph,ann2,detector_only,21541
17,featuregraph,ann2,detector_only,21907
17,featuregraph,ann2,detector_only,22333
17,featuregraph,ann2,detector_only,22825
17,featuregraph,ann2,detector_only,23835
17,featuregraph,ann2,detector_only,25227
17,featuregraph,ann2,detector_only,25385
17,featuregraph,ann2,detector_only,27329
17,featuregraph,ann2,detector_only,27731
17,featuregraph,ann2,detector_only,29055
17,featuregraph,ann2,detector_only,29545
17,featuregraph,ann2,detector_only,29845
17,featuregraph,ann2,detector_only,30195
17,featuregraph,ann2,detector_only,30639
17,featuregraph,ann2,detector_only,32513
17,featuregraph,ann2,detector_only,33004
17,featuregraph,ann2,detector_only,34183
17,featuregraph,ann2,detector_only,34609
17,featuregraph,ann2,detector_only,34973
17,featuregraph,ann2,detector_only,36413
17,featuregraph,ann2,detector_only,36891
17,featuregraph,ann2,detector_only,37931
17,featuregraph,ann2,detector_only,38285
17,featuregraph,ann2,detector_only,38805
17,featuregraph,ann2,detector_only,39285
17,featuregraph,ann2,detector_only,39749
17,featuregraph,ann2,detector_only,40221
17,featuregraph,ann2,detector_only,40709
17,featuregraph,ann2,detector_only,41697
17,featuregraph,ann2,detector_only,42197
17,featuregraph,ann2,detector_only,43625
17,featuregraph,ann2,detector_only,44117
17,featuregraph,ann2,detector_only,44567
17,featuregraph,ann2,detector_only,45077
17,featuregraph,ann2,detector_only,45555
17,featuregraph,ann2,detector_only,45959
17,featuregraph,ann2,detector_only,46913
17,featuregraph,ann2,detector_only,47321
17,featuregraph,ann2,detector_only,49007
17,featuregraph,ann2,detector_only,49669
17,featuregraph,ann2,detector_only,50067
17,featuregraph,ann2,detector_only,50503
17,featuregraph,ann2,detector_only,50913
17,featuregraph,ann2,detector_only,51409
17,featuregraph,ann2,detector_only,52483
17,featuregraph,ann2,detector_only,52971
17,featuregraph,ann2,detector_only,53425
17,featuregraph,ann2,detector_only,53891
17,featuregraph,ann2,detector_only,54383
17,featuregraph,ann2,detector_only,54869
17,featuregraph,ann2,detector_only,56759
17,featuregraph,ann2,detector_only,57245
17,featuregraph,ann2,detector_only,57763
17,featuregraph,ann2,detector_only,58439
17,featuregraph,ann2,reference_only,40
17,featuregraph,ann2,reference_only,1058
17,featuregraph,ann2,reference_only,2261
17,featuregraph,ann2,reference_only,3916
17,featuregraph,ann2,reference_only,4280
17,featuregraph,ann2,reference_only,4666
17,featuregraph,ann2,reference_only,5125
17,featuregraph,ann2,reference_only,7687
17,featuregraph,ann2,reference_only,9819
17,featuregraph,ann2,reference_only,10648
17,featuregraph,ann2,reference_only,12614
17,featuregraph,ann2,reference_only,13569
17,featuregraph,ann2,reference_only,13965
17,featuregraph,ann2,reference_only,14382
17,featuregraph,ann2,reference_only,14857
17,featuregraph,ann2,reference_only,15187
17,featuregraph,ann2,reference_only,15583
17,featuregraph,ann2,reference_only,16011
17,featuregraph,ann2,reference_only,16449
17,featuregraph,ann2,reference_only,18427
17,featuregraph,ann2,reference_only,18800
17,featuregraph,ann2,reference_only,19170
17,featuregraph,ann2,reference_only,19544
17,featuregraph,ann2,reference_only,21212
17,featuregraph,ann2,reference_only,21608
17,featuregraph,ann2,reference_only,21982
17,featuregraph,ann2,reference_only,22404
17,featuregraph,ann2,reference_only,22904
17,featuregraph,ann2,reference_only,23912
17,featuregraph,ann2,reference_only,25463
17,featuregraph,ann2,reference_only,27408
17,featuregraph,ann2,reference_only,27815
17,featuregraph,ann2,reference_only,29123
17,featuregraph,ann2,reference_only,29625
17,featuregraph,ann2,reference_only,29915
17,featuregraph,ann2,reference_only,30272
17,featuregraph,ann2,reference_only,30710
17,featuregraph,ann2,reference_only,32583
17,featuregraph,ann2,reference_only,33074
17,featuregraph,ann2,reference_only,34249
17,featuregraph,ann2,reference_only,34687
17,featuregraph,ann2,reference_only,35051
17,featuregraph,ann2,reference_only,36486
17,featuregraph,ann2,reference_only,36972
17,featuregraph,ann2,reference_only,38004
17,featuregraph,ann2,reference_only,38368
17,featuregraph,ann2,reference_only,38875
17,featuregraph,ann2,reference_only,39360
17,featuregraph,ann2,reference_only,39814
17,featuregraph,ann2,reference_only,40294
17,featuregraph,ann2,reference_only,40785
17,featuregraph,ann2,reference_only,41791
17,featuregraph,ann2,reference_only,42271
17,featuregraph,ann2,reference_only,43706
17,featuregraph,ann2,reference_only,44197
17,featuregraph,ann2,reference_only,44651
17,featuregraph,ann2,reference_only,45161
17,featuregraph,ann2,reference_only,45625
17,featuregraph,ann2,reference_only,46987
17,featuregraph,ann2,reference_only,47398
17,featuregraph,ann2,reference_only,49080
17,featuregraph,ann2,reference_only,49739
17,featuregraph,ann2,reference_only,50141
17,featuregraph,ann2,reference_only,50584
17,featuregraph,ann2,reference_only,50995
17,featuregraph,ann2,reference_only,51486
17,featuregraph,ann2,reference_only,52555
17,featuregraph,ann2,reference_only,53041
17,featuregraph,ann2,reference_only,53511
17,featuregraph,ann2,reference_only,53964
17,featuregraph,ann2,reference_only,54455
17,featuregraph,ann2,reference_only,54956
17,featuregraph,ann2,reference_only,56828
17,featuregraph,ann2,reference_only,57313
17,featuregraph,ann2,reference_only,57841
17,featuregraph,ann2,reference_only,58506
17,llm_selected_baseline,ann1,detector_only,10863
17,llm_selected_baseline,ann1,detector_only,25222
17,llm_selected_baseline,ann1,detector_only,58178
17,llm_selected_baseline,ann1,reference_only,33
17,llm_selected_baseline,ann1,reference_only,10941
17,llm_selected_baseline,ann2,detector_only,25222
17,llm_selected_baseline,ann2,reference_only,40
18,featuregraph,ann1,detector_only,6984
18,featuregraph,ann1,reference_only,76
18,featuregraph,ann2,detector_only,6984
18,featuregraph,ann2,reference_only,82
19,featuregraph,ann1,detector_only,515
19,featuregraph,ann1,detector_only,519
19,featuregraph,ann1,detector_only,522
19,featuregraph,ann1,detector_only,525
19,featuregraph,ann1,detector_only,529
19,featuregraph,ann1,detector_only,532
19,featuregraph,ann1,detector_only,535
19,featuregraph,ann1,detector_only,542
19,featuregraph,ann1,detector_only,545
19,featuregraph,ann1,detector_only,548
19,featuregraph,ann1,detector_only,552
19,featuregraph,ann1,detector_only,555
19,featuregraph,ann1,detector_only,558
19,featuregraph,ann1,detector_only,565
19,featuregraph,ann1,detector_only,568
19,featuregraph,ann1,detector_only,571
19,featuregraph,ann1,detector_only,575
19,featuregraph,ann1,detector_only,578
19,featuregraph,ann1,detector_only,581
19,featuregraph,ann1,detector_only,588
19,featuregraph,ann1,detector_only,591
19,featuregraph,ann1,detector_only,594
19,featuregraph,ann1,detector_only,598
19,featuregraph,ann1,detector_only,1012
19,featuregraph,ann1,detector_only,1931
19,featuregraph,ann1,detector_only,5167
19,featuregraph,ann1,detector_only,5344
19,featuregraph,ann1,detector_only,5585
19,featuregraph,ann1,detector_only,6223
19,featuregraph,ann1,detector_only,6423
19,featuregraph,ann1,detector_only,6735
19,featuregraph,ann1,detector_only,6937
19,featuregraph,ann1,detector_only,7146
19,featuregraph,ann1,detector_only,7353
19,featuregraph,ann1,detector_only,8882
19,featuregraph,ann1,detector_only,9068
19,featuregraph,ann1,detector_only,9297
19,featuregraph,ann1,detector_only,9815
19,featuregraph,ann1,detector_only,10234
19,featuregraph,ann1,detector_only,10745
19,featuregraph,ann1,detector_only,11584
19,featuregraph,ann1,detector_only,14385
19,featuregraph,ann1,detector_only,15907
19,featuregraph,ann1,detector_only,16100
19,featuregraph,ann1,detector_only,16981
19,featuregraph,ann1,detector_only,17216
19,featuregraph,ann1,detector_only,18066
19,featuregraph,ann1,detector_only,18473
19,featuregraph,ann1,detector_only,22189
19,featuregraph,ann1,detector_only,22450
19,featuregraph,ann1,detector_only,22689
19,featuregraph,ann1,detector_only,23628
19,featuregraph,ann1,detector_only,24547
19,featuregraph,ann1,detector_only,25059
19,featuregraph,ann1,detector_only,25977
19,featuregraph,ann1,detector_only,26380
19,featuregraph,ann1,detector_only,26895
19,featuregraph,ann1,detector_only,26901
19,featuregraph,ann1,detector_only,26904
19,featuregraph,ann1,detector_only,26907
19,featuregraph,ann1,detector_only,26910
19,featuregraph,ann1,detector_only,26913
19,featuregraph,ann1,detector_only,26916
19,featuregraph,ann1,detector_only,26919
19,featuregraph,ann1,detector_only,26922
19,featuregraph,ann1,detector_only,26925
19,featuregraph,ann1,detector_only,26928
19,featuregraph,ann1,detector_only,26931
19,featuregraph,ann1,detector_only,26934
19,featuregraph,ann1,detector_only,26937
19,featuregraph,ann1,detector_only,26940
19,featuregraph,ann1,detector_only,26943
19,featuregraph,ann1,detector_only,26946
19,featuregraph,ann1,detector_only,26949
19,featuregraph,ann1,detector_only,26952
19,featuregraph,ann1,detector_only,27831
19,featuregraph,ann1,detector_only,28034
19,featuregraph,ann1,detector_only,29295
19,featuregraph,ann1,detector_only,29700
19,featuregraph,ann1,detector_only,30211
19,featuregraph,ann1,detector_only,30617
19,featuregraph,ann1,detector_only,32999
19,featuregraph,ann1,detector_only,33153
19,featuregraph,ann1,detector_only,33631
19,featuregraph,ann1,detector_only,34295
19,featuregraph,ann1,detector_only,34725
19,featuregraph,ann1,detector_only,35795
19,featuregraph,ann1,detector_only,38137
19,featuregraph,ann1,detector_only,39717
19,featuregraph,ann1,detector_only,40735
19,featuregraph,ann1,detector_only,42172
19,featuregraph,ann1,detector_only,42284
19,featuregraph,ann1,detector_only,42889
19,featuregraph,ann1,detector_only,44217
19,featuregraph,ann1,detector_only,44405
19,featuregraph,ann1,detector_only,45147
19,featuregraph,ann1,detector_only,46157
19,featuregraph,ann1,detector_only,46751
19,featuregraph,ann1,detector_only,47571
19,featuregraph,ann1,detector_only,48677
19,featuregraph,ann1,detector_only,50243
19,featuregraph,ann1,detector_only,51559
19,featuregraph,ann1,detector_only,52904
19,featuregraph,ann1,detector_only,57107
19,featuregraph,ann1,detector_only,57611
19,featuregraph,ann1,detector_only,57813
19,featuregraph,ann1,reference_only,6339
19,featuregraph,ann1,reference_only,22763
19,featuregraph,ann1,reference_only,47480
19,featuregraph,ann1,reference_only,50309
19,featuregraph,ann1,reference_only,57743
19,featuregraph,ann2,detector_only,515
19,featuregraph,ann2,detector_only,519
19,featuregraph,ann2,detector_only,522
19,featuregraph,ann2,detector_only,525
19,featuregraph,ann2,detector_only,529
19,featuregraph,ann2,detector_only,532
19,featuregraph,ann2,detector_only,535
19,featuregraph,ann2,detector_only,542
19,featuregraph,ann2,detector_only,545
19,featuregraph,ann2,detector_only,548
19,featuregraph,ann2,detector_only,552
19,featuregraph,ann2,detector_only,555
19,featuregraph,ann2,detector_only,558
19,featuregraph,ann2,detector_only,565
19,featuregraph,ann2,detector_only,568
19,featuregraph,ann2,detector_only,571
19,featuregraph,ann2,detector_only,575
19,featuregraph,ann2,detector_only,578
19,featuregraph,ann2,detector_only,581
19,featuregraph,ann2,detector_only,588
19,featuregraph,ann2,detector_only,591
19,featuregraph,ann2,detector_only,594
19,featuregraph,ann2,detector_only,598
19,featuregraph,ann2,detector_only,1012
19,featuregraph,ann2,detector_only,1931
19,featuregraph,ann2,detector_only,5167
19,featuregraph,ann2,detector_only,5344
19,featuregraph,ann2,detector_only,5585
19,featuregraph,ann2,detector_only,6423
19,featuregraph,ann2,detector_only,6735
19,featuregraph,ann2,detector_only,7353
19,featuregraph,ann2,detector_only,8882
19,featuregraph,ann2,detector_only,9068
19,featuregraph,ann2,detector_only,9297
19,featuregraph,ann2,detector_only,9815
19,featuregraph,ann2,detector_only,10234
19,featuregraph,ann2,detector_only,10745
19,featuregraph,ann2,detector_only,11584
19,featuregraph,ann2,detector_only,14385
19,featuregraph,ann2,detector_only,15907
19,featuregraph,ann2,detector_only,17216
19,featuregraph,ann2,detector_only,18066
19,featuregraph,ann2,detector_only,18473
19,featuregraph,ann2,detector_only,22189
19,featuregraph,ann2,detector_only,23628
19,featuregraph,ann2,detector_only,24547
19,featuregraph,ann2,detector_only,25059
19,featuregraph,ann2,detector_only,25977
19,featuregraph,ann2,detector_only,26380
19,featuregraph,ann2,detector_only,26895
19,featuregraph,ann2,detector_only,26901
19,featuregraph,ann2,detector_only,26904
19,featuregraph,ann2,detector_only,26907
19,featuregraph,ann2,detector_only,26910
19,featuregraph,ann2,detector_only,26913
19,featuregraph,ann2,detector_only,26916
19,featuregraph,ann2,detector_only,26919
19,featuregraph,ann2,detector_only,26922
19,featuregraph,ann2,detector_only,26925
19,featuregraph,ann2,detector_only,26928
19,featuregraph,ann2,detector_only,26931
19,featuregraph,ann2,detector_only,26934
19,featuregraph,ann2,detector_only,26937
19,featuregraph,ann2,detector_only,26940
19,featuregraph,ann2,detector_only,26943
19,featuregraph,ann2,detector_only,26946
19,featuregraph,ann2,detector_only,26949
19,featuregraph,ann2,detector_only,26952
19,featuregraph,ann2,detector_only,29295
19,featuregraph,ann2,detector_only,29700
19,featuregraph,ann2,detector_only,30211
19,featuregraph,ann2,detector_only,30617
19,featuregraph,ann2,detector_only,33153
19,featuregraph,ann2,detector_only,34295
19,featuregraph,ann2,detector_only,34725
19,featuregraph,ann2,detector_only,35795
19,featuregraph,ann2,detector_only,38137
19,featuregraph,ann2,detector_only,39717
19,featuregraph,ann2,detector_only,40735
19,featuregraph,ann2,detector_only,42172
19,featuregraph,ann2,detector_only,42889
19,featuregraph,ann2,detector_only,44217
19,featuregraph,ann2,detector_only,45147
19,featuregraph,ann2,detector_only,46157
19,featuregraph,ann2,detector_only,46546
19,featuregraph,ann2,detector_only,46751
19,featuregraph,ann2,detector_only,48677
19,featuregraph,ann2,detector_only,50243
19,featuregraph,ann2,detector_only,51559
19,featuregraph,ann2,detector_only,52904
19,featuregraph,ann2,detector_only,57107
19,featuregraph,ann2,detector_only,57611
19,featuregraph,ann2,reference_only,50352
19,llm_selected_baseline,ann1,detector_only,6252
19,llm_selected_baseline,ann1,detector_only,7173
19,llm_selected_baseline,ann1,detector_only,8861
19,llm_selected_baseline,ann1,detector_only,16113
19,llm_selected_baseline,ann1,detector_only,22208
19,llm_selected_baseline,ann1,detector_only,22459
19,llm_selected_baseline,ann1,detector_only,27824
19,llm_selected_baseline,ann1,detector_only,33619
19,llm_selected_baseline,ann1,detector_only,42303
19,llm_selected_baseline,ann1,detector_only,44380
19,llm_selected_baseline,ann1,detector_only,57818
19,llm_selected_baseline,ann1,reference_only,6339
19,llm_selected_baseline,ann1,reference_only,22763
19,llm_selected_baseline,ann1,reference_only,35974
19,llm_selected_baseline,ann1,reference_only,43104
19,llm_selected_baseline,ann1,reference_only,46576
19,llm_selected_baseline,ann1,reference_only,56352
19,llm_selected_baseline,ann1,reference_only,57743
19,llm_selected_baseline,ann2,detector_only,8861
19,llm_selected_baseline,ann2,detector_only,22208
19,llm_selected_baseline,ann2,reference_only,6951
19,llm_selected_baseline,ann2,reference_only,16997
19,llm_selected_baseline,ann2,reference_only,22693
19,llm_selected_baseline,ann2,reference_only,28042
19,llm_selected_baseline,ann2,reference_only,33000
19,llm_selected_baseline,ann2,reference_only,36001
19,llm_selected_baseline,ann2,reference_only,43105
19,llm_selected_baseline,ann2,reference_only,56369
20,featuregraph,ann1,detector_only,515
20,featuregraph,ann1,detector_only,1401
20,featuregraph,ann1,detector_only,2349
20,featuregraph,ann1,detector_only,3421
20,featuregraph,ann1,detector_only,4369
20,featuregraph,ann1,detector_only,4881
20,featuregraph,ann1,detector_only,6325
20,featuregraph,ann1,detector_only,6799
20,featuregraph,ann1,detector_only,7279
20,featuregraph,ann1,detector_only,8777
20,featuregraph,ann1,detector_only,9497
20,featuregraph,ann1,detector_only,10287
20,featuregraph,ann1,detector_only,11247
20,featuregraph,ann1,detector_only,11769
20,featuregraph,ann1,detector_only,12291
20,featuregraph,ann1,detector_only,13231
20,featuregraph,ann1,detector_only,14303
20,featuregraph,ann1,detector_only,16161
20,featuregraph,ann1,detector_only,21601
20,featuregraph,ann1,detector_only,24107
20,featuregraph,ann1,detector_only,24433
20,featuregraph,ann1,detector_only,24667
20,featuregraph,ann1,detector_only,27935
20,featuregraph,ann1,detector_only,28133
20,featuregraph,ann1,detector_only,29635
20,featuregraph,ann1,detector_only,30153
20,featuregraph,ann1,detector_only,31625
20,featuregraph,ann1,detector_only,32377
20,featuregraph,ann1,detector_only,32553
20,featuregraph,ann1,detector_only,35142
20,featuregraph,ann1,detector_only,36397
20,featuregraph,ann1,detector_only,36651
20,featuregraph,ann1,detector_only,39385
20,featuregraph,ann1,detector_only,40105
20,featuregraph,ann1,detector_only,40833
20,featuregraph,ann1,detector_only,41405
20,featuregraph,ann1,detector_only,41613
20,featuregraph,ann1,detector_only,42131
20,featuregraph,ann1,detector_only,42631
20,featuregraph,ann1,detector_only,43417
20,featuregraph,ann1,detector_only,43609
20,featuregraph,ann1,detector_only,45661
20,featuregraph,ann1,detector_only,46175
20,featuregraph,ann1,detector_only,46611
20,featuregraph,ann1,detector_only,48101
20,featuregraph,ann1,detector_only,48963
20,featuregraph,ann1,detector_only,49181
20,featuregraph,ann1,detector_only,50491
20,featuregraph,ann1,detector_only,51011
20,featuregraph,ann1,detector_only,51784
20,featuregraph,ann1,detector_only,53221
20,featuregraph,ann1,detector_only,53371
20,featuregraph,ann1,detector_only,55321
20,featuregraph,ann1,detector_only,55949
20,featuregraph,ann1,detector_only,59715
20,featuregraph,ann1,reference_only,150
20,featuregraph,ann1,reference_only,580
20,featuregraph,ann1,reference_only,1476
20,featuregraph,ann1,reference_only,2424
20,featuregraph,ann1,reference_only,3489
20,featuregraph,ann1,reference_only,4443
20,featuregraph,ann1,reference_only,4952
20,featuregraph,ann1,reference_only,6400
20,featuregraph,ann1,reference_only,6870
20,featuregraph,ann1,reference_only,7343
20,featuregraph,ann1,reference_only,8872
20,featuregraph,ann1,reference_only,10367
20,featuregraph,ann1,reference_only,11317
20,featuregraph,ann1,reference_only,11848
20,featuregraph,ann1,reference_only,12370
20,featuregraph,ann1,reference_only,13304
20,featuregraph,ann1,reference_only,14374
20,featuregraph,ann1,reference_only,16241
20,featuregraph,ann1,reference_only,19626
20,featuregraph,ann1,reference_only,21691
20,featuregraph,ann1,reference_only,24193
20,featuregraph,ann1,reference_only,24733
20,featuregraph,ann1,reference_only,28209
20,featuregraph,ann1,reference_only,29704
20,featuregraph,ann1,reference_only,30224
20,featuregraph,ann1,reference_only,31711
20,featuregraph,ann1,reference_only,32663
20,featuregraph,ann1,reference_only,35213
20,featuregraph,ann1,reference_only,36717
20,featuregraph,ann1,reference_only,40193
20,featuregraph,ann1,reference_only,41678
20,featuregraph,ann1,reference_only,42204
20,featuregraph,ann1,reference_only,42700
20,featuregraph,ann1,reference_only,43722
20,featuregraph,ann1,reference_only,45741
20,featuregraph,ann1,reference_only,46280
20,featuregraph,ann1,reference_only,46680
20,featuregraph,ann1,reference_only,48167
20,featuregraph,ann1,reference_only,49252
20,featuregraph,ann1,reference_only,51848
20,featuregraph,ann1,reference_only,53498
20,featuregraph,ann1,reference_only,56015
20,featuregraph,ann1,reference_only,59826
20,featuregraph,ann2,detector_only,515
20,featuregraph,ann2,detector_only,2893
20,featuregraph,ann2,detector_only,3421
20,featuregraph,ann2,detector_only,3851
20,featuregraph,ann2,detector_only,4369
20,featuregraph,ann2,detector_only,4881
20,featuregraph,ann2,detector_only,6799
20,featuregraph,ann2,detector_only,8777
20,featuregraph,ann2,detector_only,9497
20,featuregraph,ann2,detector_only,10287
20,featuregraph,ann2,detector_only,11769
20,featuregraph,ann2,detector_only,12291
20,featuregraph,ann2,detector_only,14303
20,featuregraph,ann2,detector_only,14723
20,featuregraph,ann2,detector_only,16161
20,featuregraph,ann2,detector_only,17259
20,featuregraph,ann2,detector_only,18663
20,featuregraph,ann2,detector_only,21601
20,featuregraph,ann2,detector_only,22153
20,featuregraph,ann2,detector_only,24107
20,featuregraph,ann2,detector_only,24433
20,featuregraph,ann2,detector_only,25101
20,featuregraph,ann2,detector_only,26567
20,featuregraph,ann2,detector_only,27935
20,featuregraph,ann2,detector_only,32377
20,featuregraph,ann2,detector_only,32553
20,featuregraph,ann2,detector_only,36397
20,featuregraph,ann2,detector_only,36651
20,featuregraph,ann2,detector_only,38883
20,featuregraph,ann2,detector_only,39385
20,featuregraph,ann2,detector_only,40105
20,featuregraph,ann2,detector_only,40833
20,featuregraph,ann2,detector_only,41405
20,featuregraph,ann2,detector_only,43417
20,featuregraph,ann2,detector_only,43609
20,featuregraph,ann2,detector_only,45661
20,featuregraph,ann2,detector_only,46175
20,featuregraph,ann2,detector_only,48963
20,featuregraph,ann2,detector_only,50491
20,featuregraph,ann2,detector_only,51011
20,featuregraph,ann2,detector_only,53221
20,featuregraph,ann2,detector_only,53371
20,featuregraph,ann2,detector_only,55321
20,featuregraph,ann2,detector_only,55949
20,featuregraph,ann2,detector_only,59715
20,featuregraph,ann2,reference_only,145
20,featuregraph,ann2,reference_only,583
20,featuregraph,ann2,reference_only,2963
20,featuregraph,ann2,reference_only,3485
20,featuregraph,ann2,reference_only,3937
20,featuregraph,ann2,reference_only,4518
20,featuregraph,ann2,reference_only,4951
20,featuregraph,ann2,reference_only,6871
20,featuregraph,ann2,reference_only,8875
20,featuregraph,ann2,reference_only,10368
20,featuregraph,ann2,reference_only,11849
20,featuregraph,ann2,reference_only,12361
20,featuregraph,ann2,reference_only,14377
20,featuregraph,ann2,reference_only,14794
20,featuregraph,ann2,reference_only,16259
20,featuregraph,ann2,reference_only,17335
20,featuregraph,ann2,reference_only,18739
20,featuregraph,ann2,reference_only,21666
20,featuregraph,ann2,reference_only,22225
20,featuregraph,ann2,reference_only,24186
20,featuregraph,ann2,reference_only,25173
20,featuregraph,ann2,reference_only,26638
20,featuregraph,ann2,reference_only,32641
20,featuregraph,ann2,reference_only,36729
20,featuregraph,ann2,reference_only,40194
20,featuregraph,ann2,reference_only,43691
20,featuregraph,ann2,reference_only,45736
20,featuregraph,ann2,reference_only,46243
20,featuregraph,ann2,reference_only,53489
20,featuregraph,ann2,reference_only,56022
20,featuregraph,ann2,reference_only,59794
20,llm_selected_baseline,ann1,detector_only,4545
20,llm_selected_baseline,ann1,detector_only,9490
20,llm_selected_baseline,ann1,detector_only,27931
20,llm_selected_baseline,ann1,detector_only,32387
20,llm_selected_baseline,ann1,detector_only,41386
20,llm_selected_baseline,ann1,detector_only,48989
20,llm_selected_baseline,ann1,detector_only,50501
20,llm_selected_baseline,ann1,detector_only,53429
20,llm_selected_baseline,ann1,detector_only,55315
20,llm_selected_baseline,ann1,detector_only,59278
20,llm_selected_baseline,ann1,reference_only,4443
20,llm_selected_baseline,ann1,reference_only,19626
20,llm_selected_baseline,ann1,reference_only,53498
20,llm_selected_baseline,ann1,reference_only,59204
20,llm_selected_baseline,ann2,detector_only,9490
20,llm_selected_baseline,ann2,detector_only,27931
20,llm_selected_baseline,ann2,detector_only,32387
20,llm_selected_baseline,ann2,detector_only,38889
20,llm_selected_baseline,ann2,detector_only,41386
20,llm_selected_baseline,ann2,detector_only,48989
20,llm_selected_baseline,ann2,detector_only,50501
20,llm_selected_baseline,ann2,detector_only,55315
20,llm_selected_baseline,ann2,detector_only,59278
20,llm_selected_baseline,ann2,reference_only,59155
21,featuregraph,ann1,detector_only,121
21,featuregraph,ann1,detector_only,6279
21,featuregraph,ann1,detector_only,6407
21,featuregraph,ann1,detector_only,6569
21,featuregraph,ann1,detector_only,7073
21,featuregraph,ann1,detector_only,12825
21,featuregraph,ann1,detector_only,14587
21,featuregraph,ann1,detector_only,15925
21,featuregraph,ann1,detector_only,20187
21,featuregraph,ann1,detector_only,20917
21,featuregraph,ann1,detector_only,21867
21,featuregraph,ann1,detector_only,22612
21,featuregraph,ann1,detector_only,25727
21,featuregraph,ann1,detector_only,26661
21,featuregraph,ann1,detector_only,26907
21,featuregraph,ann1,detector_only,27525
21,featuregraph,ann1,detector_only,28003
21,featuregraph,ann1,detector_only,29113
21,featuregraph,ann1,detector_only,29607
21,featuregraph,ann1,detector_only,30647
21,featuregraph,ann1,detector_only,31431
21,featuregraph,ann1,detector_only,32093
21,featuregraph,ann1,detector_only,32265
21,featuregraph,ann1,detector_only,33607
21,featuregraph,ann1,detector_only,51447
21,featuregraph,ann1,detector_only,52325
21,featuregraph,ann1,detector_only,52575
21,featuregraph,ann1,reference_only,6704
21,featuregraph,ann1,reference_only,22043
21,featuregraph,ann1,reference_only,22676
21,featuregraph,ann1,reference_only,25798
21,featuregraph,ann1,reference_only,26726
21,featuregraph,ann1,reference_only,27604
21,featuregraph,ann1,reference_only,29204
21,featuregraph,ann1,reference_only,29678
21,featuregraph,ann1,reference_only,31507
21,featuregraph,ann1,reference_only,51539
21,featuregraph,ann1,reference_only,52391
21,featuregraph,ann2,detector_only,121
21,featuregraph,ann2,detector_only,6279
21,featuregraph,ann2,detector_only,6407
21,featuregraph,ann2,detector_only,6569
21,featuregraph,ann2,detector_only,7073
21,featuregraph,ann2,detector_only,12825
21,featuregraph,ann2,detector_only,14587
21,featuregraph,ann2,detector_only,15925
21,featuregraph,ann2,detector_only,20187
21,featuregraph,ann2,detector_only,20917
21,featuregraph,ann2,detector_only,21867
21,featuregraph,ann2,detector_only,26907
21,featuregraph,ann2,detector_only,27525
21,featuregraph,ann2,detector_only,29113
21,featuregraph,ann2,detector_only,29607
21,featuregraph,ann2,detector_only,30647
21,featuregraph,ann2,detector_only,32093
21,featuregraph,ann2,detector_only,32265
21,featuregraph,ann2,detector_only,33607
21,featuregraph,ann2,detector_only,34211
21,featuregraph,ann2,detector_only,51447
21,featuregraph,ann2,detector_only,52575
21,featuregraph,ann2,reference_only,6687
21,featuregraph,ann2,reference_only,22077
21,featuregraph,ann2,reference_only,27609
21,featuregraph,ann2,reference_only,29213
21,featuregraph,ann2,reference_only,29677
21,featuregraph,ann2,reference_only,34275
21,featuregraph,ann2,reference_only,51523
21,llm_selected_baseline,ann1,detector_only,6255
21,llm_selected_baseline,ann1,detector_only,6847
21,llm_selected_baseline,ann1,detector_only,13057
21,llm_selected_baseline,ann1,detector_only,14604
21,llm_selected_baseline,ann1,detector_only,21507
21,llm_selected_baseline,ann1,detector_only,21931
21,llm_selected_baseline,ann1,detector_only,22129
21,llm_selected_baseline,ann1,detector_only,26931
21,llm_selected_baseline,ann1,detector_only,27325
21,llm_selected_baseline,ann1,detector_only,28039
21,llm_selected_baseline,ann1,detector_only,32148
21,llm_selected_baseline,ann1,reference_only,6704
21,llm_selected_baseline,ann1,reference_only,12991
21,llm_selected_baseline,ann1,reference_only,22043
21,llm_selected_baseline,ann1,reference_only,59913
21,llm_selected_baseline,ann2,detector_only,6255
21,llm_selected_baseline,ann2,detector_only,6847
21,llm_selected_baseline,ann2,detector_only,14604
21,llm_selected_baseline,ann2,detector_only,21507
21,llm_selected_baseline,ann2,detector_only,21931
21,llm_selected_baseline,ann2,detector_only,26931
21,llm_selected_baseline,ann2,detector_only,27325
21,llm_selected_baseline,ann2,detector_only,32148
21,llm_selected_baseline,ann2,reference_only,6687
21,llm_selected_baseline,ann2,reference_only,59920
22,featuregraph,ann1,detector_only,3241
22,featuregraph,ann1,detector_only,4721
22,featuregraph,ann1,detector_only,4883
22,featuregraph,ann1,detector_only,20149
22,featuregraph,ann1,detector_only,28797
22,featuregraph,ann1,detector_only,37136
22,featuregraph,ann1,detector_only,43069
22,featuregraph,ann1,detector_only,52049
22,featuregraph,ann1,detector_only,53712
22,featuregraph,ann1,reference_only,67
22,featuregraph,ann1,reference_only,3307
22,featuregraph,ann1,reference_only,4948
22,featuregraph,ann1,reference_only,20230
22,featuregraph,ann1,reference_only,28865
22,featuregraph,ann1,reference_only,37200
22,featuregraph,ann1,reference_only,43135
22,featuregraph,ann1,reference_only,52113
22,featuregraph,ann1,reference_only,53776
22,featuregraph,ann2,detector_only,4721
22,featuregraph,ann2,reference_only,77
22,llm_selected_baseline,ann1,detector_only,4726
22,llm_selected_baseline,ann2,detector_only,4726
23,featuregraph,ann1,detector_only,2773
23,featuregraph,ann1,detector_only,3221
23,featuregraph,ann1,detector_only,3863
23,featuregraph,ann1,detector_only,5303
23,featuregraph,ann1,detector_only,6143
23,featuregraph,ann1,detector_only,6987
23,featuregraph,ann1,detector_only,7811
23,featuregraph,ann1,detector_only,12405
23,featuregraph,ann1,detector_only,12774
23,featuregraph,ann1,detector_only,14061
23,featuregraph,ann1,detector_only,14910
23,featuregraph,ann1,detector_only,15281
23,featuregraph,ann1,detector_only,16137
23,featuregraph,ann1,detector_only,16997
23,featuregraph,ann1,detector_only,21139
23,featuregraph,ann1,detector_only,30775
23,featuregraph,ann1,detector_only,30969
23,featuregraph,ann1,detector_only,33939
23,featuregraph,ann1,detector_only,34777
23,featuregraph,ann1,detector_only,35158
23,featuregraph,ann1,detector_only,35162
23,featuregraph,ann1,detector_only,35165
23,featuregraph,ann1,detector_only,35169
23,featuregraph,ann1,detector_only,35173
23,featuregraph,ann1,detector_only,35177
23,featuregraph,ann1,detector_only,35181
23,featuregraph,ann1,detector_only,35185
23,featuregraph,ann1,detector_only,35189
23,featuregraph,ann1,detector_only,35193
23,featuregraph,ann1,detector_only,35196
23,featuregraph,ann1,detector_only,35200
23,featuregraph,ann1,detector_only,35204
23,featuregraph,ann1,detector_only,37409
23,featuregraph,ann1,detector_only,38107
23,featuregraph,ann1,detector_only,38939
23,featuregraph,ann1,detector_only,39765
23,featuregraph,ann1,detector_only,40597
23,featuregraph,ann1,detector_only,43465
23,featuregraph,ann1,detector_only,47257
23,featuregraph,ann1,detector_only,48089
23,featuregraph,ann1,detector_only,49750
23,featuregraph,ann1,detector_only,50587
23,featuregraph,ann1,detector_only,51420
23,featuregraph,ann1,detector_only,52255
23,featuregraph,ann1,detector_only,53087
23,featuregraph,ann1,detector_only,53907
23,featuregraph,ann1,detector_only,55577
23,featuregraph,ann1,detector_only,56415
23,featuregraph,ann1,detector_only,57242
23,featuregraph,ann1,detector_only,58089
23,featuregraph,ann1,detector_only,58929
23,featuregraph,ann1,reference_only,4117
23,featuregraph,ann1,reference_only,59952
23,featuregraph,ann2,detector_only,2773
23,featuregraph,ann2,detector_only,3221
23,featuregraph,ann2,detector_only,3863
23,featuregraph,ann2,detector_only,5303
23,featuregraph,ann2,detector_only,6143
23,featuregraph,ann2,detector_only,6987
23,featuregraph,ann2,detector_only,7811
23,featuregraph,ann2,detector_only,12405
23,featuregraph,ann2,detector_only,12774
23,featuregraph,ann2,detector_only,14061
23,featuregraph,ann2,detector_only,14910
23,featuregraph,ann2,detector_only,15281
23,featuregraph,ann2,detector_only,16137
23,featuregraph,ann2,detector_only,16997
23,featuregraph,ann2,detector_only,21139
23,featuregraph,ann2,detector_only,30775
23,featuregraph,ann2,detector_only,33939
23,featuregraph,ann2,detector_only,34777
23,featuregraph,ann2,detector_only,35158
23,featuregraph,ann2,detector_only,35162
23,featuregraph,ann2,detector_only,35165
23,featuregraph,ann2,detector_only,35169
23,featuregraph,ann2,detector_only,35173
23,featuregraph,ann2,detector_only,35177
23,featuregraph,ann2,detector_only,35181
23,featuregraph,ann2,detector_only,35185
23,featuregraph,ann2,detector_only,35189
23,featuregraph,ann2,detector_only,35193
23,featuregraph,ann2,detector_only,35196
23,featuregraph,ann2,detector_only,35200
23,featuregraph,ann2,detector_only,35204
23,featuregraph,ann2,detector_only,37409
23,featuregraph,ann2,detector_only,38107
23,featuregraph,ann2,detector_only,38939
23,featuregraph,ann2,detector_only,39765
23,featuregraph,ann2,detector_only,40597
23,featuregraph,ann2,detector_only,43465
23,featuregraph,ann2,detector_only,47257
23,featuregraph,ann2,detector_only,48089
23,featuregraph,ann2,detector_only,49750
23,featuregraph,ann2,detector_only,50587
23,featuregraph,ann2,detector_only,51420
23,featuregraph,ann2,detector_only,52255
23,featuregraph,ann2,detector_only,53087
23,featuregraph,ann2,detector_only,53907
23,featuregraph,ann2,detector_only,55577
23,featuregraph,ann2,detector_only,56415
23,featuregraph,ann2,detector_only,57242
23,featuregraph,ann2,detector_only,58089
23,featuregraph,ann2,detector_only,58929
23,featuregraph,ann2,reference_only,4154
23,featuregraph,ann2,reference_only,59952
23,llm_selected_baseline,ann1,detector_only,3232
23,llm_selected_baseline,ann1,detector_only,12799
23,llm_selected_baseline,ann1,detector_only,14052
23,llm_selected_baseline,ann1,detector_only,30763
23,llm_selected_baseline,ann1,detector_only,30963
23,llm_selected_baseline,ann1,detector_only,31166
23,llm_selected_baseline,ann1,detector_only,37460
23,llm_selected_baseline,ann1,reference_only,59952
23,llm_selected_baseline,ann2,detector_only,3232
23,llm_selected_baseline,ann2,detector_only,4061
23,llm_selected_baseline,ann2,detector_only,12799
23,llm_selected_baseline,ann2,detector_only,14052
23,llm_selected_baseline,ann2,detector_only,30763
23,llm_selected_baseline,ann2,detector_only,31166
23,llm_selected_baseline,ann2,detector_only,37460
23,llm_selected_baseline,ann2,reference_only,4154
23,llm_selected_baseline,ann2,reference_only,59952
24,featuregraph,ann1,reference_only,98
24,featuregraph,ann2,reference_only,103
25,featuregraph,ann1,detector_only,309
25,featuregraph,ann1,detector_only,8153
25,featuregraph,ann1,detector_only,45609
25,featuregraph,ann1,detector_only,45633
25,featuregraph,ann1,detector_only,45637
25,featuregraph,ann1,detector_only,45640
25,featuregraph,ann1,detector_only,45643
25,featuregraph,ann1,detector_only,45647
25,featuregraph,ann1,detector_only,45650
25,featuregraph,ann1,detector_only,45653
25,featuregraph,ann1,detector_only,45657
25,featuregraph,ann1,detector_only,45660
25,featuregraph,ann1,detector_only,45664
25,featuregraph,ann1,detector_only,45667
25,featuregraph,ann1,detector_only,45670
25,featuregraph,ann1,detector_only,45674
25,featuregraph,ann1,detector_only,45677
25,featuregraph,ann1,detector_only,45680
25,featuregraph,ann1,detector_only,45684
25,featuregraph,ann1,detector_only,45687
25,featuregraph,ann1,detector_only,45691
25,featuregraph,ann1,detector_only,45694
25,featuregraph,ann1,detector_only,45697
25,featuregraph,ann1,detector_only,45701
25,featuregraph,ann1,detector_only,45704
25,featuregraph,ann1,detector_only,45707
25,featuregraph,ann1,detector_only,45711
25,featuregraph,ann1,detector_only,45714
25,featuregraph,ann1,detector_only,45717
25,featuregraph,ann1,detector_only,45721
25,featuregraph,ann1,detector_only,45724
25,featuregraph,ann1,detector_only,45728
25,featuregraph,ann1,reference_only,63
25,featuregraph,ann1,reference_only,59939
25,featuregraph,ann2,detector_only,309
25,featuregraph,ann2,detector_only,8153
25,featuregraph,ann2,detector_only,45609
25,featuregraph,ann2,detector_only,45633
25,featuregraph,ann2,detector_only,45637
25,featuregraph,ann2,detector_only,45640
25,featuregraph,ann2,detector_only,45643
25,featuregraph,ann2,detector_only,45647
25,featuregraph,ann2,detector_only,45650
25,featuregraph,ann2,detector_only,45653
25,featuregraph,ann2,detector_only,45657
25,featuregraph,ann2,detector_only,45660
25,featuregraph,ann2,detector_only,45664
25,featuregraph,ann2,detector_only,45667
25,featuregraph,ann2,detector_only,45670
25,featuregraph,ann2,detector_only,45674
25,featuregraph,ann2,detector_only,45677
25,featuregraph,ann2,detector_only,45680
25,featuregraph,ann2,detector_only,45684
25,featuregraph,ann2,detector_only,45687
25,featuregraph,ann2,detector_only,45691
25,featuregraph,ann2,detector_only,45694
25,featuregraph,ann2,detector_only,45697
25,featuregraph,ann2,detector_only,45701
25,featuregraph,ann2,detector_only,45704
25,featuregraph,ann2,detector_only,45707
25,featuregraph,ann2,detector_only,45711
25,featuregraph,ann2,detector_only,45714
25,featuregraph,ann2,detector_only,45717
25,featuregraph,ann2,detector_only,45721
25,featuregraph,ann2,detector_only,45724
25,featuregraph,ann2,detector_only,45728
25,featuregraph,ann2,reference_only,71
25,featuregraph,ann2,reference_only,59936
25,llm_selected_baseline,ann1,reference_only,59939
25,llm_selected_baseline,ann2,reference_only,59936
26,featuregraph,ann1,detector_only,553
26,featuregraph,ann1,detector_only,805
26,featuregraph,ann1,detector_only,1035
26,featuregraph,ann1,detector_only,1513
26,featuregraph,ann1,detector_only,3635
26,featuregraph,ann1,detector_only,6417
26,featuregraph,ann1,detector_only,6585
26,featuregraph,ann1,detector_only,8656
26,featuregraph,ann1,detector_only,11343
26,featuregraph,ann1,detector_only,14261
26,featuregraph,ann1,detector_only,16139
26,featuregraph,ann1,detector_only,16553
26,featuregraph,ann1,detector_only,16961
26,featuregraph,ann1,detector_only,19565
26,featuregraph,ann1,detector_only,23001
26,featuregraph,ann1,detector_only,24579
26,featuregraph,ann1,detector_only,25761
26,featuregraph,ann1,detector_only,27012
26,featuregraph,ann1,detector_only,27409
26,featuregraph,ann1,detector_only,27702
26,featuregraph,ann1,detector_only,29765
26,featuregraph,ann1,detector_only,31665
26,featuregraph,ann1,detector_only,33567
26,featuregraph,ann1,detector_only,38449
26,featuregraph,ann1,detector_only,39079
26,featuregraph,ann1,detector_only,39605
26,featuregraph,ann1,detector_only,43502
26,featuregraph,ann1,detector_only,49804
26,featuregraph,ann1,detector_only,50159
26,featuregraph,ann1,detector_only,50695
26,featuregraph,ann1,detector_only,51446
26,featuregraph,ann1,detector_only,51803
26,featuregraph,ann1,detector_only,52032
26,featuregraph,ann1,detector_only,52191
26,featuregraph,ann1,detector_only,53062
26,featuregraph,ann1,detector_only,53775
26,featuregraph,ann1,detector_only,54615
26,featuregraph,ann1,detector_only,58055
26,featuregraph,ann1,detector_only,59357
26,featuregraph,ann1,detector_only,59693
26,featuregraph,ann1,detector_only,59887
26,featuregraph,ann1,reference_only,59
26,featuregraph,ann1,reference_only,1128
26,featuregraph,ann1,reference_only,6487
26,featuregraph,ann1,reference_only,7989
26,featuregraph,ann1,reference_only,14343
26,featuregraph,ann1,reference_only,23089
26,featuregraph,ann1,reference_only,24672
26,featuregraph,ann1,reference_only,25828
26,featuregraph,ann1,reference_only,27096
26,featuregraph,ann1,reference_only,27483
26,featuregraph,ann1,reference_only,31733
26,featuregraph,ann1,reference_only,53859
26,featuregraph,ann1,reference_only,54680
26,featuregraph,ann1,reference_only,58126
26,featuregraph,ann1,reference_only,59443
26,featuregraph,ann1,reference_only,59757
26,featuregraph,ann2,detector_only,1035
26,featuregraph,ann2,detector_only,3635
26,featuregraph,ann2,detector_only,6585
26,featuregraph,ann2,detector_only,7685
26,featuregraph,ann2,detector_only,8656
26,featuregraph,ann2,detector_only,11509
26,featuregraph,ann2,detector_only,13874
26,featuregraph,ann2,detector_only,14261
26,featuregraph,ann2,detector_only,14699
26,featuregraph,ann2,detector_only,15097
26,featuregraph,ann2,detector_only,16139
26,featuregraph,ann2,detector_only,16553
26,featuregraph,ann2,detector_only,16961
26,featuregraph,ann2,detector_only,19565
26,featuregraph,ann2,detector_only,24579
26,featuregraph,ann2,detector_only,25761
26,featuregraph,ann2,detector_only,26169
26,featuregraph,ann2,detector_only,27012
26,featuregraph,ann2,detector_only,27409
26,featuregraph,ann2,detector_only,27702
26,featuregraph,ann2,detector_only,29765
26,featuregraph,ann2,detector_only,33567
26,featuregraph,ann2,detector_only,38449
26,featuregraph,ann2,detector_only,39079
26,featuregraph,ann2,detector_only,39605
26,featuregraph,ann2,detector_only,43502
26,featuregraph,ann2,detector_only,49804
26,featuregraph,ann2,detector_only,50159
26,featuregraph,ann2,detector_only,50695
26,featuregraph,ann2,detector_only,51446
26,featuregraph,ann2,detector_only,51803
26,featuregraph,ann2,detector_only,52191
26,featuregraph,ann2,detector_only,53062
26,featuregraph,ann2,detector_only,58969
26,featuregraph,ann2,detector_only,59887
26,featuregraph,ann2,reference_only,66
26,featuregraph,ann2,reference_only,1132
26,featuregraph,ann2,reference_only,7756
26,featuregraph,ann2,reference_only,7967
26,featuregraph,ann2,reference_only,13960
26,featuregraph,ann2,reference_only,14329
26,featuregraph,ann2,reference_only,14767
26,featuregraph,ann2,reference_only,15172
26,featuregraph,ann2,reference_only,18832
26,featuregraph,ann2,reference_only,24650
26,featuregraph,ann2,reference_only,25848
26,featuregraph,ann2,reference_only,26239
26,featuregraph,ann2,reference_only,26316
26,featuregraph,ann2,reference_only,27092
26,featuregraph,ann2,reference_only,27477
26,featuregraph,ann2,reference_only,59044
26,llm_selected_baseline,ann1,detector_only,603
26,llm_selected_baseline,ann1,detector_only,795
26,llm_selected_baseline,ann1,detector_only,1547
26,llm_selected_baseline,ann1,detector_only,8629
26,llm_selected_baseline,ann1,detector_only,11373
26,llm_selected_baseline,ann1,detector_only,16972
26,llm_selected_baseline,ann1,detector_only,19594
26,llm_selected_baseline,ann1,detector_only,25893
26,llm_selected_baseline,ann1,detector_only,26303
26,llm_selected_baseline,ann1,detector_only,27733
26,llm_selected_baseline,ann1,detector_only,28865
26,llm_selected_baseline,ann1,detector_only,29726
26,llm_selected_baseline,ann1,detector_only,33597
26,llm_selected_baseline,ann1,detector_only,43471
26,llm_selected_baseline,ann1,detector_only,48157
26,llm_selected_baseline,ann1,detector_only,50146
26,llm_selected_baseline,ann1,detector_only,52040
26,llm_selected_baseline,ann1,reference_only,59
26,llm_selected_baseline,ann1,reference_only,11452
26,llm_selected_baseline,ann1,reference_only,19665
26,llm_selected_baseline,ann1,reference_only,25828
26,llm_selected_baseline,ann1,reference_only,26228
26,llm_selected_baseline,ann2,detector_only,8629
26,llm_selected_baseline,ann2,detector_only,14399
26,llm_selected_baseline,ann2,detector_only,16972
26,llm_selected_baseline,ann2,detector_only,19594
26,llm_selected_baseline,ann2,detector_only,24734
26,llm_selected_baseline,ann2,detector_only,27733
26,llm_selected_baseline,ann2,detector_only,28865
26,llm_selected_baseline,ann2,detector_only,29726
26,llm_selected_baseline,ann2,detector_only,33597
26,llm_selected_baseline,ann2,detector_only,43471
26,llm_selected_baseline,ann2,detector_only,48157
26,llm_selected_baseline,ann2,detector_only,50146
26,llm_selected_baseline,ann2,detector_only,57723
26,llm_selected_baseline,ann2,reference_only,66
26,llm_selected_baseline,ann2,reference_only,14329
26,llm_selected_baseline,ann2,reference_only,18832
26,llm_selected_baseline,ann2,reference_only,19703
26,llm_selected_baseline,ann2,reference_only,24650
26,llm_selected_baseline,ann2,reference_only,26239
26,llm_selected_baseline,ann2,reference_only,57646
27,featuregraph,ann1,detector_only,3636
27,featuregraph,ann1,detector_only,5615
27,featuregraph,ann1,detector_only,9639
27,featuregraph,ann1,detector_only,10440
27,featuregraph,ann1,detector_only,10971
27,featuregraph,ann1,detector_only,11140
27,featuregraph,ann1,detector_only,13935
27,featuregraph,ann1,detector_only,17291
27,featuregraph,ann1,detector_only,17428
27,featuregraph,ann1,detector_only,17941
27,featuregraph,ann1,detector_only,18873
27,featuregraph,ann1,detector_only,19616
27,featuregraph,ann1,detector_only,20171
27,featuregraph,ann1,detector_only,21430
27,featuregraph,ann1,detector_only,21606
27,featuregraph,ann1,detector_only,21951
27,featuregraph,ann1,detector_only,22204
27,featuregraph,ann1,detector_only,22663
27,featuregraph,ann1,detector_only,22708
27,featuregraph,ann1,detector_only,22710
27,featuregraph,ann1,detector_only,22712
27,featuregraph,ann1,detector_only,22715
27,featuregraph,ann1,detector_only,22717
27,featuregraph,ann1,detector_only,22719
27,featuregraph,ann1,detector_only,22721
27,featuregraph,ann1,detector_only,22723
27,featuregraph,ann1,detector_only,23323
27,featuregraph,ann1,detector_only,23938
27,featuregraph,ann1,detector_only,24145
27,featuregraph,ann1,detector_only,24532
27,featuregraph,ann1,detector_only,25512
27,featuregraph,ann1,detector_only,26724
27,featuregraph,ann1,detector_only,26947
27,featuregraph,ann1,detector_only,27631
27,featuregraph,ann1,detector_only,28085
27,featuregraph,ann1,detector_only,28778
27,featuregraph,ann1,detector_only,28855
27,featuregraph,ann1,detector_only,28858
27,featuregraph,ann1,detector_only,28862
27,featuregraph,ann1,detector_only,28865
27,featuregraph,ann1,detector_only,28872
27,featuregraph,ann1,detector_only,28875
27,featuregraph,ann1,detector_only,29008
27,featuregraph,ann1,detector_only,30825
27,featuregraph,ann1,detector_only,30853
27,featuregraph,ann1,detector_only,31497
27,featuregraph,ann1,detector_only,32403
27,featuregraph,ann1,detector_only,33783
27,featuregraph,ann1,detector_only,34331
27,featuregraph,ann1,detector_only,34587
27,featuregraph,ann1,detector_only,35241
27,featuregraph,ann1,detector_only,35482
27,featuregraph,ann1,detector_only,36731
27,featuregraph,ann1,detector_only,36873
27,featuregraph,ann1,detector_only,37346
27,featuregraph,ann1,detector_only,37825
27,featuregraph,ann1,detector_only,38078
27,featuregraph,ann1,detector_only,38413
27,featuregraph,ann1,detector_only,38767
27,featuregraph,ann1,detector_only,39023
27,featuregraph,ann1,detector_only,39397
27,featuregraph,ann1,detector_only,39705
27,featuregraph,ann1,detector_only,40242
27,featuregraph,ann1,detector_only,41672
27,featuregraph,ann1,detector_only,42365
27,featuregraph,ann1,detector_only,43803
27,featuregraph,ann1,detector_only,45403
27,featuregraph,ann1,detector_only,45881
27,featuregraph,ann1,detector_only,46550
27,featuregraph,ann1,detector_only,46793
27,featuregraph,ann1,detector_only,48151
27,featuregraph,ann1,detector_only,50353
27,featuregraph,ann1,detector_only,55209
27,featuregraph,ann1,detector_only,57553
27,featuregraph,ann1,detector_only,57733
27,featuregraph,ann1,detector_only,57871
27,featuregraph,ann1,detector_only,58247
27,featuregraph,ann1,detector_only,58507
27,featuregraph,ann1,detector_only,58641
27,featuregraph,ann1,detector_only,58870
27,featuregraph,ann1,detector_only,58879
27,featuregraph,ann1,detector_only,58965
27,featuregraph,ann1,detector_only,59237
27,featuregraph,ann1,detector_only,59459
27,featuregraph,ann1,detector_only,59815
27,featuregraph,ann1,reference_only,3563
27,featuregraph,ann1,reference_only,5696
27,featuregraph,ann1,reference_only,10533
27,featuregraph,ann1,reference_only,11072
27,featuregraph,ann1,reference_only,13870
27,featuregraph,ann1,reference_only,17502
27,featuregraph,ann1,reference_only,20100
27,featuregraph,ann1,reference_only,21539
27,featuregraph,ann1,reference_only,22135
27,featuregraph,ann1,reference_only,24067
27,featuregraph,ann1,reference_only,25398
27,featuregraph,ann1,reference_only,26865
27,featuregraph,ann1,reference_only,27552
27,featuregraph,ann1,reference_only,32311
27,featuregraph,ann1,reference_only,34470
27,featuregraph,ann1,reference_only,35339
27,featuregraph,ann1,reference_only,36796
27,featuregraph,ann1,reference_only,37413
27,featuregraph,ann1,reference_only,38924
27,featuregraph,ann1,reference_only,39641
27,featuregraph,ann1,reference_only,41757
27,featuregraph,ann1,reference_only,45320
27,featuregraph,ann1,reference_only,46707
27,featuregraph,ann1,reference_only,48237
27,featuregraph,ann1,reference_only,50270
27,featuregraph,ann1,reference_only,55359
27,featuregraph,ann1,reference_only,58717
27,featuregraph,ann2,detector_only,6311
27,featuregraph,ann2,detector_only,9639
27,featuregraph,ann2,detector_only,10971
27,featuregraph,ann2,detector_only,17291
27,featuregraph,ann2,detector_only,17428
27,featuregraph,ann2,detector_only,17941
27,featuregraph,ann2,detector_only,18651
27,featuregraph,ann2,detector_only,19616
27,featuregraph,ann2,detector_only,21430
27,featuregraph,ann2,detector_only,21951
27,featuregraph,ann2,detector_only,22663
27,featuregraph,ann2,detector_only,22708
27,featuregraph,ann2,detector_only,22710
27,featuregraph,ann2,detector_only,22712
27,featuregraph,ann2,detector_only,22715
27,featuregraph,ann2,detector_only,22717
27,featuregraph,ann2,detector_only,22719
27,featuregraph,ann2,detector_only,22721
27,featuregraph,ann2,detector_only,22723
27,featuregraph,ann2,detector_only,23323
27,featuregraph,ann2,detector_only,23938
27,featuregraph,ann2,detector_only,24532
27,featuregraph,ann2,detector_only,26724
27,featuregraph,ann2,detector_only,28085
27,featuregraph,ann2,detector_only,28778
27,featuregraph,ann2,detector_only,28855
27,featuregraph,ann2,detector_only,28858
27,featuregraph,ann2,detector_only,28862
27,featuregraph,ann2,detector_only,28865
27,featuregraph,ann2,detector_only,28872
27,featuregraph,ann2,detector_only,28875
27,featuregraph,ann2,detector_only,28879
27,featuregraph,ann2,detector_only,30825
27,featuregraph,ann2,detector_only,30853
27,featuregraph,ann2,detector_only,31497
27,featuregraph,ann2,detector_only,33640
27,featuregraph,ann2,detector_only,33783
27,featuregraph,ann2,detector_only,34331
27,featuregraph,ann2,detector_only,35241
27,featuregraph,ann2,detector_only,36069
27,featuregraph,ann2,detector_only,36731
27,featuregraph,ann2,detector_only,37346
27,featuregraph,ann2,detector_only,37825
27,featuregraph,ann2,detector_only,38078
27,featuregraph,ann2,detector_only,38767
27,featuregraph,ann2,detector_only,39397
27,featuregraph,ann2,detector_only,40242
27,featuregraph,ann2,detector_only,41101
27,featuregraph,ann2,detector_only,41672
27,featuregraph,ann2,detector_only,42365
27,featuregraph,ann2,detector_only,42519
27,featuregraph,ann2,detector_only,43803
27,featuregraph,ann2,detector_only,45881
27,featuregraph,ann2,detector_only,46020
27,featuregraph,ann2,detector_only,46550
27,featuregraph,ann2,detector_only,49596
27,featuregraph,ann2,detector_only,52520
27,featuregraph,ann2,detector_only,56775
27,featuregraph,ann2,detector_only,57733
27,featuregraph,ann2,detector_only,58507
27,featuregraph,ann2,detector_only,58870
27,featuregraph,ann2,detector_only,58879
27,featuregraph,ann2,detector_only,59815
27,featuregraph,ann2,reference_only,6381
27,featuregraph,ann2,reference_only,17509
27,featuregraph,ann2,reference_only,33863
27,featuregraph,ann2,reference_only,36175
27,featuregraph,ann2,reference_only,37561
27,featuregraph,ann2,reference_only,41263
27,featuregraph,ann2,reference_only,41875
27,featuregraph,ann2,reference_only,42625
27,featuregraph,ann2,reference_only,46111
27,featuregraph,ann2,reference_only,49666
27,featuregraph,ann2,reference_only,52619
27,featuregraph,ann2,reference_only,56643
27,llm_selected_baseline,ann1,detector_only,10455
27,llm_selected_baseline,ann1,detector_only,11159
27,llm_selected_baseline,ann1,detector_only,14004
27,llm_selected_baseline,ann1,detector_only,16847
27,llm_selected_baseline,ann1,detector_only,18904
27,llm_selected_baseline,ann1,detector_only,21617
27,llm_selected_baseline,ann1,detector_only,22248
27,llm_selected_baseline,ann1,detector_only,24162
27,llm_selected_baseline,ann1,detector_only,24588
27,llm_selected_baseline,ann1,detector_only,25533
27,llm_selected_baseline,ann1,detector_only,27002
27,llm_selected_baseline,ann1,detector_only,27647
27,llm_selected_baseline,ann1,detector_only,29018
27,llm_selected_baseline,ann1,detector_only,31044
27,llm_selected_baseline,ann1,detector_only,31705
27,llm_selected_baseline,ann1,detector_only,32398
27,llm_selected_baseline,ann1,detector_only,33787
27,llm_selected_baseline,ann1,detector_only,34338
27,llm_selected_baseline,ann1,detector_only,35259
27,llm_selected_baseline,ann1,detector_only,36719
27,llm_selected_baseline,ann1,detector_only,38371
27,llm_selected_baseline,ann1,detector_only,39058
27,llm_selected_baseline,ann1,detector_only,39802
27,llm_selected_baseline,ann1,detector_only,40500
27,llm_selected_baseline,ann1,detector_only,41639
27,llm_selected_baseline,ann1,detector_only,42347
27,llm_selected_baseline,ann1,detector_only,44762
27,llm_selected_baseline,ann1,detector_only,45440
27,llm_selected_baseline,ann1,detector_only,45898
27,llm_selected_baseline,ann1,detector_only,46781
27,llm_selected_baseline,ann1,detector_only,50377
27,llm_selected_baseline,ann1,detector_only,53390
27,llm_selected_baseline,ann1,detector_only,55198
27,llm_selected_baseline,ann1,detector_only,56123
27,llm_selected_baseline,ann1,detector_only,56748
27,llm_selected_baseline,ann1,detector_only,57706
27,llm_selected_baseline,ann1,detector_only,57915
27,llm_selected_baseline,ann1,detector_only,58294
27,llm_selected_baseline,ann1,detector_only,58995
27,llm_selected_baseline,ann1,detector_only,59228
27,llm_selected_baseline,ann1,detector_only,59448
27,llm_selected_baseline,ann1,detector_only,59846
27,llm_selected_baseline,ann1,reference_only,10533
27,llm_selected_baseline,ann1,reference_only,11072
27,llm_selected_baseline,ann1,reference_only,13870
27,llm_selected_baseline,ann1,reference_only,16759
27,llm_selected_baseline,ann1,reference_only,18707
27,llm_selected_baseline,ann1,reference_only,21539
27,llm_selected_baseline,ann1,reference_only,22135
27,llm_selected_baseline,ann1,reference_only,24067
27,llm_selected_baseline,ann1,reference_only,24759
27,llm_selected_baseline,ann1,reference_only,25398
27,llm_selected_baseline,ann1,reference_only,26865
27,llm_selected_baseline,ann1,reference_only,27552
27,llm_selected_baseline,ann1,reference_only,28935
27,llm_selected_baseline,ann1,reference_only,30933
27,llm_selected_baseline,ann1,reference_only,31628
27,llm_selected_baseline,ann1,reference_only,32311
27,llm_selected_baseline,ann1,reference_only,33698
27,llm_selected_baseline,ann1,reference_only,34470
27,llm_selected_baseline,ann1,reference_only,35339
27,llm_selected_baseline,ann1,reference_only,36796
27,llm_selected_baseline,ann1,reference_only,38924
27,llm_selected_baseline,ann1,reference_only,39641
27,llm_selected_baseline,ann1,reference_only,40411
27,llm_selected_baseline,ann1,reference_only,41757
27,llm_selected_baseline,ann1,reference_only,42483
27,llm_selected_baseline,ann1,reference_only,44661
27,llm_selected_baseline,ann1,reference_only,45320
27,llm_selected_baseline,ann1,reference_only,46037
27,llm_selected_baseline,ann1,reference_only,46707
27,llm_selected_baseline,ann1,reference_only,50270
27,llm_selected_baseline,ann1,reference_only,53324
27,llm_selected_baseline,ann1,reference_only,55359
27,llm_selected_baseline,ann1,reference_only,56054
27,llm_selected_baseline,ann1,reference_only,56835
27,llm_selected_baseline,ann2,detector_only,5731
27,llm_selected_baseline,ann2,detector_only,24588
27,llm_selected_baseline,ann2,detector_only,31044
27,llm_selected_baseline,ann2,detector_only,33787
27,llm_selected_baseline,ann2,detector_only,34338
27,llm_selected_baseline,ann2,detector_only,35259
27,llm_selected_baseline,ann2,detector_only,36075
27,llm_selected_baseline,ann2,detector_only,36719
27,llm_selected_baseline,ann2,detector_only,37387
27,llm_selected_baseline,ann2,detector_only,39802
27,llm_selected_baseline,ann2,detector_only,41091
27,llm_selected_baseline,ann2,detector_only,41639
27,llm_selected_baseline,ann2,detector_only,42347
27,llm_selected_baseline,ann2,detector_only,44762
27,llm_selected_baseline,ann2,detector_only,45898
27,llm_selected_baseline,ann2,detector_only,48258
27,llm_selected_baseline,ann2,detector_only,52551
27,llm_selected_baseline,ann2,detector_only,56748
27,llm_selected_baseline,ann2,detector_only,57706
27,llm_selected_baseline,ann2,detector_only,59846
27,llm_selected_baseline,ann2,reference_only,5626
27,llm_selected_baseline,ann2,reference_only,24840
27,llm_selected_baseline,ann2,reference_only,30963
27,llm_selected_baseline,ann2,reference_only,33863
27,llm_selected_baseline,ann2,reference_only,34650
27,llm_selected_baseline,ann2,reference_only,35478
27,llm_selected_baseline,ann2,reference_only,36175
27,llm_selected_baseline,ann2,reference_only,36877
27,llm_selected_baseline,ann2,reference_only,37561
27,llm_selected_baseline,ann2,reference_only,39714
27,llm_selected_baseline,ann2,reference_only,41263
27,llm_selected_baseline,ann2,reference_only,41875
27,llm_selected_baseline,ann2,reference_only,42625
27,llm_selected_baseline,ann2,reference_only,44667
27,llm_selected_baseline,ann2,reference_only,46111
27,llm_selected_baseline,ann2,reference_only,48153
27,llm_selected_baseline,ann2,reference_only,52619
27,llm_selected_baseline,ann2,reference_only,56643
27,llm_selected_baseline,ann2,reference_only,57556
28,featuregraph,ann1,detector_only,1017
28,featuregraph,ann1,detector_only,1413
28,featuregraph,ann1,detector_only,1843
28,featuregraph,ann1,detector_only,3195
28,featuregraph,ann1,detector_only,4099
28,featuregraph,ann1,detector_only,6541
28,featuregraph,ann1,detector_only,7367
28,featuregraph,ann1,detector_only,8291
28,featuregraph,ann1,detector_only,10465
28,featuregraph,ann1,detector_only,10835
28,featuregraph,ann1,detector_only,14157
28,featuregraph,ann1,detector_only,14573
28,featuregraph,ann1,detector_only,16263
28,featuregraph,ann1,detector_only,17449
28,featuregraph,ann1,detector_only,17815
28,featuregraph,ann1,detector_only,19747
28,featuregraph,ann1,detector_only,19949
28,featuregraph,ann1,detector_only,20297
28,featuregraph,ann1,detector_only,21339
28,featuregraph,ann1,detector_only,22203
28,featuregraph,ann1,detector_only,22633
28,featuregraph,ann1,detector_only,23077
28,featuregraph,ann1,detector_only,24809
28,featuregraph,ann1,detector_only,25241
28,featuregraph,ann1,detector_only,26083
28,featuregraph,ann1,detector_only,27605
28,featuregraph,ann1,detector_only,28023
28,featuregraph,ann1,detector_only,28437
28,featuregraph,ann1,detector_only,28827
28,featuregraph,ann1,detector_only,30491
28,featuregraph,ann1,detector_only,31301
28,featuregraph,ann1,detector_only,31737
28,featuregraph,ann1,detector_only,32181
28,featuregraph,ann1,detector_only,33543
28,featuregraph,ann1,detector_only,33931
28,featuregraph,ann1,detector_only,34333
28,featuregraph,ann1,detector_only,35601
28,featuregraph,ann1,detector_only,36031
28,featuregraph,ann1,detector_only,36439
28,featuregraph,ann1,detector_only,36823
28,featuregraph,ann1,detector_only,37513
28,featuregraph,ann1,detector_only,38313
28,featuregraph,ann1,detector_only,38753
28,featuregraph,ann1,detector_only,39531
28,featuregraph,ann1,detector_only,39753
28,featuregraph,ann1,detector_only,40117
28,featuregraph,ann1,detector_only,40557
28,featuregraph,ann1,detector_only,41047
28,featuregraph,ann1,detector_only,41957
28,featuregraph,ann1,detector_only,42347
28,featuregraph,ann1,detector_only,43185
28,featuregraph,ann1,detector_only,43629
28,featuregraph,ann1,detector_only,44073
28,featuregraph,ann1,detector_only,45325
28,featuregraph,ann1,detector_only,46517
28,featuregraph,ann1,detector_only,46975
28,featuregraph,ann1,detector_only,47369
28,featuregraph,ann1,detector_only,48567
28,featuregraph,ann1,detector_only,49019
28,featuregraph,ann1,detector_only,49393
28,featuregraph,ann1,detector_only,49811
28,featuregraph,ann1,detector_only,50261
28,featuregraph,ann1,detector_only,50715
28,featuregraph,ann1,detector_only,51165
28,featuregraph,ann1,detector_only,52421
28,featuregraph,ann1,detector_only,52843
28,featuregraph,ann1,detector_only,53743
28,featuregraph,ann1,detector_only,54159
28,featuregraph,ann1,detector_only,54609
28,featuregraph,ann1,detector_only,54999
28,featuregraph,ann1,detector_only,55433
28,featuregraph,ann1,detector_only,55907
28,featuregraph,ann1,detector_only,56345
28,featuregraph,ann1,detector_only,56733
28,featuregraph,ann1,detector_only,57139
28,featuregraph,ann1,detector_only,57567
28,featuregraph,ann1,detector_only,57991
28,featuregraph,ann1,detector_only,58841
28,featuregraph,ann1,reference_only,1085
28,featuregraph,ann1,reference_only,1498
28,featuregraph,ann1,reference_only,1941
28,featuregraph,ann1,reference_only,3276
28,featuregraph,ann1,reference_only,4165
28,featuregraph,ann1,reference_only,6617
28,featuregraph,ann1,reference_only,7448
28,featuregraph,ann1,reference_only,8359
28,featuregraph,ann1,reference_only,10567
28,featuregraph,ann1,reference_only,10902
28,featuregraph,ann1,reference_only,14239
28,featuregraph,ann1,reference_only,14648
28,featuregraph,ann1,reference_only,16341
28,featuregraph,ann1,reference_only,17520
28,featuregraph,ann1,reference_only,17885
28,featuregraph,ann1,reference_only,20013
28,featuregraph,ann1,reference_only,20396
28,featuregraph,ann1,reference_only,22304
28,featuregraph,ann1,reference_only,22711
28,featuregraph,ann1,reference_only,23146
28,featuregraph,ann1,reference_only,24876
28,featuregraph,ann1,reference_only,25320
28,featuregraph,ann1,reference_only,26150
28,featuregraph,ann1,reference_only,27683
28,featuregraph,ann1,reference_only,28096
28,featuregraph,ann1,reference_only,28535
28,featuregraph,ann1,reference_only,28917
28,featuregraph,ann1,reference_only,30559
28,featuregraph,ann1,reference_only,31385
28,featuregraph,ann1,reference_only,31828
28,featuregraph,ann1,reference_only,32254
28,featuregraph,ann1,reference_only,33620
28,featuregraph,ann1,reference_only,34009
28,featuregraph,ann1,reference_only,34404
28,featuregraph,ann1,reference_only,35678
28,featuregraph,ann1,reference_only,36100
28,featuregraph,ann1,reference_only,36513
28,featuregraph,ann1,reference_only,36917
28,featuregraph,ann1,reference_only,37589
28,featuregraph,ann1,reference_only,38411
28,featuregraph,ann1,reference_only,38850
28,featuregraph,ann1,reference_only,39841
28,featuregraph,ann1,reference_only,40211
28,featuregraph,ann1,reference_only,40641
28,featuregraph,ann1,reference_only,41146
28,featuregraph,ann1,reference_only,42043
28,featuregraph,ann1,reference_only,42430
28,featuregraph,ann1,reference_only,43257
28,featuregraph,ann1,reference_only,43700
28,featuregraph,ann1,reference_only,44139
28,featuregraph,ann1,reference_only,45407
28,featuregraph,ann1,reference_only,46593
28,featuregraph,ann1,reference_only,47054
28,featuregraph,ann1,reference_only,47441
28,featuregraph,ann1,reference_only,48646
28,featuregraph,ann1,reference_only,49087
28,featuregraph,ann1,reference_only,49496
28,featuregraph,ann1,reference_only,49883
28,featuregraph,ann1,reference_only,50352
28,featuregraph,ann1,reference_only,50787
28,featuregraph,ann1,reference_only,51230
28,featuregraph,ann1,reference_only,52487
28,featuregraph,ann1,reference_only,52933
28,featuregraph,ann1,reference_only,53820
28,featuregraph,ann1,reference_only,54241
28,featuregraph,ann1,reference_only,54676
28,featuregraph,ann1,reference_only,55080
28,featuregraph,ann1,reference_only,55524
28,featuregraph,ann1,reference_only,55985
28,featuregraph,ann1,reference_only,56417
28,featuregraph,ann1,reference_only,56804
28,featuregraph,ann1,reference_only,57204
28,featuregraph,ann1,reference_only,57635
28,featuregraph,ann1,reference_only,58070
28,featuregraph,ann1,reference_only,58917
28,featuregraph,ann2,detector_only,1413
28,featuregraph,ann2,detector_only,1843
28,featuregraph,ann2,detector_only,3195
28,featuregraph,ann2,detector_only,4099
28,featuregraph,ann2,detector_only,4763
28,featuregraph,ann2,detector_only,5339
28,featuregraph,ann2,detector_only,7367
28,featuregraph,ann2,detector_only,8291
28,featuregraph,ann2,detector_only,10465
28,featuregraph,ann2,detector_only,13213
28,featuregraph,ann2,detector_only,14157
28,featuregraph,ann2,detector_only,15037
28,featuregraph,ann2,detector_only,15501
28,featuregraph,ann2,detector_only,15897
28,featuregraph,ann2,detector_only,16658
28,featuregraph,ann2,detector_only,17449
28,featuregraph,ann2,detector_only,18635
28,featuregraph,ann2,detector_only,19069
28,featuregraph,ann2,detector_only,19747
28,featuregraph,ann2,detector_only,19949
28,featuregraph,ann2,detector_only,20645
28,featuregraph,ann2,detector_only,21339
28,featuregraph,ann2,detector_only,22203
28,featuregraph,ann2,detector_only,22633
28,featuregraph,ann2,detector_only,23077
28,featuregraph,ann2,detector_only,24347
28,featuregraph,ann2,detector_only,24809
28,featuregraph,ann2,detector_only,25663
28,featuregraph,ann2,detector_only,26083
28,featuregraph,ann2,detector_only,27605
28,featuregraph,ann2,detector_only,28023
28,featuregraph,ann2,detector_only,28827
28,featuregraph,ann2,detector_only,33543
28,featuregraph,ann2,detector_only,33931
28,featuregraph,ann2,detector_only,34333
28,featuregraph,ann2,detector_only,34769
28,featuregraph,ann2,detector_only,36439
28,featuregraph,ann2,detector_only,37163
28,featuregraph,ann2,detector_only,37513
28,featuregraph,ann2,detector_only,38313
28,featuregraph,ann2,detector_only,38753
28,featuregraph,ann2,detector_only,39217
28,featuregraph,ann2,detector_only,39531
28,featuregraph,ann2,detector_only,40117
28,featuregraph,ann2,detector_only,40557
28,featuregraph,ann2,detector_only,41047
28,featuregraph,ann2,detector_only,41549
28,featuregraph,ann2,detector_only,41957
28,featuregraph,ann2,detector_only,42347
28,featuregraph,ann2,detector_only,42771
28,featuregraph,ann2,detector_only,43185
28,featuregraph,ann2,detector_only,44073
28,featuregraph,ann2,detector_only,45325
28,featuregraph,ann2,detector_only,45745
28,featuregraph,ann2,detector_only,46133
28,featuregraph,ann2,detector_only,46517
28,featuregraph,ann2,detector_only,46975
28,featuregraph,ann2,detector_only,47369
28,featuregraph,ann2,detector_only,49811
28,featuregraph,ann2,detector_only,50261
28,featuregraph,ann2,detector_only,50715
28,featuregraph,ann2,detector_only,51569
28,featuregraph,ann2,detector_only,52843
28,featuregraph,ann2,detector_only,53301
28,featuregraph,ann2,detector_only,53743
28,featuregraph,ann2,detector_only,54159
28,featuregraph,ann2,detector_only,54609
28,featuregraph,ann2,detector_only,54999
28,featuregraph,ann2,detector_only,55433
28,featuregraph,ann2,detector_only,55907
28,featuregraph,ann2,detector_only,56345
28,featuregraph,ann2,detector_only,56733
28,featuregraph,ann2,detector_only,57139
28,featuregraph,ann2,detector_only,57567
28,featuregraph,ann2,detector_only,57991
28,featuregraph,ann2,detector_only,58423
28,featuregraph,ann2,detector_only,58841
28,featuregraph,ann2,detector_only,59269
28,featuregraph,ann2,detector_only,59681
28,featuregraph,ann2,reference_only,1485
28,featuregraph,ann2,reference_only,1908
28,featuregraph,ann2,reference_only,3269
28,featuregraph,ann2,reference_only,4175
28,featuregraph,ann2,reference_only,5404
28,featuregraph,ann2,reference_only,7431
28,featuregraph,ann2,reference_only,8363
28,featuregraph,ann2,reference_only,10532
28,featuregraph,ann2,reference_only,13279
28,featuregraph,ann2,reference_only,14234
28,featuregraph,ann2,reference_only,15108
28,featuregraph,ann2,reference_only,15567
28,featuregraph,ann2,reference_only,15968
28,featuregraph,ann2,reference_only,16728
28,featuregraph,ann2,reference_only,17520
28,featuregraph,ann2,reference_only,18718
28,featuregraph,ann2,reference_only,19148
28,featuregraph,ann2,reference_only,20030
28,featuregraph,ann2,reference_only,20710
28,featuregraph,ann2,reference_only,22320
28,featuregraph,ann2,reference_only,22708
28,featuregraph,ann2,reference_only,23152
28,featuregraph,ann2,reference_only,24418
28,featuregraph,ann2,reference_only,24877
28,featuregraph,ann2,reference_only,25732
28,featuregraph,ann2,reference_only,26149
28,featuregraph,ann2,reference_only,27672
28,featuregraph,ann2,reference_only,28094
28,featuregraph,ann2,reference_only,28907
28,featuregraph,ann2,reference_only,33612
28,featuregraph,ann2,reference_only,34006
28,featuregraph,ann2,reference_only,34402
28,featuregraph,ann2,reference_only,34840
28,featuregraph,ann2,reference_only,36513
28,featuregraph,ann2,reference_only,37230
28,featuregraph,ann2,reference_only,37577
28,featuregraph,ann2,reference_only,38394
28,featuregraph,ann2,reference_only,38817
28,featuregraph,ann2,reference_only,39292
28,featuregraph,ann2,reference_only,40204
28,featuregraph,ann2,reference_only,40632
28,featuregraph,ann2,reference_only,41128
28,featuregraph,ann2,reference_only,41617
28,featuregraph,ann2,reference_only,42044
28,featuregraph,ann2,reference_only,42414
28,featuregraph,ann2,reference_only,42841
28,featuregraph,ann2,reference_only,43263
28,featuregraph,ann2,reference_only,44139
28,featuregraph,ann2,reference_only,45393
28,featuregraph,ann2,reference_only,45810
28,featuregraph,ann2,reference_only,46201
28,featuregraph,ann2,reference_only,46607
28,featuregraph,ann2,reference_only,47040
28,featuregraph,ann2,reference_only,47441
28,featuregraph,ann2,reference_only,49903
28,featuregraph,ann2,reference_only,50330
28,featuregraph,ann2,reference_only,50779
28,featuregraph,ann2,reference_only,51634
28,featuregraph,ann2,reference_only,52920
28,featuregraph,ann2,reference_only,53373
28,featuregraph,ann2,reference_only,53811
28,featuregraph,ann2,reference_only,54228
28,featuregraph,ann2,reference_only,54682
28,featuregraph,ann2,reference_only,55083
28,featuregraph,ann2,reference_only,55521
28,featuregraph,ann2,reference_only,55996
28,featuregraph,ann2,reference_only,56422
28,featuregraph,ann2,reference_only,56812
28,featuregraph,ann2,reference_only,57213
28,featuregraph,ann2,reference_only,57641
28,featuregraph,ann2,reference_only,58063
28,featuregraph,ann2,reference_only,58495
28,featuregraph,ann2,reference_only,58912
28,featuregraph,ann2,reference_only,59345
28,featuregraph,ann2,reference_only,59751
28,llm_selected_baseline,ann1,detector_only,19755
28,llm_selected_baseline,ann2,detector_only,4768
28,llm_selected_baseline,ann2,detector_only,19755
29,featuregraph,ann1,detector_only,562
29,featuregraph,ann1,detector_only,1013
29,featuregraph,ann1,detector_only,2246
29,featuregraph,ann1,detector_only,2385
29,featuregraph,ann1,detector_only,10673
29,featuregraph,ann1,detector_only,11096
29,featuregraph,ann1,detector_only,14576
29,featuregraph,ann1,detector_only,17080
29,featuregraph,ann1,detector_only,17227
29,featuregraph,ann1,detector_only,20055
29,featuregraph,ann1,detector_only,21501
29,featuregraph,ann1,detector_only,22133
29,featuregraph,ann1,detector_only,27421
29,featuregraph,ann1,detector_only,27807
29,featuregraph,ann1,detector_only,28944
29,featuregraph,ann1,detector_only,29334
29,featuregraph,ann1,detector_only,32245
29,featuregraph,ann1,detector_only,41278
29,featuregraph,ann1,detector_only,44141
29,featuregraph,ann1,detector_only,44368
29,featuregraph,ann1,detector_only,45325
29,featuregraph,ann1,detector_only,45461
29,featuregraph,ann1,detector_only,46617
29,featuregraph,ann1,detector_only,52059
29,featuregraph,ann1,detector_only,55597
29,featuregraph,ann1,detector_only,56532
29,featuregraph,ann1,detector_only,57481
29,featuregraph,ann1,reference_only,628
29,featuregraph,ann1,reference_only,1089
29,featuregraph,ann1,reference_only,2320
29,featuregraph,ann1,reference_only,10607
29,featuregraph,ann1,reference_only,11020
29,featuregraph,ann1,reference_only,14674
29,featuregraph,ann1,reference_only,17154
29,featuregraph,ann1,reference_only,21570
29,featuregraph,ann1,reference_only,22222
29,featuregraph,ann1,reference_only,27487
29,featuregraph,ann1,reference_only,27874
29,featuregraph,ann1,reference_only,29417
29,featuregraph,ann1,reference_only,41348
29,featuregraph,ann1,reference_only,45393
29,featuregraph,ann1,reference_only,46541
29,featuregraph,ann1,reference_only,55689
29,featuregraph,ann1,reference_only,56635
29,featuregraph,ann1,reference_only,57574
29,featuregraph,ann2,detector_only,2246
29,featuregraph,ann2,detector_only,10673
29,featuregraph,ann2,detector_only,17080
29,featuregraph,ann2,detector_only,20179
29,featuregraph,ann2,detector_only,29070
29,featuregraph,ann2,detector_only,32115
29,featuregraph,ann2,detector_only,39711
29,featuregraph,ann2,detector_only,40521
29,featuregraph,ann2,detector_only,44141
29,featuregraph,ann2,detector_only,45461
29,featuregraph,ann2,detector_only,47369
29,featuregraph,ann2,detector_only,51942
29,featuregraph,ann2,detector_only,57481
29,featuregraph,ann2,reference_only,10590
29,featuregraph,ann2,reference_only,39640
29,featuregraph,ann2,reference_only,40453
29,featuregraph,ann2,reference_only,47298
29,featuregraph,ann2,reference_only,57551
29,llm_selected_baseline,ann1,detector_only,29353
29,llm_selected_baseline,ann1,detector_only,44366
29,llm_selected_baseline,ann1,detector_only,49548
29,llm_selected_baseline,ann1,detector_only,49898
29,llm_selected_baseline,ann1,detector_only,55618
29,llm_selected_baseline,ann1,detector_only,56561
29,llm_selected_baseline,ann1,detector_only,57094
29,llm_selected_baseline,ann1,reference_only,11752
29,llm_selected_baseline,ann1,reference_only,29417
29,llm_selected_baseline,ann1,reference_only,49474
29,llm_selected_baseline,ann1,reference_only,49974
29,llm_selected_baseline,ann1,reference_only,55689
29,llm_selected_baseline,ann1,reference_only,56635
29,llm_selected_baseline,ann1,reference_only,57026
29,llm_selected_baseline,ann2,detector_only,3805
29,llm_selected_baseline,ann2,detector_only,9841
29,llm_selected_baseline,ann2,detector_only,14676
29,llm_selected_baseline,ann2,detector_only,22208
29,llm_selected_baseline,ann2,detector_only,27875
29,llm_selected_baseline,ann2,detector_only,33391
29,llm_selected_baseline,ann2,detector_only,34987
29,llm_selected_baseline,ann2,detector_only,37629
29,llm_selected_baseline,ann2,detector_only,38464
29,llm_selected_baseline,ann2,detector_only,47410
29,llm_selected_baseline,ann2,detector_only,49102
29,llm_selected_baseline,ann2,detector_only,49548
29,llm_selected_baseline,ann2,reference_only,3739
29,llm_selected_baseline,ann2,reference_only,9772
29,llm_selected_baseline,ann2,reference_only,11749
29,llm_selected_baseline,ann2,reference_only,14582
29,llm_selected_baseline,ann2,reference_only,22141
29,llm_selected_baseline,ann2,reference_only,27804
29,llm_selected_baseline,ann2,reference_only,33285
29,llm_selected_baseline,ann2,reference_only,34919
29,llm_selected_baseline,ann2,reference_only,37555
29,llm_selected_baseline,ann2,reference_only,38394
29,llm_selected_baseline,ann2,reference_only,47298
29,llm_selected_baseline,ann2,reference_only,49032
29,llm_selected_baseline,ann2,reference_only,49449
30,featuregraph,ann1,detector_only,7318
30,featuregraph,ann1,detector_only,12923
30,featuregraph,ann1,detector_only,13017
30,featuregraph,ann1,detector_only,30681
30,featuregraph,ann1,detector_only,32003
30,featuregraph,ann1,detector_only,46637
30,featuregraph,ann1,detector_only,59351
30,featuregraph,ann1,reference_only,13109
30,featuregraph,ann1,reference_only,32076
30,featuregraph,ann1,reference_only,46746
30,featuregraph,ann1,reference_only,59417
30,featuregraph,ann2,detector_only,7318
30,featuregraph,ann2,detector_only,12923
30,featuregraph,ann2,detector_only,13017
30,featuregraph,ann2,detector_only,30681
30,featuregraph,ann2,detector_only,32003
30,featuregraph,ann2,detector_only,46637
30,featuregraph,ann2,detector_only,58897
30,featuregraph,ann2,reference_only,13094
30,featuregraph,ann2,reference_only,32071
30,featuregraph,ann2,reference_only,46734
30,featuregraph,ann2,reference_only,58965
30,llm_selected_baseline,ann1,detector_only,7320
30,llm_selected_baseline,ann1,detector_only,30661
30,llm_selected_baseline,ann2,detector_only,7320
30,llm_selected_baseline,ann2,detector_only,30661
30,llm_selected_baseline,ann2,detector_only,46801
30,llm_selected_baseline,ann2,reference_only,46734
31,featuregraph,ann1,detector_only,1622
31,featuregraph,ann1,detector_only,4270
31,featuregraph,ann1,detector_only,6838
31,featuregraph,ann1,detector_only,14382
31,featuregraph,ann1,detector_only,15184
31,featuregraph,ann1,detector_only,16078
31,featuregraph,ann1,detector_only,17326
31,featuregraph,ann1,detector_only,18860
31,featuregraph,ann1,detector_only,22198
31,featuregraph,ann1,detector_only,22660
31,featuregraph,ann1,detector_only,23112
31,featuregraph,ann1,detector_only,25177
31,featuregraph,ann1,detector_only,26802
31,featuregraph,ann1,detector_only,31584
31,featuregraph,ann1,detector_only,33310
31,featuregraph,ann1,detector_only,40684
31,featuregraph,ann1,detector_only,42312
31,featuregraph,ann1,reference_only,4335
31,featuregraph,ann2,detector_only,1622
31,featuregraph,ann2,detector_only,2208
31,featuregraph,ann2,detector_only,6838
31,featuregraph,ann2,detector_only,14382
31,featuregraph,ann2,detector_only,15184
31,featuregraph,ann2,detector_only,16078
31,featuregraph,ann2,detector_only,17326
31,featuregraph,ann2,detector_only,18860
31,featuregraph,ann2,detector_only,22198
31,featuregraph,ann2,detector_only,22660
31,featuregraph,ann2,detector_only,23112
31,featuregraph,ann2,detector_only,25177
31,featuregraph,ann2,detector_only,26802
31,featuregraph,ann2,detector_only,31584
31,featuregraph,ann2,detector_only,33310
31,featuregraph,ann2,detector_only,40684
31,featuregraph,ann2,detector_only,42312
31,llm_selected_baseline,ann1,detector_only,11118
31,llm_selected_baseline,ann1,detector_only,17343
31,llm_selected_baseline,ann1,detector_only,18859
31,llm_selected_baseline,ann1,detector_only,22668
31,llm_selected_baseline,ann1,detector_only,25175
31,llm_selected_baseline,ann1,detector_only,26405
31,llm_selected_baseline,ann1,detector_only,33326
31,llm_selected_baseline,ann2,detector_only,2188
31,llm_selected_baseline,ann2,detector_only,11118
31,llm_selected_baseline,ann2,detector_only,17343
31,llm_selected_baseline,ann2,detector_only,18859
31,llm_selected_baseline,ann2,detector_only,22668
31,llm_selected_baseline,ann2,detector_only,25175
31,llm_selected_baseline,ann2,detector_only,26405
31,llm_selected_baseline,ann2,detector_only,33326
32,featuregraph,ann1,reference_only,85
32,featuregraph,ann2,reference_only,82
33,featuregraph,ann1,detector_only,459
33,featuregraph,ann1,detector_only,1003
33,featuregraph,ann1,detector_only,1531
33,featuregraph,ann1,detector_only,2541
33,featuregraph,ann1,detector_only,4259
33,featuregraph,ann1,detector_only,4885
33,featuregraph,ann1,detector_only,5436
33,featuregraph,ann1,detector_only,5995
33,featuregraph,ann1,detector_only,6653
33,featuregraph,ann1,detector_only,7437
33,featuregraph,ann1,detector_only,7947
33,featuregraph,ann1,detector_only,8499
33,featuregraph,ann1,detector_only,9025
33,featuregraph,ann1,detector_only,9585
33,featuregraph,ann1,detector_only,10159
33,featuregraph,ann1,detector_only,11235
33,featuregraph,ann1,detector_only,11773
33,featuregraph,ann1,detector_only,12344
33,featuregraph,ann1,detector_only,12918
33,featuregraph,ann1,detector_only,13941
33,featuregraph,ann1,detector_only,14493
33,featuregraph,ann1,detector_only,17734
33,featuregraph,ann1,detector_only,18297
33,featuregraph,ann1,detector_only,18861
33,featuregraph,ann1,detector_only,19419
33,featuregraph,ann1,detector_only,20003
33,featuregraph,ann1,detector_only,20631
33,featuregraph,ann1,detector_only,21309
33,featuregraph,ann1,detector_only,22445
33,featuregraph,ann1,detector_only,23053
33,featuregraph,ann1,detector_only,23479
33,featuregraph,ann1,detector_only,24511
33,featuregraph,ann1,detector_only,25687
33,featuregraph,ann1,detector_only,26229
33,featuregraph,ann1,detector_only,26851
33,featuregraph,ann1,detector_only,27525
33,featuregraph,ann1,detector_only,28011
33,featuregraph,ann1,detector_only,28875
33,featuregraph,ann1,detector_only,29329
33,featuregraph,ann1,detector_only,29703
33,featuregraph,ann1,detector_only,30337
33,featuregraph,ann1,detector_only,31243
33,featuregraph,ann1,detector_only,32737
33,featuregraph,ann1,detector_only,33321
33,featuregraph,ann1,detector_only,33899
33,featuregraph,ann1,detector_only,35005
33,featuregraph,ann1,detector_only,37091
33,featuregraph,ann1,detector_only,38728
33,featuregraph,ann1,detector_only,39853
33,featuregraph,ann1,detector_only,41475
33,featuregraph,ann1,detector_only,42471
33,featuregraph,ann1,detector_only,42963
33,featuregraph,ann1,detector_only,43357
33,featuregraph,ann1,detector_only,43505
33,featuregraph,ann1,detector_only,43951
33,featuregraph,ann1,detector_only,44511
33,featuregraph,ann1,detector_only,45028
33,featuregraph,ann1,detector_only,46011
33,featuregraph,ann1,detector_only,46565
33,featuregraph,ann1,detector_only,48179
33,featuregraph,ann1,detector_only,48743
33,featuregraph,ann1,detector_only,51520
33,featuregraph,ann1,detector_only,52017
33,featuregraph,ann1,detector_only,53192
33,featuregraph,ann1,detector_only,53635
33,featuregraph,ann1,detector_only,54159
33,featuregraph,ann1,detector_only,54729
33,featuregraph,ann1,detector_only,55236
33,featuregraph,ann1,detector_only,55820
33,featuregraph,ann1,detector_only,56417
33,featuregraph,ann1,detector_only,57143
33,featuregraph,ann1,detector_only,57297
33,featuregraph,ann1,detector_only,57791
33,featuregraph,ann1,detector_only,58421
33,featuregraph,ann1,detector_only,59155
33,featuregraph,ann1,detector_only,59829
33,featuregraph,ann1,reference_only,102
33,featuregraph,ann1,reference_only,3711
33,featuregraph,ann1,reference_only,6739
33,featuregraph,ann1,reference_only,21409
33,featuregraph,ann1,reference_only,23193
33,featuregraph,ann1,reference_only,23598
33,featuregraph,ann1,reference_only,28961
33,featuregraph,ann1,reference_only,32824
33,featuregraph,ann1,reference_only,33424
33,featuregraph,ann1,reference_only,39959
33,featuregraph,ann1,reference_only,46650
33,featuregraph,ann1,reference_only,55959
33,featuregraph,ann1,reference_only,56565
33,featuregraph,ann1,reference_only,57230
33,featuregraph,ann2,detector_only,459
33,featuregraph,ann2,detector_only,1003
33,featuregraph,ann2,detector_only,1531
33,featuregraph,ann2,detector_only,2541
33,featuregraph,ann2,detector_only,4259
33,featuregraph,ann2,detector_only,4885
33,featuregraph,ann2,detector_only,5436
33,featuregraph,ann2,detector_only,5995
33,featuregraph,ann2,detector_only,6653
33,featuregraph,ann2,detector_only,7295
33,featuregraph,ann2,detector_only,7947
33,featuregraph,ann2,detector_only,8499
33,featuregraph,ann2,detector_only,9025
33,featuregraph,ann2,detector_only,9585
33,featuregraph,ann2,detector_only,10159
33,featuregraph,ann2,detector_only,11235
33,featuregraph,ann2,detector_only,11773
33,featuregraph,ann2,detector_only,12344
33,featuregraph,ann2,detector_only,12918
33,featuregraph,ann2,detector_only,13941
33,featuregraph,ann2,detector_only,14493
33,featuregraph,ann2,detector_only,17097
33,featuregraph,ann2,detector_only,17734
33,featuregraph,ann2,detector_only,18297
33,featuregraph,ann2,detector_only,18861
33,featuregraph,ann2,detector_only,19419
33,featuregraph,ann2,detector_only,20003
33,featuregraph,ann2,detector_only,20631
33,featuregraph,ann2,detector_only,21309
33,featuregraph,ann2,detector_only,22445
33,featuregraph,ann2,detector_only,23053
33,featuregraph,ann2,detector_only,23479
33,featuregraph,ann2,detector_only,24511
33,featuregraph,ann2,detector_only,25687
33,featuregraph,ann2,detector_only,26229
33,featuregraph,ann2,detector_only,26851
33,featuregraph,ann2,detector_only,27363
33,featuregraph,ann2,detector_only,28011
33,featuregraph,ann2,detector_only,28875
33,featuregraph,ann2,detector_only,29329
33,featuregraph,ann2,detector_only,29703
33,featuregraph,ann2,detector_only,30337
33,featuregraph,ann2,detector_only,31243
33,featuregraph,ann2,detector_only,32737
33,featuregraph,ann2,detector_only,33321
33,featuregraph,ann2,detector_only,33899
33,featuregraph,ann2,detector_only,34500
33,featuregraph,ann2,detector_only,35005
33,featuregraph,ann2,detector_only,37091
33,featuregraph,ann2,detector_only,38728
33,featuregraph,ann2,detector_only,39853
33,featuregraph,ann2,detector_only,41475
33,featuregraph,ann2,detector_only,42471
33,featuregraph,ann2,detector_only,42963
33,featuregraph,ann2,detector_only,43357
33,featuregraph,ann2,detector_only,43505
33,featuregraph,ann2,detector_only,43951
33,featuregraph,ann2,detector_only,44511
33,featuregraph,ann2,detector_only,45028
33,featuregraph,ann2,detector_only,46011
33,featuregraph,ann2,detector_only,46565
33,featuregraph,ann2,detector_only,47159
33,featuregraph,ann2,detector_only,48179
33,featuregraph,ann2,detector_only,48743
33,featuregraph,ann2,detector_only,51169
33,featuregraph,ann2,detector_only,51520
33,featuregraph,ann2,detector_only,52017
33,featuregraph,ann2,detector_only,52855
33,featuregraph,ann2,detector_only,53192
33,featuregraph,ann2,detector_only,53635
33,featuregraph,ann2,detector_only,54159
33,featuregraph,ann2,detector_only,54729
33,featuregraph,ann2,detector_only,55236
33,featuregraph,ann2,detector_only,55820
33,featuregraph,ann2,detector_only,56417
33,featuregraph,ann2,detector_only,57143
33,featuregraph,ann2,detector_only,57791
33,featuregraph,ann2,detector_only,58421
33,featuregraph,ann2,detector_only,59155
33,featuregraph,ann2,detector_only,59829
33,featuregraph,ann2,reference_only,98
33,featuregraph,ann2,reference_only,6782
33,featuregraph,ann2,reference_only,17235
33,featuregraph,ann2,reference_only,21465
33,featuregraph,ann2,reference_only,23231
33,featuregraph,ann2,reference_only,23616
33,featuregraph,ann2,reference_only,28976
33,featuregraph,ann2,reference_only,32858
33,featuregraph,ann2,reference_only,33459
33,featuregraph,ann2,reference_only,34618
33,featuregraph,ann2,reference_only,40009
33,featuregraph,ann2,reference_only,46686
33,featuregraph,ann2,reference_only,47256
33,featuregraph,ann2,reference_only,51233
33,featuregraph,ann2,reference_only,56012
33,featuregraph,ann2,reference_only,56617
33,featuregraph,ann2,reference_only,59994
33,llm_selected_baseline,ann1,detector_only,7461
33,llm_selected_baseline,ann1,detector_only,27549
33,llm_selected_baseline,ann1,detector_only,28020
33,llm_selected_baseline,ann1,detector_only,44522
33,llm_selected_baseline,ann1,detector_only,47248
33,llm_selected_baseline,ann1,detector_only,52002
33,llm_selected_baseline,ann1,detector_only,53660
33,llm_selected_baseline,ann1,detector_only,54197
33,llm_selected_baseline,ann1,detector_only,55877
33,llm_selected_baseline,ann1,detector_only,57344
33,llm_selected_baseline,ann1,detector_only,57791
33,llm_selected_baseline,ann1,detector_only,58432
33,llm_selected_baseline,ann1,detector_only,59828
33,llm_selected_baseline,ann1,reference_only,3711
33,llm_selected_baseline,ann1,reference_only,7339
33,llm_selected_baseline,ann1,reference_only,27404
33,llm_selected_baseline,ann1,reference_only,47176
33,llm_selected_baseline,ann1,reference_only,55959
33,llm_selected_baseline,ann1,reference_only,57230
33,llm_selected_baseline,ann2,detector_only,17103
33,llm_selected_baseline,ann2,detector_only,23537
33,llm_selected_baseline,ann2,detector_only,28020
33,llm_selected_baseline,ann2,detector_only,44522
33,llm_selected_baseline,ann2,detector_only,52002
33,llm_selected_baseline,ann2,detector_only,52891
33,llm_selected_baseline,ann2,detector_only,53660
33,llm_selected_baseline,ann2,detector_only,54197
33,llm_selected_baseline,ann2,detector_only,55877
33,llm_selected_baseline,ann2,detector_only,57791
33,llm_selected_baseline,ann2,detector_only,58432
33,llm_selected_baseline,ann2,detector_only,59828
33,llm_selected_baseline,ann2,reference_only,17235
33,llm_selected_baseline,ann2,reference_only,23616
33,llm_selected_baseline,ann2,reference_only,56012
33,llm_selected_baseline,ann2,reference_only,59994
34,featuregraph,ann1,detector_only,2436
34,featuregraph,ann1,detector_only,11298
34,featuregraph,ann1,detector_only,11665
34,featuregraph,ann1,detector_only,12585
34,featuregraph,ann1,detector_only,12943
34,featuregraph,ann1,detector_only,13162
34,featuregraph,ann1,detector_only,13387
34,featuregraph,ann1,detector_only,17751
34,featuregraph,ann1,detector_only,23472
34,featuregraph,ann1,detector_only,42747
34,featuregraph,ann1,detector_only,52125
34,featuregraph,ann2,detector_only,2436
34,featuregraph,ann2,detector_only,11665
34,featuregraph,ann2,detector_only,17751
34,featuregraph,ann2,detector_only,23472
34,featuregraph,ann2,detector_only,42747
34,featuregraph,ann2,detector_only,52125
34,llm_selected_baseline,ann1,detector_only,11311
34,llm_selected_baseline,ann1,detector_only,12590
34,llm_selected_baseline,ann1,detector_only,12941
34,llm_selected_baseline,ann1,detector_only,13153
34,llm_selected_baseline,ann1,detector_only,13408
34,llm_selected_baseline,ann1,detector_only,17736
34,llm_selected_baseline,ann1,detector_only,23468
34,llm_selected_baseline,ann1,reference_only,11167
34,llm_selected_baseline,ann2,detector_only,17736
34,llm_selected_baseline,ann2,detector_only,23468
34,llm_selected_baseline,ann2,reference_only,11149
35,featuregraph,ann1,detector_only,282
35,featuregraph,ann1,detector_only,732
35,featuregraph,ann1,detector_only,1094
35,featuregraph,ann1,detector_only,1520
35,featuregraph,ann1,detector_only,1854
35,featuregraph,ann1,detector_only,2542
35,featuregraph,ann1,detector_only,3464
35,featuregraph,ann1,detector_only,5708
35,featuregraph,ann1,detector_only,6200
35,featuregraph,ann1,detector_only,6540
35,featuregraph,ann1,detector_only,6922
35,featuregraph,ann1,detector_only,7404
35,featuregraph,ann1,detector_only,7852
35,featuregraph,ann1,detector_only,8294
35,featuregraph,ann1,detector_only,8788
35,featuregraph,ann1,detector_only,9262
35,featuregraph,ann1,detector_only,9726
35,featuregraph,ann1,detector_only,10162
35,featuregraph,ann1,detector_only,10616
35,featuregraph,ann1,detector_only,11046
35,featuregraph,ann1,detector_only,11520
35,featuregraph,ann1,detector_only,11982
35,featuregraph,ann1,detector_only,12484
35,featuregraph,ann1,detector_only,12932
35,featuregraph,ann1,detector_only,13404
35,featuregraph,ann1,detector_only,13894
35,featuregraph,ann1,detector_only,14342
35,featuregraph,ann1,detector_only,14790
35,featuregraph,ann1,detector_only,15238
35,featuregraph,ann1,detector_only,15712
35,featuregraph,ann1,detector_only,16190
35,featuregraph,ann1,detector_only,17440
35,featuregraph,ann1,detector_only,17886
35,featuregraph,ann1,detector_only,18334
35,featuregraph,ann1,detector_only,18756
35,featuregraph,ann1,detector_only,19202
35,featuregraph,ann1,detector_only,19658
35,featuregraph,ann1,detector_only,20060
35,featuregraph,ann1,detector_only,20794
35,featuregraph,ann1,detector_only,21670
35,featuregraph,ann1,detector_only,22160
35,featuregraph,ann1,detector_only,22674
35,featuregraph,ann1,detector_only,23154
35,featuregraph,ann1,detector_only,23618
35,featuregraph,ann1,detector_only,24334
35,featuregraph,ann1,detector_only,24800
35,featuregraph,ann1,detector_only,25256
35,featuregraph,ann1,detector_only,25708
35,featuregraph,ann1,detector_only,26176
35,featuregraph,ann1,detector_only,26618
35,featuregraph,ann1,detector_only,27072
35,featuregraph,ann1,detector_only,27536
35,featuregraph,ann1,detector_only,27952
35,featuregraph,ann1,detector_only,28352
35,featuregraph,ann1,detector_only,28734
35,featuregraph,ann1,detector_only,29602
35,featuregraph,ann1,detector_only,30050
35,featuregraph,ann1,detector_only,30838
35,featuregraph,ann1,detector_only,31696
35,featuregraph,ann1,detector_only,32114
35,featuregraph,ann1,detector_only,32516
35,featuregraph,ann1,detector_only,32856
35,featuregraph,ann1,detector_only,33258
35,featuregraph,ann1,detector_only,33606
35,featuregraph,ann1,detector_only,34508
35,featuregraph,ann1,detector_only,34954
35,featuregraph,ann1,detector_only,35394
35,featuregraph,ann1,detector_only,35812
35,featuregraph,ann1,detector_only,36250
35,featuregraph,ann1,detector_only,36690
35,featuregraph,ann1,detector_only,37114
35,featuregraph,ann1,detector_only,37590
35,featuregraph,ann1,detector_only,38534
35,featuregraph,ann1,detector_only,40036
35,featuregraph,ann1,detector_only,40467
35,featuregraph,ann1,detector_only,40928
35,featuregraph,ann1,detector_only,41372
35,featuregraph,ann1,detector_only,41830
35,featuregraph,ann1,detector_only,42278
35,featuregraph,ann1,detector_only,43084
35,featuregraph,ann1,detector_only,43482
35,featuregraph,ann1,detector_only,43922
35,featuregraph,ann1,detector_only,44346
35,featuregraph,ann1,detector_only,44748
35,featuregraph,ann1,detector_only,45158
35,featuregraph,ann1,detector_only,45610
35,featuregraph,ann1,detector_only,46068
35,featuregraph,ann1,detector_only,46976
35,featuregraph,ann1,detector_only,47434
35,featuregraph,ann1,detector_only,47882
35,featuregraph,ann1,detector_only,48344
35,featuregraph,ann1,detector_only,49138
35,featuregraph,ann1,detector_only,50052
35,featuregraph,ann1,detector_only,50490
35,featuregraph,ann1,detector_only,50936
35,featuregraph,ann1,detector_only,51310
35,featuregraph,ann1,detector_only,51718
35,featuregraph,ann1,detector_only,52144
35,featuregraph,ann1,detector_only,52576
35,featuregraph,ann1,detector_only,53018
35,featuregraph,ann1,detector_only,54246
35,featuregraph,ann1,detector_only,54638
35,featuregraph,ann1,detector_only,54962
35,featuregraph,ann1,detector_only,55344
35,featuregraph,ann1,detector_only,55810
35,featuregraph,ann1,detector_only,56240
35,featuregraph,ann1,detector_only,56716
35,featuregraph,ann1,detector_only,57430
35,featuregraph,ann1,detector_only,57870
35,featuregraph,ann1,detector_only,58302
35,featuregraph,ann1,detector_only,59108
35,featuregraph,ann1,detector_only,59594
35,featuregraph,ann1,reference_only,350
35,featuregraph,ann1,reference_only,820
35,featuregraph,ann1,reference_only,1172
35,featuregraph,ann1,reference_only,1620
35,featuregraph,ann1,reference_only,1920
35,featuregraph,ann1,reference_only,2641
35,featuregraph,ann1,reference_only,3589
35,featuregraph,ann1,reference_only,5109
35,featuregraph,ann1,reference_only,5783
35,featuregraph,ann1,reference_only,6283
35,featuregraph,ann1,reference_only,7000
35,featuregraph,ann1,reference_only,7478
35,featuregraph,ann1,reference_only,7924
35,featuregraph,ann1,reference_only,8393
35,featuregraph,ann1,reference_only,8893
35,featuregraph,ann1,reference_only,9354
35,featuregraph,ann1,reference_only,9798
35,featuregraph,ann1,reference_only,10254
35,featuregraph,ann1,reference_only,10693
35,featuregraph,ann1,reference_only,11133
35,featuregraph,ann1,reference_only,11604
35,featuregraph,ann1,reference_only,12091
35,featuregraph,ann1,reference_only,12600
35,featuregraph,ann1,reference_only,13000
35,featuregraph,ann1,reference_only,13504
35,featuregraph,ann1,reference_only,14004
35,featuregraph,ann1,reference_only,14439
35,featuregraph,ann1,reference_only,14904
35,featuregraph,ann1,reference_only,15341
35,featuregraph,ann1,reference_only,15802
35,featuregraph,ann1,reference_only,16263
35,featuregraph,ann1,reference_only,17546
35,featuregraph,ann1,reference_only,17980
35,featuregraph,ann1,reference_only,18411
35,featuregraph,ann1,reference_only,18830
35,featuregraph,ann1,reference_only,19291
35,featuregraph,ann1,reference_only,19726
35,featuregraph,ann1,reference_only,20165
35,featuregraph,ann1,reference_only,20883
35,featuregraph,ann1,reference_only,21765
35,featuregraph,ann1,reference_only,22257
35,featuregraph,ann1,reference_only,22772
35,featuregraph,ann1,reference_only,23276
35,featuregraph,ann1,reference_only,23733
35,featuregraph,ann1,reference_only,24415
35,featuregraph,ann1,reference_only,24893
35,featuregraph,ann1,reference_only,25337
35,featuregraph,ann1,reference_only,25789
35,featuregraph,ann1,reference_only,26267
35,featuregraph,ann1,reference_only,26713
35,featuregraph,ann1,reference_only,27152
35,featuregraph,ann1,reference_only,27609
35,featuregraph,ann1,reference_only,28035
35,featuregraph,ann1,reference_only,28422
35,featuregraph,ann1,reference_only,28817
35,featuregraph,ann1,reference_only,29687
35,featuregraph,ann1,reference_only,30124
35,featuregraph,ann1,reference_only,30937
35,featuregraph,ann1,reference_only,31763
35,featuregraph,ann1,reference_only,32193
35,featuregraph,ann1,reference_only,32580
35,featuregraph,ann1,reference_only,32959
35,featuregraph,ann1,reference_only,33328
35,featuregraph,ann1,reference_only,33680
35,featuregraph,ann1,reference_only,34596
35,featuregraph,ann1,reference_only,35065
35,featuregraph,ann1,reference_only,35496
35,featuregraph,ann1,reference_only,35904
35,featuregraph,ann1,reference_only,36348
35,featuregraph,ann1,reference_only,36783
35,featuregraph,ann1,reference_only,37200
35,featuregraph,ann1,reference_only,37693
35,featuregraph,ann1,reference_only,38620
35,featuregraph,ann1,reference_only,40120
35,featuregraph,ann1,reference_only,40546
35,featuregraph,ann1,reference_only,41015
35,featuregraph,ann1,reference_only,41452
35,featuregraph,ann1,reference_only,41917
35,featuregraph,ann1,reference_only,42343
35,featuregraph,ann1,reference_only,43165
35,featuregraph,ann1,reference_only,43548
35,featuregraph,ann1,reference_only,44000
35,featuregraph,ann1,reference_only,44439
35,featuregraph,ann1,reference_only,44822
35,featuregraph,ann1,reference_only,45254
35,featuregraph,ann1,reference_only,45693
35,featuregraph,ann1,reference_only,46159
35,featuregraph,ann1,reference_only,47080
35,featuregraph,ann1,reference_only,47528
35,featuregraph,ann1,reference_only,47985
35,featuregraph,ann1,reference_only,48415
35,featuregraph,ann1,reference_only,49217
35,featuregraph,ann1,reference_only,49952
35,featuregraph,ann1,reference_only,50122
35,featuregraph,ann1,reference_only,50561
35,featuregraph,ann1,reference_only,51009
35,featuregraph,ann1,reference_only,51404
35,featuregraph,ann1,reference_only,51787
35,featuregraph,ann1,reference_only,52243
35,featuregraph,ann1,reference_only,52667
35,featuregraph,ann1,reference_only,53111
35,featuregraph,ann1,reference_only,54328
35,featuregraph,ann1,reference_only,54707
35,featuregraph,ann1,reference_only,55033
35,featuregraph,ann1,reference_only,55437
35,featuregraph,ann1,reference_only,55889
35,featuregraph,ann1,reference_only,56330
35,featuregraph,ann1,reference_only,56796
35,featuregraph,ann1,reference_only,57513
35,featuregraph,ann1,reference_only,57943
35,featuregraph,ann1,reference_only,58378
35,featuregraph,ann1,reference_only,59213
35,featuregraph,ann1,reference_only,59700
35,featuregraph,ann2,detector_only,282
35,featuregraph,ann2,detector_only,1094
35,featuregraph,ann2,detector_only,1520
35,featuregraph,ann2,detector_only,2542
35,featuregraph,ann2,detector_only,3464
35,featuregraph,ann2,detector_only,3942
35,featuregraph,ann2,detector_only,4618
35,featuregraph,ann2,detector_only,6200
35,featuregraph,ann2,detector_only,6540
35,featuregraph,ann2,detector_only,6922
35,featuregraph,ann2,detector_only,7404
35,featuregraph,ann2,detector_only,7852
35,featuregraph,ann2,detector_only,8294
35,featuregraph,ann2,detector_only,8788
35,featuregraph,ann2,detector_only,9262
35,featuregraph,ann2,detector_only,9726
35,featuregraph,ann2,detector_only,10162
35,featuregraph,ann2,detector_only,10616
35,featuregraph,ann2,detector_only,11046
35,featuregraph,ann2,detector_only,11520
35,featuregraph,ann2,detector_only,11982
35,featuregraph,ann2,detector_only,12484
35,featuregraph,ann2,detector_only,12932
35,featuregraph,ann2,detector_only,13404
35,featuregraph,ann2,detector_only,13894
35,featuregraph,ann2,detector_only,14342
35,featuregraph,ann2,detector_only,14790
35,featuregraph,ann2,detector_only,15238
35,featuregraph,ann2,detector_only,15712
35,featuregraph,ann2,detector_only,16190
35,featuregraph,ann2,detector_only,16606
35,featuregraph,ann2,detector_only,17022
35,featuregraph,ann2,detector_only,17440
35,featuregraph,ann2,detector_only,17886
35,featuregraph,ann2,detector_only,18334
35,featuregraph,ann2,detector_only,18756
35,featuregraph,ann2,detector_only,19202
35,featuregraph,ann2,detector_only,20060
35,featuregraph,ann2,detector_only,20794
35,featuregraph,ann2,detector_only,21670
35,featuregraph,ann2,detector_only,22160
35,featuregraph,ann2,detector_only,22674
35,featuregraph,ann2,detector_only,23154
35,featuregraph,ann2,detector_only,23618
35,featuregraph,ann2,detector_only,24334
35,featuregraph,ann2,detector_only,24800
35,featuregraph,ann2,detector_only,25256
35,featuregraph,ann2,detector_only,25708
35,featuregraph,ann2,detector_only,26618
35,featuregraph,ann2,detector_only,27072
35,featuregraph,ann2,detector_only,27536
35,featuregraph,ann2,detector_only,27952
35,featuregraph,ann2,detector_only,28352
35,featuregraph,ann2,detector_only,29164
35,featuregraph,ann2,detector_only,29602
35,featuregraph,ann2,detector_only,30050
35,featuregraph,ann2,detector_only,30838
35,featuregraph,ann2,detector_only,31260
35,featuregraph,ann2,detector_only,31696
35,featuregraph,ann2,detector_only,32114
35,featuregraph,ann2,detector_only,32516
35,featuregraph,ann2,detector_only,32856
35,featuregraph,ann2,detector_only,33258
35,featuregraph,ann2,detector_only,33606
35,featuregraph,ann2,detector_only,34096
35,featuregraph,ann2,detector_only,34508
35,featuregraph,ann2,detector_only,34954
35,featuregraph,ann2,detector_only,35394
35,featuregraph,ann2,detector_only,35812
35,featuregraph,ann2,detector_only,36250
35,featuregraph,ann2,detector_only,36690
35,featuregraph,ann2,detector_only,37114
35,featuregraph,ann2,detector_only,37590
35,featuregraph,ann2,detector_only,38066
35,featuregraph,ann2,detector_only,38534
35,featuregraph,ann2,detector_only,38982
35,featuregraph,ann2,detector_only,40036
35,featuregraph,ann2,detector_only,40467
35,featuregraph,ann2,detector_only,40928
35,featuregraph,ann2,detector_only,41372
35,featuregraph,ann2,detector_only,41830
35,featuregraph,ann2,detector_only,42670
35,featuregraph,ann2,detector_only,43084
35,featuregraph,ann2,detector_only,43482
35,featuregraph,ann2,detector_only,43922
35,featuregraph,ann2,detector_only,44346
35,featuregraph,ann2,detector_only,44748
35,featuregraph,ann2,detector_only,45158
35,featuregraph,ann2,detector_only,45610
35,featuregraph,ann2,detector_only,46068
35,featuregraph,ann2,detector_only,46526
35,featuregraph,ann2,detector_only,46976
35,featuregraph,ann2,detector_only,47434
35,featuregraph,ann2,detector_only,47882
35,featuregraph,ann2,detector_only,48344
35,featuregraph,ann2,detector_only,48704
35,featuregraph,ann2,detector_only,49138
35,featuregraph,ann2,detector_only,49586
35,featuregraph,ann2,detector_only,50052
35,featuregraph,ann2,detector_only,50490
35,featuregraph,ann2,detector_only,50936
35,featuregraph,ann2,detector_only,51310
35,featuregraph,ann2,detector_only,51718
35,featuregraph,ann2,detector_only,52144
35,featuregraph,ann2,detector_only,52576
35,featuregraph,ann2,detector_only,53018
35,featuregraph,ann2,detector_only,53478
35,featuregraph,ann2,detector_only,54638
35,featuregraph,ann2,detector_only,55344
35,featuregraph,ann2,detector_only,55810
35,featuregraph,ann2,detector_only,56240
35,featuregraph,ann2,detector_only,56716
35,featuregraph,ann2,detector_only,57090
35,featuregraph,ann2,detector_only,57430
35,featuregraph,ann2,detector_only,57870
35,featuregraph,ann2,detector_only,58302
35,featuregraph,ann2,detector_only,58672
35,featuregraph,ann2,detector_only,59594
35,featuregraph,ann2,reference_only,377
35,featuregraph,ann2,reference_only,1164
35,featuregraph,ann2,reference_only,1612
35,featuregraph,ann2,reference_only,2631
35,featuregraph,ann2,reference_only,3565
35,featuregraph,ann2,reference_only,4016
35,featuregraph,ann2,reference_only,5093
35,featuregraph,ann2,reference_only,6265
35,featuregraph,ann2,reference_only,7003
35,featuregraph,ann2,reference_only,7484
35,featuregraph,ann2,reference_only,7920
35,featuregraph,ann2,reference_only,8384
35,featuregraph,ann2,reference_only,8875
35,featuregraph,ann2,reference_only,9344
35,featuregraph,ann2,reference_only,9809
35,featuregraph,ann2,reference_only,10263
35,featuregraph,ann2,reference_only,10685
35,featuregraph,ann2,reference_only,11133
35,featuregraph,ann2,reference_only,11590
35,featuregraph,ann2,reference_only,12086
35,featuregraph,ann2,reference_only,12572
35,featuregraph,ann2,reference_only,13042
35,featuregraph,ann2,reference_only,13495
35,featuregraph,ann2,reference_only,13981
35,featuregraph,ann2,reference_only,14424
35,featuregraph,ann2,reference_only,14883
35,featuregraph,ann2,reference_only,15335
35,featuregraph,ann2,reference_only,15810
35,featuregraph,ann2,reference_only,16269
35,featuregraph,ann2,reference_only,16675
35,featuregraph,ann2,reference_only,17103
35,featuregraph,ann2,reference_only,17525
35,featuregraph,ann2,reference_only,17995
35,featuregraph,ann2,reference_only,18417
35,featuregraph,ann2,reference_only,18832
35,featuregraph,ann2,reference_only,19270
35,featuregraph,ann2,reference_only,20162
35,featuregraph,ann2,reference_only,20863
35,featuregraph,ann2,reference_only,21766
35,featuregraph,ann2,reference_only,22267
35,featuregraph,ann2,reference_only,22756
35,featuregraph,ann2,reference_only,23252
35,featuregraph,ann2,reference_only,23701
35,featuregraph,ann2,reference_only,24408
35,featuregraph,ann2,reference_only,24872
35,featuregraph,ann2,reference_only,25331
35,featuregraph,ann2,reference_only,25785
35,featuregraph,ann2,reference_only,26696
35,featuregraph,ann2,reference_only,27155
35,featuregraph,ann2,reference_only,27609
35,featuregraph,ann2,reference_only,28036
35,featuregraph,ann2,reference_only,28416
35,featuregraph,ann2,reference_only,29255
35,featuregraph,ann2,reference_only,29683
35,featuregraph,ann2,reference_only,30119
35,featuregraph,ann2,reference_only,30905
35,featuregraph,ann2,reference_only,31332
35,featuregraph,ann2,reference_only,31776
35,featuregraph,ann2,reference_only,32193
35,featuregraph,ann2,reference_only,32583
35,featuregraph,ann2,reference_only,32942
35,featuregraph,ann2,reference_only,33338
35,featuregraph,ann2,reference_only,33681
35,featuregraph,ann2,reference_only,34164
35,featuregraph,ann2,reference_only,34576
35,featuregraph,ann2,reference_only,35040
35,featuregraph,ann2,reference_only,35478
35,featuregraph,ann2,reference_only,35900
35,featuregraph,ann2,reference_only,36333
35,featuregraph,ann2,reference_only,36766
35,featuregraph,ann2,reference_only,37209
35,featuregraph,ann2,reference_only,37687
35,featuregraph,ann2,reference_only,38152
35,featuregraph,ann2,reference_only,38611
35,featuregraph,ann2,reference_only,39049
35,featuregraph,ann2,reference_only,40109
35,featuregraph,ann2,reference_only,40558
35,featuregraph,ann2,reference_only,41007
35,featuregraph,ann2,reference_only,41443
35,featuregraph,ann2,reference_only,41912
35,featuregraph,ann2,reference_only,42746
35,featuregraph,ann2,reference_only,43184
35,featuregraph,ann2,reference_only,43553
35,featuregraph,ann2,reference_only,43991
35,featuregraph,ann2,reference_only,44424
35,featuregraph,ann2,reference_only,44820
35,featuregraph,ann2,reference_only,45245
35,featuregraph,ann2,reference_only,45694
35,featuregraph,ann2,reference_only,46158
35,featuregraph,ann2,reference_only,46596
35,featuregraph,ann2,reference_only,47066
35,featuregraph,ann2,reference_only,47525
35,featuregraph,ann2,reference_only,47984
35,featuregraph,ann2,reference_only,48427
35,featuregraph,ann2,reference_only,48790
35,featuregraph,ann2,reference_only,49228
35,featuregraph,ann2,reference_only,49660
35,featuregraph,ann2,reference_only,50141
35,featuregraph,ann2,reference_only,50573
35,featuregraph,ann2,reference_only,51006
35,featuregraph,ann2,reference_only,51381
35,featuregraph,ann2,reference_only,51808
35,featuregraph,ann2,reference_only,52225
35,featuregraph,ann2,reference_only,52666
35,featuregraph,ann2,reference_only,53109
35,featuregraph,ann2,reference_only,53558
35,featuregraph,ann2,reference_only,54714
35,featuregraph,ann2,reference_only,55431
35,featuregraph,ann2,reference_only,55891
35,featuregraph,ann2,reference_only,56316
35,featuregraph,ann2,reference_only,56791
35,featuregraph,ann2,reference_only,57176
35,featuregraph,ann2,reference_only,57503
35,featuregraph,ann2,reference_only,57941
35,featuregraph,ann2,reference_only,58379
35,featuregraph,ann2,reference_only,58759
35,featuregraph,ann2,reference_only,59704
35,llm_selected_baseline,ann1,detector_only,5043
35,llm_selected_baseline,ann1,detector_only,6022
35,llm_selected_baseline,ann1,detector_only,6520
35,llm_selected_baseline,ann1,detector_only,8135
35,llm_selected_baseline,ann1,detector_only,8633
35,llm_selected_baseline,ann1,detector_only,11825
35,llm_selected_baseline,ann1,detector_only,19505
35,llm_selected_baseline,ann1,detector_only,21486
35,llm_selected_baseline,ann1,detector_only,22522
35,llm_selected_baseline,ann1,detector_only,23969
35,llm_selected_baseline,ann1,detector_only,24641
35,llm_selected_baseline,ann1,detector_only,26457
35,llm_selected_baseline,ann1,detector_only,27390
35,llm_selected_baseline,ann1,detector_only,29008
35,llm_selected_baseline,ann1,detector_only,30684
35,llm_selected_baseline,ann1,detector_only,33939
35,llm_selected_baseline,ann1,detector_only,37917
35,llm_selected_baseline,ann1,detector_only,43775
35,llm_selected_baseline,ann1,detector_only,56567
35,llm_selected_baseline,ann1,detector_only,59433
35,llm_selected_baseline,ann1,reference_only,4617
35,llm_selected_baseline,ann1,reference_only,5109
35,llm_selected_baseline,ann1,reference_only,49952
35,llm_selected_baseline,ann2,detector_only,6022
35,llm_selected_baseline,ann2,detector_only,6520
35,llm_selected_baseline,ann2,detector_only,8135
35,llm_selected_baseline,ann2,detector_only,8633
35,llm_selected_baseline,ann2,detector_only,11825
35,llm_selected_baseline,ann2,detector_only,19505
35,llm_selected_baseline,ann2,detector_only,21486
35,llm_selected_baseline,ann2,detector_only,22522
35,llm_selected_baseline,ann2,detector_only,23969
35,llm_selected_baseline,ann2,detector_only,24641
35,llm_selected_baseline,ann2,detector_only,26457
35,llm_selected_baseline,ann2,detector_only,27390
35,llm_selected_baseline,ann2,detector_only,29008
35,llm_selected_baseline,ann2,detector_only,30684
35,llm_selected_baseline,ann2,detector_only,33939
35,llm_selected_baseline,ann2,detector_only,37917
35,llm_selected_baseline,ann2,detector_only,43775
35,llm_selected_baseline,ann2,detector_only,56567
35,llm_selected_baseline,ann2,detector_only,59433
36,featuregraph,ann1,detector_only,45761
36,featuregraph,ann2,detector_only,6216
36,featuregraph,ann2,detector_only,45761
36,llm_selected_baseline,ann1,reference_only,6230
37,featuregraph,ann1,detector_only,4549
37,featuregraph,ann1,detector_only,5919
37,featuregraph,ann1,detector_only,9847
37,featuregraph,ann1,detector_only,29468
37,featuregraph,ann1,detector_only,30735
37,featuregraph,ann1,detector_only,30903
37,featuregraph,ann1,detector_only,32041
37,featuregraph,ann1,detector_only,39489
37,featuregraph,ann1,detector_only,39961
37,featuregraph,ann1,detector_only,40897
37,featuregraph,ann1,detector_only,42735
37,featuregraph,ann1,detector_only,43512
37,featuregraph,ann1,detector_only,45946
37,featuregraph,ann1,detector_only,46621
37,featuregraph,ann1,detector_only,46781
37,featuregraph,ann1,detector_only,53456
37,featuregraph,ann1,detector_only,53461
37,featuregraph,ann1,detector_only,53467
37,featuregraph,ann1,detector_only,53472
37,featuregraph,ann1,detector_only,53477
37,featuregraph,ann1,detector_only,53483
37,featuregraph,ann1,detector_only,53488
37,featuregraph,ann1,detector_only,53670
37,featuregraph,ann1,detector_only,53675
37,featuregraph,ann1,detector_only,53680
37,featuregraph,ann1,detector_only,53686
37,featuregraph,ann1,detector_only,53691
37,featuregraph,ann1,detector_only,53696
37,featuregraph,ann1,detector_only,53702
37,featuregraph,ann1,detector_only,53707
37,featuregraph,ann1,detector_only,53712
37,featuregraph,ann1,detector_only,53718
37,featuregraph,ann1,detector_only,53723
37,featuregraph,ann1,detector_only,53728
37,featuregraph,ann1,detector_only,58675
37,featuregraph,ann1,reference_only,59
37,featuregraph,ann1,reference_only,5983
37,featuregraph,ann1,reference_only,9911
37,featuregraph,ann1,reference_only,30802
37,featuregraph,ann1,reference_only,40028
37,featuregraph,ann1,reference_only,40963
37,featuregraph,ann1,reference_only,42809
37,featuregraph,ann1,reference_only,43578
37,featuregraph,ann1,reference_only,46685
37,featuregraph,ann2,detector_only,4231
37,featuregraph,ann2,detector_only,4549
37,featuregraph,ann2,detector_only,29468
37,featuregraph,ann2,detector_only,30144
37,featuregraph,ann2,detector_only,30903
37,featuregraph,ann2,detector_only,32041
37,featuregraph,ann2,detector_only,33727
37,featuregraph,ann2,detector_only,39489
37,featuregraph,ann2,detector_only,39961
37,featuregraph,ann2,detector_only,43512
37,featuregraph,ann2,detector_only,45946
37,featuregraph,ann2,detector_only,46621
37,featuregraph,ann2,detector_only,46781
37,featuregraph,ann2,detector_only,47121
37,featuregraph,ann2,detector_only,48117
37,featuregraph,ann2,detector_only,53456
37,featuregraph,ann2,detector_only,53461
37,featuregraph,ann2,detector_only,53467
37,featuregraph,ann2,detector_only,53472
37,featuregraph,ann2,detector_only,53477
37,featuregraph,ann2,detector_only,53483
37,featuregraph,ann2,detector_only,53488
37,featuregraph,ann2,detector_only,53670
37,featuregraph,ann2,detector_only,53675
37,featuregraph,ann2,detector_only,53680
37,featuregraph,ann2,detector_only,53686
37,featuregraph,ann2,detector_only,53691
37,featuregraph,ann2,detector_only,53696
37,featuregraph,ann2,detector_only,53702
37,featuregraph,ann2,detector_only,53707
37,featuregraph,ann2,detector_only,53712
37,featuregraph,ann2,detector_only,53718
37,featuregraph,ann2,detector_only,53723
37,featuregraph,ann2,detector_only,53728
37,featuregraph,ann2,detector_only,58675
37,featuregraph,ann2,reference_only,61
37,featuregraph,ann2,reference_only,4296
37,featuregraph,ann2,reference_only,30077
37,featuregraph,ann2,reference_only,33805
37,featuregraph,ann2,reference_only,40046
37,featuregraph,ann2,reference_only,43596
37,featuregraph,ann2,reference_only,46712
37,featuregraph,ann2,reference_only,47034
37,featuregraph,ann2,reference_only,48185
37,llm_selected_baseline,ann1,detector_only,4544
37,llm_selected_baseline,ann1,detector_only,29279
37,llm_selected_baseline,ann1,detector_only,34873
37,llm_selected_baseline,ann1,detector_only,39499
37,llm_selected_baseline,ann1,detector_only,45409
37,llm_selected_baseline,ann1,detector_only,45973
37,llm_selected_baseline,ann1,detector_only,46358
37,llm_selected_baseline,ann1,detector_only,46761
37,llm_selected_baseline,ann1,detector_only,53952
37,llm_selected_baseline,ann1,detector_only,58690
37,llm_selected_baseline,ann1,reference_only,29357
37,llm_selected_baseline,ann1,reference_only,34939
37,llm_selected_baseline,ann1,reference_only,45476
37,llm_selected_baseline,ann1,reference_only,46289
37,llm_selected_baseline,ann1,reference_only,46685
37,llm_selected_baseline,ann1,reference_only,53776
37,llm_selected_baseline,ann2,detector_only,4544
37,llm_selected_baseline,ann2,detector_only,39499
37,llm_selected_baseline,ann2,detector_only,45973
37,llm_selected_baseline,ann2,detector_only,46358
37,llm_selected_baseline,ann2,detector_only,47124
37,llm_selected_baseline,ann2,detector_only,53952
37,llm_selected_baseline,ann2,detector_only,58690
37,llm_selected_baseline,ann2,reference_only,46280
37,llm_selected_baseline,ann2,reference_only,47034
37,llm_selected_baseline,ann2,reference_only,53774
38,featuregraph,ann1,detector_only,228
38,featuregraph,ann1,detector_only,690
38,featuregraph,ann1,detector_only,1589
38,featuregraph,ann1,detector_only,1822
38,featuregraph,ann1,detector_only,2334
38,featuregraph,ann1,detector_only,2874
38,featuregraph,ann1,detector_only,3388
38,featuregraph,ann1,detector_only,3924
38,featuregraph,ann1,detector_only,4412
38,featuregraph,ann1,detector_only,4910
38,featuregraph,ann1,detector_only,5902
38,featuregraph,ann1,detector_only,6360
38,featuregraph,ann1,detector_only,6846
38,featuregraph,ann1,detector_only,7334
38,featuregraph,ann1,detector_only,7782
38,featuregraph,ann1,detector_only,8184
38,featuregraph,ann1,detector_only,8692
38,featuregraph,ann1,detector_only,9192
38,featuregraph,ann1,detector_only,9666
38,featuregraph,ann1,detector_only,10140
38,featuregraph,ann1,detector_only,10598
38,featuregraph,ann1,detector_only,11028
38,featuregraph,ann1,detector_only,11500
38,featuregraph,ann1,detector_only,11986
38,featuregraph,ann1,detector_only,12472
38,featuregraph,ann1,detector_only,12926
38,featuregraph,ann1,detector_only,13392
38,featuregraph,ann1,detector_only,13832
38,featuregraph,ann1,detector_only,14262
38,featuregraph,ann1,detector_only,14704
38,featuregraph,ann1,detector_only,15252
38,featuregraph,ann1,detector_only,15694
38,featuregraph,ann1,detector_only,16132
38,featuregraph,ann1,detector_only,16664
38,featuregraph,ann1,detector_only,17136
38,featuregraph,ann1,detector_only,17610
38,featuregraph,ann1,detector_only,18092
38,featuregraph,ann1,detector_only,18556
38,featuregraph,ann1,detector_only,19008
38,featuregraph,ann1,detector_only,19488
38,featuregraph,ann1,detector_only,19934
38,featuregraph,ann1,detector_only,20406
38,featuregraph,ann1,detector_only,20890
38,featuregraph,ann1,detector_only,21356
38,featuregraph,ann1,detector_only,21796
38,featuregraph,ann1,detector_only,22606
38,featuregraph,ann1,detector_only,22954
38,featuregraph,ann1,detector_only,23152
38,featuregraph,ann1,detector_only,23372
38,featuregraph,ann1,detector_only,24456
38,featuregraph,ann1,detector_only,25234
38,featuregraph,ann1,detector_only,25440
38,featuregraph,ann1,detector_only,27720
38,featuregraph,ann1,detector_only,28106
38,featuregraph,ann1,detector_only,28490
38,featuregraph,ann1,detector_only,28874
38,featuregraph,ann1,detector_only,30078
38,featuregraph,ann1,detector_only,31494
38,featuregraph,ann1,detector_only,32404
38,featuregraph,ann1,detector_only,32878
38,featuregraph,ann1,detector_only,33360
38,featuregraph,ann1,detector_only,33812
38,featuregraph,ann1,detector_only,34298
38,featuregraph,ann1,detector_only,34764
38,featuregraph,ann1,detector_only,35720
38,featuregraph,ann1,detector_only,36214
38,featuregraph,ann1,detector_only,36668
38,featuregraph,ann1,detector_only,37126
38,featuregraph,ann1,detector_only,37602
38,featuregraph,ann1,detector_only,39020
38,featuregraph,ann1,detector_only,39396
38,featuregraph,ann1,detector_only,39755
38,featuregraph,ann1,detector_only,40016
38,featuregraph,ann1,detector_only,41012
38,featuregraph,ann1,detector_only,41372
38,featuregraph,ann1,detector_only,41530
38,featuregraph,ann1,detector_only,43254
38,featuregraph,ann1,detector_only,44066
38,featuregraph,ann1,detector_only,44244
38,featuregraph,ann1,detector_only,44740
38,featuregraph,ann1,detector_only,45256
38,featuregraph,ann1,detector_only,46362
38,featuregraph,ann1,detector_only,47350
38,featuregraph,ann1,detector_only,47868
38,featuregraph,ann1,detector_only,48420
38,featuregraph,ann1,detector_only,48950
38,featuregraph,ann1,detector_only,49410
38,featuregraph,ann1,detector_only,52516
38,featuregraph,ann1,detector_only,54038
38,featuregraph,ann1,detector_only,54216
38,featuregraph,ann1,detector_only,54991
38,featuregraph,ann1,detector_only,55426
38,featuregraph,ann1,detector_only,56284
38,featuregraph,ann1,detector_only,56570
38,featuregraph,ann1,detector_only,57500
38,featuregraph,ann1,detector_only,58562
38,featuregraph,ann1,detector_only,59064
38,featuregraph,ann1,reference_only,302
38,featuregraph,ann1,reference_only,763
38,featuregraph,ann1,reference_only,1889
38,featuregraph,ann1,reference_only,2407
38,featuregraph,ann1,reference_only,2959
38,featuregraph,ann1,reference_only,3459
38,featuregraph,ann1,reference_only,4004
38,featuregraph,ann1,reference_only,4487
38,featuregraph,ann1,reference_only,4978
38,featuregraph,ann1,reference_only,5978
38,featuregraph,ann1,reference_only,6426
38,featuregraph,ann1,reference_only,6943
38,featuregraph,ann1,reference_only,7413
38,featuregraph,ann1,reference_only,7859
38,featuregraph,ann1,reference_only,8250
38,featuregraph,ann1,reference_only,8780
38,featuregraph,ann1,reference_only,9267
38,featuregraph,ann1,reference_only,9733
38,featuregraph,ann1,reference_only,10254
38,featuregraph,ann1,reference_only,10698
38,featuregraph,ann1,reference_only,11120
38,featuregraph,ann1,reference_only,11583
38,featuregraph,ann1,reference_only,12070
38,featuregraph,ann1,reference_only,12561
38,featuregraph,ann1,reference_only,13004
38,featuregraph,ann1,reference_only,13504
38,featuregraph,ann1,reference_only,13952
38,featuregraph,ann1,reference_only,14374
38,featuregraph,ann1,reference_only,14804
38,featuregraph,ann1,reference_only,15328
38,featuregraph,ann1,reference_only,15780
38,featuregraph,ann1,reference_only,16233
38,featuregraph,ann1,reference_only,16759
38,featuregraph,ann1,reference_only,17211
38,featuregraph,ann1,reference_only,17711
38,featuregraph,ann1,reference_only,18180
38,featuregraph,ann1,reference_only,18663
38,featuregraph,ann1,reference_only,19091
38,featuregraph,ann1,reference_only,19596
38,featuregraph,ann1,reference_only,20057
38,featuregraph,ann1,reference_only,20483
38,featuregraph,ann1,reference_only,20965
38,featuregraph,ann1,reference_only,21452
38,featuregraph,ann1,reference_only,22022
38,featuregraph,ann1,reference_only,23480
38,featuregraph,ann1,reference_only,24528
38,featuregraph,ann1,reference_only,27804
38,featuregraph,ann1,reference_only,28174
38,featuregraph,ann1,reference_only,28565
38,featuregraph,ann1,reference_only,29004
38,featuregraph,ann1,reference_only,30150
38,featuregraph,ann1,reference_only,31641
38,featuregraph,ann1,reference_only,32485
38,featuregraph,ann1,reference_only,32976
38,featuregraph,ann1,reference_only,33459
38,featuregraph,ann1,reference_only,33887
38,featuregraph,ann1,reference_only,34378
38,featuregraph,ann1,reference_only,34874
38,featuregraph,ann1,reference_only,35839
38,featuregraph,ann1,reference_only,36304
38,featuregraph,ann1,reference_only,36817
38,featuregraph,ann1,reference_only,37235
38,featuregraph,ann1,reference_only,37737
38,featuregraph,ann1,reference_only,39133
38,featuregraph,ann1,reference_only,40120
38,featuregraph,ann1,reference_only,41124
38,featuregraph,ann1,reference_only,41609
38,featuregraph,ann1,reference_only,43330
38,featuregraph,ann1,reference_only,44343
38,featuregraph,ann1,reference_only,44809
38,featuregraph,ann1,reference_only,45354
38,featuregraph,ann1,reference_only,46459
38,featuregraph,ann1,reference_only,47446
38,featuregraph,ann1,reference_only,48011
38,featuregraph,ann1,reference_only,48502
38,featuregraph,ann1,reference_only,49083
38,featuregraph,ann1,reference_only,55137
38,featuregraph,ann1,reference_only,56652
38,featuregraph,ann1,reference_only,57661
38,featuregraph,ann1,reference_only,58691
38,featuregraph,ann1,reference_only,59178
38,featuregraph,ann2,detector_only,228
38,featuregraph,ann2,detector_only,690
38,featuregraph,ann2,detector_only,1589
38,featuregraph,ann2,detector_only,1822
38,featuregraph,ann2,detector_only,2334
38,featuregraph,ann2,detector_only,2874
38,featuregraph,ann2,detector_only,3388
38,featuregraph,ann2,detector_only,3924
38,featuregraph,ann2,detector_only,4412
38,featuregraph,ann2,detector_only,4910
38,featuregraph,ann2,detector_only,5434
38,featuregraph,ann2,detector_only,5902
38,featuregraph,ann2,detector_only,6360
38,featuregraph,ann2,detector_only,6846
38,featuregraph,ann2,detector_only,7334
38,featuregraph,ann2,detector_only,7782
38,featuregraph,ann2,detector_only,8184
38,featuregraph,ann2,detector_only,8692
38,featuregraph,ann2,detector_only,9192
38,featuregraph,ann2,detector_only,9666
38,featuregraph,ann2,detector_only,10140
38,featuregraph,ann2,detector_only,10598
38,featuregraph,ann2,detector_only,11028
38,featuregraph,ann2,detector_only,11500
38,featuregraph,ann2,detector_only,11986
38,featuregraph,ann2,detector_only,12472
38,featuregraph,ann2,detector_only,12926
38,featuregraph,ann2,detector_only,13392
38,featuregraph,ann2,detector_only,13832
38,featuregraph,ann2,detector_only,14262
38,featuregraph,ann2,detector_only,14704
38,featuregraph,ann2,detector_only,15252
38,featuregraph,ann2,detector_only,15694
38,featuregraph,ann2,detector_only,16132
38,featuregraph,ann2,detector_only,16664
38,featuregraph,ann2,detector_only,17136
38,featuregraph,ann2,detector_only,17610
38,featuregraph,ann2,detector_only,18092
38,featuregraph,ann2,detector_only,18556
38,featuregraph,ann2,detector_only,19008
38,featuregraph,ann2,detector_only,19488
38,featuregraph,ann2,detector_only,19934
38,featuregraph,ann2,detector_only,20406
38,featuregraph,ann2,detector_only,20890
38,featuregraph,ann2,detector_only,21356
38,featuregraph,ann2,detector_only,21796
38,featuregraph,ann2,detector_only,23152
38,featuregraph,ann2,detector_only,23372
38,featuregraph,ann2,detector_only,25234
38,featuregraph,ann2,detector_only,27126
38,featuregraph,ann2,detector_only,27720
38,featuregraph,ann2,detector_only,28106
38,featuregraph,ann2,detector_only,28490
38,featuregraph,ann2,detector_only,28874
38,featuregraph,ann2,detector_only,30078
38,featuregraph,ann2,detector_only,30733
38,featuregraph,ann2,detector_only,31030
38,featuregraph,ann2,detector_only,31494
38,featuregraph,ann2,detector_only,32404
38,featuregraph,ann2,detector_only,32878
38,featuregraph,ann2,detector_only,33360
38,featuregraph,ann2,detector_only,33812
38,featuregraph,ann2,detector_only,34298
38,featuregraph,ann2,detector_only,34764
38,featuregraph,ann2,detector_only,35238
38,featuregraph,ann2,detector_only,35720
38,featuregraph,ann2,detector_only,36214
38,featuregraph,ann2,detector_only,36668
38,featuregraph,ann2,detector_only,37126
38,featuregraph,ann2,detector_only,37602
38,featuregraph,ann2,detector_only,39020
38,featuregraph,ann2,detector_only,39396
38,featuregraph,ann2,detector_only,39755
38,featuregraph,ann2,detector_only,40016
38,featuregraph,ann2,detector_only,40588
38,featuregraph,ann2,detector_only,41012
38,featuregraph,ann2,detector_only,41372
38,featuregraph,ann2,detector_only,41530
38,featuregraph,ann2,detector_only,42012
38,featuregraph,ann2,detector_only,42744
38,featuregraph,ann2,detector_only,44066
38,featuregraph,ann2,detector_only,45256
38,featuregraph,ann2,detector_only,45808
38,featuregraph,ann2,detector_only,46362
38,featuregraph,ann2,detector_only,47350
38,featuregraph,ann2,detector_only,47868
38,featuregraph,ann2,detector_only,48420
38,featuregraph,ann2,detector_only,48950
38,featuregraph,ann2,detector_only,49410
38,featuregraph,ann2,detector_only,54991
38,featuregraph,ann2,detector_only,56284
38,featuregraph,ann2,detector_only,57500
38,featuregraph,ann2,detector_only,58562
38,featuregraph,ann2,detector_only,59064
38,featuregraph,ann2,reference_only,309
38,featuregraph,ann2,reference_only,778
38,featuregraph,ann2,reference_only,1897
38,featuregraph,ann2,reference_only,2420
38,featuregraph,ann2,reference_only,2958
38,featuregraph,ann2,reference_only,3470
38,featuregraph,ann2,reference_only,4016
38,featuregraph,ann2,reference_only,4497
38,featuregraph,ann2,reference_only,4998
38,featuregraph,ann2,reference_only,5515
38,featuregraph,ann2,reference_only,5985
38,featuregraph,ann2,reference_only,6449
38,featuregraph,ann2,reference_only,6935
38,featuregraph,ann2,reference_only,7431
38,featuregraph,ann2,reference_only,7877
38,featuregraph,ann2,reference_only,8252
38,featuregraph,ann2,reference_only,8790
38,featuregraph,ann2,reference_only,9276
38,featuregraph,ann2,reference_only,9740
38,featuregraph,ann2,reference_only,10226
38,featuregraph,ann2,reference_only,10674
38,featuregraph,ann2,reference_only,11107
38,featuregraph,ann2,reference_only,11580
38,featuregraph,ann2,reference_only,12071
38,featuregraph,ann2,reference_only,12556
38,featuregraph,ann2,reference_only,12994
38,featuregraph,ann2,reference_only,13490
38,featuregraph,ann2,reference_only,13907
38,featuregraph,ann2,reference_only,14350
38,featuregraph,ann2,reference_only,14794
38,featuregraph,ann2,reference_only,15346
38,featuregraph,ann2,reference_only,15778
38,featuregraph,ann2,reference_only,16232
38,featuregraph,ann2,reference_only,16755
38,featuregraph,ann2,reference_only,17214
38,featuregraph,ann2,reference_only,17699
38,featuregraph,ann2,reference_only,18179
38,featuregraph,ann2,reference_only,18633
38,featuregraph,ann2,reference_only,19085
38,featuregraph,ann2,reference_only,19565
38,featuregraph,ann2,reference_only,20035
38,featuregraph,ann2,reference_only,20499
38,featuregraph,ann2,reference_only,20985
38,featuregraph,ann2,reference_only,21444
38,featuregraph,ann2,reference_only,22003
38,featuregraph,ann2,reference_only,23495
38,featuregraph,ann2,reference_only,27203
38,featuregraph,ann2,reference_only,27788
38,featuregraph,ann2,reference_only,28173
38,featuregraph,ann2,reference_only,28564
38,featuregraph,ann2,reference_only,28949
38,featuregraph,ann2,reference_only,30156
38,featuregraph,ann2,reference_only,31106
38,featuregraph,ann2,reference_only,31586
38,featuregraph,ann2,reference_only,32493
38,featuregraph,ann2,reference_only,32974
38,featuregraph,ann2,reference_only,33475
38,featuregraph,ann2,reference_only,33911
38,featuregraph,ann2,reference_only,34402
38,featuregraph,ann2,reference_only,34850
38,featuregraph,ann2,reference_only,35341
38,featuregraph,ann2,reference_only,35842
38,featuregraph,ann2,reference_only,36286
38,featuregraph,ann2,reference_only,36776
38,featuregraph,ann2,reference_only,37220
38,featuregraph,ann2,reference_only,37703
38,featuregraph,ann2,reference_only,39117
38,featuregraph,ann2,reference_only,40125
38,featuregraph,ann2,reference_only,40653
38,featuregraph,ann2,reference_only,41128
38,featuregraph,ann2,reference_only,41596
38,featuregraph,ann2,reference_only,42086
38,featuregraph,ann2,reference_only,42836
38,featuregraph,ann2,reference_only,45361
38,featuregraph,ann2,reference_only,45873
38,featuregraph,ann2,reference_only,46475
38,featuregraph,ann2,reference_only,47435
38,featuregraph,ann2,reference_only,47995
38,featuregraph,ann2,reference_only,48522
38,featuregraph,ann2,reference_only,49212
38,featuregraph,ann2,reference_only,55104
38,featuregraph,ann2,reference_only,57630
38,featuregraph,ann2,reference_only,58643
38,featuregraph,ann2,reference_only,59171
38,llm_selected_baseline,ann1,detector_only,1563
38,llm_selected_baseline,ann1,detector_only,21826
38,llm_selected_baseline,ann1,detector_only,22639
38,llm_selected_baseline,ann1,detector_only,22976
38,llm_selected_baseline,ann1,detector_only,23573
38,llm_selected_baseline,ann1,detector_only,25267
38,llm_selected_baseline,ann1,detector_only,25457
38,llm_selected_baseline,ann1,detector_only,31570
38,llm_selected_baseline,ann1,detector_only,36731
38,llm_selected_baseline,ann1,detector_only,37666
38,llm_selected_baseline,ann1,detector_only,44072
38,llm_selected_baseline,ann1,detector_only,47931
38,llm_selected_baseline,ann1,detector_only,49017
38,llm_selected_baseline,ann1,detector_only,49513
38,llm_selected_baseline,ann1,detector_only,52564
38,llm_selected_baseline,ann1,detector_only,54016
38,llm_selected_baseline,ann1,detector_only,54224
38,llm_selected_baseline,ann1,detector_only,55055
38,llm_selected_baseline,ann1,detector_only,55437
38,llm_selected_baseline,ann1,detector_only,56579
38,llm_selected_baseline,ann1,detector_only,57568
38,llm_selected_baseline,ann1,detector_only,59522
38,llm_selected_baseline,ann1,reference_only,23480
38,llm_selected_baseline,ann1,reference_only,31641
38,llm_selected_baseline,ann1,reference_only,36817
38,llm_selected_baseline,ann1,reference_only,37737
38,llm_selected_baseline,ann1,reference_only,48011
38,llm_selected_baseline,ann1,reference_only,49083
38,llm_selected_baseline,ann1,reference_only,55137
38,llm_selected_baseline,ann1,reference_only,56652
38,llm_selected_baseline,ann1,reference_only,57661
38,llm_selected_baseline,ann2,detector_only,1563
38,llm_selected_baseline,ann2,detector_only,21826
38,llm_selected_baseline,ann2,detector_only,23573
38,llm_selected_baseline,ann2,detector_only,25267
38,llm_selected_baseline,ann2,detector_only,30761
38,llm_selected_baseline,ann2,detector_only,43322
38,llm_selected_baseline,ann2,detector_only,44072
38,llm_selected_baseline,ann2,detector_only,47931
38,llm_selected_baseline,ann2,detector_only,49017
38,llm_selected_baseline,ann2,detector_only,49513
38,llm_selected_baseline,ann2,detector_only,58720
38,llm_selected_baseline,ann2,detector_only,59522
38,llm_selected_baseline,ann2,reference_only,23495
38,llm_selected_baseline,ann2,reference_only,43258
38,llm_selected_baseline,ann2,reference_only,47995
38,llm_selected_baseline,ann2,reference_only,49212
38,llm_selected_baseline,ann2,reference_only,58643
39,featuregraph,ann1,detector_only,547
39,featuregraph,ann1,detector_only,1073
39,featuregraph,ann1,detector_only,1623
39,featuregraph,ann1,detector_only,2099
39,featuregraph,ann1,detector_only,2587
39,featuregraph,ann1,detector_only,3111
39,featuregraph,ann1,detector_only,4111
39,featuregraph,ann1,detector_only,4613
39,featuregraph,ann1,detector_only,5130
39,featuregraph,ann1,detector_only,5711
39,featuregraph,ann1,detector_only,6239
39,featuregraph,ann1,detector_only,6739
39,featuregraph,ann1,detector_only,7337
39,featuregraph,ann1,detector_only,7869
39,featuregraph,ann1,detector_only,8361
39,featuregraph,ann1,detector_only,8821
39,featuregraph,ann1,detector_only,9287
39,featuregraph,ann1,detector_only,9763
39,featuregraph,ann1,detector_only,10241
39,featuregraph,ann1,detector_only,10823
39,featuregraph,ann1,detector_only,11319
39,featuregraph,ann1,detector_only,11789
39,featuregraph,ann1,detector_only,12253
39,featuregraph,ann1,detector_only,12847
39,featuregraph,ann1,detector_only,13389
39,featuregraph,ann1,detector_only,13929
39,featuregraph,ann1,detector_only,14433
39,featuregraph,ann1,detector_only,14967
39,featuregraph,ann1,detector_only,15477
39,featuregraph,ann1,detector_only,15977
39,featuregraph,ann1,detector_only,16463
39,featuregraph,ann1,detector_only,16940
39,featuregraph,ann1,detector_only,17487
39,featuregraph,ann1,detector_only,18016
39,featuregraph,ann1,detector_only,18553
39,featuregraph,ann1,detector_only,19087
39,featuregraph,ann1,detector_only,19631
39,featuregraph,ann1,detector_only,20115
39,featuregraph,ann1,detector_only,20635
39,featuregraph,ann1,detector_only,21151
39,featuregraph,ann1,detector_only,21629
39,featuregraph,ann1,detector_only,22135
39,featuregraph,ann1,detector_only,22693
39,featuregraph,ann1,detector_only,23233
39,featuregraph,ann1,detector_only,23709
39,featuregraph,ann1,detector_only,24739
39,featuregraph,ann1,detector_only,25263
39,featuregraph,ann1,detector_only,25755
39,featuregraph,ann1,detector_only,26271
39,featuregraph,ann1,detector_only,26805
39,featuregraph,ann1,detector_only,27343
39,featuregraph,ann1,detector_only,27871
39,featuregraph,ann1,detector_only,28369
39,featuregraph,ann1,detector_only,28873
39,featuregraph,ann1,detector_only,29367
39,featuregraph,ann1,detector_only,29871
39,featuregraph,ann1,detector_only,30345
39,featuregraph,ann1,detector_only,30859
39,featuregraph,ann1,detector_only,31395
39,featuregraph,ann1,detector_only,31929
39,featuregraph,ann1,detector_only,32435
39,featuregraph,ann1,detector_only,32959
39,featuregraph,ann1,detector_only,33525
39,featuregraph,ann1,detector_only,34005
39,featuregraph,ann1,detector_only,34519
39,featuregraph,ann1,detector_only,35029
39,featuregraph,ann1,detector_only,35553
39,featuregraph,ann1,detector_only,36093
39,featuregraph,ann1,detector_only,36653
39,featuregraph,ann1,detector_only,37171
39,featuregraph,ann1,detector_only,37673
39,featuregraph,ann1,detector_only,38199
39,featuregraph,ann1,detector_only,38725
39,featuregraph,ann1,detector_only,39253
39,featuregraph,ann1,detector_only,39771
39,featuregraph,ann1,detector_only,40259
39,featuregraph,ann1,detector_only,40721
39,featuregraph,ann1,detector_only,41677
39,featuregraph,ann1,detector_only,42181
39,featuregraph,ann1,detector_only,42737
39,featuregraph,ann1,detector_only,43161
39,featuregraph,ann1,detector_only,43633
39,featuregraph,ann1,detector_only,44135
39,featuregraph,ann1,detector_only,44515
39,featuregraph,ann1,detector_only,45021
39,featuregraph,ann1,detector_only,45501
39,featuregraph,ann1,detector_only,46463
39,featuregraph,ann1,detector_only,47035
39,featuregraph,ann1,detector_only,47627
39,featuregraph,ann1,detector_only,48277
39,featuregraph,ann1,detector_only,48927
39,featuregraph,ann1,detector_only,49655
39,featuregraph,ann1,detector_only,50329
39,featuregraph,ann1,detector_only,50945
39,featuregraph,ann1,detector_only,51579
39,featuregraph,ann1,detector_only,52147
39,featuregraph,ann1,detector_only,52733
39,featuregraph,ann1,detector_only,53301
39,featuregraph,ann1,detector_only,53891
39,featuregraph,ann1,detector_only,54431
39,featuregraph,ann1,detector_only,55037
39,featuregraph,ann1,detector_only,55653
39,featuregraph,ann1,detector_only,56233
39,featuregraph,ann1,detector_only,56759
39,featuregraph,ann1,detector_only,57363
39,featuregraph,ann1,detector_only,57889
39,featuregraph,ann1,detector_only,58401
39,featuregraph,ann1,detector_only,58943
39,featuregraph,ann1,detector_only,59471
39,featuregraph,ann1,reference_only,128
39,featuregraph,ann1,reference_only,650
39,featuregraph,ann1,reference_only,1141
39,featuregraph,ann1,reference_only,1728
39,featuregraph,ann1,reference_only,2172
39,featuregraph,ann1,reference_only,2685
39,featuregraph,ann1,reference_only,3241
39,featuregraph,ann1,reference_only,4191
39,featuregraph,ann1,reference_only,4704
39,featuregraph,ann1,reference_only,5204
39,featuregraph,ann1,reference_only,5817
39,featuregraph,ann1,reference_only,6313
39,featuregraph,ann1,reference_only,6878
39,featuregraph,ann1,reference_only,7404
39,featuregraph,ann1,reference_only,7967
39,featuregraph,ann1,reference_only,8450
39,featuregraph,ann1,reference_only,8937
39,featuregraph,ann1,reference_only,9389
39,featuregraph,ann1,reference_only,9876
39,featuregraph,ann1,reference_only,10315
39,featuregraph,ann1,reference_only,10946
39,featuregraph,ann1,reference_only,11409
39,featuregraph,ann1,reference_only,11861
39,featuregraph,ann1,reference_only,12326
39,featuregraph,ann1,reference_only,12939
39,featuregraph,ann1,reference_only,13478
39,featuregraph,ann1,reference_only,14026
39,featuregraph,ann1,reference_only,14552
39,featuregraph,ann1,reference_only,15050
39,featuregraph,ann1,reference_only,15572
39,featuregraph,ann1,reference_only,16046
39,featuregraph,ann1,reference_only,16533
39,featuregraph,ann1,reference_only,17015
39,featuregraph,ann1,reference_only,17563
39,featuregraph,ann1,reference_only,18111
39,featuregraph,ann1,reference_only,18646
39,featuregraph,ann1,reference_only,19165
39,featuregraph,ann1,reference_only,19717
39,featuregraph,ann1,reference_only,20204
39,featuregraph,ann1,reference_only,20717
39,featuregraph,ann1,reference_only,21261
39,featuregraph,ann1,reference_only,21757
39,featuregraph,ann1,reference_only,22248
39,featuregraph,ann1,reference_only,22772
39,featuregraph,ann1,reference_only,23302
39,featuregraph,ann1,reference_only,23785
39,featuregraph,ann1,reference_only,24815
39,featuregraph,ann1,reference_only,25363
39,featuregraph,ann1,reference_only,25859
39,featuregraph,ann1,reference_only,26343
39,featuregraph,ann1,reference_only,26887
39,featuregraph,ann1,reference_only,27422
39,featuregraph,ann1,reference_only,27943
39,featuregraph,ann1,reference_only,28452
39,featuregraph,ann1,reference_only,28970
39,featuregraph,ann1,reference_only,29452
39,featuregraph,ann1,reference_only,29948
39,featuregraph,ann1,reference_only,30433
39,featuregraph,ann1,reference_only,30946
39,featuregraph,ann1,reference_only,31476
39,featuregraph,ann1,reference_only,32007
39,featuregraph,ann1,reference_only,32537
39,featuregraph,ann1,reference_only,33046
39,featuregraph,ann1,reference_only,33611
39,featuregraph,ann1,reference_only,34091
39,featuregraph,ann1,reference_only,34613
39,featuregraph,ann1,reference_only,35122
39,featuregraph,ann1,reference_only,35661
39,featuregraph,ann1,reference_only,36187
39,featuregraph,ann1,reference_only,36735
39,featuregraph,ann1,reference_only,37270
39,featuregraph,ann1,reference_only,37793
39,featuregraph,ann1,reference_only,38307
39,featuregraph,ann1,reference_only,38811
39,featuregraph,ann1,reference_only,39363
39,featuregraph,ann1,reference_only,39837
39,featuregraph,ann1,reference_only,40346
39,featuregraph,ann1,reference_only,40811
39,featuregraph,ann1,reference_only,41757
39,featuregraph,ann1,reference_only,42283
39,featuregraph,ann1,reference_only,42835
39,featuregraph,ann1,reference_only,43235
39,featuregraph,ann1,reference_only,43730
39,featuregraph,ann1,reference_only,44209
39,featuregraph,ann1,reference_only,44617
39,featuregraph,ann1,reference_only,45120
39,featuregraph,ann1,reference_only,45585
39,featuregraph,ann1,reference_only,46567
39,featuregraph,ann1,reference_only,47137
39,featuregraph,ann1,reference_only,47746
39,featuregraph,ann1,reference_only,48393
39,featuregraph,ann1,reference_only,49009
39,featuregraph,ann1,reference_only,49774
39,featuregraph,ann1,reference_only,50426
39,featuregraph,ann1,reference_only,51043
39,featuregraph,ann1,reference_only,51713
39,featuregraph,ann1,reference_only,52265
39,featuregraph,ann1,reference_only,52841
39,featuregraph,ann1,reference_only,53415
39,featuregraph,ann1,reference_only,53989
39,featuregraph,ann1,reference_only,54533
39,featuregraph,ann1,reference_only,55128
39,featuregraph,ann1,reference_only,55772
39,featuregraph,ann1,reference_only,56330
39,featuregraph,ann1,reference_only,56843
39,featuregraph,ann1,reference_only,57461
39,featuregraph,ann1,reference_only,57996
39,featuregraph,ann1,reference_only,58487
39,featuregraph,ann1,reference_only,59057
39,featuregraph,ann1,reference_only,59578
39,featuregraph,ann2,detector_only,547
39,featuregraph,ann2,detector_only,1073
39,featuregraph,ann2,detector_only,1623
39,featuregraph,ann2,detector_only,2099
39,featuregraph,ann2,detector_only,2587
39,featuregraph,ann2,detector_only,3111
39,featuregraph,ann2,detector_only,4111
39,featuregraph,ann2,detector_only,4613
39,featuregraph,ann2,detector_only,5130
39,featuregraph,ann2,detector_only,5711
39,featuregraph,ann2,detector_only,6239
39,featuregraph,ann2,detector_only,6739
39,featuregraph,ann2,detector_only,7337
39,featuregraph,ann2,detector_only,7869
39,featuregraph,ann2,detector_only,8361
39,featuregraph,ann2,detector_only,8821
39,featuregraph,ann2,detector_only,9287
39,featuregraph,ann2,detector_only,9763
39,featuregraph,ann2,detector_only,10241
39,featuregraph,ann2,detector_only,10823
39,featuregraph,ann2,detector_only,11319
39,featuregraph,ann2,detector_only,11789
39,featuregraph,ann2,detector_only,12253
39,featuregraph,ann2,detector_only,12847
39,featuregraph,ann2,detector_only,13389
39,featuregraph,ann2,detector_only,13929
39,featuregraph,ann2,detector_only,14433
39,featuregraph,ann2,detector_only,14967
39,featuregraph,ann2,detector_only,15477
39,featuregraph,ann2,detector_only,15977
39,featuregraph,ann2,detector_only,16463
39,featuregraph,ann2,detector_only,16940
39,featuregraph,ann2,detector_only,17487
39,featuregraph,ann2,detector_only,18016
39,featuregraph,ann2,detector_only,18553
39,featuregraph,ann2,detector_only,19087
39,featuregraph,ann2,detector_only,19631
39,featuregraph,ann2,detector_only,20115
39,featuregraph,ann2,detector_only,20635
39,featuregraph,ann2,detector_only,21151
39,featuregraph,ann2,detector_only,21629
39,featuregraph,ann2,detector_only,22135
39,featuregraph,ann2,detector_only,22693
39,featuregraph,ann2,detector_only,23233
39,featuregraph,ann2,detector_only,23709
39,featuregraph,ann2,detector_only,24219
39,featuregraph,ann2,detector_only,24739
39,featuregraph,ann2,detector_only,25263
39,featuregraph,ann2,detector_only,25755
39,featuregraph,ann2,detector_only,26271
39,featuregraph,ann2,detector_only,26805
39,featuregraph,ann2,detector_only,27343
39,featuregraph,ann2,detector_only,27871
39,featuregraph,ann2,detector_only,28369
39,featuregraph,ann2,detector_only,28873
39,featuregraph,ann2,detector_only,29367
39,featuregraph,ann2,detector_only,29871
39,featuregraph,ann2,detector_only,30345
39,featuregraph,ann2,detector_only,30859
39,featuregraph,ann2,detector_only,31395
39,featuregraph,ann2,detector_only,31929
39,featuregraph,ann2,detector_only,32435
39,featuregraph,ann2,detector_only,32959
39,featuregraph,ann2,detector_only,33525
39,featuregraph,ann2,detector_only,34005
39,featuregraph,ann2,detector_only,34519
39,featuregraph,ann2,detector_only,35029
39,featuregraph,ann2,detector_only,35553
39,featuregraph,ann2,detector_only,36093
39,featuregraph,ann2,detector_only,36653
39,featuregraph,ann2,detector_only,37171
39,featuregraph,ann2,detector_only,37673
39,featuregraph,ann2,detector_only,38199
39,featuregraph,ann2,detector_only,38725
39,featuregraph,ann2,detector_only,39253
39,featuregraph,ann2,detector_only,39771
39,featuregraph,ann2,detector_only,40259
39,featuregraph,ann2,detector_only,40721
39,featuregraph,ann2,detector_only,41677
39,featuregraph,ann2,detector_only,42181
39,featuregraph,ann2,detector_only,42737
39,featuregraph,ann2,detector_only,43161
39,featuregraph,ann2,detector_only,43633
39,featuregraph,ann2,detector_only,44135
39,featuregraph,ann2,detector_only,44515
39,featuregraph,ann2,detector_only,45021
39,featuregraph,ann2,detector_only,45501
39,featuregraph,ann2,detector_only,45959
39,featuregraph,ann2,detector_only,46463
39,featuregraph,ann2,detector_only,47035
39,featuregraph,ann2,detector_only,47627
39,featuregraph,ann2,detector_only,48277
39,featuregraph,ann2,detector_only,48927
39,featuregraph,ann2,detector_only,49655
39,featuregraph,ann2,detector_only,50329
39,featuregraph,ann2,detector_only,50945
39,featuregraph,ann2,detector_only,51579
39,featuregraph,ann2,detector_only,52147
39,featuregraph,ann2,detector_only,52733
39,featuregraph,ann2,detector_only,53301
39,featuregraph,ann2,detector_only,53891
39,featuregraph,ann2,detector_only,54431
39,featuregraph,ann2,detector_only,55037
39,featuregraph,ann2,detector_only,55653
39,featuregraph,ann2,detector_only,56233
39,featuregraph,ann2,detector_only,56759
39,featuregraph,ann2,detector_only,57363
39,featuregraph,ann2,detector_only,57889
39,featuregraph,ann2,detector_only,58401
39,featuregraph,ann2,detector_only,58943
39,featuregraph,ann2,detector_only,59471
39,featuregraph,ann2,reference_only,140
39,featuregraph,ann2,reference_only,657
39,featuregraph,ann2,reference_only,1153
39,featuregraph,ann2,reference_only,1723
39,featuregraph,ann2,reference_only,2193
39,featuregraph,ann2,reference_only,2689
39,featuregraph,ann2,reference_only,3211
39,featuregraph,ann2,reference_only,4201
39,featuregraph,ann2,reference_only,4708
39,featuregraph,ann2,reference_only,5241
39,featuregraph,ann2,reference_only,5811
39,featuregraph,ann2,reference_only,6323
39,featuregraph,ann2,reference_only,6845
39,featuregraph,ann2,reference_only,7425
39,featuregraph,ann2,reference_only,7972
39,featuregraph,ann2,reference_only,8447
39,featuregraph,ann2,reference_only,8896
39,featuregraph,ann2,reference_only,9381
39,featuregraph,ann2,reference_only,9851
39,featuregraph,ann2,reference_only,10336
39,featuregraph,ann2,reference_only,10922
39,featuregraph,ann2,reference_only,11400
39,featuregraph,ann2,reference_only,11875
39,featuregraph,ann2,reference_only,12361
39,featuregraph,ann2,reference_only,12931
39,featuregraph,ann2,reference_only,13474
39,featuregraph,ann2,reference_only,14034
39,featuregraph,ann2,reference_only,14535
39,featuregraph,ann2,reference_only,15055
39,featuregraph,ann2,reference_only,15573
39,featuregraph,ann2,reference_only,16079
39,featuregraph,ann2,reference_only,16554
39,featuregraph,ann2,reference_only,17040
39,featuregraph,ann2,reference_only,17583
39,featuregraph,ann2,reference_only,18121
39,featuregraph,ann2,reference_only,18644
39,featuregraph,ann2,reference_only,19164
39,featuregraph,ann2,reference_only,19724
39,featuregraph,ann2,reference_only,20204
39,featuregraph,ann2,reference_only,20737
39,featuregraph,ann2,reference_only,21249
39,featuregraph,ann2,reference_only,21734
39,featuregraph,ann2,reference_only,22246
39,featuregraph,ann2,reference_only,22788
39,featuregraph,ann2,reference_only,23315
39,featuregraph,ann2,reference_only,23806
39,featuregraph,ann2,reference_only,24313
39,featuregraph,ann2,reference_only,24830
39,featuregraph,ann2,reference_only,25347
39,featuregraph,ann2,reference_only,25859
39,featuregraph,ann2,reference_only,26358
39,featuregraph,ann2,reference_only,26907
39,featuregraph,ann2,reference_only,27435
39,featuregraph,ann2,reference_only,27957
39,featuregraph,ann2,reference_only,28458
39,featuregraph,ann2,reference_only,28970
39,featuregraph,ann2,reference_only,29445
39,featuregraph,ann2,reference_only,29962
39,featuregraph,ann2,reference_only,30430
39,featuregraph,ann2,reference_only,30958
39,featuregraph,ann2,reference_only,31485
39,featuregraph,ann2,reference_only,32018
39,featuregraph,ann2,reference_only,32525
39,featuregraph,ann2,reference_only,33058
39,featuregraph,ann2,reference_only,33612
39,featuregraph,ann2,reference_only,34090
39,featuregraph,ann2,reference_only,34618
39,featuregraph,ann2,reference_only,35141
39,featuregraph,ann2,reference_only,35658
39,featuregraph,ann2,reference_only,36191
39,featuregraph,ann2,reference_only,36734
39,featuregraph,ann2,reference_only,37262
39,featuregraph,ann2,reference_only,37766
39,featuregraph,ann2,reference_only,38294
39,featuregraph,ann2,reference_only,38806
39,featuregraph,ann2,reference_only,39355
39,featuregraph,ann2,reference_only,39856
39,featuregraph,ann2,reference_only,40352
39,featuregraph,ann2,reference_only,40817
39,featuregraph,ann2,reference_only,41775
39,featuregraph,ann2,reference_only,42271
39,featuregraph,ann2,reference_only,42825
39,featuregraph,ann2,reference_only,43247
39,featuregraph,ann2,reference_only,43728
39,featuregraph,ann2,reference_only,44224
39,featuregraph,ann2,reference_only,44604
39,featuregraph,ann2,reference_only,45098
39,featuregraph,ann2,reference_only,45583
39,featuregraph,ann2,reference_only,46037
39,featuregraph,ann2,reference_only,46565
39,featuregraph,ann2,reference_only,47135
39,featuregraph,ann2,reference_only,47726
39,featuregraph,ann2,reference_only,48375
39,featuregraph,ann2,reference_only,49016
39,featuregraph,ann2,reference_only,49766
39,featuregraph,ann2,reference_only,50436
39,featuregraph,ann2,reference_only,51059
39,featuregraph,ann2,reference_only,51697
39,featuregraph,ann2,reference_only,52262
39,featuregraph,ann2,reference_only,52835
39,featuregraph,ann2,reference_only,53400
39,featuregraph,ann2,reference_only,53985
39,featuregraph,ann2,reference_only,54550
39,featuregraph,ann2,reference_only,55136
39,featuregraph,ann2,reference_only,55774
39,featuregraph,ann2,reference_only,56332
39,featuregraph,ann2,reference_only,56854
39,featuregraph,ann2,reference_only,57461
39,featuregraph,ann2,reference_only,57984
39,featuregraph,ann2,reference_only,58485
39,featuregraph,ann2,reference_only,59028
39,featuregraph,ann2,reference_only,59577
39,llm_selected_baseline,ann1,detector_only,912
39,llm_selected_baseline,ann1,detector_only,2946
39,llm_selected_baseline,ann1,detector_only,3470
39,llm_selected_baseline,ann1,detector_only,4969
39,llm_selected_baseline,ann1,detector_only,6080
39,llm_selected_baseline,ann1,detector_only,6580
39,llm_selected_baseline,ann1,detector_only,6807
39,llm_selected_baseline,ann1,detector_only,7152
39,llm_selected_baseline,ann1,detector_only,7693
39,llm_selected_baseline,ann1,detector_only,11164
39,llm_selected_baseline,ann1,detector_only,12097
39,llm_selected_baseline,ann1,detector_only,13207
39,llm_selected_baseline,ann1,detector_only,13754
39,llm_selected_baseline,ann1,detector_only,14275
39,llm_selected_baseline,ann1,detector_only,14797
39,llm_selected_baseline,ann1,detector_only,15316
39,llm_selected_baseline,ann1,detector_only,17312
39,llm_selected_baseline,ann1,detector_only,17845
39,llm_selected_baseline,ann1,detector_only,18390
39,llm_selected_baseline,ann1,detector_only,18924
39,llm_selected_baseline,ann1,detector_only,19452
39,llm_selected_baseline,ann1,detector_only,20468
39,llm_selected_baseline,ann1,detector_only,20992
39,llm_selected_baseline,ann1,detector_only,21980
39,llm_selected_baseline,ann1,detector_only,22518
39,llm_selected_baseline,ann1,detector_only,23062
39,llm_selected_baseline,ann1,detector_only,24058
39,llm_selected_baseline,ann1,detector_only,24572
39,llm_selected_baseline,ann1,detector_only,25102
39,llm_selected_baseline,ann1,detector_only,25600
39,llm_selected_baseline,ann1,detector_only,26105
39,llm_selected_baseline,ann1,detector_only,26626
39,llm_selected_baseline,ann1,detector_only,27171
39,llm_selected_baseline,ann1,detector_only,27702
39,llm_selected_baseline,ann1,detector_only,28209
39,llm_selected_baseline,ann1,detector_only,28713
39,llm_selected_baseline,ann1,detector_only,29210
39,llm_selected_baseline,ann1,detector_only,29700
39,llm_selected_baseline,ann1,detector_only,30193
39,llm_selected_baseline,ann1,detector_only,30680
39,llm_selected_baseline,ann1,detector_only,31212
39,llm_selected_baseline,ann1,detector_only,31754
39,llm_selected_baseline,ann1,detector_only,32276
39,llm_selected_baseline,ann1,detector_only,32789
39,llm_selected_baseline,ann1,detector_only,33345
39,llm_selected_baseline,ann1,detector_only,34352
39,llm_selected_baseline,ann1,detector_only,35391
39,llm_selected_baseline,ann1,detector_only,35927
39,llm_selected_baseline,ann1,detector_only,36475
39,llm_selected_baseline,ann1,detector_only,37004
39,llm_selected_baseline,ann1,detector_only,37518
39,llm_selected_baseline,ann1,detector_only,38036
39,llm_selected_baseline,ann1,detector_only,38559
39,llm_selected_baseline,ann1,detector_only,39086
39,llm_selected_baseline,ann1,detector_only,39612
39,llm_selected_baseline,ann1,detector_only,42018
39,llm_selected_baseline,ann1,detector_only,42558
39,llm_selected_baseline,ann1,detector_only,43475
39,llm_selected_baseline,ann1,detector_only,43985
39,llm_selected_baseline,ann1,detector_only,46296
39,llm_selected_baseline,ann1,detector_only,51645
39,llm_selected_baseline,ann1,detector_only,52554
39,llm_selected_baseline,ann1,detector_only,53131
39,llm_selected_baseline,ann1,detector_only,53704
39,llm_selected_baseline,ann1,detector_only,54271
39,llm_selected_baseline,ann1,detector_only,56050
39,llm_selected_baseline,ann1,detector_only,56602
39,llm_selected_baseline,ann1,detector_only,58772
39,llm_selected_baseline,ann1,reference_only,6878
39,llm_selected_baseline,ann1,reference_only,51713
39,llm_selected_baseline,ann2,detector_only,912
39,llm_selected_baseline,ann2,detector_only,2946
39,llm_selected_baseline,ann2,detector_only,3470
39,llm_selected_baseline,ann2,detector_only,4969
39,llm_selected_baseline,ann2,detector_only,6080
39,llm_selected_baseline,ann2,detector_only,6580
39,llm_selected_baseline,ann2,detector_only,7152
39,llm_selected_baseline,ann2,detector_only,7693
39,llm_selected_baseline,ann2,detector_only,11164
39,llm_selected_baseline,ann2,detector_only,12097
39,llm_selected_baseline,ann2,detector_only,13207
39,llm_selected_baseline,ann2,detector_only,13754
39,llm_selected_baseline,ann2,detector_only,14275
39,llm_selected_baseline,ann2,detector_only,14797
39,llm_selected_baseline,ann2,detector_only,15316
39,llm_selected_baseline,ann2,detector_only,17312
39,llm_selected_baseline,ann2,detector_only,17845
39,llm_selected_baseline,ann2,detector_only,18390
39,llm_selected_baseline,ann2,detector_only,18924
39,llm_selected_baseline,ann2,detector_only,19452
39,llm_selected_baseline,ann2,detector_only,20468
39,llm_selected_baseline,ann2,detector_only,20992
39,llm_selected_baseline,ann2,detector_only,21980
39,llm_selected_baseline,ann2,detector_only,22518
39,llm_selected_baseline,ann2,detector_only,23062
39,llm_selected_baseline,ann2,detector_only,24058
39,llm_selected_baseline,ann2,detector_only,24572
39,llm_selected_baseline,ann2,detector_only,25102
39,llm_selected_baseline,ann2,detector_only,25600
39,llm_selected_baseline,ann2,detector_only,26105
39,llm_selected_baseline,ann2,detector_only,26626
39,llm_selected_baseline,ann2,detector_only,27171
39,llm_selected_baseline,ann2,detector_only,27702
39,llm_selected_baseline,ann2,detector_only,28209
39,llm_selected_baseline,ann2,detector_only,28713
39,llm_selected_baseline,ann2,detector_only,29210
39,llm_selected_baseline,ann2,detector_only,29700
39,llm_selected_baseline,ann2,detector_only,30193
39,llm_selected_baseline,ann2,detector_only,30680
39,llm_selected_baseline,ann2,detector_only,31212
39,llm_selected_baseline,ann2,detector_only,31754
39,llm_selected_baseline,ann2,detector_only,32276
39,llm_selected_baseline,ann2,detector_only,32789
39,llm_selected_baseline,ann2,detector_only,33345
39,llm_selected_baseline,ann2,detector_only,34352
39,llm_selected_baseline,ann2,detector_only,35391
39,llm_selected_baseline,ann2,detector_only,35927
39,llm_selected_baseline,ann2,detector_only,36475
39,llm_selected_baseline,ann2,detector_only,37004
39,llm_selected_baseline,ann2,detector_only,37518
39,llm_selected_baseline,ann2,detector_only,38036
39,llm_selected_baseline,ann2,detector_only,38559
39,llm_selected_baseline,ann2,detector_only,39086
39,llm_selected_baseline,ann2,detector_only,39612
39,llm_selected_baseline,ann2,detector_only,42018
39,llm_selected_baseline,ann2,detector_only,42558
39,llm_selected_baseline,ann2,detector_only,43475
39,llm_selected_baseline,ann2,detector_only,43985
39,llm_selected_baseline,ann2,detector_only,46296
39,llm_selected_baseline,ann2,detector_only,52554
39,llm_selected_baseline,ann2,detector_only,53131
39,llm_selected_baseline,ann2,detector_only,53704
39,llm_selected_baseline,ann2,detector_only,54271
39,llm_selected_baseline,ann2,detector_only,56050
39,llm_selected_baseline,ann2,detector_only,56602
39,llm_selected_baseline,ann2,detector_only,58772
40,featuregraph,ann1,detector_only,1505
40,featuregraph,ann1,detector_only,2957
40,featuregraph,ann1,detector_only,3649
40,featuregraph,ann1,detector_only,5473
40,featuregraph,ann1,detector_only,5989
40,featuregraph,ann1,detector_only,7801
40,featuregraph,ann1,detector_only,11443
40,featuregraph,ann1,detector_only,11663
40,featuregraph,ann1,detector_only,12097
40,featuregraph,ann1,detector_only,16899
40,featuregraph,ann1,detector_only,17323
40,featuregraph,ann1,detector_only,17833
40,featuregraph,ann1,detector_only,18125
40,featuregraph,ann1,detector_only,20019
40,featuregraph,ann1,detector_only,23271
40,featuregraph,ann1,detector_only,24445
40,featuregraph,ann1,detector_only,25835
40,featuregraph,ann1,detector_only,26737
40,featuregraph,ann1,detector_only,27275
40,featuregraph,ann1,detector_only,28191
40,featuregraph,ann1,detector_only,29023
40,featuregraph,ann1,detector_only,29971
40,featuregraph,ann1,detector_only,30575
40,featuregraph,ann1,detector_only,33089
40,featuregraph,ann1,detector_only,33367
40,featuregraph,ann1,detector_only,33515
40,featuregraph,ann1,detector_only,35405
40,featuregraph,ann1,detector_only,36403
40,featuregraph,ann1,detector_only,36583
40,featuregraph,ann1,detector_only,36739
40,featuregraph,ann1,detector_only,37091
40,featuregraph,ann1,detector_only,37243
40,featuregraph,ann1,detector_only,38545
40,featuregraph,ann1,detector_only,38919
40,featuregraph,ann1,detector_only,41159
40,featuregraph,ann1,detector_only,41313
40,featuregraph,ann1,detector_only,41727
40,featuregraph,ann1,detector_only,44149
40,featuregraph,ann1,detector_only,46213
40,featuregraph,ann1,detector_only,48135
40,featuregraph,ann1,detector_only,49727
40,featuregraph,ann1,detector_only,50179
40,featuregraph,ann1,detector_only,50525
40,featuregraph,ann1,detector_only,53753
40,featuregraph,ann1,detector_only,55471
40,featuregraph,ann1,detector_only,56419
40,featuregraph,ann1,detector_only,57781
40,featuregraph,ann1,reference_only,89
40,featuregraph,ann1,reference_only,1576
40,featuregraph,ann1,reference_only,3046
40,featuregraph,ann1,reference_only,3724
40,featuregraph,ann1,reference_only,5574
40,featuregraph,ann1,reference_only,6070
40,featuregraph,ann1,reference_only,16967
40,featuregraph,ann1,reference_only,17393
40,featuregraph,ann1,reference_only,17920
40,featuregraph,ann1,reference_only,20083
40,featuregraph,ann1,reference_only,23337
40,featuregraph,ann1,reference_only,28335
40,featuregraph,ann1,reference_only,29274
40,featuregraph,ann1,reference_only,30667
40,featuregraph,ann1,reference_only,33159
40,featuregraph,ann1,reference_only,35470
40,featuregraph,ann1,reference_only,36848
40,featuregraph,ann1,reference_only,38680
40,featuregraph,ann1,reference_only,48207
40,featuregraph,ann1,reference_only,49813
40,featuregraph,ann1,reference_only,50252
40,featuregraph,ann1,reference_only,50609
40,featuregraph,ann1,reference_only,55550
40,featuregraph,ann1,reference_only,56500
40,featuregraph,ann1,reference_only,57852
40,featuregraph,ann1,reference_only,59952
40,featuregraph,ann2,detector_only,3649
40,featuregraph,ann2,detector_only,5473
40,featuregraph,ann2,detector_only,6971
40,featuregraph,ann2,detector_only,7801
40,featuregraph,ann2,detector_only,10275
40,featuregraph,ann2,detector_only,12097
40,featuregraph,ann2,detector_only,17833
40,featuregraph,ann2,detector_only,18125
40,featuregraph,ann2,detector_only,18545
40,featuregraph,ann2,detector_only,19555
40,featuregraph,ann2,detector_only,21397
40,featuregraph,ann2,detector_only,23271
40,featuregraph,ann2,detector_only,24445
40,featuregraph,ann2,detector_only,25835
40,featuregraph,ann2,detector_only,26737
40,featuregraph,ann2,detector_only,27275
40,featuregraph,ann2,detector_only,28191
40,featuregraph,ann2,detector_only,29971
40,featuregraph,ann2,detector_only,31063
40,featuregraph,ann2,detector_only,31531
40,featuregraph,ann2,detector_only,33515
40,featuregraph,ann2,detector_only,36583
40,featuregraph,ann2,detector_only,36739
40,featuregraph,ann2,detector_only,37091
40,featuregraph,ann2,detector_only,38545
40,featuregraph,ann2,detector_only,41313
40,featuregraph,ann2,detector_only,41727
40,featuregraph,ann2,detector_only,41911
40,featuregraph,ann2,detector_only,44149
40,featuregraph,ann2,detector_only,46213
40,featuregraph,ann2,detector_only,46419
40,featuregraph,ann2,detector_only,48135
40,featuregraph,ann2,detector_only,50525
40,featuregraph,ann2,detector_only,51921
40,featuregraph,ann2,detector_only,53423
40,featuregraph,ann2,detector_only,53753
40,featuregraph,ann2,detector_only,55963
40,featuregraph,ann2,detector_only,56419
40,featuregraph,ann2,detector_only,56921
40,featuregraph,ann2,detector_only,57781
40,featuregraph,ann2,reference_only,66
40,featuregraph,ann2,reference_only,3739
40,featuregraph,ann2,reference_only,5542
40,featuregraph,ann2,reference_only,7035
40,featuregraph,ann2,reference_only,10342
40,featuregraph,ann2,reference_only,11954
40,featuregraph,ann2,reference_only,17931
40,featuregraph,ann2,reference_only,23336
40,featuregraph,ann2,reference_only,28279
40,featuregraph,ann2,reference_only,31127
40,featuregraph,ann2,reference_only,31602
40,featuregraph,ann2,reference_only,36850
40,featuregraph,ann2,reference_only,38658
40,featuregraph,ann2,reference_only,41981
40,featuregraph,ann2,reference_only,46280
40,featuregraph,ann2,reference_only,46512
40,featuregraph,ann2,reference_only,48201
40,featuregraph,ann2,reference_only,50600
40,featuregraph,ann2,reference_only,51987
40,featuregraph,ann2,reference_only,53600
40,featuregraph,ann2,reference_only,56038
40,featuregraph,ann2,reference_only,56495
40,featuregraph,ann2,reference_only,57002
40,featuregraph,ann2,reference_only,57862
40,featuregraph,ann2,reference_only,59957
40,llm_selected_baseline,ann1,detector_only,4365
40,llm_selected_baseline,ann1,detector_only,11460
40,llm_selected_baseline,ann1,detector_only,11715
40,llm_selected_baseline,ann1,detector_only,11921
40,llm_selected_baseline,ann1,detector_only,18145
40,llm_selected_baseline,ann1,detector_only,24480
40,llm_selected_baseline,ann1,detector_only,25841
40,llm_selected_baseline,ann1,detector_only,26760
40,llm_selected_baseline,ann1,detector_only,27255
40,llm_selected_baseline,ann1,detector_only,28249
40,llm_selected_baseline,ann1,detector_only,28994
40,llm_selected_baseline,ann1,detector_only,29991
40,llm_selected_baseline,ann1,detector_only,33503
40,llm_selected_baseline,ann1,detector_only,36400
40,llm_selected_baseline,ann1,detector_only,37272
40,llm_selected_baseline,ann1,detector_only,38605
40,llm_selected_baseline,ann1,detector_only,38942
40,llm_selected_baseline,ann1,detector_only,41169
40,llm_selected_baseline,ann1,detector_only,41728
40,llm_selected_baseline,ann1,detector_only,42266
40,llm_selected_baseline,ann1,detector_only,43082
40,llm_selected_baseline,ann1,detector_only,44160
40,llm_selected_baseline,ann1,detector_only,46259
40,llm_selected_baseline,ann1,detector_only,56975
40,llm_selected_baseline,ann1,reference_only,19422
40,llm_selected_baseline,ann1,reference_only,28335
40,llm_selected_baseline,ann1,reference_only,29274
40,llm_selected_baseline,ann1,reference_only,38680
40,llm_selected_baseline,ann1,reference_only,56909
40,llm_selected_baseline,ann1,reference_only,59952
40,llm_selected_baseline,ann2,detector_only,4365
40,llm_selected_baseline,ann2,detector_only,18145
40,llm_selected_baseline,ann2,detector_only,18568
40,llm_selected_baseline,ann2,detector_only,19580
40,llm_selected_baseline,ann2,detector_only,21437
40,llm_selected_baseline,ann2,detector_only,24480
40,llm_selected_baseline,ann2,detector_only,25841
40,llm_selected_baseline,ann2,detector_only,26760
40,llm_selected_baseline,ann2,detector_only,27255
40,llm_selected_baseline,ann2,detector_only,29991
40,llm_selected_baseline,ann2,detector_only,33503
40,llm_selected_baseline,ann2,detector_only,41728
40,llm_selected_baseline,ann2,detector_only,42266
40,llm_selected_baseline,ann2,detector_only,43082
40,llm_selected_baseline,ann2,detector_only,44160
40,llm_selected_baseline,ann2,detector_only,53468
40,llm_selected_baseline,ann2,reference_only,19433
40,llm_selected_baseline,ann2,reference_only,33369
40,llm_selected_baseline,ann2,reference_only,53600
40,llm_selected_baseline,ann2,reference_only,59957
41,featuregraph,ann1,detector_only,9975
41,featuregraph,ann1,detector_only,10028
41,featuregraph,ann1,detector_only,10034
41,featuregraph,ann1,detector_only,10039
41,featuregraph,ann1,detector_only,10045
41,featuregraph,ann1,detector_only,10050
41,featuregraph,ann1,detector_only,10056
41,featuregraph,ann1,detector_only,10062
41,featuregraph,ann1,detector_only,10067
41,featuregraph,ann1,detector_only,10073
41,featuregraph,ann1,detector_only,10078
41,featuregraph,ann1,detector_only,10125
41,featuregraph,ann1,detector_only,16022
41,featuregraph,ann1,detector_only,37475
41,featuregraph,ann1,detector_only,40741
41,featuregraph,ann1,detector_only,52511
41,featuregraph,ann1,detector_only,57587
41,featuregraph,ann2,detector_only,9975
41,featuregraph,ann2,detector_only,10028
41,featuregraph,ann2,detector_only,10034
41,featuregraph,ann2,detector_only,10039
41,featuregraph,ann2,detector_only,10045
41,featuregraph,ann2,detector_only,10050
41,featuregraph,ann2,detector_only,10056
41,featuregraph,ann2,detector_only,10062
41,featuregraph,ann2,detector_only,10067
41,featuregraph,ann2,detector_only,10073
41,featuregraph,ann2,detector_only,10078
41,featuregraph,ann2,detector_only,10125
41,featuregraph,ann2,detector_only,16022
41,featuregraph,ann2,detector_only,34906
41,featuregraph,ann2,detector_only,37475
41,featuregraph,ann2,detector_only,40741
41,featuregraph,ann2,detector_only,57587
41,llm_selected_baseline,ann1,detector_only,16032
41,llm_selected_baseline,ann1,detector_only,40701
41,llm_selected_baseline,ann1,detector_only,52517
41,llm_selected_baseline,ann1,detector_only,57583
41,llm_selected_baseline,ann2,detector_only,16032
41,llm_selected_baseline,ann2,detector_only,34915
41,llm_selected_baseline,ann2,detector_only,40701
41,llm_selected_baseline,ann2,detector_only,57583
42,featuregraph,ann1,detector_only,29216
42,featuregraph,ann1,detector_only,43672
42,featuregraph,ann1,reference_only,29283
42,featuregraph,ann1,reference_only,43748
42,featuregraph,ann2,detector_only,1024
42,featuregraph,ann2,detector_only,20630
42,featuregraph,ann2,detector_only,42336
42,featuregraph,ann2,reference_only,1090
42,featuregraph,ann2,reference_only,20695
42,featuregraph,ann2,reference_only,42403
43,featuregraph,ann1,detector_only,8336
43,featuregraph,ann1,detector_only,27739
43,featuregraph,ann1,detector_only,46409
43,featuregraph,ann1,reference_only,59961
43,featuregraph,ann2,detector_only,8336
43,featuregraph,ann2,detector_only,27739
43,featuregraph,ann2,detector_only,36317
43,featuregraph,ann2,detector_only,46409
43,featuregraph,ann2,reference_only,36386
43,featuregraph,ann2,reference_only,59968
43,llm_selected_baseline,ann1,detector_only,8343
43,llm_selected_baseline,ann1,reference_only,59961
43,llm_selected_baseline,ann2,detector_only,8343
43,llm_selected_baseline,ann2,reference_only,59968
44,featuregraph,ann1,detector_only,291
44,featuregraph,ann1,detector_only,627
44,featuregraph,ann1,detector_only,1037
44,featuregraph,ann1,detector_only,1607
44,featuregraph,ann1,detector_only,1921
44,featuregraph,ann1,detector_only,2423
44,featuregraph,ann1,detector_only,2875
44,featuregraph,ann1,detector_only,3321
44,featuregraph,ann1,detector_only,3737
44,featuregraph,ann1,detector_only,4147
44,featuregraph,ann1,detector_only,4533
44,featuregraph,ann1,detector_only,5127
44,featuregraph,ann1,detector_only,5461
44,featuregraph,ann1,detector_only,6033
44,featuregraph,ann1,detector_only,6437
44,featuregraph,ann1,detector_only,6825
44,featuregraph,ann1,detector_only,7341
44,featuregraph,ann1,detector_only,7673
44,featuregraph,ann1,detector_only,8083
44,featuregraph,ann1,detector_only,8647
44,featuregraph,ann1,detector_only,9059
44,featuregraph,ann1,detector_only,9555
44,featuregraph,ann1,detector_only,10015
44,featuregraph,ann1,detector_only,10369
44,featuregraph,ann1,detector_only,10779
44,featuregraph,ann1,detector_only,11195
44,featuregraph,ann1,detector_only,11357
44,featuregraph,ann1,detector_only,11687
44,featuregraph,ann1,detector_only,12087
44,featuregraph,ann1,detector_only,12495
44,featuregraph,ann1,detector_only,12989
44,featuregraph,ann1,detector_only,13377
44,featuregraph,ann1,detector_only,13865
44,featuregraph,ann1,detector_only,14307
44,featuregraph,ann1,detector_only,14891
44,featuregraph,ann1,detector_only,15749
44,featuregraph,ann1,detector_only,16195
44,featuregraph,ann1,detector_only,16527
44,featuregraph,ann1,detector_only,17027
44,featuregraph,ann1,detector_only,17433
44,featuregraph,ann1,detector_only,17889
44,featuregraph,ann1,detector_only,18327
44,featuregraph,ann1,detector_only,18835
44,featuregraph,ann1,detector_only,19329
44,featuregraph,ann1,detector_only,19821
44,featuregraph,ann1,detector_only,20249
44,featuregraph,ann1,detector_only,20649
44,featuregraph,ann1,detector_only,21143
44,featuregraph,ann1,detector_only,21531
44,featuregraph,ann1,detector_only,22013
44,featuregraph,ann1,detector_only,22523
44,featuregraph,ann1,detector_only,22939
44,featuregraph,ann1,detector_only,23363
44,featuregraph,ann1,detector_only,23789
44,featuregraph,ann1,detector_only,24197
44,featuregraph,ann1,detector_only,24709
44,featuregraph,ann1,detector_only,25201
44,featuregraph,ann1,detector_only,25575
44,featuregraph,ann1,detector_only,26025
44,featuregraph,ann1,detector_only,26523
44,featuregraph,ann1,detector_only,26937
44,featuregraph,ann1,detector_only,27433
44,featuregraph,ann1,detector_only,27853
44,featuregraph,ann1,detector_only,28359
44,featuregraph,ann1,detector_only,28771
44,featuregraph,ann1,detector_only,29333
44,featuregraph,ann1,detector_only,29751
44,featuregraph,ann1,detector_only,30193
44,featuregraph,ann1,detector_only,30693
44,featuregraph,ann1,detector_only,31093
44,featuregraph,ann1,detector_only,31619
44,featuregraph,ann1,detector_only,32033
44,featuregraph,ann1,detector_only,32537
44,featuregraph,ann1,detector_only,33035
44,featuregraph,ann1,detector_only,33455
44,featuregraph,ann1,detector_only,33879
44,featuregraph,ann1,detector_only,34353
44,featuregraph,ann1,detector_only,34777
44,featuregraph,ann1,detector_only,35207
44,featuregraph,ann1,detector_only,35641
44,featuregraph,ann1,detector_only,36105
44,featuregraph,ann1,detector_only,36535
44,featuregraph,ann1,detector_only,37001
44,featuregraph,ann1,detector_only,37247
44,featuregraph,ann1,detector_only,37471
44,featuregraph,ann1,detector_only,37929
44,featuregraph,ann1,detector_only,38351
44,featuregraph,ann1,detector_only,38827
44,featuregraph,ann1,detector_only,39241
44,featuregraph,ann1,detector_only,39703
44,featuregraph,ann1,detector_only,40079
44,featuregraph,ann1,detector_only,40629
44,featuregraph,ann1,detector_only,41051
44,featuregraph,ann1,detector_only,41471
44,featuregraph,ann1,detector_only,42021
44,featuregraph,ann1,detector_only,42487
44,featuregraph,ann1,detector_only,42885
44,featuregraph,ann1,detector_only,43335
44,featuregraph,ann1,detector_only,43839
44,featuregraph,ann1,detector_only,44325
44,featuregraph,ann1,detector_only,44757
44,featuregraph,ann1,detector_only,45199
44,featuregraph,ann1,detector_only,45623
44,featuregraph,ann1,detector_only,46135
44,featuregraph,ann1,detector_only,46565
44,featuregraph,ann1,detector_only,47045
44,featuregraph,ann1,detector_only,47471
44,featuregraph,ann1,detector_only,47929
44,featuregraph,ann1,detector_only,48413
44,featuregraph,ann1,detector_only,48853
44,featuregraph,ann1,detector_only,49297
44,featuregraph,ann1,detector_only,49671
44,featuregraph,ann1,detector_only,50197
44,featuregraph,ann1,detector_only,50741
44,featuregraph,ann1,detector_only,51165
44,featuregraph,ann1,detector_only,51653
44,featuregraph,ann1,detector_only,52031
44,featuregraph,ann1,detector_only,52511
44,featuregraph,ann1,detector_only,52969
44,featuregraph,ann1,detector_only,53471
44,featuregraph,ann1,detector_only,53899
44,featuregraph,ann1,detector_only,54331
44,featuregraph,ann1,detector_only,54845
44,featuregraph,ann1,detector_only,55363
44,featuregraph,ann1,detector_only,55843
44,featuregraph,ann1,detector_only,56301
44,featuregraph,ann1,detector_only,56709
44,featuregraph,ann1,detector_only,57241
44,featuregraph,ann1,detector_only,57615
44,featuregraph,ann1,detector_only,57965
44,featuregraph,ann1,detector_only,58325
44,featuregraph,ann1,detector_only,58749
44,featuregraph,ann1,detector_only,59219
44,featuregraph,ann1,detector_only,59649
44,featuregraph,ann1,reference_only,393
44,featuregraph,ann1,reference_only,802
44,featuregraph,ann1,reference_only,1250
44,featuregraph,ann1,reference_only,1720
44,featuregraph,ann1,reference_only,2185
44,featuregraph,ann1,reference_only,2624
44,featuregraph,ann1,reference_only,3037
44,featuregraph,ann1,reference_only,3463
44,featuregraph,ann1,reference_only,3935
44,featuregraph,ann1,reference_only,4326
44,featuregraph,ann1,reference_only,4774
44,featuregraph,ann1,reference_only,5217
44,featuregraph,ann1,reference_only,5678
44,featuregraph,ann1,reference_only,6148
44,featuregraph,ann1,reference_only,6565
44,featuregraph,ann1,reference_only,7030
44,featuregraph,ann1,reference_only,7439
44,featuregraph,ann1,reference_only,7872
44,featuregraph,ann1,reference_only,8328
44,featuregraph,ann1,reference_only,8785
44,featuregraph,ann1,reference_only,9233
44,featuregraph,ann1,reference_only,9663
44,featuregraph,ann1,reference_only,10133
44,featuregraph,ann1,reference_only,10554
44,featuregraph,ann1,reference_only,10972
44,featuregraph,ann1,reference_only,11443
44,featuregraph,ann1,reference_only,11826
44,featuregraph,ann1,reference_only,12252
44,featuregraph,ann1,reference_only,12774
44,featuregraph,ann1,reference_only,13165
44,featuregraph,ann1,reference_only,14113
44,featuregraph,ann1,reference_only,14548
44,featuregraph,ann1,reference_only,15015
44,featuregraph,ann1,reference_only,15893
44,featuregraph,ann1,reference_only,16285
44,featuregraph,ann1,reference_only,16724
44,featuregraph,ann1,reference_only,17150
44,featuregraph,ann1,reference_only,17611
44,featuregraph,ann1,reference_only,18063
44,featuregraph,ann1,reference_only,18541
44,featuregraph,ann1,reference_only,18991
44,featuregraph,ann1,reference_only,19461
44,featuregraph,ann1,reference_only,19930
44,featuregraph,ann1,reference_only,20352
44,featuregraph,ann1,reference_only,20813
44,featuregraph,ann1,reference_only,21243
44,featuregraph,ann1,reference_only,21691
44,featuregraph,ann1,reference_only,22161
44,featuregraph,ann1,reference_only,22689
44,featuregraph,ann1,reference_only,23028
44,featuregraph,ann1,reference_only,23480
44,featuregraph,ann1,reference_only,23924
44,featuregraph,ann1,reference_only,24389
44,featuregraph,ann1,reference_only,24828
44,featuregraph,ann1,reference_only,25302
44,featuregraph,ann1,reference_only,25724
44,featuregraph,ann1,reference_only,26185
44,featuregraph,ann1,reference_only,26648
44,featuregraph,ann1,reference_only,27100
44,featuregraph,ann1,reference_only,27526
44,featuregraph,ann1,reference_only,28048
44,featuregraph,ann1,reference_only,28474
44,featuregraph,ann1,reference_only,28970
44,featuregraph,ann1,reference_only,29448
44,featuregraph,ann1,reference_only,29896
44,featuregraph,ann1,reference_only,30346
44,featuregraph,ann1,reference_only,30824
44,featuregraph,ann1,reference_only,31311
44,featuregraph,ann1,reference_only,31728
44,featuregraph,ann1,reference_only,32211
44,featuregraph,ann1,reference_only,32659
44,featuregraph,ann1,reference_only,33141
44,featuregraph,ann1,reference_only,33576
44,featuregraph,ann1,reference_only,33991
44,featuregraph,ann1,reference_only,34457
44,featuregraph,ann1,reference_only,34917
44,featuregraph,ann1,reference_only,35330
44,featuregraph,ann1,reference_only,35778
44,featuregraph,ann1,reference_only,36187
44,featuregraph,ann1,reference_only,36678
44,featuregraph,ann1,reference_only,37087
44,featuregraph,ann1,reference_only,37580
44,featuregraph,ann1,reference_only,38020
44,featuregraph,ann1,reference_only,38476
44,featuregraph,ann1,reference_only,38915
44,featuregraph,ann1,reference_only,39376
44,featuregraph,ann1,reference_only,39824
44,featuregraph,ann1,reference_only,40276
44,featuregraph,ann1,reference_only,40728
44,featuregraph,ann1,reference_only,41172
44,featuregraph,ann1,reference_only,41657
44,featuregraph,ann1,reference_only,42157
44,featuregraph,ann1,reference_only,42591
44,featuregraph,ann1,reference_only,43043
44,featuregraph,ann1,reference_only,43483
44,featuregraph,ann1,reference_only,43961
44,featuregraph,ann1,reference_only,44404
44,featuregraph,ann1,reference_only,44865
44,featuregraph,ann1,reference_only,45280
44,featuregraph,ann1,reference_only,45759
44,featuregraph,ann1,reference_only,46228
44,featuregraph,ann1,reference_only,46680
44,featuregraph,ann1,reference_only,47207
44,featuregraph,ann1,reference_only,47624
44,featuregraph,ann1,reference_only,48063
44,featuregraph,ann1,reference_only,48511
44,featuregraph,ann1,reference_only,48983
44,featuregraph,ann1,reference_only,49417
44,featuregraph,ann1,reference_only,49887
44,featuregraph,ann1,reference_only,50370
44,featuregraph,ann1,reference_only,50843
44,featuregraph,ann1,reference_only,51304
44,featuregraph,ann1,reference_only,51787
44,featuregraph,ann1,reference_only,52183
44,featuregraph,ann1,reference_only,52654
44,featuregraph,ann1,reference_only,53141
44,featuregraph,ann1,reference_only,53589
44,featuregraph,ann1,reference_only,54033
44,featuregraph,ann1,reference_only,54515
44,featuregraph,ann1,reference_only,55015
44,featuregraph,ann1,reference_only,55493
44,featuregraph,ann1,reference_only,55941
44,featuregraph,ann1,reference_only,56426
44,featuregraph,ann1,reference_only,56887
44,featuregraph,ann1,reference_only,57374
44,featuregraph,ann1,reference_only,58039
44,featuregraph,ann1,reference_only,58439
44,featuregraph,ann1,reference_only,58900
44,featuregraph,ann1,reference_only,59339
44,featuregraph,ann1,reference_only,59757
44,featuregraph,ann2,detector_only,3321
44,featuregraph,ann2,detector_only,11357
44,featuregraph,ann2,detector_only,13567
44,featuregraph,ann2,detector_only,37247
44,featuregraph,ann2,detector_only,57965
44,featuregraph,ann2,reference_only,3253
44,llm_selected_baseline,ann1,detector_only,277
44,llm_selected_baseline,ann1,detector_only,645
44,llm_selected_baseline,ann1,detector_only,1053
44,llm_selected_baseline,ann1,detector_only,1587
44,llm_selected_baseline,ann1,detector_only,1945
44,llm_selected_baseline,ann1,detector_only,2474
44,llm_selected_baseline,ann1,detector_only,2910
44,llm_selected_baseline,ann1,detector_only,3302
44,llm_selected_baseline,ann1,detector_only,3786
44,llm_selected_baseline,ann1,detector_only,4189
44,llm_selected_baseline,ann1,detector_only,4552
44,llm_selected_baseline,ann1,detector_only,5105
44,llm_selected_baseline,ann1,detector_only,5452
44,llm_selected_baseline,ann1,detector_only,6016
44,llm_selected_baseline,ann1,detector_only,6430
44,llm_selected_baseline,ann1,detector_only,6816
44,llm_selected_baseline,ann1,detector_only,7319
44,llm_selected_baseline,ann1,detector_only,7704
44,llm_selected_baseline,ann1,detector_only,8101
44,llm_selected_baseline,ann1,detector_only,8651
44,llm_selected_baseline,ann1,detector_only,9107
44,llm_selected_baseline,ann1,detector_only,9546
44,llm_selected_baseline,ann1,detector_only,10010
44,llm_selected_baseline,ann1,detector_only,10416
44,llm_selected_baseline,ann1,detector_only,10832
44,llm_selected_baseline,ann1,detector_only,11327
44,llm_selected_baseline,ann1,detector_only,11696
44,llm_selected_baseline,ann1,detector_only,12116
44,llm_selected_baseline,ann1,detector_only,12500
44,llm_selected_baseline,ann1,detector_only,13034
44,llm_selected_baseline,ann1,detector_only,13392
44,llm_selected_baseline,ann1,detector_only,13861
44,llm_selected_baseline,ann1,detector_only,14321
44,llm_selected_baseline,ann1,detector_only,14892
44,llm_selected_baseline,ann1,detector_only,15327
44,llm_selected_baseline,ann1,detector_only,15757
44,llm_selected_baseline,ann1,detector_only,16187
44,llm_selected_baseline,ann1,detector_only,16538
44,llm_selected_baseline,ann1,detector_only,17039
44,llm_selected_baseline,ann1,detector_only,17458
44,llm_selected_baseline,ann1,detector_only,17946
44,llm_selected_baseline,ann1,detector_only,18399
44,llm_selected_baseline,ann1,detector_only,18872
44,llm_selected_baseline,ann1,detector_only,19347
44,llm_selected_baseline,ann1,detector_only,19798
44,llm_selected_baseline,ann1,detector_only,20248
44,llm_selected_baseline,ann1,detector_only,20680
44,llm_selected_baseline,ann1,detector_only,21122
44,llm_selected_baseline,ann1,detector_only,21574
44,llm_selected_baseline,ann1,detector_only,22030
44,llm_selected_baseline,ann1,detector_only,22476
44,llm_selected_baseline,ann1,detector_only,22912
44,llm_selected_baseline,ann1,detector_only,23346
44,llm_selected_baseline,ann1,detector_only,23796
44,llm_selected_baseline,ann1,detector_only,24239
44,llm_selected_baseline,ann1,detector_only,24696
44,llm_selected_baseline,ann1,detector_only,25163
44,llm_selected_baseline,ann1,detector_only,25594
44,llm_selected_baseline,ann1,detector_only,26057
44,llm_selected_baseline,ann1,detector_only,26515
44,llm_selected_baseline,ann1,detector_only,26962
44,llm_selected_baseline,ann1,detector_only,27406
44,llm_selected_baseline,ann1,detector_only,27842
44,llm_selected_baseline,ann1,detector_only,28368
44,llm_selected_baseline,ann1,detector_only,28811
44,llm_selected_baseline,ann1,detector_only,29322
44,llm_selected_baseline,ann1,detector_only,29767
44,llm_selected_baseline,ann1,detector_only,30222
44,llm_selected_baseline,ann1,detector_only,30696
44,llm_selected_baseline,ann1,detector_only,31157
44,llm_selected_baseline,ann1,detector_only,31611
44,llm_selected_baseline,ann1,detector_only,32075
44,llm_selected_baseline,ann1,detector_only,32537
44,llm_selected_baseline,ann1,detector_only,32995
44,llm_selected_baseline,ann1,detector_only,33442
44,llm_selected_baseline,ann1,detector_only,33876
44,llm_selected_baseline,ann1,detector_only,34328
44,llm_selected_baseline,ann1,detector_only,34779
44,llm_selected_baseline,ann1,detector_only,35197
44,llm_selected_baseline,ann1,detector_only,35651
44,llm_selected_baseline,ann1,detector_only,36067
44,llm_selected_baseline,ann1,detector_only,36529
44,llm_selected_baseline,ann1,detector_only,36986
44,llm_selected_baseline,ann1,detector_only,37445
44,llm_selected_baseline,ann1,detector_only,37900
44,llm_selected_baseline,ann1,detector_only,38353
44,llm_selected_baseline,ann1,detector_only,38793
44,llm_selected_baseline,ann1,detector_only,39236
44,llm_selected_baseline,ann1,detector_only,39701
44,llm_selected_baseline,ann1,detector_only,40125
44,llm_selected_baseline,ann1,detector_only,40611
44,llm_selected_baseline,ann1,detector_only,41052
44,llm_selected_baseline,ann1,detector_only,41518
44,llm_selected_baseline,ann1,detector_only,42023
44,llm_selected_baseline,ann1,detector_only,42466
44,llm_selected_baseline,ann1,detector_only,42887
44,llm_selected_baseline,ann1,detector_only,43363
44,llm_selected_baseline,ann1,detector_only,43823
44,llm_selected_baseline,ann1,detector_only,44292
44,llm_selected_baseline,ann1,detector_only,44738
44,llm_selected_baseline,ann1,detector_only,45165
44,llm_selected_baseline,ann1,detector_only,45623
44,llm_selected_baseline,ann1,detector_only,46103
44,llm_selected_baseline,ann1,detector_only,46561
44,llm_selected_baseline,ann1,detector_only,47024
44,llm_selected_baseline,ann1,detector_only,47487
44,llm_selected_baseline,ann1,detector_only,47932
44,llm_selected_baseline,ann1,detector_only,48383
44,llm_selected_baseline,ann1,detector_only,48838
44,llm_selected_baseline,ann1,detector_only,49290
44,llm_selected_baseline,ann1,detector_only,49727
44,llm_selected_baseline,ann1,detector_only,50244
44,llm_selected_baseline,ann1,detector_only,50719
44,llm_selected_baseline,ann1,detector_only,51173
44,llm_selected_baseline,ann1,detector_only,51658
44,llm_selected_baseline,ann1,detector_only,52063
44,llm_selected_baseline,ann1,detector_only,52505
44,llm_selected_baseline,ann1,detector_only,52983
44,llm_selected_baseline,ann1,detector_only,53457
44,llm_selected_baseline,ann1,detector_only,53893
44,llm_selected_baseline,ann1,detector_only,54372
44,llm_selected_baseline,ann1,detector_only,54858
44,llm_selected_baseline,ann1,detector_only,55369
44,llm_selected_baseline,ann1,detector_only,55828
44,llm_selected_baseline,ann1,detector_only,56283
44,llm_selected_baseline,ann1,detector_only,56762
44,llm_selected_baseline,ann1,detector_only,57233
44,llm_selected_baseline,ann1,detector_only,57649
44,llm_selected_baseline,ann1,detector_only,57943
44,llm_selected_baseline,ann1,detector_only,58330
44,llm_selected_baseline,ann1,detector_only,58761
44,llm_selected_baseline,ann1,detector_only,59198
44,llm_selected_baseline,ann1,detector_only,59617
44,llm_selected_baseline,ann1,reference_only,393
44,llm_selected_baseline,ann1,reference_only,802
44,llm_selected_baseline,ann1,reference_only,1250
44,llm_selected_baseline,ann1,reference_only,1720
44,llm_selected_baseline,ann1,reference_only,2185
44,llm_selected_baseline,ann1,reference_only,2624
44,llm_selected_baseline,ann1,reference_only,3037
44,llm_selected_baseline,ann1,reference_only,3463
44,llm_selected_baseline,ann1,reference_only,3935
44,llm_selected_baseline,ann1,reference_only,4326
44,llm_selected_baseline,ann1,reference_only,4774
44,llm_selected_baseline,ann1,reference_only,5217
44,llm_selected_baseline,ann1,reference_only,5678
44,llm_selected_baseline,ann1,reference_only,6148
44,llm_selected_baseline,ann1,reference_only,6565
44,llm_selected_baseline,ann1,reference_only,7030
44,llm_selected_baseline,ann1,reference_only,7439
44,llm_selected_baseline,ann1,reference_only,7872
44,llm_selected_baseline,ann1,reference_only,8328
44,llm_selected_baseline,ann1,reference_only,8785
44,llm_selected_baseline,ann1,reference_only,9233
44,llm_selected_baseline,ann1,reference_only,9663
44,llm_selected_baseline,ann1,reference_only,10133
44,llm_selected_baseline,ann1,reference_only,10554
44,llm_selected_baseline,ann1,reference_only,10972
44,llm_selected_baseline,ann1,reference_only,11443
44,llm_selected_baseline,ann1,reference_only,11826
44,llm_selected_baseline,ann1,reference_only,12252
44,llm_selected_baseline,ann1,reference_only,12774
44,llm_selected_baseline,ann1,reference_only,13165
44,llm_selected_baseline,ann1,reference_only,13609
44,llm_selected_baseline,ann1,reference_only,14113
44,llm_selected_baseline,ann1,reference_only,14548
44,llm_selected_baseline,ann1,reference_only,15015
44,llm_selected_baseline,ann1,reference_only,15428
44,llm_selected_baseline,ann1,reference_only,15893
44,llm_selected_baseline,ann1,reference_only,16285
44,llm_selected_baseline,ann1,reference_only,16724
44,llm_selected_baseline,ann1,reference_only,17150
44,llm_selected_baseline,ann1,reference_only,17611
44,llm_selected_baseline,ann1,reference_only,18063
44,llm_selected_baseline,ann1,reference_only,18541
44,llm_selected_baseline,ann1,reference_only,18991
44,llm_selected_baseline,ann1,reference_only,19461
44,llm_selected_baseline,ann1,reference_only,19930
44,llm_selected_baseline,ann1,reference_only,20352
44,llm_selected_baseline,ann1,reference_only,20813
44,llm_selected_baseline,ann1,reference_only,21243
44,llm_selected_baseline,ann1,reference_only,21691
44,llm_selected_baseline,ann1,reference_only,22161
44,llm_selected_baseline,ann1,reference_only,22689
44,llm_selected_baseline,ann1,reference_only,23028
44,llm_selected_baseline,ann1,reference_only,23480
44,llm_selected_baseline,ann1,reference_only,23924
44,llm_selected_baseline,ann1,reference_only,24389
44,llm_selected_baseline,ann1,reference_only,24828
44,llm_selected_baseline,ann1,reference_only,25302
44,llm_selected_baseline,ann1,reference_only,25724
44,llm_selected_baseline,ann1,reference_only,26185
44,llm_selected_baseline,ann1,reference_only,26648
44,llm_selected_baseline,ann1,reference_only,27100
44,llm_selected_baseline,ann1,reference_only,27526
44,llm_selected_baseline,ann1,reference_only,28048
44,llm_selected_baseline,ann1,reference_only,28474
44,llm_selected_baseline,ann1,reference_only,28970
44,llm_selected_baseline,ann1,reference_only,29448
44,llm_selected_baseline,ann1,reference_only,29896
44,llm_selected_baseline,ann1,reference_only,30346
44,llm_selected_baseline,ann1,reference_only,30824
44,llm_selected_baseline,ann1,reference_only,31311
44,llm_selected_baseline,ann1,reference_only,31728
44,llm_selected_baseline,ann1,reference_only,32211
44,llm_selected_baseline,ann1,reference_only,32659
44,llm_selected_baseline,ann1,reference_only,33141
44,llm_selected_baseline,ann1,reference_only,33576
44,llm_selected_baseline,ann1,reference_only,33991
44,llm_selected_baseline,ann1,reference_only,34457
44,llm_selected_baseline,ann1,reference_only,34917
44,llm_selected_baseline,ann1,reference_only,35330
44,llm_selected_baseline,ann1,reference_only,35778
44,llm_selected_baseline,ann1,reference_only,36187
44,llm_selected_baseline,ann1,reference_only,36678
44,llm_selected_baseline,ann1,reference_only,37087
44,llm_selected_baseline,ann1,reference_only,37580
44,llm_selected_baseline,ann1,reference_only,38020
44,llm_selected_baseline,ann1,reference_only,38476
44,llm_selected_baseline,ann1,reference_only,38915
44,llm_selected_baseline,ann1,reference_only,39376
44,llm_selected_baseline,ann1,reference_only,39824
44,llm_selected_baseline,ann1,reference_only,40276
44,llm_selected_baseline,ann1,reference_only,40728
44,llm_selected_baseline,ann1,reference_only,41172
44,llm_selected_baseline,ann1,reference_only,41657
44,llm_selected_baseline,ann1,reference_only,42157
44,llm_selected_baseline,ann1,reference_only,42591
44,llm_selected_baseline,ann1,reference_only,43043
44,llm_selected_baseline,ann1,reference_only,43483
44,llm_selected_baseline,ann1,reference_only,43961
44,llm_selected_baseline,ann1,reference_only,44404
44,llm_selected_baseline,ann1,reference_only,44865
44,llm_selected_baseline,ann1,reference_only,45280
44,llm_selected_baseline,ann1,reference_only,45759
44,llm_selected_baseline,ann1,reference_only,46228
44,llm_selected_baseline,ann1,reference_only,46680
44,llm_selected_baseline,ann1,reference_only,47207
44,llm_selected_baseline,ann1,reference_only,47624
44,llm_selected_baseline,ann1,reference_only,48063
44,llm_selected_baseline,ann1,reference_only,48511
44,llm_selected_baseline,ann1,reference_only,48983
44,llm_selected_baseline,ann1,reference_only,49417
44,llm_selected_baseline,ann1,reference_only,49887
44,llm_selected_baseline,ann1,reference_only,50370
44,llm_selected_baseline,ann1,reference_only,50843
44,llm_selected_baseline,ann1,reference_only,51304
44,llm_selected_baseline,ann1,reference_only,51787
44,llm_selected_baseline,ann1,reference_only,52183
44,llm_selected_baseline,ann1,reference_only,52654
44,llm_selected_baseline,ann1,reference_only,53141
44,llm_selected_baseline,ann1,reference_only,53589
44,llm_selected_baseline,ann1,reference_only,54033
44,llm_selected_baseline,ann1,reference_only,54515
44,llm_selected_baseline,ann1,reference_only,55015
44,llm_selected_baseline,ann1,reference_only,55493
44,llm_selected_baseline,ann1,reference_only,55941
44,llm_selected_baseline,ann1,reference_only,56426
44,llm_selected_baseline,ann1,reference_only,56887
44,llm_selected_baseline,ann1,reference_only,57374
44,llm_selected_baseline,ann1,reference_only,58039
44,llm_selected_baseline,ann1,reference_only,58439
44,llm_selected_baseline,ann1,reference_only,58900
44,llm_selected_baseline,ann1,reference_only,59339
44,llm_selected_baseline,ann1,reference_only,59757
44,llm_selected_baseline,ann2,detector_only,11327
44,llm_selected_baseline,ann2,detector_only,18399
44,llm_selected_baseline,ann2,detector_only,57943
44,llm_selected_baseline,ann2,reference_only,11202
44,llm_selected_baseline,ann2,reference_only,18327
45,featuregraph,ann1,detector_only,16069
45,featuregraph,ann1,detector_only,21403
45,featuregraph,ann2,detector_only,10463
45,featuregraph,ann2,detector_only,16069
45,featuregraph,ann2,detector_only,21511
45,featuregraph,ann2,detector_only,32165
45,featuregraph,ann2,reference_only,10558
45,featuregraph,ann2,reference_only,32256
46,featuregraph,ann1,detector_only,254
46,featuregraph,ann1,detector_only,854
46,featuregraph,ann1,detector_only,1534
46,featuregraph,ann1,detector_only,1948
46,featuregraph,ann1,detector_only,3186
46,featuregraph,ann1,detector_only,3462
46,featuregraph,ann1,detector_only,3574
46,featuregraph,ann1,detector_only,3708
46,featuregraph,ann1,detector_only,4344
46,featuregraph,ann1,detector_only,4716
46,featuregraph,ann1,detector_only,5260
46,featuregraph,ann1,detector_only,5480
46,featuregraph,ann1,detector_only,5670
46,featuregraph,ann1,detector_only,5860
46,featuregraph,ann1,detector_only,6238
46,featuregraph,ann1,detector_only,6506
46,featuregraph,ann1,detector_only,6672
46,featuregraph,ann1,detector_only,7100
46,featuregraph,ann1,detector_only,7296
46,featuregraph,ann1,detector_only,7412
46,featuregraph,ann1,detector_only,7718
46,featuregraph,ann1,detector_only,7922
46,featuregraph,ann1,detector_only,9136
46,featuregraph,ann1,detector_only,9298
46,featuregraph,ann1,detector_only,9744
46,featuregraph,ann1,detector_only,10252
46,featuregraph,ann1,detector_only,10460
46,featuregraph,ann1,detector_only,10608
46,featuregraph,ann1,detector_only,10978
46,featuregraph,ann1,detector_only,11474
46,featuregraph,ann1,detector_only,11600
46,featuregraph,ann1,detector_only,11728
46,featuregraph,ann1,detector_only,12000
46,featuregraph,ann1,detector_only,12420
46,featuregraph,ann1,detector_only,15320
46,featuregraph,ann1,detector_only,15458
46,featuregraph,ann1,detector_only,16028
46,featuregraph,ann1,detector_only,17284
46,featuregraph,ann1,detector_only,18216
46,featuregraph,ann1,detector_only,19278
46,featuregraph,ann1,detector_only,19690
46,featuregraph,ann1,detector_only,19906
46,featuregraph,ann1,detector_only,21170
46,featuregraph,ann1,detector_only,21316
46,featuregraph,ann1,detector_only,21446
46,featuregraph,ann1,detector_only,21888
46,featuregraph,ann1,detector_only,22752
46,featuregraph,ann1,detector_only,23316
46,featuregraph,ann1,detector_only,23540
46,featuregraph,ann1,detector_only,23966
46,featuregraph,ann1,detector_only,24194
46,featuregraph,ann1,detector_only,24376
46,featuregraph,ann1,detector_only,24806
46,featuregraph,ann1,detector_only,25350
46,featuregraph,ann1,detector_only,25656
46,featuregraph,ann1,detector_only,25856
46,featuregraph,ann1,detector_only,26090
46,featuregraph,ann1,detector_only,26556
46,featuregraph,ann1,detector_only,26838
46,featuregraph,ann1,detector_only,27426
46,featuregraph,ann1,detector_only,27916
46,featuregraph,ann1,detector_only,28060
46,featuregraph,ann1,detector_only,28272
46,featuregraph,ann1,detector_only,28418
46,featuregraph,ann1,detector_only,28680
46,featuregraph,ann1,detector_only,28822
46,featuregraph,ann1,detector_only,28952
46,featuregraph,ann1,detector_only,29666
46,featuregraph,ann1,detector_only,30146
46,featuregraph,ann1,detector_only,30260
46,featuregraph,ann1,detector_only,31176
46,featuregraph,ann1,detector_only,31662
46,featuregraph,ann1,detector_only,32154
46,featuregraph,ann1,detector_only,33796
46,featuregraph,ann1,detector_only,34212
46,featuregraph,ann1,detector_only,35384
46,featuregraph,ann1,detector_only,40106
46,featuregraph,ann1,detector_only,40596
46,featuregraph,ann1,detector_only,40990
46,featuregraph,ann1,detector_only,41902
46,featuregraph,ann1,detector_only,42122
46,featuregraph,ann1,detector_only,42726
46,featuregraph,ann1,detector_only,43394
46,featuregraph,ann1,detector_only,44728
46,featuregraph,ann1,detector_only,45722
46,featuregraph,ann1,detector_only,47130
46,featuregraph,ann1,detector_only,49542
46,featuregraph,ann1,detector_only,50238
46,featuregraph,ann1,detector_only,50462
46,featuregraph,ann1,detector_only,50912
46,featuregraph,ann1,reference_only,4422
46,featuregraph,ann1,reference_only,6000
46,featuregraph,ann1,reference_only,6752
46,featuregraph,ann1,reference_only,9385
46,featuregraph,ann1,reference_only,10733
46,featuregraph,ann1,reference_only,11059
46,featuregraph,ann1,reference_only,17380
46,featuregraph,ann1,reference_only,22902
46,featuregraph,ann1,reference_only,26970
46,featuregraph,ann1,reference_only,27600
46,featuregraph,ann1,reference_only,30398
46,featuregraph,ann1,reference_only,31093
46,featuregraph,ann1,reference_only,31589
46,featuregraph,ann1,reference_only,32224
46,featuregraph,ann1,reference_only,33922
46,featuregraph,ann1,reference_only,34483
46,featuregraph,ann1,reference_only,35457
46,featuregraph,ann1,reference_only,37589
46,featuregraph,ann1,reference_only,40193
46,featuregraph,ann1,reference_only,41089
46,featuregraph,ann1,reference_only,41370
46,featuregraph,ann1,reference_only,42309
46,featuregraph,ann1,reference_only,42891
46,featuregraph,ann1,reference_only,44839
46,featuregraph,ann1,reference_only,45807
46,featuregraph,ann1,reference_only,47215
46,featuregraph,ann1,reference_only,49613
46,featuregraph,ann1,reference_only,50535
46,featuregraph,ann1,reference_only,51057
46,featuregraph,ann2,detector_only,854
46,featuregraph,ann2,detector_only,1534
46,featuregraph,ann2,detector_only,1948
46,featuregraph,ann2,detector_only,3462
46,featuregraph,ann2,detector_only,4344
46,featuregraph,ann2,detector_only,4716
46,featuregraph,ann2,detector_only,4916
46,featuregraph,ann2,detector_only,5260
46,featuregraph,ann2,detector_only,5480
46,featuregraph,ann2,detector_only,5860
46,featuregraph,ann2,detector_only,6506
46,featuregraph,ann2,detector_only,7100
46,featuregraph,ann2,detector_only,7296
46,featuregraph,ann2,detector_only,7412
46,featuregraph,ann2,detector_only,7922
46,featuregraph,ann2,detector_only,8890
46,featuregraph,ann2,detector_only,9136
46,featuregraph,ann2,detector_only,9298
46,featuregraph,ann2,detector_only,9744
46,featuregraph,ann2,detector_only,10460
46,featuregraph,ann2,detector_only,10608
46,featuregraph,ann2,detector_only,11474
46,featuregraph,ann2,detector_only,11728
46,featuregraph,ann2,detector_only,12000
46,featuregraph,ann2,detector_only,12928
46,featuregraph,ann2,detector_only,15320
46,featuregraph,ann2,detector_only,15458
46,featuregraph,ann2,detector_only,16028
46,featuregraph,ann2,detector_only,17284
46,featuregraph,ann2,detector_only,18216
46,featuregraph,ann2,detector_only,19278
46,featuregraph,ann2,detector_only,19690
46,featuregraph,ann2,detector_only,19906
46,featuregraph,ann2,detector_only,20374
46,featuregraph,ann2,detector_only,21170
46,featuregraph,ann2,detector_only,21316
46,featuregraph,ann2,detector_only,22752
46,featuregraph,ann2,detector_only,23316
46,featuregraph,ann2,detector_only,23966
46,featuregraph,ann2,detector_only,24376
46,featuregraph,ann2,detector_only,26838
46,featuregraph,ann2,detector_only,27426
46,featuregraph,ann2,detector_only,27916
46,featuregraph,ann2,detector_only,28060
46,featuregraph,ann2,detector_only,28272
46,featuregraph,ann2,detector_only,28680
46,featuregraph,ann2,detector_only,28822
46,featuregraph,ann2,detector_only,28952
46,featuregraph,ann2,detector_only,29666
46,featuregraph,ann2,detector_only,30146
46,featuregraph,ann2,detector_only,33796
46,featuregraph,ann2,detector_only,34212
46,featuregraph,ann2,detector_only,34898
46,featuregraph,ann2,detector_only,35942
46,featuregraph,ann2,detector_only,36376
46,featuregraph,ann2,detector_only,37418
46,featuregraph,ann2,detector_only,37974
46,featuregraph,ann2,detector_only,40106
46,featuregraph,ann2,detector_only,40750
46,featuregraph,ann2,detector_only,40990
46,featuregraph,ann2,detector_only,42122
46,featuregraph,ann2,detector_only,42726
46,featuregraph,ann2,detector_only,43394
46,featuregraph,ann2,detector_only,44728
46,featuregraph,ann2,detector_only,45722
46,featuregraph,ann2,detector_only,46622
46,featuregraph,ann2,detector_only,47130
46,featuregraph,ann2,detector_only,47620
46,featuregraph,ann2,detector_only,49542
46,featuregraph,ann2,detector_only,50238
46,featuregraph,ann2,detector_only,50462
46,featuregraph,ann2,detector_only,50912
46,featuregraph,ann2,detector_only,56774
46,featuregraph,ann2,detector_only,57260
46,featuregraph,ann2,reference_only,1005
46,featuregraph,ann2,reference_only,1602
46,featuregraph,ann2,reference_only,2113
46,featuregraph,ann2,reference_only,2377
46,featuregraph,ann2,reference_only,2678
46,featuregraph,ann2,reference_only,4454
46,featuregraph,ann2,reference_only,5003
46,featuregraph,ann2,reference_only,5985
46,featuregraph,ann2,reference_only,7199
46,featuregraph,ann2,reference_only,8954
46,featuregraph,ann2,reference_only,9397
46,featuregraph,ann2,reference_only,9978
46,featuregraph,ann2,reference_only,10722
46,featuregraph,ann2,reference_only,12857
46,featuregraph,ann2,reference_only,17361
46,featuregraph,ann2,reference_only,20473
46,featuregraph,ann2,reference_only,22877
46,featuregraph,ann2,reference_only,26976
46,featuregraph,ann2,reference_only,27530
46,featuregraph,ann2,reference_only,33906
46,featuregraph,ann2,reference_only,34391
46,featuregraph,ann2,reference_only,34982
46,featuregraph,ann2,reference_only,36006
46,featuregraph,ann2,reference_only,36449
46,featuregraph,ann2,reference_only,37494
46,featuregraph,ann2,reference_only,38057
46,featuregraph,ann2,reference_only,40183
46,featuregraph,ann2,reference_only,40817
46,featuregraph,ann2,reference_only,41218
46,featuregraph,ann2,reference_only,42287
46,featuregraph,ann2,reference_only,42947
46,featuregraph,ann2,reference_only,44830
46,featuregraph,ann2,reference_only,45794
46,featuregraph,ann2,reference_only,46686
46,featuregraph,ann2,reference_only,47208
46,featuregraph,ann2,reference_only,47694
46,featuregraph,ann2,reference_only,49613
46,featuregraph,ann2,reference_only,50557
46,featuregraph,ann2,reference_only,50985
46,featuregraph,ann2,reference_only,56838
46,featuregraph,ann2,reference_only,57324
46,llm_selected_baseline,ann1,detector_only,299
46,llm_selected_baseline,ann1,detector_only,913
46,llm_selected_baseline,ann1,detector_only,1110
46,llm_selected_baseline,ann1,detector_only,1600
46,llm_selected_baseline,ann1,detector_only,2102
46,llm_selected_baseline,ann1,detector_only,2338
46,llm_selected_baseline,ann1,detector_only,2676
46,llm_selected_baseline,ann1,detector_only,3163
46,llm_selected_baseline,ann1,detector_only,3560
46,llm_selected_baseline,ann1,detector_only,3771
46,llm_selected_baseline,ann1,detector_only,4486
46,llm_selected_baseline,ann1,detector_only,4729
46,llm_selected_baseline,ann1,detector_only,5669
46,llm_selected_baseline,ann1,detector_only,6224
46,llm_selected_baseline,ann1,detector_only,6503
46,llm_selected_baseline,ann1,detector_only,7386
46,llm_selected_baseline,ann1,detector_only,7909
46,llm_selected_baseline,ann1,detector_only,9140
46,llm_selected_baseline,ann1,detector_only,9980
46,llm_selected_baseline,ann1,detector_only,10273
46,llm_selected_baseline,ann1,detector_only,10468
46,llm_selected_baseline,ann1,detector_only,11625
46,llm_selected_baseline,ann1,detector_only,12432
46,llm_selected_baseline,ann1,detector_only,19662
46,llm_selected_baseline,ann1,detector_only,21469
46,llm_selected_baseline,ann1,detector_only,21874
46,llm_selected_baseline,ann1,detector_only,22471
46,llm_selected_baseline,ann1,detector_only,23543
46,llm_selected_baseline,ann1,detector_only,23975
46,llm_selected_baseline,ann1,detector_only,24184
46,llm_selected_baseline,ann1,detector_only,24814
46,llm_selected_baseline,ann1,detector_only,25351
46,llm_selected_baseline,ann1,detector_only,25668
46,llm_selected_baseline,ann1,detector_only,26073
46,llm_selected_baseline,ann1,detector_only,26555
46,llm_selected_baseline,ann1,detector_only,27477
46,llm_selected_baseline,ann1,detector_only,27920
46,llm_selected_baseline,ann1,detector_only,28436
46,llm_selected_baseline,ann1,detector_only,28637
46,llm_selected_baseline,ann1,detector_only,30124
46,llm_selected_baseline,ann1,detector_only,30330
46,llm_selected_baseline,ann1,detector_only,32149
46,llm_selected_baseline,ann1,detector_only,34280
46,llm_selected_baseline,ann1,detector_only,40587
46,llm_selected_baseline,ann1,detector_only,41871
46,llm_selected_baseline,ann1,detector_only,42190
46,llm_selected_baseline,ann1,detector_only,42781
46,llm_selected_baseline,ann1,detector_only,47730
46,llm_selected_baseline,ann1,detector_only,50244
46,llm_selected_baseline,ann1,detector_only,50955
46,llm_selected_baseline,ann1,detector_only,52541
46,llm_selected_baseline,ann1,detector_only,57390
46,llm_selected_baseline,ann1,reference_only,4422
46,llm_selected_baseline,ann1,reference_only,27600
46,llm_selected_baseline,ann1,reference_only,30398
46,llm_selected_baseline,ann1,reference_only,32224
46,llm_selected_baseline,ann1,reference_only,34483
46,llm_selected_baseline,ann1,reference_only,37589
46,llm_selected_baseline,ann1,reference_only,41089
46,llm_selected_baseline,ann1,reference_only,42309
46,llm_selected_baseline,ann1,reference_only,42891
46,llm_selected_baseline,ann1,reference_only,47654
46,llm_selected_baseline,ann1,reference_only,51057
46,llm_selected_baseline,ann1,reference_only,52465
46,llm_selected_baseline,ann1,reference_only,57309
46,llm_selected_baseline,ann2,detector_only,913
46,llm_selected_baseline,ann2,detector_only,1110
46,llm_selected_baseline,ann2,detector_only,4729
46,llm_selected_baseline,ann2,detector_only,6503
46,llm_selected_baseline,ann2,detector_only,7386
46,llm_selected_baseline,ann2,detector_only,7909
46,llm_selected_baseline,ann2,detector_only,9140
46,llm_selected_baseline,ann2,detector_only,10468
46,llm_selected_baseline,ann2,detector_only,19662
46,llm_selected_baseline,ann2,detector_only,22471
46,llm_selected_baseline,ann2,detector_only,23975
46,llm_selected_baseline,ann2,detector_only,27920
46,llm_selected_baseline,ann2,detector_only,28637
46,llm_selected_baseline,ann2,detector_only,30124
46,llm_selected_baseline,ann2,detector_only,34280
46,llm_selected_baseline,ann2,detector_only,41419
46,llm_selected_baseline,ann2,detector_only,42190
46,llm_selected_baseline,ann2,detector_only,42781
46,llm_selected_baseline,ann2,detector_only,50244
46,llm_selected_baseline,ann2,detector_only,52541
46,llm_selected_baseline,ann2,detector_only,57390
46,llm_selected_baseline,ann2,reference_only,1005
46,llm_selected_baseline,ann2,reference_only,7199
46,llm_selected_baseline,ann2,reference_only,7730
46,llm_selected_baseline,ann2,reference_only,25869
46,llm_selected_baseline,ann2,reference_only,34391
46,llm_selected_baseline,ann2,reference_only,41218
46,llm_selected_baseline,ann2,reference_only,42287
46,llm_selected_baseline,ann2,reference_only,42947
46,llm_selected_baseline,ann2,reference_only,52473
46,llm_selected_baseline,ann2,reference_only,57324
47,featuregraph,ann1,detector_only,11809
47,featuregraph,ann1,reference_only,5796
47,featuregraph,ann2,detector_only,11809
47,featuregraph,ann2,detector_only,12357
47,featuregraph,ann2,detector_only,12933
47,featuregraph,ann2,reference_only,12867
47,llm_selected_baseline,ann1,detector_only,11829
47,llm_selected_baseline,ann1,reference_only,5796
47,llm_selected_baseline,ann2,detector_only,11829
47,llm_selected_baseline,ann2,detector_only,12351
48,featuregraph,ann1,detector_only,294
48,featuregraph,ann1,detector_only,452
48,featuregraph,ann1,detector_only,3204
48,featuregraph,ann1,detector_only,3440
48,featuregraph,ann1,detector_only,3848
48,featuregraph,ann1,detector_only,4086
48,featuregraph,ann1,detector_only,4406
48,featuregraph,ann1,detector_only,4772
48,featuregraph,ann1,detector_only,4884
48,featuregraph,ann1,detector_only,5480
48,featuregraph,ann1,detector_only,7672
48,featuregraph,ann1,detector_only,12658
48,featuregraph,ann1,detector_only,39838
48,featuregraph,ann1,detector_only,41368
48,featuregraph,ann1,detector_only,41786
48,featuregraph,ann1,detector_only,42960
48,featuregraph,ann1,detector_only,44954
48,featuregraph,ann1,detector_only,45370
48,featuregraph,ann1,detector_only,46146
48,featuregraph,ann1,detector_only,46908
48,featuregraph,ann1,detector_only,49610
48,featuregraph,ann1,detector_only,51432
48,featuregraph,ann1,detector_only,51818
48,featuregraph,ann1,detector_only,53318
48,featuregraph,ann1,detector_only,53722
48,featuregraph,ann1,detector_only,54918
48,featuregraph,ann1,detector_only,55690
48,featuregraph,ann1,detector_only,55808
48,featuregraph,ann1,detector_only,58366
48,featuregraph,ann1,reference_only,520
48,featuregraph,ann1,reference_only,4530
48,featuregraph,ann1,reference_only,5061
48,featuregraph,ann1,reference_only,7741
48,featuregraph,ann1,reference_only,12726
48,featuregraph,ann1,reference_only,39902
48,featuregraph,ann1,reference_only,41452
48,featuregraph,ann1,reference_only,41852
48,featuregraph,ann1,reference_only,43030
48,featuregraph,ann1,reference_only,45037
48,featuregraph,ann1,reference_only,45441
48,featuregraph,ann1,reference_only,46224
48,featuregraph,ann1,reference_only,46972
48,featuregraph,ann1,reference_only,49674
48,featuregraph,ann1,reference_only,51504
48,featuregraph,ann1,reference_only,51883
48,featuregraph,ann1,reference_only,53398
48,featuregraph,ann1,reference_only,53798
48,featuregraph,ann1,reference_only,55328
48,featuregraph,ann1,reference_only,55872
48,featuregraph,ann1,reference_only,55993
48,featuregraph,ann1,reference_only,56172
48,featuregraph,ann1,reference_only,58452
48,featuregraph,ann2,detector_only,294
48,featuregraph,ann2,detector_only,3204
48,featuregraph,ann2,detector_only,3440
48,featuregraph,ann2,detector_only,4086
48,featuregraph,ann2,detector_only,4406
48,featuregraph,ann2,detector_only,4772
48,featuregraph,ann2,detector_only,4884
48,featuregraph,ann2,detector_only,5480
48,featuregraph,ann2,detector_only,12658
48,featuregraph,ann2,detector_only,27566
48,featuregraph,ann2,detector_only,39838
48,featuregraph,ann2,detector_only,41368
48,featuregraph,ann2,detector_only,44954
48,featuregraph,ann2,detector_only,46908
48,featuregraph,ann2,detector_only,47660
48,featuregraph,ann2,detector_only,49220
48,featuregraph,ann2,detector_only,52206
48,featuregraph,ann2,detector_only,53318
48,featuregraph,ann2,detector_only,54118
48,featuregraph,ann2,detector_only,54918
48,featuregraph,ann2,detector_only,55690
48,featuregraph,ann2,detector_only,55808
48,featuregraph,ann2,detector_only,58366
48,featuregraph,ann2,reference_only,77
48,featuregraph,ann2,reference_only,3596
48,featuregraph,ann2,reference_only,4544
48,featuregraph,ann2,reference_only,5046
48,featuregraph,ann2,reference_only,12725
48,featuregraph,ann2,reference_only,27635
48,featuregraph,ann2,reference_only,39904
48,featuregraph,ann2,reference_only,41437
48,featuregraph,ann2,reference_only,45034
48,featuregraph,ann2,reference_only,46982
48,featuregraph,ann2,reference_only,47726
48,featuregraph,ann2,reference_only,49296
48,featuregraph,ann2,reference_only,52283
48,featuregraph,ann2,reference_only,53384
48,featuregraph,ann2,reference_only,54186
48,featuregraph,ann2,reference_only,55162
48,featuregraph,ann2,reference_only,55991
48,featuregraph,ann2,reference_only,58432
48,llm_selected_baseline,ann1,detector_only,106
48,llm_selected_baseline,ann1,detector_only,3505
48,llm_selected_baseline,ann1,detector_only,3914
48,llm_selected_baseline,ann1,detector_only,4769
48,llm_selected_baseline,ann1,detector_only,54969
48,llm_selected_baseline,ann1,detector_only,55678
48,llm_selected_baseline,ann1,detector_only,56360
48,llm_selected_baseline,ann1,reference_only,55328
48,llm_selected_baseline,ann1,reference_only,55872
48,llm_selected_baseline,ann1,reference_only,56172
48,llm_selected_baseline,ann2,detector_only,3505
48,llm_selected_baseline,ann2,detector_only,4769
48,llm_selected_baseline,ann2,detector_only,54969
48,llm_selected_baseline,ann2,detector_only,55678
48,llm_selected_baseline,ann2,detector_only,56360
48,llm_selected_baseline,ann2,reference_only,3596
48,llm_selected_baseline,ann2,reference_only,55162
49,featuregraph,ann1,detector_only,14233
49,featuregraph,ann1,detector_only,21785
49,featuregraph,ann1,reference_only,28157
49,featuregraph,ann1,reference_only,59978
49,featuregraph,ann2,detector_only,14233
49,featuregraph,ann2,detector_only,21785
49,featuregraph,ann2,reference_only,59978
49,llm_selected_baseline,ann1,reference_only,28157
49,llm_selected_baseline,ann1,reference_only,59978
49,llm_selected_baseline,ann2,detector_only,14292
49,llm_selected_baseline,ann2,reference_only,14356
49,llm_selected_baseline,ann2,reference_only,59978
50,featuregraph,ann1,detector_only,840
50,featuregraph,ann1,detector_only,1346
50,featuregraph,ann1,detector_only,1850
50,featuregraph,ann1,detector_only,2922
50,featuregraph,ann1,detector_only,3950
50,featuregraph,ann1,detector_only,4428
50,featuregraph,ann1,detector_only,5384
50,featuregraph,ann1,detector_only,5856
50,featuregraph,ann1,detector_only,6326
50,featuregraph,ann1,detector_only,6796
50,featuregraph,ann1,detector_only,12050
50,featuregraph,ann1,detector_only,12534
50,featuregraph,ann1,detector_only,13011
50,featuregraph,ann1,detector_only,13442
50,featuregraph,ann1,detector_only,13916
50,featuregraph,ann1,detector_only,15452
50,featuregraph,ann1,detector_only,15970
50,featuregraph,ann1,detector_only,16548
50,featuregraph,ann1,detector_only,19240
50,featuregraph,ann1,detector_only,19762
50,featuregraph,ann1,detector_only,20710
50,featuregraph,ann1,detector_only,21202
50,featuregraph,ann1,detector_only,21706
50,featuregraph,ann1,detector_only,22292
50,featuregraph,ann1,detector_only,23992
50,featuregraph,ann1,detector_only,25076
50,featuregraph,ann1,detector_only,25584
50,featuregraph,ann1,detector_only,26159
50,featuregraph,ann1,detector_only,26654
50,featuregraph,ann1,detector_only,27142
50,featuregraph,ann1,detector_only,27598
50,featuregraph,ann1,detector_only,28064
50,featuregraph,ann1,detector_only,29110
50,featuregraph,ann1,detector_only,29570
50,featuregraph,ann1,detector_only,30510
50,featuregraph,ann1,detector_only,31460
50,featuregraph,ann1,detector_only,32858
50,featuregraph,ann1,detector_only,33290
50,featuregraph,ann1,detector_only,34892
50,featuregraph,ann1,detector_only,35958
50,featuregraph,ann1,detector_only,36522
50,featuregraph,ann1,detector_only,37016
50,featuregraph,ann1,detector_only,39260
50,featuregraph,ann1,detector_only,40304
50,featuregraph,ann1,detector_only,40860
50,featuregraph,ann1,detector_only,42282
50,featuregraph,ann1,detector_only,42750
50,featuregraph,ann1,detector_only,46610
50,featuregraph,ann1,detector_only,48170
50,featuregraph,ann1,detector_only,52104
50,featuregraph,ann1,detector_only,52602
50,featuregraph,ann1,detector_only,53108
50,featuregraph,ann1,detector_only,53624
50,featuregraph,ann1,detector_only,55256
50,featuregraph,ann1,detector_only,55784
50,featuregraph,ann1,detector_only,57948
50,featuregraph,ann1,detector_only,58488
50,featuregraph,ann1,reference_only,920
50,featuregraph,ann1,reference_only,1433
50,featuregraph,ann1,reference_only,1924
50,featuregraph,ann1,reference_only,3007
50,featuregraph,ann1,reference_only,4017
50,featuregraph,ann1,reference_only,4504
50,featuregraph,ann1,reference_only,5452
50,featuregraph,ann1,reference_only,5922
50,featuregraph,ann1,reference_only,6396
50,featuregraph,ann1,reference_only,6865
50,featuregraph,ann1,reference_only,12126
50,featuregraph,ann1,reference_only,12600
50,featuregraph,ann1,reference_only,13078
50,featuregraph,ann1,reference_only,13513
50,featuregraph,ann1,reference_only,13996
50,featuregraph,ann1,reference_only,15528
50,featuregraph,ann1,reference_only,16037
50,featuregraph,ann1,reference_only,16633
50,featuregraph,ann1,reference_only,19313
50,featuregraph,ann1,reference_only,19839
50,featuregraph,ann1,reference_only,20791
50,featuregraph,ann1,reference_only,21287
50,featuregraph,ann1,reference_only,21804
50,featuregraph,ann1,reference_only,22365
50,featuregraph,ann1,reference_only,24063
50,featuregraph,ann1,reference_only,25141
50,featuregraph,ann1,reference_only,25680
50,featuregraph,ann1,reference_only,26233
50,featuregraph,ann1,reference_only,26743
50,featuregraph,ann1,reference_only,27209
50,featuregraph,ann1,reference_only,27670
50,featuregraph,ann1,reference_only,28135
50,featuregraph,ann1,reference_only,29204
50,featuregraph,ann1,reference_only,29657
50,featuregraph,ann1,reference_only,30576
50,featuregraph,ann1,reference_only,31546
50,featuregraph,ann1,reference_only,32928
50,featuregraph,ann1,reference_only,33376
50,featuregraph,ann1,reference_only,34957
50,featuregraph,ann1,reference_only,36057
50,featuregraph,ann1,reference_only,36600
50,featuregraph,ann1,reference_only,37109
50,featuregraph,ann1,reference_only,39328
50,featuregraph,ann1,reference_only,40380
50,featuregraph,ann1,reference_only,40946
50,featuregraph,ann1,reference_only,42361
50,featuregraph,ann1,reference_only,42839
50,featuregraph,ann1,reference_only,46680
50,featuregraph,ann1,reference_only,48254
50,featuregraph,ann1,reference_only,52187
50,featuregraph,ann1,reference_only,52680
50,featuregraph,ann1,reference_only,53180
50,featuregraph,ann1,reference_only,53689
50,featuregraph,ann1,reference_only,55320
50,featuregraph,ann1,reference_only,55872
50,featuregraph,ann1,reference_only,58039
50,featuregraph,ann1,reference_only,58552
50,featuregraph,ann2,detector_only,840
50,featuregraph,ann2,detector_only,1346
50,featuregraph,ann2,detector_only,2922
50,featuregraph,ann2,detector_only,3950
50,featuregraph,ann2,detector_only,4910
50,featuregraph,ann2,detector_only,5384
50,featuregraph,ann2,detector_only,5856
50,featuregraph,ann2,detector_only,6326
50,featuregraph,ann2,detector_only,7792
50,featuregraph,ann2,detector_only,8812
50,featuregraph,ann2,detector_only,10670
50,featuregraph,ann2,detector_only,12050
50,featuregraph,ann2,detector_only,12534
50,featuregraph,ann2,detector_only,13011
50,featuregraph,ann2,detector_only,13442
50,featuregraph,ann2,detector_only,14398
50,featuregraph,ann2,detector_only,14880
50,featuregraph,ann2,detector_only,15452
50,featuregraph,ann2,detector_only,15970
50,featuregraph,ann2,detector_only,16548
50,featuregraph,ann2,detector_only,18132
50,featuregraph,ann2,detector_only,18652
50,featuregraph,ann2,detector_only,19240
50,featuregraph,ann2,detector_only,19762
50,featuregraph,ann2,detector_only,20230
50,featuregraph,ann2,detector_only,20710
50,featuregraph,ann2,detector_only,21706
50,featuregraph,ann2,detector_only,22292
50,featuregraph,ann2,detector_only,22840
50,featuregraph,ann2,detector_only,23386
50,featuregraph,ann2,detector_only,24550
50,featuregraph,ann2,detector_only,25076
50,featuregraph,ann2,detector_only,25584
50,featuregraph,ann2,detector_only,27142
50,featuregraph,ann2,detector_only,27598
50,featuregraph,ann2,detector_only,28064
50,featuregraph,ann2,detector_only,28596
50,featuregraph,ann2,detector_only,29110
50,featuregraph,ann2,detector_only,30510
50,featuregraph,ann2,detector_only,30988
50,featuregraph,ann2,detector_only,31460
50,featuregraph,ann2,detector_only,32386
50,featuregraph,ann2,detector_only,33290
50,featuregraph,ann2,detector_only,33804
50,featuregraph,ann2,detector_only,34370
50,featuregraph,ann2,detector_only,35958
50,featuregraph,ann2,detector_only,37016
50,featuregraph,ann2,detector_only,38160
50,featuregraph,ann2,detector_only,38766
50,featuregraph,ann2,detector_only,39792
50,featuregraph,ann2,detector_only,40304
50,featuregraph,ann2,detector_only,40860
50,featuregraph,ann2,detector_only,42750
50,featuregraph,ann2,detector_only,44134
50,featuregraph,ann2,detector_only,46108
50,featuregraph,ann2,detector_only,46610
50,featuregraph,ann2,detector_only,47712
50,featuregraph,ann2,detector_only,48170
50,featuregraph,ann2,detector_only,48636
50,featuregraph,ann2,detector_only,49100
50,featuregraph,ann2,detector_only,51050
50,featuregraph,ann2,detector_only,51612
50,featuregraph,ann2,detector_only,52104
50,featuregraph,ann2,detector_only,53108
50,featuregraph,ann2,detector_only,53624
50,featuregraph,ann2,detector_only,54176
50,featuregraph,ann2,detector_only,55784
50,featuregraph,ann2,detector_only,56270
50,featuregraph,ann2,detector_only,57366
50,featuregraph,ann2,reference_only,910
50,featuregraph,ann2,reference_only,1412
50,featuregraph,ann2,reference_only,2989
50,featuregraph,ann2,reference_only,4027
50,featuregraph,ann2,reference_only,4982
50,featuregraph,ann2,reference_only,5452
50,featuregraph,ann2,reference_only,5922
50,featuregraph,ann2,reference_only,6402
50,featuregraph,ann2,reference_only,7856
50,featuregraph,ann2,reference_only,8880
50,featuregraph,ann2,reference_only,10743
50,featuregraph,ann2,reference_only,12118
50,featuregraph,ann2,reference_only,12609
50,featuregraph,ann2,reference_only,13078
50,featuregraph,ann2,reference_only,13511
50,featuregraph,ann2,reference_only,14466
50,featuregraph,ann2,reference_only,14957
50,featuregraph,ann2,reference_only,15536
50,featuregraph,ann2,reference_only,16037
50,featuregraph,ann2,reference_only,16639
50,featuregraph,ann2,reference_only,18206
50,featuregraph,ann2,reference_only,18734
50,featuregraph,ann2,reference_only,19317
50,featuregraph,ann2,reference_only,19850
50,featuregraph,ann2,reference_only,20304
50,featuregraph,ann2,reference_only,20784
50,featuregraph,ann2,reference_only,21782
50,featuregraph,ann2,reference_only,22357
50,featuregraph,ann2,reference_only,22909
50,featuregraph,ann2,reference_only,23453
50,featuregraph,ann2,reference_only,24624
50,featuregraph,ann2,reference_only,25141
50,featuregraph,ann2,reference_only,25648
50,featuregraph,ann2,reference_only,27208
50,featuregraph,ann2,reference_only,27683
50,featuregraph,ann2,reference_only,28131
50,featuregraph,ann2,reference_only,28664
50,featuregraph,ann2,reference_only,29181
50,featuregraph,ann2,reference_only,30578
50,featuregraph,ann2,reference_only,31063
50,featuregraph,ann2,reference_only,31533
50,featuregraph,ann2,reference_only,32456
50,featuregraph,ann2,reference_only,33359
50,featuregraph,ann2,reference_only,33874
50,featuregraph,ann2,reference_only,34439
50,featuregraph,ann2,reference_only,36027
50,featuregraph,ann2,reference_only,37093
50,featuregraph,ann2,reference_only,38226
50,featuregraph,ann2,reference_only,38832
50,featuregraph,ann2,reference_only,39877
50,featuregraph,ann2,reference_only,40373
50,featuregraph,ann2,reference_only,40938
50,featuregraph,ann2,reference_only,42825
50,featuregraph,ann2,reference_only,44234
50,featuregraph,ann2,reference_only,46185
50,featuregraph,ann2,reference_only,46686
50,featuregraph,ann2,reference_only,47778
50,featuregraph,ann2,reference_only,48259
50,featuregraph,ann2,reference_only,48707
50,featuregraph,ann2,reference_only,49164
50,featuregraph,ann2,reference_only,51122
50,featuregraph,ann2,reference_only,51681
50,featuregraph,ann2,reference_only,52193
50,featuregraph,ann2,reference_only,53178
50,featuregraph,ann2,reference_only,53690
50,featuregraph,ann2,reference_only,54265
50,featuregraph,ann2,reference_only,55848
50,featuregraph,ann2,reference_only,56353
50,featuregraph,ann2,reference_only,57466
51,featuregraph,ann1,reference_only,80
51,featuregraph,ann2,reference_only,77
51,llm_selected_baseline,ann1,reference_only,80
51,llm_selected_baseline,ann2,reference_only,77
52,featuregraph,ann1,detector_only,54737
52,featuregraph,ann1,detector_only,56819
52,featuregraph,ann1,reference_only,37
52,featuregraph,ann2,detector_only,10491
52,featuregraph,ann2,detector_only,54737
52,featuregraph,ann2,detector_only,56819
52,featuregraph,ann2,reference_only,40
52,featuregraph,ann2,reference_only,10558
52,llm_selected_baseline,ann1,reference_only,37
52,llm_selected_baseline,ann2,reference_only,40
53,featuregraph,ann1,detector_only,33745
53,featuregraph,ann1,reference_only,3376
53,featuregraph,ann1,reference_only,3441
53,llm_selected_baseline,ann1,detector_only,33737
53,llm_selected_baseline,ann1,reference_only,3376
53,llm_selected_baseline,ann1,reference_only,3441
