subject,featuregraph_object_id,llm_object_id,featuregraph_start_index,llm_start_index,delta_start_index,featuregraph_peak_index,llm_peak_index,delta_peak_index,featuregraph_end_index,llm_end_index,delta_end_index,featuregraph_period_seconds,llm_period_seconds,delta_period_seconds,featuregraph_full_excursion,llm_full_excursion,delta_full_excursion,featuregraph_temporal_symmetry,llm_temporal_symmetry,delta_temporal_symmetry
1,1.0,1.0,98.0,60.0,38.0,156.0,181.0,-25.0,319.0,335.0,-16.0,,,,0.83675,0.981427,-0.14467700000000006,0.5248868778280543,0.88,-0.3551131221719457
1,2.0,2.0,319.0,335.0,-16.0,446.0,462.0,-16.0,599.0,615.0,-16.0,2.32,2.248,0.07199999999999962,0.98045,0.98045,0.0,0.9071428571428571,0.9071428571428571,0.0
1,3.0,3.0,599.0,615.0,-16.0,718.0,738.0,-20.0,877.0,900.0,-23.0,2.176,2.208,-0.03200000000000003,0.998045,0.998045,0.0,0.8561151079136691,0.8631578947368421,-0.007042786823173053
1,4.0,4.0,877.0,900.0,-23.0,1012.0,1031.0,-19.0,1171.0,1194.0,-23.0,2.352,2.344,0.008000000000000007,0.963832,0.963832,0.0,0.9183673469387755,0.891156462585034,0.027210884353741527
1,5.0,5.0,1171.0,1194.0,-23.0,1294.0,1321.0,-27.0,1467.0,1488.0,-21.0,2.256,2.32,-0.06400000000000006,0.9902248,0.9902248,0.0,0.8310810810810811,0.8639455782312925,-0.032864497150211336
1,6.0,6.0,1467.0,1488.0,-21.0,1596.0,1643.0,-47.0,1866.0,1917.0,-51.0,2.416,2.576,-0.16000000000000014,1.0,1.0,0.0,0.6466165413533835,0.7226107226107226,-0.07599418125733903
1,7.0,7.0,1866.0,1917.0,-51.0,2046.0,2052.0,-6.0,2190.0,2205.0,-15.0,3.6,3.272,0.3280000000000003,1.0,1.0,0.0,0.8888888888888888,0.9375,-0.04861111111111116
1,8.0,8.0,2190.0,2205.0,-15.0,2324.0,2343.0,-19.0,2481.0,2497.0,-16.0,2.224,2.328,-0.10399999999999965,0.938416,0.938416,0.0,0.9209621993127148,0.9452054794520548,-0.024243280139339962
1,9.0,9.0,2481.0,2497.0,-16.0,2608.0,2624.0,-16.0,2760.0,2784.0,-24.0,2.272,2.248,0.023999999999999577,0.936461,0.936461,0.0,0.910394265232975,0.8850174216027875,0.02537684363018744
1,10.0,10.0,2760.0,2784.0,-24.0,2888.0,2905.0,-17.0,3053.0,3076.0,-23.0,2.24,2.248,-0.008000000000000007,0.904203,0.911046,-0.0068430000000000435,0.8737201365187713,0.8287671232876712,0.044953013231100125
1,11.0,11.0,3053.0,3076.0,-23.0,3196.0,3209.0,-13.0,3356.0,3384.0,-28.0,2.464,2.432,0.03200000000000003,0.9345060000000001,0.9345060000000001,0.0,0.9438943894389439,0.8636363636363636,0.08025802580258024
1,12.0,12.0,3356.0,3384.0,-28.0,3504.0,3511.0,-7.0,3666.0,3708.0,-42.0,2.464,2.416,0.04800000000000004,0.926686,0.926686,0.0,0.9548387096774194,0.7839506172839507,0.1708880923934687
1,13.0,13.0,3666.0,3708.0,-42.0,3832.0,3840.0,-8.0,4014.0,4044.0,-30.0,2.624,2.632,-0.008000000000000007,0.9071359999999999,0.9071359999999999,0.0,0.9540229885057472,0.7857142857142857,0.16830870279146148
1,14.0,14.0,4014.0,4044.0,-30.0,4170.0,4178.0,-8.0,4352.0,4377.0,-25.0,2.704,2.704,0.0,0.88954,0.89345,-0.003909999999999969,0.9230769230769231,0.8048048048048049,0.11827211827211825
1,15.0,15.0,4352.0,4377.0,-25.0,4506.0,4510.0,-4.0,4689.0,4730.0,-41.0,2.688,2.656,0.03200000000000003,0.82894,0.82894,0.0,0.913946587537092,0.7535410764872521,0.1604055110498399
1,16.0,16.0,4689.0,4730.0,-41.0,4886.0,4870.0,16.0,5044.0,5088.0,-44.0,3.04,2.88,0.16000000000000014,0.87194,0.8308800000000001,0.041059999999999985,0.8901408450704226,0.782122905027933,0.10801794004248955
1,17.0,17.0,5044.0,5088.0,-44.0,5228.0,5222.0,6.0,5387.0,5426.0,-39.0,2.736,2.816,-0.07999999999999963,0.82698,0.8357800000000001,-0.00880000000000003,0.9271137026239067,0.7928994082840237,0.13421429433988297
1,18.0,18.0,5387.0,5426.0,-39.0,5560.0,5561.0,-1.0,5746.0,5781.0,-35.0,2.656,2.712,-0.05600000000000005,0.70479,0.70674,-0.0019500000000000073,0.9637883008356546,0.7605633802816901,0.20322492055396446
1,19.0,19.0,5746.0,5781.0,-35.0,5930.0,5920.0,10.0,6102.0,6148.0,-46.0,2.96,2.872,0.08800000000000008,0.66471,0.64027,0.024440000000000017,0.9662921348314607,0.7574931880108992,0.20879894682056155
1,20.0,20.0,6102.0,6148.0,-46.0,6291.0,6279.0,12.0,6441.0,6487.0,-46.0,2.888,2.872,0.016000000000000014,0.7839700000000001,0.7839700000000001,0.0,0.8849557522123894,0.7728613569321534,0.11209439528023601
1,21.0,21.0,6441.0,6487.0,-46.0,6632.0,6629.0,3.0,6818.0,6762.0,56.0,2.728,2.8,-0.07199999999999962,0.74878,0.74878,0.0,0.986737400530504,0.9672727272727273,0.019464673257776677
1,22.0,22.0,6818.0,6762.0,56.0,7026.0,7012.0,14.0,7188.0,7152.0,36.0,3.152,3.064,0.08800000000000008,0.75269,0.73802,0.01466999999999996,0.8756756756756756,0.717948717948718,0.15772695772695766
1,23.0,23.0,7188.0,7152.0,36.0,7438.0,7415.0,23.0,7584.0,7553.0,31.0,3.296,3.224,0.07199999999999962,0.67742,0.70577,-0.028349999999999986,0.7373737373737373,0.6882793017456359,0.04909443562810145
1,24.0,24.0,7584.0,7553.0,31.0,7783.0,7769.0,14.0,7935.0,7905.0,30.0,2.76,2.832,-0.07200000000000006,0.7839700000000001,0.7839700000000001,0.0,0.8660968660968661,0.7727272727272727,0.09336959336959338
1,25.0,25.0,7935.0,7905.0,30.0,8124.0,8135.0,-11.0,8313.0,8347.0,-34.0,2.728,2.928,-0.19999999999999973,0.74095,0.75171,-0.010759999999999992,1.0,0.9592760180995475,0.040723981900452455
1,26.0,26.0,8313.0,8347.0,-34.0,8526.0,8499.0,27.0,8660.0,8693.0,-33.0,3.216,2.912,0.30400000000000027,0.75074,0.77322,-0.022480000000000055,0.7723342939481268,0.8786127167630058,-0.10627842281487898
1,27.0,27.0,8660.0,8693.0,-33.0,8858.0,8844.0,14.0,9008.0,9054.0,-46.0,2.656,2.76,-0.10399999999999965,0.76148,0.76148,0.0,0.8620689655172413,0.8365650969529086,0.025503868564332732
1,28.0,28.0,9008.0,9054.0,-46.0,9194.0,9199.0,-5.0,9370.0,9394.0,-24.0,2.688,2.84,-0.1519999999999997,0.8827,0.8827,0.0,0.9723756906077348,0.8529411764705882,0.11943451413714656
1,29.0,29.0,9370.0,9394.0,-24.0,9530.0,9540.0,-10.0,9716.0,9746.0,-30.0,2.688,2.728,-0.040000000000000036,0.87879,0.87879,0.0,0.9248554913294798,0.8295454545454546,0.09531003678402516
1,30.0,30.0,9716.0,9746.0,-30.0,9912.0,9903.0,9.0,10064.0,10095.0,-31.0,3.056,2.904,0.15200000000000014,0.87195,0.8739,-0.0019500000000000073,0.8735632183908046,0.8997134670487106,-0.02615024865790594
1,31.0,31.0,10064.0,10095.0,-31.0,10242.0,10248.0,-6.0,10405.0,10429.0,-24.0,2.64,2.76,-0.11999999999999966,0.911046,0.911046,0.0,0.9560117302052786,0.9161676646706587,0.039844065534619943
1,32.0,32.0,10405.0,10429.0,-24.0,10568.0,10570.0,-2.0,10722.0,10750.0,-28.0,2.608,2.576,0.03200000000000003,0.929619,0.929619,0.0,0.9716088328075709,0.8785046728971962,0.09310415991037468
1,33.0,33.0,10722.0,10750.0,-28.0,10890.0,10888.0,2.0,11040.0,11064.0,-24.0,2.576,2.544,0.03200000000000003,0.917889,0.956012,-0.03812300000000002,0.9433962264150944,0.8789808917197452,0.0644153346953491
1,34.0,34.0,11040.0,11064.0,-24.0,11208.0,11207.0,1.0,11360.0,11392.0,-32.0,2.544,2.552,-0.008000000000000007,0.956012,0.954057,0.001954999999999929,0.95,0.8719512195121951,0.07804878048780484
1,35.0,35.0,11360.0,11392.0,-32.0,11534.0,11527.0,7.0,11677.0,11698.0,-21.0,2.608,2.56,0.04800000000000004,0.916911,0.908113,0.008798000000000084,0.9022082018927444,0.8823529411764706,0.01985526071627386
1,36.0,36.0,11677.0,11698.0,-21.0,11830.0,11828.0,2.0,11987.0,12011.0,-24.0,2.368,2.408,-0.040000000000000036,0.89247,0.900293,-0.007823000000000024,0.9870967741935484,0.8306709265175719,0.15642584767597645
1,37.0,37.0,11987.0,12011.0,-24.0,12140.0,12151.0,-11.0,12320.0,12345.0,-25.0,2.48,2.584,-0.10400000000000009,0.905181,0.905181,0.0,0.9189189189189189,0.8383233532934131,0.08059556562550574
1,38.0,38.0,12320.0,12345.0,-25.0,12466.0,12486.0,-20.0,12654.0,12687.0,-33.0,2.608,2.68,-0.07200000000000006,0.900293,0.905181,-0.0048880000000000035,0.874251497005988,0.8245614035087719,0.04969009349721609
1,39.0,39.0,12654.0,12687.0,-33.0,12828.0,12828.0,0.0,12991.0,13031.0,-40.0,2.896,2.736,0.1599999999999997,0.905181,0.89932,0.005861000000000005,0.9673590504451038,0.8197674418604651,0.1475916085846387
1,40.0,40.0,12991.0,13031.0,-40.0,13164.0,13170.0,-6.0,13341.0,13383.0,-42.0,2.688,2.736,-0.04800000000000004,0.89052,0.8817200000000001,0.008799999999999919,0.9885714285714285,0.7897727272727273,0.19879870129870125
1,41.0,41.0,13341.0,13383.0,-42.0,13507.0,13518.0,-11.0,13694.0,13727.0,-33.0,2.744,2.784,-0.03999999999999959,0.8944300000000001,0.911046,-0.016615999999999964,0.9405099150141643,0.7848837209302326,0.15562619408393163
1,42.0,42.0,13694.0,13727.0,-33.0,13852.0,13869.0,-17.0,14043.0,14077.0,-34.0,2.76,2.808,-0.04800000000000004,0.911046,0.89541,0.015635999999999983,0.9054441260744985,0.8114285714285714,0.09401555464592715
1,43.0,43.0,14043.0,14077.0,-34.0,14242.0,14217.0,25.0,14385.0,14424.0,-39.0,3.12,2.784,0.3360000000000003,0.8817200000000001,0.9149510000000001,-0.03323100000000001,0.8362573099415205,0.8069164265129682,0.029340883428552234
1,44.0,44.0,14385.0,14424.0,-39.0,14554.0,14578.0,-24.0,14745.0,14775.0,-30.0,2.496,2.888,-0.3919999999999999,0.916911,0.913978,0.0029330000000000744,0.9388888888888889,0.8774928774928775,0.06139601139601136
1,45.0,45.0,14745.0,14775.0,-30.0,14896.0,14922.0,-26.0,15096.0,15120.0,-24.0,2.736,2.752,-0.01599999999999957,0.921799,0.936461,-0.014661999999999953,0.8603988603988604,0.8521739130434782,0.00822494735538215
1,46.0,46.0,15096.0,15120.0,-24.0,15246.0,15272.0,-26.0,15445.0,15477.0,-32.0,2.8,2.8,0.0,0.936461,0.938416,-0.00195500000000004,0.8595988538681949,0.8515406162464986,0.00805823762169633
1,47.0,47.0,15445.0,15477.0,-32.0,15606.0,15628.0,-22.0,15818.0,15850.0,-32.0,2.88,2.848,0.03200000000000003,0.938416,0.915934,0.022482000000000002,0.8632707774798928,0.8096514745308311,0.0536193029490617
1,48.0,48.0,15818.0,15850.0,-32.0,15980.0,16012.0,-32.0,16195.0,16233.0,-38.0,2.992,3.072,-0.08000000000000007,0.915934,0.9071359999999999,0.008798000000000084,0.8594164456233422,0.8459530026109661,0.01346344301237612
1,49.0,49.0,16195.0,16233.0,-38.0,16364.0,16388.0,-24.0,16590.0,16624.0,-34.0,3.072,3.008,0.06400000000000006,0.901271,0.88465,0.016620999999999997,0.8556962025316456,0.7928388746803069,0.06285732785133868
1,50.0,50.0,16590.0,16624.0,-34.0,16764.0,16780.0,-16.0,16952.0,16993.0,-41.0,3.2,3.136,0.06400000000000006,0.88465,0.88074,0.00391000000000008,0.9613259668508287,0.8455284552845528,0.11579751156627593
1,51.0,51.0,16952.0,16993.0,-41.0,17120.0,17141.0,-21.0,17326.0,17356.0,-30.0,2.848,2.888,-0.040000000000000036,0.9022479999999999,0.912023,-0.00977500000000009,0.8983957219251337,0.8154269972451791,0.08296872467995464
1,52.0,52.0,17326.0,17356.0,-30.0,17502.0,17512.0,-10.0,17677.0,17712.0,-35.0,3.056,2.968,0.08800000000000008,0.912023,0.89638,0.015643000000000074,0.9971509971509972,0.8764044943820225,0.1207465027689747
1,53.0,53.0,17677.0,17712.0,-35.0,17844.0,17856.0,-12.0,18021.0,18056.0,-35.0,2.736,2.752,-0.01599999999999957,0.909091,0.909091,0.0,0.9709302325581395,0.8372093023255813,0.13372093023255816
1,54.0,54.0,18021.0,18056.0,-35.0,18190.0,18191.0,-1.0,18341.0,18371.0,-30.0,2.768,2.68,0.08799999999999963,0.916911,0.916911,0.0,0.94375,0.8571428571428572,0.08660714285714277
1,55.0,55.0,18341.0,18371.0,-30.0,18496.0,18511.0,-15.0,18675.0,18710.0,-35.0,2.448,2.56,-0.1120000000000001,0.911046,0.912023,-0.0009770000000000056,0.9281437125748503,0.8259587020648967,0.10218501050995354
1,56.0,56.0,18675.0,18710.0,-35.0,18838.0,18853.0,-15.0,19008.0,19037.0,-29.0,2.736,2.736,0.0,0.922776,0.922776,0.0,0.978978978978979,0.8746177370030581,0.1043612419759209
1,57.0,57.0,19008.0,19037.0,-29.0,19162.0,19178.0,-16.0,19350.0,19380.0,-30.0,2.592,2.6,-0.008000000000000007,0.909091,0.916911,-0.00782000000000005,0.9005847953216375,0.8221574344023324,0.07842736091930513
1,58.0,58.0,19350.0,19380.0,-30.0,19504.0,19530.0,-26.0,19706.0,19732.0,-26.0,2.736,2.816,-0.07999999999999963,0.916911,0.915934,0.0009770000000000056,0.8651685393258427,0.8522727272727273,0.012895812053115407
1,59.0,59.0,19706.0,19732.0,-26.0,19866.0,19878.0,-12.0,20052.0,20089.0,-37.0,2.896,2.784,0.1120000000000001,0.903226,0.924731,-0.021504999999999996,0.9248554913294798,0.8179271708683473,0.10692832046113243
1,60.0,60.0,20052.0,20089.0,-37.0,20216.0,20241.0,-25.0,20429.0,20455.0,-26.0,2.8,2.904,-0.10400000000000009,0.924731,0.913001,0.011730000000000018,0.870026525198939,0.8306010928961749,0.039425432302764074
1,61.0,61.0,20429.0,20455.0,-26.0,20578.0,20608.0,-30.0,20797.0,20833.0,-36.0,2.896,2.936,-0.040000000000000036,0.913001,0.89932,0.013680999999999943,0.8097826086956521,0.8095238095238095,0.00025879917184257195
1,62.0,62.0,20797.0,20833.0,-36.0,20966.0,20994.0,-28.0,21167.0,21189.0,-22.0,3.104,3.088,0.016000000000000014,0.8915,0.920821,-0.02932100000000004,0.9135135135135135,0.9044943820224719,0.00901913149104161
1,63.0,63.0,21167.0,21189.0,-22.0,21310.0,21336.0,-26.0,21513.0,21541.0,-28.0,2.752,2.736,0.01599999999999957,0.926686,0.930596,-0.003909999999999969,0.8265895953757225,0.8352272727272727,-0.008637677351550188
1,64.0,64.0,21513.0,21541.0,-28.0,21680.0,21691.0,-11.0,21860.0,21896.0,-36.0,2.96,2.84,0.1200000000000001,0.930596,0.913978,0.01661800000000002,0.962536023054755,0.8450704225352113,0.1174656005195438
1,65.0,65.0,21860.0,21896.0,-36.0,22026.0,22044.0,-18.0,22233.0,22261.0,-28.0,2.768,2.824,-0.05600000000000005,0.913978,0.917889,-0.003910999999999998,0.8900804289544236,0.810958904109589,0.07912152484483459
1,66.0,66.0,22233.0,22261.0,-28.0,22388.0,22418.0,-30.0,22593.0,22627.0,-34.0,2.896,2.992,-0.09600000000000009,0.917889,0.925709,-0.00782000000000005,0.8611111111111112,0.8579234972677596,0.0031876138433515333
1,67.0,67.0,22593.0,22627.0,-34.0,22760.0,22783.0,-23.0,22957.0,22990.0,-33.0,2.976,2.92,0.05600000000000005,0.925709,0.920821,0.0048880000000000035,0.9175824175824175,0.859504132231405,0.05807828535101256
1,68.0,68.0,22957.0,22990.0,-33.0,23115.0,23151.0,-36.0,23324.0,23347.0,-23.0,2.84,2.944,-0.10400000000000009,0.921799,0.921799,0.0,0.8610354223433243,0.9019607843137255,-0.0409253619704012
1,69.0,69.0,23324.0,23347.0,-23.0,23470.0,23495.0,-25.0,23662.0,23695.0,-33.0,2.84,2.752,0.08800000000000008,0.916911,0.929619,-0.012707999999999942,0.863905325443787,0.8505747126436781,0.013330612800108832
1,70.0,70.0,23662.0,23695.0,-33.0,23830.0,23842.0,-12.0,23999.0,24025.0,-26.0,2.88,2.776,0.10400000000000009,0.929619,0.89345,0.03616900000000001,0.9970326409495549,0.8909090909090909,0.10612355004046403
1,71.0,71.0,23999.0,24025.0,-26.0,24154.0,24161.0,-7.0,24321.0,24354.0,-33.0,2.592,2.552,0.040000000000000036,0.901271,0.917889,-0.01661799999999991,0.9627329192546584,0.8267477203647416,0.13598519888991678
1,72.0,72.0,24321.0,24354.0,-33.0,24486.0,24498.0,-12.0,24664.0,24697.0,-33.0,2.656,2.696,-0.040000000000000036,0.917889,0.9022479999999999,0.015641000000000016,0.9620991253644315,0.8396501457725948,0.12244897959183676
1,73.0,73.0,24664.0,24697.0,-33.0,24832.0,24855.0,-23.0,25038.0,25064.0,-26.0,2.768,2.856,-0.08800000000000008,0.9022479999999999,0.908113,-0.005865000000000009,0.8983957219251337,0.8610354223433243,0.03736029958180942
1,74.0,74.0,25038.0,25064.0,-26.0,25190.0,25215.0,-25.0,25387.0,25425.0,-38.0,2.864,2.88,-0.016000000000000014,0.908113,0.904203,0.003909999999999969,0.8710601719197708,0.8365650969529086,0.034495074966862216
1,75.0,75.0,25387.0,25425.0,-38.0,25558.0,25577.0,-19.0,25740.0,25764.0,-24.0,2.944,2.896,0.04800000000000004,0.904203,0.88759,0.01661299999999999,0.9688385269121813,0.8967551622418879,0.07208336467029341
1,76.0,76.0,25740.0,25764.0,-24.0,25900.0,25912.0,-12.0,26082.0,26119.0,-37.0,2.736,2.68,0.05600000000000005,0.904203,0.908113,-0.003909999999999969,0.935672514619883,0.8338028169014085,0.10186969771847454
1,77.0,77.0,26082.0,26119.0,-37.0,26250.0,26276.0,-26.0,26453.0,26481.0,-28.0,2.8,2.912,-0.1120000000000001,0.913001,0.913001,0.0,0.9056603773584906,0.8674033149171271,0.03825706244136351
1,78.0,78.0,26453.0,26481.0,-28.0,26622.0,26639.0,-17.0,26806.0,26835.0,-29.0,2.976,2.904,0.07200000000000006,0.912023,0.910068,0.00195500000000004,0.9575070821529745,0.8926553672316384,0.06485171492133612
1,79.0,79.0,26806.0,26835.0,-29.0,26966.0,26981.0,-15.0,27148.0,27181.0,-33.0,2.752,2.736,0.01599999999999957,0.926686,0.926686,0.0,0.935672514619883,0.8439306358381503,0.09174187878173268
1,80.0,80.0,27148.0,27181.0,-33.0,27312.0,27339.0,-27.0,27524.0,27554.0,-30.0,2.768,2.864,-0.09600000000000009,0.909091,0.909091,0.0,0.8723404255319149,0.8471849865951743,0.02515543893674066
1,81.0,81.0,27524.0,27554.0,-30.0,27694.0,27713.0,-19.0,27894.0,27934.0,-40.0,3.056,2.992,0.06400000000000006,0.9071359999999999,0.9022479999999999,0.0048880000000000035,0.9189189189189189,0.8368421052631578,0.08207681365576103
1,82.0,82.0,27894.0,27934.0,-40.0,28056.0,28085.0,-29.0,28268.0,28301.0,-33.0,2.896,2.976,-0.08000000000000007,0.908113,0.909091,-0.0009780000000000344,0.8663101604278075,0.8228882833787465,0.043421877049060975
1,83.0,83.0,28268.0,28301.0,-33.0,28440.0,28452.0,-12.0,28625.0,28662.0,-37.0,3.072,2.936,0.13600000000000012,0.909091,0.88759,0.021500999999999992,0.9635854341736695,0.8365650969529086,0.1270203372207609
1,84.0,84.0,28625.0,28662.0,-37.0,28792.0,28817.0,-25.0,29000.0,29022.0,-22.0,2.816,2.92,-0.10400000000000009,0.901271,0.913978,-0.012706999999999913,0.8906666666666667,0.8611111111111112,0.029555555555555557
1,85.0,85.0,29000.0,29022.0,-22.0,29154.0,29178.0,-24.0,29346.0,29379.0,-33.0,2.896,2.888,0.008000000000000007,0.913978,0.914956,-0.0009780000000000344,0.8901734104046243,0.8739495798319328,0.0162238305726915
1,86.0,86.0,29346.0,29379.0,-33.0,29514.0,29529.0,-15.0,29698.0,29736.0,-38.0,2.88,2.808,0.07200000000000006,0.914956,0.89541,0.019545999999999952,0.9545454545454546,0.8403361344537815,0.11420932009167306
1,87.0,87.0,29698.0,29736.0,-38.0,29864.0,29886.0,-22.0,30066.0,30091.0,-25.0,2.8,2.856,-0.05600000000000005,0.913001,0.924731,-0.011730000000000018,0.9021739130434783,0.8450704225352113,0.05710349050826702
1,88.0,88.0,30066.0,30091.0,-25.0,30214.0,30242.0,-28.0,30416.0,30450.0,-34.0,2.8,2.848,-0.04800000000000004,0.924731,0.918866,0.005865000000000009,0.8457142857142858,0.841225626740947,0.004488658973338722
1,89.0,89.0,30416.0,30450.0,-34.0,30584.0,30599.0,-15.0,30768.0,30803.0,-35.0,2.96,2.856,0.10400000000000009,0.918866,0.901271,0.017594999999999916,0.9545454545454546,0.8441926345609065,0.11035281998454805
1,90.0,90.0,30768.0,30803.0,-35.0,30934.0,30957.0,-23.0,31144.0,31167.0,-23.0,2.8,2.864,-0.06400000000000006,0.901271,0.910068,-0.008796999999999944,0.8829787234042553,0.8461538461538461,0.03682487725040917
1,91.0,91.0,31144.0,31167.0,-23.0,31320.0,31328.0,-8.0,31498.0,31532.0,-34.0,3.088,2.968,0.1200000000000001,0.910068,0.905181,0.004886999999999975,0.9943502824858758,0.8821917808219178,0.11215850166395791
1,92.0,92.0,31498.0,31532.0,-34.0,31672.0,31691.0,-19.0,31886.0,31914.0,-28.0,2.816,2.904,-0.08800000000000008,0.905181,0.911046,-0.005865000000000009,0.8969072164948454,0.8324607329842932,0.06444648351055215
1,93.0,93.0,31886.0,31914.0,-28.0,32060.0,32071.0,-11.0,32248.0,32285.0,-37.0,3.104,3.04,0.06400000000000006,0.911046,0.88074,0.030306000000000055,0.9613259668508287,0.8463611859838275,0.11496478086700124
1,94.0,94.0,32248.0,32285.0,-37.0,32416.0,32436.0,-20.0,32624.0,32649.0,-25.0,2.848,2.92,-0.07200000000000006,0.9071359999999999,0.913978,-0.006842000000000015,0.8936170212765957,0.8296703296703296,0.06394669160626609
1,95.0,95.0,32624.0,32649.0,-25.0,32800.0,32804.0,-4.0,32982.0,33019.0,-37.0,3.072,2.944,0.1280000000000001,0.913978,0.908113,0.005865000000000009,0.9832402234636871,0.8378378378378378,0.14540238562584928
1,96.0,96.0,32982.0,33019.0,-37.0,33150.0,33174.0,-24.0,33364.0,33394.0,-30.0,2.8,2.96,-0.16000000000000014,0.909091,0.912023,-0.0029320000000000457,0.8795811518324608,0.8266666666666667,0.05291448516579411
1,97.0,97.0,33364.0,33394.0,-30.0,33532.0,33548.0,-16.0,33720.0,33755.0,-35.0,3.056,2.992,0.06400000000000006,0.912023,0.903226,0.008797000000000055,0.9438202247191011,0.853185595567867,0.0906346291512341
1,98.0,98.0,33720.0,33755.0,-35.0,33888.0,33908.0,-20.0,34091.0,34116.0,-25.0,2.848,2.88,-0.03200000000000003,0.903226,0.904203,-0.0009770000000000056,0.9056603773584906,0.8476454293628809,0.05801494799560969
1,99.0,99.0,34091.0,34116.0,-25.0,34242.0,34273.0,-31.0,34449.0,34487.0,-38.0,2.832,2.92,-0.08800000000000008,0.905181,0.906158,-0.0009770000000000056,0.8435754189944134,0.8463611859838275,-0.002785766989414129
1,100.0,100.0,34449.0,34487.0,-38.0,34622.0,34645.0,-23.0,34830.0,34857.0,-27.0,3.04,2.976,0.06400000000000006,0.906158,0.903226,0.0029320000000000457,0.9081364829396326,0.854054054054054,0.05408242888557857
1,101.0,101.0,34830.0,34857.0,-27.0,34986.0,35013.0,-27.0,35185.0,35217.0,-32.0,2.912,2.944,-0.03200000000000003,0.903226,0.915934,-0.012708000000000053,0.8788732394366197,0.8666666666666667,0.012206572769952961
1,102.0,102.0,35185.0,35217.0,-32.0,35354.0,35371.0,-17.0,35536.0,35570.0,-34.0,2.944,2.864,0.08000000000000007,0.915934,0.88368,0.032254000000000005,0.962962962962963,0.8725212464589235,0.09044171650403954
1,103.0,103.0,35536.0,35570.0,-34.0,35696.0,35713.0,-17.0,35901.0,35929.0,-28.0,2.736,2.736,0.0,0.911046,0.912023,-0.0009770000000000056,0.8767123287671232,0.7966573816155988,0.08005494715152439
1,104.0,104.0,35901.0,35929.0,-28.0,36056.0,36086.0,-30.0,36264.0,36298.0,-34.0,2.88,2.984,-0.10400000000000009,0.912023,0.912023,0.0,0.8539944903581267,0.8509485094850948,0.0030459808730318727
1,105.0,105.0,36264.0,36298.0,-34.0,36428.0,36446.0,-18.0,36604.0,36629.0,-25.0,2.976,2.88,0.09600000000000009,0.912023,0.908113,0.00391000000000008,0.9647058823529412,0.8942598187311178,0.07044606362182337
1,106.0,106.0,36604.0,36629.0,-25.0,36758.0,36776.0,-18.0,36954.0,36985.0,-31.0,2.64,2.64,0.0,0.917889,0.919844,-0.00195500000000004,0.88,0.8258426966292135,0.0541573033707865
1,107.0,107.0,36954.0,36985.0,-31.0,37114.0,37144.0,-30.0,37314.0,37340.0,-26.0,2.848,2.944,-0.09600000000000009,0.919844,0.926686,-0.006842000000000015,0.8888888888888888,0.895774647887324,-0.006885758998435132
1,108.0,108.0,37314.0,37340.0,-26.0,37478.0,37491.0,-13.0,37659.0,37694.0,-35.0,2.912,2.776,0.13600000000000012,0.926686,0.926686,0.0,0.9507246376811594,0.8531073446327684,0.09761729304839106
1,109.0,109.0,37659.0,37694.0,-35.0,37824.0,37841.0,-17.0,38022.0,38052.0,-30.0,2.768,2.8,-0.03200000000000003,0.921799,0.910068,0.011731000000000047,0.9090909090909091,0.8212290502793296,0.08786185881157949
1,110.0,110.0,38022.0,38052.0,-30.0,38180.0,38209.0,-29.0,38382.0,38411.0,-29.0,2.848,2.944,-0.09600000000000009,0.905181,0.904203,0.0009780000000000344,0.8777777777777778,0.8746518105849582,0.0031259671928195454
1,111.0,111.0,38382.0,38411.0,-29.0,38550.0,38562.0,-12.0,38750.0,38785.0,-35.0,2.96,2.824,0.13600000000000012,0.901271,0.901271,0.0,0.9130434782608696,0.8074866310160428,0.10555684724482683
1,112.0,112.0,38750.0,38785.0,-35.0,38916.0,38948.0,-32.0,39130.0,39165.0,-35.0,2.928,3.088,-0.16000000000000014,0.900293,0.900293,0.0,0.8736842105263158,0.8578947368421053,0.015789473684210575
1,113.0,113.0,39130.0,39165.0,-35.0,39308.0,39331.0,-23.0,39509.0,39532.0,-23.0,3.136,3.064,0.07200000000000006,0.900293,0.925709,-0.025415999999999994,0.9393139841688655,0.9046321525885559,0.034681831580309574
1,114.0,114.0,39509.0,39532.0,-23.0,39658.0,39681.0,-23.0,39859.0,39888.0,-29.0,2.8,2.8,0.0,0.925709,0.925709,0.0,0.8514285714285714,0.8370786516853932,0.01434991974317823
1,115.0,115.0,39859.0,39888.0,-29.0,40028.0,40041.0,-13.0,40226.0,40262.0,-36.0,2.96,2.88,0.08000000000000007,0.914956,0.89834,0.016615999999999964,0.9209809264305178,0.8181818181818181,0.10279910824869964
1,116.0,116.0,40226.0,40262.0,-36.0,40392.0,40419.0,-27.0,40600.0,40634.0,-34.0,2.912,3.024,-0.1120000000000001,0.917889,0.921799,-0.00391000000000008,0.8877005347593583,0.8440860215053764,0.04361451325398191
1,117.0,117.0,40600.0,40634.0,-34.0,40780.0,40796.0,-16.0,40989.0,41018.0,-29.0,3.104,3.016,0.08800000000000008,0.921799,0.918866,0.0029330000000000744,0.9254498714652957,0.84375,0.08169987146529567
1,118.0,118.0,40989.0,41018.0,-29.0,41146.0,41174.0,-28.0,41343.0,41374.0,-31.0,2.928,3.024,-0.09600000000000009,0.918866,0.901271,0.017594999999999916,0.8870056497175142,0.8764044943820225,0.010601155335491663
1,119.0,119.0,41343.0,41374.0,-31.0,41508.0,41520.0,-12.0,41687.0,41721.0,-34.0,2.896,2.768,0.1280000000000001,0.901271,0.901271,0.0,0.9593023255813954,0.8414985590778098,0.1178037665035856
1,120.0,120.0,41687.0,41721.0,-34.0,41856.0,41869.0,-13.0,42044.0,42073.0,-29.0,2.784,2.792,-0.008000000000000007,0.914956,0.914956,0.0,0.9467787114845938,0.8409090909090909,0.10586962057550287
1,121.0,121.0,42044.0,42073.0,-29.0,42202.0,42222.0,-20.0,42399.0,42434.0,-35.0,2.768,2.824,-0.05600000000000005,0.911046,0.918866,-0.007819999999999938,0.8901408450704226,0.8254847645429363,0.06465608052748628
1,122.0,122.0,42399.0,42434.0,-35.0,42575.0,42581.0,-6.0,42749.0,42784.0,-35.0,2.984,2.872,0.1120000000000001,0.918866,0.89052,0.028345999999999982,0.9942857142857143,0.84,0.15428571428571436
1,123.0,123.0,42749.0,42784.0,-35.0,42914.0,42926.0,-12.0,43098.0,43137.0,-39.0,2.712,2.76,-0.0479999999999996,0.89345,0.89541,-0.001960000000000073,0.9455587392550143,0.8045325779036827,0.1410261613513316
1,124.0,124.0,43098.0,43137.0,-39.0,43266.0,43289.0,-23.0,43472.0,43493.0,-21.0,2.816,2.904,-0.08800000000000008,0.923754,0.926686,-0.0029320000000000457,0.8983957219251337,0.8539325842696629,0.04446313765547083
1,125.0,125.0,43472.0,43493.0,-21.0,43648.0,43694.0,-46.0,43952.0,43910.0,42.0,3.056,3.24,-0.18400000000000016,1.0,1.0,0.0,0.7333333333333334,0.9640287769784173,-0.23069544364508388
1,126.0,126.0,43952.0,43910.0,42.0,44138.0,44144.0,-6.0,44304.0,44339.0,-35.0,3.92,3.6,0.31999999999999984,0.945259,1.0,-0.05474100000000004,0.9431818181818182,0.9090909090909091,0.03409090909090917
1,127.0,127.0,44304.0,44339.0,-35.0,44472.0,44485.0,-13.0,44649.0,44685.0,-36.0,2.672,2.728,-0.05600000000000005,0.900293,0.8827,0.01759299999999997,0.9739130434782609,0.8439306358381503,0.1299824076401106
1,128.0,128.0,44649.0,44685.0,-36.0,44814.0,44834.0,-20.0,45014.0,45039.0,-25.0,2.736,2.792,-0.055999999999999606,0.906158,0.906158,0.0,0.904109589041096,0.8418079096045198,0.06230167943657616
1,129.0,129.0,45014.0,45039.0,-25.0,45164.0,45190.0,-26.0,45364.0,45395.0,-31.0,2.8,2.848,-0.04800000000000004,0.900293,0.905181,-0.0048880000000000035,0.8571428571428572,0.848314606741573,0.00882825040128421
1,130.0,130.0,45364.0,45395.0,-31.0,45544.0,45551.0,-7.0,45715.0,45751.0,-36.0,3.04,2.888,0.15200000000000014,0.905181,0.89932,0.005861000000000005,0.9743589743589743,0.8764044943820225,0.09795447997695184
1,131.0,131.0,45715.0,45751.0,-36.0,45886.0,45893.0,-7.0,46083.0,46112.0,-29.0,2.736,2.736,0.0,0.912023,0.912023,0.0,0.9293478260869565,0.7867036011080333,0.14264422497892326
1,132.0,132.0,46083.0,46112.0,-29.0,46244.0,46272.0,-28.0,46451.0,46488.0,-37.0,2.864,3.032,-0.16800000000000015,0.900293,0.908113,-0.007819999999999938,0.875,0.851063829787234,0.02393617021276595
1,133.0,133.0,46451.0,46488.0,-37.0,46626.0,46643.0,-17.0,46819.0,46848.0,-29.0,3.056,2.968,0.08800000000000008,0.908113,0.906158,0.001954999999999929,0.9510869565217391,0.8611111111111112,0.08997584541062797
1,134.0,134.0,46819.0,46848.0,-29.0,46974.0,46996.0,-22.0,47171.0,47195.0,-24.0,2.784,2.824,-0.040000000000000036,0.908113,0.912023,-0.00391000000000008,0.8806818181818181,0.8530259365994236,0.027655881582394515
1,135.0,135.0,47171.0,47195.0,-24.0,47366.0,47346.0,20.0,47516.0,47554.0,-38.0,3.136,2.8,0.3360000000000003,0.913978,0.913978,0.0,0.8695652173913043,0.841225626740947,0.028339590650357294
1,136.0,136.0,47516.0,47554.0,-38.0,47692.0,47702.0,-10.0,47865.0,47901.0,-36.0,2.608,2.848,-0.23999999999999977,0.9071359999999999,0.89052,0.016615999999999964,0.9914040114613181,0.8530259365994236,0.13837807486189446
1,137.0,137.0,47865.0,47901.0,-36.0,48034.0,48053.0,-19.0,48240.0,48266.0,-26.0,2.736,2.808,-0.07199999999999962,0.913978,0.921799,-0.007821000000000078,0.9013333333333333,0.8328767123287671,0.06845662100456618
1,138.0,138.0,48240.0,48266.0,-26.0,48414.0,48425.0,-11.0,48593.0,48627.0,-34.0,3.04,2.976,0.06400000000000006,0.921799,0.89834,0.023459000000000008,0.9858356940509915,0.8808864265927978,0.10494926745819366
1,139.0,139.0,48593.0,48627.0,-34.0,48770.0,48777.0,-7.0,48946.0,48985.0,-39.0,2.848,2.816,0.03200000000000003,0.89345,0.88074,0.012709999999999999,0.9971671388101983,0.8379888268156425,0.1591783119945558
1,140.0,140.0,48946.0,48985.0,-39.0,49118.0,49134.0,-16.0,49320.0,49342.0,-22.0,2.784,2.856,-0.07200000000000006,0.89834,0.912023,-0.013683,0.9197860962566845,0.834733893557423,0.0850522026992615
1,141.0,141.0,49320.0,49342.0,-22.0,49470.0,49495.0,-25.0,49670.0,49703.0,-33.0,2.816,2.888,-0.07200000000000006,0.912023,0.89541,0.01661299999999999,0.8571428571428572,0.8476454293628809,0.009497427779976308
1,142.0,142.0,49670.0,49703.0,-33.0,49844.0,49854.0,-10.0,50021.0,50054.0,-33.0,2.992,2.872,0.1200000000000001,0.89541,0.918866,-0.02345599999999992,0.9914529914529915,0.8603988603988604,0.1310541310541311
1,143.0,143.0,50021.0,50054.0,-33.0,50188.0,50200.0,-12.0,50364.0,50398.0,-34.0,2.752,2.768,-0.016000000000000014,0.918866,0.913978,0.0048880000000000035,0.9737609329446064,0.8488372093023255,0.12492372364228088
1,144.0,144.0,50364.0,50398.0,-34.0,50528.0,50544.0,-16.0,50714.0,50746.0,-32.0,2.72,2.752,-0.031999999999999584,0.924731,0.924731,0.0,0.9371428571428572,0.8390804597701149,0.09806239737274225
1,145.0,145.0,50714.0,50746.0,-32.0,50876.0,50899.0,-23.0,51076.0,51098.0,-22.0,2.784,2.84,-0.05600000000000005,0.915934,0.926686,-0.010751999999999984,0.8950276243093923,0.8693181818181819,0.025709442491210432
1,146.0,146.0,51076.0,51098.0,-22.0,51256.0,51258.0,-2.0,51431.0,51465.0,-34.0,3.04,2.872,0.16800000000000015,0.926686,0.906158,0.02052799999999999,0.9859154929577465,0.8719346049046321,0.11398088805311435
1,147.0,147.0,51431.0,51465.0,-34.0,51600.0,51621.0,-21.0,51795.0,51822.0,-27.0,2.752,2.904,-0.15200000000000014,0.901271,0.89247,0.008801000000000059,0.9285714285714286,0.8739495798319328,0.054621848739495826
1,148.0,148.0,51795.0,51822.0,-27.0,51946.0,51973.0,-27.0,52151.0,52184.0,-33.0,2.768,2.816,-0.04800000000000004,0.900293,0.912023,-0.011730000000000018,0.848314606741573,0.8342541436464088,0.014060463095164177
1,149.0,149.0,52151.0,52184.0,-33.0,52324.0,52338.0,-14.0,52500.0,52533.0,-33.0,3.024,2.92,0.10400000000000009,0.912023,0.87781,0.03421300000000005,0.9914040114613181,0.8825214899713467,0.10888252148997135
1,150.0,150.0,52500.0,52533.0,-33.0,52654.0,52669.0,-15.0,52827.0,52861.0,-34.0,2.64,2.648,-0.008000000000000007,0.928641,0.928641,0.0,0.9418960244648318,0.8292682926829268,0.112627731781905
1,151.0,151.0,52827.0,52861.0,-34.0,52985.0,52992.0,-7.0,53146.0,53184.0,-38.0,2.648,2.584,0.06400000000000006,0.947214,0.947214,0.0,0.9905956112852664,0.8111455108359134,0.17945010044935306
1,152.0,152.0,53146.0,53184.0,-38.0,53310.0,53320.0,-10.0,53486.0,53521.0,-35.0,2.6,2.624,-0.02400000000000002,0.923754,0.923754,0.0,0.9647058823529412,0.8071216617210683,0.15758422063187294
1,153.0,153.0,53486.0,53521.0,-35.0,53648.0,53663.0,-15.0,53833.0,53871.0,-38.0,2.704,2.744,-0.040000000000000036,0.909091,0.909091,0.0,0.9337175792507204,0.8114285714285714,0.12228900782214902
1,154.0,154.0,53833.0,53871.0,-38.0,53994.0,54018.0,-24.0,54206.0,54236.0,-30.0,2.768,2.84,-0.07200000000000006,0.926686,0.926686,0.0,0.8632707774798928,0.8054794520547945,0.05779132542509824
1,155.0,155.0,54206.0,54236.0,-30.0,54360.0,54386.0,-26.0,54564.0,54599.0,-35.0,2.928,2.944,-0.016000000000000014,0.921799,0.8944300000000001,0.027368999999999977,0.8603351955307262,0.8264462809917356,0.03388891453899068
1,156.0,156.0,54564.0,54599.0,-35.0,54724.0,54749.0,-25.0,54920.0,54957.0,-37.0,2.912,2.904,0.008000000000000007,0.89736,0.916911,-0.019550999999999985,0.898876404494382,0.8379888268156425,0.060887577678739535
1,157.0,157.0,54920.0,54957.0,-37.0,55078.0,55102.0,-24.0,55286.0,55311.0,-25.0,2.832,2.824,0.008000000000000007,0.920821,0.923754,-0.0029329999999999634,0.8633879781420765,0.8192090395480226,0.04417893859405386
1,158.0,158.0,55286.0,55311.0,-25.0,55436.0,55462.0,-26.0,55629.0,55666.0,-37.0,2.864,2.88,-0.016000000000000014,0.923754,0.918866,0.0048880000000000035,0.8746355685131195,0.8507042253521127,0.02393134316100687
1,159.0,159.0,55629.0,55666.0,-37.0,55796.0,55806.0,-10.0,55979.0,56016.0,-37.0,2.88,2.752,0.1280000000000001,0.918866,0.89052,0.028345999999999982,0.9542857142857143,0.8,0.15428571428571425
1,160.0,160.0,55979.0,56016.0,-37.0,56146.0,56155.0,-9.0,56316.0,56356.0,-40.0,2.8,2.792,0.008000000000000007,0.89932,0.89932,0.0,0.9910979228486647,0.8176470588235294,0.17345086402513532
1,161.0,161.0,56316.0,56356.0,-40.0,56486.0,56503.0,-17.0,56686.0,56709.0,-23.0,2.72,2.784,-0.06399999999999961,0.906158,0.915934,-0.009776000000000007,0.9189189189189189,0.8328611898016998,0.0860577291172191
1,162.0,162.0,56686.0,56709.0,-23.0,56842.0,56862.0,-20.0,57040.0,57078.0,-38.0,2.848,2.872,-0.02400000000000002,0.915934,0.900293,0.015641000000000016,0.8813559322033898,0.8292682926829268,0.052087639520463025
1,163.0,163.0,57040.0,57078.0,-38.0,57214.0,57236.0,-22.0,57438.0,57464.0,-26.0,2.976,2.992,-0.016000000000000014,0.903226,0.905181,-0.00195500000000004,0.8743718592964824,0.8186528497409327,0.05571900955554976
1,164.0,164.0,57438.0,57464.0,-26.0,57626.0,57623.0,3.0,57799.0,57836.0,-37.0,3.296,3.096,0.19999999999999973,0.905181,0.88368,0.021500999999999992,0.9584487534626038,0.8548387096774194,0.10361004378518446
1,165.0,165.0,57799.0,57836.0,-37.0,57972.0,57982.0,-10.0,58163.0,58187.0,-24.0,2.768,2.872,-0.10400000000000009,0.901271,0.915934,-0.014662999999999982,0.9505494505494505,0.8319088319088319,0.11864061864061859
1,166.0,166.0,58163.0,58187.0,-24.0,58316.0,58340.0,-24.0,58517.0,58551.0,-34.0,2.752,2.864,-0.1120000000000001,0.915934,0.911046,0.0048880000000000035,0.864406779661017,0.8406593406593407,0.023747439001676307
1,167.0,167.0,58517.0,58551.0,-34.0,58708.0,58706.0,2.0,58880.0,58918.0,-38.0,3.136,2.928,0.20800000000000018,0.9022479999999999,0.88856,0.013687999999999922,0.9476584022038568,0.8446866485013624,0.10297175370249434
1,168.0,168.0,58880.0,58918.0,-38.0,59052.0,59071.0,-19.0,59250.0,59274.0,-24.0,2.752,2.92,-0.16800000000000015,0.904203,0.914956,-0.010753000000000013,0.9297297297297298,0.8595505617977528,0.07017916793197698
1,169.0,169.0,59250.0,59274.0,-24.0,59402.0,59428.0,-26.0,59601.0,59633.0,-32.0,2.8,2.856,-0.05600000000000005,0.914956,0.903226,0.011730000000000018,0.8660968660968661,0.8579387186629527,0.00815814743391341
2,2.0,1.0,509.0,472.0,37.0,747.0,766.0,-19.0,974.0,927.0,47.0,3.712,3.6,0.1120000000000001,1.08369,1.16856,-0.08487,0.9763440860215054,0.7076923076923076,0.26865177832919773
2,3.0,2.0,974.0,927.0,47.0,1237.0,1248.0,-11.0,1460.0,1414.0,46.0,3.92,3.856,0.06400000000000006,1.187011,1.187011,0.0,0.9176954732510288,0.6817248459958932,0.23597062725513562
2,4.0,3.0,1460.0,1414.0,46.0,1712.0,1737.0,-25.0,1964.0,1921.0,43.0,3.8,3.912,-0.1120000000000001,1.14027,1.14888,-0.008610000000000007,1.0,0.7258382642998027,0.2741617357001973
2,5.0,4.0,1964.0,1921.0,43.0,2223.0,2237.0,-14.0,2455.0,2412.0,43.0,4.088,4.0,0.08800000000000008,1.1230499,1.11075,0.012299900000000141,0.945010183299389,0.7128309572301426,0.23217922606924646
2,6.0,5.0,2455.0,2412.0,43.0,2685.0,2696.0,-11.0,2892.0,2856.0,36.0,3.696,3.672,0.02400000000000002,1.09721,1.1070499,-0.009839900000000013,0.9473684210526316,0.7207207207207207,0.22664770033191095
2,7.0,6.0,2892.0,2856.0,36.0,3153.0,3152.0,1.0,3364.0,3312.0,52.0,3.744,3.648,0.09600000000000009,1.12551,1.12551,0.0,0.8940677966101696,0.7017543859649122,0.1923134106452573
2,8.0,7.0,3364.0,3312.0,52.0,3635.0,3653.0,-18.0,3868.0,3825.0,43.0,3.856,4.008,-0.15200000000000014,1.12797,1.1205899,0.0073801000000000005,0.9246031746031746,0.6705653021442495,0.2540378724589252
2,9.0,8.0,3868.0,3825.0,43.0,4077.0,4127.0,-50.0,4347.0,4303.0,44.0,3.536,3.792,-0.2559999999999998,1.1697899999999999,1.1697899999999999,0.0,0.872651356993737,0.7364016736401673,0.13624968335356968
2,10.0,9.0,4347.0,4303.0,44.0,4543.0,4576.0,-33.0,4777.0,4744.0,33.0,3.728,3.592,0.13600000000000012,1.1378101,1.1378101,0.0,0.9116279069767442,0.7619047619047619,0.14972314507198237
2,11.0,10.0,4777.0,4744.0,33.0,5021.0,5043.0,-22.0,5266.0,5226.0,40.0,3.824,3.736,0.08799999999999963,1.1292,1.1378101,-0.008610100000000065,0.9979550102249489,0.7593360995850622,0.23861891063988672
2,12.0,11.0,5266.0,5226.0,40.0,5481.0,5514.0,-33.0,5735.0,5687.0,48.0,3.68,3.768,-0.08799999999999963,1.14273,1.14273,0.0,0.9168443496801706,0.7505422993492408,0.16630205033092982
2,13.0,12.0,5735.0,5687.0,48.0,5955.0,5991.0,-36.0,6193.0,6162.0,31.0,3.792,3.816,-0.02400000000000002,1.16241,1.1611799999999999,0.0012300000000000644,0.9606986899563319,0.72,0.24069868995633192
2,14.0,13.0,6193.0,6162.0,31.0,6441.0,6439.0,2.0,6654.0,6600.0,54.0,3.888,3.584,0.3039999999999998,1.10829,1.16241,-0.054119999999999946,0.9240780911062907,0.7351598173515982,0.1889182737546925
2,15.0,14.0,6654.0,6600.0,54.0,6881.0,6913.0,-32.0,7118.0,7081.0,37.0,3.52,3.792,-0.2719999999999998,1.1784,1.17102,0.007379999999999942,0.978448275862069,0.6985446985446986,0.27990357731737037
2,16.0,15.0,7118.0,7081.0,37.0,7379.0,7380.0,-1.0,7591.0,7549.0,42.0,3.984,3.736,0.24799999999999978,1.10583,1.1784,-0.0725699999999998,0.8964059196617337,0.7222222222222222,0.17418369743951145
2,17.0,16.0,7591.0,7549.0,42.0,7865.0,7862.0,3.0,8084.0,8036.0,48.0,3.888,3.856,0.03200000000000003,1.183321,1.183321,0.0,0.8884381338742393,0.7145790554414784,0.17385907843276094
2,18.0,17.0,8084.0,8036.0,48.0,8295.0,8337.0,-42.0,8538.0,8496.0,42.0,3.44,3.8,-0.3599999999999999,1.1378101,1.15749,-0.01967989999999986,0.9295154185022027,0.691304347826087,0.2382110706761157
2,19.0,18.0,8538.0,8496.0,42.0,8767.0,8809.0,-42.0,9002.0,8991.0,11.0,3.776,3.776,0.0,1.25835,1.25835,0.0,0.9870689655172413,0.7353535353535354,0.2517154301637059
2,20.0,19.0,9002.0,8991.0,11.0,9177.0,9237.0,-60.0,9467.0,9413.0,54.0,3.28,3.424,-0.14400000000000013,1.25835,1.25835,0.0,0.7526881720430108,0.8341232227488151,-0.08143505070580437
2,21.0,20.0,9467.0,9413.0,54.0,9731.0,9761.0,-30.0,9966.0,9928.0,38.0,4.432,4.192,0.2400000000000002,1.15626,1.25712,-0.10085999999999995,0.9418837675350702,0.6485436893203884,0.2933400782146818
2,22.0,21.0,9966.0,9928.0,38.0,10235.0,10288.0,-53.0,10522.0,10473.0,49.0,4.032,4.216,-0.18400000000000016,1.08861,1.1365801,-0.047970099999999904,0.9676258992805755,0.6788990825688073,0.28872681671176825
2,23.0,22.0,10522.0,10473.0,49.0,10771.0,10800.0,-29.0,11020.0,10977.0,43.0,4.288,4.096,0.19200000000000017,1.14642,1.13043,0.01598999999999995,1.0,0.7023809523809523,0.29761904761904767
2,24.0,23.0,11020.0,10977.0,43.0,11281.0,11292.0,-11.0,11512.0,11468.0,44.0,4.08,3.936,0.14400000000000013,1.12797,1.14642,-0.018450000000000077,0.9390243902439024,0.7169042769857434,0.22212011325815895
2,25.0,24.0,11512.0,11468.0,44.0,11772.0,11765.0,7.0,11960.0,11919.0,41.0,3.928,3.784,0.14400000000000013,1.1193599,1.12797,-0.008610099999999843,0.8392857142857143,0.6829268292682926,0.15635888501742168
2,26.0,25.0,11960.0,11919.0,41.0,12265.0,12284.0,-19.0,12508.0,12460.0,48.0,3.944,4.152,-0.20800000000000018,1.11321,1.1169,-0.003689999999999971,0.8868613138686131,0.6506469500924215,0.23621436377619165
2,27.0,26.0,12508.0,12460.0,48.0,12807.0,12815.0,-8.0,13023.0,12978.0,45.0,4.336,4.248,0.08800000000000008,1.09599,1.0923,0.003689999999999971,0.8388349514563107,0.6293436293436294,0.2094913221126813
2,28.0,27.0,13023.0,12978.0,45.0,13281.0,13301.0,-20.0,13527.0,13481.0,46.0,3.792,3.888,-0.09600000000000009,1.11075,1.11075,0.0,0.9761904761904762,0.7157057654075547,0.26048471078292146
2,29.0,28.0,13527.0,13481.0,46.0,13751.0,13802.0,-51.0,14034.0,13992.0,42.0,3.76,4.008,-0.24800000000000022,1.16241,1.16241,0.0,0.883629191321499,0.7436399217221135,0.1399892695993855
2,30.0,29.0,14034.0,13992.0,42.0,14295.0,14324.0,-29.0,14530.0,14487.0,43.0,4.352,4.176,0.17600000000000016,1.15503,1.1390400999999999,0.015989900000000112,0.9475806451612904,0.6585858585858586,0.28899478657543176
2,31.0,30.0,14530.0,14487.0,43.0,14781.0,14825.0,-44.0,15034.0,14994.0,40.0,3.888,4.008,-0.1200000000000001,1.183321,1.15503,0.028291000000000066,0.996031746031746,0.6666666666666667,0.3293650793650793
2,32.0,31.0,15034.0,14994.0,40.0,15269.0,15297.0,-28.0,15504.0,15467.0,37.0,3.904,3.776,0.1280000000000001,1.199311,1.183321,0.01598999999999995,1.0,0.7188160676532769,0.2811839323467231
2,33.0,32.0,15504.0,15467.0,37.0,15757.0,15795.0,-38.0,16005.0,15968.0,37.0,3.904,3.984,-0.08000000000000007,1.210381,1.210381,0.0,0.9900199600798403,0.6906187624750499,0.29940119760479034
2,34.0,33.0,16005.0,15968.0,37.0,16257.0,16294.0,-37.0,16508.0,16466.0,42.0,4.0,3.992,0.008000000000000007,1.1661,1.191931,-0.02583100000000016,0.9980119284294234,0.6907630522088353,0.30724887622058816
2,35.0,34.0,16508.0,16466.0,42.0,16779.0,16814.0,-35.0,17032.0,16984.0,48.0,4.176,4.16,0.016000000000000014,1.17471,1.17471,0.0,0.9656488549618321,0.6563706563706564,0.30927819859117567
2,36.0,35.0,17032.0,16984.0,48.0,17255.0,17283.0,-28.0,17489.0,17449.0,40.0,3.808,3.752,0.05600000000000005,1.1144399999999999,1.16241,-0.04797000000000007,0.975929978118162,0.7139784946236559,0.26195148349450603
2,37.0,36.0,17489.0,17449.0,40.0,17731.0,17755.0,-24.0,17973.0,17931.0,42.0,3.808,3.776,0.03200000000000003,1.1205899,1.1144399999999999,0.0061499000000000414,1.0,0.7302904564315353,0.26970954356846466
2,38.0,37.0,17973.0,17931.0,42.0,18191.0,18227.0,-36.0,18444.0,18404.0,40.0,3.68,3.776,-0.09599999999999964,1.13043,1.13043,0.0,0.9256900212314225,0.7484143763213531,0.17727564491006942
2,39.0,38.0,18444.0,18404.0,40.0,18671.0,18659.0,12.0,18859.0,18812.0,47.0,3.84,3.456,0.3839999999999999,1.1796309999999999,1.1796309999999999,0.0,0.9060240963855422,0.75,0.15602409638554215
2,40.0,39.0,18859.0,18812.0,47.0,19089.0,19130.0,-41.0,19338.0,19297.0,41.0,3.344,3.768,-0.42399999999999993,1.11198,1.16241,-0.050429999999999975,0.9603340292275574,0.688659793814433,0.2716742354131244
2,41.0,40.0,19338.0,19297.0,41.0,19595.0,19633.0,-38.0,19833.0,19791.0,42.0,4.048,4.024,0.02400000000000002,1.16733,1.1661,0.0012300000000000644,0.9616161616161616,0.6396761133603239,0.32194004825583766
2,42.0,41.0,19833.0,19791.0,42.0,20079.0,20119.0,-40.0,20324.0,20283.0,41.0,3.872,3.888,-0.016000000000000014,1.08246,1.16733,-0.08487,0.9979633401221996,0.6666666666666667,0.3312966734555328
2,45.0,42.0,20975.0,20935.0,40.0,21289.0,21330.0,-41.0,21532.0,21497.0,35.0,4.08,4.352,-0.27200000000000024,1.1538,1.25835,-0.10455000000000014,0.8725314183123878,0.594306049822064,0.27822536849032375
2,46.0,43.0,21532.0,21497.0,35.0,21813.0,21850.0,-37.0,22069.0,22019.0,50.0,4.192,4.16,0.03200000000000003,1.1538,1.1538,0.0,0.9534450651769087,0.6475095785440613,0.3059354866328474
2,47.0,44.0,22069.0,22019.0,50.0,22331.0,22348.0,-17.0,22575.0,22523.0,52.0,4.144,3.984,0.16000000000000014,1.09107,1.1218199,-0.030749899999999997,0.9644268774703557,0.6944444444444444,0.2699824330259113
2,48.0,45.0,22575.0,22523.0,52.0,22795.0,22832.0,-37.0,23039.0,22997.0,42.0,3.712,3.872,-0.1599999999999997,1.16856,1.16856,0.0,0.9482758620689655,0.6962025316455696,0.25207333042339597
2,49.0,46.0,23039.0,22997.0,42.0,23297.0,23325.0,-28.0,23527.0,23487.0,40.0,4.016,3.944,0.07200000000000006,1.14888,1.16856,-0.019680000000000142,0.9426229508196722,0.6612244897959183,0.2813984610237539
2,50.0,47.0,23527.0,23487.0,40.0,23795.0,23836.0,-41.0,24064.0,24012.0,52.0,3.984,4.088,-0.10400000000000009,1.1316599999999999,1.14888,-0.017220000000000013,0.9981378026070763,0.6704761904761904,0.32766161213088585
2,51.0,48.0,24064.0,24012.0,52.0,24338.0,24342.0,-4.0,24562.0,24512.0,50.0,4.344,4.048,0.29600000000000026,1.12551,1.12551,0.0,0.8995983935742972,0.6799999999999999,0.21959839357429722
2,52.0,49.0,24562.0,24512.0,50.0,24785.0,24814.0,-29.0,25037.0,24997.0,40.0,3.576,3.776,-0.19999999999999973,1.16733,1.16733,0.0,0.9389473684210526,0.7546391752577319,0.1843081931633207
2,53.0,50.0,25037.0,24997.0,40.0,25269.0,25261.0,8.0,25448.0,25407.0,41.0,3.872,3.576,0.2959999999999998,1.16487,1.16487,0.0,0.8710462287104623,0.7121951219512195,0.15885110675924285
2,54.0,51.0,25448.0,25407.0,41.0,25742.0,25756.0,-14.0,25983.0,25937.0,46.0,3.784,3.96,-0.17600000000000016,1.077539,1.1611799999999999,-0.08364099999999985,0.9009345794392524,0.6830188679245284,0.217915711514724
2,55.0,52.0,25983.0,25937.0,46.0,26212.0,26256.0,-44.0,26483.0,26440.0,43.0,3.76,4.0,-0.2400000000000002,1.1538,1.14396,0.009839999999999849,0.916,0.731610337972167,0.18438966202783302
2,56.0,53.0,26483.0,26440.0,43.0,26737.0,26781.0,-44.0,26995.0,26957.0,38.0,4.2,4.2,0.0,1.17225,1.1538,0.018450000000000077,0.9921875,0.6808510638297872,0.3113364361702128
2,57.0,54.0,26995.0,26957.0,38.0,27231.0,27268.0,-37.0,27478.0,27440.0,38.0,3.952,3.896,0.05600000000000005,1.14519,1.17225,-0.027060000000000084,0.9772256728778468,0.7122153209109731,0.2650103519668737
2,58.0,55.0,27478.0,27440.0,38.0,27687.0,27724.0,-37.0,27939.0,27889.0,50.0,3.648,3.648,0.0,1.25835,1.25835,0.0,0.9067245119305857,0.734966592427617,0.1717579195029687
2,59.0,56.0,27939.0,27889.0,50.0,28199.0,28215.0,-16.0,28422.0,28378.0,44.0,4.096,3.928,0.16800000000000015,1.12674,1.25835,-0.13161,0.9233954451345756,0.6666666666666667,0.25672877846790887
2,60.0,57.0,28422.0,28378.0,44.0,28653.0,28704.0,-51.0,28924.0,28878.0,46.0,3.632,3.912,-0.2799999999999998,1.182091,1.182091,0.0,0.9203187250996016,0.696,0.2243187250996016
2,61.0,58.0,28924.0,28878.0,46.0,29143.0,29190.0,-47.0,29416.0,29368.0,48.0,3.92,3.888,0.03200000000000003,1.1353501,1.1353501,0.0,0.8902439024390244,0.726530612244898,0.1637132901941264
2,62.0,59.0,29416.0,29368.0,48.0,29635.0,29677.0,-42.0,29896.0,29847.0,49.0,3.936,3.896,0.040000000000000036,1.183321,1.183321,0.0,0.9125,0.7098121085594989,0.20268789144050103
2,63.0,60.0,29896.0,29847.0,49.0,30137.0,30186.0,-49.0,30414.0,30367.0,47.0,4.016,4.072,-0.05600000000000005,1.13289,1.15995,-0.027060000000000084,0.9305019305019305,0.6961538461538461,0.2343480843480844
2,64.0,61.0,30414.0,30367.0,47.0,30675.0,30705.0,-30.0,30928.0,30887.0,41.0,4.304,4.152,0.15200000000000014,1.1193599,1.11813,0.001229900000000006,0.9844357976653697,0.7,0.28443579766536975
2,65.0,62.0,30928.0,30887.0,41.0,31194.0,31181.0,13.0,31368.0,31337.0,31.0,4.152,3.808,0.3440000000000003,1.0443,1.0443,0.0,0.7909090909090909,0.6933333333333334,0.09757575757575754
2,66.0,63.0,31368.0,31337.0,31.0,31617.0,31643.0,-26.0,31857.0,31816.0,41.0,3.384,3.696,-0.3120000000000003,1.12551,1.14027,-0.014759999999999884,0.9815950920245399,0.7223382045929019,0.259256887431638
2,67.0,64.0,31857.0,31816.0,41.0,32101.0,32145.0,-44.0,32352.0,32314.0,38.0,3.872,4.016,-0.14400000000000013,1.17102,1.12551,0.04550999999999994,0.9858585858585859,0.678714859437751,0.3071437264208349
2,68.0,65.0,32352.0,32314.0,38.0,32599.0,32633.0,-34.0,32834.0,32792.0,42.0,3.984,3.904,0.08000000000000007,1.16856,1.17102,-0.0024599999999999067,0.975103734439834,0.6652719665271967,0.30983176791263733
2,69.0,66.0,32834.0,32792.0,42.0,33033.0,33072.0,-39.0,33328.0,33291.0,37.0,3.472,3.512,-0.040000000000000036,1.1365801,1.13289,0.0036901000000000295,0.8056680161943319,0.8777555110220441,-0.07208749482771215
2,70.0,67.0,33328.0,33291.0,37.0,33633.0,33659.0,-26.0,33872.0,33822.0,50.0,4.8,4.696,0.10400000000000009,1.1697899999999999,1.1697899999999999,0.0,0.8786764705882353,0.6139359698681732,0.26474050072006206
2,71.0,68.0,33872.0,33822.0,50.0,34118.0,34148.0,-30.0,34375.0,34327.0,48.0,3.88,3.912,-0.03200000000000003,1.11198,1.13289,-0.020909999999999984,0.9781312127236581,0.7089108910891089,0.26922032163454923
2,72.0,69.0,34375.0,34327.0,48.0,34661.0,34697.0,-36.0,34901.0,34863.0,38.0,4.344,4.392,-0.04800000000000004,1.182091,1.15872,0.02337100000000003,0.9125475285171103,0.6194029850746269,0.2931445434424834
2,73.0,70.0,34901.0,34863.0,38.0,35173.0,35204.0,-31.0,35409.0,35370.0,39.0,4.096,4.056,0.040000000000000036,1.16241,1.182091,-0.01968100000000006,0.9291338582677166,0.6548323471400395,0.2743015111276771
2,74.0,71.0,35409.0,35370.0,39.0,35681.0,35724.0,-43.0,35941.0,35897.0,44.0,4.064,4.16,-0.09600000000000009,1.1230499,1.16241,-0.0393600999999999,0.9774436090225564,0.6565464895635673,0.32089711945898913
2,75.0,72.0,35941.0,35897.0,44.0,36253.0,36239.0,14.0,36434.0,36392.0,42.0,4.576,4.12,0.4559999999999995,1.0492199,1.0492199,0.0,0.7342799188640974,0.6181818181818182,0.11609810068227921
2,76.0,73.0,36434.0,36392.0,42.0,36699.0,36727.0,-28.0,36940.0,36899.0,41.0,3.568,3.904,-0.33599999999999985,1.1230499,1.1218199,0.0012300000000000644,0.9525691699604744,0.6785009861932939,0.27406818376718045
2,77.0,74.0,36940.0,36899.0,41.0,37213.0,37211.0,2.0,37430.0,37377.0,53.0,4.112,3.872,0.2400000000000002,1.10829,1.1230499,-0.014759900000000048,0.8857142857142857,0.6945606694560669,0.1911536162582188
2,78.0,75.0,37430.0,37377.0,53.0,37647.0,37696.0,-49.0,37929.0,37876.0,53.0,3.472,3.88,-0.4079999999999999,1.15503,1.15503,0.0,0.8697394789579158,0.7214428857715431,0.14829659318637267
2,79.0,76.0,37929.0,37876.0,53.0,38159.0,38199.0,-40.0,38407.0,38368.0,39.0,4.096,4.024,0.07200000000000006,1.15749,1.15749,0.0,0.9623430962343096,0.6869918699186992,0.2753512263156104
2,80.0,77.0,38407.0,38368.0,39.0,38647.0,38681.0,-34.0,38890.0,38851.0,39.0,3.904,3.856,0.04800000000000004,1.15134,1.15626,-0.0049200000000000355,0.9937888198757764,0.7039337474120082,0.2898550724637682
2,81.0,78.0,38890.0,38851.0,39.0,39131.0,39155.0,-24.0,39359.0,39317.0,42.0,3.872,3.792,0.08000000000000007,1.12551,1.15134,-0.02583000000000002,0.9722814498933902,0.6952789699570816,0.27700247993630855
2,82.0,79.0,39359.0,39317.0,42.0,39575.0,39614.0,-39.0,39831.0,39779.0,52.0,3.552,3.672,-0.1200000000000001,1.17348,1.17348,0.0,0.9152542372881356,0.7142857142857143,0.2009685230024213
2,83.0,80.0,39831.0,39779.0,52.0,40043.0,40091.0,-48.0,40200.0,40229.0,-29.0,3.744,3.816,-0.07199999999999962,1.08369,1.14642,-0.06272999999999995,0.8509485094850948,0.6133333333333333,0.23761517615176153
2,92.0,81.0,40239.0,40229.0,10.0,40299.0,40338.0,-39.0,40474.0,40450.0,24.0,0.488,1.976,-1.488,1.25835,1.25835,0.0,0.5106382978723405,0.9864253393665159,-0.4757870414941754
2,93.0,82.0,40474.0,40450.0,24.0,40589.0,40571.0,18.0,40752.0,40709.0,43.0,2.32,1.864,0.45599999999999974,1.02214,1.00492,0.017220000000000013,0.8273381294964028,0.9343629343629344,-0.10702480486653154
2,94.0,83.0,40752.0,40709.0,43.0,40945.0,40958.0,-13.0,41178.0,41235.0,-57.0,2.848,3.096,-0.24800000000000022,1.1144399999999999,1.17471,-0.060270000000000046,0.9061032863849765,0.9467680608365019,-0.04066477445152539
2,95.0,84.0,41178.0,41235.0,-57.0,41381.0,41406.0,-25.0,41637.0,41713.0,-76.0,3.488,3.584,-0.09600000000000009,1.13289,1.182091,-0.04920100000000005,0.8845315904139434,0.7154811715481171,0.16905041886582628
2,96.0,85.0,41637.0,41713.0,-76.0,41887.0,41889.0,-2.0,42102.0,42041.0,61.0,4.048,3.864,0.18400000000000016,1.182091,1.182091,0.0,0.9247311827956989,0.926829268292683,-0.0020980854969840923
2,97.0,86.0,42102.0,42041.0,61.0,42357.0,42378.0,-21.0,42590.0,42538.0,52.0,3.76,3.912,-0.15200000000000014,1.17225,1.17225,0.0,0.9549180327868853,0.6438631790744467,0.3110548537124386
2,98.0,87.0,42590.0,42538.0,52.0,42871.0,42903.0,-32.0,43113.0,43073.0,40.0,4.112,4.2,-0.08800000000000008,1.10583,1.10829,-0.0024599999999999067,0.9254302103250478,0.6355140186915889,0.28991619163345894
2,99.0,88.0,43113.0,43073.0,40.0,43383.0,43417.0,-34.0,43621.0,43579.0,42.0,4.096,4.112,-0.016000000000000014,1.15872,1.15503,0.003689999999999971,0.937007874015748,0.6403162055335969,0.2966916684821511
2,100.0,89.0,43621.0,43579.0,42.0,43881.0,43896.0,-15.0,44087.0,44044.0,43.0,3.984,3.832,0.15200000000000014,1.10583,1.15872,-0.05288999999999988,0.8841201716738197,0.6365591397849462,0.24756103188887357
2,101.0,90.0,44087.0,44044.0,43.0,44371.0,44412.0,-41.0,44630.0,44581.0,49.0,3.92,4.128,-0.20800000000000018,1.1193599,1.1193599,0.0,0.9539594843462247,0.6294227188081937,0.324536765538031
2,102.0,91.0,44630.0,44581.0,49.0,44843.0,44886.0,-43.0,45121.0,45166.0,-45.0,3.776,3.792,-0.016000000000000014,1.051709,1.11198,-0.060270999999999963,0.8676171079429735,0.9572649572649573,-0.08964784932198377
2,103.0,92.0,45121.0,45166.0,-45.0,45265.0,45322.0,-57.0,45636.0,45511.0,125.0,3.376,3.488,-0.1120000000000001,1.214071,1.14396,0.07011099999999981,0.5592233009708738,0.9043478260869565,-0.3451245251160827
2,104.0,93.0,45636.0,45511.0,125.0,45759.0,45785.0,-26.0,45843.0,45879.0,-36.0,3.952,3.704,0.24799999999999978,0.23739000000000002,0.317341,-0.07995099999999997,0.8115942028985508,0.5108695652173914,0.3007246376811594
2,105.0,94.0,45843.0,45879.0,-36.0,45995.0,45995.0,0.0,46179.0,46222.0,-43.0,1.888,1.68,0.20799999999999996,0.754,0.7355499999999999,0.018450000000000077,0.9047619047619048,0.6763848396501457,0.22837706511175904
2,106.0,95.0,46179.0,46222.0,-43.0,46343.0,46377.0,-34.0,46592.0,46645.0,-53.0,2.784,3.056,-0.27200000000000024,1.13043,1.1230499,0.0073801000000000005,0.7941888619854721,0.7328605200945626,0.06132834189090952
2,107.0,96.0,46592.0,46645.0,-53.0,46801.0,46830.0,-29.0,47064.0,47006.0,58.0,3.664,3.624,0.040000000000000036,1.16733,1.16733,0.0,0.885593220338983,0.9750692520775623,-0.08947603173857932
2,108.0,97.0,47064.0,47006.0,58.0,47271.0,47321.0,-50.0,47564.0,47613.0,-49.0,3.76,3.928,-0.16800000000000015,1.16364,1.16364,0.0,0.8280000000000001,0.9621087314662273,-0.13410873146622726
2,109.0,98.0,47564.0,47613.0,-49.0,47735.0,47789.0,-54.0,48049.0,47998.0,51.0,3.712,3.744,-0.03200000000000003,1.194391,1.194391,0.0,0.7051546391752577,0.9142857142857143,-0.2091310751104566
2,110.0,99.0,48049.0,47998.0,51.0,48293.0,48348.0,-55.0,48728.0,48710.0,18.0,4.464,4.472,-0.008000000000000007,1.25835,1.25835,0.0,0.7187039764359352,0.9831460674157303,-0.2644420909797951
2,111.0,100.0,48728.0,48710.0,18.0,48939.0,48964.0,-25.0,49162.0,49114.0,48.0,5.168,4.928,0.2400000000000002,1.25835,1.25835,0.0,0.9723502304147466,0.7425742574257426,0.22977597298900398
2,112.0,101.0,49162.0,49114.0,48.0,49453.0,49480.0,-27.0,49728.0,49796.0,-68.0,4.112,4.128,-0.016000000000000014,1.067699,1.067699,0.0,0.9717314487632509,0.9266862170087976,0.045045231754453297
2,113.0,102.0,49728.0,49796.0,-68.0,49971.0,50001.0,-30.0,50209.0,50168.0,41.0,4.144,4.168,-0.02400000000000002,1.1169,1.073849,0.04305099999999995,0.9896049896049897,0.8978494623655914,0.09175552723939828
2,114.0,103.0,50209.0,50168.0,41.0,50497.0,50543.0,-46.0,50771.0,50720.0,51.0,4.208,4.336,-0.1280000000000001,1.08246,1.1169,-0.034440000000000026,0.9750889679715302,0.6413043478260869,0.3337846201454433
2,115.0,104.0,50771.0,50720.0,51.0,51057.0,51089.0,-32.0,51297.0,51257.0,40.0,4.48,4.368,0.1120000000000001,1.12551,1.068929,0.05658099999999999,0.9125475285171103,0.6256983240223464,0.2868492044947639
2,116.0,105.0,51297.0,51257.0,40.0,51633.0,51648.0,-15.0,51867.0,51817.0,50.0,4.608,4.472,0.13599999999999923,1.075079,1.12551,-0.050431000000000115,0.8210526315789474,0.6035714285714286,0.21748120300751872
2,117.0,106.0,51867.0,51817.0,50.0,52143.0,52165.0,-22.0,52375.0,52332.0,43.0,4.08,4.136,-0.05600000000000005,1.09599,1.075079,0.020911000000000124,0.9133858267716536,0.6485436893203884,0.26484213745126517
2,118.0,107.0,52375.0,52332.0,43.0,52727.0,52745.0,-18.0,52956.0,52909.0,47.0,4.672,4.64,0.03200000000000003,1.11075,1.11075,0.0,0.7882960413080895,0.5684575389948007,0.21983850231328883
2,119.0,108.0,52956.0,52909.0,47.0,53241.0,53224.0,17.0,53434.0,53371.0,63.0,4.112,3.832,0.28000000000000025,1.05654,1.0676100000000002,-0.011070000000000135,0.8075313807531381,0.6363636363636364,0.17116774438950177
2,120.0,109.0,53434.0,53371.0,63.0,53703.0,53711.0,-8.0,53930.0,53880.0,50.0,3.696,3.896,-0.19999999999999973,1.11321,1.11321,0.0,0.9153225806451613,0.6640471512770137,0.2512754293681475
2,121.0,110.0,53930.0,53880.0,50.0,54143.0,54176.0,-33.0,54375.0,54339.0,36.0,3.52,3.72,-0.20000000000000018,1.10091,1.08615,0.014760000000000106,0.9573033707865168,0.710239651416122,0.24706371937039484
2,122.0,111.0,54375.0,54339.0,36.0,54617.0,54626.0,-9.0,54839.0,54793.0,46.0,3.792,3.6,0.19199999999999973,1.1538,1.1538,0.0,0.9568965517241379,0.7356828193832599,0.22121373234087804
2,123.0,112.0,54839.0,54793.0,46.0,55059.0,55106.0,-47.0,55306.0,55275.0,31.0,3.536,3.84,-0.3039999999999998,1.1144399999999999,1.1218199,-0.007379900000000106,0.9421841541755889,0.7012448132780082,0.24093934089758062
2,124.0,113.0,55306.0,55275.0,31.0,55577.0,55569.0,8.0,55830.0,55805.0,25.0,4.144,3.704,0.43999999999999995,1.198081,1.193161,0.0049200000000000355,0.9656488549618321,0.8905660377358491,0.07508281722598298
2,125.0,114.0,55830.0,55805.0,25.0,56099.0,56097.0,2.0,56237.0,56291.0,-54.0,4.176,4.224,-0.04800000000000004,0.54982,0.615011,-0.065191,0.6781326781326782,0.7983539094650206,-0.12022123133234242
2,126.0,115.0,56237.0,56291.0,-54.0,56451.0,56493.0,-42.0,56703.0,56660.0,43.0,2.816,3.168,-0.3520000000000003,1.210381,1.210381,0.0,0.9184549356223176,0.9051490514905149,0.01330588413180267
2,128.0,116.0,56765.0,56660.0,105.0,56977.0,57022.0,-45.0,57253.0,57196.0,57.0,1.888,4.232,-2.3440000000000003,1.14396,1.14396,0.0,0.8688524590163934,0.6492537313432836,0.21959872767310984
2,129.0,117.0,57253.0,57196.0,57.0,57505.0,57544.0,-39.0,57754.0,57713.0,41.0,4.224,4.176,0.04800000000000004,1.1292,1.1218199,0.0073801000000000005,0.9940119760479041,0.6537717601547388,0.34024021589316533
2,130.0,118.0,57754.0,57713.0,41.0,58057.0,58086.0,-29.0,58310.0,58260.0,50.0,4.416,4.336,0.08000000000000007,1.10829,1.1292,-0.020909999999999984,0.9100719424460432,0.6361974405850092,0.273874501861034
2,131.0,119.0,58310.0,58260.0,50.0,58583.0,58609.0,-26.0,58821.0,58781.0,40.0,4.208,4.184,0.02400000000000002,1.13289,1.09476,0.03813,0.9315068493150684,0.6602687140115163,0.2712381353035521
2,132.0,120.0,58821.0,58781.0,40.0,59091.0,59090.0,1.0,59305.0,59246.0,59.0,4.064,3.848,0.2160000000000002,1.09107,1.13289,-0.04181999999999997,0.884297520661157,0.6709677419354838,0.21332977872567316
2,133.0,121.0,59305.0,59246.0,59.0,59535.0,59573.0,-38.0,59793.0,59740.0,53.0,3.552,3.864,-0.31199999999999983,1.1390400999999999,1.1390400999999999,0.0,0.9426229508196722,0.6761133603238867,0.2665095904957855
3,2.0,1.0,498.0,456.0,42.0,743.0,744.0,-1.0,945.0,903.0,42.0,3.472,3.608,-0.13600000000000012,0.55426,0.55035,0.003909999999999969,0.9038031319910514,0.7114093959731543,0.1923937360178971
3,3.0,2.0,945.0,903.0,42.0,1201.0,1193.0,8.0,1392.0,1354.0,38.0,3.664,3.592,0.07200000000000006,0.44771000000000005,0.45553,-0.007819999999999938,0.854586129753915,0.7139689578713969,0.1406171718825181
3,4.0,3.0,1392.0,1354.0,38.0,1605.0,1632.0,-27.0,1836.0,1801.0,35.0,3.232,3.512,-0.2799999999999998,0.49168999999999996,0.46726,0.024429999999999952,0.9594594594594594,0.756152125279642,0.2033073341798174
3,5.0,4.0,1836.0,1801.0,35.0,2092.0,2084.0,8.0,2278.0,2255.0,23.0,3.896,3.616,0.2799999999999998,0.5132000000000001,0.51515,-0.0019499999999998963,0.8416289592760181,0.7533039647577092,0.08832499451830889
3,6.0,5.0,2278.0,2255.0,23.0,2499.0,2511.0,-12.0,2682.0,2677.0,5.0,3.256,3.416,-0.16000000000000014,0.62561,0.62561,0.0,0.905940594059406,0.7867298578199052,0.11921073623950074
3,7.0,6.0,2682.0,2677.0,5.0,2869.0,2883.0,-14.0,3083.0,3054.0,29.0,2.96,2.976,-0.016000000000000014,0.86608,0.86608,0.0,0.9326683291770573,0.9071618037135278,0.025506525463529495
3,8.0,7.0,3083.0,3054.0,29.0,3323.0,3322.0,1.0,3524.0,3490.0,34.0,3.632,3.512,0.1200000000000001,0.68133,0.66178,0.019549999999999956,0.9115646258503401,0.7706422018348624,0.14092242401547772
3,9.0,8.0,3524.0,3490.0,34.0,3762.0,3763.0,-1.0,3968.0,3935.0,33.0,3.512,3.528,-0.016000000000000014,0.5826,0.6041099999999999,-0.021509999999999918,0.9279279279279279,0.7730337078651686,0.15489422006275932
3,10.0,9.0,3968.0,3935.0,33.0,4231.0,4230.0,1.0,4439.0,4412.0,27.0,3.752,3.736,0.01599999999999957,0.6608,0.6608,0.0,0.8832271762208068,0.7631027253668763,0.12012445085393053
3,11.0,10.0,4439.0,4412.0,27.0,4667.0,4661.0,6.0,4855.0,4836.0,19.0,3.488,3.448,0.040000000000000036,0.49754999999999994,0.52493,-0.02738000000000007,0.9038461538461539,0.8254716981132075,0.07837445573294632
3,12.0,11.0,4855.0,4836.0,19.0,5067.0,5068.0,-1.0,5263.0,5253.0,10.0,3.2,3.256,-0.055999999999999606,0.49951,0.49951,0.0,0.9607843137254902,0.8872901678657075,0.07349414585978276
3,13.0,12.0,5263.0,5253.0,10.0,5465.0,5471.0,-6.0,5664.0,5646.0,18.0,3.184,3.224,-0.040000000000000036,0.47018999999999994,0.47018999999999994,0.0,0.9925187032418953,0.8905852417302799,0.10193346151161542
3,14.0,13.0,5664.0,5646.0,18.0,5915.0,5909.0,6.0,6111.0,6071.0,40.0,3.6,3.504,0.09600000000000009,0.58065,0.58065,0.0,0.8769574944071589,0.7623529411764706,0.1146045532306883
3,15.0,14.0,6111.0,6071.0,40.0,6351.0,6340.0,11.0,6527.0,6501.0,26.0,3.488,3.448,0.040000000000000036,0.52101,0.52101,0.0,0.8461538461538461,0.7488372093023256,0.09731663685152059
3,16.0,15.0,6527.0,6501.0,26.0,6749.0,6751.0,-2.0,6945.0,6937.0,8.0,3.184,3.288,-0.10399999999999965,0.63049,0.6696,-0.03910999999999998,0.937799043062201,0.8532110091743119,0.08458803388788905
3,17.0,16.0,6945.0,6937.0,8.0,7147.0,7155.0,-8.0,7368.0,7338.0,30.0,3.184,3.232,-0.04800000000000004,0.50245,0.4936499999999999,0.00880000000000003,0.9550827423167849,0.912718204488778,0.042364537828006865
3,18.0,17.0,7368.0,7338.0,30.0,7634.0,7622.0,12.0,7819.0,7814.0,5.0,3.896,3.736,0.1599999999999997,0.49853,0.49853,0.0,0.8203991130820399,0.8067226890756303,0.013676424006409671
3,19.0,18.0,7819.0,7814.0,5.0,8029.0,8021.0,8.0,8206.0,8179.0,27.0,3.16,3.192,-0.03200000000000003,0.4565,0.4565,0.0,0.9147286821705426,0.8657534246575342,0.04897525751300835
3,20.0,19.0,8206.0,8179.0,27.0,8424.0,8422.0,2.0,8617.0,8590.0,27.0,3.16,3.208,-0.04800000000000004,0.4565,0.4565,0.0,0.9391727493917275,0.8175182481751825,0.12165450121654497
3,21.0,20.0,8617.0,8590.0,27.0,8824.0,8841.0,-17.0,9038.0,9031.0,7.0,3.2,3.352,-0.1519999999999997,0.43109,0.43109,0.0,0.9833729216152018,0.8616780045351474,0.12169491708005442
3,22.0,21.0,9038.0,9031.0,7.0,9299.0,9275.0,24.0,9479.0,9456.0,23.0,3.8,3.472,0.32799999999999985,0.46237,0.46237,0.0,0.8163265306122449,0.851764705882353,-0.03543817527010806
3,23.0,22.0,9479.0,9456.0,23.0,9699.0,9702.0,-3.0,9889.0,9872.0,17.0,3.2,3.416,-0.21599999999999975,0.55914,0.55914,0.0,0.926829268292683,0.8173076923076923,0.10952157598499068
3,24.0,23.0,9889.0,9872.0,17.0,10093.0,10121.0,-28.0,10345.0,10416.0,-71.0,3.152,3.352,-0.19999999999999973,0.54643,0.56207,-0.015639999999999987,0.8947368421052632,0.9154411764705882,-0.02070433436532504
3,25.0,24.0,10345.0,10416.0,-71.0,10557.0,10562.0,-5.0,10774.0,10781.0,-7.0,3.712,3.528,0.18400000000000016,0.75953,0.75953,0.0,0.9883449883449883,0.8,0.18834498834498825
3,26.0,25.0,10774.0,10781.0,-7.0,10965.0,10973.0,-8.0,11170.0,11183.0,-13.0,3.264,3.288,-0.02400000000000002,0.45259000000000005,0.45259000000000005,0.0,0.9646464646464646,0.9552238805970149,0.009422584049449734
3,27.0,26.0,11170.0,11183.0,-13.0,11397.0,11398.0,-1.0,11609.0,11569.0,40.0,3.456,3.4,0.05600000000000005,0.5278499999999999,0.5161199999999999,0.011730000000000018,0.9658314350797267,0.8860103626943006,0.07982107238542613
3,28.0,27.0,11609.0,11569.0,40.0,11840.0,11850.0,-10.0,12043.0,12052.0,-9.0,3.544,3.616,-0.07200000000000006,0.46920999999999996,0.4711599999999999,-0.0019499999999999518,0.935483870967742,0.8364389233954451,0.09904494757229687
3,29.0,28.0,12043.0,12052.0,-9.0,12233.0,12261.0,-28.0,12468.0,12443.0,25.0,3.144,3.288,-0.14399999999999968,0.45357,0.45357,0.0,0.8941176470588236,0.9309462915601023,-0.03682864450127876
3,32.0,30.0,13346.0,13346.0,0.0,13486.0,13472.0,14.0,13693.0,13710.0,-17.0,2.984,2.36,0.6240000000000001,0.5845600000000001,0.6568900000000001,-0.07233,0.8069164265129682,0.6923076923076923,0.11460873420527595
3,33.0,31.0,13693.0,13710.0,-17.0,13879.0,13881.0,-2.0,14097.0,14088.0,9.0,3.144,3.272,-0.12799999999999967,0.5610900000000001,0.5610900000000001,0.0,0.9207920792079208,0.9047619047619048,0.016030174446016066
3,34.0,32.0,14097.0,14088.0,9.0,14357.0,14333.0,24.0,14528.0,14529.0,-1.0,3.824,3.616,0.20799999999999974,0.42424999999999996,0.42424999999999996,0.0,0.7935034802784222,0.8888888888888888,-0.09538540861046663
3,35.0,33.0,14528.0,14529.0,-1.0,14747.0,14739.0,8.0,14936.0,14941.0,-5.0,3.12,3.248,-0.1280000000000001,0.42522,0.42522,0.0,0.9264705882352942,0.9805825242718447,-0.05411193603655051
3,36.0,34.0,14936.0,14941.0,-5.0,15141.0,15153.0,-12.0,15346.0,15351.0,-5.0,3.152,3.312,-0.1599999999999997,0.41936000000000007,0.41936000000000007,0.0,1.0,0.9658536585365853,0.034146341463414664
3,37.0,35.0,15346.0,15351.0,-5.0,15533.0,15553.0,-20.0,15753.0,15714.0,39.0,3.136,3.2,-0.06400000000000006,0.47312,0.47312,0.0,0.9189189189189189,0.8870523415977961,0.03186657732112275
3,38.0,36.0,15753.0,15714.0,39.0,16005.0,15996.0,9.0,16193.0,16157.0,36.0,3.776,3.544,0.23199999999999976,0.45455,0.45455,0.0,0.8545454545454545,0.72686230248307,0.12768315206238445
3,39.0,37.0,16193.0,16157.0,36.0,16405.0,16410.0,-5.0,16595.0,16572.0,23.0,3.2,3.312,-0.11199999999999966,0.5044,0.5044,0.0,0.945273631840796,0.7807228915662651,0.16455074027453098
3,40.0,38.0,16595.0,16572.0,23.0,16801.0,16808.0,-7.0,16990.0,16982.0,8.0,3.168,3.184,-0.016000000000000014,0.4662700000000001,0.4662700000000001,0.0,0.9569620253164557,0.848780487804878,0.10818153751157766
3,41.0,39.0,16990.0,16982.0,8.0,17191.0,17211.0,-20.0,17398.0,17389.0,9.0,3.12,3.224,-0.10400000000000009,0.5102599999999999,0.49267,0.01758999999999994,0.9852941176470589,0.8746928746928747,0.11060124295418416
3,42.0,40.0,17398.0,17389.0,9.0,17578.0,17594.0,-16.0,17778.0,17777.0,1.0,3.096,3.064,0.03200000000000003,0.46626999999999996,0.46626999999999996,0.0,0.9473684210526316,0.9432989690721649,0.0040694519804667095
3,43.0,41.0,17778.0,17777.0,1.0,17967.0,17976.0,-9.0,18166.0,18170.0,-4.0,3.112,3.056,0.05600000000000005,0.48680999999999996,0.48680999999999996,0.0,0.9742268041237113,0.9872773536895675,-0.013050549565856162
3,44.0,42.0,18166.0,18170.0,-4.0,18361.0,18370.0,-9.0,18566.0,18566.0,0.0,3.152,3.152,0.0,0.48192,0.48192,0.0,0.975,0.98989898989899,-0.014898989898989967
3,45.0,43.0,18566.0,18566.0,0.0,18755.0,18757.0,-2.0,18929.0,18924.0,5.0,3.152,3.096,0.05600000000000005,0.47703000000000007,0.47703000000000007,0.0,0.9586776859504132,0.9329608938547486,0.025716792095664687
3,46.0,44.0,18929.0,18924.0,5.0,19143.0,19139.0,4.0,19313.0,19316.0,-3.0,3.104,3.056,0.04800000000000004,0.907135,0.907135,0.0,0.8854166666666666,0.903061224489796,-0.017644557823129348
3,47.0,45.0,19313.0,19316.0,-3.0,19465.0,19512.0,-47.0,19719.0,19700.0,19.0,2.576,2.984,-0.4079999999999999,0.981427,0.98045,0.0009770000000000056,0.7487684729064039,0.9791666666666666,-0.23039819376026272
3,48.0,46.0,19719.0,19700.0,19.0,19921.0,19922.0,-1.0,20118.0,20098.0,20.0,3.648,3.28,0.3680000000000003,0.7565999999999999,0.7565999999999999,0.0,0.987468671679198,0.8844221105527639,0.10304656112643418
3,49.0,47.0,20118.0,20098.0,20.0,20331.0,20326.0,5.0,20530.0,20515.0,15.0,3.28,3.232,0.0479999999999996,0.73314,0.75465,-0.02151000000000003,0.9660194174757282,0.9064748201438849,0.05954459733184325
3,50.0,48.0,20530.0,20515.0,15.0,20737.0,20745.0,-8.0,20930.0,20932.0,-2.0,3.248,3.352,-0.10399999999999965,0.5738000000000001,0.5738000000000001,0.0,0.965,0.8968824940047961,0.06811750599520383
3,51.0,49.0,20930.0,20932.0,-2.0,21129.0,21139.0,-10.0,21337.0,21336.0,1.0,3.136,3.152,-0.016000000000000014,0.5845600000000001,0.5845600000000001,0.0,0.9778869778869779,0.9752475247524752,0.002639453134502645
3,52.0,50.0,21337.0,21336.0,1.0,21530.0,21536.0,-6.0,21740.0,21738.0,2.0,3.208,3.176,0.03200000000000003,0.5826,0.5826,0.0,0.9578163771712159,0.9950248756218906,-0.03720849845067464
3,53.0,51.0,21740.0,21738.0,2.0,21929.0,21968.0,-39.0,22174.0,22157.0,17.0,3.192,3.456,-0.2639999999999998,0.55523,0.55523,0.0,0.8709677419354839,0.9021479713603818,-0.031180229424897954
3,54.0,52.0,22174.0,22157.0,17.0,22407.0,22412.0,-5.0,22613.0,22608.0,5.0,3.824,3.552,0.2719999999999998,0.56794,0.5865100000000001,-0.018570000000000086,0.9384965831435079,0.8691796008869179,0.06931698225659
3,55.0,53.0,22613.0,22608.0,5.0,22813.0,22823.0,-10.0,23017.0,23021.0,-4.0,3.248,3.288,-0.03999999999999959,0.5630499999999999,0.5630499999999999,0.0,0.9900990099009901,0.9588377723970944,0.031261237503895645
3,56.0,54.0,23017.0,23021.0,-4.0,23211.0,23232.0,-21.0,23444.0,23413.0,31.0,3.184,3.272,-0.08799999999999963,0.5435000000000001,0.5435000000000001,0.0,0.9086651053864169,0.923469387755102,-0.01480428236868514
3,57.0,55.0,23444.0,23413.0,31.0,23691.0,23667.0,24.0,23861.0,23854.0,7.0,3.84,3.48,0.3599999999999999,0.45649999999999996,0.45649999999999996,0.0,0.815347721822542,0.8480725623582767,-0.032724840535734656
3,58.0,56.0,23861.0,23854.0,7.0,24082.0,24075.0,7.0,24276.0,24237.0,39.0,3.128,3.264,-0.13599999999999968,0.5171000000000001,0.5171000000000001,0.0,0.9349397590361446,0.8459530026109661,0.0889867564251785
3,59.0,57.0,24276.0,24237.0,39.0,24573.0,24552.0,21.0,24751.0,24723.0,28.0,3.928,3.816,0.1120000000000001,0.5356799999999999,0.5356799999999999,0.0,0.7494736842105263,0.7037037037037037,0.04576998050682257
3,60.0,58.0,24751.0,24723.0,28.0,24970.0,24976.0,-6.0,25175.0,25171.0,4.0,3.176,3.392,-0.21599999999999975,0.50831,0.50831,0.0,0.9669811320754716,0.8705357142857143,0.09644541778975735
3,61.0,59.0,25175.0,25171.0,4.0,25365.0,25408.0,-43.0,25610.0,25592.0,18.0,3.16,3.456,-0.2959999999999998,0.52786,0.52786,0.0,0.8735632183908046,0.8741092636579573,-0.0005460452671526284
3,62.0,60.0,25610.0,25592.0,18.0,25843.0,25834.0,9.0,26030.0,26013.0,17.0,3.824,3.408,0.4159999999999999,0.5259,0.5259,0.0,0.8904761904761904,0.850356294536817,0.04011989593937337
3,63.0,61.0,26030.0,26013.0,17.0,26235.0,26252.0,-17.0,26449.0,26448.0,1.0,3.136,3.344,-0.20799999999999974,0.48778,0.48778,0.0,0.9785202863961814,0.9011494252873563,0.07737086110882507
3,64.0,62.0,26449.0,26448.0,1.0,26635.0,26650.0,-15.0,26851.0,26837.0,14.0,3.2,3.184,0.016000000000000014,0.49853000000000003,0.49853000000000003,0.0,0.9253731343283582,0.961439588688946,-0.03606645436058775
3,65.0,63.0,26851.0,26837.0,14.0,27109.0,27089.0,20.0,27292.0,27284.0,8.0,3.792,3.512,0.2799999999999998,0.4936400000000001,0.4936400000000001,0.0,0.8299319727891157,0.87248322147651,-0.04255124868739435
3,66.0,64.0,27292.0,27284.0,8.0,27511.0,27509.0,2.0,27703.0,27706.0,-3.0,3.216,3.36,-0.14399999999999968,0.49853,0.49853,0.0,0.9343065693430657,0.933649289099526,0.0006572802435396152
3,67.0,65.0,27703.0,27706.0,-3.0,27907.0,27923.0,-16.0,28112.0,28113.0,-1.0,3.168,3.312,-0.14399999999999968,0.50342,0.50342,0.0,0.9975550122249389,0.9336609336609336,0.06389407856400531
3,68.0,66.0,28112.0,28113.0,-1.0,28300.0,28310.0,-10.0,28508.0,28507.0,1.0,3.144,3.096,0.04800000000000004,0.48778,0.48778,0.0,0.9494949494949495,1.0,-0.0505050505050505
3,69.0,67.0,28508.0,28507.0,1.0,28707.0,28717.0,-10.0,28907.0,28898.0,9.0,3.256,3.256,0.0,0.52199,0.52199,0.0,0.9974937343358397,0.9258312020460358,0.0716625322898039
3,70.0,68.0,28907.0,28898.0,9.0,29135.0,29135.0,0.0,29346.0,29312.0,34.0,3.424,3.344,0.08000000000000007,0.76638,0.74585,0.020529999999999937,0.9612756264236902,0.855072463768116,0.10620316265557428
3,71.0,69.0,29346.0,29312.0,34.0,29595.0,29589.0,6.0,29792.0,29792.0,0.0,3.68,3.632,0.04800000000000004,0.5347,0.5610999999999999,-0.02639999999999998,0.8834080717488789,0.8458333333333333,0.037574738415545594
3,72.0,70.0,29792.0,29792.0,0.0,30002.0,30010.0,-8.0,30197.0,30190.0,7.0,3.256,3.368,-0.1120000000000001,0.5073300000000001,0.5073300000000001,0.0,0.962962962962963,0.9045226130653267,0.05844034989763636
3,73.0,71.0,30197.0,30190.0,7.0,30401.0,30415.0,-14.0,30602.0,30600.0,2.0,3.192,3.24,-0.04800000000000004,0.51711,0.51711,0.0,0.9925925925925926,0.9024390243902439,0.09015356820234866
3,74.0,72.0,30602.0,30600.0,2.0,30795.0,30815.0,-20.0,31014.0,31005.0,9.0,3.152,3.2,-0.04800000000000004,0.60704,0.59238,0.014660000000000006,0.9368932038834952,0.9382716049382716,-0.0013784010547763792
3,75.0,73.0,31014.0,31005.0,9.0,31196.0,31240.0,-44.0,31443.0,31423.0,20.0,3.208,3.4,-0.19199999999999973,0.5161300000000001,0.5161300000000001,0.0,0.8484848484848485,0.8755980861244019,-0.027113237639553422
3,76.0,74.0,31443.0,31423.0,20.0,31685.0,31675.0,10.0,31875.0,31864.0,11.0,3.912,3.48,0.43199999999999994,0.4838699999999999,0.49854,-0.014670000000000072,0.8796296296296297,0.8571428571428572,0.022486772486772444
3,77.0,75.0,31875.0,31864.0,11.0,32085.0,32094.0,-9.0,32314.0,32283.0,31.0,3.2,3.352,-0.1519999999999997,0.4653,0.46138999999999997,0.003910000000000025,0.9567198177676538,0.9021479713603818,0.05457184640727197
3,78.0,76.0,32314.0,32283.0,31.0,32581.0,32566.0,15.0,32761.0,32744.0,17.0,3.968,3.776,0.19200000000000017,0.49071000000000004,0.49071000000000004,0.0,0.8053691275167785,0.7722342733188721,0.033134854197906405
3,79.0,77.0,32761.0,32744.0,17.0,32980.0,32988.0,-8.0,33179.0,33182.0,-3.0,3.192,3.376,-0.18399999999999972,0.46725000000000005,0.46725000000000005,0.0,0.9521531100478469,0.8858447488584476,0.06630836118939931
3,80.0,78.0,33179.0,33182.0,-3.0,33375.0,33383.0,-8.0,33579.0,33579.0,0.0,3.16,3.16,0.0,0.51515,0.51515,0.0,0.98,0.9874055415617129,-0.007405541561712914
3,81.0,79.0,33579.0,33579.0,0.0,33780.0,33815.0,-35.0,34023.0,34005.0,18.0,3.24,3.456,-0.21599999999999975,0.51026,0.50929,0.0009700000000000264,0.9054054054054054,0.892018779342723,0.013386626062682372
3,82.0,80.0,34023.0,34005.0,18.0,34267.0,34259.0,8.0,34443.0,34436.0,7.0,3.896,3.552,0.34399999999999986,0.49364,0.51026,-0.016620000000000024,0.8380952380952381,0.8213457076566125,0.016749530438625593
3,83.0,81.0,34443.0,34436.0,7.0,34658.0,34652.0,6.0,34856.0,34844.0,12.0,3.128,3.144,-0.016000000000000014,0.59237,0.59237,0.0,0.9588377723970944,0.9411764705882353,0.017661301808859164
3,84.0,82.0,34856.0,34844.0,12.0,35064.0,35072.0,-8.0,35263.0,35264.0,-1.0,3.248,3.36,-0.11199999999999966,0.49560000000000004,0.49560000000000004,0.0,0.9778869778869779,0.9142857142857143,0.06360126360126361
3,85.0,83.0,35263.0,35264.0,-1.0,35461.0,35471.0,-10.0,35659.0,35660.0,-1.0,3.176,3.192,-0.016000000000000014,0.49658,0.49658,0.0,1.0,0.9545454545454546,0.045454545454545414
3,86.0,84.0,35659.0,35660.0,-1.0,35855.0,35861.0,-6.0,36058.0,36059.0,-1.0,3.152,3.12,0.03200000000000003,0.49168999999999996,0.49168999999999996,0.0,0.9824561403508771,0.9924812030075187,-0.010025062656641603
3,87.0,85.0,36058.0,36059.0,-1.0,36258.0,36294.0,-36.0,36503.0,36483.0,20.0,3.224,3.464,-0.23999999999999977,0.53568,0.53568,0.0,0.898876404494382,0.8915094339622641,0.007366970532117878
3,88.0,86.0,36503.0,36483.0,20.0,36737.0,36737.0,0.0,36933.0,36925.0,8.0,3.832,3.544,0.2879999999999998,0.49853000000000003,0.52883,-0.030299999999999994,0.9116279069767442,0.8506787330316742,0.060949173945070045
3,89.0,87.0,36933.0,36925.0,8.0,37145.0,37161.0,-16.0,37372.0,37348.0,24.0,3.264,3.392,-0.1280000000000001,0.52395,0.51222,0.011730000000000018,0.9658314350797267,0.884160756501182,0.08167067857854471
3,90.0,88.0,37372.0,37348.0,24.0,37629.0,37622.0,7.0,37826.0,37803.0,23.0,3.872,3.688,0.18399999999999972,0.48387,0.48387,0.0,0.8678414096916299,0.7956043956043957,0.07223701408723426
3,91.0,89.0,37826.0,37803.0,23.0,38113.0,38083.0,30.0,38281.0,38269.0,12.0,3.872,3.688,0.18399999999999972,0.45748,0.45944,-0.0019600000000000173,0.7384615384615385,0.7982832618025751,-0.05982172334103664
3,92.0,90.0,38281.0,38269.0,12.0,38497.0,38514.0,-17.0,38699.0,38691.0,8.0,3.072,3.448,-0.3759999999999999,0.45063,0.45063,0.0,0.9665071770334929,0.8388625592417062,0.1276446177917867
3,93.0,91.0,38699.0,38691.0,8.0,38909.0,38908.0,1.0,39073.0,39059.0,14.0,3.296,3.152,0.14399999999999968,0.44575,0.44575,0.0,0.8770053475935828,0.8206521739130435,0.05635317368053938
3,94.0,92.0,39073.0,39059.0,14.0,39263.0,39270.0,-7.0,39470.0,39453.0,17.0,2.832,2.896,-0.06400000000000006,0.50049,0.50049,0.0,0.9571788413098237,0.9289340101522843,0.028244831157539396
3,95.0,93.0,39470.0,39453.0,17.0,39693.0,39695.0,-2.0,39895.0,39914.0,-19.0,3.44,3.4,0.040000000000000036,0.57184,0.5914,-0.019560000000000022,0.9505882352941176,0.9501084598698482,0.0004797754242694685
3,96.0,94.0,39895.0,39914.0,-19.0,40094.0,40132.0,-38.0,40345.0,40330.0,15.0,3.208,3.496,-0.2879999999999998,0.55132,0.55132,0.0,0.8844444444444445,0.9519230769230769,-0.0674786324786324
3,97.0,95.0,40345.0,40330.0,15.0,40575.0,40572.0,3.0,40767.0,40762.0,5.0,3.848,3.52,0.32799999999999985,0.45747000000000004,0.45747000000000004,0.0,0.909952606635071,0.8796296296296297,0.0303229770054414
3,98.0,96.0,40767.0,40762.0,5.0,40977.0,40978.0,-1.0,41164.0,41160.0,4.0,3.216,3.248,-0.03200000000000003,0.50636,0.50636,0.0,0.9420654911838791,0.914572864321608,0.027492626862271052
3,99.0,97.0,41164.0,41160.0,4.0,41363.0,41382.0,-19.0,41592.0,41573.0,19.0,3.088,3.232,-0.14400000000000013,0.51515,0.50342,0.011730000000000018,0.9299065420560748,0.9249394673123487,0.004967074743726152
3,100.0,98.0,41592.0,41573.0,19.0,41837.0,41835.0,2.0,42038.0,42039.0,-1.0,3.792,3.624,0.1679999999999997,0.48484999999999995,0.48777999999999994,-0.002929999999999988,0.9013452914798207,0.8755364806866953,0.02580881079312536
3,101.0,99.0,42038.0,42039.0,-1.0,42237.0,42236.0,1.0,42422.0,42425.0,-3.0,3.2,3.208,-0.008000000000000007,0.48387,0.48387,0.0,0.9635416666666666,0.9792746113989638,-0.01573294473229714
3,102.0,100.0,42422.0,42425.0,-3.0,42629.0,42625.0,4.0,42830.0,42825.0,5.0,3.136,3.112,0.02400000000000002,0.48092999999999997,0.48092999999999997,0.0,0.9852941176470589,1.0,-0.014705882352941124
3,103.0,101.0,42830.0,42825.0,5.0,43024.0,43055.0,-31.0,43247.0,43241.0,6.0,3.16,3.44,-0.2799999999999998,0.46334,0.45943,0.003909999999999969,0.9304556354916067,0.8942307692307693,0.03622486626083743
3,104.0,102.0,43247.0,43241.0,6.0,43419.0,43464.0,-45.0,43657.0,43642.0,15.0,3.16,3.272,-0.11199999999999966,0.43499000000000004,0.43499000000000004,0.0,0.8390243902439024,0.8877805486284289,-0.048756158384526516
3,105.0,103.0,43657.0,43642.0,15.0,43912.0,43892.0,20.0,44078.0,44068.0,10.0,3.944,3.424,0.52,0.47409,0.48387,-0.009780000000000011,0.7885985748218527,0.8262910798122065,-0.037692504990353815
3,106.0,104.0,44078.0,44068.0,10.0,44295.0,44295.0,0.0,44566.0,44580.0,-14.0,3.064,3.224,-0.16000000000000014,0.51906,0.51906,0.0,0.889344262295082,0.88671875,0.002625512295082011
3,107.0,105.0,44566.0,44580.0,-14.0,44793.0,44812.0,-19.0,45021.0,44996.0,25.0,3.984,4.136,-0.15200000000000014,0.66275,0.64222,0.020529999999999937,0.9978021978021978,0.8846153846153846,0.11318681318681323
3,108.0,106.0,45021.0,44996.0,25.0,45237.0,45249.0,-12.0,45445.0,45412.0,33.0,3.552,3.496,0.05600000000000005,0.5992200000000001,0.5992200000000001,0.0,0.9811320754716981,0.7836538461538461,0.19747822931785197
3,109.0,107.0,45445.0,45412.0,33.0,45663.0,45660.0,3.0,45839.0,45816.0,23.0,3.408,3.288,0.1200000000000001,0.58651,0.6031299999999999,-0.016619999999999968,0.8934010152284264,0.7722772277227723,0.12112378750565411
3,110.0,108.0,45839.0,45816.0,23.0,46057.0,46058.0,-1.0,46253.0,46233.0,20.0,3.152,3.184,-0.03200000000000003,0.57185,0.57185,0.0,0.9468599033816425,0.8393285371702638,0.10753136621137871
3,111.0,109.0,46253.0,46233.0,20.0,46463.0,46479.0,-16.0,46672.0,46641.0,31.0,3.248,3.368,-0.11999999999999966,0.59531,0.58651,0.00880000000000003,0.9976133651551312,0.7941176470588236,0.20349571809630762
3,112.0,110.0,46672.0,46641.0,31.0,46929.0,46914.0,15.0,47113.0,47090.0,23.0,3.728,3.48,0.24800000000000022,0.51711,0.51711,0.0,0.8344671201814059,0.7839643652561248,0.05050275492528111
3,113.0,111.0,47113.0,47090.0,23.0,47335.0,47335.0,0.0,47524.0,47509.0,15.0,3.248,3.368,-0.11999999999999966,0.44477,0.45063,-0.005859999999999976,0.9197080291970803,0.8305489260143198,0.08915910318276044
3,114.0,112.0,47524.0,47509.0,15.0,47728.0,47731.0,-3.0,47916.0,47904.0,12.0,3.144,3.168,-0.02400000000000002,0.43206000000000006,0.43206000000000006,0.0,0.9591836734693877,0.8759493670886076,0.08323430638078011
3,115.0,113.0,47916.0,47904.0,12.0,48116.0,48117.0,-1.0,48307.0,48304.0,3.0,3.104,3.088,0.016000000000000014,0.46236,0.46236,0.0,0.9769820971867008,0.935,0.04198209718670076
3,116.0,114.0,48307.0,48304.0,3.0,48514.0,48510.0,4.0,48699.0,48680.0,19.0,3.184,3.144,0.040000000000000036,0.5102599999999999,0.5102599999999999,0.0,0.9438775510204082,0.9042553191489362,0.03962223187147196
3,117.0,115.0,48699.0,48680.0,19.0,48904.0,48911.0,-7.0,49102.0,49092.0,10.0,3.12,3.208,-0.08800000000000008,0.49071,0.49071,0.0,0.9826302729528535,0.8786407766990292,0.10398949625382437
3,118.0,116.0,49102.0,49092.0,10.0,49305.0,49326.0,-21.0,49504.0,49502.0,2.0,3.208,3.32,-0.11199999999999966,0.5796600000000001,0.5796600000000001,0.0,0.9900497512437811,0.8585365853658536,0.1315131658779275
3,119.0,117.0,49504.0,49502.0,2.0,49691.0,49689.0,2.0,49890.0,49886.0,4.0,3.088,2.904,0.18400000000000016,0.6216999999999999,0.6216999999999999,0.0,0.9689119170984456,0.9739583333333334,-0.005046416234887774
3,120.0,118.0,49890.0,49886.0,4.0,50079.0,50084.0,-5.0,50288.0,50282.0,6.0,3.104,3.16,-0.05600000000000005,0.49853000000000003,0.49853000000000003,0.0,0.949748743718593,1.0,-0.05025125628140703
3,121.0,119.0,50288.0,50282.0,6.0,50523.0,50515.0,8.0,50718.0,50705.0,13.0,3.552,3.448,0.10400000000000009,0.51418,0.51418,0.0,0.9069767441860466,0.8983451536643026,0.008631590521744004
3,122.0,120.0,50718.0,50705.0,13.0,50939.0,50933.0,6.0,51161.0,51117.0,44.0,3.328,3.344,-0.016000000000000014,0.49853000000000003,0.51417,-0.015639999999999987,0.9977426636568849,0.8932038834951457,0.10453878016173923
3,123.0,121.0,51161.0,51117.0,44.0,51423.0,51419.0,4.0,51631.0,51671.0,-40.0,3.872,3.888,-0.016000000000000014,0.51027,0.5122199999999999,-0.0019499999999998963,0.8851063829787233,0.9097472924187726,-0.024640909440049263
3,124.0,122.0,51631.0,51671.0,-40.0,51865.0,51876.0,-11.0,52125.0,52113.0,12.0,3.536,3.656,-0.1200000000000001,0.8416399999999999,0.8416399999999999,0.0,0.9473684210526316,0.9276018099547512,0.01976661109788047
3,125.0,123.0,52125.0,52113.0,12.0,52329.0,52341.0,-12.0,52559.0,52516.0,43.0,3.712,3.72,-0.008000000000000007,0.53274,0.5298099999999999,0.002930000000000099,0.9400921658986175,0.8684863523573201,0.07160581354129747
3,126.0,124.0,52559.0,52516.0,43.0,52813.0,52801.0,12.0,53008.0,52993.0,15.0,3.872,3.68,0.19199999999999973,0.49072000000000005,0.49267000000000005,-0.0019500000000000073,0.8685968819599109,0.8050314465408805,0.06356543541903037
3,127.0,125.0,53008.0,52993.0,15.0,53213.0,53232.0,-19.0,53447.0,53416.0,31.0,3.2,3.448,-0.24799999999999978,0.49168999999999996,0.48778,0.003909999999999969,0.9339407744874715,0.8699763593380615,0.06396441514940998
3,128.0,126.0,53447.0,53416.0,31.0,53692.0,53689.0,3.0,53910.0,53868.0,42.0,3.832,3.656,0.1759999999999997,0.5317700000000001,0.5259,0.005870000000000042,0.9416846652267818,0.7920353982300885,0.14964926699669334
3,129.0,127.0,53910.0,53868.0,42.0,54171.0,54167.0,4.0,54368.0,54392.0,-24.0,3.832,3.824,0.008000000000000007,0.5073300000000001,0.52884,-0.021509999999999918,0.8602620087336245,0.8587786259541985,0.0014833827794259458
3,130.0,128.0,54368.0,54392.0,-24.0,54583.0,54572.0,11.0,54789.0,54742.0,47.0,3.296,3.24,0.055999999999999606,0.45454,0.45454,0.0,0.9786223277909739,0.9714285714285714,0.0071937563624024925
3,131.0,129.0,54789.0,54742.0,47.0,55039.0,55033.0,6.0,55245.0,55218.0,27.0,3.648,3.688,-0.040000000000000036,0.4086,0.4086,0.0,0.9035087719298246,0.7773109243697479,0.12619784756007668
3,132.0,130.0,55245.0,55218.0,27.0,55471.0,55461.0,10.0,55665.0,55696.0,-31.0,3.456,3.424,0.03200000000000003,0.36950000000000005,0.40176,-0.032259999999999955,0.9238095238095239,0.9832635983263598,-0.05945407451683593
3,133.0,131.0,55665.0,55696.0,-31.0,55867.0,55875.0,-8.0,56064.0,56060.0,4.0,3.168,3.312,-0.14399999999999968,0.39296,0.39296,0.0,0.987468671679198,0.9835164835164835,0.003952188162714587
3,134.0,132.0,56064.0,56060.0,4.0,56267.0,56283.0,-16.0,56478.0,56450.0,28.0,3.2,3.264,-0.06399999999999961,0.47117000000000003,0.47117000000000003,0.0,0.9806763285024155,0.8564102564102565,0.12426607209215901
3,135.0,133.0,56478.0,56450.0,28.0,56663.0,56690.0,-27.0,56886.0,56849.0,37.0,3.168,3.256,-0.08799999999999963,0.38807,0.38807,0.0,0.9068627450980392,0.7969924812030076,0.10987026389503163
3,136.0,134.0,56886.0,56849.0,37.0,57151.0,57139.0,12.0,57349.0,57298.0,51.0,3.904,3.592,0.31199999999999983,0.36559,0.36559,0.0,0.8552915766738661,0.7082405345211582,0.14705104215270792
3,137.0,135.0,57349.0,57298.0,51.0,57636.0,57609.0,27.0,57807.0,57766.0,41.0,3.88,3.76,0.1200000000000001,0.37635,0.36266,0.013690000000000035,0.7467248908296944,0.670940170940171,0.0757847198895234
3,138.0,136.0,57807.0,57766.0,41.0,58043.0,58046.0,-3.0,58284.0,58335.0,-51.0,3.256,3.496,-0.2400000000000002,0.32454000000000005,0.33236000000000004,-0.007819999999999994,0.989517819706499,0.984182776801406,0.005335042905093013
3,139.0,137.0,58284.0,58335.0,-51.0,58524.0,58520.0,4.0,58727.0,58688.0,39.0,3.848,3.792,0.05600000000000005,0.42619999999999997,0.42619999999999997,0.0,0.9164785553047404,0.9518413597733711,-0.035362804468630715
3,140.0,138.0,58727.0,58688.0,39.0,58933.0,58955.0,-22.0,59151.0,59115.0,36.0,3.272,3.48,-0.20800000000000018,0.33431,0.33431,0.0,0.9716981132075472,0.7494145199063231,0.22228359330122405
3,141.0,139.0,59151.0,59115.0,36.0,59421.0,59420.0,1.0,59635.0,59585.0,50.0,3.904,3.72,0.18399999999999972,0.3303999999999999,0.3303999999999999,0.0,0.884297520661157,0.7021276595744681,0.18216986108668887
4,2.0,1.0,393.0,524.0,-131.0,659.0,656.0,3.0,865.0,899.0,-34.0,3.68,3.672,0.008000000000000007,0.43976000000000004,0.43373000000000006,0.00602999999999998,0.8728813559322034,0.704,0.16888135593220344
4,3.0,2.0,865.0,899.0,-34.0,1023.0,1025.0,-2.0,1194.0,1219.0,-25.0,2.912,2.952,-0.040000000000000036,0.35541700000000004,0.358437,-0.003019999999999967,0.9604863221884499,0.7875,0.1729863221884499
4,4.0,3.0,1194.0,1219.0,-25.0,1334.0,1343.0,-9.0,1531.0,1587.0,-56.0,2.488,2.544,-0.05600000000000005,0.32229199999999997,0.328312,-0.006020000000000025,0.8308605341246291,0.6739130434782609,0.15694749064636826
4,5.0,4.0,1531.0,1587.0,-56.0,1718.0,1715.0,3.0,1939.0,1955.0,-16.0,3.072,2.976,0.09600000000000009,0.48193,0.48193,0.0,0.9166666666666666,0.6956521739130435,0.22101449275362317
4,6.0,5.0,1939.0,1955.0,-16.0,2208.0,2205.0,3.0,2455.0,2532.0,-77.0,3.92,3.92,0.0,0.5060199999999999,0.5060199999999999,0.0,0.9573643410852714,0.8665511265164645,0.09081321456880687
4,8.0,6.0,2457.0,2532.0,-75.0,2668.0,2661.0,7.0,2866.0,2796.0,70.0,1.696,3.648,-1.9520000000000002,0.6445799999999999,0.6445799999999999,0.0,0.9682151589242054,0.9772727272727273,-0.009057568348521894
4,9.0,7.0,2866.0,2796.0,70.0,3148.0,3142.0,6.0,3350.0,3274.0,76.0,3.84,3.848,-0.008000000000000007,0.5482,0.5482,0.0,0.8347107438016529,0.5523012552301255,0.28240948857152737
4,10.0,8.0,3350.0,3274.0,76.0,3565.0,3561.0,4.0,3759.0,3689.0,70.0,3.336,3.352,-0.016000000000000014,0.53313,0.53916,-0.00602999999999998,0.9486552567237164,0.616867469879518,0.3317877868441984
4,11.0,9.0,3759.0,3689.0,70.0,4073.0,4066.0,7.0,4273.0,4203.0,70.0,4.064,4.04,0.02400000000000002,0.67771,0.66265,0.015060000000000073,0.7782101167315175,0.5330739299610895,0.24513618677042803
4,12.0,10.0,4273.0,4203.0,70.0,4523.0,4517.0,6.0,4718.0,4657.0,61.0,3.6,3.608,-0.008000000000000007,0.391563,0.403613,-0.012050000000000005,0.8764044943820225,0.6167400881057269,0.2596644062762956
4,13.0,11.0,4718.0,4657.0,61.0,4927.0,4924.0,3.0,5112.0,5055.0,57.0,3.232,3.256,-0.023999999999999577,0.48494000000000004,0.48494000000000004,0.0,0.9390862944162437,0.6582914572864322,0.28079483712981146
4,14.0,12.0,5112.0,5055.0,57.0,5389.0,5384.0,5.0,5614.0,5521.0,93.0,3.696,3.68,0.016000000000000014,0.64157,0.64157,0.0,0.896414342629482,0.5879828326180258,0.3084315100114563
4,15.0,13.0,5614.0,5521.0,93.0,5885.0,5877.0,8.0,6092.0,6157.0,-65.0,3.968,3.944,0.02400000000000002,0.62349,0.62349,0.0,0.8661087866108786,0.8805031446540881,-0.014394358043209432
4,16.0,14.0,6092.0,6157.0,-65.0,6297.0,6294.0,3.0,6499.0,6437.0,62.0,3.296,3.336,-0.040000000000000036,0.61747,0.59639,0.021079999999999988,0.9926289926289926,0.9785714285714285,0.014057564057564087
4,17.0,15.0,6499.0,6437.0,62.0,6767.0,6769.0,-2.0,7062.0,7110.0,-48.0,3.76,3.8,-0.040000000000000036,0.65061,0.67169,-0.021079999999999988,0.9520426287744227,0.986627043090639,-0.03458441431621628
4,18.0,16.0,7062.0,7110.0,-48.0,7232.0,7226.0,6.0,7402.0,7349.0,53.0,3.72,3.656,0.06400000000000006,0.72289,0.72289,0.0,1.0,0.9707112970711297,0.029288702928870314
4,19.0,17.0,7402.0,7349.0,53.0,7661.0,7657.0,4.0,7901.0,7964.0,-63.0,3.432,3.448,-0.016000000000000014,0.52109,0.5331400000000001,-0.012050000000000005,0.9619238476953907,0.9983739837398374,-0.03645013604444669
4,20.0,18.0,7901.0,7964.0,-63.0,8095.0,8091.0,4.0,8305.0,8471.0,-166.0,3.472,3.472,0.0,0.51808,0.51808,0.0,0.9603960396039604,0.5009861932938856,0.45940984631007475
4,21.0,19.0,8305.0,8471.0,-166.0,8604.0,8599.0,5.0,8804.0,8847.0,-43.0,4.072,4.064,0.008000000000000007,0.6234999999999999,0.62651,-0.003010000000000068,0.8016032064128257,0.6808510638297872,0.12075214258303846
4,22.0,20.0,8804.0,8847.0,-43.0,8969.0,8969.0,0.0,9198.0,9227.0,-29.0,2.92,2.96,-0.040000000000000036,0.370485,0.373495,-0.0030100000000000127,0.8375634517766497,0.6421052631578947,0.19545818861875497
4,23.0,21.0,9198.0,9227.0,-29.0,9463.0,9460.0,3.0,9745.0,9828.0,-83.0,3.952,3.928,0.02400000000000002,0.57831,0.57831,0.0,0.9689213893967094,0.7753743760399334,0.19354701335677593
4,24.0,22.0,9745.0,9828.0,-83.0,9964.0,9960.0,4.0,10229.0,10219.0,10.0,4.008,4.0,0.008000000000000007,0.55723,0.55723,0.0,0.9049586776859504,0.6751918158567776,0.22976686182917283
4,25.0,23.0,10229.0,10219.0,10.0,10455.0,10452.0,3.0,10706.0,10747.0,-41.0,3.928,3.936,-0.008000000000000007,0.46988,0.46988,0.0,0.9475890985324947,0.8825757575757576,0.06501334095673716
4,26.0,24.0,10706.0,10747.0,-41.0,10877.0,10880.0,-3.0,11109.0,11148.0,-39.0,3.376,3.424,-0.04800000000000004,0.41867499999999996,0.41867499999999996,0.0,0.8486352357320099,0.6633416458852868,0.18529358984672317
4,27.0,25.0,11109.0,11148.0,-39.0,11286.0,11290.0,-4.0,11562.0,11632.0,-70.0,3.272,3.28,-0.008000000000000007,0.37349499999999997,0.37349499999999997,0.0,0.7814569536423841,0.5867768595041323,0.19468009413825182
4,28.0,26.0,11562.0,11632.0,-70.0,11768.0,11766.0,2.0,11993.0,12044.0,-51.0,3.856,3.808,0.04800000000000004,0.46687,0.47892,-0.012050000000000005,0.9559164733178654,0.6504854368932038,0.30543103642466163
4,29.0,27.0,11993.0,12044.0,-51.0,12165.0,12172.0,-7.0,12383.0,12403.0,-20.0,3.176,3.248,-0.07200000000000006,0.32530590000000004,0.32530590000000004,0.0,0.882051282051282,0.713091922005571,0.168959360045711
4,30.0,28.0,12383.0,12403.0,-20.0,12684.0,12678.0,6.0,12940.0,12988.0,-48.0,4.152,4.048,0.10400000000000009,0.62651,0.62651,0.0,0.9192100538599641,0.9401709401709402,-0.020960886310976035
4,31.0,29.0,12940.0,12988.0,-48.0,13123.0,13118.0,5.0,13336.0,13369.0,-33.0,3.512,3.52,-0.008000000000000007,0.57229,0.56325,0.009039999999999937,0.9242424242424242,0.6824146981627297,0.2418277260796945
4,32.0,30.0,13336.0,13369.0,-33.0,13606.0,13602.0,4.0,13811.0,13859.0,-48.0,3.864,3.872,-0.008000000000000007,0.48494,0.5,-0.015060000000000018,0.8631578947368421,0.9510204081632653,-0.08786251342642315
4,33.0,31.0,13811.0,13859.0,-48.0,13991.0,13990.0,1.0,14209.0,14253.0,-44.0,3.08,3.104,-0.02400000000000002,0.42771099999999995,0.42771099999999995,0.0,0.9045226130653267,0.6649746192893401,0.23954799377598657
4,34.0,32.0,14209.0,14253.0,-44.0,14385.0,14387.0,-2.0,14602.0,14603.0,-1.0,3.152,3.176,-0.02400000000000002,0.4759,0.4759,0.0,0.8956743002544529,0.7657142857142857,0.12996001454016726
4,35.0,33.0,14602.0,14603.0,-1.0,14861.0,14863.0,-2.0,15061.0,15079.0,-18.0,3.808,3.808,0.0,0.48494,0.48494,0.0,0.8714596949891067,0.907563025210084,-0.03610333022097734
4,36.0,34.0,15061.0,15079.0,-18.0,15341.0,15336.0,5.0,15601.0,15643.0,-42.0,3.84,3.784,0.05600000000000005,0.49095999999999995,0.49095999999999995,0.0,0.962962962962963,0.9113475177304965,0.05161544523246653
4,37.0,35.0,15601.0,15643.0,-42.0,15757.0,15759.0,-2.0,16000.0,16029.0,-29.0,3.328,3.384,-0.05600000000000005,0.44577999999999995,0.44577999999999995,0.0,0.7819548872180451,0.6010362694300518,0.18091861778799323
4,38.0,36.0,16000.0,16029.0,-29.0,16286.0,16283.0,3.0,16504.0,16557.0,-53.0,4.232,4.192,0.040000000000000036,0.50903,0.5150600000000001,-0.006030000000000091,0.8650793650793651,0.9621212121212122,-0.09704184704184704
4,39.0,37.0,16504.0,16557.0,-53.0,16745.0,16738.0,7.0,16958.0,17007.0,-49.0,3.672,3.64,0.03200000000000003,0.51807,0.51807,0.0,0.9383259911894273,0.8044444444444444,0.13388154674498287
4,40.0,38.0,16958.0,17007.0,-49.0,17137.0,17130.0,7.0,17337.0,17256.0,81.0,3.136,3.136,0.0,0.53916,0.53916,0.0,0.9445910290237467,0.9879518072289156,-0.043360778205168926
4,41.0,39.0,17337.0,17256.0,81.0,17521.0,17519.0,2.0,17737.0,17831.0,-94.0,3.072,3.112,-0.040000000000000036,0.46085000000000004,0.46085000000000004,0.0,0.92,0.9147826086956522,0.00521739130434784
4,42.0,40.0,17737.0,17831.0,-94.0,17975.0,17967.0,8.0,18140.0,18095.0,45.0,3.632,3.584,0.04800000000000004,0.60843,0.5813200000000001,0.027109999999999967,0.8188585607940446,0.9696969696969697,-0.1508384089029251
4,43.0,41.0,18140.0,18095.0,45.0,18398.0,18394.0,4.0,18639.0,18679.0,-40.0,3.384,3.416,-0.03200000000000003,0.46385,0.46385,0.0,0.9659318637274549,0.976027397260274,-0.010095533532819112
4,44.0,42.0,18639.0,18679.0,-40.0,18804.0,18800.0,4.0,18997.0,19126.0,-129.0,3.248,3.248,0.0,0.56627,0.5752999999999999,-0.009029999999999871,0.9217877094972067,0.5413870246085011,0.3804006848887056
4,45.0,43.0,18997.0,19126.0,-129.0,19251.0,19247.0,4.0,19466.0,19584.0,-118.0,3.576,3.576,0.0,0.57832,0.57832,0.0,0.9168443496801706,0.5283842794759825,0.38846007020418805
4,46.0,44.0,19466.0,19584.0,-118.0,19719.0,19712.0,7.0,19913.0,20002.0,-89.0,3.744,3.72,0.02400000000000002,0.6476,0.64157,0.00602999999999998,0.8680089485458613,0.6124401913875598,0.2555687571583015
4,47.0,45.0,19913.0,20002.0,-89.0,20125.0,20122.0,3.0,20384.0,20449.0,-65.0,3.248,3.28,-0.031999999999999584,0.58735,0.58735,0.0,0.9002123142250531,0.5369127516778524,0.36329956254720075
4,49.0,46.0,20402.0,20449.0,-47.0,20570.0,20565.0,5.0,20737.0,20939.0,-202.0,1.368,3.544,-2.176,0.51205,0.51205,0.0,0.9970149253731343,0.47346938775510206,0.5235455376180322
4,50.0,47.0,20737.0,20939.0,-202.0,21065.0,21056.0,9.0,21327.0,21176.0,151.0,3.96,3.928,0.03200000000000003,0.71687,0.70181,0.015059999999999962,0.888135593220339,0.9873417721518988,-0.09920617893155981
4,51.0,48.0,21327.0,21176.0,151.0,21525.0,21520.0,5.0,21719.0,21644.0,75.0,3.68,3.712,-0.03200000000000003,0.62952,0.6656599999999999,-0.03613999999999995,0.9897959183673469,0.5299145299145299,0.459881388452817
4,52.0,49.0,21719.0,21644.0,75.0,21931.0,21928.0,3.0,22115.0,22049.0,66.0,3.248,3.264,-0.01599999999999957,0.51507,0.51507,0.0,0.9292929292929293,0.5975308641975309,0.3317620650953984
4,53.0,50.0,22115.0,22049.0,66.0,22315.0,22315.0,0.0,22521.0,22683.0,-162.0,3.072,3.096,-0.02400000000000002,0.41867600000000005,0.41867600000000005,0.0,0.9852216748768473,0.8391167192429022,0.1461049556339451
4,55.0,51.0,22629.0,22683.0,-54.0,22813.0,22808.0,5.0,23005.0,22945.0,60.0,1.952,3.944,-1.992,0.62349,0.62349,0.0,0.9787234042553191,0.9541984732824428,0.024524930972876335
4,56.0,52.0,23005.0,22945.0,60.0,23273.0,23274.0,-1.0,23440.0,23404.0,36.0,3.68,3.728,-0.04800000000000004,0.34939499999999996,0.34939499999999996,0.0,0.767816091954023,0.5664488017429194,0.20136729021110356
4,57.0,53.0,23440.0,23404.0,36.0,23667.0,23672.0,-5.0,23879.0,23819.0,60.0,3.152,3.184,-0.03200000000000003,0.3072321,0.3072321,0.0,0.9658314350797267,0.708433734939759,0.25739770013996766
4,58.0,54.0,23879.0,23819.0,60.0,24157.0,24153.0,4.0,24369.0,24427.0,-58.0,3.92,3.848,0.07200000000000006,0.382531,0.382531,0.0,0.8653061224489795,0.9013157894736842,-0.03600966702470465
4,59.0,55.0,24369.0,24427.0,-58.0,24542.0,24545.0,-3.0,24739.0,24956.0,-217.0,3.08,3.136,-0.05600000000000005,0.2981959,0.3012059,-0.0030100000000000127,0.9351351351351351,0.446124763705104,0.4890103714300311
4,73.0,56.0,24772.0,24956.0,-184.0,25086.0,25081.0,5.0,25360.0,25206.0,154.0,2.576,4.288,-1.7120000000000002,0.56627,0.56325,0.0030200000000000227,0.9319727891156463,1.0,-0.0680272108843537
4,74.0,57.0,25360.0,25206.0,154.0,25625.0,25620.0,5.0,25817.0,25949.0,-132.0,4.312,4.312,0.0,0.45181000000000004,0.45784,-0.00602999999999998,0.8402625820568927,0.8855989232839838,-0.04533634122709107
4,76.0,58.0,25912.0,25949.0,-37.0,26075.0,26073.0,2.0,26239.0,26278.0,-39.0,1.68,3.624,-1.9440000000000002,0.349403,0.349403,0.0,0.9969418960244648,0.7537993920972644,0.24314250392720038
4,77.0,59.0,26239.0,26278.0,-39.0,26393.0,26395.0,-2.0,26619.0,26526.0,93.0,2.544,2.576,-0.03200000000000003,0.280123,0.280123,0.0,0.8105263157894737,0.9435483870967742,-0.1330220713073006
4,78.0,60.0,26619.0,26526.0,93.0,26856.0,26866.0,-10.0,27107.0,27167.0,-60.0,3.704,3.768,-0.06399999999999961,0.307226,0.307226,0.0,0.9713114754098361,0.9391575663026521,0.032153909107183964
4,79.0,61.0,27107.0,27167.0,-60.0,27298.0,27295.0,3.0,27505.0,27588.0,-83.0,3.536,3.432,0.10400000000000009,0.59638,0.62951,-0.03312999999999999,0.9597989949748744,0.6080760095011877,0.35172298547368674
4,80.0,62.0,27505.0,27588.0,-83.0,27750.0,27745.0,5.0,27988.0,28017.0,-29.0,3.616,3.6,0.016000000000000014,0.6144499999999999,0.58735,0.027099999999999902,0.9855072463768116,0.7319347319347319,0.25357251444207973
4,81.0,63.0,27988.0,28017.0,-29.0,28235.0,28229.0,6.0,28455.0,28476.0,-21.0,3.88,3.872,0.008000000000000007,0.55422,0.55422,0.0,0.9421841541755889,0.9237472766884531,0.01843687748713574
4,82.0,64.0,28455.0,28476.0,-21.0,28725.0,28718.0,7.0,28927.0,28980.0,-53.0,3.92,3.912,0.008000000000000007,0.64458,0.64759,-0.003009999999999957,0.8559322033898304,0.9603174603174603,-0.1043852569276299
4,83.0,65.0,28927.0,28980.0,-53.0,29130.0,29130.0,0.0,29381.0,29431.0,-50.0,3.24,3.296,-0.055999999999999606,0.53615,0.50302,0.03312999999999999,0.8942731277533039,0.6651884700665188,0.2290846576867851
4,84.0,66.0,29381.0,29431.0,-50.0,29559.0,29554.0,5.0,29803.0,29867.0,-64.0,3.432,3.392,0.040000000000000036,0.53013,0.53615,-0.006020000000000025,0.8436018957345972,0.5642201834862386,0.2793817122483586
4,85.0,67.0,29803.0,29867.0,-64.0,30003.0,29997.0,6.0,30212.0,30131.0,81.0,3.552,3.544,0.008000000000000007,0.61446,0.61145,0.003009999999999957,0.9779951100244498,0.9848484848484849,-0.00685337482403503
4,86.0,68.0,30212.0,30131.0,81.0,30493.0,30497.0,-4.0,30754.0,30726.0,28.0,3.92,4.0,-0.08000000000000007,0.373495,0.376505,-0.003009999999999957,0.96309963099631,0.7697478991596639,0.1933517318366461
4,87.0,69.0,30754.0,30726.0,28.0,30955.0,30951.0,4.0,31174.0,31252.0,-78.0,3.696,3.632,0.06400000000000006,0.3102421,0.3192821,-0.009039999999999992,0.9571428571428572,0.8555133079847909,0.10162954915806632
4,88.0,70.0,31174.0,31252.0,-78.0,31385.0,31382.0,3.0,31625.0,31515.0,110.0,3.44,3.448,-0.008000000000000007,0.48192999999999997,0.48192999999999997,0.0,0.9356984478935698,0.9885931558935361,-0.05289470799996632
4,90.0,71.0,31781.0,31515.0,266.0,32003.0,31996.0,7.0,32191.0,32125.0,66.0,1.904,4.912,-3.008,0.69277,0.68675,0.006020000000000025,0.9170731707317074,0.4229508196721311,0.49412235105957625
4,92.0,72.0,32330.0,32125.0,205.0,32491.0,32489.0,2.0,32671.0,32776.0,-105.0,1.328,3.944,-2.6159999999999997,0.382525,0.412655,-0.03012999999999999,0.9442815249266863,0.8817204301075269,0.06256109481915939
4,94.0,73.0,32754.0,32776.0,-22.0,33001.0,33003.0,-2.0,33253.0,33278.0,-25.0,2.208,4.112,-1.904,0.5241,0.5241,0.0,0.9899799599198397,0.9043824701195219,0.08559748980031778
4,95.0,74.0,33253.0,33278.0,-25.0,33431.0,33425.0,6.0,33660.0,33692.0,-32.0,3.44,3.376,0.06400000000000006,0.54518,0.55723,-0.012050000000000005,0.8746928746928747,0.7101449275362319,0.16454794715664278
4,96.0,75.0,33660.0,33692.0,-32.0,33927.0,33900.0,27.0,34146.0,34174.0,-28.0,3.968,3.8,0.16800000000000015,0.64157,0.58735,0.054219999999999935,0.9012345679012346,0.8630705394190872,0.038164028482147394
4,97.0,76.0,34146.0,34174.0,-28.0,34278.0,34289.0,-11.0,34564.0,34608.0,-44.0,2.808,3.112,-0.30400000000000027,0.36145,0.31928,0.042169999999999985,0.631578947368421,0.5299539170506913,0.10162503031772974
4,98.0,77.0,34564.0,34608.0,-44.0,34731.0,34730.0,1.0,34983.0,35051.0,-68.0,3.624,3.528,0.09600000000000009,0.52108,0.52108,0.0,0.7971360381861575,0.5507900677200903,0.2463459704660672
4,99.0,78.0,34983.0,35051.0,-68.0,35189.0,35181.0,8.0,35394.0,35321.0,73.0,3.664,3.608,0.05600000000000005,0.56627,0.54518,0.021090000000000053,0.9975669099756691,0.962962962962963,0.03460394701270608
4,100.0,79.0,35394.0,35321.0,73.0,35685.0,35680.0,5.0,35891.0,35822.0,69.0,3.968,3.992,-0.02400000000000002,0.5060199999999999,0.51205,-0.006030000000000091,0.8289738430583501,0.5668662674650699,0.26210757559328024
4,101.0,80.0,35891.0,35822.0,69.0,36135.0,36136.0,-1.0,36320.0,36281.0,39.0,3.6,3.648,-0.04800000000000004,0.379517,0.373497,0.00601999999999997,0.8624708624708625,0.6318082788671024,0.23066258360376002
4,102.0,81.0,36320.0,36281.0,39.0,36561.0,36556.0,5.0,36777.0,36781.0,-4.0,3.408,3.36,0.04800000000000004,0.55723,0.55723,0.0,0.9452954048140044,0.9,0.0452954048140044
4,103.0,82.0,36777.0,36781.0,-4.0,37044.0,37037.0,7.0,37234.0,37173.0,61.0,3.864,3.848,0.016000000000000014,0.53915,0.53915,0.0,0.8315098468271335,0.6938775510204082,0.1376322958067253
4,105.0,83.0,37325.0,37173.0,152.0,37535.0,37530.0,5.0,37740.0,37677.0,63.0,1.968,3.944,-1.976,0.59939,0.61144,-0.012050000000000005,0.9879518072289156,0.5833333333333333,0.40461847389558236
4,106.0,84.0,37740.0,37677.0,63.0,38005.0,37998.0,7.0,38201.0,38143.0,58.0,3.76,3.744,0.01599999999999957,0.55422,0.56024,-0.006019999999999914,0.8503253796095445,0.6223175965665235,0.22800778304302094
4,107.0,85.0,38201.0,38143.0,58.0,38478.0,38474.0,4.0,38679.0,38612.0,67.0,3.784,3.808,-0.02400000000000002,0.49398,0.49398,0.0,0.8410041841004184,0.5884861407249466,0.2525180433754718
4,108.0,86.0,38679.0,38612.0,67.0,38893.0,38897.0,-4.0,39113.0,39088.0,25.0,3.32,3.384,-0.06400000000000006,0.379519,0.388559,-0.009039999999999992,0.9861751152073732,0.8025210084033614,0.18365410680401184
4,109.0,87.0,39113.0,39088.0,25.0,39351.0,39346.0,5.0,39565.0,39486.0,79.0,3.664,3.592,0.07200000000000006,0.62651,0.61747,0.009040000000000048,0.9469026548672567,0.7035175879396984,0.24338506692755824
4,111.0,88.0,39670.0,39486.0,184.0,39852.0,39847.0,5.0,40015.0,40032.0,-17.0,1.816,4.008,-2.192,0.49096,0.49699,-0.00602999999999998,0.9449275362318841,0.6776556776556777,0.2672718585762064
4,112.0,89.0,40015.0,40032.0,-17.0,40158.0,40169.0,-11.0,40340.0,40373.0,-33.0,2.448,2.576,-0.1280000000000001,0.25000100000000003,0.25000100000000003,0.0,0.88,0.8035190615835777,0.07648093841642234
4,113.0,90.0,40340.0,40373.0,-33.0,40499.0,40504.0,-5.0,40718.0,40774.0,-56.0,2.728,2.68,0.04800000000000004,0.32530000000000003,0.32530000000000003,0.0,0.8412698412698413,0.6533665835411471,0.1879032577286942
4,114.0,91.0,40718.0,40774.0,-56.0,40913.0,40910.0,3.0,41075.0,41061.0,14.0,3.312,3.248,0.06399999999999961,0.382535,0.382535,0.0,0.907563025210084,0.9477351916376306,-0.04017216642754662
4,115.0,92.0,41075.0,41061.0,14.0,41239.0,41243.0,-4.0,41463.0,41383.0,80.0,2.608,2.664,-0.05600000000000005,0.277111,0.277111,0.0,0.845360824742268,0.8695652173913043,-0.024204392649036288
4,116.0,93.0,41463.0,41383.0,80.0,41637.0,41638.0,-1.0,41860.0,41918.0,-58.0,3.184,3.16,0.02400000000000002,0.331326,0.343376,-0.012050000000000005,0.8765743073047859,0.9532710280373832,-0.07669672073259726
4,117.0,94.0,41860.0,41918.0,-58.0,42057.0,42050.0,7.0,42250.0,42188.0,62.0,3.36,3.296,0.06400000000000006,0.67168,0.66867,0.003010000000000068,0.9897435897435898,0.9777777777777777,0.011965811965812034
4,118.0,95.0,42250.0,42188.0,62.0,42545.0,42537.0,8.0,42802.0,42877.0,-75.0,3.904,3.896,0.008000000000000007,0.63253,0.6445700000000001,-0.01204000000000005,0.9311594202898551,0.9869375907111756,-0.055778170421320494
4,119.0,96.0,42802.0,42877.0,-75.0,43013.0,43011.0,2.0,43228.0,43296.0,-68.0,3.744,3.792,-0.0479999999999996,0.44579,0.44579,0.0,0.9906103286384976,0.639618138424821,0.35099219021367667
4,120.0,97.0,43228.0,43296.0,-68.0,43439.0,43437.0,2.0,43638.0,43586.0,52.0,3.408,3.408,0.0,0.5090399999999999,0.5060199999999999,0.0030200000000000227,0.9707317073170731,0.9724137931034482,-0.001682085786375076
4,121.0,98.0,43638.0,43586.0,52.0,43877.0,43879.0,-2.0,44126.0,44208.0,-82.0,3.504,3.536,-0.03200000000000003,0.45482,0.45482,0.0,0.9795081967213115,0.9421221864951769,0.037386010226134636
4,122.0,99.0,44126.0,44208.0,-82.0,44345.0,44341.0,4.0,44551.0,44610.0,-59.0,3.744,3.696,0.04800000000000004,0.53313,0.5361400000000001,-0.003010000000000068,0.9694117647058823,0.6616915422885572,0.3077202224173251
4,123.0,100.0,44551.0,44610.0,-59.0,44747.0,44746.0,1.0,44976.0,45053.0,-77.0,3.216,3.24,-0.02400000000000002,0.42169,0.42169,0.0,0.9223529411764706,0.6139954853273137,0.30835745584915686
4,124.0,101.0,44976.0,45053.0,-77.0,45203.0,45195.0,8.0,45438.0,45350.0,88.0,3.648,3.592,0.05600000000000005,0.64759,0.62349,0.02410000000000001,0.9826839826839827,0.9562289562289562,0.02645502645502651
4,125.0,102.0,45438.0,45350.0,88.0,45677.0,45673.0,4.0,45892.0,46023.0,-131.0,3.792,3.824,-0.03200000000000003,0.6536200000000001,0.6536200000000001,0.0,0.947136563876652,0.9598811292719168,-0.012744565395264806
4,126.0,103.0,45892.0,46023.0,-131.0,46162.0,46156.0,6.0,46361.0,46294.0,67.0,3.88,3.864,0.016000000000000014,0.5993999999999999,0.58735,0.012049999999999894,0.8486140724946695,0.981549815498155,-0.13293574300348554
4,128.0,104.0,46484.0,46294.0,190.0,46761.0,46757.0,4.0,46952.0,46897.0,55.0,2.368,4.808,-2.44,0.50603,0.50603,0.0,0.8162393162393162,0.46434494195688225,0.351894374282434
4,130.0,105.0,47035.0,46897.0,138.0,47261.0,47255.0,6.0,47468.0,47576.0,-108.0,2.032,3.984,-1.952,0.5752999999999999,0.57831,-0.003010000000000068,0.9561200923787528,0.9455081001472754,0.010611992231477463
4,131.0,106.0,47468.0,47576.0,-108.0,47709.0,47703.0,6.0,47951.0,48024.0,-73.0,3.584,3.584,0.0,0.59338,0.59338,0.0,0.9979296066252588,0.5669642857142857,0.43096532091097306
4,132.0,107.0,47951.0,48024.0,-73.0,48168.0,48160.0,8.0,48373.0,48301.0,72.0,3.672,3.656,0.016000000000000014,0.7108399999999999,0.70482,0.006019999999999914,0.9715639810426541,0.9819494584837545,-0.01038547744110041
4,133.0,108.0,48373.0,48301.0,72.0,48685.0,48680.0,5.0,48919.0,48928.0,-9.0,4.136,4.16,-0.02400000000000002,0.61145,0.61747,-0.006019999999999914,0.8571428571428572,0.7910685805422648,0.0660742766005924
4,137.0,109.0,48946.0,48928.0,18.0,49178.0,49173.0,5.0,49382.0,49424.0,-42.0,1.864,3.944,-2.08,0.63253,0.63253,0.0,0.9357798165137614,0.9879032258064516,-0.052123409292690215
4,138.0,110.0,49382.0,49424.0,-42.0,49561.0,49557.0,4.0,49805.0,49854.0,-49.0,3.064,3.072,-0.008000000000000007,0.55121,0.55121,0.0,0.8463356973995272,0.6186046511627907,0.22773104623673646
4,139.0,111.0,49805.0,49854.0,-49.0,50019.0,50021.0,-2.0,50254.0,50316.0,-62.0,3.664,3.712,-0.04800000000000004,0.52109,0.51507,0.006020000000000025,0.953229398663697,0.722943722943723,0.23028567571997405
4,140.0,112.0,50254.0,50316.0,-62.0,50467.0,50461.0,6.0,50713.0,50775.0,-62.0,3.584,3.52,0.06400000000000006,0.52711,0.52711,0.0,0.9281045751633987,0.6318082788671024,0.2962962962962963
4,141.0,113.0,50713.0,50775.0,-62.0,50904.0,50902.0,2.0,51115.0,51043.0,72.0,3.496,3.528,-0.03200000000000003,0.50602,0.48192999999999997,0.024090000000000056,0.9502487562189055,0.9477611940298507,0.0024875621890547706
4,142.0,114.0,51115.0,51043.0,72.0,51351.0,51345.0,6.0,51568.0,51648.0,-80.0,3.576,3.544,0.03200000000000003,0.4759,0.4759,0.0,0.9580573951434879,0.9983471074380166,-0.04028971229452871
4,143.0,115.0,51568.0,51648.0,-80.0,51777.0,51780.0,-3.0,52002.0,51994.0,8.0,3.408,3.48,-0.07200000000000006,0.44880000000000003,0.43374,0.015060000000000018,0.9631336405529954,0.7630057803468209,0.20012786020617457
4,144.0,116.0,52002.0,51994.0,8.0,52293.0,52283.0,10.0,52500.0,52428.0,72.0,4.128,4.024,0.10400000000000009,0.63855,0.63855,0.0,0.8313253012048193,0.6682027649769585,0.16312253622786077
4,146.0,117.0,52583.0,52428.0,155.0,52747.0,52745.0,2.0,52960.0,52999.0,-39.0,1.472,3.696,-2.224,0.46386000000000005,0.49097,-0.027109999999999967,0.870026525198939,0.8896672504378283,-0.01964072523888938
4,147.0,118.0,52960.0,52999.0,-39.0,53255.0,53249.0,6.0,53494.0,53550.0,-56.0,4.064,4.032,0.03200000000000003,0.52409,0.52409,0.0,0.8951310861423221,0.9074410163339383,-0.012309930191616192
4,148.0,119.0,53494.0,53550.0,-56.0,53716.0,53712.0,4.0,53956.0,53967.0,-11.0,3.688,3.704,-0.016000000000000014,0.54518,0.51205,0.03312999999999999,0.961038961038961,0.7769784172661871,0.18406054377277392
4,149.0,120.0,53956.0,53967.0,-11.0,54239.0,54234.0,5.0,54451.0,54474.0,-23.0,4.184,4.176,0.008000000000000007,0.58133,0.58133,0.0,0.8565656565656565,0.9467455621301775,-0.09017990556452093
4,150.0,121.0,54451.0,54474.0,-23.0,54679.0,54681.0,-2.0,54912.0,54964.0,-52.0,3.52,3.576,-0.05600000000000005,0.43372999999999995,0.42771000000000003,0.006019999999999914,0.9891540130151844,0.8448979591836735,0.14425605383151086
4,151.0,122.0,54912.0,54964.0,-52.0,55101.0,55097.0,4.0,55345.0,55351.0,-6.0,3.376,3.328,0.04800000000000004,0.57229,0.5753,-0.003010000000000068,0.8729792147806005,0.6873385012919897,0.18564071348861078
4,152.0,123.0,55345.0,55351.0,-6.0,55625.0,55620.0,5.0,55842.0,55920.0,-78.0,4.192,4.184,0.008000000000000007,0.61747,0.6204799999999999,-0.003009999999999957,0.8732394366197183,0.945518453427065,-0.07227901680734672
4,153.0,124.0,55842.0,55920.0,-78.0,56061.0,56057.0,4.0,56286.0,56335.0,-49.0,3.488,3.496,-0.008000000000000007,0.53313,0.53313,0.0,0.9864864864864865,0.6602409638554216,0.3262455226310649
4,154.0,125.0,56286.0,56335.0,-49.0,56509.0,56502.0,7.0,56733.0,56789.0,-56.0,3.584,3.56,0.02400000000000002,0.6265000000000001,0.62349,0.003010000000000068,0.9977628635346756,0.7356828193832599,0.2620800441514157
4,155.0,126.0,56733.0,56789.0,-56.0,56955.0,56951.0,4.0,57192.0,57251.0,-59.0,3.568,3.592,-0.02400000000000002,0.48795,0.46988,0.018069999999999975,0.9673202614379085,0.7012987012987013,0.2660215601392072
4,156.0,127.0,57192.0,57251.0,-59.0,57414.0,57411.0,3.0,57682.0,57680.0,2.0,3.672,3.68,-0.008000000000000007,0.4759,0.4759,0.0,0.9061224489795918,0.745920745920746,0.16020170305884585
4,157.0,128.0,57682.0,57680.0,2.0,57957.0,57954.0,3.0,58183.0,58195.0,-12.0,4.344,4.344,0.0,0.46988,0.46988,0.0,0.9021956087824351,0.9359223300970874,-0.033726721314652264
4,160.0,129.0,58187.0,58195.0,-8.0,58471.0,58467.0,4.0,58661.0,58601.0,60.0,2.28,4.104,-1.8240000000000003,0.64157,0.62651,0.015059999999999962,0.8016877637130801,0.6600985221674878,0.14158924154559238
4,161.0,130.0,58661.0,58601.0,60.0,58917.0,58916.0,1.0,59143.0,59243.0,-100.0,3.568,3.592,-0.02400000000000002,0.53615,0.53916,-0.003009999999999957,0.9377593360995851,0.9813084112149533,-0.04354907511536821
4,162.0,131.0,59143.0,59243.0,-100.0,59383.0,59375.0,8.0,59596.0,59574.0,22.0,3.728,3.672,0.05600000000000005,0.74097,0.70784,0.03312999999999999,0.9403973509933775,0.797583081570997,0.1428142694223805
5,2.0,1.0,738.0,206.0,532.0,849.0,827.0,22.0,1025.0,1070.0,-45.0,1.232,,,0.06941,0.261,-0.19159,0.7735191637630662,0.5625,0.21101916376306618
5,5.0,3.0,1932.0,1477.0,455.0,2074.0,2092.0,-18.0,2327.0,2367.0,-40.0,1.264,6.16,-4.896,0.08113000000000001,0.27077,-0.18964,0.718987341772152,0.6179775280898876,0.10100981368226436
5,7.0,5.0,2890.0,2770.0,120.0,3369.0,3315.0,54.0,3482.0,3617.0,-135.0,7.264,5.608,1.6560000000000006,0.24829,0.24829,0.0,0.3817567567567568,0.7131050767414404,-0.3313483199846836
5,11.0,7.0,4645.0,4003.0,642.0,4757.0,4757.0,0.0,4803.0,4846.0,-43.0,1.28,7.304,-6.024,0.07233,0.26295,-0.19062,0.5822784810126582,0.2111506524317912,0.371127828580867
5,38.0,11.0,7924.0,7837.0,87.0,8349.0,8361.0,-12.0,8531.0,8672.0,-141.0,6.432,5.496,0.9359999999999999,0.26197,0.26197,0.0,0.5996705107084019,0.7449101796407185,-0.14523966893231655
5,41.0,13.0,9626.0,9087.0,539.0,9729.0,9715.0,14.0,9853.0,9952.0,-99.0,1.24,6.28,-5.04,0.08992999999999998,0.25904,-0.16911,0.9074889867841409,0.5479768786127168,0.3595121081714241
5,43.0,15.0,10510.0,10380.0,130.0,10949.0,10914.0,35.0,11060.0,11099.0,-39.0,7.2,5.544,1.6560000000000006,0.24927,0.24927,0.0,0.4036363636363637,0.5146036161335188,-0.11096725249715511
5,50.0,19.0,13857.0,13755.0,102.0,14487.0,14455.0,32.0,14679.0,14722.0,-43.0,8.32,6.856,1.4640000000000004,0.25513,0.25513,0.0,0.46715328467153283,0.5522233712512927,-0.0850700865797599
5,57.0,22.0,17065.0,16267.0,798.0,17169.0,17198.0,-29.0,17251.0,17292.0,-41.0,1.216,8.688,-7.472,0.0479,0.24829,-0.20039,0.8817204301075269,0.18341463414634152,0.6983057959611854
5,60.0,24.0,18116.0,17694.0,422.0,18293.0,18350.0,-57.0,18412.0,18454.0,-42.0,1.616,6.536,-4.92,0.14174,0.31867,-0.17693,0.8040540540540541,0.27368421052631575,0.5303698435277383
5,68.0,27.0,20794.0,20686.0,108.0,21233.0,21231.0,2.0,21427.0,21593.0,-166.0,7.088,5.632,1.4560000000000004,0.26588,0.26588,0.0,0.6129541864139021,0.7982359426681367,-0.1852817562542346
5,71.0,29.0,22086.0,21974.0,112.0,22457.0,22439.0,18.0,22568.0,22662.0,-94.0,6.192,5.144,1.048,0.24829,0.24829,0.0,0.46058091286307057,0.6482558139534884,-0.18767490109041784
5,77.0,33.0,25446.0,25012.0,434.0,25661.0,25623.0,38.0,25783.0,25839.0,-56.0,2.592,6.16,-3.568,0.12708,0.25611,-0.12903,0.7240356083086054,0.5223700120918984,0.201665596216707
5,80.0,35.0,26851.0,26240.0,611.0,26962.0,27002.0,-40.0,27198.0,27241.0,-43.0,1.288,7.36,-6.072,0.13391999999999998,0.27175,-0.13783,0.6397694524495677,0.47752247752247756,0.16224697492709017
5,84.0,37.0,28527.0,27648.0,879.0,28650.0,28649.0,1.0,28692.0,28738.0,-46.0,1.8,9.256,-7.456,0.04691999999999999,0.26393,-0.21701,0.509090909090909,0.16330275229357794,0.3457881567973311
5,86.0,39.0,29223.0,29122.0,101.0,29691.0,29660.0,31.0,29836.0,29882.0,-46.0,6.864,5.632,1.2320000000000002,0.24927,0.24927,0.0,0.4730831973898858,0.5842105263157895,-0.11112732892590371
5,90.0,41.0,30885.0,30268.0,617.0,31073.0,31103.0,-30.0,31178.0,31215.0,-37.0,2.496,8.048,-5.552,0.08504,0.26295,-0.17791,0.7167235494880546,0.23653643083421327,0.48018711865384134
5,98.0,45.0,33976.0,33626.0,350.0,34167.0,34152.0,15.0,34305.0,34350.0,-45.0,1.936,5.512,-3.5759999999999996,0.10067999999999999,0.24633,-0.14565,0.8389057750759878,0.5469613259668509,0.29194444910913697
5,100.0,47.0,34848.0,34739.0,109.0,35313.0,35297.0,16.0,35495.0,35534.0,-39.0,6.976,5.744,1.2320000000000002,0.25415,0.25415,0.0,0.562596599690881,0.5962264150943396,-0.03362981540345855
5,109.0,52.0,39962.0,39030.0,932.0,40145.0,40170.0,-25.0,40219.0,40258.0,-39.0,3.664,10.376,-6.712,0.10752,0.28641,-0.17889,0.5758754863813229,0.14332247557003253,0.4325530108112904
5,111.0,54.0,40758.0,40649.0,109.0,41205.0,41178.0,27.0,41360.0,41402.0,-42.0,6.864,5.512,1.3520000000000003,0.24927,0.24927,0.0,0.5149501661129567,0.5949535192563081,-0.08000335314335139
5,115.0,56.0,42392.0,41803.0,589.0,42513.0,42528.0,-15.0,42658.0,42683.0,-25.0,1.472,7.08,-5.6080000000000005,0.17302,0.28641,-0.11338999999999999,0.9097744360902256,0.3522727272727273,0.5575017088174983
5,118.0,58.0,43672.0,43110.0,562.0,43811.0,43784.0,27.0,43940.0,43983.0,-43.0,1.232,6.656,-5.4239999999999995,0.07233,0.26588,-0.19355,0.9626865671641791,0.45589919816723945,0.5067873689969397
5,121.0,60.0,44745.0,44368.0,377.0,44877.0,44859.0,18.0,45004.0,45072.0,-68.0,1.208,5.208,-4.0,0.09677,0.25904,-0.16227,0.9806949806949807,0.6051136363636364,0.3755813443313444
5,128.0,62.0,46591.0,45498.0,1093.0,46692.0,46675.0,17.0,46717.0,46761.0,-44.0,1.592,10.664,-9.072,0.049850000000000005,0.24829,-0.19844,0.39682539682539686,0.1361836896278702,0.26064170719752666
5,134.0,66.0,49068.0,48367.0,701.0,49266.0,49253.0,13.0,49282.0,49325.0,-43.0,3.112,8.336,-5.224,0.15151,0.29814,-0.14663,0.14953271028037385,0.1503131524008351,-0.0007804421204612444
5,144.0,69.0,51041.0,50763.0,278.0,51329.0,51297.0,32.0,51469.0,51508.0,-39.0,2.48,5.624,-3.1439999999999997,0.181819,0.24829,-0.066471,0.6542056074766356,0.5664429530201343,0.08776265445650133
5,147.0,71.0,52260.0,51910.0,350.0,52439.0,52428.0,11.0,52574.0,52850.0,-276.0,1.768,5.424,-3.6560000000000006,0.10753000000000001,0.25611,-0.14858,0.8598726114649682,0.8978723404255319,-0.037999728960563695
5,150.0,73.0,53384.0,53274.0,110.0,53838.0,53811.0,27.0,54023.0,54320.0,-297.0,7.176,5.544,1.6320000000000006,0.25024,0.25024,0.0,0.5790297339593113,0.9732313575525813,-0.39420162359326993
5,154.0,75.0,55070.0,54717.0,353.0,55209.0,55217.0,-8.0,55326.0,55484.0,-158.0,1.328,5.256,-3.928,0.14662999999999998,0.28935,-0.14272,0.9140625,0.6962190352020861,0.21784346479791394
6,1.0,1.0,199.0,233.0,-34.0,339.0,372.0,-33.0,571.0,602.0,-31.0,,,,0.904203,0.88074,0.02346300000000001,0.7526881720430108,0.7533875338753387,-0.0006993618323279938
6,2.0,2.0,571.0,602.0,-31.0,715.0,746.0,-31.0,947.0,982.0,-35.0,3.008,2.992,0.016000000000000014,0.88759,0.88759,0.0,0.7659574468085106,0.7578947368421053,0.008062709966405346
6,3.0,3.0,947.0,982.0,-35.0,1091.0,1122.0,-31.0,1323.0,1364.0,-41.0,3.008,3.008,0.0,0.88759,0.83382,0.053769999999999984,0.7659574468085106,0.7329842931937173,0.03297315361479336
6,4.0,4.0,1323.0,1364.0,-41.0,1469.0,1495.0,-26.0,1688.0,1644.0,44.0,3.024,2.984,0.040000000000000036,0.919844,0.88368,0.036163999999999974,0.8,0.9357142857142857,-0.13571428571428568
6,5.0,5.0,1688.0,1644.0,44.0,1839.0,1875.0,-36.0,2072.0,2108.0,-36.0,2.96,3.04,-0.08000000000000007,0.921799,0.921799,0.0,0.7864583333333334,0.9956896551724138,-0.20923132183908044
6,6.0,6.0,2072.0,2108.0,-36.0,2215.0,2249.0,-34.0,2447.0,2485.0,-38.0,3.008,2.992,0.016000000000000014,0.87292,0.87292,0.0,0.7626666666666666,0.7480106100795756,0.014656056587091015
6,7.0,7.0,2447.0,2485.0,-38.0,2591.0,2621.0,-30.0,2817.0,2856.0,-39.0,3.008,2.976,0.03200000000000003,0.89247,0.89247,0.0,0.7783783783783784,0.7331536388140162,0.04522473956436224
6,8.0,8.0,2817.0,2856.0,-39.0,2967.0,2997.0,-30.0,3193.0,3229.0,-36.0,3.008,3.008,0.0,0.87586,0.87586,0.0,0.7978723404255319,0.7560321715817695,0.041840168843762404
6,9.0,9.0,3193.0,3229.0,-36.0,3339.0,3370.0,-31.0,3566.0,3605.0,-39.0,2.976,2.984,-0.008000000000000007,0.87097,0.87097,0.0,0.7828418230563002,0.75,0.032841823056300234
6,10.0,10.0,3566.0,3605.0,-39.0,3719.0,3745.0,-26.0,3946.0,3987.0,-41.0,3.04,3.0,0.040000000000000036,0.8797699999999999,0.941349,-0.06157900000000005,0.8052631578947369,0.7329842931937173,0.07227886470101963
6,11.0,11.0,3946.0,3987.0,-41.0,4123.0,4115.0,8.0,4277.0,4246.0,31.0,3.232,2.96,0.27200000000000024,0.93353,0.9315749999999999,0.00195500000000004,0.9305135951661632,0.9884169884169884,-0.057903393250825275
6,12.0,12.0,4277.0,4246.0,31.0,4487.0,4490.0,-3.0,4684.0,4728.0,-44.0,2.912,3.0,-0.08800000000000008,0.65591,0.65591,0.0,0.9680589680589681,0.9875518672199171,-0.019492899160948984
6,13.0,13.0,4684.0,4728.0,-44.0,4841.0,4867.0,-26.0,5069.0,5106.0,-37.0,2.832,3.016,-0.18400000000000016,0.947214,0.947214,0.0,0.8155844155844156,0.7354497354497355,0.08013468013468017
6,14.0,14.0,5069.0,5106.0,-37.0,5209.0,5240.0,-31.0,5452.0,5483.0,-31.0,2.944,2.984,-0.040000000000000036,0.84751,0.85924,-0.011730000000000018,0.7310704960835509,0.7108753315649867,0.02019516451856418
6,15.0,15.0,5452.0,5483.0,-31.0,5593.0,5621.0,-28.0,5821.0,5856.0,-35.0,3.072,3.048,0.02400000000000002,0.87097,0.87195,-0.0009799999999999809,0.7642276422764227,0.739946380697051,0.024281261579371716
6,16.0,16.0,5821.0,5856.0,-35.0,5963.0,6003.0,-40.0,6200.0,6231.0,-31.0,2.96,3.056,-0.09600000000000009,0.87195,0.85728,0.01466999999999996,0.7493403693931399,0.784,-0.03465963060686017
6,17.0,17.0,6200.0,6231.0,-31.0,6337.0,6372.0,-35.0,6584.0,6628.0,-44.0,2.992,2.952,0.040000000000000036,0.84946,0.8543499999999999,-0.00488999999999995,0.7135416666666667,0.7103274559193955,0.00321421074727124
6,18.0,18.0,6584.0,6628.0,-44.0,6735.0,6756.0,-21.0,6944.0,6975.0,-31.0,3.184,3.072,0.1120000000000001,1.0,1.0,0.0,0.8388888888888889,0.7377521613832854,0.10113672750560354
6,19.0,19.0,6944.0,6975.0,-31.0,7099.0,7121.0,-22.0,7314.0,7357.0,-43.0,2.912,2.92,-0.008000000000000007,0.982405,0.954057,0.02834799999999993,0.8378378378378378,0.7643979057591623,0.0734399320786755
6,20.0,20.0,7314.0,7357.0,-43.0,7473.0,7475.0,-2.0,7688.0,7594.0,94.0,2.992,2.832,0.16000000000000014,1.0,1.0,0.0,0.8502673796791445,0.9957805907172996,-0.14551321103815518
6,21.0,21.0,7688.0,7594.0,94.0,7845.0,7875.0,-30.0,8070.0,8113.0,-43.0,2.976,3.2,-0.2240000000000002,0.938416,1.0,-0.06158399999999997,0.8219895287958116,0.9171483622350675,-0.09515883343925591
6,22.0,22.0,8070.0,8113.0,-43.0,8213.0,8238.0,-25.0,8436.0,8482.0,-46.0,2.944,2.904,0.040000000000000036,0.8690100000000001,0.89541,-0.02639999999999998,0.7814207650273224,0.6775067750677507,0.10391398995957168
6,23.0,23.0,8436.0,8482.0,-46.0,8595.0,8618.0,-23.0,8818.0,8854.0,-36.0,3.056,3.04,0.016000000000000014,0.89541,0.901271,-0.005861000000000005,0.8324607329842932,0.7311827956989247,0.10127793728536849
6,24.0,24.0,8818.0,8854.0,-36.0,8971.0,8989.0,-18.0,9196.0,9236.0,-40.0,3.008,2.968,0.040000000000000036,0.901271,0.89541,0.005861000000000005,0.8095238095238095,0.7068062827225131,0.10271752680129642
6,25.0,25.0,9196.0,9236.0,-40.0,9343.0,9369.0,-26.0,9570.0,9603.0,-33.0,2.976,3.04,-0.06400000000000006,0.86804,0.89247,-0.024429999999999952,0.786096256684492,0.7247956403269755,0.06130061635751649
6,26.0,26.0,9570.0,9603.0,-33.0,9715.0,9744.0,-29.0,9934.0,9959.0,-25.0,2.976,3.0,-0.02400000000000002,0.89247,0.89834,-0.005870000000000042,0.7967032967032968,0.7921348314606742,0.004568465242622555
6,27.0,27.0,9934.0,9959.0,-25.0,10069.0,10111.0,-42.0,10328.0,10362.0,-34.0,2.832,2.936,-0.10400000000000009,1.0,1.0,0.0,0.6852791878172588,0.7543424317617866,-0.06906324394452779
6,28.0,28.0,10328.0,10362.0,-34.0,10497.0,10508.0,-11.0,10700.0,10726.0,-26.0,3.424,3.176,0.24799999999999978,0.99316,0.99316,0.0,0.9086021505376344,0.8021978021978022,0.10640434833983214
6,29.0,29.0,10700.0,10726.0,-26.0,10843.0,10841.0,2.0,10982.0,10958.0,24.0,2.768,2.664,0.10399999999999965,1.0,1.0,0.0,0.9858156028368794,0.9913793103448276,-0.005563707507948212
6,30.0,30.0,10982.0,10958.0,24.0,11177.0,11227.0,-50.0,11436.0,11478.0,-42.0,2.672,3.088,-0.4159999999999999,0.98827,1.0,-0.011730000000000018,0.8590308370044053,0.9653846153846154,-0.1063537783802101
6,31.0,31.0,11436.0,11478.0,-42.0,11593.0,11615.0,-22.0,11807.0,11854.0,-47.0,3.328,3.104,0.22399999999999975,0.903226,0.9071359999999999,-0.003909999999999969,0.8463611859838275,0.7287234042553192,0.11763778172850825
6,32.0,32.0,11807.0,11854.0,-47.0,11969.0,11993.0,-24.0,12120.0,12138.0,-18.0,3.008,3.024,-0.016000000000000014,0.9071359999999999,0.912023,-0.004887000000000086,0.9648562300319489,0.9788732394366197,-0.014017009404670877
6,33.0,33.0,12120.0,12138.0,-18.0,12225.0,12255.0,-30.0,12335.0,12558.0,-223.0,2.048,2.096,-0.04800000000000004,1.0,1.0,0.0,0.9767441860465116,0.5571428571428572,0.4196013289036544
6,35.0,34.0,12570.0,12558.0,12.0,12731.0,12744.0,-13.0,12950.0,12902.0,48.0,2.992,3.912,-0.9199999999999999,0.969697,0.969697,0.0,0.8473684210526315,0.9186046511627907,-0.07123623011015912
6,36.0,35.0,12950.0,12902.0,48.0,13093.0,13121.0,-28.0,13322.0,13350.0,-28.0,2.896,3.016,-0.1200000000000001,0.948192,0.953079,-0.004886999999999975,0.7688172043010753,0.9776785714285714,-0.20886136712749614
6,37.0,36.0,13322.0,13350.0,-28.0,13467.0,13496.0,-29.0,13697.0,13736.0,-39.0,2.992,3.0,-0.008000000000000007,0.953079,0.8944300000000001,0.05864899999999995,0.7733333333333333,0.7564766839378239,0.01685664939550946
6,38.0,37.0,13697.0,13736.0,-39.0,13843.0,13871.0,-28.0,14066.0,14104.0,-38.0,3.008,3.0,0.008000000000000007,0.922776,0.922776,0.0,0.7913279132791328,0.7336956521739131,0.057632261105219684
6,39.0,38.0,14066.0,14104.0,-38.0,14213.0,14246.0,-33.0,14443.0,14481.0,-38.0,2.96,3.0,-0.040000000000000036,0.916911,0.8797699999999999,0.03714100000000009,0.7798408488063661,0.753315649867374,0.02652519893899208
6,40.0,39.0,14443.0,14481.0,-38.0,14587.0,14620.0,-33.0,14817.0,14853.0,-36.0,2.992,2.992,0.0,0.8915,0.8915,0.0,0.7700534759358288,0.7473118279569892,0.022741647978839596
6,41.0,40.0,14817.0,14853.0,-36.0,14965.0,14994.0,-29.0,15191.0,15228.0,-37.0,3.024,2.992,0.03200000000000003,0.88368,0.88368,0.0,0.7914438502673797,0.752,0.03944385026737973
6,42.0,41.0,15191.0,15228.0,-37.0,15343.0,15368.0,-25.0,15566.0,15605.0,-39.0,3.024,2.992,0.03200000000000003,0.8690100000000001,0.8690100000000001,0.0,0.8106666666666666,0.7427055702917772,0.06796109637488945
6,43.0,42.0,15566.0,15605.0,-39.0,15719.0,15743.0,-24.0,15938.0,15979.0,-41.0,3.008,3.0,0.008000000000000007,0.88368,0.88368,0.0,0.8225806451612903,0.7379679144385027,0.08461273072278752
6,44.0,43.0,15938.0,15979.0,-41.0,16091.0,16117.0,-26.0,16312.0,16355.0,-43.0,2.976,2.992,-0.016000000000000014,0.89638,0.89638,0.0,0.8181818181818181,0.7340425531914894,0.08413926499032875
6,45.0,44.0,16312.0,16355.0,-43.0,16469.0,16491.0,-22.0,16686.0,16730.0,-44.0,3.024,2.992,0.03200000000000003,0.89247,0.9022479999999999,-0.009777999999999953,0.839572192513369,0.7253333333333334,0.11423885918003562
6,46.0,45.0,16686.0,16730.0,-44.0,16844.0,16863.0,-19.0,17056.0,17099.0,-43.0,3.0,2.976,0.02400000000000002,0.905181,0.917889,-0.012707999999999942,0.854054054054054,0.7208672086720866,0.13318684538196734
6,47.0,46.0,17056.0,17099.0,-43.0,17213.0,17244.0,-31.0,17442.0,17471.0,-29.0,2.952,3.048,-0.09600000000000009,0.917889,0.903226,0.014662999999999982,0.8134715025906736,0.7795698924731183,0.033901610117555325
6,48.0,47.0,17442.0,17471.0,-29.0,17587.0,17618.0,-31.0,17815.0,17849.0,-34.0,2.992,2.992,0.0,0.951124,0.9931574,-0.0420334,0.7774798927613941,0.7777777777777778,-0.00029788501638372544
6,49.0,48.0,17815.0,17849.0,-34.0,17955.0,17992.0,-37.0,18192.0,18228.0,-36.0,2.944,2.992,-0.04800000000000004,0.9931574,0.986315,0.006842399999999915,0.7427055702917772,0.7546174142480211,-0.011911843956243895
6,50.0,49.0,18192.0,18228.0,-36.0,18337.0,18367.0,-30.0,18547.0,18511.0,36.0,3.056,3.0,0.05600000000000005,0.911046,0.87781,0.03323600000000004,0.8169014084507042,0.9823321554770318,-0.16543074702632754
6,51.0,50.0,18547.0,18511.0,36.0,18715.0,18741.0,-26.0,18920.0,18879.0,41.0,3.024,2.992,0.03200000000000003,0.89345,0.911046,-0.017596000000000056,0.900804289544236,0.75,0.15080428954423597
6,52.0,51.0,18920.0,18879.0,41.0,19107.0,19120.0,-13.0,19301.0,19352.0,-51.0,3.136,3.032,0.10400000000000009,0.88954,0.89345,-0.003909999999999969,0.9816272965879265,0.9809725158562368,0.0006547807316896748
6,53.0,52.0,19301.0,19352.0,-51.0,19467.0,19489.0,-22.0,19692.0,19725.0,-33.0,2.88,2.952,-0.07200000000000006,0.89736,0.925709,-0.028348999999999958,0.8491048593350383,0.7345844504021448,0.1145204089328935
6,54.0,53.0,19692.0,19725.0,-33.0,19841.0,19864.0,-23.0,20065.0,20100.0,-35.0,2.992,3.0,-0.008000000000000007,0.925709,0.930596,-0.004886999999999975,0.7989276139410187,0.7413333333333334,0.057594280607685344
6,55.0,54.0,20065.0,20100.0,-35.0,20215.0,20242.0,-27.0,20439.0,20476.0,-37.0,2.992,3.024,-0.03200000000000003,0.930596,0.918866,0.011730000000000018,0.8021390374331551,0.7553191489361702,0.04681988849698482
6,56.0,55.0,20439.0,20476.0,-37.0,20587.0,20619.0,-32.0,20814.0,20853.0,-39.0,2.976,3.016,-0.040000000000000036,0.918866,0.89052,0.028345999999999982,0.7893333333333333,0.7586206896551724,0.030712643678160956
6,57.0,56.0,20814.0,20853.0,-39.0,20957.0,20993.0,-36.0,21189.0,21227.0,-38.0,2.96,2.992,-0.03200000000000003,0.89247,0.89247,0.0,0.7626666666666666,0.7486631016042781,0.014003565062388534
6,58.0,57.0,21189.0,21227.0,-38.0,21335.0,21366.0,-31.0,21562.0,21601.0,-39.0,3.024,2.984,0.040000000000000036,0.88856,0.88856,0.0,0.7828418230563002,0.7433155080213903,0.03952631503490989
6,59.0,58.0,21562.0,21601.0,-39.0,21713.0,21740.0,-27.0,21933.0,21973.0,-40.0,3.024,2.992,0.03200000000000003,0.87683,0.87683,0.0,0.8140161725067385,0.7473118279569892,0.06670434454974927
6,60.0,59.0,21933.0,21973.0,-40.0,22087.0,22113.0,-26.0,22308.0,22352.0,-44.0,2.992,2.984,0.008000000000000007,0.89541,0.89541,0.0,0.8213333333333334,0.7387862796833773,0.08254705364995607
6,61.0,60.0,22308.0,22352.0,-44.0,22475.0,22492.0,-17.0,22681.0,22729.0,-48.0,3.104,3.032,0.07200000000000006,0.89834,0.931574,-0.033233999999999986,0.8954423592493298,0.7427055702917772,0.1527367889575526
6,62.0,61.0,22681.0,22729.0,-48.0,22841.0,22863.0,-22.0,23057.0,23098.0,-41.0,2.928,2.968,-0.040000000000000036,0.931574,0.930596,0.0009780000000000344,0.851063829787234,0.7262872628726287,0.12477656691460537
6,63.0,62.0,23057.0,23098.0,-41.0,23215.0,23238.0,-23.0,23440.0,23473.0,-33.0,2.992,3.0,-0.008000000000000007,0.918866,0.916911,0.001954999999999929,0.825065274151436,0.7466666666666666,0.07839860748476946
6,64.0,63.0,23440.0,23473.0,-33.0,23591.0,23614.0,-23.0,23814.0,23849.0,-35.0,3.008,3.008,0.0,0.916911,0.904203,0.012708000000000053,0.8074866310160428,0.75,0.05748663101604279
6,65.0,64.0,23814.0,23849.0,-35.0,23962.0,23990.0,-28.0,24189.0,24223.0,-34.0,2.968,3.008,-0.040000000000000036,0.922776,0.922776,0.0,0.7893333333333333,0.7540106951871658,0.03532263814616754
6,66.0,65.0,24189.0,24223.0,-34.0,24337.0,24369.0,-32.0,24565.0,24602.0,-37.0,3.0,3.032,-0.03200000000000003,0.922776,0.915934,0.006842000000000015,0.7872340425531915,0.7704485488126649,0.016785493740526625
6,67.0,66.0,24565.0,24602.0,-37.0,24709.0,24737.0,-28.0,24935.0,24977.0,-42.0,2.976,2.944,0.03200000000000003,0.913001,0.9071359999999999,0.005865000000000009,0.7783783783783784,0.72,0.05837837837837845
6,68.0,67.0,24935.0,24977.0,-42.0,25083.0,25117.0,-34.0,25313.0,25350.0,-37.0,2.992,3.04,-0.04800000000000004,0.901271,0.8944300000000001,0.006840999999999986,0.783068783068783,0.7506702412868633,0.0323985417819197
6,69.0,68.0,25313.0,25350.0,-37.0,25461.0,25490.0,-29.0,25684.0,25722.0,-38.0,3.024,2.984,0.040000000000000036,0.89052,0.89052,0.0,0.7978436657681941,0.7526881720430108,0.04515549372518335
6,70.0,69.0,25684.0,25722.0,-38.0,25833.0,25862.0,-29.0,26059.0,26101.0,-42.0,2.976,2.976,0.0,0.8797699999999999,0.8797699999999999,0.0,0.7946666666666666,0.7387862796833773,0.05588038698328934
6,71.0,70.0,26059.0,26101.0,-42.0,26215.0,26240.0,-25.0,26430.0,26468.0,-38.0,3.056,3.024,0.03200000000000003,0.89052,0.89052,0.0,0.8409703504043127,0.7574931880108992,0.08347716239341352
6,72.0,71.0,26430.0,26468.0,-38.0,26581.0,26607.0,-26.0,26800.0,26848.0,-48.0,2.928,2.936,-0.008000000000000007,0.917889,0.917889,0.0,0.8162162162162162,0.7315789473684211,0.0846372688477951
6,73.0,72.0,26800.0,26848.0,-48.0,26965.0,26987.0,-22.0,27188.0,27222.0,-34.0,3.072,3.04,0.03200000000000003,0.908113,0.915934,-0.007821000000000078,0.8505154639175257,0.7433155080213903,0.1071999558961354
6,74.0,73.0,27188.0,27222.0,-34.0,27341.0,27363.0,-22.0,27566.0,27597.0,-31.0,3.008,3.008,0.0,0.973607,0.989247,-0.015639999999999987,0.8095238095238095,0.752,0.05752380952380953
6,75.0,74.0,27566.0,27597.0,-31.0,27721.0,27739.0,-18.0,27944.0,27983.0,-39.0,3.04,3.008,0.03200000000000003,0.989247,0.964809,0.02443799999999996,0.8201058201058201,0.7357512953367875,0.0843545247690326
6,76.0,75.0,27944.0,27983.0,-39.0,28091.0,28121.0,-30.0,28311.0,28285.0,26.0,2.96,3.056,-0.09600000000000009,1.0,1.0,0.0,0.8010899182561309,0.9139072847682119,-0.11281736651208107
6,77.0,76.0,28311.0,28285.0,26.0,28453.0,28490.0,-37.0,28691.0,28733.0,-42.0,2.896,2.952,-0.05600000000000005,1.0,1.0,0.0,0.7473684210526316,0.9151785714285714,-0.16781015037593983
6,78.0,77.0,28691.0,28733.0,-42.0,28833.0,28873.0,-40.0,29072.0,29104.0,-32.0,3.04,3.064,-0.02400000000000002,0.8416399999999999,0.8416399999999999,0.0,0.7454068241469816,0.7547169811320755,-0.009310156985093965
6,79.0,78.0,29072.0,29104.0,-32.0,29207.0,29243.0,-36.0,29439.0,29475.0,-36.0,2.992,2.96,0.03200000000000003,0.8739,0.8739,0.0,0.7356948228882834,0.7493261455525606,-0.013631322664277246
6,80.0,79.0,29439.0,29475.0,-36.0,29583.0,29616.0,-33.0,29814.0,29854.0,-40.0,3.008,2.984,0.02400000000000002,0.86119,0.86119,0.0,0.768,0.7440633245382586,0.023936675461741386
6,81.0,80.0,29814.0,29854.0,-40.0,29970.0,29990.0,-20.0,30187.0,30219.0,-32.0,3.096,2.992,0.10400000000000009,1.0,1.0,0.0,0.8364611260053619,0.7452054794520548,0.09125564655330709
6,82.0,81.0,30187.0,30219.0,-32.0,30329.0,30364.0,-35.0,30570.0,30605.0,-35.0,2.872,2.992,-0.1200000000000001,1.0,1.0,0.0,0.7415143603133159,0.7512953367875648,-0.009780976474248915
6,83.0,82.0,30570.0,30605.0,-35.0,30713.0,30738.0,-25.0,30941.0,30979.0,-38.0,3.072,2.992,0.08000000000000007,0.85728,0.88954,-0.032259999999999955,0.77088948787062,0.7112299465240641,0.05965954134655582
6,84.0,83.0,30941.0,30979.0,-38.0,31105.0,31120.0,-15.0,31296.0,31250.0,46.0,3.136,3.056,0.08000000000000007,0.97654,0.975562,0.0009779999999999234,0.923943661971831,0.959409594095941,-0.03546593212410998
6,85.0,84.0,31296.0,31250.0,46.0,31467.0,31510.0,-43.0,31700.0,31716.0,-16.0,2.896,3.12,-0.2240000000000002,0.89932,0.97654,-0.07721999999999996,0.8465346534653465,0.8841201716738197,-0.03758551820847322
6,86.0,85.0,31700.0,31716.0,-16.0,31825.0,31854.0,-29.0,32059.0,32001.0,58.0,2.864,2.752,0.1120000000000001,0.945259,0.945259,0.0,0.6963788300835654,0.968421052631579,-0.2720422225480136
6,87.0,86.0,32059.0,32001.0,58.0,32215.0,32242.0,-27.0,32441.0,32477.0,-36.0,3.12,3.104,0.016000000000000014,0.922776,0.942326,-0.019549999999999956,0.8167539267015707,0.9873949579831933,-0.17064103128162267
6,88.0,87.0,32441.0,32477.0,-36.0,32589.0,32618.0,-29.0,32816.0,32848.0,-32.0,2.992,3.008,-0.016000000000000014,0.905181,0.906158,-0.0009770000000000056,0.7893333333333333,0.7601078167115903,0.029225516621742997
6,89.0,88.0,32816.0,32848.0,-32.0,32963.0,32998.0,-35.0,33201.0,33228.0,-27.0,2.992,3.04,-0.04800000000000004,0.967742,0.967742,0.0,0.7636363636363637,0.7894736842105263,-0.02583732057416266
6,90.0,89.0,33201.0,33228.0,-27.0,33337.0,33373.0,-36.0,33575.0,33616.0,-41.0,2.992,3.0,-0.008000000000000007,0.957967,0.900293,0.057674,0.7272727272727273,0.7474226804123711,-0.02014995313964385
6,91.0,90.0,33575.0,33616.0,-41.0,33711.0,33741.0,-30.0,33938.0,33982.0,-44.0,2.992,2.944,0.04800000000000004,0.913001,0.913001,0.0,0.7493112947658402,0.6830601092896175,0.06625118547622277
6,92.0,91.0,33938.0,33982.0,-44.0,34123.0,34129.0,-6.0,34313.0,34349.0,-36.0,3.296,3.104,0.19199999999999973,0.848486,0.8250299999999999,0.023456000000000032,0.9866666666666667,0.8010899182561309,0.18557674841053584
6,93.0,92.0,34313.0,34349.0,-36.0,34457.0,34491.0,-34.0,34688.0,34724.0,-36.0,2.672,2.896,-0.22399999999999975,0.8670599999999999,0.85337,0.01368999999999998,0.768,0.7573333333333333,0.010666666666666713
6,94.0,93.0,34688.0,34724.0,-36.0,34833.0,34866.0,-33.0,35063.0,35099.0,-36.0,3.008,3.0,0.008000000000000007,0.89834,0.89834,0.0,0.7733333333333333,0.7573333333333333,0.016000000000000014
6,95.0,94.0,35063.0,35099.0,-36.0,35215.0,35242.0,-27.0,35447.0,35434.0,13.0,3.056,3.008,0.04800000000000004,1.0,1.0,0.0,0.7916666666666666,0.853731343283582,-0.06206467661691539
6,96.0,95.0,35447.0,35434.0,13.0,35565.0,35606.0,-41.0,35800.0,35848.0,-48.0,2.8,2.912,-0.1120000000000001,0.47898,0.47898,0.0,0.6685552407932012,0.8309178743961353,-0.16236263360293413
6,97.0,96.0,35800.0,35848.0,-48.0,35961.0,35993.0,-32.0,36192.0,36230.0,-38.0,3.168,3.096,0.07200000000000006,0.906158,0.906158,0.0,0.8214285714285714,0.7591623036649214,0.06226626776364996
6,98.0,97.0,36192.0,36230.0,-38.0,36337.0,36365.0,-28.0,36565.0,36604.0,-39.0,3.008,2.976,0.03200000000000003,0.79863,0.8260000000000001,-0.027370000000000116,0.7774798927613941,0.7219251336898396,0.055554759071554494
6,99.0,98.0,36565.0,36604.0,-39.0,36717.0,36738.0,-21.0,36934.0,36974.0,-40.0,3.04,2.984,0.05600000000000005,0.86119,0.904203,-0.04301299999999997,0.8238482384823849,0.7243243243243243,0.09952391415806061
6,100.0,99.0,36934.0,36974.0,-40.0,37091.0,37114.0,-23.0,37316.0,37341.0,-25.0,2.992,3.008,-0.016000000000000014,0.904203,0.945259,-0.04105599999999998,0.8219895287958116,0.7629427792915531,0.05904674950425848
6,101.0,100.0,37316.0,37341.0,-25.0,37465.0,37487.0,-22.0,37690.0,37721.0,-31.0,2.992,2.984,0.008000000000000007,0.945259,0.940371,0.0048880000000000035,0.7967914438502673,0.7684210526315789,0.02837039121868845
6,102.0,101.0,37690.0,37721.0,-31.0,37839.0,37864.0,-25.0,38067.0,38098.0,-31.0,2.992,3.016,-0.02400000000000002,0.8915,0.901271,-0.009771000000000085,0.7904509283819628,0.7586206896551724,0.03183023872679047
6,103.0,102.0,38067.0,38098.0,-31.0,38215.0,38242.0,-27.0,38442.0,38474.0,-32.0,3.008,3.024,-0.016000000000000014,0.901271,0.9071359999999999,-0.005864999999999898,0.7893333333333333,0.7659574468085106,0.023375886524822698
6,104.0,103.0,38442.0,38474.0,-32.0,38587.0,38615.0,-28.0,38816.0,38846.0,-30.0,2.976,2.984,-0.008000000000000007,0.920821,0.920821,0.0,0.7754010695187166,0.7580645161290323,0.017336553389684317
6,105.0,104.0,38816.0,38846.0,-30.0,38959.0,38994.0,-35.0,39189.0,39222.0,-33.0,2.976,3.032,-0.05600000000000005,0.918866,0.8827,0.03616599999999992,0.7667560321715818,0.7872340425531915,-0.02047801038160968
6,106.0,105.0,39189.0,39222.0,-33.0,39363.0,39356.0,7.0,39525.0,39478.0,47.0,3.232,2.896,0.3360000000000003,0.68035,0.6696,0.010750000000000037,0.9642857142857143,0.953125,0.011160714285714302
6,107.0,106.0,39525.0,39478.0,47.0,39707.0,39740.0,-33.0,39934.0,39974.0,-40.0,2.752,3.072,-0.3200000000000003,0.87292,0.87292,0.0,0.8899755501222494,0.9435483870967742,-0.05357283697452486
6,108.0,107.0,39934.0,39974.0,-40.0,40087.0,40114.0,-27.0,40309.0,40347.0,-38.0,3.04,2.992,0.04800000000000004,0.8670599999999999,0.8670599999999999,0.0,0.8160000000000001,0.7506702412868633,0.06532975871313673
6,109.0,108.0,40309.0,40347.0,-38.0,40463.0,40488.0,-25.0,40681.0,40725.0,-44.0,3.008,2.992,0.016000000000000014,0.8817200000000001,0.8817200000000001,0.0,0.8279569892473118,0.746031746031746,0.08192524321556571
6,110.0,109.0,40681.0,40725.0,-44.0,40839.0,40862.0,-23.0,41060.0,41099.0,-39.0,3.008,2.992,0.016000000000000014,0.88759,0.915934,-0.028344000000000036,0.8337730870712401,0.732620320855615,0.10115276621562508
6,111.0,110.0,41060.0,41099.0,-39.0,41217.0,41238.0,-21.0,41438.0,41472.0,-34.0,3.024,3.008,0.016000000000000014,0.915934,0.914956,0.0009780000000000344,0.8306878306878307,0.7453083109919572,0.08537951969587354
6,112.0,111.0,41438.0,41472.0,-34.0,41591.0,41612.0,-21.0,41817.0,41858.0,-41.0,2.992,2.992,0.0,0.913978,0.9022479999999999,0.011730000000000018,0.8073878627968338,0.7253886010362695,0.08199926176056438
6,113.0,112.0,41817.0,41858.0,-41.0,41967.0,41988.0,-21.0,42145.0,42153.0,-8.0,3.008,3.008,0.0,0.89638,0.8739,0.022479999999999944,0.9146341463414634,0.8813559322033898,0.033278214138073636
6,114.0,113.0,42145.0,42153.0,-8.0,42341.0,42350.0,-9.0,42589.0,42497.0,92.0,2.992,2.896,0.09600000000000009,0.912023,0.912023,0.0,0.8828828828828829,0.8546511627906976,0.02823172009218522
6,115.0,114.0,42589.0,42497.0,92.0,42737.0,42750.0,-13.0,42940.0,42958.0,-18.0,3.168,3.2,-0.03200000000000003,0.84164,0.84164,0.0,0.8433048433048433,0.9023861171366594,-0.05908127383181605
6,116.0,115.0,42940.0,42958.0,-18.0,43085.0,43119.0,-34.0,43316.0,43336.0,-20.0,2.784,2.952,-0.16800000000000015,1.0,1.0,0.0,0.7712765957446809,0.8518518518518519,-0.08057525610717098
6,117.0,116.0,43316.0,43336.0,-20.0,43459.0,43495.0,-36.0,43699.0,43724.0,-25.0,2.992,3.008,-0.016000000000000014,1.0,0.981427,0.01857299999999995,0.7467362924281984,0.8195876288659794,-0.07285133643778097
6,118.0,117.0,43699.0,43724.0,-25.0,43831.0,43866.0,-35.0,44061.0,44098.0,-37.0,2.976,2.968,0.008000000000000007,0.89345,0.84946,0.043989999999999974,0.7292817679558011,0.7593582887700535,-0.030076520814252383
6,119.0,118.0,44061.0,44098.0,-37.0,44193.0,44233.0,-40.0,44499.0,44532.0,-33.0,2.896,2.936,-0.040000000000000036,0.913001,1.0,-0.08699900000000005,0.6027397260273972,0.6221198156682028,-0.01938008964080562
6,120.0,119.0,44499.0,44532.0,-33.0,44615.0,44619.0,-4.0,44735.0,44726.0,9.0,3.376,3.088,0.2879999999999998,0.39003,0.39003,0.0,0.9830508474576272,0.8969072164948454,0.08614363096278177
6,121.0,120.0,44735.0,44726.0,9.0,44933.0,44980.0,-47.0,45194.0,45236.0,-42.0,2.544,2.888,-0.34399999999999986,1.0,1.0,0.0,0.8627450980392157,0.996078431372549,-0.1333333333333333
6,122.0,121.0,45194.0,45236.0,-42.0,45335.0,45364.0,-29.0,45567.0,45605.0,-38.0,3.216,3.072,0.14400000000000013,0.78006,0.83773,-0.05767,0.7560321715817695,0.6937669376693767,0.0622652339123928
6,123.0,122.0,45567.0,45605.0,-38.0,45715.0,45740.0,-25.0,45932.0,45923.0,9.0,3.04,3.008,0.03200000000000003,1.0,1.0,0.0,0.810958904109589,0.8490566037735849,-0.0380976996639959
6,124.0,123.0,45932.0,45923.0,9.0,46087.0,46114.0,-27.0,46311.0,46352.0,-41.0,2.976,2.992,-0.016000000000000014,0.964809,1.0,-0.03519099999999997,0.8179419525065963,0.8904428904428905,-0.0725009379362942
6,125.0,124.0,46311.0,46352.0,-41.0,46467.0,46476.0,-9.0,46622.0,46587.0,35.0,3.04,2.896,0.14400000000000013,1.0,1.0,0.0,0.9967845659163987,0.9446808510638298,0.05210371485256893
6,126.0,125.0,46622.0,46587.0,35.0,46821.0,46853.0,-32.0,47061.0,47096.0,-35.0,2.832,3.016,-0.18400000000000016,0.87195,1.0,-0.12805,0.9066059225512528,0.9548133595284872,-0.0482074369772344
6,127.0,126.0,47061.0,47096.0,-35.0,47217.0,47238.0,-21.0,47441.0,47473.0,-32.0,3.168,3.08,0.08800000000000008,0.86999,0.87879,-0.008799999999999919,0.8210526315789474,0.753315649867374,0.06773698171157339
6,128.0,127.0,47441.0,47473.0,-32.0,47591.0,47609.0,-18.0,47769.0,47781.0,-12.0,2.992,2.968,0.02400000000000002,0.948192,0.955034,-0.006842000000000015,0.9146341463414634,0.8831168831168831,0.03151726322458037
6,129.0,128.0,47769.0,47781.0,-12.0,47947.0,47977.0,-30.0,48177.0,48134.0,43.0,2.848,2.944,-0.09600000000000009,1.0,1.0,0.0,0.8725490196078431,0.8895184135977338,-0.016969393989890613
6,130.0,129.0,48177.0,48134.0,43.0,48339.0,48365.0,-26.0,48567.0,48537.0,30.0,3.136,3.104,0.03200000000000003,0.950147,0.9599219999999999,-0.009774999999999978,0.8307692307692307,0.8535980148883375,-0.022828784119106826
6,131.0,130.0,48567.0,48537.0,30.0,48711.0,48743.0,-32.0,48944.0,48960.0,-16.0,2.976,3.024,-0.04800000000000004,0.935484,0.935484,0.0,0.7639257294429709,0.9739952718676123,-0.21006954242464138
6,132.0,131.0,48944.0,48960.0,-16.0,49089.0,49120.0,-31.0,49315.0,49347.0,-32.0,3.024,3.016,0.008000000000000007,0.926686,0.901271,0.025414999999999965,0.7816711590296496,0.82687338501292,-0.045202225983270394
6,133.0,132.0,49315.0,49347.0,-32.0,49461.0,49492.0,-31.0,49702.0,49738.0,-36.0,2.976,2.976,0.0,0.900293,0.900293,0.0,0.7545219638242894,0.7416879795396419,0.012833984284647437
6,134.0,133.0,49702.0,49738.0,-36.0,49860.0,49865.0,-5.0,50048.0,50100.0,-52.0,3.192,2.984,0.20800000000000018,0.8436,0.8436,0.0,0.9132947976878613,0.7016574585635359,0.21163733912432536
6,135.0,134.0,50048.0,50100.0,-52.0,50205.0,50239.0,-34.0,50397.0,50386.0,11.0,2.76,2.992,-0.2320000000000002,1.0,0.9921799,0.007820099999999996,0.8997134670487106,0.972027972027972,-0.0723145049792614
6,136.0,135.0,50397.0,50386.0,11.0,50563.0,50606.0,-43.0,50813.0,50851.0,-38.0,2.864,2.936,-0.07200000000000006,1.0,1.0,0.0,0.7980769230769231,0.946236559139785,-0.14815963606286187
6,137.0,136.0,50813.0,50851.0,-38.0,50965.0,50990.0,-25.0,51187.0,51227.0,-40.0,3.216,3.072,0.14400000000000013,0.85533,0.85533,0.0,0.8128342245989305,0.7393617021276595,0.073472522471271
6,138.0,137.0,51187.0,51227.0,-40.0,51341.0,51363.0,-22.0,51552.0,51596.0,-44.0,3.008,2.984,0.02400000000000002,0.8827,0.8827,0.0,0.8438356164383561,0.7371273712737128,0.10670824516464339
6,139.0,138.0,51552.0,51596.0,-44.0,51713.0,51738.0,-25.0,51935.0,51980.0,-45.0,2.976,3.0,-0.02400000000000002,0.86999,0.86999,0.0,0.8407310704960835,0.7395833333333333,0.10114773716275027
6,140.0,139.0,51935.0,51980.0,-45.0,52091.0,52112.0,-21.0,52310.0,52348.0,-38.0,3.024,2.992,0.03200000000000003,0.84751,0.89247,-0.04496,0.832,0.7173913043478262,0.1146086956521738
6,141.0,140.0,52310.0,52348.0,-38.0,52473.0,52474.0,-1.0,52687.0,52726.0,-39.0,3.056,2.896,0.16000000000000014,0.89247,0.8915,0.0009700000000000264,0.8647214854111406,0.6666666666666667,0.19805481874447384
6,142.0,141.0,52687.0,52726.0,-39.0,52841.0,52863.0,-22.0,53067.0,53099.0,-32.0,2.944,3.112,-0.16800000000000015,0.87683,0.903226,-0.026395999999999975,0.8105263157894737,0.7345844504021448,0.07594186538732883
6,143.0,142.0,53067.0,53099.0,-32.0,53211.0,53233.0,-22.0,53429.0,53443.0,-14.0,2.96,2.96,0.0,1.0,1.0,0.0,0.7955801104972375,0.7790697674418605,0.01651034305537702
6,144.0,143.0,53429.0,53443.0,-14.0,53589.0,53617.0,-28.0,53819.0,53854.0,-35.0,3.024,3.072,-0.04800000000000004,1.0,1.0,0.0,0.8205128205128205,0.8467153284671532,-0.026202507954332765
6,145.0,144.0,53819.0,53854.0,-35.0,53959.0,53991.0,-32.0,54190.0,54226.0,-36.0,2.96,2.992,-0.03200000000000003,0.87097,0.87097,0.0,0.7547169811320755,0.7365591397849462,0.018157841347129278
6,146.0,145.0,54190.0,54226.0,-36.0,54335.0,54366.0,-31.0,54563.0,54600.0,-37.0,3.008,3.0,0.008000000000000007,0.89345,0.89345,0.0,0.7774798927613941,0.7486631016042781,0.028816791157115995
6,147.0,146.0,54563.0,54600.0,-37.0,54705.0,54741.0,-36.0,54941.0,54979.0,-38.0,2.96,3.0,-0.040000000000000036,0.88856,0.88074,0.00782000000000005,0.7513227513227514,0.7440633245382586,0.007259426784492762
6,148.0,147.0,54941.0,54979.0,-38.0,55087.0,55115.0,-28.0,55312.0,55349.0,-37.0,3.056,2.992,0.06400000000000006,0.87683,0.87683,0.0,0.7870619946091644,0.7351351351351352,0.0519268594740292
6,149.0,148.0,55312.0,55349.0,-37.0,55467.0,55489.0,-22.0,55683.0,55720.0,-37.0,3.04,2.992,0.04800000000000004,0.8641300000000001,0.8641300000000001,0.0,0.8355795148247979,0.7547169811320755,0.08086253369272234
6,150.0,149.0,55683.0,55720.0,-37.0,55845.0,55865.0,-20.0,56060.0,56100.0,-40.0,3.024,3.008,0.016000000000000014,0.81036,0.8123199999999999,-0.0019599999999999618,0.8594164456233422,0.7631578947368421,0.09625855088650004
6,151.0,150.0,56060.0,56100.0,-40.0,56213.0,56238.0,-25.0,56437.0,56476.0,-39.0,2.944,2.984,-0.040000000000000036,0.83773,0.85924,-0.02151000000000003,0.8116710875331565,0.7340425531914894,0.07762853434166717
6,152.0,151.0,56437.0,56476.0,-39.0,56591.0,56613.0,-22.0,56806.0,56847.0,-41.0,3.024,3.0,0.02400000000000002,0.86608,0.87488,-0.00880000000000003,0.8346883468834688,0.738544474393531,0.09614387248993783
6,153.0,152.0,56806.0,56847.0,-41.0,56967.0,56985.0,-18.0,57168.0,57141.0,27.0,3.008,2.976,0.03200000000000003,0.945259,0.945259,0.0,0.8895027624309393,0.9387755102040817,-0.04927274777314239
6,154.0,153.0,57168.0,57141.0,27.0,57347.0,57366.0,-19.0,57568.0,57598.0,-30.0,3.04,3.048,-0.008000000000000007,0.948192,0.948192,0.0,0.895,0.9846827133479212,-0.08968271334792122
6,155.0,154.0,57568.0,57598.0,-30.0,57713.0,57737.0,-24.0,57931.0,57885.0,46.0,2.928,2.968,-0.040000000000000036,0.919844,0.919844,0.0,0.7988980716253443,0.9686411149825784,-0.1697430433572341
6,156.0,155.0,57931.0,57885.0,46.0,58077.0,58110.0,-33.0,58310.0,58347.0,-37.0,2.912,2.984,-0.07200000000000006,0.87683,0.89932,-0.02249000000000001,0.7704485488126649,0.974025974025974,-0.20357742521330913
6,157.0,156.0,58310.0,58347.0,-37.0,58457.0,58490.0,-33.0,58687.0,58724.0,-37.0,3.04,3.04,0.0,0.87586,0.86217,0.01368999999999998,0.7798408488063661,0.7586206896551724,0.021220159151193685
6,158.0,157.0,58687.0,58724.0,-37.0,58829.0,58865.0,-36.0,59061.0,59096.0,-35.0,2.976,3.0,-0.02400000000000002,0.8817200000000001,0.8817200000000001,0.0,0.7593582887700535,0.7580645161290323,0.0012937726410212624
6,159.0,158.0,59061.0,59096.0,-35.0,59205.0,59236.0,-31.0,59434.0,59472.0,-38.0,3.008,2.968,0.040000000000000036,0.88563,0.88563,0.0,0.7721179624664879,0.7446808510638299,0.027437111402658032
6,160.0,159.0,59434.0,59472.0,-38.0,59589.0,59613.0,-24.0,59808.0,59839.0,-31.0,3.072,3.016,0.05600000000000005,0.88368,0.88368,0.0,0.8288770053475936,0.7683923705722071,0.06048463477538646
7,2.0,1.0,369.0,324.0,45.0,536.0,570.0,-34.0,754.0,707.0,47.0,3.152,3.088,0.06400000000000006,1.0,1.0,0.0,0.8675324675324676,0.7154046997389034,0.15212776779356418
7,3.0,2.0,754.0,707.0,47.0,894.0,931.0,-37.0,1114.0,1069.0,45.0,2.864,2.888,-0.02400000000000002,0.987292,0.98827,-0.0009780000000000344,0.7777777777777778,0.7624309392265194,0.015346838551258402
7,4.0,3.0,1114.0,1069.0,45.0,1270.0,1305.0,-35.0,1487.0,1445.0,42.0,3.008,2.992,0.016000000000000014,1.0,1.0,0.0,0.8364611260053619,0.7446808510638299,0.09178027494153207
7,5.0,4.0,1487.0,1445.0,42.0,1642.0,1680.0,-38.0,1860.0,1815.0,45.0,2.976,3.0,-0.02400000000000002,0.986315,1.0,-0.013684999999999947,0.8310991957104558,0.7297297297297297,0.10136946598072605
7,6.0,5.0,1860.0,1815.0,45.0,2020.0,2051.0,-31.0,2225.0,2184.0,41.0,3.024,2.968,0.05600000000000005,1.0,1.0,0.0,0.8767123287671232,0.7208672086720866,0.1558451200950366
7,7.0,6.0,2225.0,2184.0,41.0,2392.0,2438.0,-46.0,2634.0,2674.0,-40.0,2.976,3.096,-0.1200000000000001,0.967742,1.0,-0.03225800000000001,0.8166259168704156,0.963265306122449,-0.14663938925203335
7,8.0,7.0,2634.0,2674.0,-40.0,2778.0,2804.0,-26.0,2973.0,2932.0,41.0,3.088,2.928,0.16000000000000014,1.0,1.0,0.0,0.8495575221238938,0.9922480620155039,-0.14269053989161007
7,9.0,8.0,2973.0,2932.0,41.0,3140.0,3182.0,-42.0,3362.0,3321.0,41.0,2.896,3.024,-0.1280000000000001,1.0,1.0,0.0,0.8586118251928021,0.7146529562982005,0.14395886889460163
7,10.0,9.0,3362.0,3321.0,41.0,3520.0,3554.0,-34.0,3735.0,3691.0,44.0,3.04,2.976,0.06400000000000006,0.9951124,1.0,-0.004887599999999992,0.8471849865951743,0.7405405405405405,0.10664444605463375
7,11.0,10.0,3735.0,3691.0,44.0,3894.0,3932.0,-38.0,4123.0,4175.0,-52.0,2.992,3.024,-0.03200000000000003,0.973607,0.98827,-0.014662999999999982,0.8195876288659794,0.9958677685950413,-0.17628013972906198
7,12.0,11.0,4123.0,4175.0,-52.0,4276.0,4306.0,-30.0,4483.0,4439.0,44.0,3.056,2.992,0.06400000000000006,0.985337,0.985337,0.0,0.85,0.9924242424242424,-0.14242424242424245
7,13.0,12.0,4483.0,4439.0,44.0,4642.0,4681.0,-39.0,4860.0,4818.0,42.0,2.928,3.0,-0.07200000000000006,0.98827,0.975562,0.012707999999999942,0.8435013262599469,0.7229551451187335,0.1205461811412134
7,14.0,13.0,4860.0,4818.0,42.0,5018.0,5058.0,-40.0,5254.0,5209.0,45.0,3.008,3.016,-0.008000000000000007,1.0,1.0,0.0,0.8020304568527918,0.7723785166240409,0.02965194022875095
7,15.0,14.0,5254.0,5209.0,45.0,5394.0,5432.0,-38.0,5614.0,5569.0,45.0,3.008,2.992,0.016000000000000014,1.0,1.0,0.0,0.7777777777777778,0.7611111111111111,0.01666666666666672
7,16.0,15.0,5614.0,5569.0,45.0,5770.0,5803.0,-33.0,5971.0,5943.0,28.0,3.008,2.968,0.040000000000000036,1.0,1.0,0.0,0.8739495798319328,0.7486631016042781,0.1252864782276547
7,17.0,16.0,5971.0,5943.0,28.0,6138.0,6176.0,-38.0,6369.0,6416.0,-47.0,2.944,2.984,-0.040000000000000036,0.986315,1.0,-0.013684999999999947,0.8391959798994975,0.985200845665962,-0.14600486576646454
7,18.0,17.0,6369.0,6416.0,-47.0,6516.0,6555.0,-39.0,6742.0,6688.0,54.0,3.024,3.032,-0.008000000000000007,1.0,1.0,0.0,0.7882037533512064,0.9779411764705882,-0.1897374231193818
7,19.0,18.0,6742.0,6688.0,54.0,6894.0,6934.0,-40.0,7117.0,7075.0,42.0,3.024,3.032,-0.008000000000000007,0.941349,0.973607,-0.03225800000000001,0.8106666666666666,0.7286821705426356,0.08198449612403103
7,20.0,19.0,7117.0,7075.0,42.0,7268.0,7321.0,-53.0,7511.0,7530.0,-19.0,2.992,3.096,-0.10400000000000009,1.0,1.0,0.0,0.766497461928934,0.9186813186813186,-0.15218385675238466
7,21.0,20.0,7511.0,7530.0,-19.0,7648.0,7685.0,-37.0,7871.0,7834.0,37.0,3.04,2.912,0.1280000000000001,1.0,0.986315,0.013684999999999947,0.7611111111111111,0.9802631578947368,-0.21915204678362576
7,22.0,21.0,7871.0,7834.0,37.0,8018.0,8050.0,-32.0,8225.0,8184.0,41.0,2.96,2.92,0.040000000000000036,1.0,1.0,0.0,0.8305084745762712,0.7657142857142857,0.06479418886198551
7,23.0,22.0,8225.0,8184.0,41.0,8392.0,8429.0,-37.0,8604.0,8562.0,42.0,2.992,3.032,-0.040000000000000036,1.0,1.0,0.0,0.8812664907651715,0.7037037037037037,0.17756278706146778
7,24.0,23.0,8604.0,8562.0,42.0,8772.0,8805.0,-33.0,9000.0,8945.0,55.0,3.04,3.008,0.03200000000000003,1.0,1.0,0.0,0.8484848484848485,0.7310704960835509,0.1174143524012976
7,25.0,24.0,9000.0,8945.0,55.0,9144.0,9183.0,-39.0,9364.0,9321.0,43.0,2.976,3.024,-0.04800000000000004,0.985337,0.98827,-0.0029329999999999634,0.7912087912087912,0.7340425531914894,0.05716623801730181
7,26.0,25.0,9364.0,9321.0,43.0,9524.0,9552.0,-28.0,9729.0,9685.0,44.0,3.04,2.952,0.08800000000000008,1.0,1.0,0.0,0.8767123287671232,0.7307692307692308,0.1459430979978924
7,27.0,26.0,9729.0,9685.0,44.0,9888.0,9932.0,-44.0,10117.0,10077.0,40.0,2.912,3.04,-0.1280000000000001,0.9960899,1.0,-0.0039101000000000274,0.8195876288659794,0.7397959183673469,0.07979171049863243
7,28.0,27.0,10117.0,10077.0,40.0,10268.0,10302.0,-34.0,10512.0,10560.0,-48.0,3.04,2.96,0.08000000000000007,0.954057,0.9960899,-0.04203289999999993,0.7645569620253164,0.9316770186335404,-0.16712005660822393
7,29.0,28.0,10512.0,10560.0,-48.0,10670.0,10681.0,-11.0,10839.0,10799.0,40.0,3.216,3.032,0.18400000000000016,1.0,1.0,0.0,0.9663608562691132,0.9874476987447699,-0.02108684247565673
7,30.0,29.0,10839.0,10799.0,40.0,11016.0,11053.0,-37.0,11249.0,11198.0,51.0,2.768,2.976,-0.20800000000000018,0.951124,0.956012,-0.0048880000000000035,0.8634146341463415,0.7268170426065164,0.1365975915398251
7,31.0,30.0,11249.0,11198.0,51.0,11388.0,11433.0,-45.0,11618.0,11589.0,29.0,2.976,3.04,-0.06400000000000006,1.0,1.0,0.0,0.7533875338753387,0.7979539641943734,-0.04456643031903462
7,32.0,31.0,11618.0,11589.0,29.0,11770.0,11803.0,-33.0,11991.0,11942.0,49.0,3.056,2.96,0.09600000000000009,1.0,1.0,0.0,0.8150134048257373,0.7875354107648725,0.027477994060864708
7,33.0,32.0,11991.0,11942.0,49.0,12138.0,12182.0,-44.0,12361.0,12331.0,30.0,2.944,3.032,-0.08800000000000008,1.0,1.0,0.0,0.7945945945945946,0.7660668380462725,0.02852775654832207
7,34.0,33.0,12361.0,12331.0,30.0,12512.0,12551.0,-39.0,12751.0,12709.0,42.0,2.992,2.952,0.040000000000000036,1.0,1.0,0.0,0.7743589743589744,0.835978835978836,-0.06161986161986166
7,35.0,34.0,12751.0,12709.0,42.0,12896.0,12947.0,-51.0,13140.0,13160.0,-20.0,3.072,3.168,-0.09600000000000009,1.0,1.0,0.0,0.7455012853470437,0.9445676274944568,-0.19906634214741303
7,36.0,35.0,13140.0,13160.0,-20.0,13270.0,13318.0,-48.0,13510.0,13529.0,-19.0,2.992,2.968,0.02400000000000002,1.0,1.0,0.0,0.7027027027027026,0.8563685636856369,-0.15366586098293422
7,37.0,36.0,13510.0,13529.0,-19.0,13634.0,13681.0,-47.0,13865.0,13824.0,41.0,2.912,2.904,0.008000000000000007,1.0,0.998045,0.00195500000000004,0.6985915492957746,0.9694915254237289,-0.27089997612795425
7,38.0,37.0,13865.0,13824.0,41.0,14020.0,14051.0,-31.0,14227.0,14185.0,42.0,3.088,2.96,0.1280000000000001,1.0,1.0,0.0,0.856353591160221,0.7423822714681441,0.11397131969207697
7,39.0,38.0,14227.0,14185.0,42.0,14388.0,14432.0,-44.0,14612.0,14571.0,41.0,2.944,3.048,-0.10400000000000009,1.0,1.0,0.0,0.8363636363636364,0.7202072538860104,0.11615638247762605
7,40.0,39.0,14612.0,14571.0,41.0,14770.0,14803.0,-33.0,14987.0,14940.0,47.0,3.056,2.968,0.08800000000000008,1.0,1.0,0.0,0.8426666666666667,0.7425474254742548,0.10011924119241189
7,41.0,40.0,14987.0,14940.0,47.0,15140.0,15179.0,-39.0,15356.0,15315.0,41.0,2.96,3.008,-0.04800000000000004,1.0,1.0,0.0,0.8292682926829268,0.7253333333333334,0.1039349593495934
7,42.0,41.0,15356.0,15315.0,41.0,15518.0,15549.0,-31.0,15723.0,15683.0,40.0,3.024,2.96,0.06400000000000006,1.0,1.0,0.0,0.8828337874659401,0.7282608695652174,0.1545729179007227
7,43.0,42.0,15723.0,15683.0,40.0,15888.0,15929.0,-41.0,16112.0,16069.0,43.0,2.96,3.04,-0.08000000000000007,0.986315,1.0,-0.013684999999999947,0.8483290488431876,0.7253886010362695,0.12294044780691815
7,44.0,43.0,16112.0,16069.0,43.0,16268.0,16306.0,-38.0,16494.0,16448.0,46.0,3.04,3.016,0.02400000000000002,1.0,1.0,0.0,0.8167539267015707,0.7493403693931399,0.0674135573084308
7,45.0,44.0,16494.0,16448.0,46.0,16642.0,16685.0,-43.0,16868.0,16832.0,36.0,2.992,3.032,-0.040000000000000036,1.0,1.0,0.0,0.7914438502673797,0.765625,0.025818850267379734
7,46.0,45.0,16868.0,16832.0,36.0,17018.0,17050.0,-32.0,17245.0,17291.0,-46.0,3.008,2.92,0.08800000000000008,1.0,1.0,0.0,0.7957559681697612,0.9498910675381264,-0.1541350993683651
7,47.0,46.0,17245.0,17291.0,-46.0,17384.0,17430.0,-46.0,17617.0,17578.0,39.0,2.928,3.04,-0.1120000000000001,1.0,1.0,0.0,0.7473118279569892,0.9686411149825784,-0.22132928702558918
7,48.0,47.0,17617.0,17578.0,39.0,17766.0,17800.0,-34.0,17985.0,17939.0,46.0,3.056,2.96,0.09600000000000009,1.0,1.0,0.0,0.8097826086956521,0.7700831024930748,0.03969950620257734
7,49.0,48.0,17985.0,17939.0,46.0,18138.0,18181.0,-43.0,18358.0,18320.0,38.0,2.976,3.048,-0.07200000000000006,1.0,1.0,0.0,0.8203753351206434,0.7296587926509186,0.09071654246972483
7,50.0,49.0,18358.0,18320.0,38.0,18516.0,18546.0,-30.0,18721.0,18679.0,42.0,3.024,2.92,0.10400000000000009,1.0,1.0,0.0,0.8705234159779615,0.7409470752089137,0.12957634076904778
7,51.0,50.0,18721.0,18679.0,42.0,18898.0,18933.0,-35.0,19123.0,19078.0,45.0,3.056,3.096,-0.040000000000000036,0.9599219999999999,1.0,-0.04007800000000006,0.8805970149253731,0.7268170426065164,0.15377997231885676
7,52.0,51.0,19123.0,19078.0,45.0,19268.0,19302.0,-34.0,19498.0,19445.0,53.0,2.96,2.952,0.008000000000000007,0.9941349,0.9941349,0.0,0.7733333333333333,0.779291553133515,-0.00595821980018163
7,53.0,52.0,19498.0,19445.0,53.0,19638.0,19681.0,-43.0,19863.0,19821.0,42.0,2.96,3.032,-0.07200000000000006,0.9951124,0.979472,0.0156404,0.7671232876712328,0.7446808510638299,0.02244243660740297
7,54.0,53.0,19863.0,19821.0,42.0,20016.0,20050.0,-34.0,20223.0,20186.0,37.0,3.024,2.952,0.07200000000000006,1.0,1.0,0.0,0.85,0.7452054794520548,0.10479452054794514
7,55.0,54.0,20223.0,20186.0,37.0,20386.0,20433.0,-47.0,20618.0,20588.0,30.0,2.96,3.064,-0.10400000000000009,0.986315,1.0,-0.013684999999999947,0.8253164556962025,0.7711442786069651,0.05417217708923738
7,56.0,55.0,20618.0,20588.0,30.0,20768.0,20808.0,-40.0,21001.0,20967.0,34.0,3.056,3.0,0.05600000000000005,1.0,1.0,0.0,0.783289817232376,0.8390501319261214,-0.05576031469374543
7,57.0,56.0,21001.0,20967.0,34.0,21138.0,21181.0,-43.0,21363.0,21323.0,40.0,2.96,2.984,-0.02400000000000002,1.0,1.0,0.0,0.7569060773480663,0.797752808988764,-0.04084673164069774
7,58.0,57.0,21363.0,21323.0,40.0,21516.0,21564.0,-48.0,21750.0,21716.0,34.0,3.024,3.064,-0.040000000000000036,1.0,1.0,0.0,0.7906976744186046,0.7735368956743003,0.017160778744304328
7,59.0,58.0,21750.0,21716.0,34.0,21892.0,21927.0,-35.0,22105.0,22062.0,43.0,3.008,2.904,0.10400000000000009,1.0,1.0,0.0,0.8,0.7803468208092486,0.01965317919075149
7,60.0,59.0,22105.0,22062.0,43.0,22266.0,22302.0,-36.0,22486.0,22438.0,48.0,2.992,3.0,-0.008000000000000007,1.0,1.0,0.0,0.8451443569553806,0.7234042553191489,0.12174010163623172
7,61.0,60.0,22486.0,22438.0,48.0,22636.0,22675.0,-39.0,22851.0,22808.0,43.0,2.96,2.984,-0.02400000000000002,1.0,0.99902248,0.000977519999999954,0.821917808219178,0.7189189189189189,0.10299888930025913
7,62.0,61.0,22851.0,22808.0,43.0,23016.0,23052.0,-36.0,23234.0,23187.0,47.0,3.04,3.016,0.02400000000000002,1.0,1.0,0.0,0.8616187989556136,0.712401055408971,0.14921774354664252
7,63.0,62.0,23234.0,23187.0,47.0,23414.0,23443.0,-29.0,23620.0,23651.0,-31.0,3.184,3.128,0.05600000000000005,0.987292,1.0,-0.012708000000000053,0.9326424870466321,0.896551724137931,0.03609076290870106
7,64.0,63.0,23620.0,23651.0,-31.0,23758.0,23798.0,-40.0,23986.0,23941.0,45.0,2.752,2.84,-0.08800000000000008,1.0,1.0,0.0,0.7540983606557377,0.9862068965517241,-0.23210853589598646
7,65.0,64.0,23986.0,23941.0,45.0,24139.0,24175.0,-36.0,24352.0,24313.0,39.0,3.048,3.016,0.03200000000000003,1.0,1.0,0.0,0.8360655737704918,0.7419354838709677,0.0941300898995241
7,66.0,65.0,24352.0,24313.0,39.0,24520.0,24554.0,-34.0,24742.0,24696.0,46.0,3.048,3.032,0.016000000000000014,0.956012,1.0,-0.04398800000000003,0.8615384615384616,0.7415143603133159,0.12002410122514573
7,67.0,66.0,24742.0,24696.0,46.0,24888.0,24927.0,-39.0,25112.0,25069.0,43.0,2.944,2.984,-0.040000000000000036,1.0,1.0,0.0,0.7891891891891891,0.7613941018766757,0.027795087312513456
7,68.0,67.0,25112.0,25069.0,43.0,25266.0,25309.0,-43.0,25493.0,25457.0,36.0,3.024,3.056,-0.03200000000000003,0.985337,1.0,-0.014662999999999982,0.8083989501312336,0.7628865979381443,0.045512352193089356
7,69.0,68.0,25493.0,25457.0,36.0,25636.0,25672.0,-36.0,25849.0,25808.0,41.0,2.96,2.904,0.05600000000000005,1.0,0.99902248,0.000977519999999954,0.8033707865168539,0.774928774928775,0.028442011588078908
7,70.0,69.0,25849.0,25808.0,41.0,26014.0,26050.0,-36.0,26233.0,26187.0,46.0,3.024,3.024,0.0,1.0,1.0,0.0,0.859375,0.7229551451187335,0.1364198548812665
7,71.0,70.0,26233.0,26187.0,46.0,26388.0,26427.0,-39.0,26608.0,26565.0,43.0,2.992,3.016,-0.02400000000000002,1.0,1.0,0.0,0.8266666666666667,0.7301587301587302,0.09650793650793643
7,72.0,71.0,26608.0,26565.0,43.0,26766.0,26802.0,-36.0,26984.0,26938.0,46.0,3.024,3.0,0.02400000000000002,1.0,1.0,0.0,0.8404255319148937,0.7292225201072386,0.11120301180765502
7,73.0,72.0,26984.0,26938.0,46.0,27138.0,27172.0,-34.0,27340.0,27298.0,42.0,2.976,2.96,0.016000000000000014,1.0,1.0,0.0,0.8651685393258427,0.7,0.16516853932584274
7,74.0,73.0,27340.0,27298.0,42.0,27514.0,27558.0,-44.0,27747.0,27711.0,36.0,3.008,3.088,-0.08000000000000007,0.998045,1.0,-0.00195500000000004,0.855036855036855,0.7409200968523002,0.1141167581845548
7,75.0,74.0,27747.0,27711.0,36.0,27894.0,27929.0,-35.0,28116.0,28068.0,48.0,3.04,2.968,0.07200000000000006,1.0,1.0,0.0,0.7967479674796748,0.7787114845938375,0.018036482885837257
7,76.0,75.0,28116.0,28068.0,48.0,28268.0,28312.0,-44.0,28498.0,28458.0,40.0,2.992,3.064,-0.07200000000000006,0.9941349,1.0,-0.0058650999999999565,0.7958115183246073,0.7487179487179487,0.04709356960665856
7,77.0,76.0,28498.0,28458.0,40.0,28638.0,28677.0,-39.0,28857.0,28816.0,41.0,2.96,2.92,0.040000000000000036,1.0,1.0,0.0,0.7799442896935933,0.776536312849162,0.003407976844431282
7,78.0,77.0,28857.0,28816.0,41.0,29014.0,29055.0,-41.0,29235.0,29194.0,41.0,3.008,3.024,-0.016000000000000014,1.0,1.0,0.0,0.8306878306878307,0.7354497354497355,0.09523809523809523
7,79.0,78.0,29235.0,29194.0,41.0,29394.0,29435.0,-41.0,29625.0,29586.0,39.0,3.04,3.04,0.0,1.0,1.0,0.0,0.8153846153846154,0.7704081632653061,0.04497645211930923
7,80.0,79.0,29625.0,29586.0,39.0,29782.0,29809.0,-27.0,29998.0,30041.0,-43.0,3.104,2.992,0.1120000000000001,0.957967,1.0,-0.04203299999999999,0.8418230563002681,0.9802197802197802,-0.13839672391951208
7,81.0,80.0,29998.0,30041.0,-43.0,30142.0,30175.0,-33.0,30353.0,30310.0,43.0,2.88,2.928,-0.04800000000000004,0.975562,0.950147,0.025415000000000076,0.8112676056338028,0.9962825278810409,-0.18501492224723803
7,82.0,81.0,30353.0,30310.0,43.0,30516.0,30557.0,-41.0,30745.0,30697.0,48.0,2.992,3.056,-0.06400000000000006,1.0,1.0,0.0,0.8316326530612245,0.7235142118863049,0.10811844117491953
7,83.0,82.0,30745.0,30697.0,48.0,30894.0,30927.0,-33.0,31101.0,31061.0,40.0,3.024,2.96,0.06400000000000006,1.0,0.986315,0.013684999999999947,0.8370786516853932,0.7362637362637363,0.10081491542165688
7,84.0,83.0,31101.0,31061.0,40.0,31264.0,31298.0,-34.0,31478.0,31435.0,43.0,2.96,2.968,-0.008000000000000007,1.0,1.0,0.0,0.8647214854111406,0.732620320855615,0.13210116455552556
7,85.0,84.0,31478.0,31435.0,43.0,31634.0,31677.0,-43.0,31857.0,31817.0,40.0,2.96,3.032,-0.07200000000000006,1.0,1.0,0.0,0.8232189973614776,0.7329842931937173,0.09023470416776036
7,86.0,85.0,31857.0,31817.0,40.0,32014.0,32049.0,-35.0,32231.0,32184.0,47.0,3.04,2.976,0.06400000000000006,1.0,1.0,0.0,0.839572192513369,0.7356948228882834,0.10387736962508565
7,87.0,86.0,32231.0,32184.0,47.0,32386.0,32433.0,-47.0,32615.0,32581.0,34.0,2.976,3.072,-0.09600000000000009,1.0,1.0,0.0,0.8072916666666666,0.7455919395465995,0.061699727120067105
7,88.0,87.0,32615.0,32581.0,34.0,32770.0,32810.0,-40.0,32995.0,32954.0,41.0,3.072,3.016,0.05600000000000005,1.0,1.0,0.0,0.8157894736842105,0.7721179624664879,0.043671511217722614
7,89.0,88.0,32995.0,32954.0,41.0,33136.0,33174.0,-38.0,33351.0,33328.0,23.0,2.928,2.912,0.016000000000000014,1.0,1.0,0.0,0.7921348314606742,0.8235294117647058,-0.03139458030403164
7,90.0,89.0,33351.0,33328.0,23.0,33506.0,33546.0,-40.0,33737.0,33687.0,50.0,2.96,2.976,-0.016000000000000014,1.0,1.0,0.0,0.8031088082901554,0.7855153203342619,0.01759348795589355
7,91.0,90.0,33737.0,33687.0,50.0,33884.0,33932.0,-48.0,34117.0,34082.0,35.0,3.024,3.088,-0.06400000000000006,0.98045,0.98045,0.0,0.7736842105263158,0.759493670886076,0.014190539640239752
7,92.0,91.0,34117.0,34082.0,35.0,34264.0,34304.0,-40.0,34493.0,34449.0,44.0,3.04,2.976,0.06400000000000006,1.0,1.0,0.0,0.7819148936170213,0.7901907356948229,-0.008275842077801632
7,93.0,92.0,34493.0,34449.0,44.0,34636.0,34682.0,-46.0,34864.0,34822.0,42.0,2.976,3.024,-0.04800000000000004,1.0,1.0,0.0,0.77088948787062,0.7506702412868633,0.020219246583756623
7,94.0,93.0,34864.0,34822.0,42.0,35018.0,35052.0,-34.0,35237.0,35194.0,43.0,3.056,2.96,0.09600000000000009,1.0,1.0,0.0,0.8257372654155496,0.7634408602150538,0.06229640520049584
7,95.0,94.0,35237.0,35194.0,43.0,35386.0,35426.0,-40.0,35607.0,35563.0,44.0,2.944,2.992,-0.04800000000000004,1.0,1.0,0.0,0.8054054054054054,0.7425474254742548,0.06285797993115061
7,96.0,95.0,35607.0,35563.0,44.0,35772.0,35801.0,-29.0,35991.0,35936.0,55.0,3.088,3.0,0.08800000000000008,0.9970675,0.9970675,0.0,0.859375,0.7238605898123325,0.13551441018766752
7,97.0,96.0,35991.0,35936.0,55.0,36138.0,36180.0,-42.0,36364.0,36324.0,40.0,2.928,3.032,-0.10400000000000009,0.975562,0.975562,0.0,0.7882037533512064,0.7422680412371134,0.045935712114092975
7,98.0,97.0,36364.0,36324.0,40.0,36514.0,36552.0,-38.0,36739.0,36693.0,46.0,3.008,2.976,0.03200000000000003,1.0,1.0,0.0,0.8,0.7642276422764227,0.03577235772357734
7,99.0,98.0,36739.0,36693.0,46.0,36886.0,36927.0,-41.0,37104.0,37065.0,39.0,2.976,3.0,-0.02400000000000002,1.0,1.0,0.0,0.8054794520547945,0.7419354838709677,0.0635439681838268
7,100.0,99.0,37104.0,37065.0,39.0,37264.0,37299.0,-35.0,37477.0,37431.0,46.0,3.024,2.976,0.04800000000000004,1.0,1.0,0.0,0.8579088471849866,0.7213114754098361,0.13659737177515052
7,101.0,100.0,37477.0,37431.0,46.0,37638.0,37666.0,-28.0,37825.0,37787.0,38.0,2.992,2.936,0.05600000000000005,1.0,1.0,0.0,0.9252873563218391,0.6797752808988764,0.24551207542296272
7,102.0,101.0,37825.0,37787.0,38.0,38012.0,38063.0,-51.0,38260.0,38280.0,-20.0,2.992,3.176,-0.18400000000000016,1.0,1.0,0.0,0.8597701149425288,0.8803245436105477,-0.02055442866801893
7,103.0,102.0,38260.0,38280.0,-20.0,38404.0,38435.0,-31.0,38614.0,38585.0,29.0,3.136,2.976,0.16000000000000014,1.0,1.0,0.0,0.8135593220338984,0.9836065573770492,-0.1700472353431508
7,104.0,103.0,38614.0,38585.0,29.0,38758.0,38800.0,-42.0,38987.0,38944.0,43.0,2.832,2.92,-0.08800000000000008,1.0,1.0,0.0,0.7721179624664879,0.8022284122562674,-0.030110449789779503
7,105.0,104.0,38987.0,38944.0,43.0,39136.0,39178.0,-42.0,39359.0,39322.0,37.0,3.024,3.024,0.0,1.0,1.0,0.0,0.8010752688172043,0.7619047619047619,0.03917050691244239
7,106.0,105.0,39359.0,39322.0,37.0,39516.0,39551.0,-35.0,39733.0,39686.0,47.0,3.04,2.984,0.05600000000000005,0.978495,1.0,-0.021504999999999996,0.839572192513369,0.7417582417582418,0.09781395075512722
7,107.0,106.0,39733.0,39686.0,47.0,39894.0,39924.0,-30.0,40102.0,40059.0,43.0,3.024,2.984,0.040000000000000036,1.0,1.0,0.0,0.8726287262872628,0.7238605898123325,0.14876813647493037
7,108.0,107.0,40102.0,40059.0,43.0,40262.0,40305.0,-43.0,40494.0,40450.0,44.0,2.944,3.048,-0.10400000000000009,0.956012,1.0,-0.04398800000000003,0.8163265306122449,0.7416879795396419,0.07463855107260298
7,109.0,108.0,40494.0,40450.0,44.0,40642.0,40677.0,-35.0,40876.0,40829.0,47.0,3.04,2.976,0.06400000000000006,1.0,1.0,0.0,0.774869109947644,0.8021108179419525,-0.027241707994308473
7,110.0,109.0,40876.0,40829.0,47.0,41030.0,41032.0,-2.0,41168.0,41138.0,30.0,3.104,2.84,0.26400000000000023,0.50049,0.50049,0.0,0.9452054794520548,0.6860841423948221,0.2591213370572327
7,111.0,110.0,41168.0,41138.0,30.0,41382.0,41426.0,-44.0,41611.0,41568.0,43.0,2.816,3.152,-0.3360000000000003,1.0,1.0,0.0,0.9661399548532731,0.6604651162790698,0.3056748385742033
7,112.0,111.0,41611.0,41568.0,43.0,41764.0,41803.0,-39.0,41988.0,41938.0,50.0,3.056,3.016,0.040000000000000036,0.956989,1.0,-0.04301100000000002,0.8116710875331565,0.7297297297297297,0.08194135780342682
7,113.0,112.0,41988.0,41938.0,50.0,42143.0,42178.0,-35.0,42361.0,42316.0,45.0,3.032,3.0,0.03200000000000003,1.0,1.0,0.0,0.8310991957104558,0.7301587301587302,0.10094046555172553
7,114.0,113.0,42361.0,42316.0,45.0,42510.0,42551.0,-41.0,42741.0,42698.0,43.0,2.936,2.984,-0.04800000000000004,0.987292,1.0,-0.012708000000000053,0.7842105263157895,0.7696335078534031,0.014577018462386349
7,115.0,114.0,42741.0,42698.0,43.0,42890.0,42922.0,-32.0,43101.0,43064.0,37.0,3.04,2.968,0.07200000000000006,1.0,1.0,0.0,0.8277777777777777,0.7759562841530054,0.051821493624772286
7,116.0,115.0,43101.0,43064.0,37.0,43264.0,43304.0,-40.0,43507.0,43553.0,-46.0,2.992,3.056,-0.06400000000000006,1.0,1.0,0.0,0.8029556650246306,0.9815950920245399,-0.1786394269999093
7,117.0,116.0,43507.0,43553.0,-46.0,43674.0,43713.0,-39.0,43893.0,43894.0,-1.0,3.28,3.272,0.008000000000000007,1.0,1.0,0.0,0.8652849740932642,0.9384164222873901,-0.07313144819412587
7,118.0,117.0,43893.0,43894.0,-1.0,44020.0,44056.0,-36.0,44237.0,44193.0,44.0,2.768,2.744,0.023999999999999577,1.0,1.0,0.0,0.7383720930232558,0.9163879598662208,-0.178015866842965
7,119.0,118.0,44237.0,44193.0,44.0,44398.0,44430.0,-32.0,44618.0,44568.0,50.0,3.024,2.992,0.03200000000000003,1.0,1.0,0.0,0.8451443569553806,0.736,0.1091443569553806
7,120.0,119.0,44618.0,44568.0,50.0,44768.0,44812.0,-44.0,44996.0,44959.0,37.0,2.96,3.056,-0.09600000000000009,0.947214,1.0,-0.052786,0.7936507936507937,0.751918158567775,0.04173263508301872
7,121.0,120.0,44996.0,44959.0,37.0,45141.0,45176.0,-35.0,45360.0,45318.0,42.0,2.984,2.912,0.07200000000000006,1.0,1.0,0.0,0.7967032967032968,0.7910863509749304,0.0056169457283663515
7,122.0,121.0,45360.0,45318.0,42.0,45512.0,45551.0,-39.0,45728.0,45688.0,40.0,2.968,3.0,-0.03200000000000003,1.0,1.0,0.0,0.8260869565217391,0.7405405405405405,0.08554641598119861
7,123.0,122.0,45728.0,45688.0,40.0,45890.0,45923.0,-33.0,46104.0,46060.0,44.0,3.024,2.976,0.04800000000000004,1.0,1.0,0.0,0.8617021276595744,0.7365591397849462,0.1251429878746282
7,124.0,123.0,46104.0,46060.0,44.0,46260.0,46317.0,-57.0,46506.0,46518.0,-12.0,2.96,3.152,-0.19200000000000017,0.982405,1.0,-0.017595000000000027,0.7761194029850746,0.8777292576419214,-0.1016098546568468
7,125.0,124.0,46506.0,46518.0,-12.0,46642.0,46672.0,-30.0,46844.0,46809.0,35.0,3.056,2.84,0.2160000000000002,1.0,1.0,0.0,0.8047337278106509,0.9415807560137457,-0.1368470282030948
7,126.0,125.0,46844.0,46809.0,35.0,47004.0,47045.0,-41.0,47241.0,47283.0,-42.0,2.896,2.984,-0.08800000000000008,1.0,1.0,0.0,0.8060453400503779,0.9957805907172996,-0.18973525066692176
7,129.0,126.0,47713.0,47753.0,-40.0,47838.0,47884.0,-46.0,48023.0,48049.0,-26.0,1.344,1.696,-0.35199999999999987,1.0,1.0,0.0,0.8064516129032258,0.8851351351351351,-0.07868352223190933
7,130.0,127.0,48023.0,48049.0,-26.0,48132.0,48171.0,-39.0,48355.0,48315.0,40.0,2.352,2.296,0.05600000000000005,1.0,1.0,0.0,0.6566265060240963,0.9172932330827068,-0.2606667270586105
7,131.0,128.0,48355.0,48315.0,40.0,48504.0,48552.0,-48.0,48734.0,48716.0,18.0,2.976,3.048,-0.07200000000000006,1.0,1.0,0.0,0.7862796833773087,0.8179551122194514,-0.031675428842142694
7,132.0,129.0,48734.0,48716.0,18.0,48880.0,48922.0,-42.0,49113.0,49065.0,48.0,3.008,2.96,0.04800000000000004,1.0,1.0,0.0,0.7704485488126649,0.8194842406876791,-0.04903569187501422
7,133.0,130.0,49113.0,49065.0,48.0,49268.0,49303.0,-35.0,49483.0,49447.0,36.0,3.104,3.048,0.05600000000000005,0.9931574,0.9960899,-0.0029325000000000045,0.8378378378378378,0.7539267015706806,0.08391113626715718
7,134.0,131.0,49483.0,49447.0,36.0,49636.0,49683.0,-47.0,49874.0,49901.0,-27.0,2.944,3.04,-0.09600000000000009,0.967742,0.9931574,-0.025415399999999977,0.782608695652174,0.960352422907489,-0.17774372725531506
7,135.0,132.0,49874.0,49901.0,-27.0,50011.0,50049.0,-38.0,50229.0,50186.0,43.0,3.0,2.928,0.07200000000000006,1.0,1.0,0.0,0.7718309859154929,0.9614035087719298,-0.1895725228564369
7,136.0,133.0,50229.0,50186.0,43.0,50388.0,50426.0,-38.0,50611.0,50565.0,46.0,3.016,3.016,0.0,1.0,1.0,0.0,0.8324607329842932,0.7335092348284961,0.09895149815579718
7,137.0,134.0,50611.0,50565.0,46.0,50760.0,50796.0,-36.0,50971.0,50929.0,42.0,2.976,2.96,0.016000000000000014,1.0,1.0,0.0,0.8277777777777777,0.7307692307692308,0.09700854700854689
7,138.0,135.0,50971.0,50929.0,42.0,51138.0,51177.0,-39.0,51360.0,51314.0,46.0,3.024,3.048,-0.02400000000000002,0.963832,1.0,-0.03616799999999998,0.8586118251928021,0.7116883116883117,0.1469235135044904
7,139.0,136.0,51360.0,51314.0,46.0,51512.0,51545.0,-33.0,51720.0,51680.0,40.0,2.992,2.944,0.04800000000000004,1.0,1.0,0.0,0.8444444444444444,0.7377049180327868,0.10673952641165763
7,140.0,137.0,51720.0,51680.0,40.0,51884.0,51922.0,-38.0,52103.0,52059.0,44.0,2.976,3.016,-0.040000000000000036,1.0,1.0,0.0,0.8563968668407311,0.7229551451187335,0.13344172172199764
7,141.0,138.0,52103.0,52059.0,44.0,52262.0,52295.0,-33.0,52470.0,52429.0,41.0,3.024,2.984,0.040000000000000036,1.0,1.0,0.0,0.8664850136239782,0.7243243243243243,0.14216068929965398
7,142.0,139.0,52470.0,52429.0,41.0,52632.0,52672.0,-40.0,52863.0,52813.0,50.0,2.96,3.016,-0.05600000000000005,1.0,1.0,0.0,0.8244274809160306,0.734375,0.09005248091603058
7,143.0,140.0,52863.0,52813.0,50.0,53014.0,53050.0,-36.0,53247.0,53193.0,54.0,3.056,3.024,0.03200000000000003,1.0,1.0,0.0,0.7864583333333334,0.7526315789473684,0.03382675438596494
7,144.0,141.0,53247.0,53193.0,54.0,53384.0,53427.0,-43.0,53607.0,53568.0,39.0,2.96,3.016,-0.05600000000000005,1.0,1.0,0.0,0.7611111111111111,0.752,0.00911111111111107
7,145.0,142.0,53607.0,53568.0,39.0,53762.0,53798.0,-36.0,53981.0,53938.0,43.0,3.024,2.968,0.05600000000000005,1.0,1.0,0.0,0.8288770053475936,0.7567567567567568,0.07212024859083677
7,146.0,143.0,53981.0,53938.0,43.0,54134.0,54173.0,-39.0,54351.0,54308.0,43.0,2.976,3.0,-0.02400000000000002,1.0,1.0,0.0,0.827027027027027,0.7297297297297297,0.0972972972972973
7,147.0,144.0,54351.0,54308.0,43.0,54512.0,54547.0,-35.0,54730.0,54684.0,46.0,3.024,2.992,0.03200000000000003,1.0,1.0,0.0,0.8496042216358839,0.7287234042553192,0.12088081738056466
7,148.0,145.0,54730.0,54684.0,46.0,54882.0,54922.0,-40.0,55098.0,55056.0,42.0,2.96,3.0,-0.040000000000000036,1.0,1.0,0.0,0.8260869565217391,0.7204301075268817,0.10565684899485739
7,149.0,146.0,55098.0,55056.0,42.0,55262.0,55294.0,-32.0,55476.0,55431.0,45.0,3.04,2.976,0.06400000000000006,1.0,1.0,0.0,0.8677248677248677,0.7306666666666667,0.137058201058201
7,150.0,147.0,55476.0,55431.0,45.0,55634.0,55674.0,-40.0,55847.0,55811.0,36.0,2.976,3.04,-0.06400000000000006,1.0,1.0,0.0,0.8517520215633423,0.7210526315789474,0.1306993899843949
7,151.0,148.0,55847.0,55811.0,36.0,56004.0,56039.0,-35.0,56224.0,56181.0,43.0,2.96,2.92,0.040000000000000036,1.0,1.0,0.0,0.8328912466843501,0.7675675675675675,0.06532367911678261
7,152.0,149.0,56224.0,56181.0,43.0,56388.0,56441.0,-53.0,56635.0,56654.0,-19.0,3.072,3.216,-0.14400000000000013,1.0,1.0,0.0,0.7980535279805353,0.9006342494714588,-0.10258072149092345
7,153.0,150.0,56635.0,56654.0,-19.0,56768.0,56807.0,-39.0,56997.0,56957.0,40.0,3.04,2.928,0.1120000000000001,1.0,1.0,0.0,0.7348066298342542,0.9900990099009901,-0.25529238006673594
7,154.0,151.0,56997.0,56957.0,40.0,57130.0,57179.0,-49.0,57365.0,57325.0,40.0,2.896,2.976,-0.08000000000000007,0.98045,0.979472,0.0009780000000000344,0.7228260869565217,0.7934782608695652,-0.07065217391304346
7,155.0,152.0,57365.0,57325.0,40.0,57517.0,57547.0,-30.0,57728.0,57680.0,48.0,3.096,2.944,0.15200000000000014,1.0,1.0,0.0,0.837465564738292,0.7492957746478873,0.08816979009040471
7,156.0,153.0,57728.0,57680.0,48.0,57882.0,57927.0,-45.0,58113.0,58074.0,39.0,2.92,3.04,-0.1200000000000001,1.0,1.0,0.0,0.8,0.7461928934010152,0.0538071065989848
7,157.0,154.0,58113.0,58074.0,39.0,58264.0,58304.0,-40.0,58492.0,58449.0,43.0,3.056,3.016,0.040000000000000036,1.0,1.0,0.0,0.7968337730870713,0.7733333333333333,0.023500439753737945
7,158.0,155.0,58492.0,58449.0,43.0,58632.0,58673.0,-41.0,58849.0,58809.0,40.0,2.944,2.952,-0.008000000000000007,1.0,1.0,0.0,0.7843137254901961,0.7555555555555555,0.02875816993464053
7,159.0,156.0,58849.0,58809.0,40.0,59010.0,59044.0,-34.0,59231.0,59181.0,50.0,3.024,2.968,0.05600000000000005,1.0,1.0,0.0,0.8429319371727748,0.7365591397849462,0.10637279738782857
7,160.0,157.0,59231.0,59181.0,50.0,59384.0,59421.0,-37.0,59596.0,59556.0,40.0,2.992,3.016,-0.02400000000000002,1.0,1.0,0.0,0.8383561643835616,0.72,0.11835616438356167
8,2.0,1.0,369.0,394.0,-25.0,504.0,513.0,-9.0,654.0,651.0,3.0,2.016,1.936,0.08000000000000007,0.45552000000000004,0.45552000000000004,0.0,0.9473684210526316,0.9260700389105059,0.02129838214212576
8,3.0,2.0,654.0,651.0,3.0,785.0,796.0,-11.0,954.0,918.0,36.0,2.248,2.264,-0.01599999999999957,0.35385999999999995,0.34506,0.008799999999999975,0.8733333333333333,0.9138576779026217,-0.04052434456928844
8,4.0,3.0,954.0,918.0,36.0,1197.0,1198.0,-1.0,1377.0,1319.0,58.0,3.296,3.216,0.07999999999999963,0.44282,0.44282,0.0,0.851063829787234,0.6034912718204488,0.24757255796678523
8,5.0,4.0,1377.0,1319.0,58.0,1569.0,1552.0,17.0,1710.0,1680.0,30.0,2.976,2.832,0.14400000000000013,0.30694,0.30694,0.0,0.8468468468468469,0.7091412742382271,0.1377055726086197
8,6.0,5.0,1710.0,1680.0,30.0,1875.0,1884.0,-9.0,2052.0,2004.0,48.0,2.448,2.656,-0.20800000000000018,0.42229,0.42815000000000003,-0.005860000000000032,0.9649122807017544,0.7407407407407407,0.2241715399610137
8,7.0,6.0,2052.0,2004.0,48.0,2227.0,2230.0,-3.0,2367.0,2368.0,-1.0,2.816,2.768,0.04800000000000004,0.38319,0.38319,0.0,0.8888888888888888,0.7582417582417582,0.13064713064713063
8,8.0,7.0,2367.0,2368.0,-1.0,2517.0,2514.0,3.0,2666.0,2642.0,24.0,2.32,2.272,0.04800000000000004,0.42815000000000003,0.42424,0.003910000000000025,0.9966555183946488,0.9343065693430657,0.06234894905158317
8,9.0,8.0,2666.0,2642.0,24.0,2825.0,2825.0,0.0,2984.0,2947.0,37.0,2.464,2.488,-0.02400000000000002,0.38808000000000004,0.39199000000000006,-0.003910000000000025,1.0,0.8,0.19999999999999996
8,10.0,9.0,2984.0,2947.0,37.0,3197.0,3196.0,1.0,3355.0,3321.0,34.0,2.976,2.968,0.008000000000000007,0.45454000000000006,0.45259000000000005,0.0019500000000000073,0.8517520215633423,0.6684491978609626,0.1833028237023797
8,11.0,10.0,3355.0,3321.0,34.0,3517.0,3522.0,-5.0,3695.0,3644.0,51.0,2.56,2.608,-0.04800000000000004,0.52786,0.52786,0.0,0.9529411764705882,0.7554179566563468,0.19752321981424137
8,12.0,11.0,3695.0,3644.0,51.0,3891.0,3901.0,-10.0,4073.0,4027.0,46.0,2.992,3.032,-0.040000000000000036,0.44086,0.44086,0.0,0.962962962962963,0.6579634464751958,0.30499951648776724
8,13.0,12.0,4073.0,4027.0,46.0,4303.0,4308.0,-5.0,4471.0,4431.0,40.0,3.296,3.256,0.040000000000000036,0.46041,0.45357000000000003,0.006839999999999957,0.8442211055276382,0.6089108910891089,0.23531021443852929
8,14.0,13.0,4471.0,4431.0,40.0,4665.0,4673.0,-8.0,4836.0,4796.0,40.0,2.896,2.92,-0.02400000000000002,0.39687000000000006,0.41056000000000004,-0.01368999999999998,0.936986301369863,0.673972602739726,0.263013698630137
8,15.0,14.0,4836.0,4796.0,40.0,5030.0,5043.0,-13.0,5208.0,5167.0,41.0,2.92,2.96,-0.040000000000000036,0.39882999999999996,0.40567,-0.006840000000000013,0.956989247311828,0.6684636118598383,0.2885256354519897
8,16.0,15.0,5208.0,5167.0,41.0,5491.0,5489.0,2.0,5648.0,5617.0,31.0,3.688,3.568,0.1200000000000001,0.5044,0.49168999999999996,0.012709999999999999,0.7136363636363636,0.5688888888888889,0.14474747474747474
8,17.0,16.0,5648.0,5617.0,31.0,5811.0,5813.0,-2.0,5965.0,5937.0,28.0,2.56,2.592,-0.03200000000000003,0.46334,0.46626999999999996,-0.002929999999999988,0.9716088328075709,0.775,0.1966088328075709
8,18.0,17.0,5965.0,5937.0,28.0,6185.0,6184.0,1.0,6344.0,6308.0,36.0,2.992,2.968,0.02400000000000002,0.49560000000000004,0.49365000000000003,0.0019500000000000073,0.8390501319261214,0.6684636118598383,0.17058652006628316
8,19.0,18.0,6344.0,6308.0,36.0,6579.0,6581.0,-2.0,6732.0,6699.0,33.0,3.152,3.176,-0.02400000000000002,0.56696,0.5913900000000001,-0.024430000000000063,0.788659793814433,0.6035805626598465,0.18507923115458647
8,21.0,19.0,6832.0,6699.0,133.0,6961.0,6968.0,-7.0,7132.0,7085.0,47.0,1.24,3.096,-1.856,0.39491999999999994,0.39491999999999994,0.0,0.86,0.6062176165803108,0.2537823834196892
8,22.0,20.0,7132.0,7085.0,47.0,7303.0,7304.0,-1.0,7461.0,7426.0,35.0,2.736,2.688,0.04800000000000004,0.31183000000000005,0.30499000000000004,0.006840000000000013,0.9604863221884499,0.7155425219941349,0.24494380019431494
8,23.0,21.0,7461.0,7426.0,35.0,7639.0,7644.0,-5.0,7815.0,7764.0,51.0,2.688,2.72,-0.03200000000000003,0.48778000000000005,0.48778000000000005,0.0,0.9943502824858758,0.7100591715976332,0.28429111088824255
8,24.0,22.0,7815.0,7764.0,51.0,7989.0,7988.0,1.0,8150.0,8111.0,39.0,2.8,2.752,0.04800000000000004,0.47605000000000003,0.47312000000000004,0.002929999999999988,0.9611940298507463,0.7089337175792507,0.2522603122714956
8,25.0,23.0,8150.0,8111.0,39.0,8337.0,8341.0,-4.0,8505.0,8462.0,43.0,2.784,2.824,-0.040000000000000036,0.44867999999999997,0.45259,-0.003910000000000025,0.9464788732394366,0.6894586894586894,0.2570201837807472
8,26.0,24.0,8505.0,8462.0,43.0,8719.0,8723.0,-4.0,8885.0,8845.0,40.0,3.056,3.056,0.0,0.42034000000000005,0.4174,0.0029400000000000537,0.8736842105263158,0.6370757180156659,0.23660849251064997
8,27.0,25.0,8885.0,8845.0,40.0,9089.0,9098.0,-9.0,9260.0,9225.0,35.0,2.96,3.0,-0.040000000000000036,0.41349,0.41349,0.0,0.912,0.668421052631579,0.243578947368421
8,28.0,26.0,9260.0,9225.0,35.0,9504.0,9512.0,-8.0,9682.0,9638.0,44.0,3.32,3.312,0.008000000000000007,0.40859999999999996,0.41154,-0.0029400000000000537,0.8436018957345972,0.6101694915254237,0.23343240420917355
8,29.0,27.0,9682.0,9638.0,44.0,9837.0,9844.0,-7.0,10003.0,9967.0,36.0,2.664,2.656,0.008000000000000007,0.40370999999999996,0.38708999999999993,0.016620000000000024,0.9657320872274143,0.7477203647416413,0.21801172248577305
8,30.0,28.0,10003.0,9967.0,36.0,10179.0,10183.0,-4.0,10377.0,10303.0,74.0,2.736,2.712,0.02400000000000002,0.47409,0.48973000000000005,-0.015640000000000043,0.9411764705882353,0.7142857142857143,0.22689075630252098
8,31.0,29.0,10377.0,10303.0,74.0,10589.0,10592.0,-3.0,10745.0,10714.0,31.0,3.28,3.272,0.008000000000000007,0.37342,0.36754999999999993,0.005870000000000042,0.8478260869565217,0.5936739659367396,0.25415212101978213
8,32.0,30.0,10745.0,10714.0,31.0,10925.0,10930.0,-5.0,11104.0,11134.0,-30.0,2.688,2.704,-0.016000000000000014,0.34017000000000003,0.35386000000000006,-0.013690000000000035,0.9972144846796658,0.9714285714285714,0.02578591325109436
8,33.0,31.0,11104.0,11134.0,-30.0,11249.0,11254.0,-5.0,11415.0,11372.0,43.0,2.592,2.592,0.0,0.44086000000000003,0.44086000000000003,0.0,0.932475884244373,0.9915966386554622,-0.059120754411089216
8,34.0,32.0,11415.0,11372.0,43.0,11587.0,11590.0,-3.0,11757.0,11709.0,48.0,2.704,2.688,0.016000000000000014,0.39687,0.40078,-0.003910000000000025,0.9941520467836258,0.7062314540059347,0.2879205927776911
8,35.0,33.0,11757.0,11709.0,48.0,11945.0,11949.0,-4.0,12106.0,12072.0,34.0,2.864,2.872,-0.008000000000000007,0.37732,0.36754999999999993,0.009770000000000056,0.9226361031518625,0.6776859504132231,0.2449501527386394
8,36.0,34.0,12106.0,12072.0,34.0,12312.0,12318.0,-6.0,12482.0,12448.0,34.0,2.936,2.952,-0.016000000000000014,0.34408,0.35092,-0.006840000000000013,0.9042553191489362,0.6914893617021276,0.2127659574468086
8,37.0,35.0,12482.0,12448.0,34.0,12657.0,12660.0,-3.0,12805.0,12771.0,34.0,2.76,2.736,0.023999999999999577,0.48875,0.48875,0.0,0.9164086687306502,0.6873065015479876,0.22910216718266263
8,38.0,36.0,12805.0,12771.0,34.0,12996.0,13001.0,-5.0,13155.0,13119.0,36.0,2.712,2.728,-0.016000000000000014,0.35288,0.35386,-0.0009799999999999809,0.9085714285714286,0.6781609195402298,0.23041050903119875
8,39.0,37.0,13155.0,13119.0,36.0,13339.0,13354.0,-15.0,13514.0,13474.0,40.0,2.744,2.824,-0.07999999999999963,0.37536,0.4086,-0.03323999999999999,0.9749303621169917,0.676056338028169,0.2988740240888227
8,40.0,38.0,13514.0,13474.0,40.0,13665.0,13671.0,-6.0,13826.0,13785.0,41.0,2.608,2.536,0.07200000000000006,0.36754999999999993,0.36558999999999997,0.0019599999999999618,0.967948717948718,0.7331189710610932,0.2348297468876247
8,42.0,39.0,13866.0,13785.0,81.0,14012.0,14028.0,-16.0,14180.0,14168.0,12.0,1.304,2.856,-1.5519999999999998,0.37439,0.37732999999999994,-0.0029399999999999427,0.9299363057324841,0.7310704960835509,0.1988658096489332
8,43.0,40.0,14180.0,14168.0,12.0,14313.0,14329.0,-16.0,14485.0,14501.0,-16.0,2.408,2.408,0.0,0.33431,0.33431,0.0,0.8721311475409836,0.9669669669669669,-0.09483581942598329
8,44.0,41.0,14485.0,14501.0,-16.0,14633.0,14641.0,-8.0,14795.0,14769.0,26.0,2.56,2.496,0.06400000000000006,0.36363,0.34408000000000005,0.019549999999999956,0.9548387096774194,0.9552238805970149,-0.0003851709195955566
8,45.0,42.0,14795.0,14769.0,26.0,14957.0,14955.0,2.0,15111.0,15075.0,36.0,2.592,2.512,0.08000000000000007,0.45162,0.4565,-0.0048799999999999955,0.9746835443037974,0.7843137254901961,0.19036981881360138
8,46.0,43.0,15111.0,15075.0,36.0,15319.0,15325.0,-6.0,15485.0,15447.0,38.0,2.896,2.96,-0.06400000000000006,0.39981,0.40861000000000003,-0.00880000000000003,0.8877005347593583,0.6559139784946236,0.23178655626473466
8,47.0,44.0,15485.0,15447.0,38.0,15704.0,15703.0,1.0,15865.0,15825.0,40.0,3.08,3.024,0.05600000000000005,0.43891,0.43109,0.00782000000000005,0.8473684210526315,0.6455026455026456,0.20186577554998597
8,48.0,45.0,15865.0,15825.0,40.0,16065.0,16072.0,-7.0,16236.0,16195.0,41.0,2.888,2.952,-0.06400000000000006,0.43206999999999995,0.44672999999999996,-0.014660000000000006,0.921832884097035,0.6648648648648648,0.25696801923217016
8,50.0,46.0,16293.0,16195.0,98.0,16466.0,16466.0,0.0,16625.0,16590.0,35.0,1.64,3.152,-1.5120000000000002,0.40859999999999996,0.40664,0.0019599999999999618,0.9578313253012049,0.6278481012658228,0.32998322403538205
8,51.0,47.0,16625.0,16590.0,35.0,16807.0,16818.0,-11.0,16981.0,16941.0,40.0,2.728,2.816,-0.08799999999999963,0.40567,0.4105599999999999,-0.00488999999999995,0.9775280898876404,0.7008547008547008,0.2766733890329396
8,52.0,48.0,16981.0,16941.0,40.0,17215.0,17213.0,2.0,17380.0,17334.0,46.0,3.264,3.16,0.10399999999999965,0.43499000000000004,0.43304000000000004,0.0019500000000000073,0.8270676691729324,0.6157760814249365,0.21129158774799595
8,53.0,49.0,17380.0,17334.0,46.0,17583.0,17583.0,0.0,17730.0,17721.0,9.0,2.944,2.96,-0.016000000000000014,0.4809399999999999,0.4809399999999999,0.0,0.84,0.7131782945736433,0.12682170542635662
8,54.0,50.0,17730.0,17721.0,9.0,17881.0,17883.0,-2.0,18090.0,18140.0,-50.0,2.384,2.4,-0.016000000000000014,0.42717,0.4477,-0.020529999999999993,0.8388888888888889,0.7732696897374702,0.06561919915141867
8,55.0,51.0,18090.0,18140.0,-50.0,18261.0,18262.0,-1.0,18409.0,18390.0,19.0,3.04,3.032,0.008000000000000007,0.42913,0.42913,0.0,0.9278996865203761,0.976,-0.048100313479623846
8,56.0,52.0,18409.0,18390.0,19.0,18559.0,18561.0,-2.0,18717.0,18680.0,37.0,2.384,2.392,-0.008000000000000007,0.3392,0.37048000000000003,-0.03128000000000003,0.974025974025974,0.8206896551724138,0.15333631885356025
8,58.0,53.0,18759.0,18680.0,79.0,18923.0,18927.0,-4.0,19083.0,19050.0,33.0,1.52,2.928,-1.408,0.36266,0.34897,0.01368999999999998,0.9876543209876543,0.6648648648648648,0.3227894561227894
8,59.0,54.0,19083.0,19050.0,33.0,19317.0,19315.0,2.0,19473.0,19435.0,38.0,3.152,3.104,0.04800000000000004,0.46823000000000004,0.46726,0.0009700000000000264,0.8,0.6233766233766234,0.17662337662337668
8,60.0,55.0,19473.0,19435.0,38.0,19693.0,19695.0,-2.0,19856.0,19814.0,42.0,3.008,3.04,-0.03200000000000003,0.40665,0.41544000000000003,-0.00879000000000002,0.8511749347258486,0.6279683377308707,0.2232065969949779
8,61.0,56.0,19856.0,19814.0,42.0,20061.0,20063.0,-2.0,20227.0,20188.0,39.0,2.944,2.944,0.0,0.38123,0.38025000000000003,0.0009799999999999809,0.894878706199461,0.6684491978609626,0.2264295083384984
8,62.0,57.0,20227.0,20188.0,39.0,20415.0,20423.0,-8.0,20580.0,20551.0,29.0,2.832,2.88,-0.04800000000000004,0.38123,0.38123,0.0,0.9348441926345609,0.7052341597796143,0.22961003285494652
8,63.0,58.0,20580.0,20551.0,29.0,20748.0,20747.0,1.0,20902.0,20865.0,37.0,2.664,2.592,0.07200000000000006,0.51027,0.51027,0.0,0.9565217391304348,0.7515923566878981,0.20492938244253667
8,64.0,59.0,20902.0,20865.0,37.0,21113.0,21114.0,-1.0,21266.0,21236.0,30.0,2.92,2.936,-0.016000000000000014,0.43989,0.4438,-0.003909999999999969,0.8406593406593407,0.6576819407008085,0.18297739995853213
8,66.0,60.0,21382.0,21236.0,146.0,21541.0,21547.0,-6.0,21717.0,21673.0,44.0,1.464,3.464,-2.0,0.41838,0.43206999999999995,-0.01368999999999998,0.9492537313432836,0.5766590389016018,0.37259469244168186
8,68.0,61.0,21749.0,21673.0,76.0,21897.0,21909.0,-12.0,22074.0,22030.0,44.0,1.312,2.896,-1.5839999999999999,0.37928000000000006,0.38514000000000004,-0.005859999999999976,0.9107692307692308,0.6778711484593838,0.232898082309847
8,69.0,62.0,22074.0,22030.0,44.0,22244.0,22246.0,-2.0,22405.0,22366.0,39.0,2.776,2.696,0.07999999999999963,0.42424,0.42424,0.0,0.972809667673716,0.7142857142857143,0.2585239533880017
8,70.0,63.0,22405.0,22366.0,39.0,22609.0,22610.0,-1.0,22772.0,22732.0,40.0,2.92,2.912,0.008000000000000007,0.51124,0.52003,-0.008789999999999965,0.888283378746594,0.6666666666666667,0.22161671207992728
8,71.0,64.0,22772.0,22732.0,40.0,22951.0,22969.0,-18.0,23132.0,23159.0,-27.0,2.736,2.872,-0.13599999999999968,0.36168,0.36853,-0.006850000000000023,0.9944444444444445,0.8899297423887588,0.1045147020556857
8,72.0,65.0,23132.0,23159.0,-27.0,23293.0,23295.0,-2.0,23453.0,23421.0,32.0,2.736,2.608,0.1280000000000001,0.45552,0.45454999999999995,0.0009700000000000264,0.9968847352024922,0.9618320610687023,0.035052674133789874
8,73.0,66.0,23453.0,23421.0,32.0,23621.0,23628.0,-7.0,23802.0,23753.0,49.0,2.624,2.664,-0.040000000000000036,0.45355999999999996,0.48484,-0.03128000000000003,0.9627507163323782,0.7530120481927711,0.20973866813960707
8,74.0,67.0,23802.0,23753.0,49.0,23951.0,23959.0,-8.0,24119.0,24082.0,37.0,2.64,2.648,-0.008000000000000007,0.36364,0.34506000000000003,0.018579999999999985,0.9400630914826499,0.7477203647416413,0.1923427267410086
8,75.0,68.0,24119.0,24082.0,37.0,24346.0,24346.0,0.0,24505.0,24468.0,37.0,3.16,3.096,0.06400000000000006,0.45454999999999995,0.45161999999999997,0.002929999999999988,0.8238341968911918,0.6321243523316062,0.1917098445595855
8,76.0,69.0,24505.0,24468.0,37.0,24717.0,24720.0,-3.0,24881.0,24843.0,38.0,2.968,2.992,-0.02400000000000002,0.46627,0.46725,-0.0009799999999999809,0.8723404255319149,0.656,0.2163404255319149
8,77.0,70.0,24881.0,24843.0,38.0,25098.0,25102.0,-4.0,25264.0,25224.0,40.0,3.048,3.056,-0.008000000000000007,0.46530000000000005,0.46139,0.003910000000000025,0.8668407310704961,0.6404199475065617,0.22642078356393436
8,78.0,71.0,25264.0,25224.0,40.0,25471.0,25475.0,-4.0,25634.0,25598.0,36.0,2.984,2.984,0.0,0.41936000000000007,0.4213100000000001,-0.0019500000000000073,0.8810810810810811,0.6577540106951871,0.22332707038589394
8,79.0,72.0,25634.0,25598.0,36.0,25849.0,25853.0,-4.0,26002.0,25989.0,13.0,3.024,3.024,0.0,0.39492000000000005,0.4037200000000001,-0.00880000000000003,0.8315217391304348,0.6956521739130435,0.13586956521739135
8,80.0,73.0,26002.0,25989.0,13.0,26157.0,26161.0,-4.0,26296.0,26298.0,-2.0,2.464,2.464,0.0,0.43206,0.43206,0.0,0.9455782312925171,0.8867313915857605,0.058846839706756526
8,81.0,74.0,26296.0,26298.0,-2.0,26427.0,26434.0,-7.0,26585.0,26556.0,29.0,2.16,2.184,-0.02400000000000002,0.3851399999999999,0.3831899999999999,0.0019500000000000073,0.9065743944636678,0.9457364341085271,-0.039162039644859314
8,82.0,75.0,26585.0,26556.0,29.0,26765.0,26758.0,7.0,26915.0,26882.0,33.0,2.704,2.592,0.1120000000000001,0.40861000000000003,0.40861000000000003,0.0,0.9090909090909091,0.7607361963190185,0.1483547127718906
8,83.0,76.0,26915.0,26882.0,33.0,27133.0,27136.0,-3.0,27347.0,27260.0,87.0,2.944,3.024,-0.08000000000000007,0.44086,0.47312,-0.03226000000000001,0.9907407407407407,0.656084656084656,0.33465608465608465
8,84.0,77.0,27347.0,27260.0,87.0,27524.0,27527.0,-3.0,27703.0,27647.0,56.0,3.128,3.128,0.0,0.3910100000000001,0.3910100000000001,0.0,0.9943820224719101,0.6201550387596899,0.3742269837122202
8,85.0,78.0,27703.0,27647.0,56.0,27876.0,27877.0,-1.0,28027.0,28010.0,17.0,2.816,2.8,0.016000000000000014,0.45161000000000007,0.45161000000000007,0.0,0.9320987654320988,0.7327823691460056,0.1993163962860932
8,86.0,79.0,28027.0,28010.0,17.0,28181.0,28185.0,-4.0,28377.0,28309.0,68.0,2.44,2.464,-0.02400000000000002,0.34897,0.35484000000000004,-0.005870000000000042,0.88,0.8294314381270903,0.0505685618729097
8,87.0,80.0,28377.0,28309.0,68.0,28551.0,28551.0,0.0,28708.0,28674.0,34.0,2.96,2.928,0.03200000000000003,0.4261999999999999,0.4154399999999999,0.010759999999999992,0.9486404833836858,0.673972602739726,0.27466788064395975
8,88.0,81.0,28708.0,28674.0,34.0,28928.0,28925.0,3.0,29077.0,29060.0,17.0,3.016,2.992,0.02400000000000002,0.44671999999999995,0.4535699999999999,-0.006849999999999967,0.8075880758807588,0.6994818652849741,0.10810621059578462
8,89.0,82.0,29077.0,29060.0,17.0,29243.0,29239.0,4.0,29401.0,29359.0,42.0,2.52,2.512,0.008000000000000007,0.5229699999999999,0.52199,0.0009799999999999809,0.9753086419753086,0.802675585284281,0.1726330566910277
8,90.0,83.0,29401.0,29359.0,42.0,29609.0,29607.0,2.0,29765.0,29727.0,38.0,2.928,2.944,-0.016000000000000014,0.49755000000000005,0.49169000000000007,0.005859999999999976,0.8571428571428572,0.6521739130434783,0.20496894409937894
8,91.0,84.0,29765.0,29727.0,38.0,29955.0,29961.0,-6.0,30125.0,30083.0,42.0,2.768,2.832,-0.06400000000000006,0.46236,0.48582000000000003,-0.023460000000000036,0.9444444444444444,0.6853932584269663,0.2590511860174781
8,92.0,85.0,30125.0,30083.0,42.0,30315.0,30325.0,-10.0,30490.0,30448.0,42.0,2.88,2.912,-0.03200000000000003,0.43206,0.43792,-0.005859999999999976,0.9589041095890412,0.673972602739726,0.2849315068493151
8,93.0,86.0,30490.0,30448.0,42.0,30689.0,30694.0,-5.0,30862.0,30817.0,45.0,2.992,2.952,0.040000000000000036,0.47703000000000007,0.47703000000000007,0.0,0.9301075268817205,0.6666666666666667,0.26344086021505375
8,94.0,87.0,30862.0,30817.0,45.0,31033.0,31033.0,0.0,31193.0,31155.0,38.0,2.752,2.712,0.03999999999999959,0.48876,0.48583,0.002929999999999988,0.9667673716012084,0.7218934911242604,0.24487388047694802
8,95.0,88.0,31193.0,31155.0,38.0,31377.0,31388.0,-11.0,31548.0,31510.0,38.0,2.752,2.84,-0.08800000000000008,0.39296999999999993,0.40664999999999996,-0.013680000000000025,0.9633802816901409,0.6873239436619718,0.2760563380281691
8,96.0,89.0,31548.0,31510.0,38.0,31725.0,31725.0,0.0,31905.0,31848.0,57.0,2.784,2.696,0.08799999999999963,0.47117,0.47117,0.0,0.9915966386554622,0.7278106508875739,0.2637859877678883
8,97.0,90.0,31905.0,31848.0,57.0,32070.0,32078.0,-8.0,32240.0,32202.0,38.0,2.76,2.824,-0.06400000000000006,0.38906,0.39199,-0.002929999999999988,0.9850746268656716,0.7005649717514124,0.2845096551142592
8,98.0,91.0,32240.0,32202.0,38.0,32437.0,32443.0,-6.0,32593.0,32585.0,8.0,2.936,2.92,0.016000000000000014,0.43304000000000004,0.43304000000000004,0.0,0.8838526912181304,0.7415143603133159,0.14233833090481451
8,99.0,92.0,32593.0,32585.0,8.0,32737.0,32743.0,-6.0,32904.0,32869.0,35.0,2.4,2.4,0.0,0.38612,0.39394,-0.007819999999999994,0.9260450160771704,0.8873239436619719,0.03872107241519851
8,100.0,93.0,32904.0,32869.0,35.0,33089.0,33104.0,-15.0,33267.0,33227.0,40.0,2.816,2.888,-0.07200000000000006,0.37829999999999997,0.37048,0.007819999999999994,0.9807162534435262,0.6871508379888268,0.2935654154546994
8,101.0,94.0,33267.0,33227.0,40.0,33475.0,33481.0,-6.0,33645.0,33604.0,41.0,3.088,3.016,0.07200000000000006,0.43402,0.43206,0.0019600000000000173,0.8994708994708995,0.6525198938992043,0.24695100557169525
8,102.0,95.0,33645.0,33604.0,41.0,33820.0,33837.0,-17.0,34005.0,34045.0,-40.0,2.76,2.848,-0.08800000000000008,0.34213000000000005,0.34800000000000003,-0.005869999999999986,0.9722222222222222,0.9433106575963719,0.028911564625850317
8,103.0,96.0,34005.0,34045.0,-40.0,34175.0,34173.0,2.0,34348.0,34297.0,51.0,2.84,2.688,0.1519999999999997,0.49656999999999996,0.49266,0.003909999999999969,0.9912536443148688,0.9841269841269842,0.007126660187884659
8,104.0,97.0,34348.0,34297.0,51.0,34505.0,34517.0,-12.0,34678.0,34656.0,22.0,2.64,2.752,-0.11199999999999966,0.41445999999999994,0.42618999999999996,-0.011730000000000018,0.9515151515151515,0.7743732590529248,0.17714189246222678
8,105.0,98.0,34678.0,34656.0,22.0,34830.0,34837.0,-7.0,34998.0,34958.0,40.0,2.6,2.56,0.040000000000000036,0.41935,0.41935,0.0,0.95,0.8013245033112583,0.1486754966887417
8,107.0,99.0,35045.0,34958.0,87.0,35207.0,35214.0,-7.0,35364.0,35357.0,7.0,1.504,3.016,-1.512,0.41154,0.41154,0.0,0.9843260188087775,0.7167919799498748,0.2675340388589027
8,108.0,100.0,35364.0,35357.0,7.0,35503.0,35514.0,-11.0,35674.0,35638.0,36.0,2.368,2.4,-0.03200000000000003,0.40567,0.41252,-0.006850000000000023,0.896774193548387,0.8825622775800712,0.014211915968315836
8,109.0,101.0,35674.0,35638.0,36.0,35837.0,35840.0,-3.0,36015.0,35962.0,53.0,2.672,2.608,0.06400000000000006,0.41544,0.41544,0.0,0.9560117302052786,0.7530864197530864,0.2029253104521922
8,111.0,102.0,36017.0,35962.0,55.0,36211.0,36213.0,-2.0,36384.0,36336.0,48.0,1.56,2.984,-1.424,0.44282,0.45357,-0.010749999999999982,0.9427792915531336,0.6577540106951871,0.28502528085794643
8,112.0,103.0,36384.0,36336.0,48.0,36585.0,36583.0,2.0,36741.0,36701.0,40.0,2.992,2.96,0.03200000000000003,0.54741,0.54252,0.00488999999999995,0.8739495798319328,0.6465753424657534,0.22737423736617934
8,114.0,104.0,36791.0,36701.0,90.0,36951.0,36954.0,-3.0,37113.0,37074.0,39.0,1.568,2.968,-1.4,0.44868,0.45553,-0.006849999999999967,0.9937888198757764,0.6434316353887399,0.35035718448703645
8,115.0,105.0,37113.0,37074.0,39.0,37329.0,37333.0,-4.0,37489.0,37468.0,21.0,3.024,3.032,-0.008000000000000007,0.40469,0.40469,0.0,0.851063829787234,0.6852791878172588,0.16578464196997522
8,116.0,106.0,37489.0,37468.0,21.0,37653.0,37653.0,0.0,37834.0,37779.0,55.0,2.592,2.56,0.03200000000000003,0.48582,0.48582,0.0,0.9507246376811594,0.8102893890675241,0.14043524861363532
8,117.0,107.0,37834.0,37779.0,55.0,38055.0,38061.0,-6.0,38230.0,38184.0,46.0,3.216,3.264,-0.0479999999999996,0.46432000000000007,0.47312000000000004,-0.008799999999999975,0.8838383838383839,0.6074074074074074,0.27643097643097647
8,118.0,108.0,38230.0,38184.0,46.0,38459.0,38461.0,-2.0,38629.0,38585.0,44.0,3.232,3.2,0.03200000000000003,0.48876,0.48387,0.00488999999999995,0.8521303258145363,0.6184538653366584,0.23367646047787793
8,119.0,109.0,38629.0,38585.0,44.0,38835.0,38837.0,-2.0,39001.0,38959.0,42.0,3.008,3.008,0.0,0.46626999999999996,0.46724999999999994,-0.0009799999999999809,0.8924731182795699,0.6524064171122994,0.24006670116727047
8,120.0,110.0,39001.0,38959.0,42.0,39205.0,39209.0,-4.0,39373.0,39335.0,38.0,2.96,2.976,-0.016000000000000014,0.43890000000000007,0.44281000000000004,-0.003909999999999969,0.9032258064516129,0.6702127659574468,0.23301304049416605
8,121.0,111.0,39373.0,39335.0,38.0,39605.0,39612.0,-7.0,39793.0,39740.0,53.0,3.2,3.224,-0.02400000000000002,0.35385999999999995,0.35385999999999995,0.0,0.8952380952380953,0.6320987654320988,0.2631393298059965
8,122.0,112.0,39793.0,39740.0,53.0,39942.0,39959.0,-17.0,40117.0,40099.0,18.0,2.696,2.776,-0.07999999999999963,0.40274,0.39980999999999994,0.0029300000000000437,0.9197530864197531,0.7799442896935933,0.13980879672615976
8,123.0,113.0,40117.0,40099.0,18.0,40277.0,40279.0,-2.0,40427.0,40413.0,14.0,2.68,2.56,0.1200000000000001,0.47702,0.48191000000000006,-0.004890000000000061,0.967741935483871,0.8535031847133758,0.11423875077049517
8,124.0,114.0,40427.0,40413.0,14.0,40575.0,40575.0,0.0,40734.0,40701.0,33.0,2.384,2.368,0.016000000000000014,0.40763,0.40763,0.0,0.9641693811074918,0.875,0.08916938110749184
8,125.0,115.0,40734.0,40701.0,33.0,40903.0,40910.0,-7.0,41090.0,41045.0,45.0,2.624,2.68,-0.05600000000000005,0.41153999999999996,0.41153999999999996,0.0,0.949438202247191,0.7848837209302326,0.16455448131695838
8,126.0,116.0,41090.0,41045.0,45.0,41247.0,41258.0,-11.0,41475.0,41519.0,-44.0,2.752,2.784,-0.03200000000000003,0.38123000000000007,0.38612,-0.00488999999999995,0.8155844155844156,0.8987341772151899,-0.08314976163077425
8,127.0,117.0,41475.0,41519.0,-44.0,41632.0,41640.0,-8.0,41796.0,41761.0,35.0,3.08,3.056,0.02400000000000002,0.32258,0.31084999999999996,0.011730000000000018,0.9781931464174455,1.0,-0.02180685358255452
8,128.0,118.0,41796.0,41761.0,35.0,42020.0,42018.0,2.0,42175.0,42139.0,36.0,3.104,3.024,0.08000000000000007,0.41446,0.40078,0.01367999999999997,0.8179419525065963,0.6402116402116402,0.17773031229495606
8,129.0,119.0,42175.0,42139.0,36.0,42393.0,42395.0,-2.0,42549.0,42538.0,11.0,2.984,3.016,-0.03200000000000003,0.4174,0.4174,0.0,0.8342245989304813,0.7167919799498748,0.11743261898060653
8,130.0,120.0,42549.0,42538.0,11.0,42706.0,42706.0,0.0,42857.0,42838.0,19.0,2.504,2.488,0.016000000000000014,0.44770000000000004,0.45748,-0.009779999999999955,0.9805194805194806,0.88,0.10051948051948056
8,131.0,121.0,42857.0,42838.0,19.0,43009.0,43013.0,-4.0,43169.0,43135.0,34.0,2.424,2.456,-0.03200000000000003,0.32550999999999997,0.33039999999999997,-0.0048900000000000055,0.9743589743589743,0.8215488215488216,0.15281015281015276
8,132.0,122.0,43169.0,43135.0,34.0,43356.0,43368.0,-12.0,43524.0,43512.0,12.0,2.776,2.84,-0.06400000000000006,0.35973,0.36558999999999997,-0.005859999999999976,0.9464788732394366,0.7639257294429709,0.1825531437964657
8,133.0,123.0,43524.0,43512.0,12.0,43681.0,43682.0,-1.0,43845.0,43803.0,42.0,2.6,2.512,0.08800000000000008,0.40763000000000005,0.39199000000000006,0.015639999999999987,0.9781931464174455,0.831615120274914,0.14657802614253146
8,134.0,124.0,43845.0,43803.0,42.0,44033.0,44041.0,-8.0,44203.0,44165.0,38.0,2.816,2.872,-0.05600000000000005,0.44477,0.44477,0.0,0.9497206703910615,0.6850828729281768,0.2646377974628846
8,135.0,125.0,44203.0,44165.0,38.0,44364.0,44367.0,-3.0,44530.0,44488.0,42.0,2.648,2.608,0.040000000000000036,0.43499,0.43499,0.0,0.9847094801223242,0.7492260061919505,0.23548347393037372
8,136.0,126.0,44530.0,44488.0,42.0,44727.0,44739.0,-12.0,44898.0,44861.0,37.0,2.904,2.976,-0.07200000000000006,0.38318,0.36852,0.014660000000000006,0.9293478260869565,0.6541554959785523,0.27519233010840427
8,137.0,127.0,44898.0,44861.0,37.0,45073.0,45082.0,-9.0,45261.0,45216.0,45.0,2.768,2.744,0.023999999999999577,0.28739000000000003,0.29814,-0.010749999999999982,0.9641873278236914,0.7549295774647887,0.2092577503589027
8,138.0,128.0,45261.0,45216.0,45.0,45441.0,45437.0,4.0,45600.0,45558.0,42.0,2.944,2.84,0.10400000000000009,0.46137999999999996,0.46137999999999996,0.0,0.9380530973451328,0.7076023391812866,0.2304507581638462
8,139.0,129.0,45600.0,45558.0,42.0,45799.0,45799.0,0.0,45974.0,45925.0,49.0,2.864,2.896,-0.03200000000000003,0.44770000000000004,0.44281000000000004,0.0048900000000000055,0.9358288770053476,0.6866485013623977,0.24918037564294981
8,140.0,130.0,45974.0,45925.0,49.0,46171.0,46170.0,1.0,46323.0,46314.0,9.0,2.976,2.968,0.008000000000000007,0.52689,0.5366599999999999,-0.009769999999999945,0.8710601719197708,0.7403598971722365,0.13070027474753432
8,141.0,131.0,46323.0,46314.0,9.0,46478.0,46481.0,-3.0,46646.0,46606.0,40.0,2.456,2.488,-0.03200000000000003,0.46237000000000006,0.4613900000000001,0.0009799999999999809,0.9597523219814241,0.8561643835616438,0.10358793841978031
8,142.0,132.0,46646.0,46606.0,40.0,46825.0,46831.0,-6.0,46994.0,46956.0,38.0,2.776,2.8,-0.02400000000000002,0.46236,0.47214,-0.009780000000000011,0.9712643678160919,0.7142857142857143,0.25697865353037763
8,143.0,133.0,46994.0,46956.0,38.0,47157.0,47161.0,-4.0,47336.0,47285.0,51.0,2.656,2.64,0.016000000000000014,0.44086,0.43989,0.0009699999999999709,0.9532163742690059,0.7537993920972644,0.19941698217174142
8,144.0,134.0,47336.0,47285.0,51.0,47505.0,47516.0,-11.0,47676.0,47648.0,28.0,2.784,2.84,-0.05600000000000005,0.3998,0.41446,-0.014660000000000006,0.9941176470588236,0.7272727272727273,0.26684491978609626
8,145.0,135.0,47676.0,47648.0,28.0,47839.0,47842.0,-3.0,48001.0,47967.0,34.0,2.672,2.608,0.06400000000000006,0.41446,0.41446,0.0,0.9969230769230769,0.7836990595611285,0.2132240173619484
8,146.0,136.0,48001.0,47967.0,34.0,48262.0,48268.0,-6.0,48428.0,48396.0,32.0,3.384,3.408,-0.02400000000000002,0.43304,0.4389,-0.005860000000000032,0.7775175644028103,0.5967365967365967,0.18078096766621354
8,147.0,137.0,48428.0,48396.0,32.0,48597.0,48592.0,5.0,48752.0,48713.0,39.0,2.68,2.592,0.08800000000000008,0.41740000000000005,0.41252,0.004880000000000051,0.9567901234567902,0.7634069400630915,0.19338318339369864
8,148.0,138.0,48752.0,48713.0,39.0,48954.0,48954.0,0.0,49120.0,49079.0,41.0,2.856,2.896,-0.040000000000000036,0.47019,0.48778000000000005,-0.01759000000000005,0.9021739130434783,0.6830601092896175,0.2191138037538608
8,149.0,139.0,49120.0,49079.0,41.0,49337.0,49334.0,3.0,49493.0,49459.0,34.0,3.064,3.04,0.02400000000000002,0.46823,0.45748,0.010749999999999982,0.8364611260053619,0.6578947368421053,0.17856638916325662
8,150.0,140.0,49493.0,49459.0,34.0,49743.0,49752.0,-9.0,49922.0,49874.0,48.0,3.248,3.344,-0.09599999999999964,0.44867999999999997,0.4653,-0.016620000000000024,0.8344988344988344,0.5879518072289156,0.24654702726991884
8,151.0,141.0,49922.0,49874.0,48.0,50093.0,50094.0,-1.0,50251.0,50217.0,34.0,2.8,2.736,0.06399999999999961,0.49266999999999994,0.49266999999999994,0.0,0.9604863221884499,0.717201166180758,0.24328515600769185
8,152.0,142.0,50251.0,50217.0,34.0,50536.0,50533.0,3.0,50691.0,50656.0,35.0,3.544,3.512,0.03200000000000003,0.41545,0.42228999999999994,-0.006839999999999957,0.7045454545454546,0.5603644646924829,0.14418098985297167
8,153.0,143.0,50691.0,50656.0,35.0,50898.0,50900.0,-2.0,51064.0,51023.0,41.0,2.896,2.936,-0.040000000000000036,0.42717999999999995,0.43109,-0.003910000000000025,0.8900804289544236,0.670299727520436,0.21978070143398765
8,154.0,144.0,51064.0,51023.0,41.0,51261.0,51270.0,-9.0,51431.0,51391.0,40.0,2.904,2.96,-0.05600000000000005,0.46725000000000005,0.47312000000000004,-0.005869999999999986,0.9264305177111717,0.6576086956521738,0.26882182205899785
8,155.0,145.0,51431.0,51391.0,40.0,51599.0,51600.0,-1.0,51743.0,51744.0,-1.0,2.704,2.64,0.06400000000000006,0.35875,0.35875,0.0,0.9230769230769231,0.8158640226628895,0.10721290041403364
8,156.0,146.0,51743.0,51744.0,-1.0,51887.0,51893.0,-6.0,52052.0,52014.0,38.0,2.304,2.344,-0.040000000000000036,0.40175999999999995,0.39296,0.008799999999999975,0.9320388349514563,0.8962962962962963,0.03574253865516008
8,158.0,147.0,52113.0,52014.0,99.0,52287.0,52284.0,3.0,52444.0,52404.0,40.0,1.68,3.128,-1.4480000000000002,0.46725,0.46725,0.0,0.9486404833836858,0.6153846153846154,0.33325586799907037
8,159.0,148.0,52444.0,52404.0,40.0,52667.0,52667.0,0.0,52842.0,52793.0,49.0,3.04,3.064,-0.02400000000000002,0.50635,0.5200400000000001,-0.013690000000000091,0.8793969849246231,0.6478149100257069,0.23158207489891625
8,161.0,149.0,52920.0,52793.0,127.0,53073.0,53081.0,-8.0,53238.0,53203.0,35.0,1.392,3.312,-1.92,0.4565,0.45552000000000004,0.0009799999999999809,0.9622641509433962,0.5951219512195122,0.36714219972388407
8,162.0,150.0,53238.0,53203.0,35.0,53401.0,53403.0,-2.0,53564.0,53523.0,41.0,2.624,2.576,0.04800000000000004,0.45259000000000005,0.46726,-0.01466999999999996,1.0,0.75,0.25
8,163.0,151.0,53564.0,53523.0,41.0,53745.0,53750.0,-5.0,53903.0,53881.0,22.0,2.752,2.776,-0.02400000000000002,0.45747999999999994,0.45747999999999994,0.0,0.9321533923303835,0.7318435754189945,0.20030981691138905
8,164.0,152.0,53903.0,53881.0,22.0,54047.0,54058.0,-11.0,54214.0,54186.0,28.0,2.416,2.464,-0.04800000000000004,0.41056,0.41056,0.0,0.9260450160771704,0.839344262295082,0.08670075378208841
8,165.0,153.0,54214.0,54186.0,28.0,54379.0,54376.0,3.0,54534.0,54498.0,36.0,2.656,2.544,0.1120000000000001,0.4565,0.44965000000000005,0.006849999999999967,0.96875,0.782051282051282,0.18669871794871795
8,166.0,154.0,54534.0,54498.0,36.0,54755.0,54756.0,-1.0,54915.0,54878.0,37.0,3.008,3.04,-0.03200000000000003,0.45748,0.47312,-0.015639999999999987,0.8398950131233596,0.6421052631578947,0.19778974996546483
8,167.0,155.0,54915.0,54878.0,37.0,55131.0,55132.0,-1.0,55289.0,55253.0,36.0,3.008,3.008,0.0,0.43988000000000005,0.43500000000000005,0.0048799999999999955,0.8449197860962567,0.6453333333333333,0.19958645276292342
8,168.0,156.0,55289.0,55253.0,36.0,55510.0,55513.0,-3.0,55673.0,55635.0,38.0,3.032,3.048,-0.016000000000000014,0.37732,0.37927,-0.0019500000000000073,0.8489583333333334,0.6387434554973822,0.21021487783595116
8,169.0,157.0,55673.0,55635.0,38.0,55863.0,55874.0,-11.0,56024.0,56014.0,10.0,2.824,2.888,-0.06400000000000006,0.38025999999999993,0.38808,-0.00782000000000005,0.9173789173789174,0.7387862796833773,0.17859263769554012
8,170.0,158.0,56024.0,56014.0,10.0,56157.0,56171.0,-14.0,56330.0,56300.0,30.0,2.352,2.376,-0.02400000000000002,0.38514000000000004,0.37439,0.010750000000000037,0.869281045751634,0.9020979020979021,-0.032816856346268075
8,171.0,159.0,56330.0,56300.0,30.0,56493.0,56498.0,-5.0,56640.0,56640.0,0.0,2.688,2.616,0.07200000000000006,0.4174,0.41935,-0.0019500000000000073,0.9483870967741935,0.8352941176470589,0.11309297912713467
8,172.0,160.0,56640.0,56640.0,0.0,56786.0,56789.0,-3.0,56952.0,56914.0,38.0,2.344,2.328,0.016000000000000014,0.37340999999999996,0.36071,0.012699999999999989,0.9358974358974359,0.9124087591240876,0.023488676773348316
8,173.0,161.0,56952.0,56914.0,38.0,57137.0,57155.0,-18.0,57316.0,57292.0,24.0,2.808,2.928,-0.1200000000000001,0.38904999999999995,0.39197999999999994,-0.002929999999999988,0.9835164835164835,0.7248677248677249,0.2586487586487586
8,174.0,162.0,57316.0,57292.0,24.0,57476.0,57482.0,-6.0,57648.0,57606.0,42.0,2.712,2.616,0.09600000000000009,0.43108,0.43499000000000004,-0.003910000000000025,0.963855421686747,0.7898089171974523,0.1740465044892947
8,175.0,163.0,57648.0,57606.0,42.0,57806.0,57813.0,-7.0,57984.0,57937.0,47.0,2.64,2.648,-0.008000000000000007,0.45943000000000006,0.45943000000000006,0.0,0.9404761904761905,0.7492447129909365,0.19123147748525393
8,176.0,164.0,57984.0,57937.0,47.0,58247.0,58245.0,2.0,58383.0,58380.0,3.0,3.528,3.456,0.07200000000000006,0.49071,0.49071,0.0,0.681704260651629,0.6094808126410836,0.07222344801054548
8,177.0,165.0,58383.0,58380.0,3.0,58519.0,58526.0,-7.0,58688.0,58649.0,39.0,2.176,2.248,-0.07200000000000006,0.40078,0.39003,0.010750000000000037,0.8918032786885246,0.9144981412639406,-0.022694862575415975
8,178.0,166.0,58688.0,58649.0,39.0,58903.0,58905.0,-2.0,59059.0,59023.0,36.0,3.072,3.032,0.040000000000000036,0.4682299999999999,0.478,-0.009770000000000056,0.8409703504043127,0.6310160427807487,0.20995430762356393
8,179.0,167.0,59059.0,59023.0,36.0,59250.0,59261.0,-11.0,59424.0,59382.0,42.0,2.776,2.848,-0.07200000000000006,0.43401,0.43401,0.0,0.9534246575342465,0.6740947075208914,0.27932995001335514
8,180.0,168.0,59424.0,59382.0,42.0,59647.0,59653.0,-6.0,59815.0,59777.0,38.0,3.176,3.136,0.040000000000000036,0.45553,0.45944,-0.003910000000000025,0.8593350383631714,0.6278481012658228,0.23148693709734858
9,2.0,1.0,497.0,446.0,51.0,696.0,689.0,7.0,878.0,819.0,59.0,3.032,3.008,0.02400000000000002,0.2913,0.2913,0.0,0.9553805774278216,0.6970509383378016,0.25832963909001994
9,3.0,2.0,878.0,819.0,59.0,1075.0,1064.0,11.0,1240.0,1197.0,43.0,3.032,3.0,0.03200000000000003,0.27272,0.26393,0.00879000000000002,0.9116022099447514,0.7037037037037037,0.20789850624104766
9,4.0,3.0,1240.0,1197.0,43.0,1444.0,1439.0,5.0,1613.0,1571.0,42.0,2.952,3.0,-0.04800000000000004,0.25904,0.26686,-0.007819999999999994,0.9061662198391421,0.7058823529411764,0.20028386689796573
9,5.0,4.0,1613.0,1571.0,42.0,1817.0,1814.0,3.0,1988.0,1948.0,40.0,2.984,3.0,-0.016000000000000014,0.25025000000000003,0.25220000000000004,-0.0019500000000000073,0.912,0.7108753315649867,0.2011246684350133
9,6.0,5.0,1988.0,1948.0,40.0,2196.0,2190.0,6.0,2371.0,2323.0,48.0,3.032,3.008,0.02400000000000002,0.26882,0.26882,0.0,0.9138381201044387,0.7093333333333334,0.20450478677110528
9,7.0,6.0,2371.0,2323.0,48.0,2565.0,2562.0,3.0,2748.0,2693.0,55.0,2.952,2.976,-0.02400000000000002,0.261,0.261,0.0,0.9708222811671088,0.7081081081081081,0.2627141730590007
9,8.0,7.0,2748.0,2693.0,55.0,2938.0,2937.0,1.0,3116.0,3067.0,49.0,2.984,3.0,-0.016000000000000014,0.26881,0.26881,0.0,0.967391304347826,0.6951871657754011,0.272204138572425
9,9.0,8.0,3116.0,3067.0,49.0,3317.0,3313.0,4.0,3502.0,3443.0,59.0,3.032,3.008,0.02400000000000002,0.2825,0.28054,0.0019599999999999618,0.9585492227979274,0.6914893617021276,0.2670598610957998
9,10.0,9.0,3502.0,3443.0,59.0,3702.0,3688.0,14.0,3879.0,3818.0,61.0,3.08,3.0,0.08000000000000007,0.25806,0.26393,-0.005869999999999986,0.9389920424403183,0.6933333333333334,0.24565870910698495
9,11.0,10.0,3879.0,3818.0,61.0,4068.0,4064.0,4.0,4239.0,4198.0,41.0,2.928,3.008,-0.08000000000000007,0.25416,0.25122,0.002939999999999998,0.95,0.7052631578947368,0.24473684210526314
9,12.0,11.0,4239.0,4198.0,41.0,4443.0,4438.0,5.0,4611.0,4568.0,43.0,3.0,2.992,0.008000000000000007,0.23362999999999998,0.23753999999999997,-0.003909999999999997,0.9032258064516129,0.7027027027027026,0.20052310374891025
9,13.0,12.0,4611.0,4568.0,43.0,4820.0,4814.0,6.0,4997.0,5057.0,-60.0,3.016,3.008,0.008000000000000007,0.25416,0.25416,0.0,0.917098445595855,0.9938650306748467,-0.0767665850789917
9,14.0,13.0,4997.0,5057.0,-60.0,5183.0,5186.0,-3.0,5372.0,5316.0,56.0,2.904,2.976,-0.07200000000000006,0.24927,0.24927,0.0,0.992,0.9961389961389961,-0.004138996138996154
9,15.0,14.0,5372.0,5316.0,56.0,5564.0,5561.0,3.0,5743.0,5692.0,51.0,3.048,3.0,0.04800000000000004,0.27468,0.27175,0.002929999999999988,0.9649595687331536,0.6968085106382979,0.26815105809485573
9,16.0,15.0,5743.0,5692.0,51.0,5945.0,5938.0,7.0,6107.0,6066.0,41.0,3.048,3.016,0.03200000000000003,0.27273,0.27957,-0.006840000000000013,0.8901098901098901,0.6844919786096257,0.20561791150026432
9,17.0,16.0,6107.0,6066.0,41.0,6324.0,6314.0,10.0,6488.0,6444.0,44.0,3.032,3.008,0.02400000000000002,0.26979,0.26783999999999997,0.0019500000000000073,0.8608923884514436,0.6878306878306879,0.17306170062075565
9,18.0,17.0,6488.0,6444.0,44.0,6696.0,6688.0,8.0,6860.0,6818.0,42.0,2.976,2.992,-0.016000000000000014,0.24536,0.24927,-0.003909999999999997,0.8817204301075269,0.6951871657754011,0.1865332643321258
9,19.0,18.0,6860.0,6818.0,42.0,7068.0,7063.0,5.0,7236.0,7195.0,41.0,2.976,3.0,-0.02400000000000002,0.24633000000000002,0.23949,0.006840000000000013,0.8936170212765957,0.7002652519893899,0.19335176928720577
9,20.0,19.0,7236.0,7195.0,41.0,7443.0,7439.0,4.0,7612.0,7571.0,41.0,3.0,3.008,-0.008000000000000007,0.26198,0.26295,-0.0009700000000000264,0.898936170212766,0.7021276595744681,0.19680851063829785
9,21.0,20.0,7612.0,7571.0,41.0,7818.0,7813.0,5.0,7996.0,7946.0,50.0,3.0,2.992,0.008000000000000007,0.24829,0.24829,0.0,0.9270833333333334,0.7093333333333334,0.21775
9,22.0,21.0,7996.0,7946.0,50.0,8190.0,8188.0,2.0,8375.0,8320.0,55.0,2.976,3.0,-0.02400000000000002,0.2395,0.2395,0.0,0.9762532981530343,0.7058823529411764,0.2703709452118579
9,23.0,22.0,8375.0,8320.0,55.0,8561.0,8562.0,-1.0,8744.0,8691.0,53.0,2.968,2.992,-0.02400000000000002,0.26393,0.26393,0.0,0.991869918699187,0.6954177897574124,0.29645212894177453
9,24.0,23.0,8744.0,8691.0,53.0,8944.0,8937.0,7.0,9118.0,9066.0,52.0,3.064,3.0,0.06400000000000006,0.28739,0.28542999999999996,0.0019600000000000173,0.9304812834224598,0.688,0.2424812834224599
9,25.0,24.0,9118.0,9066.0,52.0,9324.0,9313.0,11.0,9504.0,9443.0,61.0,3.04,3.008,0.03200000000000003,0.27566,0.27957,-0.003909999999999969,0.9326424870466321,0.6896551724137931,0.24298731463283896
9,26.0,25.0,9504.0,9443.0,61.0,9696.0,9689.0,7.0,9863.0,9820.0,43.0,2.976,3.008,-0.03200000000000003,0.25709000000000004,0.25709000000000004,0.0,0.9303621169916434,0.6949602122015914,0.23540190479005196
9,27.0,26.0,9863.0,9820.0,43.0,10069.0,10063.0,6.0,10234.0,10193.0,41.0,2.984,2.992,-0.008000000000000007,0.25317999999999996,0.25610999999999995,-0.002929999999999988,0.889487870619946,0.6970509383378016,0.19243693228214442
9,28.0,27.0,10234.0,10193.0,41.0,10444.0,10438.0,6.0,10617.0,10571.0,46.0,3.0,3.0,0.0,0.24535,0.24633000000000002,-0.0009800000000000086,0.9033942558746736,0.7037037037037037,0.19969055217096987
9,29.0,28.0,10617.0,10571.0,46.0,10817.0,10813.0,4.0,10996.0,10945.0,51.0,2.984,3.0,-0.016000000000000014,0.25220000000000004,0.25220000000000004,0.0,0.9445910290237467,0.7058823529411764,0.2387086760825703
9,30.0,29.0,10996.0,10945.0,51.0,11188.0,11187.0,1.0,11378.0,11320.0,58.0,2.968,2.992,-0.02400000000000002,0.26881999999999995,0.26881999999999995,0.0,0.9947643979057592,0.7093333333333334,0.28543106457242584
9,31.0,30.0,11378.0,11320.0,58.0,11566.0,11563.0,3.0,11745.0,11695.0,50.0,3.024,3.008,0.016000000000000014,0.28835999999999995,0.28542999999999996,0.002929999999999988,0.9754768392370572,0.704,0.27147683923705723
9,32.0,31.0,11745.0,11695.0,50.0,11947.0,11938.0,9.0,12128.0,12070.0,58.0,3.048,3.0,0.04800000000000004,0.28544,0.28739000000000003,-0.0019500000000000073,0.9451697127937336,0.704,0.24116971279373367
9,33.0,32.0,12128.0,12070.0,58.0,12322.0,12313.0,9.0,12493.0,12445.0,48.0,3.0,3.0,0.0,0.25416,0.25807,-0.003910000000000025,0.936986301369863,0.704,0.2329863013698631
9,34.0,33.0,12493.0,12445.0,48.0,12692.0,12688.0,4.0,12859.0,12818.0,41.0,2.96,3.0,-0.040000000000000036,0.24730999999999997,0.24927,-0.0019600000000000173,0.912568306010929,0.6970509383378016,0.21551736767312735
9,35.0,34.0,12859.0,12818.0,41.0,13069.0,13062.0,7.0,13240.0,13195.0,45.0,3.016,2.992,0.02400000000000002,0.25318,0.25318,0.0,0.8976377952755905,0.7055702917771883,0.19206750349840218
9,36.0,35.0,13240.0,13195.0,45.0,13440.0,13437.0,3.0,13627.0,13680.0,-53.0,2.968,3.0,-0.03200000000000003,0.25904000000000005,0.26002000000000003,-0.0009799999999999809,0.9664082687338501,0.9979381443298969,-0.03152987559604681
9,37.0,36.0,13627.0,13680.0,-53.0,13815.0,13813.0,2.0,13996.0,13944.0,52.0,3.0,3.008,-0.008000000000000007,0.28251,0.27762,0.0048900000000000055,0.981029810298103,0.9924242424242424,-0.011394432126139442
9,38.0,37.0,13996.0,13944.0,52.0,14194.0,14188.0,6.0,14374.0,14319.0,55.0,3.032,3.0,0.03200000000000003,0.28347999999999995,0.27957,0.003909999999999969,0.9523809523809523,0.6986666666666667,0.25371428571428567
9,39.0,38.0,14374.0,14319.0,55.0,14574.0,14563.0,11.0,14758.0,14695.0,63.0,3.04,3.0,0.040000000000000036,0.27175000000000005,0.27273000000000003,-0.0009799999999999809,0.9583333333333334,0.7021276595744681,0.25620567375886527
9,40.0,39.0,14758.0,14695.0,63.0,14944.0,14937.0,7.0,15108.0,15069.0,39.0,2.96,2.992,-0.03200000000000003,0.25512999999999997,0.25805999999999996,-0.002929999999999988,0.9371428571428572,0.7058823529411764,0.23126050420168076
9,41.0,40.0,15108.0,15069.0,39.0,15317.0,15312.0,5.0,15493.0,15444.0,49.0,2.984,3.0,-0.016000000000000014,0.25806,0.25806,0.0,0.9142857142857143,0.704,0.2102857142857143
9,42.0,41.0,15493.0,15444.0,49.0,15694.0,15686.0,8.0,15870.0,15816.0,54.0,3.016,2.992,0.02400000000000002,0.25317,0.25317,0.0,0.9336870026525199,0.6989247311827957,0.23476227146972417
9,43.0,42.0,15870.0,15816.0,54.0,16061.0,16061.0,0.0,16246.0,16189.0,57.0,2.936,3.0,-0.06400000000000006,0.28152,0.28152,0.0,0.9840425531914894,0.6863270777479893,0.2977154754435001
9,44.0,43.0,16246.0,16189.0,57.0,16444.0,16439.0,5.0,16623.0,16571.0,52.0,3.064,3.024,0.040000000000000036,0.28152999999999995,0.27859999999999996,0.002929999999999988,0.9496021220159151,0.6910994764397906,0.25850264557612446
9,45.0,44.0,16623.0,16571.0,52.0,16823.0,16812.0,11.0,16986.0,16943.0,43.0,3.032,2.984,0.04800000000000004,0.2522,0.25709000000000004,-0.004890000000000061,0.8980716253443526,0.7043010752688172,0.19377055007553534
9,46.0,45.0,16986.0,16943.0,43.0,17194.0,17189.0,5.0,17358.0,17319.0,39.0,2.968,3.016,-0.04800000000000004,0.26197000000000004,0.26686,-0.00488999999999995,0.8817204301075269,0.6914893617021276,0.19023106840539927
9,47.0,46.0,17358.0,17319.0,39.0,17568.0,17563.0,5.0,17742.0,17696.0,46.0,2.992,2.992,0.0,0.25709,0.25610999999999995,0.0009800000000000364,0.90625,0.7055702917771883,0.20067970822281167
9,48.0,47.0,17742.0,17696.0,46.0,17944.0,17936.0,8.0,18116.0,18062.0,54.0,3.008,2.984,0.02400000000000002,0.25512999999999997,0.25512999999999997,0.0,0.9197860962566845,0.6885245901639344,0.2312615060927501
9,49.0,48.0,18116.0,18062.0,54.0,18306.0,18311.0,-5.0,18501.0,18441.0,60.0,2.896,3.0,-0.10400000000000009,0.24731,0.24536,0.0019500000000000073,0.987012987012987,0.6860158311345647,0.30099715587842235
9,50.0,49.0,18501.0,18441.0,60.0,18690.0,18687.0,3.0,18867.0,18817.0,50.0,3.072,3.008,0.06400000000000006,0.25708000000000003,0.25708000000000003,0.0,0.9672131147540983,0.6914893617021276,0.2757237530519707
9,51.0,50.0,18867.0,18817.0,50.0,19069.0,19063.0,6.0,19249.0,19193.0,56.0,3.032,3.008,0.02400000000000002,0.27762,0.2825,-0.0048799999999999955,0.9424083769633508,0.6914893617021276,0.2509190152612232
9,52.0,51.0,19249.0,19193.0,56.0,19449.0,19437.0,12.0,19610.0,19569.0,41.0,3.04,2.992,0.04800000000000004,0.26002,0.25610999999999995,0.003910000000000025,0.8919667590027701,0.7021276595744681,0.18983909942830202
9,53.0,52.0,19610.0,19569.0,41.0,19816.0,19813.0,3.0,19986.0,20056.0,-70.0,2.936,3.008,-0.07200000000000006,0.24633999999999998,0.25025,-0.003909999999999997,0.9042553191489362,0.997946611909651,-0.09369129276071475
9,59.0,53.0,20009.0,20056.0,-47.0,20192.0,20187.0,5.0,20364.0,20319.0,45.0,1.488,2.992,-1.504,0.25024,0.25024,0.0,0.9690140845070423,0.9961977186311787,-0.02718363412413638
9,60.0,54.0,20364.0,20319.0,45.0,20565.0,20561.0,4.0,20762.0,20693.0,69.0,2.984,2.992,-0.008000000000000007,0.24145,0.24145,0.0,0.9899497487437185,0.7058823529411764,0.28406739580254214
9,61.0,55.0,20762.0,20693.0,69.0,20935.0,20936.0,-1.0,21117.0,21067.0,50.0,2.96,3.0,-0.040000000000000036,0.25904,0.25904,0.0,0.9746478873239437,0.7005347593582888,0.2741131279656549
9,62.0,56.0,21117.0,21067.0,50.0,21319.0,21311.0,8.0,21485.0,21442.0,43.0,3.072,3.0,0.07200000000000006,0.27663,0.27369999999999994,0.0029300000000000437,0.9021739130434783,0.6986666666666667,0.2035072463768116
9,63.0,57.0,21485.0,21442.0,43.0,21698.0,21687.0,11.0,21861.0,21818.0,43.0,3.032,3.008,0.02400000000000002,0.26882,0.26784,0.0009799999999999809,0.8670212765957447,0.6968085106382979,0.17021276595744683
9,64.0,58.0,21861.0,21818.0,43.0,22068.0,22062.0,6.0,22241.0,22196.0,45.0,2.96,3.0,-0.040000000000000036,0.25025,0.25611,-0.005860000000000032,0.9105263157894736,0.7089947089947091,0.20153160679476456
9,65.0,59.0,22241.0,22196.0,45.0,22442.0,22437.0,5.0,22615.0,22569.0,46.0,2.992,3.0,-0.008000000000000007,0.24633,0.24828999999999998,-0.0019599999999999895,0.9251336898395722,0.707774798927614,0.21735889091195826
9,66.0,60.0,22615.0,22569.0,46.0,22814.0,22810.0,4.0,22997.0,22941.0,56.0,2.976,2.984,-0.008000000000000007,0.24536000000000002,0.24536000000000002,0.0,0.9581151832460733,0.7043010752688172,0.253814107977256
9,67.0,61.0,22997.0,22941.0,56.0,23187.0,23187.0,0.0,23351.0,23314.0,37.0,2.984,3.016,-0.03200000000000003,0.27762,0.27762,0.0,0.9265536723163842,0.6809651474530831,0.24558852486330107
9,68.0,62.0,23351.0,23314.0,37.0,23570.0,23561.0,9.0,23732.0,23693.0,39.0,3.064,2.992,0.07200000000000006,0.2913,0.28347999999999995,0.00782000000000005,0.8503937007874016,0.6965699208443272,0.1538237799430744
9,69.0,63.0,23732.0,23693.0,39.0,23946.0,23936.0,10.0,24105.0,24067.0,38.0,3.008,3.0,0.008000000000000007,0.24731000000000003,0.25904000000000005,-0.011730000000000018,0.8525469168900804,0.7005347593582888,0.15201215753179165
9,70.0,64.0,24105.0,24067.0,38.0,24318.0,24312.0,6.0,24486.0,24445.0,41.0,2.976,3.008,-0.03200000000000003,0.25416,0.25513,-0.0009700000000000264,0.8818897637795275,0.7037037037037037,0.17818606007582383
9,71.0,65.0,24486.0,24445.0,41.0,24694.0,24686.0,8.0,24869.0,24924.0,-55.0,3.008,2.992,0.016000000000000014,0.24633,0.25024,-0.003910000000000025,0.9138381201044387,0.9937369519832986,-0.07989883187885993
9,72.0,66.0,24869.0,24924.0,-55.0,25059.0,25059.0,0.0,25244.0,25189.0,55.0,2.92,2.984,-0.06400000000000006,0.27076999999999996,0.26783999999999997,0.002929999999999988,0.9866666666666667,0.9811320754716981,0.0055345911949685744
9,73.0,67.0,25244.0,25189.0,55.0,25442.0,25436.0,6.0,25621.0,25566.0,55.0,3.064,3.016,0.04800000000000004,0.2932600000000001,0.28935000000000005,0.003910000000000025,0.9496021220159151,0.6896551724137931,0.25994694960212195
9,74.0,68.0,25621.0,25566.0,55.0,25822.0,25812.0,10.0,25982.0,25941.0,41.0,3.04,3.008,0.03200000000000003,0.2698,0.27371,-0.003910000000000025,0.8864265927977839,0.688,0.19842659279778396
9,75.0,69.0,25982.0,25941.0,41.0,26190.0,26186.0,4.0,26355.0,26318.0,37.0,2.944,2.992,-0.04800000000000004,0.2522,0.25416,-0.0019600000000000173,0.8847184986595175,0.7002652519893899,0.18445324667012752
9,76.0,70.0,26355.0,26318.0,37.0,26564.0,26561.0,3.0,26742.0,26695.0,47.0,2.992,3.0,-0.008000000000000007,0.26491000000000003,0.26491000000000003,0.0,0.9198966408268734,0.7108753315649867,0.20902130926188667
9,77.0,71.0,26742.0,26695.0,47.0,26932.0,26937.0,-5.0,27130.0,27177.0,-47.0,2.944,3.008,-0.06400000000000006,0.27078,0.27078,0.0,0.979381443298969,0.995850622406639,-0.016469179107669984
9,78.0,72.0,27130.0,27177.0,-47.0,27315.0,27310.0,5.0,27497.0,27442.0,55.0,3.064,2.984,0.08000000000000007,0.28641,0.2825,0.003910000000000025,0.9918256130790191,0.9962264150943396,-0.00440080201532056
9,79.0,73.0,27497.0,27442.0,55.0,27696.0,27688.0,8.0,27865.0,27821.0,44.0,3.048,3.024,0.02400000000000002,0.27468,0.27663,-0.0019500000000000073,0.9184782608695652,0.7018469656992085,0.21663129517035673
9,80.0,74.0,27865.0,27821.0,44.0,28068.0,28061.0,7.0,28231.0,28193.0,38.0,2.976,2.984,-0.008000000000000007,0.25708000000000003,0.26295,-0.005869999999999986,0.8907103825136612,0.7096774193548387,0.18103296315882245
9,81.0,75.0,28231.0,28193.0,38.0,28440.0,28436.0,4.0,28618.0,28680.0,-62.0,2.976,3.0,-0.02400000000000002,0.25806,0.25806,0.0,0.9198966408268734,0.997946611909651,-0.07804997108277756
9,82.0,76.0,28618.0,28680.0,-62.0,28808.0,28811.0,-3.0,28998.0,28943.0,55.0,2.944,3.0,-0.05600000000000005,0.26197,0.25610999999999995,0.005860000000000032,1.0,0.9961977186311787,0.0038022813688213253
9,83.0,77.0,28998.0,28943.0,55.0,29190.0,29186.0,4.0,29372.0,29316.0,56.0,3.056,3.0,0.05600000000000005,0.28152,0.2825,-0.0009799999999999809,0.9732620320855615,0.6970509383378016,0.2762110937477599
9,84.0,78.0,29372.0,29316.0,56.0,29571.0,29561.0,10.0,29729.0,29689.0,40.0,3.048,3.0,0.04800000000000004,0.26198,0.25513,0.006849999999999967,0.8851540616246498,0.6863270777479893,0.19882698387666053
9,85.0,79.0,29729.0,29689.0,40.0,29937.0,29934.0,3.0,30104.0,30063.0,41.0,2.928,2.984,-0.05600000000000005,0.24047000000000002,0.24927000000000002,-0.008800000000000002,0.8906666666666667,0.6898395721925134,0.20082709447415337
9,86.0,80.0,30104.0,30063.0,41.0,30318.0,30310.0,8.0,30491.0,30440.0,51.0,3.048,3.008,0.040000000000000036,0.24438,0.24438,0.0,0.8940568475452196,0.6896551724137931,0.20440167513142649
9,87.0,81.0,30491.0,30440.0,51.0,30683.0,30686.0,-3.0,30876.0,30816.0,60.0,2.92,3.008,-0.08800000000000008,0.25514000000000003,0.25123,0.003910000000000025,0.9974025974025974,0.6914893617021276,0.3059132357004698
9,88.0,82.0,30876.0,30816.0,60.0,31065.0,31061.0,4.0,31252.0,31192.0,60.0,3.056,3.0,0.05600000000000005,0.27859,0.28446,-0.005869999999999986,0.9946808510638298,0.6968085106382979,0.2978723404255319
9,89.0,83.0,31252.0,31192.0,60.0,31432.0,31432.0,0.0,31619.0,31567.0,52.0,2.936,2.968,-0.03200000000000003,0.26882,0.26882,0.0,0.9809264305177112,0.72,0.26092643051771125
9,90.0,84.0,31619.0,31567.0,52.0,31819.0,31811.0,8.0,32000.0,31944.0,56.0,3.096,3.032,0.06400000000000006,0.2698,0.27077999999999997,-0.0009799999999999809,0.9501312335958005,0.7055702917771883,0.2445609418186122
9,91.0,85.0,32000.0,31944.0,56.0,32195.0,32186.0,9.0,32352.0,32317.0,35.0,3.008,3.0,0.008000000000000007,0.22287,0.21896000000000002,0.003909999999999997,0.8920454545454546,0.7024128686327078,0.1896325859127468
9,92.0,86.0,32352.0,32317.0,35.0,32568.0,32562.0,6.0,32737.0,32700.0,37.0,2.984,3.008,-0.02400000000000002,0.25123,0.25318,-0.0019500000000000073,0.8779220779220779,0.720626631853786,0.15729544606829193
9,93.0,87.0,32737.0,32700.0,37.0,32942.0,32935.0,7.0,33114.0,33065.0,49.0,2.992,2.984,0.008000000000000007,0.24536,0.24633,-0.0009699999999999986,0.9124668435013262,0.7123287671232876,0.2001380763780386
9,94.0,88.0,33114.0,33065.0,49.0,33316.0,33310.0,6.0,33497.0,33444.0,53.0,2.992,3.0,-0.008000000000000007,0.25318,0.25318,0.0,0.9451697127937336,0.7071240105540897,0.23804570223964394
9,95.0,89.0,33497.0,33444.0,53.0,33686.0,33688.0,-2.0,33866.0,33824.0,42.0,2.96,3.024,-0.06400000000000006,0.25024,0.25024,0.0,0.975609756097561,0.7157894736842105,0.2598202824133504
9,96.0,90.0,33866.0,33824.0,42.0,34065.0,34059.0,6.0,34245.0,34301.0,-56.0,3.032,2.968,0.06400000000000006,0.22874,0.23168,-0.002939999999999998,0.9498680738786279,0.9853249475890985,-0.03545687371047057
9,97.0,91.0,34245.0,34301.0,-56.0,34436.0,34433.0,3.0,34625.0,34562.0,63.0,2.968,2.992,-0.02400000000000002,0.26588,0.26588,0.0,0.9947368421052631,0.9885057471264368,0.006231094978826346
9,98.0,92.0,34625.0,34562.0,63.0,34802.0,34808.0,-6.0,34996.0,34938.0,58.0,2.928,3.0,-0.07200000000000006,0.25904,0.26393,-0.0048900000000000055,0.954177897574124,0.6914893617021276,0.26268853587199636
9,99.0,93.0,34996.0,34938.0,58.0,35188.0,35184.0,4.0,35371.0,35314.0,57.0,3.088,3.008,0.08000000000000007,0.27957,0.27565999999999996,0.003910000000000025,0.976,0.6914893617021276,0.2845106382978724
9,100.0,94.0,35371.0,35314.0,57.0,35570.0,35559.0,11.0,35731.0,35690.0,41.0,3.056,3.0,0.05600000000000005,0.25611,0.25905,-0.002939999999999998,0.8944444444444445,0.6968085106382979,0.19763593380614664
9,101.0,95.0,35731.0,35690.0,41.0,35942.0,35936.0,6.0,36108.0,36066.0,42.0,2.976,3.016,-0.040000000000000036,0.24340999999999996,0.24438,-0.0009700000000000264,0.8806366047745358,0.6914893617021276,0.18914724307240816
9,102.0,96.0,36108.0,36066.0,42.0,36316.0,36311.0,5.0,36489.0,36445.0,44.0,2.992,3.0,-0.008000000000000007,0.25025,0.25025,0.0,0.9081364829396326,0.7071240105540897,0.20101247238554287
9,103.0,97.0,36489.0,36445.0,44.0,36678.0,36684.0,-6.0,36870.0,36816.0,54.0,2.896,2.984,-0.08800000000000008,0.25904,0.25904,0.0,0.9921259842519685,0.7115902964959568,0.2805356877560117
9,104.0,98.0,36870.0,36816.0,54.0,37063.0,37060.0,3.0,37248.0,37190.0,58.0,3.08,3.008,0.07200000000000006,0.2737,0.27175,0.0019500000000000073,0.9788359788359788,0.6951871657754011,0.28364881306057776
9,105.0,99.0,37248.0,37190.0,58.0,37446.0,37435.0,11.0,37609.0,37565.0,44.0,3.064,3.0,0.06400000000000006,0.27175,0.26979,0.0019600000000000173,0.9030470914127424,0.6933333333333334,0.20971375807940906
9,106.0,100.0,37609.0,37565.0,44.0,37814.0,37810.0,4.0,37985.0,37943.0,42.0,2.944,3.0,-0.05600000000000005,0.24047,0.24145,-0.0009800000000000086,0.9095744680851063,0.7037037037037037,0.20587076438140262
9,107.0,101.0,37985.0,37943.0,42.0,38190.0,38185.0,5.0,38361.0,38318.0,43.0,3.008,3.0,0.008000000000000007,0.2522,0.2522,0.0,0.9095744680851063,0.7093333333333334,0.20024113475177296
9,108.0,102.0,38361.0,38318.0,43.0,38566.0,38559.0,7.0,38755.0,38689.0,66.0,3.008,2.992,0.016000000000000014,0.24731000000000003,0.24536000000000002,0.0019500000000000073,0.9593908629441624,0.7008086253369272,0.2585822376072352
9,109.0,103.0,38755.0,38689.0,66.0,38936.0,38934.0,2.0,39100.0,39063.0,37.0,2.96,3.0,-0.040000000000000036,0.26589,0.26198,0.003910000000000025,0.9507246376811594,0.6898395721925134,0.2608850654886461
9,110.0,104.0,39100.0,39063.0,37.0,39318.0,39311.0,7.0,39500.0,39443.0,57.0,3.056,3.016,0.040000000000000036,0.29911999999999994,0.30400999999999995,-0.0048900000000000055,0.91,0.6947368421052631,0.21526315789473693
9,111.0,105.0,39500.0,39443.0,57.0,39694.0,39686.0,8.0,39861.0,39821.0,40.0,3.008,3.0,0.008000000000000007,0.24829,0.24731999999999998,0.0009700000000000264,0.925207756232687,0.7142857142857143,0.21092204194697273
9,112.0,106.0,39861.0,39821.0,40.0,40065.0,40059.0,6.0,40232.0,40192.0,40.0,2.968,2.984,-0.016000000000000014,0.25122,0.24926000000000004,0.0019599999999999618,0.9002695417789758,0.7169811320754718,0.18328840970350402
9,113.0,107.0,40232.0,40192.0,40.0,40440.0,40433.0,7.0,40616.0,40564.0,52.0,3.0,2.992,0.008000000000000007,0.25317999999999996,0.25317999999999996,0.0,0.9166666666666666,0.7043010752688172,0.21236559139784938
9,114.0,108.0,40616.0,40564.0,52.0,40810.0,40809.0,1.0,40989.0,40936.0,53.0,2.96,3.008,-0.04800000000000004,0.25611000000000006,0.25611000000000006,0.0,0.9597855227882037,0.6827956989247312,0.2769898238634725
9,115.0,109.0,40989.0,40936.0,53.0,41192.0,41185.0,7.0,41354.0,41313.0,41.0,3.056,3.008,0.04800000000000004,0.2913,0.28739000000000003,0.003909999999999969,0.8876712328767123,0.6790450928381964,0.20862614003851598
9,116.0,110.0,41354.0,41313.0,41.0,41572.0,41560.0,12.0,41756.0,41692.0,64.0,3.04,3.0,0.040000000000000036,0.27371,0.27664,-0.002929999999999988,0.9154228855721394,0.6965699208443272,0.21885296472781213
9,117.0,111.0,41756.0,41692.0,64.0,41940.0,41933.0,7.0,42100.0,42062.0,38.0,2.944,2.984,-0.040000000000000036,0.25220000000000004,0.25220000000000004,0.0,0.9302325581395349,0.6972972972972973,0.2329352608422376
9,118.0,112.0,42100.0,42062.0,38.0,42315.0,42310.0,5.0,42490.0,42443.0,47.0,3.0,3.016,-0.016000000000000014,0.27076999999999996,0.27076999999999996,0.0,0.8974358974358975,0.6981627296587927,0.1992731677771048
9,119.0,113.0,42490.0,42443.0,47.0,42689.0,42683.0,6.0,42869.0,42813.0,56.0,2.992,2.984,0.008000000000000007,0.24145,0.24145,0.0,0.9498680738786279,0.7027027027027026,0.2471653711759253
9,120.0,114.0,42869.0,42813.0,56.0,43058.0,43058.0,0.0,43252.0,43187.0,65.0,2.952,3.0,-0.04800000000000004,0.27957,0.27957,0.0,0.9869451697127938,0.6898395721925134,0.29710559752028043
9,121.0,115.0,43252.0,43187.0,65.0,43426.0,43433.0,-7.0,43623.0,43565.0,58.0,2.944,3.0,-0.05600000000000005,0.25904000000000005,0.26295,-0.003909999999999969,0.9380053908355795,0.6984126984126984,0.23959269242288117
9,122.0,116.0,43623.0,43565.0,58.0,43813.0,43810.0,3.0,43979.0,43938.0,41.0,3.096,3.016,0.08000000000000007,0.27273000000000003,0.26686,0.005870000000000042,0.9325842696629214,0.6863270777479893,0.24625719191493212
9,123.0,117.0,43979.0,43938.0,41.0,44195.0,44185.0,10.0,44380.0,44317.0,63.0,3.056,3.0,0.05600000000000005,0.27077,0.27664,-0.005869999999999986,0.9226932668329177,0.6965699208443272,0.22612334598859052
9,124.0,118.0,44380.0,44317.0,63.0,44564.0,44562.0,2.0,44732.0,44692.0,40.0,2.952,3.016,-0.06400000000000006,0.24243,0.24829,-0.005860000000000004,0.9545454545454546,0.6933333333333334,0.26121212121212123
9,125.0,119.0,44732.0,44692.0,40.0,44939.0,44933.0,6.0,45112.0,45062.0,50.0,3.0,2.968,0.03200000000000003,0.24927000000000002,0.25025,-0.0009799999999999531,0.9105263157894736,0.6972972972972973,0.21322901849217635
9,126.0,120.0,45112.0,45062.0,50.0,45304.0,45309.0,-5.0,45501.0,45441.0,60.0,2.92,3.008,-0.08800000000000008,0.25904,0.26002000000000003,-0.0009800000000000364,0.987146529562982,0.6965699208443272,0.29057660871865476
9,127.0,121.0,45501.0,45441.0,60.0,45684.0,45684.0,0.0,45868.0,45813.0,55.0,3.04,3.0,0.040000000000000036,0.28445999999999994,0.28054999999999997,0.003909999999999969,0.997275204359673,0.6935483870967742,0.30372681726289874
9,128.0,122.0,45868.0,45813.0,55.0,46070.0,46060.0,10.0,46251.0,46190.0,61.0,3.088,3.008,0.08000000000000007,0.28347999999999995,0.28445999999999994,-0.0009799999999999809,0.9451697127937336,0.6896551724137931,0.2555145403799405
9,129.0,123.0,46251.0,46190.0,61.0,46442.0,46435.0,7.0,46611.0,46568.0,43.0,2.976,3.0,-0.02400000000000002,0.25024,0.25415,-0.003909999999999969,0.9388888888888889,0.7037037037037037,0.23518518518518516
9,130.0,124.0,46611.0,46568.0,43.0,46812.0,46809.0,3.0,46986.0,47051.0,-65.0,2.96,2.992,-0.03200000000000003,0.25122,0.25317,-0.0019500000000000073,0.928,0.9979296066252588,-0.06992960662525871
9,131.0,125.0,46986.0,47051.0,-65.0,47192.0,47182.0,10.0,47365.0,47313.0,52.0,3.04,2.984,0.05600000000000005,0.25318,0.24927000000000002,0.003909999999999997,0.9129287598944591,1.0,-0.0870712401055409
9,132.0,126.0,47365.0,47313.0,52.0,47558.0,47561.0,-3.0,47745.0,47693.0,52.0,2.928,3.032,-0.10400000000000009,0.26588,0.26686,-0.0009799999999999809,0.9842105263157894,0.6947368421052631,0.2894736842105263
9,133.0,127.0,47745.0,47693.0,52.0,47939.0,47934.0,5.0,48121.0,48067.0,54.0,3.048,2.984,0.06400000000000006,0.28445,0.28445,0.0,0.9680851063829787,0.7112299465240641,0.2568551598589146
9,134.0,128.0,48121.0,48067.0,54.0,48320.0,48310.0,10.0,48516.0,48551.0,-35.0,3.048,3.008,0.040000000000000036,0.25709000000000004,0.26197000000000004,-0.0048799999999999955,0.9924050632911392,0.9958677685950413,-0.003462705303902136
9,135.0,129.0,48516.0,48551.0,-35.0,48690.0,48683.0,7.0,48856.0,48814.0,42.0,2.96,2.984,-0.02400000000000002,0.23264999999999997,0.22776,0.004889999999999978,0.9764705882352941,0.9961977186311787,-0.019727130395884585
9,136.0,130.0,48856.0,48814.0,42.0,49064.0,49057.0,7.0,49235.0,49191.0,44.0,2.992,2.992,0.0,0.25416,0.25416,0.0,0.9023746701846965,0.7108753315649867,0.1914993386197098
9,137.0,131.0,49235.0,49191.0,44.0,49439.0,49434.0,5.0,49621.0,49569.0,52.0,3.0,3.016,-0.016000000000000014,0.25317999999999996,0.25317999999999996,0.0,0.9430051813471503,0.7142857142857143,0.22871946706143598
9,138.0,132.0,49621.0,49569.0,52.0,49808.0,49807.0,1.0,49988.0,49938.0,50.0,2.952,2.984,-0.03200000000000003,0.27076999999999996,0.26979,0.0009799999999999809,0.9809264305177112,0.7100271002710027,0.27089933024670854
9,139.0,133.0,49988.0,49938.0,50.0,50192.0,50185.0,7.0,50374.0,50317.0,57.0,3.072,3.024,0.04800000000000004,0.29813999999999996,0.3030299999999999,-0.00488999999999995,0.9430051813471503,0.6965699208443272,0.24643526050282305
9,140.0,134.0,50374.0,50317.0,57.0,50568.0,50559.0,9.0,50754.0,50690.0,64.0,3.008,2.992,0.016000000000000014,0.27273000000000003,0.27566,-0.002929999999999988,0.9789473684210527,0.7024128686327078,0.2765344997883449
9,141.0,135.0,50754.0,50690.0,64.0,50937.0,50933.0,4.0,51107.0,51068.0,39.0,2.952,2.992,-0.040000000000000036,0.2395,0.23754,0.0019599999999999895,0.9631728045325779,0.7142857142857143,0.24888709024686362
9,142.0,136.0,51107.0,51068.0,39.0,51316.0,51308.0,8.0,51486.0,51447.0,39.0,3.032,3.0,0.03200000000000003,0.24340000000000003,0.23852,0.004880000000000023,0.8970976253298153,0.7335092348284961,0.16358839050131924
9,143.0,137.0,51486.0,51447.0,39.0,51686.0,51682.0,4.0,51872.0,51925.0,-53.0,2.96,2.992,-0.03200000000000003,0.26783999999999997,0.26783999999999997,0.0,0.9637305699481865,0.9832635983263598,-0.01953302837817328
9,144.0,138.0,51872.0,51925.0,-53.0,52058.0,52058.0,0.0,52240.0,52189.0,51.0,2.976,3.008,-0.03200000000000003,0.27760999999999997,0.27565999999999996,0.0019500000000000073,0.9891304347826086,0.9924242424242424,-0.0032938076416337836
9,145.0,139.0,52240.0,52189.0,51.0,52439.0,52432.0,7.0,52623.0,52562.0,61.0,3.048,2.992,0.05600000000000005,0.27271999999999996,0.27760999999999997,-0.0048900000000000055,0.9608355091383812,0.6970509383378016,0.2637845708005796
9,146.0,140.0,52623.0,52562.0,61.0,52817.0,52808.0,9.0,52984.0,52942.0,42.0,3.024,3.008,0.016000000000000014,0.25513,0.2434,0.011730000000000018,0.925207756232687,0.7052631578947368,0.21994459833795021
9,147.0,141.0,52984.0,52942.0,42.0,53190.0,53184.0,6.0,53365.0,53319.0,46.0,2.984,3.008,-0.02400000000000002,0.23068999999999998,0.24144,-0.01075000000000001,0.9186351706036745,0.7161803713527852,0.20245479925088927
9,148.0,142.0,53365.0,53319.0,46.0,53564.0,53558.0,6.0,53735.0,53689.0,46.0,2.992,2.992,0.0,0.24438000000000001,0.24438000000000001,0.0,0.9243243243243243,0.7081081081081081,0.21621621621621623
9,149.0,143.0,53735.0,53689.0,46.0,53942.0,53934.0,8.0,54119.0,54065.0,54.0,3.024,3.008,0.016000000000000014,0.23948999999999998,0.23948999999999998,0.0,0.921875,0.6968085106382979,0.22506648936170215
9,150.0,144.0,54119.0,54065.0,54.0,54307.0,54308.0,-1.0,54495.0,54439.0,56.0,2.92,2.992,-0.07200000000000006,0.27272,0.27272,0.0,1.0,0.7005347593582888,0.2994652406417112
9,151.0,145.0,54495.0,54439.0,56.0,54688.0,54682.0,6.0,54868.0,54811.0,57.0,3.048,2.992,0.05600000000000005,0.2737,0.2737,0.0,0.9651474530831099,0.6935483870967742,0.27159906598633565
9,152.0,146.0,54868.0,54811.0,57.0,55068.0,55057.0,11.0,55251.0,55189.0,62.0,3.04,3.0,0.040000000000000036,0.26979000000000003,0.26979000000000003,0.0,0.9556135770234987,0.6984126984126984,0.2572008786108003
9,153.0,147.0,55251.0,55189.0,62.0,55444.0,55433.0,11.0,55611.0,55564.0,47.0,3.008,3.008,0.0,0.24438000000000001,0.25024,-0.005860000000000004,0.9277777777777778,0.6986666666666667,0.22911111111111115
9,154.0,148.0,55611.0,55564.0,47.0,55814.0,55808.0,6.0,55984.0,55941.0,43.0,2.96,3.0,-0.040000000000000036,0.24145,0.24145,0.0,0.9115281501340482,0.7055702917771883,0.20595785835685987
9,155.0,149.0,55984.0,55941.0,43.0,56188.0,56181.0,7.0,56364.0,56311.0,53.0,2.992,2.984,0.008000000000000007,0.25807,0.25807,0.0,0.9263157894736842,0.7027027027027026,0.22361308677098157
9,156.0,150.0,56364.0,56311.0,53.0,56554.0,56557.0,-3.0,56745.0,56689.0,56.0,2.928,3.008,-0.08000000000000007,0.28347999999999995,0.28347999999999995,0.0,0.9973753280839895,0.6984126984126984,0.29896262967129117
9,157.0,151.0,56745.0,56689.0,56.0,56940.0,56933.0,7.0,57123.0,57066.0,57.0,3.088,3.008,0.08000000000000007,0.27273000000000003,0.27077,0.0019600000000000173,0.9682539682539683,0.7055702917771883,0.2626836764767799
9,158.0,152.0,57123.0,57066.0,57.0,57314.0,57307.0,7.0,57477.0,57439.0,38.0,2.992,2.992,0.0,0.24829,0.25025,-0.0019599999999999618,0.9209039548022598,0.707774798927614,0.21312915587464587
9,159.0,153.0,57477.0,57439.0,38.0,57686.0,57682.0,4.0,57857.0,57815.0,42.0,2.976,3.0,-0.02400000000000002,0.24927,0.25024,-0.0009700000000000264,0.9,0.7074468085106382,0.19255319148936179
9,160.0,154.0,57857.0,57815.0,42.0,58066.0,58057.0,9.0,58239.0,58189.0,50.0,3.04,3.0,0.040000000000000036,0.24047,0.24047,0.0,0.9057591623036649,0.7058823529411764,0.19987680936248853
9,161.0,155.0,58239.0,58189.0,50.0,58434.0,58433.0,1.0,58619.0,58565.0,54.0,2.944,3.008,-0.06400000000000006,0.27468000000000004,0.27077,0.003910000000000025,0.9736842105263158,0.7021276595744681,0.2715565509518477
9,162.0,156.0,58619.0,58565.0,54.0,58813.0,58806.0,7.0,58981.0,58937.0,44.0,3.032,2.984,0.04800000000000004,0.29324999999999996,0.28933999999999993,0.003910000000000025,0.9281767955801105,0.7043010752688172,0.2238757203112932
9,163.0,157.0,58981.0,58937.0,44.0,59194.0,59181.0,13.0,59358.0,59312.0,46.0,3.048,3.0,0.04800000000000004,0.26979,0.27663,-0.006840000000000013,0.870026525198939,0.6986666666666667,0.1713598585322723
9,164.0,158.0,59358.0,59312.0,46.0,59560.0,59556.0,4.0,59728.0,59691.0,37.0,2.928,3.0,-0.07200000000000006,0.25122,0.25024,0.0009799999999999809,0.9081081081081082,0.712401055408971,0.19570705269913713
10,1.0,1.0,127.0,168.0,-41.0,291.0,291.0,0.0,491.0,559.0,-68.0,,,,0.7786430000000001,0.78641,-0.007766999999999968,0.9010989010989011,0.629156010230179,0.27194289086872214
10,2.0,2.0,491.0,559.0,-68.0,683.0,688.0,-5.0,837.0,795.0,42.0,3.136,3.176,-0.040000000000000036,1.40194,1.40194,0.0,0.8901734104046243,0.9067796610169492,-0.016606250612324902
10,4.0,3.0,916.0,795.0,121.0,1041.0,1053.0,-12.0,1194.0,1196.0,-2.0,1.368,2.92,-1.5519999999999998,0.5844665,1.08155,-0.4970835,0.8992805755395683,0.713216957605985,0.18606361793358328
10,5.0,4.0,1194.0,1196.0,-2.0,1319.0,1325.0,-6.0,1491.0,1512.0,-21.0,2.224,2.176,0.04800000000000004,0.543687,0.55728,-0.013592999999999966,0.8417508417508417,0.8164556962025317,0.025295145548310027
10,6.0,5.0,1491.0,1512.0,-21.0,1643.0,1649.0,-6.0,1840.0,1862.0,-22.0,2.592,2.592,0.0,0.54757,0.54174,0.005830000000000002,0.8710601719197708,0.7828571428571429,0.08820302906262789
10,7.0,6.0,1840.0,1862.0,-22.0,2009.0,2015.0,-6.0,2173.0,2203.0,-30.0,2.928,2.928,0.0,0.326211,0.35533699999999996,-0.029125999999999985,0.984984984984985,0.8973607038123167,0.0876242811726683
10,8.0,7.0,2173.0,2203.0,-30.0,2333.0,2329.0,4.0,2495.0,2481.0,14.0,2.592,2.512,0.08000000000000007,0.6310669999999999,0.6291249999999999,0.0019419999999999993,0.9937888198757764,0.9064748201438849,0.08731399973189147
10,9.0,8.0,2495.0,2481.0,14.0,2663.0,2680.0,-17.0,2866.0,2884.0,-18.0,2.64,2.808,-0.1679999999999997,0.45630600000000004,0.46213200000000004,-0.005825999999999998,0.9056603773584906,0.9875930521091811,-0.08193267475069055
10,10.0,9.0,2866.0,2884.0,-18.0,3025.0,3029.0,-4.0,3224.0,3259.0,-35.0,2.896,2.792,0.10400000000000009,0.7301000000000001,0.7767000000000001,-0.046599999999999975,0.888268156424581,0.7733333333333333,0.1149348230912477
10,11.0,10.0,3224.0,3259.0,-35.0,3419.0,3422.0,-3.0,3657.0,3686.0,-29.0,3.152,3.144,0.008000000000000007,0.93398,0.96699,-0.033009999999999984,0.9006928406466512,0.7634660421545667,0.13722679849208452
10,12.0,11.0,3657.0,3686.0,-29.0,3851.0,3856.0,-5.0,4075.0,4089.0,-14.0,3.456,3.472,-0.016000000000000014,0.9048499999999999,0.91262,-0.007770000000000055,0.9282296650717703,0.8436724565756824,0.08455720849608794
10,13.0,12.0,4075.0,4089.0,-14.0,4303.0,4306.0,-3.0,4530.0,4532.0,-2.0,3.616,3.6,0.016000000000000014,1.0174699999999999,1.01553,0.0019399999999998307,0.9978021978021978,0.9796839729119639,0.018118224890233958
10,14.0,13.0,4530.0,4532.0,-2.0,4719.0,4723.0,-4.0,4950.0,4974.0,-24.0,3.328,3.336,-0.008000000000000007,0.9145700000000001,0.94564,-0.03106999999999993,0.9,0.8642533936651584,0.03574660633484161
10,15.0,14.0,4950.0,4974.0,-24.0,5139.0,5139.0,0.0,5359.0,5384.0,-25.0,3.36,3.328,0.03200000000000003,0.8970899999999999,0.8970899999999999,0.0,0.9242053789731052,0.8048780487804879,0.11932733019261732
10,16.0,15.0,5359.0,5384.0,-25.0,5530.0,5535.0,-5.0,5733.0,5753.0,-20.0,3.128,3.168,-0.040000000000000036,0.74758,0.78059,-0.033009999999999984,0.9144385026737968,0.8184281842818428,0.09601031839195395
10,17.0,16.0,5733.0,5753.0,-20.0,5915.0,5926.0,-11.0,6131.0,6155.0,-24.0,3.08,3.128,-0.04800000000000004,0.75729,0.75729,0.0,0.914572864321608,0.8606965174129353,0.05387634690867271
10,18.0,17.0,6131.0,6155.0,-24.0,6321.0,6320.0,1.0,6526.0,6555.0,-29.0,3.248,3.152,0.09600000000000009,0.7339800000000001,0.7728200000000001,-0.038839999999999986,0.9620253164556962,0.825,0.13702531645569627
10,19.0,18.0,6526.0,6555.0,-29.0,6715.0,6720.0,-5.0,6920.0,6946.0,-26.0,3.152,3.2,-0.04800000000000004,0.8699100000000001,0.8737900000000001,-0.0038799999999999946,0.9593908629441624,0.8439897698209718,0.11540109312319058
10,20.0,19.0,6920.0,6946.0,-26.0,7108.0,7108.0,0.0,7303.0,7332.0,-29.0,3.144,3.104,0.040000000000000036,0.8873800000000001,0.89709,-0.009709999999999996,0.9817232375979112,0.8393782383419689,0.14234499925594235
10,21.0,20.0,7303.0,7332.0,-29.0,7495.0,7491.0,4.0,7693.0,7722.0,-29.0,3.096,3.064,0.03200000000000003,1.0912600000000001,1.09515,-0.003889999999999949,0.9846153846153847,0.8153846153846154,0.1692307692307693
10,22.0,21.0,7693.0,7722.0,-29.0,7873.0,7874.0,-1.0,8077.0,8105.0,-28.0,3.024,3.064,-0.040000000000000036,1.11456,1.13398,-0.019419999999999993,0.9375,0.793733681462141,0.14376631853785904
10,23.0,22.0,8077.0,8105.0,-28.0,8255.0,8257.0,-2.0,8478.0,8497.0,-19.0,3.056,3.064,-0.008000000000000007,1.21554,1.21554,0.0,0.8877805486284289,0.7755102040816326,0.1122703445467963
10,24.0,23.0,8478.0,8497.0,-19.0,8647.0,8650.0,-3.0,8855.0,8876.0,-21.0,3.136,3.144,-0.008000000000000007,1.00582,1.00582,0.0,0.896551724137931,0.8073878627968338,0.08916386134109722
10,25.0,24.0,8855.0,8876.0,-21.0,9055.0,9053.0,2.0,9286.0,9298.0,-12.0,3.264,3.224,0.03999999999999959,1.13009,1.14757,-0.01747999999999994,0.9280742459396751,0.8388625592417062,0.08921168669796897
10,26.0,25.0,9286.0,9298.0,-12.0,9491.0,9492.0,-1.0,9720.0,9735.0,-15.0,3.488,3.512,-0.02400000000000002,1.0291299999999999,1.0291299999999999,0.0,0.9447004608294931,0.8878718535469108,0.05682860728258232
10,27.0,26.0,9720.0,9735.0,-15.0,9920.0,9925.0,-5.0,10150.0,10169.0,-19.0,3.432,3.464,-0.03200000000000003,1.04078,1.04078,0.0,0.9302325581395349,0.8755760368663594,0.05465652127317544
10,28.0,27.0,10150.0,10169.0,-19.0,10327.0,10326.0,1.0,10536.0,10564.0,-28.0,3.256,3.208,0.0479999999999996,0.92428,0.9359299999999999,-0.011649999999999938,0.917098445595855,0.7949367088607595,0.12216173673509545
10,29.0,28.0,10536.0,10564.0,-28.0,10713.0,10718.0,-5.0,10926.0,10943.0,-17.0,3.088,3.136,-0.04800000000000004,0.94563,0.97282,-0.027190000000000047,0.9076923076923077,0.8126649076517151,0.09502740004059262
10,30.0,29.0,10926.0,10943.0,-17.0,11104.0,11111.0,-7.0,11320.0,11338.0,-18.0,3.128,3.144,-0.016000000000000014,0.84272,0.84272,0.0,0.9035532994923858,0.850632911392405,0.052920388099980786
10,31.0,30.0,11320.0,11338.0,-18.0,11510.0,11513.0,-3.0,11719.0,11751.0,-32.0,3.248,3.216,0.03200000000000003,0.89903,0.89515,0.0038799999999999946,0.9523809523809523,0.847457627118644,0.1049233252623083
10,32.0,31.0,11719.0,11751.0,-32.0,11901.0,11905.0,-4.0,12119.0,12158.0,-39.0,3.128,3.136,-0.008000000000000007,0.97864,0.9766999999999999,0.0019400000000000528,0.91,0.7567567567567568,0.15324324324324323
10,33.0,32.0,12119.0,12158.0,-39.0,12316.0,12313.0,3.0,12539.0,12569.0,-30.0,3.32,3.264,0.05600000000000005,0.87767,0.91845,-0.04078000000000004,0.9380952380952381,0.754257907542579,0.18383733055265905
10,34.0,33.0,12539.0,12569.0,-30.0,12719.0,12727.0,-8.0,12910.0,12909.0,1.0,3.224,3.312,-0.08799999999999963,0.7611600000000001,0.7534000000000001,0.007759999999999989,0.9703504043126685,0.9294117647058824,0.04093863960678612
10,35.0,34.0,12910.0,12909.0,1.0,13077.0,13061.0,16.0,13234.0,13254.0,-20.0,2.864,2.672,0.19199999999999973,0.70485,0.70485,0.0,0.9691358024691358,0.881159420289855,0.08797638217928072
10,36.0,35.0,13234.0,13254.0,-20.0,13459.0,13453.0,6.0,13676.0,13687.0,-11.0,3.056,3.136,-0.08000000000000007,1.30097,1.18835,0.11261999999999994,0.9819004524886877,0.9191685912240185,0.06273186126466923
10,37.0,36.0,13676.0,13687.0,-11.0,13856.0,13858.0,-2.0,14083.0,14108.0,-25.0,3.176,3.24,-0.06400000000000006,0.9398,0.96699,-0.027190000000000047,0.8845208845208845,0.8123515439429929,0.0721693405778916
10,38.0,37.0,14083.0,14108.0,-25.0,14301.0,14296.0,5.0,14523.0,14543.0,-20.0,3.56,3.504,0.05600000000000005,1.0932,1.0932,0.0,0.990909090909091,0.864367816091954,0.12654127481713695
10,39.0,38.0,14523.0,14543.0,-20.0,14721.0,14718.0,3.0,14942.0,14965.0,-23.0,3.36,3.376,-0.016000000000000014,0.9786400000000001,1.01942,-0.04077999999999993,0.9451073985680191,0.8293838862559242,0.11572351231209488
10,40.0,39.0,14942.0,14965.0,-23.0,15153.0,15147.0,6.0,15363.0,15384.0,-21.0,3.456,3.432,0.02400000000000002,1.1165100000000001,1.1165100000000001,0.0,0.997624703087886,0.8687350835322196,0.12888961955566636
10,41.0,40.0,15363.0,15384.0,-21.0,15563.0,15564.0,-1.0,15766.0,15784.0,-18.0,3.28,3.336,-0.05600000000000005,1.06796,1.06602,0.0019400000000000528,0.9925558312655087,0.9,0.0925558312655087
10,42.0,41.0,15766.0,15784.0,-18.0,15919.0,15924.0,-5.0,16173.0,16207.0,-34.0,2.848,2.88,-0.03200000000000003,0.801941,0.8679600000000001,-0.06601900000000005,0.7518427518427518,0.6619385342789599,0.08990421756379197
10,43.0,42.0,16173.0,16207.0,-34.0,16337.0,16339.0,-2.0,16521.0,16548.0,-27.0,3.344,3.32,0.02400000000000002,0.81748,0.8640800000000001,-0.046600000000000086,0.9425287356321839,0.7741935483870968,0.16833518724508711
10,44.0,43.0,16521.0,16548.0,-27.0,16705.0,16706.0,-1.0,16896.0,16920.0,-24.0,2.944,2.936,0.008000000000000007,0.8893200000000001,0.93398,-0.04465999999999992,0.9813333333333333,0.8494623655913979,0.1318709677419354
10,45.0,44.0,16896.0,16920.0,-24.0,17093.0,17094.0,-1.0,17312.0,17336.0,-24.0,3.104,3.104,0.0,1.1378599999999999,1.1378599999999999,0.0,0.9471153846153846,0.8365384615384616,0.11057692307692302
10,46.0,45.0,17312.0,17336.0,-24.0,17490.0,17493.0,-3.0,17691.0,17707.0,-16.0,3.176,3.192,-0.016000000000000014,0.99417,0.99417,0.0,0.9393139841688655,0.8463611859838275,0.09295279818503799
10,47.0,46.0,17691.0,17707.0,-16.0,17883.0,17891.0,-8.0,18097.0,18099.0,-2.0,3.144,3.184,-0.040000000000000036,0.98058,0.98058,0.0,0.9458128078817734,0.9387755102040817,0.0070372976776916785
10,48.0,47.0,18097.0,18099.0,-2.0,18289.0,18294.0,-5.0,18513.0,18524.0,-11.0,3.248,3.224,0.02400000000000002,0.91844,0.91844,0.0,0.9230769230769231,0.9176470588235294,0.005429864253393757
10,49.0,48.0,18513.0,18524.0,-11.0,18715.0,18715.0,0.0,18909.0,18922.0,-13.0,3.408,3.368,0.040000000000000036,0.83884,0.83884,0.0,0.9797979797979798,0.9597989949748744,0.01999898482310536
10,50.0,49.0,18909.0,18922.0,-13.0,19103.0,19096.0,7.0,19311.0,19346.0,-35.0,3.104,3.048,0.05600000000000005,0.82913,0.84466,-0.015529999999999933,0.9651741293532339,0.8207547169811321,0.14441941237210176
10,51.0,50.0,19311.0,19346.0,-35.0,19544.0,19533.0,11.0,19757.0,19775.0,-18.0,3.528,3.496,0.03200000000000003,1.20971,1.18253,0.027179999999999982,0.9551569506726457,0.8717948717948718,0.08336207887777392
10,52.0,51.0,19757.0,19775.0,-18.0,19911.0,19905.0,6.0,20100.0,20149.0,-49.0,2.936,2.976,-0.040000000000000036,0.856313,0.92233,-0.06601699999999999,0.8979591836734694,0.6951871657754011,0.2027720178980683
10,53.0,52.0,20100.0,20149.0,-49.0,20285.0,20306.0,-21.0,20692.0,20741.0,-49.0,2.992,3.208,-0.2160000000000002,0.96505,0.96505,0.0,0.625,0.5304054054054055,0.09459459459459452
10,54.0,53.0,20692.0,20741.0,-49.0,20871.0,20876.0,-5.0,21085.0,21129.0,-44.0,4.688,4.56,0.1280000000000001,0.8427150000000001,0.8893200000000001,-0.04660500000000001,0.910941475826972,0.6958762886597938,0.21506518716717826
10,55.0,54.0,21085.0,21129.0,-44.0,21263.0,21266.0,-3.0,21473.0,21511.0,-38.0,3.136,3.12,0.016000000000000014,0.93787,0.95146,-0.013589999999999991,0.9175257731958762,0.7172774869109948,0.20024828628488145
10,56.0,55.0,21473.0,21511.0,-38.0,21651.0,21653.0,-2.0,21849.0,21879.0,-30.0,3.104,3.096,0.008000000000000007,0.8893199999999999,0.8893199999999999,0.0,0.9468085106382979,0.7717391304347826,0.17506938020351526
10,57.0,56.0,21849.0,21879.0,-30.0,22025.0,22031.0,-6.0,22239.0,22268.0,-29.0,2.992,3.024,-0.03200000000000003,0.9281600000000001,0.96311,-0.034949999999999926,0.9025641025641026,0.781491002570694,0.12107309999340854
10,58.0,57.0,22239.0,22268.0,-29.0,22419.0,22423.0,-4.0,22634.0,22662.0,-28.0,3.152,3.136,0.016000000000000014,0.87573,0.87573,0.0,0.9113924050632911,0.7868020304568528,0.12459037460643829
10,59.0,58.0,22634.0,22662.0,-28.0,22809.0,22816.0,-7.0,23016.0,23041.0,-25.0,3.12,3.144,-0.02400000000000002,0.8097099999999999,0.8233,-0.013590000000000102,0.9162303664921466,0.8126649076517151,0.10356545884043156
10,60.0,59.0,23016.0,23041.0,-25.0,23189.0,23193.0,-4.0,23390.0,23409.0,-19.0,3.04,3.016,0.02400000000000002,0.8233,0.82136,0.0019400000000000528,0.9251336898395722,0.8260869565217391,0.09904673331783309
10,61.0,60.0,23390.0,23409.0,-19.0,23570.0,23575.0,-5.0,23795.0,23815.0,-20.0,3.048,3.056,-0.008000000000000007,0.81359,0.8155300000000001,-0.0019400000000000528,0.8888888888888888,0.8177339901477833,0.07115489874110559
10,62.0,61.0,23795.0,23815.0,-20.0,23975.0,23984.0,-9.0,24200.0,24222.0,-22.0,3.24,3.272,-0.031999999999999584,0.7534000000000001,0.75146,0.0019400000000000528,0.8888888888888888,0.8304668304668305,0.05842205842205839
10,63.0,62.0,24200.0,24222.0,-22.0,24377.0,24385.0,-8.0,24597.0,24616.0,-19.0,3.216,3.208,0.008000000000000007,0.8932,0.8854299999999999,0.007770000000000055,0.8916876574307304,0.8274111675126904,0.06427648991804003
10,64.0,63.0,24597.0,24616.0,-19.0,24769.0,24773.0,-4.0,24976.0,25014.0,-38.0,3.136,3.104,0.03200000000000003,0.78058,0.765049,0.015531000000000073,0.9076517150395779,0.7889447236180904,0.11870699142148744
10,65.0,64.0,24976.0,25014.0,-38.0,25167.0,25147.0,20.0,25306.0,25314.0,-8.0,3.184,2.992,0.19200000000000017,1.0854300000000001,1.12815,-0.04271999999999987,0.8424242424242424,0.8866666666666667,-0.044242424242424305
10,66.0,65.0,25306.0,25314.0,-8.0,25489.0,25499.0,-10.0,25705.0,25733.0,-28.0,2.576,2.816,-0.23999999999999977,0.75534,0.75534,0.0,0.9172932330827068,0.883054892601432,0.03423834048127483
10,67.0,66.0,25705.0,25733.0,-28.0,25887.0,25889.0,-2.0,26111.0,26138.0,-27.0,3.184,3.12,0.06400000000000006,0.70291,0.70291,0.0,0.896551724137931,0.7703703703703704,0.12618135376756068
10,68.0,67.0,26111.0,26138.0,-27.0,26299.0,26299.0,0.0,26524.0,26551.0,-27.0,3.296,3.28,0.016000000000000014,0.72621,0.74563,-0.019419999999999993,0.910411622276029,0.7796610169491526,0.13075060532687643
10,69.0,68.0,26524.0,26551.0,-27.0,26731.0,26733.0,-2.0,26962.0,26973.0,-11.0,3.456,3.472,-0.016000000000000014,0.7398,0.7398,0.0,0.9452054794520548,0.8625592417061612,0.08264623774589364
10,70.0,69.0,26962.0,26973.0,-11.0,27131.0,27140.0,-9.0,27349.0,27373.0,-24.0,3.2,3.256,-0.055999999999999606,0.5767,0.5747599999999999,0.0019400000000000528,0.8733850129198967,0.835,0.03838501291989671
10,71.0,70.0,27349.0,27373.0,-24.0,27539.0,27542.0,-3.0,27776.0,27792.0,-16.0,3.264,3.216,0.0479999999999996,0.59805,0.5961099999999999,0.0019400000000000528,0.8899297423887588,0.8066825775656324,0.08324716482312633
10,72.0,71.0,27776.0,27792.0,-16.0,27947.0,27957.0,-10.0,28168.0,28193.0,-25.0,3.264,3.32,-0.05600000000000005,0.57282,0.56894,0.0038799999999999946,0.8724489795918368,0.8229426433915212,0.049506336200315526
10,73.0,72.0,28168.0,28193.0,-25.0,28351.0,28351.0,0.0,28552.0,28577.0,-25.0,3.232,3.152,0.08000000000000007,0.555344,0.53981,0.015533999999999937,0.953125,0.8229166666666666,0.13020833333333337
10,74.0,73.0,28552.0,28577.0,-25.0,28744.0,28743.0,1.0,28952.0,28975.0,-23.0,3.144,3.136,0.008000000000000007,0.58447,0.598062,-0.013591999999999937,0.96,0.8341708542713568,0.12582914572864312
10,75.0,74.0,28952.0,28975.0,-23.0,29131.0,29140.0,-9.0,29360.0,29380.0,-20.0,3.096,3.176,-0.08000000000000007,0.578646,0.578646,0.0,0.8774509803921569,0.8148148148148149,0.06263616557734197
10,76.0,75.0,29360.0,29380.0,-20.0,29582.0,29580.0,2.0,29803.0,29840.0,-37.0,3.608,3.52,0.08800000000000008,0.77281,0.77281,0.0,0.9977426636568849,0.8695652173913043,0.12817744626558059
10,77.0,76.0,29803.0,29840.0,-37.0,29994.0,29986.0,8.0,30194.0,30228.0,-34.0,3.296,3.248,0.0479999999999996,0.8349489999999999,0.866017,-0.031068000000000096,0.9769820971867008,0.7525773195876289,0.22440477759907196
10,78.0,77.0,30194.0,30228.0,-34.0,30383.0,30382.0,1.0,30592.0,30588.0,4.0,3.112,3.168,-0.05600000000000005,0.81165,0.81165,0.0,0.949748743718593,0.8555555555555556,0.09419318816303734
10,79.0,78.0,30592.0,30588.0,4.0,30774.0,30783.0,-9.0,31099.0,31338.0,-239.0,3.128,3.208,-0.08000000000000007,0.68932,0.70097,-0.011649999999999938,0.717948717948718,0.52,0.19794871794871793
10,81.0,79.0,31285.0,31338.0,-53.0,31479.0,31486.0,-7.0,31732.0,31770.0,-38.0,2.64,5.624,-2.9839999999999995,0.735919,0.79611,-0.060190999999999995,0.8680089485458613,0.6851851851851851,0.18282376336067618
10,82.0,80.0,31732.0,31770.0,-38.0,31927.0,31938.0,-11.0,32177.0,32201.0,-24.0,3.584,3.616,-0.03200000000000003,0.81747,0.81747,0.0,0.8764044943820225,0.7795823665893271,0.09682212779269539
10,83.0,81.0,32177.0,32201.0,-24.0,32364.0,32371.0,-7.0,32613.0,32642.0,-29.0,3.496,3.464,0.03200000000000003,0.73398,0.7475799999999999,-0.013599999999999945,0.8577981651376146,0.7709750566893424,0.08682310844827223
10,84.0,82.0,32613.0,32642.0,-29.0,32807.0,32813.0,-6.0,33034.0,33051.0,-17.0,3.544,3.536,0.008000000000000007,0.7068,0.74952,-0.04271999999999998,0.9216152019002375,0.8361858190709046,0.08542938282933288
10,85.0,83.0,33034.0,33051.0,-17.0,33213.0,33222.0,-9.0,33443.0,33472.0,-29.0,3.248,3.272,-0.023999999999999577,0.8,0.79806,0.0019400000000000528,0.8753056234718827,0.8123515439429929,0.06295407952888976
10,86.0,84.0,33443.0,33472.0,-29.0,33617.0,33619.0,-2.0,33841.0,33874.0,-33.0,3.232,3.176,0.05600000000000005,0.6407750000000001,0.67184,-0.031064999999999898,0.8743718592964824,0.7313432835820896,0.14302857571439287
10,87.0,85.0,33841.0,33874.0,-33.0,34041.0,34053.0,-12.0,34273.0,34293.0,-20.0,3.392,3.472,-0.08000000000000007,0.62913,0.64854,-0.01941000000000004,0.9259259259259259,0.8544152744630071,0.0715106514629188
10,88.0,86.0,34273.0,34293.0,-20.0,34472.0,34481.0,-9.0,34705.0,34711.0,-6.0,3.448,3.424,0.02400000000000002,0.7864,0.7864,0.0,0.9212962962962963,0.8995215311004785,0.02177476519581778
10,89.0,87.0,34705.0,34711.0,-6.0,34864.0,34879.0,-15.0,35073.0,35092.0,-19.0,3.136,3.184,-0.04800000000000004,0.54952,0.56699,-0.017469999999999986,0.8641304347826086,0.8818897637795275,-0.0177593289969189
10,90.0,88.0,35073.0,35092.0,-19.0,35223.0,35249.0,-26.0,35506.0,35529.0,-23.0,2.872,2.96,-0.08800000000000008,0.47185,0.47185,0.0,0.6928406466512702,0.7185354691075515,-0.025694822456281297
10,91.0,89.0,35506.0,35529.0,-23.0,35723.0,35729.0,-6.0,35969.0,35983.0,-14.0,4.0,3.84,0.16000000000000014,0.83107,0.8291299999999999,0.0019400000000000528,0.937365010799136,0.8810572687224669,0.05630774207666911
10,92.0,90.0,35969.0,35983.0,-14.0,36149.0,36152.0,-3.0,36361.0,36381.0,-20.0,3.408,3.384,0.02400000000000002,0.74757,0.745629,0.0019409999999999705,0.9183673469387755,0.8492462311557789,0.06912111578299662
10,93.0,91.0,36361.0,36381.0,-20.0,36533.0,36531.0,2.0,36694.0,36785.0,-91.0,3.072,3.032,0.040000000000000036,0.679616,0.677675,0.0019409999999999705,0.9669669669669669,0.7425742574257426,0.22439270954122437
10,95.0,92.0,36810.0,36785.0,25.0,36895.0,36906.0,-11.0,37088.0,37116.0,-28.0,1.592,3.0,-1.408,0.34757499999999997,0.41164999999999996,-0.064075,0.6115107913669064,0.7311178247734139,-0.11960703340650747
10,96.0,93.0,37088.0,37116.0,-28.0,37227.0,37242.0,-15.0,37446.0,37386.0,60.0,2.656,2.688,-0.03200000000000003,0.7805799999999999,0.75922,0.021359999999999935,0.776536312849162,0.9333333333333333,-0.15679702048417132
10,98.0,94.0,37639.0,37386.0,253.0,37837.0,37844.0,-7.0,38061.0,38094.0,-33.0,1.888,4.816,-2.928,0.994178,1.1068,-0.112622,0.9383886255924171,0.7062146892655368,0.23217393632688033
10,99.0,95.0,38061.0,38094.0,-33.0,38233.0,38238.0,-5.0,38426.0,38452.0,-26.0,3.168,3.152,0.016000000000000014,0.809712,0.83301,-0.02329800000000004,0.9424657534246575,0.8044692737430168,0.13799647968164075
10,100.0,96.0,38426.0,38452.0,-26.0,38585.0,38592.0,-7.0,38771.0,38793.0,-22.0,2.816,2.832,-0.016000000000000014,0.8252400000000001,0.8271900000000001,-0.0019500000000000073,0.9217391304347826,0.8211143695014662,0.1006247609333164
10,101.0,97.0,38771.0,38793.0,-22.0,38931.0,38936.0,-5.0,39129.0,39152.0,-23.0,2.768,2.752,0.016000000000000014,0.79417,0.79417,0.0,0.8938547486033519,0.7966573816155988,0.09719736698775305
10,102.0,98.0,39129.0,39152.0,-23.0,39369.0,39369.0,0.0,39517.0,39528.0,-11.0,3.504,3.464,0.040000000000000036,1.145629,1.145629,0.0,0.7628865979381443,0.8457446808510638,-0.08285808291291952
10,103.0,99.0,39517.0,39528.0,-11.0,39645.0,39647.0,-2.0,39834.0,39864.0,-30.0,2.208,2.224,-0.016000000000000014,0.916509,1.0136,-0.09709100000000004,0.807570977917981,0.7083333333333333,0.09923764458464779
10,104.0,100.0,39834.0,39864.0,-30.0,40007.0,40005.0,2.0,40205.0,40237.0,-32.0,2.896,2.864,0.03200000000000003,0.9300900000000001,0.9300900000000001,0.0,0.9326145552560647,0.7560321715817695,0.17658238367429524
10,105.0,101.0,40205.0,40237.0,-32.0,40397.0,40398.0,-1.0,40633.0,40669.0,-36.0,3.12,3.144,-0.02400000000000002,0.9106799999999999,0.9106799999999999,0.0,0.897196261682243,0.7453703703703703,0.15182589131187263
10,106.0,102.0,40633.0,40669.0,-36.0,40783.0,40781.0,2.0,40920.0,40894.0,26.0,3.088,3.064,0.02400000000000002,1.62912,1.62912,0.0,0.9547038327526133,0.9955555555555555,-0.04085172280294225
10,107.0,103.0,40920.0,40894.0,26.0,41013.0,41009.0,4.0,41200.0,41240.0,-40.0,1.84,1.824,0.016000000000000014,0.74369,0.83107,-0.08738000000000001,0.6642857142857144,0.6647398843930636,-0.0004541701073492721
10,108.0,104.0,41200.0,41240.0,-40.0,41412.0,41423.0,-11.0,41619.0,41650.0,-31.0,3.192,3.312,-0.11999999999999966,0.91262,0.91262,0.0,0.9880668257756563,0.8926829268292683,0.09538389894638799
10,109.0,105.0,41619.0,41650.0,-31.0,41783.0,41778.0,5.0,41983.0,41924.0,59.0,2.968,2.84,0.1280000000000001,0.8349500000000001,0.82913,0.005820000000000047,0.9010989010989011,0.9343065693430657,-0.033207668244164545
10,110.0,106.0,41983.0,41924.0,59.0,42173.0,42176.0,-3.0,42345.0,42302.0,43.0,3.12,3.184,-0.06400000000000006,0.6893199999999999,0.6893199999999999,0.0,0.9502762430939227,0.6666666666666667,0.2836095764272559
10,111.0,107.0,42345.0,42302.0,43.0,42555.0,42564.0,-9.0,42751.0,42792.0,-41.0,3.056,3.104,-0.04800000000000004,0.41942,0.49126000000000003,-0.07184000000000001,0.9655172413793104,0.9306122448979592,0.03490499648135115
10,112.0,108.0,42751.0,42792.0,-41.0,42945.0,42958.0,-13.0,43176.0,43218.0,-42.0,3.12,3.152,-0.03200000000000003,0.61165,0.59611,0.015539999999999998,0.9129411764705883,0.7793427230046949,0.13359845346589339
10,113.0,109.0,43176.0,43218.0,-42.0,43353.0,43360.0,-7.0,43579.0,43621.0,-42.0,3.264,3.216,0.0479999999999996,0.568935,0.58641,-0.01747500000000002,0.8784119106699751,0.7047146401985112,0.173697270471464
10,114.0,110.0,43579.0,43621.0,-42.0,43763.0,43767.0,-4.0,44005.0,44037.0,-32.0,3.28,3.256,0.02400000000000002,0.6407799999999999,0.66214,-0.021360000000000046,0.863849765258216,0.7019230769230769,0.16192668833513912
10,115.0,111.0,44005.0,44037.0,-32.0,44197.0,44199.0,-2.0,44384.0,44404.0,-20.0,3.472,3.456,0.016000000000000014,0.58058,0.5825199999999999,-0.0019399999999999418,0.9868073878627969,0.8828337874659401,0.10397360039685677
10,116.0,112.0,44384.0,44404.0,-20.0,44593.0,44590.0,3.0,44810.0,44828.0,-18.0,3.168,3.128,0.040000000000000036,0.6213599999999999,0.61748,0.0038799999999998835,0.9812206572769953,0.8773584905660378,0.1038621667109575
10,117.0,113.0,44810.0,44828.0,-18.0,45051.0,45050.0,1.0,45313.0,45318.0,-5.0,3.664,3.68,-0.016000000000000014,0.86408,0.86408,0.0,0.9582504970178927,0.9061224489795918,0.052128048038300845
10,118.0,114.0,45313.0,45318.0,-5.0,45493.0,45498.0,-5.0,45757.0,45769.0,-12.0,3.536,3.584,-0.04800000000000004,0.737859,0.747568,-0.009708999999999968,0.8108108108108107,0.7982261640798226,0.012584646730988136
10,119.0,115.0,45757.0,45769.0,-12.0,45921.0,45931.0,-10.0,46169.0,46186.0,-17.0,3.424,3.464,-0.040000000000000036,0.671849,0.677674,-0.005824999999999969,0.7961165048543689,0.7769784172661871,0.019138087588181807
10,120.0,116.0,46169.0,46186.0,-17.0,46357.0,46358.0,-1.0,46583.0,46613.0,-30.0,3.488,3.416,0.07200000000000006,0.555344,0.545635,0.009708999999999968,0.9082125603864735,0.8056206088992974,0.10259195148717604
10,121.0,117.0,46583.0,46613.0,-30.0,46761.0,46765.0,-4.0,46990.0,47029.0,-39.0,3.232,3.256,-0.023999999999999577,0.60582,0.65048,-0.04465999999999992,0.8746928746928747,0.7307692307692308,0.14392364392364387
10,122.0,118.0,46990.0,47029.0,-39.0,47162.0,47179.0,-17.0,47428.0,47456.0,-28.0,3.208,3.312,-0.10399999999999965,0.67962,0.67962,0.0,0.7853881278538812,0.702576112412178,0.08281201544170325
10,123.0,119.0,47428.0,47456.0,-28.0,47593.0,47613.0,-20.0,47889.0,47930.0,-41.0,3.448,3.472,-0.02400000000000002,0.61748,0.66214,-0.04465999999999992,0.7158351409978307,0.6624472573839663,0.053387883613864484
10,124.0,120.0,47889.0,47930.0,-41.0,48095.0,48102.0,-7.0,48315.0,48333.0,-18.0,4.016,3.912,0.10400000000000009,0.7048599999999999,0.7048599999999999,0.0,0.9671361502347418,0.8535980148883375,0.11353813534640422
10,125.0,121.0,48315.0,48333.0,-18.0,48505.0,48502.0,3.0,48723.0,48739.0,-16.0,3.28,3.2,0.07999999999999963,0.46991000000000005,0.47962000000000005,-0.009709999999999996,0.9313725490196079,0.8325123152709359,0.09886023374867192
10,126.0,122.0,48723.0,48739.0,-16.0,48933.0,48937.0,-4.0,49156.0,49168.0,-12.0,3.424,3.48,-0.05600000000000005,0.71068,0.71068,0.0,0.9699769053117783,0.9230769230769231,0.04689998223485514
10,127.0,123.0,49156.0,49168.0,-12.0,49353.0,49364.0,-11.0,49595.0,49612.0,-17.0,3.36,3.416,-0.05600000000000005,0.74563,0.74563,0.0,0.89749430523918,0.8828828828828829,0.014611422356297088
10,128.0,124.0,49595.0,49612.0,-17.0,49721.0,49730.0,-9.0,49951.0,49923.0,28.0,2.944,2.928,0.016000000000000014,0.53398,0.53398,0.0,0.7078651685393258,0.7588424437299035,-0.05097727519057771
10,129.0,125.0,49951.0,49923.0,28.0,50163.0,50164.0,-1.0,50367.0,50397.0,-30.0,3.536,3.472,0.06400000000000006,0.60583,0.6543699999999999,-0.04853999999999992,0.9807692307692307,0.9831223628691983,-0.0023531320999675698
10,130.0,126.0,50367.0,50397.0,-30.0,50553.0,50561.0,-8.0,50765.0,50795.0,-30.0,3.12,3.176,-0.05600000000000005,0.65631,0.66602,-0.009709999999999996,0.9346733668341709,0.8241206030150754,0.11055276381909551
10,131.0,127.0,50765.0,50795.0,-30.0,50975.0,50972.0,3.0,51197.0,51212.0,-15.0,3.376,3.288,0.08800000000000008,0.68155,0.68155,0.0,0.9722222222222222,0.8489208633093526,0.12330135891286964
10,132.0,128.0,51197.0,51212.0,-15.0,51368.0,51377.0,-9.0,51586.0,51598.0,-12.0,3.144,3.24,-0.09600000000000009,0.61553,0.61553,0.0,0.8791773778920309,0.8549222797927462,0.024255098099284722
10,133.0,129.0,51586.0,51598.0,-12.0,51789.0,51787.0,2.0,51991.0,52003.0,-12.0,3.368,3.28,0.08800000000000008,0.48155000000000003,0.50097,-0.019419999999999993,0.9975308641975309,0.9333333333333333,0.06419753086419755
10,134.0,130.0,51991.0,52003.0,-12.0,52210.0,52223.0,-13.0,52468.0,52476.0,-8.0,3.368,3.488,-0.1200000000000001,0.71651,0.71651,0.0,0.9182389937106918,0.9302325581395349,-0.011993564428843029
10,135.0,131.0,52468.0,52476.0,-8.0,52637.0,52638.0,-1.0,52861.0,52873.0,-12.0,3.416,3.32,0.09600000000000009,0.545627,0.557277,-0.01165000000000005,0.8600508905852418,0.8161209068010076,0.04392998378423418
10,136.0,132.0,52861.0,52873.0,-12.0,53039.0,53050.0,-11.0,53272.0,53291.0,-19.0,3.216,3.296,-0.07999999999999963,0.58058,0.58058,0.0,0.8661800486618005,0.84688995215311,0.019290096508690513
10,137.0,133.0,53272.0,53291.0,-19.0,53463.0,53461.0,2.0,53821.0,54017.0,-196.0,3.392,3.288,0.10400000000000009,0.62524,0.621359,0.0038810000000000233,0.6958105646630237,0.4683195592286501,0.22749100543437362
10,139.0,134.0,53965.0,54017.0,-52.0,54151.0,54157.0,-6.0,54384.0,54419.0,-35.0,2.44,5.568,-3.1279999999999997,0.7359180000000001,0.78446,-0.048541999999999974,0.8878281622911695,0.6965174129353233,0.19131074935584613
10,140.0,135.0,54384.0,54419.0,-35.0,54579.0,54583.0,-4.0,54813.0,54834.0,-21.0,3.424,3.408,0.016000000000000014,0.7301,0.7301,0.0,0.9090909090909091,0.7903614457831325,0.11872946330777656
10,141.0,136.0,54813.0,54834.0,-21.0,54985.0,55001.0,-16.0,55265.0,55290.0,-25.0,3.248,3.344,-0.09599999999999964,0.49903,0.49903,0.0,0.7610619469026548,0.7324561403508771,0.02860580655177769
10,142.0,137.0,55265.0,55290.0,-25.0,55426.0,55436.0,-10.0,55651.0,55662.0,-11.0,3.528,3.48,0.04800000000000004,0.58058,0.58058,0.0,0.8341968911917098,0.7849462365591398,0.04925065463257006
10,143.0,138.0,55651.0,55662.0,-11.0,55837.0,55838.0,-1.0,56014.0,56033.0,-19.0,3.288,3.216,0.07199999999999962,0.4932,0.56311,-0.06990999999999997,0.9752066115702479,0.9487870619946092,0.026419549575638746
10,144.0,139.0,56014.0,56033.0,-19.0,56232.0,56212.0,20.0,56416.0,56456.0,-40.0,3.16,2.992,0.16800000000000015,0.68738,0.68738,0.0,0.9154228855721394,0.8463356973995272,0.06908718817261217
10,145.0,140.0,56416.0,56456.0,-40.0,56648.0,56631.0,17.0,56826.0,56856.0,-30.0,3.328,3.352,-0.02400000000000002,1.0466,1.0466,0.0,0.8682926829268293,0.875,-0.006707317073170738
10,146.0,141.0,56826.0,56856.0,-30.0,56942.0,56952.0,-10.0,57132.0,57142.0,-10.0,2.352,2.568,-0.2160000000000002,0.714563,0.730097,-0.015534000000000048,0.7581699346405228,0.6713286713286714,0.08684126331185149
10,147.0,142.0,57132.0,57142.0,-10.0,57296.0,57295.0,1.0,57506.0,57538.0,-32.0,2.832,2.744,0.08799999999999963,0.85437,0.8621399999999999,-0.007769999999999944,0.8770053475935828,0.7727272727272727,0.10427807486631013
10,148.0,143.0,57506.0,57538.0,-32.0,57691.0,57687.0,4.0,57903.0,57940.0,-37.0,3.16,3.136,0.02400000000000002,0.8349500000000001,0.8232970000000001,0.011653000000000024,0.9319899244332494,0.7412935323383085,0.19069639209494083
10,149.0,144.0,57903.0,57940.0,-37.0,58091.0,58097.0,-6.0,58295.0,58292.0,3.0,3.2,3.28,-0.07999999999999963,1.2097,1.2097,0.0,0.9591836734693877,0.8920454545454546,0.06713821892393312
10,150.0,145.0,58295.0,58292.0,3.0,58529.0,58495.0,34.0,58546.0,58605.0,-59.0,3.504,3.184,0.31999999999999984,1.3941700000000001,1.3941700000000001,0.0,0.13545816733067728,0.7028753993610224,-0.5674172320303451
10,152.0,147.0,59095.0,59063.0,32.0,59151.0,59150.0,1.0,59387.0,59428.0,-41.0,3.168,2.568,0.6000000000000001,0.94563,0.9766999999999999,-0.03106999999999993,0.3835616438356164,0.47671232876712333,-0.09315068493150691
10,153.0,148.0,59387.0,59428.0,-41.0,59570.0,59581.0,-11.0,59802.0,59826.0,-24.0,3.352,3.448,-0.09600000000000009,0.53203,0.53592,-0.003889999999999949,0.8819277108433735,0.7688442211055276,0.11308348973784588
11,1.0,1.0,98.0,101.0,-3.0,299.0,287.0,12.0,713.0,681.0,32.0,,,,0.64548,0.62836,0.017120000000000024,0.6536585365853659,0.6413793103448275,0.012279226240538343
11,2.0,2.0,713.0,681.0,32.0,998.0,989.0,9.0,1274.0,1314.0,-40.0,5.592,5.616,-0.02400000000000002,0.77017,0.78973,-0.019560000000000022,0.983957219251337,0.9731437598736177,0.01081345937771927
11,4.0,3.0,1532.0,1572.0,-40.0,1669.0,1667.0,2.0,1815.0,1773.0,42.0,1.352,5.424,-4.072,1.43277,1.43277,0.0,0.9681978798586572,0.945273631840796,0.022924248017861193
11,6.0,4.0,1929.0,1773.0,156.0,1987.0,1981.0,6.0,2176.0,2138.0,38.0,1.296,2.512,-1.216,0.32763,0.435205,-0.10757500000000003,0.46963562753036436,0.8602739726027397,-0.3906383450723754
11,7.0,5.0,2176.0,2138.0,38.0,2529.0,2487.0,42.0,2793.0,2851.0,-58.0,4.336,4.048,0.28800000000000026,0.78729,0.78729,0.0,0.8557536466774717,0.9789621318373072,-0.12320848515983551
11,10.0,6.0,3379.0,3391.0,-12.0,3497.0,3519.0,-22.0,3753.0,3802.0,-49.0,1.552,1.744,-0.19199999999999995,0.51589,0.51589,0.0,0.6310160427807487,0.6228710462287105,0.008144996552038264
11,11.0,7.0,3753.0,3802.0,-49.0,3972.0,3993.0,-21.0,4292.0,4332.0,-40.0,3.8,3.792,0.008000000000000007,0.57946,0.59413,-0.014670000000000072,0.8126159554730983,0.7207547169811321,0.09186123849196615
11,12.0,8.0,4292.0,4332.0,-40.0,4479.0,4501.0,-22.0,4741.0,4702.0,39.0,4.056,4.064,-0.008000000000000007,0.59413,0.59413,0.0,0.8329621380846325,0.9135135135135135,-0.08055137542888102
11,14.0,9.0,5009.0,5060.0,-51.0,5135.0,5155.0,-20.0,5316.0,5285.0,31.0,1.016,5.232,-4.216,1.33741,1.33741,0.0,0.8208469055374593,0.8444444444444444,-0.023597538906985127
11,15.0,10.0,5316.0,5285.0,31.0,5464.0,5472.0,-8.0,5756.0,5802.0,-46.0,2.632,2.536,0.09600000000000009,0.54034,0.6577,-0.11735999999999991,0.6727272727272727,0.7234042553191489,-0.05067698259187614
11,16.0,11.0,5756.0,5802.0,-46.0,5929.0,5924.0,5.0,6149.0,6063.0,86.0,3.72,3.616,0.10400000000000009,1.3570099999999998,1.33745,0.0195599999999998,0.8804071246819338,0.9348659003831418,-0.05445877570120794
11,17.0,12.0,6149.0,6063.0,86.0,6458.0,6480.0,-22.0,6785.0,6812.0,-27.0,4.232,4.448,-0.2160000000000002,0.7017100000000001,0.71638,-0.01466999999999996,0.9716981132075472,0.8865153538050734,0.08518275940247377
11,18.0,13.0,6785.0,6812.0,-27.0,6949.0,6979.0,-30.0,7517.0,7514.0,3.0,3.928,3.992,-0.06400000000000006,0.49389,0.49144,0.0024500000000000077,0.4480874316939891,0.4757834757834758,-0.02769604408948667
11,19.0,14.0,7517.0,7514.0,3.0,7874.0,7851.0,23.0,8092.0,8060.0,32.0,7.4,6.976,0.4240000000000004,0.533,0.533,0.0,0.7582608695652174,0.7655677655677655,-0.00730689600254808
11,20.0,15.0,8092.0,8060.0,32.0,8365.0,8388.0,-23.0,8620.0,8660.0,-40.0,3.928,4.296,-0.3680000000000003,0.41808999999999996,0.43765,-0.019560000000000022,0.9659090909090909,0.9066666666666666,0.05924242424242432
11,21.0,16.0,8620.0,8660.0,-40.0,8880.0,8865.0,15.0,9117.0,9162.0,-45.0,4.12,3.816,0.30400000000000027,0.48411,0.48411,0.0,0.9537223340040242,0.8167330677290836,0.13698926627494057
11,22.0,17.0,9117.0,9162.0,-45.0,9325.0,9350.0,-25.0,9622.0,9582.0,40.0,3.56,3.88,-0.31999999999999984,0.61125,0.6088,0.002449999999999952,0.8237623762376238,0.8952380952380953,-0.07147571900047145
11,23.0,18.0,9622.0,9582.0,40.0,9929.0,9955.0,-26.0,10131.0,10136.0,-5.0,4.832,4.84,-0.008000000000000007,0.71638,0.72127,-0.00488999999999995,0.793713163064833,0.6534296028880866,0.14028356017674637
11,24.0,19.0,10131.0,10136.0,-5.0,10271.0,10309.0,-38.0,10550.0,10521.0,29.0,2.736,2.832,-0.09599999999999964,1.04157,1.04157,0.0,0.6682577565632458,0.8987012987012987,-0.23044354213805285
11,25.0,20.0,10550.0,10521.0,29.0,10767.0,10789.0,-22.0,11061.0,11078.0,-17.0,3.968,3.84,0.1280000000000001,0.80196,0.8044,-0.0024399999999999977,0.8493150684931507,0.9622980251346499,-0.11298295664149915
11,26.0,21.0,11061.0,11078.0,-17.0,11269.0,11282.0,-13.0,11595.0,11649.0,-54.0,4.016,3.944,0.07200000000000006,0.60147,0.60147,0.0,0.7790262172284644,0.7145359019264448,0.06449031530201965
11,27.0,22.0,11595.0,11649.0,-54.0,11793.0,11809.0,-16.0,12075.0,12119.0,-44.0,4.192,4.216,-0.02400000000000002,0.45965999999999996,0.45965999999999996,0.0,0.825,0.6808510638297872,0.14414893617021274
11,28.0,23.0,12075.0,12119.0,-44.0,12271.0,12283.0,-12.0,12551.0,12511.0,40.0,3.824,3.792,0.03200000000000003,0.56479,0.54523,0.019560000000000022,0.8235294117647058,0.8367346938775511,-0.013205282112845218
11,29.0,24.0,12551.0,12511.0,40.0,12776.0,12805.0,-29.0,13143.0,13175.0,-32.0,4.04,4.176,-0.13600000000000012,0.52078,0.5379,-0.017120000000000024,0.7601351351351351,0.8855421686746988,-0.12540703353956373
11,30.0,25.0,13143.0,13175.0,-32.0,13401.0,13397.0,4.0,13630.0,13608.0,22.0,5.0,4.736,0.26400000000000023,0.87531,0.87531,0.0,0.9404517453798767,0.9745958429561201,-0.03414409757624337
11,31.0,26.0,13630.0,13608.0,22.0,13891.0,13920.0,-29.0,14182.0,14154.0,28.0,3.92,4.184,-0.26400000000000023,0.5085500000000001,0.52567,-0.017119999999999913,0.9456521739130435,0.8571428571428572,0.08850931677018625
11,32.0,27.0,14182.0,14154.0,28.0,14481.0,14454.0,27.0,14718.0,14758.0,-40.0,4.72,4.272,0.4479999999999995,0.511,0.53545,-0.024449999999999972,0.8843283582089552,0.9933774834437086,-0.10904912523475341
11,33.0,28.0,14718.0,14758.0,-40.0,14911.0,14938.0,-27.0,15144.0,15173.0,-29.0,3.44,3.872,-0.43199999999999994,0.533,0.53056,0.0024399999999999977,0.9061032863849765,0.8674698795180723,0.038633406866904196
11,34.0,29.0,15144.0,15173.0,-29.0,15265.0,15253.0,12.0,15431.0,15447.0,-16.0,2.832,2.52,0.31199999999999983,1.30318,1.30318,0.0,0.8432055749128919,0.583941605839416,0.25926396907347593
11,35.0,30.0,15431.0,15447.0,-16.0,15577.0,15582.0,-5.0,15706.0,15869.0,-163.0,2.496,2.632,-0.13600000000000012,1.06601,1.0122200000000001,0.05378999999999978,0.9381818181818182,0.6398104265402844,0.2983713916415338
11,37.0,31.0,15861.0,15869.0,-8.0,16063.0,16051.0,12.0,16224.0,16260.0,-36.0,2.544,3.752,-1.2079999999999997,0.53545,0.53545,0.0,0.8870523415977961,0.9309462915601023,-0.04389394996230622
11,38.0,32.0,16224.0,16260.0,-36.0,16385.0,16379.0,6.0,17032.0,16990.0,42.0,2.576,2.624,-0.04800000000000004,1.55258,1.55258,0.0,0.39851485148514854,0.32602739726027397,0.07248745422487457
11,39.0,33.0,17032.0,16990.0,42.0,17332.0,17308.0,24.0,17582.0,17612.0,-30.0,7.576,7.432,0.14399999999999924,0.48166,0.5061100000000001,-0.024450000000000083,0.9090909090909091,0.977491961414791,-0.06840105232388194
11,40.0,34.0,17582.0,17612.0,-30.0,17803.0,17828.0,-25.0,18105.0,18199.0,-94.0,3.768,4.16,-0.39200000000000035,0.71882,0.68215,0.03666999999999998,0.8451242829827916,0.7359454855195912,0.10917879746320047
11,45.0,35.0,18148.0,18199.0,-51.0,18341.0,18372.0,-31.0,18649.0,18679.0,-30.0,1.728,4.352,-2.6240000000000006,0.5868,0.5868,0.0,0.7704590818363274,0.7208333333333333,0.04962574850299406
11,46.0,36.0,18649.0,18679.0,-30.0,19003.0,18992.0,11.0,19215.0,19220.0,-5.0,5.296,4.96,0.3360000000000003,1.51585,1.51585,0.0,0.7491166077738516,0.8428835489833642,-0.09376694120951257
11,47.0,37.0,19215.0,19220.0,-5.0,19397.0,19377.0,20.0,19677.0,19711.0,-34.0,3.152,3.08,0.07200000000000006,0.50856,0.50122,0.007340000000000013,0.7878787878787878,0.6395112016293278,0.14836758624946
11,48.0,38.0,19677.0,19711.0,-34.0,19993.0,19992.0,1.0,20143.0,20107.0,36.0,4.768,4.92,-0.15200000000000014,1.511,1.511,0.0,0.6437768240343348,0.5808080808080809,0.0629687432262539
11,49.0,39.0,20143.0,20107.0,36.0,20272.0,20246.0,26.0,20510.0,20598.0,-88.0,2.232,2.032,0.20000000000000018,0.44254000000000004,0.47187999999999997,-0.02933999999999992,0.7029972752043596,0.5661914460285132,0.13680582917584638
11,50.0,40.0,20510.0,20598.0,-88.0,20805.0,20778.0,27.0,21003.0,21033.0,-30.0,4.264,4.256,0.008000000000000007,0.5868,0.5501199999999999,0.036680000000000046,0.8032454361054766,0.8275862068965517,-0.024340770791075106
11,51.0,41.0,21003.0,21033.0,-30.0,21202.0,21188.0,14.0,21443.0,21467.0,-24.0,3.176,3.28,-0.10399999999999965,0.511,0.54034,-0.029340000000000033,0.9045454545454545,0.7142857142857143,0.19025974025974024
11,52.0,42.0,21443.0,21467.0,-24.0,21683.0,21679.0,4.0,21956.0,21988.0,-32.0,3.848,3.928,-0.08000000000000007,0.71638,0.70904,0.007340000000000013,0.935672514619883,0.8138195777351247,0.12185293688475829
11,53.0,43.0,21956.0,21988.0,-32.0,22132.0,22168.0,-36.0,22442.0,22496.0,-54.0,3.592,3.912,-0.31999999999999984,0.55501,0.55501,0.0,0.7242798353909465,0.7086614173228347,0.015618418068111817
11,54.0,44.0,22442.0,22496.0,-54.0,22733.0,22733.0,0.0,23014.0,23056.0,-42.0,4.808,4.52,0.28800000000000026,0.6699299999999999,0.6699299999999999,0.0,0.9825174825174825,0.8464285714285714,0.13608891108891108
11,55.0,45.0,23014.0,23056.0,-42.0,23265.0,23252.0,13.0,23606.0,23678.0,-72.0,4.256,4.152,0.10400000000000009,0.72127,0.72127,0.0,0.847972972972973,0.630225080385852,0.21774789258712102
11,56.0,46.0,23606.0,23678.0,-72.0,23827.0,23836.0,-9.0,24083.0,24196.0,-113.0,4.496,4.672,-0.17599999999999927,0.48655000000000004,0.48655000000000004,0.0,0.9266247379454926,0.61003861003861,0.31658612790688256
11,58.0,47.0,24147.0,24196.0,-49.0,24361.0,24376.0,-15.0,24716.0,24762.0,-46.0,1.96,4.32,-2.3600000000000003,0.533,0.533,0.0,0.7521968365553603,0.6360424028268552,0.11615443372850509
11,59.0,48.0,24716.0,24762.0,-46.0,24932.0,24947.0,-15.0,25260.0,25294.0,-34.0,4.568,4.568,0.0,0.5281199999999999,0.5305599999999999,-0.0024399999999999977,0.7941176470588236,0.6954887218045113,0.09862892525431233
11,60.0,49.0,25260.0,25294.0,-34.0,25523.0,25491.0,32.0,25699.0,25745.0,-46.0,4.728,4.352,0.37599999999999945,0.7017100000000001,0.7017100000000001,0.0,0.8018223234624146,0.8736141906873615,-0.0717918672249469
11,61.0,50.0,25699.0,25745.0,-46.0,25905.0,25918.0,-13.0,26180.0,26218.0,-38.0,3.056,3.416,-0.3599999999999999,0.63814,0.62347,0.014670000000000072,0.8565488565488566,0.7315010570824525,0.1250477994664041
11,62.0,51.0,26180.0,26218.0,-38.0,26387.0,26414.0,-27.0,26711.0,26698.0,13.0,3.856,3.968,-0.1120000000000001,0.6650400000000001,0.6650400000000001,0.0,0.7796610169491526,0.8166666666666667,-0.03700564971751408
11,63.0,52.0,26711.0,26698.0,13.0,26875.0,26900.0,-25.0,27199.0,27183.0,16.0,3.904,3.888,0.016000000000000014,0.65036,0.64058,0.009780000000000011,0.6721311475409837,0.8329896907216495,-0.16085854318066584
11,64.0,53.0,27199.0,27183.0,16.0,27389.0,27398.0,-9.0,27558.0,27598.0,-40.0,4.112,3.984,0.1280000000000001,0.6308,0.6308,0.0,0.9415041782729805,0.963855421686747,-0.022351243413766486
11,65.0,54.0,27558.0,27598.0,-40.0,27755.0,27746.0,9.0,28123.0,28173.0,-50.0,2.928,2.784,0.14400000000000013,1.32522,1.32522,0.0,0.6973451327433628,0.5147826086956522,0.18256252404771067
11,66.0,55.0,28123.0,28414.0,-291.0,28509.0,28515.0,-6.0,28694.0,28653.0,41.0,6.032,6.152,-0.1200000000000001,1.35697,1.35697,0.0,0.6479859894921192,0.8451882845188284,-0.19720229502670927
11,67.0,56.0,28694.0,28653.0,41.0,28939.0,28905.0,34.0,29431.0,29403.0,28.0,3.44,3.12,0.31999999999999984,0.69926,0.74327,-0.044009999999999994,0.6648575305291724,0.6719999999999999,-0.007142469470827528
11,68.0,57.0,29431.0,29403.0,28.0,29767.0,29739.0,28.0,30015.0,30033.0,-18.0,6.624,6.672,-0.04800000000000004,0.6136900000000001,0.6332500000000001,-0.019560000000000022,0.8493150684931507,0.9333333333333333,-0.0840182648401826
11,69.0,58.0,30015.0,30033.0,-18.0,30230.0,30246.0,-16.0,30520.0,30568.0,-48.0,3.704,4.056,-0.35199999999999987,0.56479,0.55256,0.012229999999999963,0.8514851485148515,0.7962616822429907,0.05522346627186081
11,70.0,59.0,30520.0,30568.0,-48.0,30791.0,30782.0,9.0,31059.0,31106.0,-47.0,4.488,4.288,0.20000000000000018,0.64303,0.64303,0.0,0.9944341372912802,0.7955390334572491,0.19889510383403108
11,71.0,60.0,31059.0,31106.0,-47.0,31264.0,31282.0,-18.0,31600.0,31644.0,-44.0,3.784,4.0,-0.2160000000000002,0.47187999999999997,0.47187999999999997,0.0,0.7578558225508318,0.654275092936803,0.10358072961402887
11,72.0,61.0,31600.0,31644.0,-44.0,31842.0,31821.0,21.0,32191.0,32236.0,-45.0,4.624,4.312,0.3119999999999994,0.53301,0.51834,0.01466999999999996,0.8189509306260575,0.597972972972973,0.22097795765308448
11,73.0,62.0,32191.0,32236.0,-45.0,32425.0,32428.0,-3.0,32705.0,32756.0,-51.0,4.664,4.856,-0.19200000000000017,0.55745,0.55745,0.0,0.9105058365758755,0.7384615384615385,0.17204429811433697
11,74.0,63.0,32705.0,32756.0,-51.0,32893.0,32915.0,-22.0,33222.0,33269.0,-47.0,3.744,3.896,-0.1519999999999997,0.49878,0.51834,-0.019560000000000022,0.7272727272727273,0.6198830409356726,0.1073896863370547
11,75.0,64.0,33222.0,33269.0,-47.0,33495.0,33475.0,20.0,33714.0,33749.0,-35.0,4.816,4.48,0.3359999999999994,0.71882,0.71882,0.0,0.8902439024390244,0.8583333333333334,0.03191056910569101
11,76.0,65.0,33714.0,33749.0,-35.0,33909.0,33930.0,-21.0,34217.0,34245.0,-28.0,3.312,3.64,-0.3280000000000003,0.62347,0.62347,0.0,0.7753479125248509,0.7298387096774194,0.04550920284743154
11,77.0,66.0,34217.0,34245.0,-28.0,34394.0,34412.0,-18.0,34732.0,34769.0,-37.0,3.88,3.856,0.02400000000000002,0.59169,0.59169,0.0,0.6873786407766991,0.6374045801526718,0.04997406062402732
11,78.0,67.0,34732.0,34769.0,-37.0,34963.0,34938.0,25.0,35244.0,35295.0,-51.0,4.552,4.208,0.3439999999999994,0.54034,0.54034,0.0,0.90234375,0.6425855513307985,0.25975819866920147
11,79.0,68.0,35244.0,35295.0,-51.0,35457.0,35463.0,-6.0,35786.0,35831.0,-45.0,3.952,4.2,-0.24800000000000022,0.4401,0.4401,0.0,0.7859778597785978,0.6268656716417911,0.15911218813680672
11,80.0,69.0,35786.0,35831.0,-45.0,36005.0,35994.0,11.0,36317.0,36362.0,-45.0,4.384,4.248,0.13600000000000012,0.4401,0.42054,0.019559999999999966,0.8248587570621468,0.6139359698681732,0.21092278719397362
11,81.0,70.0,36317.0,36362.0,-45.0,36515.0,36522.0,-7.0,36871.0,36912.0,-41.0,4.08,4.224,-0.14400000000000013,0.42543,0.42787,-0.0024399999999999977,0.7148014440433212,0.5818181818181818,0.13298326222513945
11,82.0,71.0,36871.0,36912.0,-41.0,37083.0,37059.0,24.0,37284.0,37428.0,-144.0,4.544,4.296,0.24799999999999933,0.33496000000000004,0.33496000000000004,0.0,0.973365617433414,0.5697674418604651,0.40359817557294886
11,84.0,72.0,37377.0,37428.0,-51.0,37555.0,37573.0,-18.0,37783.0,37770.0,13.0,1.824,4.112,-2.2880000000000003,0.45232,0.45232,0.0,0.8768472906403941,0.847953216374269,0.028894074266125114
11,85.0,73.0,37783.0,37770.0,13.0,38083.0,38113.0,-30.0,38424.0,38453.0,-29.0,4.224,4.32,-0.09600000000000009,0.5379,0.55012,-0.012220000000000009,0.9360374414976599,0.9956076134699854,-0.0595701719723255
11,86.0,74.0,38424.0,38453.0,-29.0,38626.0,38644.0,-18.0,38922.0,38882.0,40.0,4.344,4.248,0.09600000000000009,0.489,0.47676999999999997,0.012230000000000019,0.8112449799196787,0.8904428904428905,-0.07919791052321179
11,87.0,75.0,38922.0,38882.0,40.0,39157.0,39158.0,-1.0,39446.0,39489.0,-43.0,4.248,4.112,0.13600000000000012,0.52078,0.52078,0.0,0.8969465648854962,0.9093904448105437,-0.012443879925047474
11,88.0,76.0,39446.0,39489.0,-43.0,39637.0,39656.0,-19.0,39916.0,39953.0,-37.0,3.84,3.984,-0.14400000000000013,0.46943,0.49633000000000005,-0.026900000000000035,0.8127659574468085,0.7198275862068966,0.09293837123991189
11,89.0,77.0,39916.0,39953.0,-37.0,40075.0,40081.0,-6.0,40452.0,40416.0,36.0,3.504,3.4,0.10400000000000009,1.61129,1.59906,0.012229999999999963,0.5932835820895522,0.5529157667386608,0.0403678153508914
11,90.0,78.0,40452.0,40416.0,36.0,40783.0,40745.0,38.0,41004.0,41025.0,-21.0,5.664,5.312,0.3519999999999994,0.5379,0.60147,-0.0635699999999999,0.8007246376811594,0.9195402298850575,-0.11881559220389803
11,91.0,79.0,41004.0,41025.0,-21.0,41123.0,41111.0,12.0,41351.0,41343.0,8.0,2.72,2.928,-0.20799999999999974,0.84108,0.84108,0.0,0.6858789625360231,0.5408805031446541,0.14499845939136902
11,92.0,80.0,41351.0,41343.0,8.0,41561.0,41575.0,-14.0,41813.0,41828.0,-15.0,3.504,3.712,-0.20800000000000018,0.7555000000000001,0.7555000000000001,0.0,0.9090909090909091,0.9567010309278351,-0.047610121836926034
11,93.0,81.0,41813.0,41828.0,-15.0,42054.0,42029.0,25.0,42326.0,42328.0,-2.0,3.944,3.632,0.31199999999999983,0.6674800000000001,0.64792,0.019560000000000022,0.939571150097466,0.804,0.1355711500974659
11,94.0,82.0,42326.0,42328.0,-2.0,42546.0,42532.0,14.0,42769.0,42776.0,-7.0,3.936,4.024,-0.08800000000000008,0.6894800000000001,0.69437,-0.00488999999999995,0.9932279909706546,0.9107142857142857,0.08251370525636892
11,95.0,83.0,42769.0,42776.0,-7.0,42961.0,42975.0,-14.0,43309.0,43344.0,-35.0,3.32,3.544,-0.2240000000000002,0.70904,0.70904,0.0,0.7111111111111111,0.7007042253521127,0.010406885758998397
11,96.0,84.0,43309.0,43344.0,-35.0,43512.0,43530.0,-18.0,43805.0,43828.0,-23.0,4.408,4.44,-0.03200000000000003,0.64792,0.64792,0.0,0.8185483870967742,0.768595041322314,0.0499533457744602
11,97.0,85.0,43805.0,43828.0,-23.0,44008.0,44007.0,1.0,44329.0,44349.0,-20.0,3.968,3.816,0.15200000000000014,0.5599,0.54523,0.01466999999999996,0.7748091603053435,0.6871401151631478,0.08766904514219576
11,98.0,86.0,44329.0,44349.0,-20.0,44559.0,44535.0,24.0,44830.0,44862.0,-32.0,4.408,4.224,0.18400000000000016,0.5525599999999999,0.54767,0.00488999999999995,0.9181636726546907,0.7251461988304093,0.19301747382428136
11,99.0,87.0,44830.0,44862.0,-32.0,45038.0,45018.0,20.0,45271.0,45290.0,-19.0,3.832,3.864,-0.03200000000000003,0.4841,0.49144,-0.007340000000000013,0.9433106575963719,0.7289719626168225,0.21433869497954938
11,100.0,88.0,45271.0,45290.0,-19.0,45441.0,45450.0,-9.0,45594.0,45545.0,49.0,3.224,3.456,-0.23199999999999976,1.39123,1.39123,0.0,0.9473684210526316,0.7450980392156863,0.20227038183694535
11,102.0,89.0,45790.0,45760.0,30.0,45991.0,45966.0,25.0,46125.0,46149.0,-24.0,3.088,4.128,-1.04,0.56723,0.61858,-0.05135000000000001,0.8,0.9408740359897172,-0.14087403598971715
11,104.0,90.0,46360.0,46149.0,211.0,46396.0,46425.0,-29.0,46573.0,46596.0,-23.0,1.208,3.672,-2.4640000000000004,0.41564,0.74083,-0.32519,0.3380281690140845,0.7651006711409396,-0.4270725021268551
11,105.0,91.0,46573.0,46596.0,-23.0,46711.0,46707.0,4.0,46846.0,46812.0,34.0,2.52,2.256,0.26400000000000023,1.0489,1.0489,0.0,0.989010989010989,0.9722222222222222,0.01678876678876684
11,106.0,92.0,46846.0,46812.0,34.0,47001.0,47000.0,1.0,47227.0,47281.0,-54.0,2.32,2.344,-0.02400000000000002,1.01712,1.0562399999999998,-0.03911999999999982,0.8136482939632546,0.8017057569296375,0.011942537033617029
11,107.0,93.0,47227.0,47281.0,-54.0,47479.0,47463.0,16.0,47696.0,47706.0,-10.0,3.824,3.704,0.11999999999999966,0.5305599999999999,0.52323,0.007329999999999948,0.9253731343283582,0.8564705882352941,0.06890254609306412
11,108.0,94.0,47696.0,47706.0,-10.0,47920.0,47913.0,7.0,47980.0,48019.0,-39.0,3.528,3.6,-0.07200000000000006,0.51833,0.511,0.007329999999999948,0.4225352112676056,0.6773162939297125,-0.25478108266210686
11,109.0,95.0,47980.0,48019.0,-39.0,48118.0,48117.0,1.0,48265.0,48237.0,28.0,1.584,1.632,-0.04799999999999982,1.22983,1.22983,0.0,0.968421052631579,0.8990825688073394,0.06933848382423957
11,110.0,96.0,48265.0,48237.0,28.0,48478.0,48449.0,29.0,48752.0,48795.0,-43.0,2.88,2.656,0.22399999999999975,0.57702,0.57946,-0.0024399999999999977,0.8747433264887063,0.7598566308243728,0.11488669566433352
11,111.0,97.0,48752.0,48795.0,-43.0,48944.0,48963.0,-19.0,49312.0,49359.0,-47.0,3.728,4.112,-0.3839999999999999,0.47431999999999996,0.46943,0.00488999999999995,0.6857142857142857,0.5957446808510638,0.08996960486322192
11,112.0,98.0,49312.0,49359.0,-47.0,49503.0,49532.0,-29.0,49753.0,49716.0,37.0,4.472,4.552,-0.07999999999999918,0.44498000000000004,0.44254000000000004,0.0024399999999999977,0.8662131519274376,0.969187675070028,-0.10297452314259037
11,113.0,99.0,49753.0,49716.0,37.0,50064.0,50048.0,16.0,50352.0,50385.0,-33.0,4.488,4.128,0.3600000000000003,0.53545,0.5623400000000001,-0.02689000000000008,0.9616026711185309,0.992526158445441,-0.030923487326910082
11,114.0,100.0,50352.0,50385.0,-33.0,50576.0,50560.0,16.0,50917.0,50964.0,-47.0,4.096,4.096,0.0,0.5061100000000001,0.50122,0.004890000000000061,0.7929203539823009,0.6044905008635579,0.18842985311874294
11,115.0,101.0,50917.0,50964.0,-47.0,51131.0,51130.0,1.0,51387.0,51435.0,-48.0,4.44,4.56,-0.11999999999999922,0.69438,0.69438,0.0,0.9106382978723404,0.7048832271762209,0.20575507069611954
11,116.0,102.0,51387.0,51435.0,-48.0,51583.0,51599.0,-16.0,51912.0,51963.0,-51.0,3.616,3.752,-0.13599999999999968,0.44498,0.44498,0.0,0.7466666666666666,0.6212121212121212,0.12545454545454537
11,117.0,103.0,51912.0,51963.0,-51.0,52123.0,52138.0,-15.0,52451.0,52484.0,-33.0,4.32,4.312,0.008000000000000007,0.50856,0.50856,0.0,0.7829313543599258,0.6717850287907869,0.11114632556913884
11,118.0,104.0,52451.0,52484.0,-33.0,52626.0,52634.0,-8.0,52842.0,52814.0,28.0,4.024,3.968,0.05600000000000005,0.49144,0.49144,0.0,0.8951406649616368,0.9090909090909091,-0.01395024412927226
11,119.0,105.0,52842.0,52814.0,28.0,53162.0,53190.0,-28.0,53506.0,53559.0,-53.0,4.288,4.448,-0.16000000000000014,0.55012,0.5819,-0.03177999999999992,0.963855421686747,0.9906040268456375,-0.026748605158890548
11,120.0,106.0,53506.0,53559.0,-53.0,53701.0,53720.0,-19.0,54044.0,54086.0,-42.0,4.312,4.24,0.07200000000000006,0.56235,0.56235,0.0,0.724907063197026,0.6110056925996206,0.11390137059740546
11,121.0,107.0,54044.0,54086.0,-42.0,54253.0,54253.0,0.0,54621.0,54574.0,47.0,4.416,4.264,0.15200000000000014,1.41072,1.4009399999999999,0.009780000000000122,0.7244367417677643,0.6844262295081966,0.04001051225956764
11,122.0,108.0,54621.0,54574.0,47.0,54863.0,54868.0,-5.0,55121.0,55095.0,26.0,4.88,4.92,-0.040000000000000036,0.48655000000000004,0.49144,-0.00488999999999995,0.968,0.8714011516314779,0.09659884836852206
11,123.0,109.0,55121.0,55095.0,26.0,55404.0,55388.0,16.0,55695.0,55757.0,-62.0,4.328,4.16,0.16800000000000015,0.47921,0.4841,-0.00488999999999995,0.9860627177700348,0.8851963746223565,0.1008663431476784
11,124.0,110.0,55695.0,55757.0,-62.0,55925.0,55917.0,8.0,56172.0,56053.0,119.0,4.168,4.232,-0.06400000000000006,1.60638,1.60638,0.0,0.9643605870020965,0.9189189189189189,0.04544166808317762
11,125.0,111.0,56172.0,56053.0,119.0,56389.0,56386.0,3.0,56641.0,56676.0,-35.0,3.712,3.752,-0.03999999999999959,0.50856,0.50856,0.0,0.9253731343283582,0.9309791332263242,-0.00560599889796598
11,126.0,112.0,56641.0,56676.0,-35.0,56875.0,56850.0,25.0,57179.0,57179.0,0.0,3.888,3.712,0.1759999999999997,0.5085500000000001,0.5085500000000001,0.0,0.8698884758364313,0.6918489065606361,0.17803956927579512
11,128.0,113.0,57181.0,57179.0,2.0,57451.0,57440.0,11.0,57690.0,57655.0,35.0,2.168,4.72,-2.5519999999999996,0.55501,0.55501,0.0,0.9390962671905697,0.9033613445378151,0.035734922652754575
11,130.0,114.0,57795.0,57655.0,140.0,58067.0,58026.0,41.0,58368.0,58307.0,61.0,2.384,4.688,-2.304,0.58924,0.58924,0.0,0.9493891797556719,0.8619631901840491,0.08742598957162284
11,131.0,115.0,58368.0,58307.0,61.0,58675.0,58662.0,13.0,58885.0,58896.0,-11.0,4.864,5.088,-0.2240000000000002,0.65036,0.65036,0.0,0.8123791102514507,0.7945670628183361,0.017812047433114597
11,132.0,116.0,58885.0,58896.0,-11.0,59196.0,59167.0,29.0,59423.0,59343.0,80.0,4.168,4.04,0.1280000000000001,0.71149,0.69682,0.01466999999999996,0.8438661710037174,0.7874720357941835,0.05639413520953396
12,1.0,1.0,323.0,331.0,-8.0,493.0,518.0,-25.0,732.0,744.0,-12.0,,3.208,,0.906158,0.900293,0.005865000000000009,0.8312958435207825,0.9055690072639225,-0.07427316374314008
12,2.0,2.0,732.0,744.0,-12.0,905.0,938.0,-33.0,1150.0,1158.0,-8.0,3.296,3.36,-0.06400000000000006,0.916911,0.916911,0.0,0.8277511961722488,0.9371980676328502,-0.10944687146060139
12,3.0,3.0,1150.0,1158.0,-8.0,1319.0,1347.0,-28.0,1554.0,1560.0,-6.0,3.312,3.272,0.040000000000000036,0.911046,0.911046,0.0,0.8366336633663366,0.9402985074626866,-0.10366484409635002
12,4.0,4.0,1554.0,1560.0,-6.0,1723.0,1743.0,-20.0,1954.0,1958.0,-4.0,3.232,3.168,0.06400000000000006,0.915934,0.915934,0.0,0.845,0.9195979899497487,-0.07459798994974876
12,5.0,5.0,1954.0,1958.0,-4.0,2133.0,2159.0,-26.0,2364.0,2373.0,-9.0,3.28,3.328,-0.04800000000000004,0.914956,0.912023,0.0029329999999999634,0.8731707317073171,0.9686746987951808,-0.09550396708786368
12,6.0,6.0,2364.0,2373.0,-9.0,2531.0,2560.0,-29.0,2765.0,2775.0,-10.0,3.184,3.208,-0.02400000000000002,0.914956,0.914956,0.0,0.8329177057356608,0.9303482587064676,-0.09743055297080683
12,7.0,7.0,2765.0,2775.0,-10.0,2923.0,2953.0,-30.0,3168.0,3176.0,-8.0,3.136,3.144,-0.008000000000000007,0.910068,0.905181,0.004886999999999975,0.7841191066997518,0.8877805486284289,-0.1036614419286771
12,8.0,8.0,3168.0,3176.0,-8.0,3339.0,3372.0,-33.0,3585.0,3593.0,-8.0,3.328,3.352,-0.02400000000000002,0.924731,0.924731,0.0,0.8201438848920863,0.9400479616306955,-0.11990407673860914
12,9.0,9.0,3585.0,3593.0,-8.0,3753.0,3780.0,-27.0,4000.0,4013.0,-13.0,3.312,3.264,0.04800000000000004,0.916911,0.909091,0.00782000000000005,0.8096385542168675,0.8904761904761904,-0.08083763625932294
12,10.0,10.0,4000.0,4013.0,-13.0,4179.0,4210.0,-31.0,4408.0,4418.0,-10.0,3.408,3.44,-0.03200000000000003,0.88661,0.8827,0.003909999999999969,0.8774509803921569,0.9728395061728395,-0.09538852578068269
12,11.0,11.0,4408.0,4418.0,-10.0,4563.0,4587.0,-24.0,4809.0,4814.0,-5.0,3.072,3.016,0.05600000000000005,0.901271,0.901271,0.0,0.773067331670823,0.8535353535353536,-0.08046802186453061
12,12.0,12.0,4809.0,4814.0,-5.0,4990.0,5019.0,-29.0,5241.0,5258.0,-17.0,3.416,3.456,-0.040000000000000036,0.8915,0.8915,0.0,0.837962962962963,0.9234234234234234,-0.08546046046046041
12,13.0,13.0,5241.0,5258.0,-17.0,5423.0,5460.0,-37.0,5691.0,5705.0,-14.0,3.464,3.528,-0.06400000000000006,0.89541,0.912023,-0.01661299999999999,0.8088888888888889,0.9038031319910514,-0.09491424310216257
12,14.0,14.0,5691.0,5705.0,-14.0,5873.0,5904.0,-31.0,6125.0,6134.0,-9.0,3.6,3.552,0.04800000000000004,0.920821,0.920821,0.0,0.8387096774193549,0.9277389277389277,-0.08902925031957287
12,15.0,15.0,6125.0,6134.0,-9.0,6303.0,6331.0,-28.0,6541.0,6548.0,-7.0,3.44,3.416,0.02400000000000002,0.89052,0.89052,0.0,0.8557692307692308,0.9516908212560387,-0.09592159048680782
12,16.0,16.0,6541.0,6548.0,-7.0,6709.0,6739.0,-30.0,6953.0,6959.0,-6.0,3.248,3.264,-0.01599999999999957,0.914956,0.914956,0.0,0.8155339805825242,0.9294403892944039,-0.11390640871187963
12,17.0,17.0,6953.0,6959.0,-6.0,7125.0,7155.0,-30.0,7367.0,7372.0,-5.0,3.328,3.328,0.0,0.931574,0.931574,0.0,0.8309178743961353,0.9491525423728814,-0.11823466797674609
12,18.0,18.0,7367.0,7372.0,-5.0,7535.0,7563.0,-28.0,7775.0,7781.0,-6.0,3.28,3.264,0.016000000000000014,0.919844,0.911046,0.008797999999999973,0.8235294117647058,0.9339853300733496,-0.11045591830864376
12,19.0,19.0,7775.0,7781.0,-6.0,7939.0,7970.0,-31.0,8185.0,8190.0,-5.0,3.232,3.256,-0.023999999999999577,0.917889,0.918866,-0.0009770000000000056,0.8,0.9242053789731052,-0.12420537897310513
12,20.0,20.0,8185.0,8190.0,-5.0,8347.0,8381.0,-34.0,8574.0,8584.0,-10.0,3.264,3.288,-0.02400000000000002,0.918866,0.917889,0.0009770000000000056,0.8329048843187661,0.9695431472081218,-0.13663826288935577
12,21.0,21.0,8574.0,8584.0,-10.0,8727.0,8749.0,-22.0,8950.0,8958.0,-8.0,3.04,2.944,0.09600000000000009,0.9071359999999999,0.9071359999999999,0.0,0.8138297872340425,0.8823529411764706,-0.06852315394242803
12,22.0,22.0,8950.0,8958.0,-8.0,9109.0,9138.0,-29.0,9341.0,9350.0,-9.0,3.056,3.112,-0.05600000000000005,0.903226,0.925709,-0.02248300000000003,0.8132992327365729,0.9183673469387755,-0.10506811420220263
12,23.0,23.0,9341.0,9350.0,-9.0,9489.0,9518.0,-29.0,9719.0,9733.0,-14.0,3.04,3.04,0.0,0.926686,0.926686,0.0,0.783068783068783,0.877284595300261,-0.09421581223147801
12,24.0,24.0,9719.0,9733.0,-14.0,9883.0,9919.0,-36.0,10129.0,10140.0,-11.0,3.152,3.208,-0.05600000000000005,0.89736,0.89736,0.0,0.8,0.914004914004914,-0.11400491400491397
12,25.0,25.0,10129.0,10140.0,-11.0,10297.0,10332.0,-35.0,10527.0,10537.0,-10.0,3.312,3.304,0.008000000000000007,0.88954,0.88954,0.0,0.8442211055276382,0.9672544080604534,-0.12303330253281519
12,26.0,26.0,10527.0,10537.0,-10.0,10679.0,10709.0,-30.0,10923.0,10932.0,-9.0,3.056,3.016,0.040000000000000036,0.9071359999999999,0.911046,-0.00391000000000008,0.7676767676767677,0.8708860759493671,-0.10320930827259933
12,27.0,27.0,10923.0,10932.0,-9.0,11077.0,11117.0,-40.0,11346.0,11346.0,0.0,3.184,3.264,-0.07999999999999963,0.930596,0.930596,0.0,0.7281323877068557,0.893719806763285,-0.16558741905642926
12,28.0,28.0,11346.0,11346.0,0.0,11527.0,11554.0,-27.0,11751.0,11759.0,-8.0,3.6,3.496,0.10400000000000009,0.930596,0.930596,0.0,0.8938271604938272,0.9927360774818402,-0.09890891698801307
12,29.0,29.0,11751.0,11759.0,-8.0,11893.0,11927.0,-34.0,12117.0,12126.0,-9.0,2.928,2.984,-0.05600000000000005,0.904203,0.904203,0.0,0.7759562841530054,0.9155313351498637,-0.1395750509968583
12,30.0,30.0,12117.0,12126.0,-9.0,12275.0,12302.0,-27.0,12509.0,12516.0,-7.0,3.056,3.0,0.05600000000000005,0.908113,0.908113,0.0,0.8061224489795918,0.9025641025641026,-0.09644165358451073
12,31.0,31.0,12509.0,12516.0,-7.0,12677.0,12698.0,-21.0,12911.0,12926.0,-15.0,3.216,3.168,0.04800000000000004,0.908113,0.908113,0.0,0.835820895522388,0.8878048780487805,-0.05198398252639247
12,32.0,32.0,12911.0,12926.0,-15.0,13081.0,13109.0,-28.0,13315.0,13324.0,-9.0,3.232,3.288,-0.055999999999999606,0.9022479999999999,0.9071359999999999,-0.0048880000000000035,0.8415841584158416,0.9195979899497487,-0.07801383153390717
12,33.0,33.0,13315.0,13324.0,-9.0,13469.0,13501.0,-32.0,13693.0,13701.0,-8.0,3.104,3.136,-0.03200000000000003,0.9071359999999999,0.905181,0.001954999999999929,0.8148148148148149,0.9389920424403183,-0.12417722762550343
12,34.0,34.0,13693.0,13701.0,-8.0,13847.0,13883.0,-36.0,14088.0,14100.0,-12.0,3.024,3.056,-0.03200000000000003,0.904203,0.904203,0.0,0.7797468354430379,0.9122807017543859,-0.132533866311348
12,35.0,35.0,14088.0,14100.0,-12.0,14255.0,14286.0,-31.0,14490.0,14503.0,-13.0,3.264,3.224,0.03999999999999959,0.901271,0.89638,0.00489100000000009,0.8308457711442786,0.9230769230769231,-0.09223115193264453
12,36.0,36.0,14490.0,14503.0,-13.0,14651.0,14677.0,-26.0,14884.0,14892.0,-8.0,3.168,3.128,0.040000000000000036,0.9022479999999999,0.9022479999999999,0.0,0.817258883248731,0.8946015424164524,-0.07734265916772143
12,37.0,37.0,14884.0,14892.0,-8.0,15043.0,15072.0,-29.0,15287.0,15292.0,-5.0,3.136,3.16,-0.02400000000000002,0.89736,0.89345,0.00391000000000008,0.7890818858560794,0.9,-0.11091811414392061
12,38.0,38.0,15287.0,15292.0,-5.0,15457.0,15489.0,-32.0,15712.0,15719.0,-7.0,3.312,3.336,-0.02400000000000002,0.910068,0.910068,0.0,0.8,0.9227166276346604,-0.1227166276346604
12,39.0,39.0,15712.0,15719.0,-7.0,15891.0,15925.0,-34.0,16133.0,16142.0,-9.0,3.472,3.488,-0.016000000000000014,0.914956,0.914956,0.0,0.850356294536817,0.9739952718676123,-0.12363897733079521
12,40.0,40.0,16133.0,16142.0,-9.0,16295.0,16326.0,-31.0,16533.0,16540.0,-7.0,3.232,3.208,0.02400000000000002,0.921799,0.921799,0.0,0.81,0.9246231155778895,-0.1146231155778894
12,41.0,41.0,16533.0,16540.0,-7.0,16695.0,16725.0,-30.0,16940.0,16947.0,-7.0,3.2,3.192,0.008000000000000007,0.922776,0.922776,0.0,0.7960687960687961,0.9090909090909091,-0.11302211302211296
12,42.0,42.0,16940.0,16947.0,-7.0,17111.0,17139.0,-28.0,17365.0,17380.0,-15.0,3.328,3.312,0.016000000000000014,0.922776,0.918866,0.00391000000000008,0.8047058823529412,0.8868360277136259,-0.08213014536068475
12,43.0,43.0,17365.0,17380.0,-15.0,17545.0,17571.0,-26.0,17777.0,17790.0,-13.0,3.472,3.456,0.016000000000000014,0.88856,0.8797699999999999,0.008790000000000076,0.8737864077669903,0.9317073170731707,-0.057920909306180324
12,44.0,44.0,17777.0,17790.0,-13.0,17947.0,17974.0,-27.0,18186.0,18197.0,-11.0,3.216,3.224,-0.008000000000000007,0.903226,0.903226,0.0,0.8312958435207825,0.9041769041769042,-0.07288106065612177
12,45.0,45.0,18186.0,18197.0,-11.0,18359.0,18390.0,-31.0,18596.0,18603.0,-7.0,3.296,3.328,-0.03200000000000003,0.8915,0.89052,0.0009799999999999809,0.8439024390243902,0.9507389162561576,-0.10683647723176737
12,46.0,46.0,18596.0,18603.0,-7.0,18763.0,18788.0,-25.0,18994.0,18999.0,-5.0,3.232,3.184,0.04800000000000004,0.9071359999999999,0.9071359999999999,0.0,0.8391959798994975,0.9343434343434344,-0.09514745444393691
12,47.0,47.0,18994.0,18999.0,-5.0,19159.0,19189.0,-30.0,19401.0,19412.0,-11.0,3.168,3.208,-0.040000000000000036,0.903226,0.89736,0.005865999999999927,0.8108108108108107,0.9200968523002422,-0.10928604148943144
12,48.0,48.0,19401.0,19412.0,-11.0,19565.0,19589.0,-24.0,19798.0,19808.0,-10.0,3.248,3.2,0.04800000000000004,0.8944300000000001,0.89345,0.000980000000000092,0.8261964735516373,0.8939393939393939,-0.06774292038775664
12,49.0,49.0,19798.0,19808.0,-10.0,19965.0,19997.0,-32.0,20212.0,20215.0,-3.0,3.2,3.264,-0.06399999999999961,0.919844,0.919844,0.0,0.8067632850241546,0.9287469287469288,-0.12198364372277415
12,50.0,50.0,20212.0,20215.0,-3.0,20377.0,20407.0,-30.0,20613.0,20623.0,-10.0,3.296,3.28,0.016000000000000014,0.915934,0.915934,0.0,0.8229426433915212,0.9411764705882353,-0.11823382719671405
12,51.0,51.0,20613.0,20623.0,-10.0,20765.0,20800.0,-35.0,20995.0,21005.0,-10.0,3.104,3.144,-0.040000000000000036,0.915934,0.914956,0.0009780000000000344,0.7958115183246073,0.9267015706806283,-0.13089005235602102
12,52.0,52.0,20995.0,21005.0,-10.0,21149.0,21182.0,-33.0,21404.0,21419.0,-15.0,3.072,3.056,0.016000000000000014,0.904203,0.904203,0.0,0.7530562347188264,0.855072463768116,-0.10201622904928953
12,53.0,53.0,21404.0,21419.0,-15.0,21581.0,21622.0,-41.0,21847.0,21850.0,-3.0,3.456,3.52,-0.06400000000000006,0.906158,0.906158,0.0,0.7990970654627539,0.9419953596287703,-0.1428982941660164
12,54.0,54.0,21847.0,21850.0,-3.0,22021.0,22052.0,-31.0,22266.0,22274.0,-8.0,3.52,3.44,0.08000000000000007,0.912023,0.919844,-0.007820999999999967,0.8305489260143198,0.9528301886792453,-0.12228126266492545
12,55.0,55.0,22266.0,22274.0,-8.0,22425.0,22461.0,-36.0,22685.0,22693.0,-8.0,3.232,3.272,-0.03999999999999959,0.919844,0.919844,0.0,0.7589498806682577,0.8926014319809069,-0.13365155131264916
12,56.0,56.0,22685.0,22693.0,-8.0,22857.0,22889.0,-32.0,23102.0,23110.0,-8.0,3.456,3.424,0.03200000000000003,0.89834,0.8944300000000001,0.003909999999999969,0.8249400479616307,0.9400479616306955,-0.11510791366906481
12,57.0,57.0,23102.0,23110.0,-8.0,23261.0,23293.0,-32.0,23514.0,23520.0,-6.0,3.232,3.232,0.0,0.88856,0.88661,0.0019500000000000073,0.7718446601941747,0.8926829268292683,-0.12083826663509356
12,58.0,58.0,23514.0,23520.0,-6.0,23687.0,23715.0,-28.0,23924.0,23934.0,-10.0,3.408,3.376,0.03200000000000003,0.89345,0.89345,0.0,0.8439024390243902,0.9420289855072463,-0.09812654648285613
12,59.0,59.0,23924.0,23934.0,-10.0,24087.0,24112.0,-25.0,24438.0,24409.0,29.0,3.2,3.176,0.02400000000000002,0.925709,0.925709,0.0,0.6342412451361867,0.7494736842105263,-0.11523243907433955
12,60.0,60.0,24438.0,24409.0,29.0,24671.0,24696.0,-25.0,24909.0,24913.0,-4.0,4.672,4.672,0.0,0.98045,0.98045,0.0,0.9893842887473461,0.8611111111111112,0.12827317763623491
12,61.0,61.0,24909.0,24913.0,-4.0,25097.0,25099.0,-2.0,25298.0,25272.0,26.0,3.408,3.224,0.18399999999999972,0.74487,0.7419370000000001,0.0029329999999999634,0.9665809768637532,0.9637883008356546,0.0027926760280986285
12,62.0,62.0,25298.0,25272.0,26.0,25549.0,25534.0,15.0,25753.0,25780.0,-27.0,3.616,3.48,0.13600000000000012,0.9120189999999999,0.9120189999999999,0.0,0.8967032967032967,0.9685039370078741,-0.07180064030457733
12,63.0,63.0,25753.0,25780.0,-27.0,25939.0,25971.0,-32.0,26182.0,26199.0,-17.0,3.12,3.496,-0.3759999999999999,0.8670599999999999,0.8670599999999999,0.0,0.8671328671328671,0.9116945107398569,-0.044561643606989776
12,64.0,64.0,26182.0,26199.0,-17.0,26357.0,26394.0,-37.0,26696.0,26717.0,-21.0,3.344,3.384,-0.040000000000000036,0.939394,0.939394,0.0,0.6809338521400778,0.752895752895753,-0.0719619007556751
12,65.0,65.0,26696.0,26717.0,-21.0,26897.0,26919.0,-22.0,27130.0,27144.0,-14.0,4.32,4.2,0.1200000000000001,0.925709,0.916911,0.008797999999999973,0.9262672811059908,0.9461358313817331,-0.019868550275742303
12,66.0,66.0,27130.0,27144.0,-14.0,27319.0,27334.0,-15.0,27538.0,27571.0,-33.0,3.376,3.32,0.05600000000000005,0.903226,0.903226,0.0,0.9264705882352942,0.8899297423887588,0.036540845846535386
12,67.0,67.0,27538.0,27571.0,-33.0,27725.0,27748.0,-23.0,27968.0,27985.0,-17.0,3.248,3.312,-0.06399999999999961,0.89541,0.89541,0.0,0.8697674418604651,0.855072463768116,0.014694978092349098
12,68.0,68.0,27968.0,27985.0,-17.0,28169.0,28169.0,0.0,28380.0,28404.0,-24.0,3.552,3.368,0.18400000000000016,0.84849,0.84849,0.0,0.9757281553398058,0.8782816229116945,0.0974465324281113
12,69.0,69.0,28380.0,28404.0,-24.0,28595.0,28586.0,9.0,28807.0,28808.0,-1.0,3.408,3.336,0.07200000000000006,0.86217,0.86217,0.0,0.9929742388758782,0.900990099009901,0.0919841398659772
12,70.0,70.0,28807.0,28808.0,-1.0,28999.0,28999.0,0.0,29219.0,29257.0,-38.0,3.232,3.304,-0.07199999999999962,0.44379,0.44379,0.0,0.9320388349514563,0.8507795100222717,0.08125932492918464
12,71.0,71.0,29219.0,29257.0,-38.0,29431.0,29439.0,-8.0,29735.0,29770.0,-35.0,3.456,3.52,-0.06400000000000006,0.7947200000000001,0.79864,-0.0039199999999999235,0.8217054263565892,0.7095516569200779,0.11215376943651123
12,72.0,72.0,29735.0,29770.0,-35.0,29932.0,29947.0,-15.0,30272.0,30294.0,-22.0,4.008,4.064,-0.05600000000000005,0.80548,0.80548,0.0,0.7337057728119181,0.6755725190839694,0.05813325372794864
12,73.0,73.0,30272.0,30294.0,-22.0,30485.0,30487.0,-2.0,30696.0,30721.0,-25.0,4.424,4.32,0.10400000000000009,0.69208,0.6969700000000001,-0.004890000000000061,0.9952830188679245,0.9039812646370023,0.09130175423092213
12,74.0,74.0,30696.0,30721.0,-25.0,30901.0,30901.0,0.0,31196.0,31223.0,-27.0,3.328,3.312,0.016000000000000014,0.7204299999999999,0.7204299999999999,0.0,0.8200000000000001,0.7171314741035857,0.10286852589641438
12,75.0,75.0,31196.0,31223.0,-27.0,31399.0,31396.0,3.0,31606.0,31621.0,-15.0,3.984,3.96,0.02400000000000002,0.7438899999999999,0.7438899999999999,0.0,0.9902439024390244,0.8693467336683417,0.12089716877068268
12,76.0,76.0,31606.0,31621.0,-15.0,31809.0,31809.0,0.0,32026.0,32046.0,-20.0,3.28,3.304,-0.02400000000000002,0.74878,0.74683,0.0019500000000000073,0.9666666666666667,0.8847058823529412,0.08196078431372544
12,77.0,77.0,32026.0,32046.0,-20.0,32221.0,32230.0,-9.0,32429.0,32455.0,-26.0,3.296,3.368,-0.07200000000000006,0.6696,0.66569,0.003909999999999969,0.967741935483871,0.8997555012224939,0.06798643426137707
12,78.0,78.0,32429.0,32455.0,-26.0,32623.0,32630.0,-7.0,32819.0,32842.0,-23.0,3.216,3.2,0.016000000000000014,0.66765,0.66765,0.0,0.9948717948717949,0.9043927648578811,0.09047903001391377
12,79.0,79.0,32819.0,32842.0,-23.0,33005.0,33015.0,-10.0,33221.0,33232.0,-11.0,3.056,3.08,-0.02400000000000002,0.69208,0.69208,0.0,0.9253731343283582,0.8871794871794871,0.03819364714887108
12,80.0,80.0,33221.0,33232.0,-11.0,33413.0,33419.0,-6.0,33615.0,33622.0,-7.0,3.264,3.232,0.031999999999999584,0.63636,0.63636,0.0,0.9746192893401016,0.958974358974359,0.01564493036574255
12,81.0,81.0,33615.0,33622.0,-7.0,33801.0,33807.0,-6.0,34016.0,34035.0,-19.0,3.104,3.104,0.0,0.73411,0.73802,-0.003909999999999969,0.9276807980049875,0.8958837772397095,0.03179702076527802
12,82.0,82.0,34016.0,34035.0,-19.0,34205.0,34203.0,2.0,34401.0,34416.0,-15.0,3.232,3.168,0.06400000000000006,0.73411,0.72434,0.009770000000000056,0.9818181818181818,0.8818897637795275,0.09992841803865427
12,83.0,83.0,34401.0,34416.0,-15.0,34577.0,34577.0,0.0,34760.0,34770.0,-10.0,2.976,2.992,-0.016000000000000014,0.72727,0.72336,0.003909999999999969,0.9805013927576601,0.9096045197740112,0.07089687298364888
12,84.0,84.0,34760.0,34770.0,-10.0,34924.0,34930.0,-6.0,35108.0,35116.0,-8.0,2.776,2.824,-0.04800000000000004,0.6588499999999999,0.6588499999999999,0.0,0.9425287356321839,0.9248554913294798,0.017673244302704116
12,85.0,85.0,35108.0,35116.0,-8.0,35285.0,35295.0,-10.0,35475.0,35490.0,-15.0,2.888,2.92,-0.03200000000000003,0.6911,0.68621,0.004890000000000061,0.9645776566757494,0.9572192513368984,0.007358405338850904
12,86.0,86.0,35475.0,35490.0,-15.0,35655.0,35653.0,2.0,35841.0,35850.0,-9.0,2.96,2.864,0.09600000000000009,0.7517099999999999,0.7517099999999999,0.0,0.9836065573770492,0.9055555555555556,0.0780510018214936
12,87.0,87.0,35841.0,35850.0,-9.0,36025.0,36018.0,7.0,36208.0,36220.0,-12.0,2.96,2.92,0.040000000000000036,0.73607,0.73998,-0.003909999999999969,0.997275204359673,0.9081081081081082,0.08916709625156483
12,88.0,88.0,36208.0,36220.0,-12.0,36377.0,36382.0,-5.0,36561.0,36581.0,-20.0,2.816,2.912,-0.09600000000000009,0.70967,0.70967,0.0,0.9575070821529745,0.8975069252077562,0.06000015694521832
12,89.0,89.0,36561.0,36581.0,-20.0,36743.0,36750.0,-7.0,36934.0,36943.0,-9.0,2.928,2.944,-0.016000000000000014,0.76247,0.76247,0.0,0.9758713136729222,0.9337016574585635,0.04216965621435875
12,90.0,90.0,36934.0,36943.0,-9.0,37105.0,37114.0,-9.0,37292.0,37304.0,-12.0,2.896,2.912,-0.016000000000000014,0.7468199999999999,0.7468199999999999,0.0,0.9553072625698324,0.9473684210526316,0.007938841517200812
12,91.0,91.0,37292.0,37304.0,-12.0,37469.0,37477.0,-8.0,37668.0,37685.0,-17.0,2.912,2.904,0.008000000000000007,0.85826,0.85533,0.002929999999999988,0.9414893617021276,0.9081364829396326,0.03335287876249504
12,92.0,92.0,37668.0,37685.0,-17.0,37845.0,37840.0,5.0,38017.0,38030.0,-13.0,3.008,2.904,0.10400000000000009,0.73607,0.7262899999999999,0.009780000000000122,0.9856733524355301,0.8985507246376812,0.08712262779784896
12,93.0,93.0,38017.0,38030.0,-13.0,38179.0,38185.0,-6.0,38357.0,38373.0,-16.0,2.672,2.76,-0.08799999999999963,0.73607,0.739,-0.002929999999999988,0.9529411764705882,0.9037900874635568,0.04915108900703136
12,94.0,94.0,38357.0,38373.0,-16.0,38529.0,38527.0,2.0,38721.0,38732.0,-11.0,2.8,2.736,0.06399999999999961,0.7409600000000001,0.74194,-0.0009799999999999809,0.945054945054945,0.8579387186629527,0.08711622639199235
12,95.0,95.0,38721.0,38732.0,-11.0,38913.0,38910.0,3.0,39113.0,39135.0,-22.0,3.072,3.064,0.008000000000000007,0.7556200000000001,0.74291,0.01271000000000011,0.9795918367346939,0.8833746898263027,0.09621714690839112
12,96.0,96.0,39113.0,39135.0,-22.0,39301.0,39299.0,2.0,39490.0,39513.0,-23.0,3.104,3.112,-0.008000000000000007,0.72043,0.72043,0.0,0.9973474801061007,0.8677248677248677,0.12962261238123307
12,97.0,97.0,39490.0,39513.0,-23.0,39673.0,39673.0,0.0,39866.0,39883.0,-17.0,2.976,2.992,-0.016000000000000014,0.8348,0.81818,0.016619999999999968,0.973404255319149,0.8648648648648649,0.10853939045428407
12,98.0,98.0,39866.0,39883.0,-17.0,40037.0,40043.0,-6.0,40218.0,40243.0,-25.0,2.912,2.96,-0.04800000000000004,0.7155400000000001,0.7087,0.006840000000000068,0.9715909090909091,0.8888888888888888,0.08270202020202022
12,99.0,99.0,40218.0,40243.0,-25.0,40390.0,40398.0,-8.0,40579.0,40592.0,-13.0,2.824,2.84,-0.016000000000000014,0.79667,0.79667,0.0,0.9529085872576177,0.8882521489971347,0.06465643826048306
12,100.0,100.0,40579.0,40592.0,-13.0,40765.0,40759.0,6.0,40953.0,40971.0,-18.0,3.0,2.888,0.1120000000000001,0.8709600000000001,0.86021,0.010750000000000037,0.9946524064171123,0.8812664907651715,0.11338591565194078
12,101.0,101.0,40953.0,40971.0,-18.0,41117.0,41124.0,-7.0,41296.0,41310.0,-14.0,2.816,2.92,-0.10400000000000009,0.69404,0.68231,0.011730000000000018,0.956268221574344,0.9026548672566371,0.05361335431770686
12,102.0,102.0,41296.0,41310.0,-14.0,41469.0,41476.0,-7.0,41659.0,41678.0,-19.0,2.816,2.816,0.0,0.68328,0.68328,0.0,0.953168044077135,0.9021739130434783,0.05099413103365669
12,103.0,103.0,41659.0,41678.0,-19.0,41839.0,41838.0,1.0,42018.0,42034.0,-16.0,2.96,2.896,0.06400000000000006,0.7771199999999999,0.77321,0.003909999999999969,0.9972144846796658,0.898876404494382,0.09833808018528378
12,104.0,104.0,42018.0,42034.0,-16.0,42177.0,42188.0,-11.0,42368.0,42396.0,-28.0,2.704,2.8,-0.09599999999999964,0.74878,0.74878,0.0,0.9085714285714286,0.850828729281768,0.05774269928966058
12,105.0,105.0,42368.0,42396.0,-28.0,42541.0,42554.0,-13.0,42754.0,42781.0,-27.0,2.912,2.928,-0.016000000000000014,0.84751,0.84751,0.0,0.8963730569948186,0.8207792207792208,0.07559383621559779
12,106.0,106.0,42754.0,42781.0,-27.0,42933.0,42942.0,-9.0,43128.0,43143.0,-15.0,3.136,3.104,0.03200000000000003,0.86999,0.87488,-0.00488999999999995,0.9572192513368984,0.8895027624309393,0.06771648890595916
12,107.0,107.0,43128.0,43143.0,-15.0,43285.0,43295.0,-10.0,43494.0,43519.0,-25.0,2.816,2.824,-0.008000000000000007,0.8093899999999999,0.80548,0.003909999999999969,0.8579234972677596,0.8085106382978724,0.04941285896988723
12,108.0,108.0,43494.0,43519.0,-25.0,43676.0,43685.0,-9.0,43868.0,43894.0,-26.0,3.128,3.12,0.008000000000000007,0.8406699999999999,0.8406699999999999,0.0,0.9732620320855615,0.8853333333333333,0.0879286987522282
12,109.0,109.0,43868.0,43894.0,-26.0,44042.0,44050.0,-8.0,44235.0,44254.0,-19.0,2.928,2.92,0.008000000000000007,0.8651,0.88368,-0.01858000000000004,0.9482288828337875,0.8666666666666667,0.08156221616712078
12,110.0,110.0,44235.0,44254.0,-19.0,44398.0,44402.0,-4.0,44584.0,44610.0,-26.0,2.848,2.816,0.03200000000000003,0.76931,0.76149,0.00782000000000005,0.9340974212034384,0.8314606741573034,0.10263674704613501
12,111.0,111.0,44584.0,44610.0,-26.0,44765.0,44774.0,-9.0,44965.0,44986.0,-21.0,2.936,2.976,-0.040000000000000036,0.81623,0.81623,0.0,0.9501312335958005,0.8723404255319149,0.07779080806388561
12,112.0,112.0,44965.0,44986.0,-21.0,45151.0,45152.0,-1.0,45356.0,45376.0,-20.0,3.088,3.024,0.06400000000000006,0.8651000000000001,0.8651000000000001,0.0,0.9514066496163683,0.8512820512820513,0.10012459833431708
12,113.0,113.0,45356.0,45376.0,-20.0,45545.0,45544.0,1.0,45719.0,45737.0,-18.0,3.152,3.136,0.016000000000000014,0.87097,0.84653,0.024440000000000017,0.9586776859504132,0.9307479224376731,0.027929763512740124
12,114.0,114.0,45719.0,45737.0,-18.0,45875.0,45882.0,-7.0,46066.0,46086.0,-20.0,2.64,2.704,-0.06400000000000006,0.82698,0.82698,0.0,0.899135446685879,0.830945558739255,0.06818988794662395
12,115.0,115.0,46066.0,46086.0,-20.0,46241.0,46246.0,-5.0,46438.0,46453.0,-15.0,2.928,2.912,0.016000000000000014,0.82796,0.8348,-0.006839999999999957,0.9408602150537635,0.8719346049046321,0.06892561014913134
12,116.0,116.0,46438.0,46453.0,-15.0,46613.0,46617.0,-4.0,46796.0,46816.0,-20.0,2.976,2.968,0.008000000000000007,0.8543499999999999,0.8543499999999999,0.0,0.9776536312849162,0.9035812672176309,0.07407236406728535
12,117.0,117.0,46796.0,46816.0,-20.0,46965.0,46975.0,-10.0,47165.0,47178.0,-13.0,2.816,2.864,-0.04800000000000004,0.87781,0.905181,-0.027371000000000034,0.9159891598915989,0.8784530386740331,0.03753612121756578
12,118.0,118.0,47165.0,47178.0,-13.0,47325.0,47334.0,-9.0,47511.0,47525.0,-14.0,2.88,2.872,0.008000000000000007,0.882701,0.882701,0.0,0.9248554913294798,0.899135446685879,0.02572004464360078
12,119.0,119.0,47511.0,47525.0,-14.0,47679.0,47682.0,-3.0,47868.0,47891.0,-23.0,2.832,2.784,0.04800000000000004,0.80939,0.79179,0.01760000000000006,0.9411764705882353,0.8579234972677596,0.08325297332047565
12,120.0,120.0,47868.0,47891.0,-23.0,48043.0,48051.0,-8.0,48235.0,48250.0,-15.0,2.912,2.952,-0.040000000000000036,0.81818,0.81818,0.0,0.9536784741144414,0.8913649025069638,0.062313571607477636
12,121.0,121.0,48235.0,48250.0,-15.0,48401.0,48413.0,-12.0,48606.0,48625.0,-19.0,2.864,2.896,-0.03200000000000003,0.8690100000000001,0.87097,-0.0019599999999999618,0.894878706199461,0.8693333333333333,0.02554537286612768
12,122.0,122.0,48606.0,48625.0,-19.0,48771.0,48786.0,-15.0,48967.0,48983.0,-16.0,2.96,2.984,-0.02400000000000002,0.89345,0.89345,0.0,0.9141274238227147,0.8994413407821229,0.014686083040591824
12,123.0,123.0,48967.0,48983.0,-16.0,49129.0,49136.0,-7.0,49317.0,49337.0,-20.0,2.864,2.8,0.06400000000000006,0.8348,0.82404,0.010759999999999992,0.9257142857142857,0.864406779661017,0.061307506053268734
12,124.0,124.0,49317.0,49337.0,-20.0,49481.0,49501.0,-20.0,49690.0,49702.0,-12.0,2.816,2.92,-0.10400000000000009,0.900293,0.900293,0.0,0.8793565683646113,0.8986301369863013,-0.01927356862169005
12,125.0,125.0,49690.0,49702.0,-12.0,49851.0,49865.0,-14.0,50051.0,50075.0,-24.0,2.96,2.912,0.04800000000000004,0.900293,0.88661,0.013683,0.8919667590027701,0.8739946380697051,0.017972120933064994
12,126.0,126.0,50051.0,50075.0,-24.0,50217.0,50235.0,-18.0,50431.0,50445.0,-14.0,2.928,2.96,-0.03200000000000003,0.87781,0.87781,0.0,0.8736842105263158,0.8648648648648649,0.008819345661450928
12,127.0,127.0,50431.0,50445.0,-14.0,50605.0,50610.0,-5.0,50800.0,50819.0,-19.0,3.104,3.0,0.10400000000000009,0.8690100000000001,0.87097,-0.0019599999999999618,0.943089430894309,0.8823529411764706,0.060736489717838404
12,128.0,128.0,50800.0,50819.0,-19.0,50969.0,50980.0,-11.0,51166.0,51183.0,-17.0,2.912,2.96,-0.04800000000000004,0.88465,0.88465,0.0,0.9234972677595629,0.8846153846153846,0.038881883144178286
12,129.0,129.0,51166.0,51183.0,-17.0,51329.0,51343.0,-14.0,51564.0,51576.0,-12.0,2.88,2.904,-0.02400000000000002,0.914956,0.920821,-0.005865000000000009,0.8190954773869347,0.8142493638676844,0.004846113519250239
12,130.0,130.0,51564.0,51576.0,-12.0,51733.0,51756.0,-23.0,51982.0,52006.0,-24.0,3.232,3.304,-0.07199999999999962,0.920821,0.913001,0.00782000000000005,0.8086124401913876,0.8372093023255813,-0.028596862134193768
12,131.0,131.0,51982.0,52006.0,-24.0,52151.0,52171.0,-20.0,52352.0,52369.0,-17.0,3.344,3.32,0.02400000000000002,0.84653,0.85337,-0.006839999999999957,0.9135135135135135,0.9090909090909091,0.004422604422604448
12,132.0,132.0,52352.0,52369.0,-17.0,52499.0,52514.0,-15.0,52717.0,52734.0,-17.0,2.784,2.744,0.03999999999999959,0.89736,0.89736,0.0,0.8054794520547945,0.7945205479452055,0.010958904109588996
12,133.0,133.0,52717.0,52734.0,-17.0,52895.0,52911.0,-16.0,53108.0,53121.0,-13.0,3.168,3.176,-0.008000000000000007,0.88563,0.87488,0.010750000000000037,0.9104859335038363,0.9147286821705426,-0.004242748666706264
12,134.0,134.0,53108.0,53121.0,-13.0,53267.0,53275.0,-8.0,53466.0,53489.0,-23.0,2.976,2.912,0.06400000000000006,0.8827,0.88759,-0.00488999999999995,0.888268156424581,0.8369565217391304,0.051311634685450636
12,135.0,135.0,53466.0,53489.0,-23.0,53639.0,53653.0,-14.0,53850.0,53861.0,-11.0,2.976,3.024,-0.04800000000000004,0.88759,0.88661,0.0009799999999999809,0.9010416666666666,0.8817204301075269,0.019321236559139754
12,136.0,136.0,53850.0,53861.0,-11.0,53997.0,54019.0,-22.0,54217.0,54240.0,-23.0,2.864,2.928,-0.06400000000000006,0.88661,0.88661,0.0,0.8010899182561309,0.8337730870712401,-0.03268316881510924
12,137.0,137.0,54217.0,54240.0,-23.0,54385.0,54405.0,-20.0,54606.0,54623.0,-17.0,3.104,3.088,0.016000000000000014,0.88759,0.88759,0.0,0.8637532133676092,0.8616187989556136,0.0021344144119956887
12,138.0,138.0,54606.0,54623.0,-17.0,54767.0,54784.0,-17.0,55009.0,55026.0,-17.0,3.056,3.032,0.02400000000000002,0.88759,0.8915,-0.003909999999999969,0.7990074441687345,0.7990074441687345,0.0
12,139.0,139.0,55009.0,55026.0,-17.0,55193.0,55214.0,-21.0,55425.0,55437.0,-12.0,3.408,3.44,-0.03200000000000003,0.8915,0.88759,0.003909999999999969,0.8846153846153846,0.9148418491484185,-0.030226464533033903
12,140.0,140.0,55425.0,55437.0,-12.0,55585.0,55607.0,-22.0,55825.0,55844.0,-19.0,3.136,3.144,-0.008000000000000007,0.88661,0.8817200000000001,0.00488999999999995,0.8,0.8353808353808354,-0.03538083538083536
12,141.0,141.0,55825.0,55844.0,-19.0,55991.0,56015.0,-24.0,56203.0,56220.0,-17.0,3.248,3.264,-0.01599999999999957,0.8817200000000001,0.86804,0.013680000000000025,0.8783068783068784,0.9095744680851063,-0.03126758977822797
12,142.0,142.0,56203.0,56220.0,-17.0,56357.0,56375.0,-18.0,56573.0,56590.0,-17.0,2.928,2.88,0.04800000000000004,0.904203,0.904203,0.0,0.8324324324324324,0.8378378378378378,-0.005405405405405461
12,143.0,143.0,56573.0,56590.0,-17.0,56731.0,56751.0,-20.0,56942.0,56961.0,-19.0,2.992,3.008,-0.016000000000000014,0.89541,0.88759,0.00782000000000005,0.8563685636856369,0.8679245283018868,-0.01155596461624997
12,144.0,144.0,56942.0,56961.0,-19.0,57099.0,57121.0,-22.0,57318.0,57334.0,-16.0,2.944,2.96,-0.016000000000000014,0.8915,0.8915,0.0,0.8351063829787234,0.8579088471849866,-0.022802464206263195
12,145.0,145.0,57318.0,57334.0,-16.0,57483.0,57508.0,-25.0,57723.0,57736.0,-13.0,3.072,3.096,-0.02400000000000002,0.89541,0.89541,0.0,0.8148148148148149,0.8656716417910448,-0.05085682697622995
12,146.0,146.0,57723.0,57736.0,-13.0,57889.0,57910.0,-21.0,58131.0,58151.0,-20.0,3.248,3.216,0.03200000000000003,0.88368,0.8739,0.009780000000000011,0.8137254901960784,0.8385542168674699,-0.024828726671391466
12,147.0,147.0,58131.0,58151.0,-20.0,58305.0,58329.0,-24.0,58540.0,58552.0,-12.0,3.328,3.352,-0.02400000000000002,0.8944300000000001,0.8944300000000001,0.0,0.8508557457212714,0.8877805486284289,-0.036924802907157495
12,148.0,148.0,58540.0,58552.0,-12.0,58695.0,58728.0,-33.0,58950.0,58963.0,-13.0,3.12,3.192,-0.07200000000000006,0.89736,0.89736,0.0,0.7560975609756098,0.856447688564477,-0.10035012758886719
12,149.0,149.0,58950.0,58963.0,-13.0,59115.0,59142.0,-27.0,59359.0,59370.0,-11.0,3.36,3.312,0.04800000000000004,0.88954,0.88368,0.005859999999999976,0.8068459657701712,0.8796068796068797,-0.07276091383670846
12,150.0,150.0,59359.0,59370.0,-11.0,59519.0,59547.0,-28.0,59776.0,59808.0,-32.0,3.232,3.24,-0.008000000000000007,0.900293,0.900293,0.0,0.7673860911270983,0.8082191780821918,-0.04083308695509347
13,2.0,1.0,366.0,333.0,33.0,505.0,516.0,-11.0,724.0,730.0,-6.0,2.736,,,0.13979,0.16618,-0.026389999999999997,0.776536312849162,0.9219143576826196,-0.14537804483345762
13,3.0,2.0,724.0,730.0,-6.0,847.0,881.0,-34.0,1121.0,1126.0,-5.0,2.736,2.92,-0.18399999999999972,0.18182,0.18377000000000002,-0.0019500000000000073,0.619647355163728,0.7626262626262627,-0.1429789074625346
13,4.0,3.0,1121.0,1126.0,-5.0,1288.0,1274.0,14.0,1508.0,1488.0,20.0,3.528,3.144,0.3839999999999999,0.16422,0.16422,0.0,0.8630490956072352,0.8176795580110497,0.04536953759618545
13,5.0,4.0,1508.0,1488.0,20.0,1629.0,1646.0,-17.0,1861.0,1905.0,-44.0,2.728,2.976,-0.24799999999999978,0.14271999999999999,0.17301999999999998,-0.030299999999999994,0.6855524079320113,0.7577937649880095,-0.07224135705599821
13,6.0,5.0,1861.0,1905.0,-44.0,2079.0,2058.0,21.0,2290.0,2267.0,23.0,3.6,3.296,0.30400000000000027,0.16911,0.16813000000000003,0.0009799999999999809,0.9836829836829837,0.8453038674033149,0.1383791162796688
13,7.0,6.0,2290.0,2267.0,23.0,2418.0,2437.0,-19.0,2647.0,2691.0,-44.0,2.712,3.032,-0.31999999999999984,0.16910999999999998,0.19452999999999998,-0.025419999999999998,0.7170868347338936,0.8018867924528301,-0.08479995771893656
13,8.0,7.0,2647.0,2691.0,-44.0,2863.0,2835.0,28.0,3072.0,3059.0,13.0,3.56,3.184,0.3759999999999999,0.15738,0.15738,0.0,0.9835294117647059,0.782608695652174,0.20092071611253193
13,9.0,8.0,3072.0,3059.0,13.0,3201.0,3212.0,-11.0,3430.0,3469.0,-39.0,2.704,3.016,-0.31199999999999983,0.16129000000000002,0.18866000000000002,-0.027370000000000005,0.7206703910614525,0.7463414634146341,-0.025671072353181668
13,10.0,9.0,3430.0,3469.0,-39.0,3647.0,3613.0,34.0,3841.0,3840.0,1.0,3.568,3.208,0.3599999999999999,0.17595000000000002,0.16422000000000003,0.01172999999999999,0.9440389294403893,0.7762803234501348,0.1677586059902545
13,11.0,10.0,3841.0,3840.0,1.0,3983.0,3984.0,-1.0,4210.0,4255.0,-45.0,2.688,2.968,-0.2799999999999998,0.22385999999999998,0.24828999999999998,-0.024430000000000007,0.7696476964769647,0.6939759036144578,0.07567179286250691
13,12.0,11.0,4210.0,4255.0,-45.0,4387.0,4390.0,-3.0,4633.0,4641.0,-8.0,3.232,3.248,-0.016000000000000014,0.21603000000000003,0.21603000000000003,0.0,0.8368794326241135,0.6994818652849741,0.13739756733913933
13,13.0,12.0,4633.0,4641.0,-8.0,4770.0,4790.0,-20.0,5040.0,5052.0,-12.0,3.064,3.2,-0.13600000000000012,0.27664,0.27664,0.0,0.6732186732186732,0.7250608272506083,-0.05184215403193504
13,14.0,13.0,5040.0,5052.0,-12.0,5203.0,5203.0,0.0,5437.0,5477.0,-40.0,3.464,3.304,0.16000000000000014,0.2346,0.24829,-0.013690000000000008,0.8211586901763224,0.7105882352941176,0.11057045488220474
13,15.0,14.0,5437.0,5477.0,-40.0,5655.0,5619.0,36.0,5865.0,5850.0,15.0,3.616,3.328,0.28800000000000026,0.17204,0.17204,0.0,0.9813084112149533,0.7613941018766757,0.2199143093382776
13,16.0,15.0,5865.0,5850.0,15.0,5983.0,5990.0,-7.0,6097.0,6612.0,-515.0,2.624,2.968,-0.34399999999999986,0.11338999999999999,0.17107,-0.05768000000000001,0.9827586206896551,0.36745406824146987,0.6153045524481853
13,19.0,16.0,6638.0,6612.0,26.0,6776.0,6773.0,3.0,6999.0,7817.0,-818.0,3.592,6.264,-2.672,0.14174,0.16423,-0.022489999999999982,0.7645429362880887,0.2672199170124482,0.4973230192756405
13,22.0,17.0,7790.0,7817.0,-27.0,8017.0,8006.0,11.0,8237.0,8656.0,-419.0,3.6,9.864,-6.264000000000001,0.15542,0.15542,0.0,0.9843400447427293,0.4505363528009535,0.5338036919417758
13,25.0,18.0,8675.0,8656.0,19.0,8803.0,8819.0,-16.0,9035.0,9077.0,-42.0,2.704,6.504,-3.7999999999999994,0.14467000000000002,0.16129000000000002,-0.016619999999999996,0.7111111111111111,0.7743467933491687,-0.06323568223805753
13,26.0,19.0,9035.0,9077.0,-42.0,9255.0,9225.0,30.0,9449.0,9444.0,5.0,3.616,3.248,0.3679999999999999,0.16031,0.16031,0.0,0.9371980676328502,0.8065395095367848,0.1306585580960654
13,27.0,20.0,9449.0,9444.0,5.0,9589.0,9591.0,-2.0,9826.0,9868.0,-42.0,2.672,2.928,-0.2559999999999998,0.1652,0.17498000000000002,-0.009780000000000011,0.7427055702917772,0.6933962264150944,0.04930934387668284
13,28.0,21.0,9826.0,9868.0,-42.0,10041.0,10000.0,41.0,10245.0,10230.0,15.0,3.616,3.272,0.3440000000000003,0.15053,0.15053,0.0,0.9737470167064439,0.7292817679558011,0.2444652487506428
13,29.0,22.0,10245.0,10230.0,15.0,10375.0,10379.0,-4.0,10601.0,10613.0,-12.0,2.672,3.032,-0.3599999999999999,0.13685,0.15249,-0.015639999999999987,0.7303370786516854,0.7780678851174935,-0.04773080646580807
13,30.0,23.0,10601.0,10613.0,-12.0,10721.0,10741.0,-20.0,10946.0,10989.0,-43.0,2.768,2.896,-0.1280000000000001,0.15054,0.15249,-0.0019499999999999795,0.6956521739130435,0.6808510638297872,0.014801110083256241
13,32.0,24.0,11357.0,10989.0,368.0,11494.0,11497.0,-3.0,11731.0,11777.0,-46.0,2.672,6.048,-3.376,0.21896000000000002,0.2434,-0.02443999999999999,0.732620320855615,0.7106598984771574,0.021960422378457634
13,33.0,25.0,11731.0,11777.0,-46.0,11889.0,11902.0,-13.0,12151.0,12165.0,-14.0,3.16,3.24,-0.08000000000000007,0.21407,0.21407,0.0,0.7523809523809524,0.6443298969072164,0.10805105547373595
13,34.0,26.0,12151.0,12165.0,-14.0,12279.0,12288.0,-9.0,12517.0,12561.0,-44.0,3.12,3.088,0.03200000000000003,0.22776,0.26393,-0.03617000000000001,0.6994535519125683,0.6212121212121212,0.07824143070044709
13,35.0,27.0,12517.0,12561.0,-44.0,12731.0,12710.0,21.0,12954.0,13302.0,-348.0,3.616,3.376,0.2400000000000002,0.21798000000000003,0.21798000000000003,0.0,0.9794050343249427,0.40215924426450744,0.5772457900604353
13,38.0,28.0,13292.0,13302.0,-10.0,13408.0,13439.0,-31.0,13517.0,13693.0,-176.0,1.816,5.832,-4.016,0.17205,0.18084,-0.008789999999999992,0.9688888888888889,0.70076726342711,0.26812162546177887
13,40.0,29.0,13732.0,13693.0,39.0,13858.0,13852.0,6.0,14078.0,14465.0,-387.0,2.696,3.304,-0.6079999999999997,0.13293999999999997,0.14661999999999997,-0.013679999999999998,0.7283236994219653,0.4119170984455959,0.3164066009763694
13,48.0,30.0,15637.0,14465.0,1172.0,15778.0,15764.0,14.0,16001.0,16349.0,-348.0,1.368,15.296,-13.927999999999999,0.16325,0.18671000000000001,-0.02346000000000001,0.7747252747252747,0.6210191082802548,0.15370616644502
13,53.0,31.0,16697.0,16349.0,348.0,16917.0,16885.0,32.0,17124.0,17109.0,15.0,2.736,8.968,-6.231999999999999,0.14174000000000003,0.14662000000000003,-0.0048799999999999955,0.9695550351288056,0.5894736842105264,0.3800813509182792
13,54.0,32.0,17124.0,17109.0,15.0,17257.0,17249.0,8.0,17494.0,17538.0,-44.0,2.72,2.912,-0.19199999999999973,0.1437,0.16911,-0.025410000000000016,0.7189189189189189,0.6526806526806527,0.06623826623826623
13,55.0,33.0,17494.0,17538.0,-44.0,17707.0,17676.0,31.0,17919.0,17920.0,-1.0,3.6,3.416,0.18400000000000016,0.16519999999999999,0.16519999999999999,0.0,0.9976470588235294,0.7225130890052356,0.27513396981829386
13,56.0,34.0,17919.0,17920.0,-1.0,18049.0,18056.0,-7.0,18278.0,18311.0,-33.0,2.736,3.04,-0.3039999999999998,0.17106000000000002,0.20234000000000002,-0.03128,0.724233983286908,0.6956521739130435,0.028581809373864564
13,57.0,35.0,18278.0,18311.0,-33.0,18429.0,18436.0,-7.0,18704.0,18712.0,-8.0,3.04,3.04,0.0,0.19061,0.1867,0.003909999999999997,0.7089201877934272,0.6234413965087282,0.08547879128469904
13,58.0,36.0,18704.0,18712.0,-8.0,18837.0,18844.0,-7.0,19062.0,19074.0,-12.0,3.264,3.264,0.0,0.18475000000000003,0.18377000000000002,0.0009800000000000086,0.7430167597765363,0.7292817679558011,0.01373499182073512
13,59.0,37.0,19062.0,19074.0,-12.0,19181.0,19199.0,-18.0,19466.0,19476.0,-10.0,2.752,2.84,-0.08800000000000008,0.19158999999999998,0.19158999999999998,0.0,0.5891089108910892,0.6218905472636815,-0.03278163637259235
13,60.0,38.0,19466.0,19476.0,-10.0,19628.0,19618.0,10.0,19845.0,19854.0,-9.0,3.576,3.352,0.2240000000000002,0.17399,0.17204,0.0019500000000000073,0.8548812664907652,0.7513227513227514,0.10355851516801384
13,61.0,39.0,19845.0,19854.0,-9.0,19969.0,19982.0,-13.0,20269.0,20261.0,8.0,2.728,2.912,-0.18399999999999972,0.20332999999999998,0.20332999999999998,0.0,0.5849056603773585,0.628992628992629,-0.044086968615270505
13,62.0,40.0,20269.0,20261.0,8.0,20419.0,20407.0,12.0,20639.0,20644.0,-5.0,3.6,3.4,0.20000000000000018,0.14271999999999999,0.14662999999999998,-0.003909999999999997,0.8108108108108107,0.762402088772846,0.04840872203796476
13,63.0,41.0,20639.0,20644.0,-5.0,20757.0,20813.0,-56.0,21053.0,21052.0,1.0,2.704,3.248,-0.544,0.16813000000000003,0.16813000000000003,0.0,0.5700483091787439,0.8284313725490196,-0.2583830633702756
13,64.0,42.0,21053.0,21052.0,1.0,21203.0,21199.0,4.0,21430.0,21437.0,-7.0,3.568,3.088,0.48,0.1779,0.18084,-0.002939999999999998,0.7957559681697612,0.7636363636363637,0.03211960453339757
13,66.0,43.0,21548.0,21437.0,111.0,21655.0,21631.0,24.0,21862.0,21838.0,24.0,0.88,3.456,-2.576,0.15738000000000002,0.15738000000000002,0.0,0.6815286624203822,0.9675810473815462,-0.2860523849611639
13,69.0,44.0,21870.0,21838.0,32.0,21999.0,21983.0,16.0,22219.0,22572.0,-353.0,1.056,2.816,-1.7599999999999998,0.13490000000000002,0.14370000000000002,-0.008800000000000002,0.7392550143266476,0.3950953678474114,0.34415964647923625
13,73.0,45.0,22675.0,22572.0,103.0,22785.0,22762.0,23.0,22951.0,22957.0,-6.0,0.888,6.232,-5.344,0.15445,0.16032,-0.005869999999999986,0.7971014492753623,0.987012987012987,-0.1899115377376247
13,74.0,46.0,22951.0,22957.0,-6.0,23125.0,23109.0,16.0,23348.0,23326.0,22.0,2.72,2.776,-0.055999999999999606,0.17693,0.17693,0.0,0.8765743073047859,0.8238482384823849,0.05272606882240105
13,76.0,47.0,23679.0,23326.0,353.0,23805.0,23814.0,-9.0,24103.0,24102.0,1.0,2.704,5.64,-2.9359999999999995,0.18964,0.19062,-0.0009800000000000086,0.5943396226415094,0.7422680412371134,-0.14792841859560402
13,77.0,48.0,24103.0,24102.0,1.0,24246.0,24243.0,3.0,24359.0,24887.0,-528.0,3.528,3.432,0.09600000000000009,0.14955999999999997,0.15738000000000002,-0.00782000000000005,0.8828125,0.35923566878980895,0.523576831210191
13,81.0,49.0,24881.0,24887.0,-6.0,25024.0,25024.0,0.0,25147.0,25270.0,-123.0,2.592,6.248,-3.656,0.16031999999999996,0.15542999999999998,0.004889999999999978,0.924812030075188,0.7154046997389034,0.20940733033628456
13,83.0,50.0,25260.0,25270.0,-10.0,25377.0,25392.0,-15.0,25703.0,25670.0,33.0,1.832,2.944,-1.1119999999999999,0.17595,0.17595,0.0,0.5282167042889391,0.61,-0.08178329571106091
13,84.0,51.0,25703.0,25670.0,33.0,25825.0,25820.0,5.0,25935.0,26041.0,-106.0,3.584,3.424,0.16000000000000014,0.09676999999999997,0.13587,-0.039100000000000024,0.9482758620689655,0.8086253369272237,0.1396505251417418
13,86.0,52.0,26044.0,26041.0,3.0,26158.0,26182.0,-24.0,26266.0,26444.0,-178.0,1.768,2.896,-1.128,0.14173999999999998,0.14662999999999998,-0.0048900000000000055,0.972972972972973,0.6997518610421836,0.27322111193078946
13,88.0,53.0,26481.0,26444.0,37.0,26611.0,26603.0,8.0,26830.0,27170.0,-340.0,2.704,3.368,-0.6639999999999997,0.13587,0.14662,-0.01075000000000001,0.7449856733524356,0.4380165289256198,0.3069691444268158
13,91.0,54.0,27163.0,27170.0,-7.0,27283.0,27310.0,-27.0,27503.0,27573.0,-70.0,1.808,5.656,-3.848,0.18475000000000003,0.18475000000000003,0.0,0.7058823529411764,0.6947890818858561,0.01109327105532032
13,93.0,55.0,27555.0,27573.0,-18.0,27670.0,27690.0,-20.0,27928.0,27950.0,-22.0,1.32,3.04,-1.72,0.14174000000000003,0.14174000000000003,0.0,0.6166219839142091,0.6206896551724138,-0.00406767125820473
13,94.0,56.0,27928.0,27950.0,-22.0,28063.0,28073.0,-10.0,28323.0,28353.0,-30.0,3.144,3.064,0.08000000000000007,0.2043,0.2131,-0.008800000000000002,0.6835443037974683,0.6104218362282878,0.0731224675691805
13,95.0,57.0,28323.0,28353.0,-30.0,28511.0,28492.0,19.0,28724.0,28727.0,-3.0,3.584,3.352,0.2320000000000002,0.20821,0.20821,0.0,0.9376558603491272,0.7433155080213903,0.19434035232773683
13,96.0,58.0,28724.0,28727.0,-3.0,28853.0,28865.0,-12.0,29070.0,29078.0,-8.0,2.736,2.984,-0.24799999999999978,0.15835999999999997,0.15835999999999997,0.0,0.7456647398843931,0.7863247863247863,-0.04066004644039323
13,98.0,59.0,29188.0,29078.0,110.0,29297.0,29260.0,37.0,29512.0,30244.0,-732.0,0.92,3.16,-2.24,0.13881,0.1525,-0.013690000000000008,0.6728395061728395,0.31217838765008576,0.36066111852275373
13,102.0,60.0,30203.0,30244.0,-41.0,30419.0,30427.0,-8.0,30639.0,30655.0,-16.0,2.704,9.336,-6.632,0.16422000000000003,0.16422000000000003,0.0,0.9908256880733946,0.8905109489051095,0.10031473916828504
13,103.0,61.0,30639.0,30655.0,-16.0,30861.0,30842.0,19.0,31085.0,31442.0,-357.0,3.536,3.32,0.2160000000000002,0.15347,0.15347,0.0,0.9955156950672646,0.47522236340533675,0.5202933316619278
13,106.0,62.0,31426.0,31442.0,-16.0,31650.0,31644.0,6.0,31839.0,31833.0,6.0,2.704,6.416,-3.712,0.17302,0.17302,0.0,0.9152542372881356,0.9667519181585678,-0.05149768087043216
13,107.0,63.0,31839.0,31833.0,6.0,31989.0,31970.0,19.0,32201.0,32203.0,-2.0,2.712,2.608,0.10400000000000009,0.13588,0.14271999999999999,-0.006839999999999985,0.8287292817679558,0.7405405405405405,0.08818874122741527
13,108.0,64.0,32201.0,32203.0,-2.0,32325.0,32335.0,-10.0,32436.0,32601.0,-165.0,2.688,2.92,-0.23199999999999976,0.16324,0.18083999999999997,-0.017599999999999977,0.9446808510638298,0.6633165829145728,0.28136426814925697
13,110.0,65.0,32558.0,32601.0,-43.0,32779.0,32741.0,38.0,32886.0,32989.0,-103.0,2.736,3.248,-0.512,0.15542999999999998,0.14956,0.005869999999999986,0.6524390243902439,0.7216494845360825,-0.06921046014583854
13,112.0,66.0,32994.0,32989.0,5.0,33113.0,33118.0,-5.0,33221.0,33722.0,-501.0,1.792,3.016,-1.224,0.13978999999999997,0.16226999999999997,-0.02248,0.9515418502202643,0.3519781718963165,0.5995636783239477
13,134.0,67.0,33683.0,33722.0,-39.0,33901.0,33869.0,32.0,34119.0,34090.0,29.0,2.72,6.008,-3.288,0.15737999999999996,0.15444999999999998,0.002929999999999988,1.0,0.7989130434782609,0.20108695652173914
13,135.0,68.0,34119.0,34090.0,29.0,34239.0,34228.0,11.0,34457.0,34454.0,3.0,2.704,2.872,-0.1679999999999997,0.13392,0.13392,0.0,0.7100591715976332,0.7582417582417582,-0.048182586644125
13,137.0,69.0,34586.0,34454.0,132.0,34689.0,34672.0,17.0,34806.0,34837.0,-31.0,0.928,3.552,-2.624,0.11046,0.16129,-0.050829999999999986,0.9363636363636364,0.8616187989556136,0.07474483740802285
13,138.0,70.0,34806.0,34837.0,-31.0,35024.0,35007.0,17.0,35216.0,35221.0,-5.0,2.68,2.68,0.0,0.19062,0.18573000000000003,0.004889999999999978,0.9365853658536585,0.8854166666666666,0.05116869918699185
13,139.0,71.0,35216.0,35221.0,-5.0,35353.0,35346.0,7.0,35577.0,35492.0,85.0,2.632,2.712,-0.08000000000000007,0.21016,0.18279,0.027370000000000005,0.7590027700831025,0.9225092250922509,-0.1635064550091484
13,140.0,72.0,35577.0,35492.0,85.0,35703.0,35741.0,-38.0,36013.0,36056.0,-43.0,2.8,3.16,-0.3600000000000003,0.15835,0.1779,-0.019550000000000012,0.5779816513761468,0.8829787234042553,-0.30499707202810855
13,141.0,73.0,36013.0,36056.0,-43.0,36193.0,36245.0,-52.0,36468.0,36422.0,46.0,3.92,4.032,-0.1120000000000001,0.963832,0.963832,0.0,0.7912087912087912,0.9672131147540983,-0.17600432354530715
13,144.0,74.0,36796.0,36422.0,374.0,36923.0,36928.0,-5.0,37143.0,37148.0,-5.0,1.792,5.464,-3.6720000000000006,0.15639999999999998,0.362654,-0.206254,0.7319884726224783,0.6060606060606061,0.12592786656187227
13,145.0,75.0,37143.0,37148.0,-5.0,37257.0,37272.0,-15.0,37483.0,38811.0,-1328.0,2.672,2.752,-0.07999999999999963,0.15249000000000001,0.19257000000000002,-0.040080000000000005,0.6705882352941177,0.14912808177991577,0.5214601535142019
13,168.0,76.0,41201.0,38811.0,2390.0,41323.0,41304.0,19.0,41436.0,41519.0,-83.0,1.776,32.256,-30.48,0.11143999999999998,0.17204,-0.060600000000000015,0.9617021276595745,0.1587887740029542,0.8029133536566203
13,170.0,77.0,41535.0,41519.0,16.0,41641.0,41638.0,3.0,41772.0,41860.0,-88.0,1.632,2.672,-1.0400000000000003,0.09872999999999998,0.13001,-0.03128,0.8945147679324894,0.6979472140762464,0.19656755385624303
13,172.0,78.0,41863.0,41860.0,3.0,41993.0,41990.0,3.0,42208.0,42203.0,5.0,1.76,2.816,-1.0559999999999998,0.13978999999999997,0.14173999999999998,-0.0019500000000000073,0.7536231884057971,0.7580174927113703,-0.004394304305573193
13,173.0,79.0,42208.0,42203.0,5.0,42329.0,42342.0,-13.0,42437.0,43209.0,-772.0,2.688,2.816,-0.12799999999999967,0.1349,0.14174,-0.006840000000000013,0.9432314410480349,0.27634194831013914,0.6668894927378958
13,179.0,80.0,43208.0,43209.0,-1.0,43329.0,43321.0,8.0,43445.0,43866.0,-421.0,1.728,7.832,-6.104,0.14663,0.16911,-0.02248,0.9789029535864979,0.3409436834094368,0.6379592701770611
13,183.0,81.0,43888.0,43866.0,22.0,44008.0,44004.0,4.0,44220.0,44213.0,7.0,1.784,5.464,-3.6800000000000006,0.12805000000000002,0.14272,-0.014669999999999989,0.7228915662650602,0.7953890489913544,-0.0724974827262942
13,185.0,82.0,44348.0,44213.0,135.0,44457.0,44429.0,28.0,44567.0,44553.0,14.0,0.928,3.4,-2.472,0.14662999999999998,0.14662999999999998,0.0,0.995433789954338,0.7294117647058824,0.26602202524845553
13,186.0,83.0,44567.0,44553.0,14.0,44673.0,44675.0,-2.0,44783.0,44904.0,-121.0,1.728,1.968,-0.24,0.11632,0.12317,-0.006849999999999995,0.9814814814814815,0.6951566951566952,0.2863247863247863
13,189.0,84.0,45021.0,44904.0,117.0,45129.0,45113.0,16.0,45249.0,45283.0,-34.0,0.912,3.504,-2.592,0.11339000000000005,0.16911000000000004,-0.05571999999999999,0.9473684210526316,0.8970976253298153,0.05027079572281634
13,190.0,85.0,45249.0,45283.0,-34.0,45469.0,45468.0,1.0,45683.0,45655.0,28.0,2.72,2.84,-0.11999999999999966,0.17302,0.17204,0.0009800000000000086,0.9861751152073732,0.9946236559139785,-0.008448540706605279
13,191.0,86.0,45683.0,45655.0,28.0,45807.0,45806.0,1.0,45910.0,46036.0,-126.0,2.704,2.704,0.0,0.12023,0.15738000000000002,-0.037150000000000016,0.9074889867841409,0.7926509186351706,0.11483806814897035
13,193.0,87.0,46027.0,46036.0,-9.0,46249.0,46223.0,26.0,46364.0,46356.0,8.0,2.688,3.336,-0.6479999999999997,0.15543,0.15543,0.0,0.6824925816023739,0.83125,-0.14875741839762613
13,194.0,88.0,46364.0,46356.0,8.0,46477.0,46522.0,-45.0,46583.0,46684.0,-101.0,1.824,2.392,-0.5679999999999998,0.15542999999999998,0.15542999999999998,0.0,0.9680365296803652,0.9878048780487805,-0.019768348368415234
13,196.0,89.0,46700.0,46684.0,16.0,46811.0,46820.0,-9.0,46916.0,47017.0,-101.0,1.792,2.384,-0.5919999999999999,0.12219,0.14467,-0.02248,0.9722222222222222,0.8168168168168168,0.15540540540540537
13,199.0,90.0,47149.0,47017.0,132.0,47257.0,47231.0,26.0,47367.0,47743.0,-376.0,0.896,3.288,-2.392,0.12804999999999997,0.18572999999999998,-0.05768000000000001,0.9908256880733946,0.5895316804407713,0.40129400763262324
13,204.0,91.0,48266.0,47743.0,523.0,48371.0,48343.0,28.0,48483.0,48847.0,-364.0,0.864,8.896,-8.032,0.12023999999999996,0.18865999999999997,-0.06842000000000001,0.967741935483871,0.9130434782608696,0.05469845722300137
13,207.0,92.0,48826.0,48847.0,-21.0,49049.0,49045.0,4.0,49268.0,50288.0,-1020.0,2.72,5.616,-2.8959999999999995,0.16814,0.16814,0.0,0.9909502262443439,0.2748091603053435,0.7161410659390004
13,212.0,93.0,50285.0,50288.0,-3.0,50513.0,50505.0,8.0,50630.0,50641.0,-11.0,2.712,11.68,-8.968,0.16618,0.16618,0.0,0.6782608695652175,0.7705382436260624,-0.09227737406084491
13,213.0,94.0,50630.0,50641.0,-11.0,50853.0,50837.0,16.0,50971.0,51344.0,-373.0,2.72,2.656,0.06400000000000006,0.14761000000000002,0.19355,-0.04593999999999998,0.6920821114369502,0.5576102418207681,0.13447186961618207
13,218.0,95.0,52053.0,51344.0,709.0,52197.0,52190.0,7.0,52407.0,52419.0,-12.0,2.656,10.824,-8.168,0.15249,0.21505,-0.06256,0.8135593220338984,0.42604651162790697,0.3875128104059914
13,219.0,96.0,52407.0,52419.0,-12.0,52537.0,52537.0,0.0,52745.0,52755.0,-10.0,2.72,2.776,-0.055999999999999606,0.16910999999999998,0.16910999999999998,0.0,0.7692307692307692,0.7023809523809523,0.06684981684981683
13,220.0,97.0,52745.0,52755.0,-10.0,52873.0,52882.0,-9.0,53085.0,53105.0,-20.0,2.688,2.76,-0.07199999999999962,0.18181999999999998,0.18181999999999998,0.0,0.7529411764705882,0.7257142857142858,0.02722689075630247
13,221.0,98.0,53085.0,53105.0,-20.0,53209.0,53222.0,-13.0,53435.0,54584.0,-1149.0,2.688,2.72,-0.03200000000000003,0.2131,0.21897,-0.005869999999999986,0.7085714285714286,0.1582150101419878,0.5503564184294408
13,227.0,99.0,54558.0,54584.0,-26.0,54781.0,54777.0,4.0,54999.0,54961.0,38.0,2.72,12.44,-9.719999999999999,0.17203999999999997,0.17203999999999997,0.0,0.9886621315192744,0.9761273209549072,0.012534810564367227
13,228.0,100.0,54999.0,54961.0,38.0,55119.0,55131.0,-12.0,55342.0,55657.0,-315.0,2.704,2.832,-0.12799999999999967,0.14076000000000002,0.16129000000000002,-0.020529999999999993,0.6997084548104957,0.4885057471264368,0.2112027076840589
13,233.0,101.0,56012.0,55657.0,355.0,56129.0,56134.0,-5.0,56356.0,56757.0,-401.0,1.792,8.024,-6.231999999999999,0.14173999999999998,0.17692999999999998,-0.03519,0.6802325581395349,0.8672727272727273,-0.18704016913319244
13,237.0,102.0,57260.0,56757.0,503.0,57367.0,57348.0,19.0,57482.0,57493.0,-11.0,0.896,9.712,-8.815999999999999,0.12316000000000002,0.16617000000000004,-0.04301000000000002,0.963963963963964,0.3940217391304348,0.5699422248335292
13,238.0,103.0,57482.0,57493.0,-11.0,57704.0,57689.0,15.0,57920.0,57877.0,43.0,2.696,2.728,-0.03200000000000003,0.16422,0.16422,0.0,0.9863013698630136,0.9791666666666666,0.007134703196347014
13,239.0,104.0,57920.0,57877.0,43.0,58045.0,58042.0,3.0,58264.0,58239.0,25.0,2.728,2.824,-0.09599999999999964,0.15249,0.16519999999999999,-0.012709999999999999,0.7267441860465116,0.9116022099447514,-0.1848580238982398
13,242.0,105.0,58600.0,58239.0,361.0,58719.0,58719.0,0.0,58942.0,59298.0,-356.0,1.808,5.416,-3.6080000000000005,0.13196999999999998,0.16227,-0.03030000000000002,0.695906432748538,0.9065155807365439,-0.2106091479880059
14,3.0,1.0,614.0,443.0,171.0,901.0,859.0,42.0,1027.0,999.0,28.0,2.576,4.448,-1.8720000000000003,0.46943999999999997,0.51834,-0.048900000000000055,0.6101694915254237,0.5035971223021583,0.1065723692232654
14,4.0,2.0,1027.0,999.0,28.0,1305.0,1327.0,-22.0,1597.0,1565.0,32.0,3.232,3.744,-0.512,0.52078,0.51344,0.007340000000000013,0.9754385964912281,0.8409893992932862,0.1344491971979419
14,5.0,3.0,1597.0,1565.0,32.0,1937.0,1947.0,-10.0,2133.0,2097.0,36.0,5.056,4.96,0.09600000000000009,0.54034,0.54034,0.0,0.7313432835820896,0.5639097744360902,0.1674335091459993
14,7.0,4.0,2224.0,2097.0,127.0,2493.0,2505.0,-12.0,2701.0,2671.0,30.0,2.496,4.464,-1.9680000000000004,0.52812,0.51834,0.009780000000000011,0.8721174004192872,0.578397212543554,0.2937201878757332
14,9.0,5.0,2863.0,2671.0,192.0,3201.0,3155.0,46.0,3321.0,3282.0,39.0,3.216,5.2,-1.984,0.67481,0.67726,-0.002449999999999952,0.5240174672489083,0.41571194762684127,0.10830551962206703
14,11.0,6.0,3383.0,3282.0,101.0,3599.0,3596.0,3.0,3955.0,3913.0,42.0,1.808,3.528,-1.72,1.28362,1.28362,0.0,0.7552447552447552,0.9952456418383518,-0.24000088659359664
14,12.0,7.0,3955.0,3913.0,42.0,4308.0,4292.0,16.0,4465.0,4430.0,35.0,5.672,5.568,0.10400000000000009,1.18093,1.23961,-0.058680000000000065,0.615686274509804,0.5338491295938104,0.08183714491599359
14,13.0,8.0,4465.0,4430.0,35.0,4526.0,4540.0,-14.0,4660.0,4659.0,1.0,1.744,1.984,-0.24,0.62347,0.7457199999999999,-0.12224999999999997,0.6256410256410256,0.9606986899563319,-0.33505766431530626
14,14.0,9.0,4660.0,4659.0,1.0,4943.0,4916.0,27.0,5088.0,5049.0,39.0,3.336,3.008,0.32799999999999985,1.17115,1.17115,0.0,0.677570093457944,0.6820512820512821,-0.004481188593338126
14,15.0,10.0,5088.0,5049.0,39.0,5152.0,5160.0,-8.0,5295.0,5265.0,30.0,1.672,1.952,-0.28,0.43030999999999997,0.70904,-0.27873000000000003,0.6183574879227054,0.9722222222222222,-0.3538647342995168
14,16.0,11.0,5295.0,5265.0,30.0,5493.0,5484.0,9.0,5644.0,5608.0,36.0,2.728,2.592,0.13600000000000012,0.7066,0.7066,0.0,0.8653295128939829,0.7230320699708455,0.1422974429231374
14,17.0,12.0,5644.0,5608.0,36.0,6047.0,6026.0,21.0,6204.0,6168.0,36.0,4.432,4.336,0.09600000000000009,1.0415699999999999,1.0415699999999999,0.0,0.5607142857142857,0.5071428571428571,0.0535714285714286
14,18.0,13.0,6204.0,6168.0,36.0,6603.0,6555.0,48.0,6853.0,6813.0,40.0,4.448,4.232,0.2160000000000002,0.98778,0.98778,0.0,0.7704160246533128,0.8,-0.02958397534668722
14,19.0,14.0,6853.0,6813.0,40.0,7163.0,7205.0,-42.0,7406.0,7366.0,40.0,4.48,5.2,-0.7199999999999998,1.08313,1.09291,-0.009780000000000122,0.8788426763110307,0.5822784810126582,0.2965641952983725
14,20.0,15.0,7406.0,7366.0,40.0,7711.0,7677.0,34.0,7944.0,7911.0,33.0,4.384,3.776,0.6080000000000005,1.1467,1.1467,0.0,0.8661710037174721,0.8587155963302753,0.007455407387196855
14,21.0,16.0,7944.0,7911.0,33.0,8267.0,8237.0,30.0,8547.0,8508.0,39.0,4.448,4.48,-0.03200000000000003,1.17849,1.17849,0.0,0.9286898839137645,0.9078726968174204,0.02081718709634406
14,23.0,17.0,8595.0,8508.0,87.0,8823.0,8824.0,-1.0,9115.0,9082.0,33.0,1.872,4.696,-2.824,1.20783,1.2053800000000001,0.002449999999999841,0.8769230769230769,0.8989547038327526,-0.02203162690967564
14,26.0,18.0,9757.0,9719.0,38.0,9845.0,9833.0,12.0,9869.0,9910.0,-41.0,3.104,2.968,0.13600000000000012,0.210265,0.39608499999999996,-0.18581999999999996,0.4285714285714286,0.806282722513089,-0.37771129394166036
14,27.0,19.0,9869.0,9910.0,-41.0,10157.0,10124.0,33.0,10308.0,10270.0,38.0,2.496,2.328,0.16800000000000015,1.05379,1.05379,0.0,0.6879271070615034,0.8111111111111111,-0.12318400404960772
14,28.0,20.0,10308.0,10270.0,38.0,10632.0,10685.0,-53.0,10895.0,10860.0,35.0,3.8,4.488,-0.6880000000000006,1.03668,1.03668,0.0,0.8960817717206133,0.5932203389830508,0.3028614327375625
14,29.0,21.0,10895.0,10860.0,35.0,11332.0,11298.0,34.0,11477.0,11440.0,37.0,5.6,4.904,0.6959999999999997,1.0562399999999998,1.06602,-0.009780000000000122,0.49828178694158076,0.4896551724137931,0.00862661452778768
14,33.0,22.0,12231.0,12087.0,144.0,12519.0,12498.0,21.0,12680.0,12642.0,38.0,2.528,6.168,-3.64,1.00489,1.0904699999999998,-0.08557999999999977,0.7171492204899776,0.518918918918919,0.1982303015710587
14,35.0,23.0,13220.0,13180.0,40.0,13546.0,13521.0,25.0,13833.0,13797.0,36.0,4.376,3.888,0.48800000000000043,1.19071,1.19071,0.0,0.9363784665579119,0.8946515397082658,0.04172692684964607
14,36.0,24.0,13833.0,13797.0,36.0,14242.0,14199.0,43.0,14374.0,14338.0,36.0,5.568,5.424,0.14399999999999924,0.99511,1.11003,-0.11492000000000002,0.48798521256931604,0.5138632162661738,-0.025878003696857776
14,38.0,25.0,14448.0,14338.0,110.0,14726.0,14706.0,20.0,14886.0,14850.0,36.0,2.488,4.056,-1.568,1.07579,1.07579,0.0,0.730593607305936,0.5625,0.16809360730593603
14,39.0,26.0,14886.0,14850.0,36.0,15201.0,15182.0,19.0,15516.0,15479.0,37.0,3.8,3.808,-0.008000000000000007,1.1833799999999999,1.1833799999999999,0.0,1.0,0.9443561208267091,0.055643879173290944
14,42.0,27.0,16229.0,16087.0,142.0,16539.0,16514.0,25.0,16689.0,16653.0,36.0,2.76,5.56,-2.8,0.98533,1.13936,-0.1540299999999999,0.6521739130434783,0.49116607773851595,0.16100783530496232
14,45.0,28.0,17252.0,17214.0,38.0,17555.0,17581.0,-26.0,17788.0,17750.0,38.0,3.76,4.088,-0.3280000000000003,1.17849,1.17849,0.0,0.8694029850746269,0.6305970149253731,0.23880597014925375
14,49.0,29.0,18508.0,18386.0,122.0,18741.0,18769.0,-28.0,18961.0,18925.0,36.0,1.904,5.048,-3.144,1.03667,1.11736,-0.08068999999999993,0.9713024282560706,0.5788497217068646,0.39245270654920605
14,50.0,30.0,18961.0,18925.0,36.0,19290.0,19304.0,-14.0,19496.0,19463.0,33.0,4.392,4.28,0.1120000000000001,0.91198,0.9339900000000001,-0.022010000000000085,0.7700934579439253,0.5910780669144982,0.1790153910294271
14,52.0,31.0,19569.0,19463.0,106.0,19838.0,19810.0,28.0,20075.0,20039.0,36.0,2.424,4.048,-1.624,1.07824,1.07824,0.0,0.9367588932806324,0.7951388888888888,0.1416200043917436
14,55.0,32.0,20698.0,20668.0,30.0,20799.0,20792.0,7.0,20837.0,20876.0,-39.0,3.368,3.432,-0.06400000000000006,0.2934,0.44254,-0.14914,0.5467625899280575,0.8076923076923077,-0.2609297177642502
14,56.0,33.0,20837.0,20876.0,-39.0,21115.0,21100.0,15.0,21306.0,21266.0,40.0,2.528,2.464,0.06400000000000006,0.89731,0.89731,0.0,0.814498933901919,0.8512820512820513,-0.03678311738013229
14,58.0,34.0,21371.0,21266.0,105.0,21585.0,21571.0,14.0,21874.0,21841.0,33.0,1.792,3.768,-1.9759999999999998,1.07579,1.07579,0.0,0.8508946322067594,0.9391304347826087,-0.08823580257584929
14,59.0,35.0,21874.0,21841.0,33.0,22210.0,22199.0,11.0,22490.0,22459.0,31.0,5.0,5.024,-0.02400000000000002,1.13448,1.1149200000000001,0.0195599999999998,0.9090909090909091,0.8414239482200647,0.06766696087084434
14,60.0,36.0,22490.0,22459.0,31.0,22839.0,22849.0,-10.0,23040.0,23007.0,33.0,5.032,5.2,-0.16800000000000015,1.03667,1.1467,-0.11003000000000007,0.730909090909091,0.5766423357664234,0.15426675514266752
14,61.0,37.0,23040.0,23007.0,33.0,23465.0,23436.0,29.0,23608.0,23572.0,36.0,5.008,4.696,0.3120000000000003,0.8068500000000001,0.8068500000000001,0.0,0.5035211267605634,0.4814159292035398,0.02210519755702356
14,62.0,38.0,23608.0,23572.0,36.0,23990.0,23947.0,43.0,24114.0,24094.0,20.0,4.2,4.088,0.1120000000000001,0.91198,0.978,-0.06601999999999997,0.49011857707509876,0.5632183908045977,-0.07309981372949892
14,63.0,39.0,24114.0,24094.0,20.0,24255.0,24253.0,2.0,24535.0,24519.0,16.0,2.12,2.448,-0.32799999999999985,0.9975499999999999,1.00978,-0.012229999999999963,0.669833729216152,0.7482352941176471,-0.07840156490149508
14,64.0,40.0,24535.0,24519.0,16.0,24811.0,24802.0,9.0,24953.0,24938.0,15.0,4.448,4.392,0.05600000000000005,0.43765,0.43765,0.0,0.6794258373205742,0.6491646778042959,0.03026115951627828
14,65.0,41.0,24953.0,24938.0,15.0,25373.0,25413.0,-40.0,25595.0,25569.0,26.0,4.496,4.888,-0.39199999999999946,0.56723,0.56723,0.0,0.691588785046729,0.4944532488114105,0.19713553623531854
14,66.0,42.0,25595.0,25569.0,26.0,26014.0,25980.0,34.0,26145.0,26122.0,23.0,5.128,4.536,0.5920000000000005,0.49633,0.49389,0.0024399999999999977,0.4763636363636363,0.5135623869801085,-0.037198750616472154
14,67.0,43.0,26145.0,26122.0,23.0,26419.0,26446.0,-27.0,26703.0,26678.0,25.0,3.24,3.728,-0.488,0.55257,0.5501199999999999,0.0024500000000000632,0.982078853046595,0.8345323741007195,0.14754647894587558
14,68.0,44.0,26703.0,26678.0,25.0,27053.0,27056.0,-3.0,27244.0,27223.0,21.0,5.072,4.88,0.19200000000000017,0.33007,0.41075999999999996,-0.08068999999999998,0.7060998151571165,0.6128440366972476,0.09325577845986888
14,69.0,45.0,27244.0,27223.0,21.0,27689.0,27663.0,26.0,27825.0,27799.0,26.0,5.088,4.856,0.2320000000000002,0.54768,0.54768,0.0,0.46815834767641995,0.4722222222222222,-0.00406387454580226
14,70.0,46.0,27825.0,27799.0,26.0,28160.0,28129.0,31.0,28406.0,28368.0,38.0,3.768,3.728,0.03999999999999959,0.9731,0.9731,0.0,0.846815834767642,0.8400702987697715,0.006745535997870533
14,72.0,47.0,28516.0,28368.0,148.0,28803.0,28849.0,-46.0,29034.0,28995.0,39.0,2.576,5.76,-3.1839999999999997,0.7824,0.7824,0.0,0.8918918918918919,0.46570972886762363,0.42618216302426826
14,74.0,48.0,29146.0,28995.0,151.0,29434.0,29400.0,34.0,29565.0,29531.0,34.0,2.544,4.408,-1.8640000000000003,0.61858,0.71394,-0.09536,0.6252983293556086,0.48880597014925375,0.13649235920635483
14,75.0,49.0,29565.0,29531.0,34.0,29988.0,29953.0,35.0,30119.0,30083.0,36.0,4.432,4.424,0.008000000000000007,0.59169,0.60391,-0.012219999999999898,0.4729241877256317,0.47101449275362317,0.0019096949720085465
14,78.0,50.0,30725.0,30701.0,24.0,31083.0,31088.0,-5.0,31272.0,31233.0,39.0,4.48,4.704,-0.2239999999999993,0.7726200000000001,0.80196,-0.02933999999999992,0.6910420475319927,0.5451127819548872,0.1459292655771055
14,80.0,51.0,31368.0,31233.0,135.0,31635.0,31669.0,-34.0,31845.0,31810.0,35.0,2.16,4.648,-2.4879999999999995,0.6699200000000001,0.66503,0.004890000000000061,0.8805031446540881,0.48873483535528595,0.39176830929880213
14,81.0,52.0,31845.0,31810.0,35.0,31935.0,31920.0,15.0,31975.0,32004.0,-29.0,2.4,2.008,0.3919999999999999,0.22983,0.37897000000000003,-0.14914000000000002,0.6153846153846154,0.865979381443299,-0.2505947660586836
14,82.0,53.0,31975.0,32004.0,-29.0,32180.0,32201.0,-21.0,32406.0,32367.0,39.0,1.96,2.248,-0.28800000000000026,0.76772,0.76772,0.0,0.951276102088167,0.9146005509641874,0.03667555112397969
14,84.0,54.0,33066.0,33027.0,39.0,33125.0,33151.0,-26.0,33179.0,33238.0,-59.0,3.176,3.704,-0.528,0.28117,0.3423,-0.06113000000000002,0.9557522123893806,0.8246445497630331,0.13110766262634743
14,85.0,55.0,33179.0,33238.0,-59.0,33438.0,33452.0,-14.0,33625.0,33587.0,38.0,2.504,2.408,0.09600000000000009,0.77261,0.77261,0.0,0.8385650224215246,0.7736389684813754,0.06492605394014928
14,89.0,57.0,34793.0,34755.0,38.0,34851.0,34872.0,-21.0,34948.0,34961.0,-13.0,3.12,2.08,1.04,0.278725,0.337405,-0.05868000000000001,0.7483870967741936,0.8640776699029127,-0.11569057312871911
14,90.0,58.0,34948.0,34961.0,-13.0,35162.0,35162.0,0.0,35320.0,35292.0,28.0,2.488,2.32,0.16800000000000015,0.69438,0.69438,0.0,0.8494623655913979,0.7854984894259819,0.06396387616541599
14,92.0,59.0,35443.0,35292.0,151.0,35707.0,35703.0,4.0,35916.0,35881.0,35.0,2.464,4.328,-1.8640000000000003,0.7481599999999999,0.73594,0.012219999999999898,0.8837209302325582,0.6044142614601018,0.27930666877245636
14,93.0,60.0,35916.0,35881.0,35.0,36273.0,36267.0,6.0,36422.0,36390.0,32.0,4.528,4.512,0.016000000000000014,0.68215,0.7457199999999999,-0.0635699999999999,0.5889328063241106,0.48330058939096265,0.10563221693314795
14,94.0,61.0,36422.0,36390.0,32.0,36503.0,36507.0,-4.0,36619.0,36604.0,15.0,1.84,1.92,-0.07999999999999985,0.21271,0.32274,-0.11003000000000002,0.8223350253807107,0.9065420560747663,-0.08420703069405566
14,95.0,62.0,36619.0,36604.0,15.0,36898.0,36864.0,34.0,37016.0,36981.0,35.0,3.16,2.856,0.30400000000000027,0.54279,0.54279,0.0,0.5944584382871536,0.6206896551724138,-0.0262312168852602
14,97.0,63.0,37109.0,36981.0,128.0,37370.0,37399.0,-29.0,37564.0,37544.0,20.0,2.16,4.28,-2.12,0.54034,0.5305599999999999,0.009780000000000122,0.8527472527472527,0.5150976909413854,0.33764956180586736
14,98.0,64.0,37564.0,37544.0,20.0,37667.0,37655.0,12.0,37765.0,37758.0,7.0,2.376,2.048,0.32799999999999985,0.40097,0.44498,-0.044009999999999994,0.9751243781094527,0.9626168224299065,0.0125075556795462
14,99.0,65.0,37765.0,37758.0,7.0,37911.0,37903.0,8.0,38044.0,38178.0,-134.0,1.952,1.984,-0.03200000000000003,0.47677,0.6308100000000001,-0.15404000000000007,0.953405017921147,0.6904761904761905,0.2629288274449565
14,101.0,66.0,38192.0,38178.0,14.0,38301.0,38292.0,9.0,38349.0,38386.0,-37.0,1.744,3.112,-1.368,0.44009,0.48655000000000004,-0.04646000000000006,0.6114649681528662,0.9038461538461539,-0.29238118569328764
14,102.0,67.0,38349.0,38386.0,-37.0,38624.0,38589.0,35.0,38908.0,38876.0,32.0,2.584,2.376,0.20800000000000018,1.18582,1.18582,0.0,0.9838998211091234,0.8285714285714285,0.15532839253769493
14,103.0,68.0,38908.0,38876.0,32.0,39014.0,38992.0,22.0,39063.0,39082.0,-19.0,3.12,3.224,-0.10400000000000009,0.22982999999999998,0.2934,-0.06357000000000002,0.6322580645161291,0.8737864077669903,-0.24152834325086125
14,104.0,69.0,39063.0,39082.0,-19.0,39333.0,39321.0,12.0,39472.0,39440.0,32.0,2.552,2.632,-0.08000000000000007,0.56235,0.56235,0.0,0.6797066014669927,0.664804469273743,0.014902132193249651
14,107.0,70.0,40048.0,40010.0,38.0,40125.0,40115.0,10.0,40178.0,40202.0,-24.0,2.48,2.08,0.3999999999999999,0.24205500000000002,0.430315,-0.18825999999999998,0.8153846153846154,0.90625,-0.09086538461538463
14,108.0,71.0,40178.0,40202.0,-24.0,40441.0,40397.0,44.0,40570.0,40536.0,34.0,2.528,2.256,0.27200000000000024,0.82885,0.81418,0.01466999999999996,0.6581632653061225,0.8323353293413174,-0.17417206403519492
14,111.0,72.0,41122.0,41084.0,38.0,41467.0,41519.0,-52.0,41711.0,41675.0,36.0,4.448,4.728,-0.27999999999999936,0.99755,0.99755,0.0,0.8285229202037352,0.5279187817258884,0.30060413847784684
14,114.0,73.0,42324.0,42286.0,38.0,42407.0,42395.0,12.0,42456.0,42482.0,-26.0,2.448,1.984,0.46399999999999997,0.251835,0.462105,-0.21027,0.7424242424242424,0.8877551020408163,-0.14533085961657388
14,115.0,74.0,42456.0,42482.0,-26.0,42657.0,42687.0,-30.0,42931.0,42891.0,40.0,2.0,2.336,-0.33599999999999985,0.89487,0.89487,0.0,0.8463157894736842,0.9975550122249389,-0.15123922275125468
14,124.0,76.0,44635.0,44538.0,97.0,44996.0,44992.0,4.0,45185.0,45145.0,40.0,3.04,4.8,-1.7599999999999998,1.1320299999999999,1.1320299999999999,0.0,0.6872727272727273,0.5041186161449753,0.18315411112775193
14,125.0,77.0,45185.0,45145.0,40.0,45541.0,45581.0,-40.0,45773.0,45733.0,40.0,4.36,4.712,-0.3519999999999994,1.05135,1.05135,0.0,0.7891156462585034,0.5170068027210885,0.27210884353741494
14,127.0,79.0,46365.0,46327.0,38.0,46708.0,46712.0,-4.0,46959.0,46957.0,2.0,4.976,4.312,0.6639999999999997,1.10269,1.10269,0.0,0.8451178451178452,0.7777777777777778,0.06734006734006737
14,128.0,80.0,46959.0,46957.0,2.0,47075.0,47080.0,-5.0,47181.0,47183.0,-2.0,2.936,2.944,-0.008000000000000007,0.7335,0.7335,0.0,0.954954954954955,0.911504424778761,0.043450530176193936
14,129.0,81.0,47181.0,47183.0,-2.0,47415.0,47443.0,-28.0,47647.0,47609.0,38.0,2.72,2.904,-0.18399999999999972,0.8533,0.8533,0.0,0.9957081545064378,0.7793427230046949,0.21636543150174292
14,131.0,82.0,47757.0,47609.0,148.0,47972.0,48015.0,-43.0,48197.0,48166.0,31.0,1.968,4.576,-2.6079999999999997,0.68459,0.68459,0.0,0.9772727272727273,0.5421903052064632,0.43508242206626413
14,132.0,83.0,48197.0,48166.0,31.0,48289.0,48287.0,2.0,48398.0,48400.0,-2.0,2.536,2.176,0.3599999999999999,0.19315000000000002,0.33007000000000003,-0.13692000000000001,0.9154228855721394,0.9658119658119658,-0.05038908023982647
14,133.0,84.0,48398.0,48400.0,-2.0,48668.0,48654.0,14.0,48842.0,48802.0,40.0,3.032,2.936,0.09600000000000009,0.7481599999999999,0.7481599999999999,0.0,0.7837837837837838,0.736318407960199,0.04746537582358479
14,134.0,85.0,48842.0,48802.0,40.0,49161.0,49117.0,44.0,49385.0,49353.0,32.0,3.944,3.704,0.23999999999999977,1.13936,1.13936,0.0,0.8250460405156538,0.8566243194192378,-0.031578278903584
14,136.0,86.0,49517.0,49353.0,164.0,49791.0,49760.0,31.0,49912.0,49877.0,35.0,2.48,5.144,-2.664,0.66014,0.8019499999999999,-0.14181,0.6126582278481012,0.44656488549618323,0.16609334235191797
14,138.0,87.0,49975.0,49877.0,98.0,50195.0,50193.0,2.0,50493.0,50460.0,33.0,1.84,3.464,-1.6239999999999999,1.1515900000000001,1.1515900000000001,0.0,0.8494208494208494,0.9159519725557461,-0.06653112313489673
14,140.0,88.0,51114.0,51081.0,33.0,51453.0,51468.0,-15.0,51659.0,51625.0,34.0,5.072,5.496,-0.4240000000000004,1.14914,1.25183,-0.10268999999999995,0.7559633027522936,0.5772058823529411,0.1787574203993525
14,142.0,89.0,51707.0,51625.0,82.0,52079.0,52036.0,43.0,52220.0,52184.0,36.0,3.088,4.544,-1.4559999999999995,1.0440099999999999,1.04156,0.002449999999999841,0.5497076023391814,0.5295169946332737,0.020190607705907637
14,143.0,90.0,52220.0,52184.0,36.0,52559.0,52552.0,7.0,52783.0,52741.0,42.0,3.84,4.128,-0.28800000000000026,1.03667,1.08313,-0.046459999999999946,0.7957371225577264,0.6786355475763016,0.11710157498142482
14,144.0,91.0,52783.0,52741.0,42.0,53015.0,53013.0,2.0,53336.0,53305.0,31.0,3.648,3.688,-0.040000000000000036,0.99022,0.99022,0.0,0.8390596745027125,0.9645390070921985,-0.12547933258948607
14,151.0,92.0,55200.0,55168.0,32.0,55677.0,55694.0,-17.0,55847.0,55854.0,-7.0,6.032,6.008,0.02400000000000002,2.50121,2.50121,0.0,0.5255023183925811,0.46647230320699706,0.05903001518558404
14,152.0,93.0,55847.0,55854.0,-7.0,55953.0,55969.0,-16.0,56092.0,56070.0,22.0,2.208,2.2,0.008000000000000007,2.50121,2.50121,0.0,0.8653061224489795,0.9351851851851852,-0.0698790627362057
14,153.0,94.0,56092.0,56070.0,22.0,56253.0,56221.0,32.0,56375.0,56334.0,41.0,2.4,2.016,0.3839999999999999,1.49633,1.49633,0.0,0.8621908127208481,0.8560606060606061,0.006130206660241999
14,156.0,95.0,56801.0,56761.0,40.0,56849.0,56865.0,-16.0,56903.0,56949.0,-46.0,1.344,1.776,-0.43199999999999994,0.359415,0.77506,-0.415645,0.9411764705882353,0.8936170212765957,0.04755944931163958
14,157.0,96.0,56903.0,56949.0,-46.0,57083.0,57082.0,1.0,57254.0,57214.0,40.0,1.872,1.736,0.13600000000000012,1.24939,1.22739,0.02200000000000002,0.9743589743589743,0.9962264150943396,-0.021867440735365284
14,160.0,97.0,57868.0,57833.0,35.0,57931.0,57942.0,-11.0,58017.0,58039.0,-22.0,2.84,3.232,-0.39200000000000035,0.38386,0.49143999999999993,-0.10757999999999995,0.8456375838926175,0.941747572815534,-0.09610998892291656
14,161.0,98.0,58017.0,58039.0,-22.0,58361.0,58352.0,9.0,58541.0,58507.0,34.0,3.44,3.28,0.16000000000000014,0.8753,0.8753,0.0,0.6870229007633588,0.6623931623931624,0.02462973837019644
14,163.0,99.0,58638.0,58507.0,131.0,58908.0,58904.0,4.0,59147.0,59116.0,31.0,2.464,4.416,-1.9520000000000004,0.76283,0.8704099999999999,-0.1075799999999999,0.9390962671905697,0.6962233169129721,0.2428729502775976
14,164.0,100.0,59147.0,59116.0,31.0,59223.0,59225.0,-2.0,59275.0,59311.0,-36.0,2.52,2.568,-0.04800000000000004,0.224935,0.251835,-0.02689999999999998,0.8125,0.882051282051282,-0.06955128205128203
14,165.0,101.0,59275.0,59311.0,-36.0,59539.0,59553.0,-14.0,59808.0,59748.0,60.0,2.528,2.624,-0.09600000000000009,0.57946,0.57946,0.0,0.9906191369606003,0.8924485125858124,0.09817062437478796
15,3.0,2.0,826.0,811.0,15.0,1140.0,1124.0,16.0,1331.0,1361.0,-30.0,4.952,3.896,1.056,0.54279,0.6846,-0.14181,0.7564356435643564,0.8618181818181818,-0.10538253825382538
15,4.0,3.0,1331.0,1361.0,-30.0,1517.0,1521.0,-4.0,1816.0,1807.0,9.0,3.016,3.176,-0.16000000000000014,1.25184,1.25184,0.0,0.7670103092783505,0.7174887892376682,0.04952152004068222
15,5.0,4.0,1816.0,1807.0,9.0,2043.0,2068.0,-25.0,2381.0,2365.0,16.0,4.208,4.376,-0.16800000000000015,1.21516,1.21516,0.0,0.8035398230088495,0.935483870967742,-0.13194404795889247
15,6.0,5.0,2381.0,2365.0,16.0,2604.0,2594.0,10.0,2745.0,2716.0,29.0,4.488,4.208,0.28000000000000025,0.97311,1.0831300000000001,-0.11002000000000012,0.7747252747252747,0.6951566951566952,0.07956857956857954
15,7.0,6.0,2745.0,2716.0,29.0,3001.0,3026.0,-25.0,3233.0,3229.0,4.0,3.176,3.456,-0.2799999999999998,0.7335,0.7335,0.0,0.9508196721311475,0.7914230019493178,0.15939667018182968
15,8.0,7.0,3233.0,3229.0,4.0,3489.0,3523.0,-34.0,3720.0,3689.0,31.0,3.904,3.976,-0.07200000000000006,0.7823899999999999,0.7823899999999999,0.0,0.9486652977412731,0.7217391304347827,0.2269261673064904
15,9.0,8.0,3720.0,3689.0,31.0,3880.0,3854.0,26.0,4014.0,4013.0,1.0,3.128,2.648,0.48,0.46943999999999997,0.46943999999999997,0.0,0.9115646258503401,0.9814814814814815,-0.06991685563114136
15,11.0,9.0,4283.0,4013.0,270.0,4393.0,4428.0,-35.0,4624.0,4594.0,30.0,1.152,4.592,-3.4399999999999995,0.42054,0.70416,-0.28362,0.6451612903225806,0.5714285714285714,0.07373271889400923
15,12.0,10.0,4624.0,4594.0,30.0,4871.0,4890.0,-19.0,4981.0,5016.0,-35.0,3.824,3.696,0.12799999999999967,0.50122,0.5061100000000001,-0.004890000000000061,0.6162464985994398,0.5971563981042654,0.019090100495174456
15,13.0,11.0,4981.0,5016.0,-35.0,5103.0,5153.0,-50.0,5387.0,5357.0,30.0,1.856,2.104,-0.248,2.50121,2.50121,0.0,0.6009852216748768,0.8035190615835777,-0.20253383990870089
15,15.0,12.0,5484.0,5357.0,127.0,5827.0,5841.0,-14.0,5999.0,5996.0,3.0,2.768,5.504,-2.7359999999999998,0.662595,0.787285,-0.12468999999999997,0.6679611650485437,0.48513302034428796,0.1828281447042558
15,16.0,13.0,5999.0,5996.0,3.0,6237.0,6221.0,16.0,6483.0,6464.0,19.0,3.28,3.04,0.23999999999999977,1.06602,1.06602,0.0,0.9834710743801653,0.9615384615384616,0.02193261284170378
15,17.0,14.0,6483.0,6464.0,19.0,6793.0,6782.0,11.0,7006.0,7013.0,-7.0,4.448,4.488,-0.040000000000000036,1.25428,1.35697,-0.10268999999999995,0.8145315487571702,0.8415300546448088,-0.026998505887638635
15,18.0,15.0,7006.0,7013.0,-7.0,7273.0,7276.0,-3.0,7456.0,7422.0,34.0,3.84,3.952,-0.1120000000000001,1.33007,1.33007,0.0,0.8133333333333334,0.7139364303178484,0.09939690301548498
15,19.0,16.0,7456.0,7422.0,34.0,7687.0,7694.0,-7.0,7902.0,7876.0,26.0,3.312,3.344,-0.03200000000000003,0.8092900000000001,1.022,-0.21270999999999995,0.9641255605381166,0.801762114537445,0.16236344600067165
15,20.0,17.0,7902.0,7876.0,26.0,8167.0,8163.0,4.0,8417.0,8427.0,-10.0,3.84,3.752,0.08800000000000008,1.0097800000000001,1.0097800000000001,0.0,0.970873786407767,0.9582577132486388,0.01261607315912816
15,21.0,18.0,8417.0,8427.0,-10.0,8531.0,8546.0,-15.0,8658.0,8660.0,-2.0,2.912,3.064,-0.15200000000000014,0.5158900000000001,0.49633000000000005,0.019560000000000022,0.946058091286307,0.9785407725321889,-0.03248268124588183
15,23.0,19.0,8730.0,8660.0,70.0,9075.0,9053.0,22.0,9262.0,9253.0,9.0,2.768,4.056,-1.2880000000000003,1.22983,1.4889999999999999,-0.2591699999999999,0.7030075187969924,0.6745362563237773,0.028471262473215075
15,24.0,20.0,9262.0,9253.0,9.0,9349.0,9366.0,-17.0,9690.0,9684.0,6.0,2.192,2.504,-0.31199999999999983,0.7775000000000001,0.7775000000000001,0.0,0.40654205607476634,0.5243619489559165,-0.11781989288115013
15,25.0,21.0,9690.0,9684.0,6.0,9901.0,9920.0,-19.0,10217.0,10214.0,3.0,4.416,4.432,-0.016000000000000014,0.84352,0.84352,0.0,0.8007590132827325,0.8905660377358491,-0.08980702445311661
15,26.0,22.0,10217.0,10214.0,3.0,10461.0,10460.0,1.0,10693.0,10659.0,34.0,4.48,4.32,0.16000000000000014,0.87775,0.87531,0.0024399999999999977,0.9747899159663865,0.8943820224719101,0.08040789349447641
15,27.0,23.0,10693.0,10659.0,34.0,11020.0,11010.0,10.0,11192.0,11181.0,11.0,4.472,4.4,0.07200000000000006,0.87775,0.87775,0.0,0.6893787575150301,0.6551724137931034,0.03420634372192666
15,28.0,24.0,11192.0,11181.0,11.0,11505.0,11515.0,-10.0,11749.0,11730.0,19.0,3.88,4.04,-0.16000000000000014,0.89242,0.8850899999999999,0.007330000000000059,0.8761220825852782,0.7832422586520947,0.0928798239331835
15,29.0,25.0,11749.0,11730.0,19.0,11925.0,11930.0,-5.0,12164.0,12165.0,-1.0,3.36,3.32,0.040000000000000036,0.9731000000000001,0.9731000000000001,0.0,0.8481927710843373,0.9195402298850575,-0.07134745880072013
15,31.0,27.0,12914.0,12865.0,49.0,12921.0,12954.0,-33.0,13127.0,13272.0,-145.0,3.216,1.928,1.2880000000000003,0.1956,0.98533,-0.78973,0.06572769953051638,0.4373464373464373,-0.3716187378159209
15,33.0,28.0,13302.0,13272.0,30.0,13503.0,13527.0,-24.0,13680.0,13672.0,8.0,2.944,4.584,-1.6399999999999997,0.792175,0.792175,0.0,0.9365079365079365,0.725,0.21150793650793653
15,34.0,29.0,13680.0,13672.0,8.0,13955.0,13962.0,-7.0,14204.0,14205.0,-1.0,3.616,3.48,0.13600000000000012,1.28607,1.29829,-0.012219999999999898,0.950381679389313,0.9118198874296435,0.03856179195966947
15,35.0,30.0,14204.0,14205.0,-1.0,14438.0,14432.0,6.0,14711.0,14692.0,19.0,3.864,3.76,0.10400000000000009,1.2665,1.2665,0.0,0.9230769230769231,0.9322381930184804,-0.009161269941557304
15,36.0,31.0,14711.0,14692.0,19.0,14964.0,14964.0,0.0,15158.0,15158.0,0.0,4.208,4.256,-0.04800000000000004,1.13692,1.22739,-0.09047000000000005,0.8680089485458613,0.8326180257510729,0.03539092279478839
15,37.0,32.0,15158.0,15158.0,0.0,15411.0,15426.0,-15.0,15633.0,15632.0,1.0,3.576,3.696,-0.1200000000000001,1.16137,1.16137,0.0,0.9347368421052632,0.869198312236287,0.06553852986897624
15,38.0,33.0,15633.0,15632.0,1.0,15895.0,15878.0,17.0,16155.0,16171.0,-16.0,3.872,3.616,0.2559999999999998,1.49878,1.49878,0.0,0.9961685823754789,0.9128014842300557,0.0833670981454232
15,39.0,34.0,16155.0,16171.0,-16.0,16353.0,16378.0,-25.0,16597.0,16596.0,1.0,3.664,4.0,-0.33599999999999985,1.48166,1.48166,0.0,0.8959276018099548,0.9741176470588235,-0.07819004524886874
15,40.0,35.0,16597.0,16596.0,1.0,16865.0,16906.0,-41.0,17127.0,17122.0,5.0,4.096,4.224,-0.1280000000000001,1.2396099999999999,1.2396099999999999,0.0,0.9886792452830189,0.8212927756653993,0.1673864696176196
15,41.0,36.0,17127.0,17122.0,5.0,17351.0,17353.0,-2.0,17708.0,17740.0,-32.0,3.888,3.576,0.31199999999999983,1.14181,1.2371699999999999,-0.09535999999999989,0.7710843373493976,0.7475728155339806,0.023511521815417047
15,42.0,37.0,17708.0,17740.0,-32.0,17862.0,17886.0,-24.0,18125.0,18127.0,-2.0,4.088,4.264,-0.17600000000000016,1.01712,0.9902200000000001,0.026899999999999924,0.7386091127098322,0.7545219638242894,-0.01591285111445717
15,43.0,38.0,18125.0,18127.0,-2.0,18439.0,18425.0,14.0,18641.0,18641.0,0.0,4.616,4.312,0.3039999999999994,1.25913,1.25913,0.0,0.7829457364341086,0.8404669260700389,-0.057521189635930337
15,44.0,39.0,18641.0,18641.0,0.0,18819.0,18827.0,-8.0,19073.0,19072.0,1.0,3.04,3.216,-0.17600000000000016,1.38387,1.38387,0.0,0.8240740740740741,0.8631090487238979,-0.03903497464982386
15,45.0,40.0,19073.0,19072.0,1.0,19375.0,19374.0,1.0,19583.0,19583.0,0.0,4.448,4.376,0.07200000000000006,1.5085600000000001,1.5085600000000001,0.0,0.8156862745098039,0.8180039138943249,-0.0023176393845210086
15,46.0,41.0,19583.0,19583.0,0.0,19795.0,19817.0,-22.0,20070.0,20061.0,9.0,3.36,3.544,-0.18400000000000016,1.72127,1.72127,0.0,0.8706365503080082,0.9790794979079498,-0.10844294759994155
15,47.0,42.0,20070.0,20061.0,9.0,20327.0,20326.0,1.0,20518.0,20516.0,2.0,4.256,4.072,0.18400000000000016,1.6161400000000001,1.6161400000000001,0.0,0.8526785714285714,0.8351648351648352,0.0175137362637362
15,48.0,43.0,20518.0,20516.0,2.0,20741.0,20741.0,0.0,21058.0,21059.0,-1.0,3.312,3.32,-0.008000000000000007,1.33741,1.33741,0.0,0.825925925925926,0.8287292817679558,-0.002803355842029842
15,49.0,44.0,21058.0,21059.0,-1.0,21261.0,21258.0,3.0,21575.0,21566.0,9.0,4.16,4.136,0.02400000000000002,1.24694,1.24694,0.0,0.7852998065764023,0.7850098619329389,0.0002899446434634356
15,50.0,45.0,21575.0,21566.0,9.0,21797.0,21792.0,5.0,22121.0,22085.0,36.0,4.288,4.272,0.016000000000000014,1.40098,1.38875,0.012229999999999963,0.8131868131868132,0.8709055876685934,-0.0577187744817802
15,51.0,46.0,22121.0,22085.0,36.0,22313.0,22343.0,-30.0,22555.0,22549.0,6.0,4.128,4.408,-0.28000000000000025,1.24939,1.30074,-0.05135000000000001,0.8847926267281105,0.8879310344827587,-0.0031384077546481315
15,52.0,47.0,22555.0,22549.0,6.0,22699.0,22708.0,-9.0,22911.0,22945.0,-34.0,3.088,2.92,0.16800000000000015,0.8117399999999999,0.9022,-0.0904600000000001,0.8089887640449438,0.803030303030303,0.005958461014640815
15,53.0,48.0,22911.0,22945.0,-34.0,23263.0,23293.0,-30.0,23523.0,23530.0,-7.0,4.512,4.68,-0.16800000000000015,1.71147,1.68213,0.029340000000000144,0.8496732026143791,0.8102564102564103,0.0394167923579688
15,54.0,49.0,23523.0,23530.0,-7.0,23747.0,23730.0,17.0,24047.0,24058.0,-11.0,3.872,3.496,0.3759999999999999,1.41565,1.41565,0.0,0.8549618320610687,0.7575757575757576,0.09738607448531111
15,56.0,50.0,24305.0,24058.0,247.0,24344.0,24350.0,-6.0,24470.0,24454.0,16.0,1.144,4.96,-3.816,0.43765,0.7555,-0.31784999999999997,0.4727272727272728,0.5252525252525253,-0.05252525252525253
15,57.0,51.0,24470.0,24454.0,16.0,24753.0,24755.0,-2.0,25064.0,25071.0,-7.0,3.272,3.24,0.031999999999999584,1.47926,1.47926,0.0,0.9528619528619529,0.9756888168557536,-0.02282686399380074
15,58.0,52.0,25064.0,25071.0,-7.0,25281.0,25266.0,15.0,25592.0,25568.0,24.0,4.224,4.088,0.13600000000000012,1.55985,1.55985,0.0,0.821969696969697,0.7847082494969819,0.03726144747271509
15,59.0,53.0,25592.0,25568.0,24.0,25805.0,25828.0,-23.0,26177.0,26155.0,22.0,4.192,4.496,-0.30400000000000027,1.4743,1.49386,-0.019560000000000022,0.7282051282051283,0.8858603066439523,-0.15765517843882404
15,60.0,54.0,26177.0,26155.0,22.0,26436.0,26435.0,1.0,26720.0,26728.0,-8.0,5.048,4.856,0.19200000000000017,1.68215,1.68215,0.0,0.9539594843462247,0.9773123909249564,-0.02335290657873168
15,61.0,55.0,26720.0,26728.0,-8.0,27008.0,27016.0,-8.0,27220.0,27192.0,28.0,4.576,4.648,-0.07200000000000006,1.5379,1.5379,0.0,0.848,0.7586206896551724,0.0893793103448276
15,62.0,56.0,27220.0,27192.0,28.0,27530.0,27535.0,-5.0,27753.0,27740.0,13.0,4.176,4.152,0.02400000000000002,1.37164,1.3643,0.007339999999999902,0.8367729831144466,0.7481751824817517,0.08859780063269485
15,63.0,57.0,27753.0,27740.0,13.0,27975.0,27988.0,-13.0,28302.0,28280.0,22.0,3.56,3.624,-0.06400000000000006,1.4889999999999999,1.4889999999999999,0.0,0.8087431693989071,0.9185185185185185,-0.1097753491196114
15,64.0,58.0,28302.0,28280.0,22.0,28576.0,28556.0,20.0,28856.0,28844.0,12.0,4.808,4.544,0.26400000000000023,1.55016,1.5623900000000002,-0.012230000000000185,0.9891696750902527,0.9787234042553191,0.010446270834933546
15,65.0,59.0,28856.0,28844.0,12.0,29065.0,29075.0,-10.0,29326.0,29313.0,13.0,3.912,4.152,-0.2400000000000002,1.4132,1.44743,-0.03422999999999998,0.8893617021276596,0.9850746268656716,-0.09571292473801196
15,66.0,60.0,29326.0,29313.0,13.0,29647.0,29653.0,-6.0,29862.0,29841.0,21.0,4.656,4.624,0.03200000000000003,1.6332,1.6332,0.0,0.8022388059701493,0.7121212121212122,0.09011759384893714
15,67.0,61.0,29862.0,29841.0,21.0,30079.0,30098.0,-19.0,30399.0,30380.0,19.0,3.456,3.56,-0.10400000000000009,1.6161400000000001,1.64059,-0.02444999999999986,0.8081936685288641,0.9536178107606679,-0.14542414223180378
15,68.0,62.0,30399.0,30380.0,19.0,30579.0,30574.0,5.0,30829.0,30814.0,15.0,4.0,3.808,0.19200000000000017,1.42543,1.42543,0.0,0.8372093023255813,0.8940092165898618,-0.05679991426428044
15,69.0,63.0,30829.0,30814.0,15.0,31129.0,31149.0,-20.0,31376.0,31360.0,16.0,4.4,4.6,-0.1999999999999993,1.5232299999999999,1.57213,-0.048900000000000166,0.903107861060329,0.7728937728937729,0.1302140881665561
15,70.0,64.0,31376.0,31360.0,16.0,31617.0,31621.0,-4.0,31905.0,31890.0,15.0,3.904,3.776,0.1280000000000001,1.50366,1.50122,0.0024399999999999977,0.9111531190926276,0.9849056603773585,-0.07375254128473085
15,71.0,65.0,31905.0,31890.0,15.0,32104.0,32084.0,20.0,32351.0,32342.0,9.0,3.896,3.704,0.19199999999999973,1.2982900000000002,1.3154,-0.017109999999999737,0.8923766816143498,0.8584070796460177,0.0339696019683321
15,72.0,66.0,32351.0,32342.0,9.0,32674.0,32646.0,28.0,32846.0,32849.0,-3.0,4.56,4.496,0.06399999999999917,1.4645,1.4645,0.0,0.694949494949495,0.8007889546351085,-0.10583945968561348
15,73.0,67.0,32846.0,32849.0,-3.0,33079.0,33068.0,11.0,33380.0,33372.0,8.0,3.24,3.376,-0.13599999999999968,1.5428000000000002,1.5428000000000002,0.0,0.8726591760299626,0.8374760994263862,0.035183076603576335
15,74.0,68.0,33380.0,33372.0,8.0,33625.0,33613.0,12.0,33939.0,33922.0,17.0,4.368,4.36,0.008000000000000007,1.52078,1.5281099999999999,-0.007329999999999837,0.8765652951699463,0.8763636363636363,0.0002016588063099567
15,75.0,69.0,33939.0,33922.0,17.0,34187.0,34176.0,11.0,34541.0,34493.0,48.0,4.496,4.504,-0.007999999999999119,1.56235,1.56235,0.0,0.823920265780731,0.8896672504378283,-0.06574698465709738
15,76.0,70.0,34541.0,34493.0,48.0,34773.0,34766.0,7.0,34964.0,34942.0,22.0,4.688,4.72,-0.03200000000000003,1.56484,1.65775,-0.09291000000000005,0.9030732860520094,0.7839643652561248,0.11910892079588464
15,77.0,71.0,34964.0,34942.0,22.0,35241.0,35243.0,-2.0,35442.0,35429.0,13.0,3.744,3.816,-0.07199999999999962,1.40836,1.40836,0.0,0.8410041841004184,0.7638603696098563,0.07714381449056218
15,78.0,72.0,35442.0,35429.0,13.0,35681.0,35682.0,-1.0,35885.0,35906.0,-21.0,3.52,3.512,0.008000000000000007,1.84351,1.84351,0.0,0.9209932279909706,0.939203354297694,-0.018210126306723362
15,79.0,73.0,35885.0,35906.0,-21.0,36001.0,36054.0,-53.0,36362.0,36411.0,-49.0,2.56,2.976,-0.4159999999999999,2.50121,2.50121,0.0,0.4863731656184487,0.5861386138613862,-0.09976544824293754
15,80.0,74.0,36362.0,36411.0,-49.0,36586.0,36562.0,24.0,36746.0,36741.0,5.0,4.68,4.064,0.6159999999999997,1.62103,1.62103,0.0,0.8333333333333334,0.9151515151515152,-0.08181818181818179
15,81.0,75.0,36746.0,36741.0,5.0,37013.0,36993.0,20.0,37293.0,37281.0,12.0,3.416,3.448,-0.03200000000000003,1.99269,1.99024,0.0024500000000000632,0.9762340036563071,0.9333333333333333,0.04290067032297373
15,82.0,76.0,37293.0,37281.0,12.0,37545.0,37530.0,15.0,37818.0,37791.0,27.0,4.256,4.296,-0.040000000000000036,1.92665,1.95599,-0.02933999999999992,0.96,0.9764705882352941,-0.016470588235294126
15,85.0,77.0,38267.0,38253.0,14.0,38553.0,38570.0,-17.0,38781.0,38775.0,6.0,3.392,3.752,-0.3599999999999999,1.69682,1.69682,0.0,0.8871595330739299,0.7854406130268199,0.10171892004711003
15,86.0,78.0,38781.0,38775.0,6.0,38933.0,38938.0,-5.0,39191.0,39187.0,4.0,3.04,2.944,0.09600000000000009,1.31296,1.31296,0.0,0.7414634146341463,0.7912621359223301,-0.049798721288183745
15,87.0,79.0,39191.0,39187.0,4.0,39447.0,39463.0,-16.0,39731.0,39731.0,0.0,4.112,4.2,-0.08800000000000008,1.76529,1.77263,-0.007339999999999902,0.9481481481481482,0.9852941176470589,-0.03714596949891069
15,88.0,80.0,39731.0,39731.0,0.0,40015.0,39954.0,61.0,40268.0,40250.0,18.0,4.544,3.928,0.6159999999999997,1.93886,1.93886,0.0,0.9422718808193669,0.859344894026975,0.08292698679239185
15,89.0,81.0,40268.0,40250.0,18.0,40511.0,40487.0,24.0,40779.0,40737.0,42.0,3.968,4.264,-0.29600000000000026,1.96821,1.96821,0.0,0.9510763209393347,0.973305954825462,-0.02222963388612731
15,90.0,82.0,40779.0,40737.0,42.0,41072.0,41066.0,6.0,41346.0,41329.0,17.0,4.488,4.632,-0.14399999999999924,1.7213100000000001,1.98781,-0.26649999999999996,0.9664902998236331,0.8885135135135135,0.07797678631011962
15,91.0,83.0,41346.0,41329.0,17.0,41565.0,41571.0,-6.0,41871.0,41851.0,20.0,3.944,4.04,-0.09600000000000009,1.73108,1.73108,0.0,0.8342857142857143,0.9272030651340997,-0.09291735084838537
15,92.0,84.0,41871.0,41851.0,20.0,42120.0,42097.0,23.0,42374.0,42358.0,16.0,4.44,4.208,0.2320000000000002,1.68455,1.73589,-0.05133999999999994,0.9900596421471173,0.9704142011834319,0.019645440963685368
15,93.0,85.0,42374.0,42358.0,16.0,42579.0,42584.0,-5.0,42904.0,42902.0,2.0,3.672,3.896,-0.22399999999999975,1.70415,1.70415,0.0,0.7735849056603774,0.8308823529411764,-0.057297447280798997
15,94.0,86.0,42904.0,42902.0,2.0,43114.0,43104.0,10.0,43422.0,43427.0,-5.0,4.28,4.16,0.1200000000000001,1.68945,1.6919,-0.0024500000000000632,0.8108108108108107,0.7695238095238095,0.041287001287001246
15,95.0,87.0,43422.0,43427.0,-5.0,43651.0,43708.0,-57.0,43911.0,43874.0,37.0,4.296,4.832,-0.5359999999999996,1.78724,1.78724,0.0,0.9366053169734151,0.7427293064876958,0.19387601048571934
15,96.0,88.0,43911.0,43874.0,37.0,44215.0,44194.0,21.0,44380.0,44377.0,3.0,4.512,3.888,0.6239999999999997,1.32274,1.36186,-0.039120000000000044,0.7036247334754797,0.7276341948310139,-0.024009461355534167
15,97.0,89.0,44380.0,44377.0,3.0,44593.0,44599.0,-6.0,44909.0,44897.0,12.0,3.024,3.24,-0.2160000000000002,1.82644,1.82644,0.0,0.8052930056710775,0.8538461538461538,-0.04855314817507628
15,98.0,90.0,44909.0,44897.0,12.0,45157.0,45136.0,21.0,45463.0,45472.0,-9.0,4.512,4.296,0.2159999999999993,1.37164,1.43521,-0.06357000000000013,0.8953068592057761,0.831304347826087,0.06400251137968915
15,99.0,91.0,45463.0,45472.0,-9.0,45649.0,45646.0,3.0,45952.0,45929.0,23.0,3.936,4.08,-0.14400000000000013,1.73347,1.73347,0.0,0.7607361963190185,0.7614879649890591,-0.0007517686700406756
15,100.0,92.0,45952.0,45929.0,23.0,46189.0,46202.0,-13.0,46461.0,46454.0,7.0,4.32,4.448,-0.1280000000000001,1.48167,1.70172,-0.22004999999999986,0.931237721021611,0.96,-0.02876227897838901
15,101.0,93.0,46461.0,46454.0,7.0,46711.0,46682.0,29.0,46857.0,46823.0,34.0,4.176,3.84,0.3360000000000003,2.17851,2.17851,0.0,0.7373737373737373,0.7642276422764227,-0.026853904902685355
15,104.0,94.0,47409.0,47395.0,14.0,47659.0,47631.0,28.0,47841.0,47798.0,43.0,3.392,2.936,0.45599999999999996,2.25671,2.25671,0.0,0.8425925925925926,0.8287841191066998,0.013808473485892758
15,105.0,95.0,47841.0,47798.0,43.0,48077.0,48062.0,15.0,48259.0,48576.0,-317.0,3.344,3.448,-0.10400000000000009,0.40830999999999995,0.41564999999999996,-0.007340000000000013,0.8708133971291866,0.6786632390745502,0.19215015805463642
15,107.0,96.0,48594.0,48576.0,18.0,48925.0,48910.0,15.0,49103.0,49092.0,11.0,4.416,6.784,-2.3679999999999994,0.47676999999999997,0.47676999999999997,0.0,0.6994106090373281,0.7054263565891472,-0.006015747551819106
15,108.0,97.0,49103.0,49092.0,11.0,49207.0,49236.0,-29.0,49449.0,49424.0,25.0,2.256,2.608,-0.3520000000000003,0.222495,0.222495,0.0,0.6011560693641618,0.8674698795180723,-0.26631381015391054
15,109.0,98.0,49449.0,49675.0,-226.0,49771.0,49795.0,-24.0,49954.0,49923.0,31.0,4.512,4.472,0.03999999999999915,2.50121,2.50121,0.0,0.7247524752475247,0.967741935483871,-0.24298946023634627
15,110.0,99.0,49954.0,49923.0,31.0,50332.0,50393.0,-61.0,50567.0,50550.0,17.0,4.488,4.784,-0.2959999999999994,0.836185,0.836185,0.0,0.766721044045677,0.5007974481658692,0.26592359587980774
15,111.0,100.0,50567.0,50550.0,17.0,50902.0,50901.0,1.0,51098.0,51099.0,-1.0,4.56,4.064,0.49599999999999955,0.6136900000000001,0.6136900000000001,0.0,0.7382297551789077,0.7213114754098361,0.016918279769071565
15,112.0,101.0,51098.0,51099.0,-1.0,51327.0,51320.0,7.0,51701.0,51840.0,-139.0,3.4,3.352,0.04800000000000004,0.5036700000000001,0.70416,-0.20048999999999995,0.7595356550580431,0.5964912280701755,0.16304442698786759
15,114.0,102.0,51839.0,51840.0,-1.0,51959.0,51985.0,-26.0,52069.0,52076.0,-7.0,1.768,5.32,-3.5520000000000005,0.45966,0.45966,0.0,0.9565217391304348,0.771186440677966,0.18533529845246877
15,115.0,103.0,52069.0,52076.0,-7.0,52393.0,52391.0,2.0,52570.0,52570.0,0.0,3.472,3.248,0.22399999999999975,0.40342,0.38631000000000004,0.01710999999999996,0.7065868263473054,0.7246963562753037,-0.018109529927998302
15,117.0,105.0,52995.0,52979.0,16.0,53305.0,53298.0,7.0,53515.0,53490.0,25.0,4.48,3.856,0.6240000000000006,0.37897000000000003,0.3863,-0.007329999999999948,0.8076923076923077,0.7514677103718199,0.05622459732048779
15,118.0,106.0,53515.0,53490.0,25.0,53593.0,53605.0,-12.0,53697.0,54033.0,-336.0,2.304,2.456,-0.15200000000000014,0.07823999999999999,0.298285,-0.22004500000000005,0.8571428571428572,0.423572744014733,0.4335701131281242
15,120.0,107.0,54051.0,54033.0,18.0,54232.0,54238.0,-6.0,54339.0,54355.0,-16.0,3.432,5.064,-1.6320000000000001,0.356965,0.376525,-0.019560000000000022,0.7430555555555556,0.7267080745341614,0.01634748102139416
15,121.0,108.0,54339.0,54355.0,-16.0,54449.0,54475.0,-26.0,54567.0,54581.0,-14.0,1.736,1.896,-0.15999999999999992,0.440095,0.432765,0.007330000000000003,0.9649122807017544,0.9380530973451328,0.02685918335662163
15,122.0,109.0,54567.0,54581.0,-14.0,54871.0,54858.0,13.0,55044.0,55047.0,-3.0,3.376,3.064,0.31199999999999983,0.30073,0.30806,-0.007330000000000003,0.7253668763102725,0.8111587982832618,-0.08579192197298924
15,123.0,110.0,55044.0,55047.0,-3.0,55371.0,55340.0,31.0,55620.0,56078.0,-458.0,4.0,3.856,0.14400000000000013,0.39364,0.42298,-0.029340000000000033,0.8645833333333334,0.5683802133850631,0.2962031199482703
15,129.0,111.0,56313.0,56078.0,235.0,56435.0,56433.0,2.0,56595.0,56570.0,25.0,1.152,8.744,-7.592,0.425425,0.425425,0.0,0.8652482269503546,0.556910569105691,0.3083376578446636
15,131.0,112.0,56720.0,56570.0,150.0,56841.0,56857.0,-16.0,56960.0,57084.0,-124.0,1.024,3.392,-2.368,0.25183,0.45965,-0.20782,0.9916666666666667,0.8832684824902723,0.10839818417639435
15,133.0,113.0,57106.0,57084.0,22.0,57489.0,57457.0,32.0,57612.0,57619.0,-7.0,4.16,4.8,-0.6399999999999997,0.33741,0.33741,0.0,0.4861660079051383,0.605607476635514,-0.11944146873037564
15,134.0,114.0,57612.0,57619.0,-7.0,57769.0,57744.0,25.0,57903.0,57863.0,40.0,2.24,2.296,-0.055999999999999606,0.347185,0.334965,0.012220000000000009,0.9209621993127148,0.9754098360655737,-0.05444763675285891
15,136.0,115.0,57944.0,57863.0,81.0,58186.0,58188.0,-2.0,58373.0,58557.0,-184.0,2.208,3.552,-1.3439999999999999,0.3423,0.46699,-0.12469000000000002,0.8717948717948718,0.9365994236311239,-0.06480455183625211
15,138.0,116.0,58572.0,58557.0,15.0,58821.0,58848.0,-27.0,59161.0,59136.0,25.0,3.392,5.28,-1.8880000000000003,0.33007,0.33007,0.0,0.8455008488964346,0.9948186528497409,-0.1493178039533063
15,139.0,117.0,59161.0,59136.0,25.0,59593.0,59593.0,0.0,59795.0,59784.0,11.0,6.176,5.96,0.2160000000000002,0.27627999999999997,0.32028999999999996,-0.044009999999999994,0.637223974763407,0.5895061728395061,0.04771780192390085
16,1.0,1.0,174.0,137.0,37.0,357.0,410.0,-53.0,617.0,564.0,53.0,,,,1.0,1.0,0.0,0.8261851015801355,0.7213114754098361,0.10487362617029938
16,2.0,2.0,617.0,564.0,53.0,791.0,837.0,-46.0,1026.0,988.0,38.0,3.472,3.416,0.05600000000000005,1.0,1.0,0.0,0.8508557457212714,0.7122641509433962,0.1385915947778752
16,3.0,3.0,1026.0,988.0,38.0,1191.0,1243.0,-52.0,1454.0,1526.0,-72.0,3.2,3.248,-0.04800000000000004,1.0,1.0,0.0,0.7710280373831776,0.9479553903345725,-0.17692735295139495
16,4.0,4.0,1454.0,1526.0,-72.0,1617.0,1666.0,-49.0,1873.0,1928.0,-55.0,3.408,3.384,0.02400000000000002,1.0,1.0,0.0,0.7780429594272076,0.6965174129353233,0.08152554649188426
16,5.0,5.0,1873.0,1928.0,-55.0,2027.0,2077.0,-50.0,2283.0,2350.0,-67.0,3.28,3.288,-0.008000000000000007,1.0,1.0,0.0,0.751219512195122,0.7061611374407584,0.045058374754363584
16,6.0,6.0,2283.0,2350.0,-67.0,2441.0,2492.0,-51.0,2688.0,2645.0,43.0,3.312,3.32,-0.008000000000000007,1.0,1.0,0.0,0.7802469135802469,0.9627118644067797,-0.1824649508265328
16,7.0,7.0,2688.0,2645.0,43.0,2857.0,2910.0,-53.0,3078.0,3088.0,-10.0,3.328,3.344,-0.016000000000000014,1.0,1.0,0.0,0.8666666666666667,0.8036117381489842,0.06305492851768246
16,8.0,8.0,3078.0,3088.0,-10.0,3193.0,3244.0,-51.0,3439.0,3399.0,40.0,2.688,2.672,0.016000000000000014,1.0,1.0,0.0,0.6371191135734072,0.9967845659163987,-0.3596654523429915
16,9.0,9.0,3439.0,3399.0,40.0,3607.0,3660.0,-53.0,3813.0,3820.0,-7.0,3.312,3.328,-0.016000000000000014,1.0,1.0,0.0,0.8983957219251337,0.7600950118764845,0.1383007100486492
16,10.0,10.0,3813.0,3820.0,-7.0,3919.0,3967.0,-48.0,4154.0,4123.0,31.0,2.496,2.456,0.040000000000000036,1.0,1.0,0.0,0.6217008797653959,0.9702970297029703,-0.3485961499375744
16,11.0,11.0,4154.0,4123.0,31.0,4287.0,4340.0,-53.0,4532.0,4489.0,43.0,2.944,2.984,-0.040000000000000036,1.0,1.0,0.0,0.7037037037037037,0.8142076502732241,-0.11050394656952034
16,12.0,12.0,4532.0,4489.0,43.0,4711.0,4760.0,-49.0,4949.0,4906.0,43.0,3.392,3.36,0.03200000000000003,1.0,1.0,0.0,0.8585131894484412,0.7002398081534772,0.15827338129496404
16,13.0,13.0,4949.0,4906.0,43.0,5127.0,5176.0,-49.0,5383.0,5326.0,57.0,3.328,3.328,0.0,1.0,1.0,0.0,0.8202764976958525,0.7142857142857143,0.10599078341013823
16,14.0,14.0,5383.0,5326.0,57.0,5539.0,5590.0,-51.0,5785.0,5744.0,41.0,3.296,3.312,-0.016000000000000014,1.0,1.0,0.0,0.7761194029850746,0.736842105263158,0.03927729772191668
16,15.0,15.0,5785.0,5744.0,41.0,5953.0,6005.0,-52.0,6200.0,6155.0,45.0,3.312,3.32,-0.008000000000000007,1.0,1.0,0.0,0.8096385542168675,0.7299270072992701,0.07971154691759741
16,16.0,16.0,6200.0,6155.0,45.0,6373.0,6425.0,-52.0,6614.0,6579.0,35.0,3.36,3.36,0.0,1.0,1.0,0.0,0.8357487922705313,0.7264150943396226,0.10933369793090875
16,17.0,17.0,6614.0,6579.0,35.0,6789.0,6845.0,-56.0,6989.0,6994.0,-5.0,3.328,3.36,-0.03200000000000003,1.0,1.0,0.0,0.9333333333333333,0.7180722891566265,0.21526104417670688
16,18.0,18.0,6989.0,6994.0,-5.0,7085.0,7130.0,-45.0,7324.0,7280.0,44.0,2.368,2.28,0.08800000000000008,1.0,1.0,0.0,0.5731343283582089,0.951048951048951,-0.37791462269074216
16,19.0,19.0,7324.0,7280.0,44.0,7489.0,7541.0,-52.0,7701.0,7706.0,-5.0,3.232,3.288,-0.055999999999999606,1.0,1.0,0.0,0.8753315649867374,0.7746478873239436,0.10068367766279374
16,20.0,20.0,7701.0,7706.0,-5.0,7817.0,7863.0,-46.0,8049.0,8013.0,36.0,2.624,2.576,0.04800000000000004,1.0,1.0,0.0,0.6666666666666667,0.9771986970684039,-0.31053203040173716
16,21.0,21.0,8049.0,8013.0,36.0,8225.0,8277.0,-52.0,8456.0,8467.0,-11.0,3.264,3.312,-0.04800000000000004,1.0,1.0,0.0,0.8648648648648649,0.8370044052863437,0.027860459578521235
16,22.0,22.0,8456.0,8467.0,-11.0,8581.0,8631.0,-50.0,8827.0,8782.0,45.0,2.848,2.832,0.016000000000000014,1.0,1.0,0.0,0.6738544474393531,0.9587301587301588,-0.2848757112908057
16,23.0,23.0,8827.0,8782.0,45.0,8993.0,9045.0,-52.0,9191.0,9195.0,-4.0,3.296,3.312,-0.016000000000000014,1.0,1.0,0.0,0.9120879120879121,0.7263922518159807,0.1856956602719314
16,24.0,24.0,9191.0,9195.0,-4.0,9287.0,9331.0,-44.0,9522.0,9481.0,41.0,2.352,2.288,0.06400000000000006,1.0,1.0,0.0,0.5800604229607251,0.951048951048951,-0.3709885280882259
16,25.0,25.0,9522.0,9481.0,41.0,9689.0,9746.0,-57.0,9965.0,10007.0,-42.0,3.216,3.32,-0.10399999999999965,1.0,1.0,0.0,0.7539503386004515,0.9923954372623575,-0.238445098661906
16,26.0,26.0,9965.0,10007.0,-42.0,10117.0,10167.0,-50.0,10374.0,10408.0,-34.0,3.424,3.368,0.05600000000000005,1.0,1.0,0.0,0.7432762836185819,0.7980049875311721,-0.054728703912590215
16,27.0,27.0,10374.0,10408.0,-34.0,10509.0,10562.0,-53.0,10781.0,10822.0,-41.0,3.136,3.16,-0.02400000000000002,1.0,1.0,0.0,0.6633906633906634,0.7439613526570048,-0.08057068926634137
16,28.0,28.0,10781.0,10822.0,-41.0,10925.0,10976.0,-51.0,11185.0,11139.0,46.0,3.328,3.312,0.016000000000000014,1.0,1.0,0.0,0.7128712871287128,0.9716088328075709,-0.2587375456788581
16,29.0,29.0,11185.0,11139.0,46.0,11353.0,11391.0,-38.0,11529.0,11529.0,0.0,3.424,3.32,0.10400000000000009,1.0,1.0,0.0,0.9767441860465116,0.7076923076923076,0.26905187835420397
16,30.0,30.0,11529.0,11529.0,0.0,11625.0,11676.0,-51.0,11871.0,11832.0,39.0,2.176,2.28,-0.10399999999999965,1.0,1.0,0.0,0.5614035087719298,0.9702970297029703,-0.4088935209310405
16,31.0,31.0,11871.0,11832.0,39.0,12063.0,12102.0,-39.0,12303.0,12251.0,52.0,3.504,3.408,0.09600000000000009,1.0,1.0,0.0,0.8888888888888888,0.711217183770883,0.17767170511800578
16,32.0,32.0,12303.0,12251.0,52.0,12458.0,12505.0,-47.0,12697.0,12651.0,46.0,3.16,3.224,-0.06400000000000006,1.0,1.0,0.0,0.7868020304568528,0.73,0.05680203045685284
16,33.0,33.0,12697.0,12651.0,46.0,12871.0,12923.0,-52.0,13137.0,13193.0,-56.0,3.304,3.344,-0.040000000000000036,1.0,1.0,0.0,0.7909090909090909,0.996309963099631,-0.20540087219054015
16,34.0,34.0,13137.0,13193.0,-56.0,13293.0,13341.0,-48.0,13556.0,13612.0,-56.0,3.376,3.344,0.03200000000000003,1.0,1.0,0.0,0.7446300715990454,0.7064439140811456,0.03818615751789978
16,35.0,35.0,13556.0,13612.0,-56.0,13711.0,13762.0,-51.0,13921.0,13930.0,-9.0,3.344,3.368,-0.02400000000000002,1.0,1.0,0.0,0.8493150684931507,0.9433962264150944,-0.0940811579219436
16,36.0,36.0,13921.0,13930.0,-9.0,14033.0,14078.0,-45.0,14277.0,14236.0,41.0,2.576,2.528,0.04800000000000004,1.0,1.0,0.0,0.6292134831460674,0.9673202614379085,-0.3381067782918411
16,37.0,37.0,14277.0,14236.0,41.0,14439.0,14492.0,-53.0,14672.0,14638.0,34.0,3.248,3.312,-0.06399999999999961,1.0,1.0,0.0,0.8202531645569621,0.7263681592039801,0.09388500535298194
16,38.0,38.0,14672.0,14638.0,34.0,14875.0,14922.0,-47.0,15138.0,15174.0,-36.0,3.488,3.44,0.04800000000000004,1.0,1.0,0.0,0.8712446351931331,0.9402985074626866,-0.0690538722695535
16,39.0,39.0,15138.0,15174.0,-36.0,15257.0,15310.0,-53.0,15484.0,15457.0,27.0,3.056,3.104,-0.04800000000000004,1.0,1.0,0.0,0.6878612716763006,0.9611307420494699,-0.2732694703731693
16,40.0,40.0,15484.0,15457.0,27.0,15633.0,15678.0,-45.0,15829.0,15836.0,-7.0,3.008,2.944,0.06400000000000006,1.0,1.0,0.0,0.863768115942029,0.8337730870712401,0.029995028870788865
16,41.0,41.0,15829.0,15836.0,-7.0,15937.0,15975.0,-38.0,16151.0,16126.0,25.0,2.432,2.376,0.05600000000000005,1.0,1.0,0.0,0.670807453416149,0.9586206896551724,-0.28781323623902344
16,42.0,42.0,16151.0,16126.0,25.0,16275.0,16338.0,-63.0,16481.0,16483.0,-2.0,2.704,2.904,-0.19999999999999973,1.0,1.0,0.0,0.7515151515151515,0.8123249299719888,-0.06080977845683733
16,43.0,43.0,16481.0,16483.0,-2.0,16577.0,16594.0,-17.0,16800.0,16717.0,83.0,2.416,2.048,0.3679999999999999,1.0,1.0,0.0,0.6018808777429467,0.9487179487179487,-0.34683707097500194
16,45.0,44.0,17214.0,17171.0,43.0,17383.0,17434.0,-51.0,17620.0,17592.0,28.0,3.296,3.296,0.0,1.0,1.0,0.0,0.8325123152709359,0.7505938242280286,0.08191849104290738
16,46.0,45.0,17620.0,17592.0,28.0,17795.0,17852.0,-57.0,18003.0,18007.0,-4.0,3.296,3.344,-0.04800000000000004,1.0,1.0,0.0,0.9138381201044387,0.7469879518072289,0.16685016829720978
16,47.0,46.0,18003.0,18007.0,-4.0,18101.0,18142.0,-41.0,18384.0,18426.0,-42.0,2.448,2.32,0.1280000000000001,1.0,1.0,0.0,0.5144356955380578,0.6443914081145585,-0.12995571257650074
16,48.0,47.0,18384.0,18426.0,-42.0,18517.0,18564.0,-47.0,18746.0,18768.0,-22.0,3.328,3.376,-0.04800000000000004,1.0,1.0,0.0,0.7348066298342542,0.8070175438596492,-0.07221091402539503
16,49.0,48.0,18746.0,18768.0,-22.0,18885.0,18929.0,-44.0,19077.0,19083.0,-6.0,2.944,2.92,0.02400000000000002,1.0,1.0,0.0,0.8398791540785498,0.9777777777777777,-0.1378986236992279
16,50.0,49.0,19077.0,19083.0,-6.0,19181.0,19230.0,-49.0,19424.0,19383.0,41.0,2.368,2.408,-0.040000000000000036,1.0,1.0,0.0,0.5994236311239194,0.98,-0.3805763688760806
16,51.0,50.0,19424.0,19383.0,41.0,19575.0,19627.0,-52.0,19827.0,19785.0,42.0,3.152,3.176,-0.02400000000000002,1.0,1.0,0.0,0.749379652605459,0.7860696517412935,-0.03668999913583448
16,52.0,51.0,19827.0,19785.0,42.0,19989.0,20041.0,-52.0,20238.0,20196.0,42.0,3.312,3.312,0.0,1.0,1.0,0.0,0.7883211678832117,0.754257907542579,0.03406326034063267
16,53.0,52.0,20238.0,20196.0,42.0,20419.0,20464.0,-45.0,20659.0,20619.0,40.0,3.44,3.384,0.05600000000000005,1.0,1.0,0.0,0.8598574821852731,0.7328605200945626,0.12699696209071054
16,54.0,53.0,20659.0,20619.0,40.0,20825.0,20878.0,-53.0,21106.0,21149.0,-43.0,3.248,3.312,-0.06399999999999961,1.0,1.0,0.0,0.7427293064876958,0.9773584905660377,-0.234629184078342
16,55.0,54.0,21106.0,21149.0,-43.0,21249.0,21299.0,-50.0,21479.0,21498.0,-19.0,3.392,3.368,0.02400000000000002,1.0,1.0,0.0,0.7667560321715818,0.8595988538681949,-0.09284282169661306
16,56.0,55.0,21479.0,21498.0,-19.0,21605.0,21650.0,-45.0,21842.0,21797.0,45.0,2.848,2.808,0.040000000000000036,1.0,1.0,0.0,0.6942148760330579,0.9832775919732442,-0.2890627159401863
16,57.0,56.0,21842.0,21797.0,45.0,22009.0,22063.0,-54.0,22207.0,22216.0,-9.0,3.232,3.304,-0.07199999999999962,1.0,1.0,0.0,0.915068493150685,0.730310262529833,0.18475823062085195
16,58.0,57.0,22207.0,22216.0,-9.0,22313.0,22350.0,-37.0,22537.0,22496.0,41.0,2.432,2.296,0.13600000000000012,1.0,1.0,0.0,0.6424242424242423,0.9571428571428572,-0.31471861471861484
16,59.0,58.0,22537.0,22496.0,41.0,22703.0,22763.0,-60.0,22931.0,22941.0,-10.0,3.12,3.304,-0.18399999999999972,1.0,1.0,0.0,0.8426395939086294,0.8,0.04263959390862937
16,60.0,59.0,22931.0,22941.0,-10.0,23045.0,23091.0,-46.0,23276.0,23248.0,28.0,2.736,2.624,0.1120000000000001,1.0,1.0,0.0,0.6608695652173913,0.9771986970684039,-0.31632913185101263
16,61.0,60.0,23276.0,23248.0,28.0,23447.0,23507.0,-60.0,23724.0,23762.0,-38.0,3.216,3.328,-0.11199999999999966,1.0,1.0,0.0,0.7633928571428572,0.9922178988326849,-0.22882504168982765
16,62.0,61.0,23724.0,23762.0,-38.0,23879.0,23926.0,-47.0,24079.0,24084.0,-5.0,3.456,3.352,0.10400000000000009,1.0,1.0,0.0,0.8732394366197183,0.9813664596273292,-0.1081270230076109
16,63.0,62.0,24079.0,24084.0,-5.0,24185.0,24238.0,-53.0,24467.0,24466.0,1.0,2.448,2.496,-0.04800000000000004,1.0,1.0,0.0,0.5463917525773196,0.806282722513089,-0.2598909699357693
16,66.0,63.0,24902.0,24944.0,-42.0,25065.0,25073.0,-8.0,25193.0,25192.0,1.0,1.456,1.68,-0.22399999999999998,1.0,1.0,0.0,0.8797250859106529,0.9596774193548387,-0.07995233344418584
16,67.0,64.0,25193.0,25192.0,1.0,25259.0,25319.0,-60.0,25594.0,25603.0,-9.0,1.552,1.968,-0.4159999999999999,1.0,1.0,0.0,0.3291770573566085,0.6180048661800487,-0.28882780882344017
16,68.0,65.0,25594.0,25603.0,-9.0,25743.0,25772.0,-29.0,25922.0,25893.0,29.0,3.872,3.624,0.24799999999999978,1.0,1.0,0.0,0.9085365853658537,0.8344827586206897,0.07405382674516403
16,70.0,66.0,26055.0,25893.0,162.0,26185.0,26241.0,-56.0,26466.0,26450.0,16.0,1.184,3.752,-2.5679999999999996,1.0,1.0,0.0,0.6326034063260341,0.7504488330341113,-0.11784542670807718
16,71.0,67.0,26466.0,26450.0,16.0,26595.0,26658.0,-63.0,26842.0,26849.0,-7.0,3.28,3.336,-0.05600000000000005,1.0,1.0,0.0,0.6861702127659575,0.9573934837092732,-0.2712232709433158
16,72.0,68.0,26842.0,26849.0,-7.0,26963.0,26997.0,-34.0,27166.0,27140.0,26.0,2.944,2.712,0.23199999999999976,1.0,1.0,0.0,0.7469135802469136,0.9828178694158075,-0.23590428916889394
16,74.0,70.0,27544.0,27552.0,-8.0,27645.0,27691.0,-46.0,27879.0,27833.0,46.0,2.576,2.416,0.16000000000000014,1.0,1.0,0.0,0.6029850746268657,0.9893238434163701,-0.38633876878950446
16,75.0,71.0,27879.0,27833.0,46.0,28053.0,28104.0,-51.0,28306.0,28256.0,50.0,3.264,3.304,-0.040000000000000036,1.0,1.0,0.0,0.8149882903981265,0.718676122931442,0.09631216746668447
16,76.0,72.0,28306.0,28256.0,50.0,28495.0,28530.0,-35.0,28690.0,28702.0,-12.0,3.536,3.408,0.1280000000000001,1.0,1.0,0.0,0.984375,0.7713004484304933,0.21307455156950672
16,77.0,73.0,28690.0,28702.0,-12.0,28807.0,28859.0,-52.0,29070.0,29124.0,-54.0,2.496,2.632,-0.13600000000000012,1.0,1.0,0.0,0.6157894736842106,0.7440758293838863,-0.12828635569967572
16,78.0,74.0,29070.0,29124.0,-54.0,29225.0,29276.0,-51.0,29487.0,29548.0,-61.0,3.344,3.336,0.008000000000000007,1.0,1.0,0.0,0.7434052757793765,0.7169811320754718,0.02642414370390478
16,79.0,75.0,29487.0,29548.0,-61.0,29645.0,29691.0,-46.0,29864.0,29876.0,-12.0,3.36,3.32,0.040000000000000036,1.0,1.0,0.0,0.8381962864721485,0.8719512195121951,-0.03375493304004662
16,80.0,76.0,29864.0,29876.0,-12.0,29985.0,30030.0,-45.0,30224.0,30177.0,47.0,2.72,2.712,0.008000000000000007,1.0,1.0,0.0,0.6722222222222223,0.9767441860465116,-0.3045219638242893
16,81.0,77.0,30224.0,30177.0,47.0,30391.0,30443.0,-52.0,30649.0,30600.0,49.0,3.248,3.304,-0.055999999999999606,1.0,1.0,0.0,0.7858823529411765,0.7423167848699763,0.043565568071200156
16,82.0,78.0,30649.0,30600.0,49.0,30821.0,30858.0,-37.0,31036.0,30993.0,43.0,3.44,3.32,0.1200000000000001,1.0,1.0,0.0,0.8888888888888888,0.6870229007633588,0.20186598812553003
16,83.0,79.0,31036.0,30993.0,43.0,31205.0,31254.0,-49.0,31456.0,31405.0,51.0,3.072,3.168,-0.09600000000000009,1.0,1.0,0.0,0.8047619047619048,0.7330097087378641,0.0717521960240407
16,84.0,80.0,31456.0,31405.0,51.0,31657.0,31686.0,-29.0,31871.0,31828.0,43.0,3.616,3.456,0.16000000000000014,1.0,1.0,0.0,0.9686746987951808,0.6713947990543736,0.29727989974080715
16,85.0,81.0,31871.0,31828.0,43.0,32039.0,32082.0,-43.0,32331.0,32354.0,-23.0,3.056,3.168,-0.1120000000000001,1.0,1.0,0.0,0.7304347826086957,0.9657794676806084,-0.23534468507191275
16,87.0,83.0,32691.0,32721.0,-30.0,32833.0,32883.0,-50.0,33095.0,33141.0,-46.0,3.088,2.92,0.16800000000000015,1.0,1.0,0.0,0.7029702970297029,0.7714285714285715,-0.06845827439886853
16,88.0,84.0,33095.0,33141.0,-46.0,33247.0,33300.0,-53.0,33560.0,33539.0,21.0,3.312,3.336,-0.02400000000000002,1.0,1.0,0.0,0.6537634408602151,0.7989949748743719,-0.14523153401415678
16,89.0,85.0,33560.0,33539.0,21.0,33661.0,33706.0,-45.0,33886.0,33899.0,-13.0,3.312,3.248,0.06399999999999961,1.0,1.0,0.0,0.6196319018404908,0.9277777777777778,-0.30814587593728704
16,90.0,86.0,33886.0,33899.0,-13.0,34018.0,34062.0,-44.0,34269.0,34222.0,47.0,2.856,2.848,0.008000000000000007,1.0,1.0,0.0,0.6892950391644909,0.9907120743034056,-0.3014170351389147
16,91.0,87.0,34269.0,34222.0,47.0,34429.0,34475.0,-46.0,34675.0,34625.0,50.0,3.288,3.304,-0.016000000000000014,1.0,1.0,0.0,0.7881773399014779,0.7444168734491314,0.043760466452346436
16,92.0,88.0,34675.0,34625.0,50.0,34845.0,34886.0,-41.0,35063.0,35027.0,36.0,3.328,3.288,0.040000000000000036,1.0,1.0,0.0,0.8762886597938144,0.7014925373134329,0.17479612248038157
16,93.0,89.0,35063.0,35027.0,36.0,35197.0,35247.0,-50.0,35447.0,35402.0,45.0,2.816,2.888,-0.07200000000000006,1.0,1.0,0.0,0.6979166666666667,0.8266666666666667,-0.12874999999999992
16,94.0,90.0,35447.0,35402.0,45.0,35641.0,35681.0,-40.0,35844.0,35842.0,2.0,3.552,3.472,0.08000000000000007,1.0,1.0,0.0,0.9773299748110831,0.7318181818181818,0.24551179299290127
16,96.0,92.0,36305.0,36339.0,-34.0,36447.0,36500.0,-53.0,36657.0,36666.0,-9.0,4.0,3.624,0.3759999999999999,1.0,1.0,0.0,0.8068181818181819,0.9847094801223242,-0.1778912983041423
16,97.0,93.0,36657.0,36666.0,-9.0,36763.0,36806.0,-43.0,37009.0,36961.0,48.0,2.528,2.448,0.08000000000000007,1.0,1.0,0.0,0.6022727272727273,0.9491525423728814,-0.3468798151001541
16,98.0,94.0,37009.0,36961.0,48.0,37163.0,37216.0,-53.0,37420.0,37374.0,46.0,3.2,3.28,-0.07999999999999963,1.0,1.0,0.0,0.7493917274939172,0.7651331719128329,-0.015741444418915673
16,99.0,95.0,37420.0,37374.0,46.0,37587.0,37631.0,-44.0,37803.0,37821.0,-18.0,3.392,3.32,0.07200000000000006,1.0,1.0,0.0,0.8720626631853786,0.8501118568232662,0.02195080636211244
16,100.0,96.0,37803.0,37821.0,-18.0,37925.0,37976.0,-51.0,38172.0,38128.0,44.0,2.704,2.76,-0.055999999999999606,1.0,1.0,0.0,0.6612466124661247,0.990228013029316,-0.32898140056319125
16,101.0,97.0,38172.0,38128.0,44.0,38363.0,38400.0,-37.0,38535.0,38541.0,-6.0,3.504,3.392,0.1120000000000001,1.0,1.0,0.0,0.9476584022038568,0.6828087167070218,0.26484968549683496
16,102.0,98.0,38535.0,38541.0,-6.0,38629.0,38677.0,-48.0,38823.0,38831.0,-8.0,2.128,2.216,-0.08800000000000008,1.0,1.0,0.0,0.6527777777777778,0.9379310344827586,-0.2851532567049808
16,103.0,99.0,38823.0,38831.0,-8.0,38931.0,38973.0,-42.0,39166.0,39122.0,44.0,2.416,2.368,0.04800000000000004,1.0,1.0,0.0,0.629737609329446,0.9759450171821306,-0.34620740785268456
16,104.0,100.0,39166.0,39122.0,44.0,39341.0,39390.0,-49.0,39589.0,39552.0,37.0,3.28,3.336,-0.05600000000000005,1.0,1.0,0.0,0.8274231678486997,0.7534883720930232,0.07393479575567652
16,105.0,101.0,39589.0,39552.0,37.0,39777.0,39813.0,-36.0,40013.0,39977.0,36.0,3.488,3.384,0.10400000000000009,1.0,1.0,0.0,0.8867924528301887,0.7717647058823529,0.1150277469478358
16,106.0,102.0,40013.0,39977.0,36.0,40167.0,40221.0,-54.0,40420.0,40386.0,34.0,3.12,3.264,-0.14399999999999968,1.0,1.0,0.0,0.7567567567567568,0.8068459657701712,-0.050089209013414404
16,107.0,103.0,40420.0,40386.0,34.0,40583.0,40639.0,-56.0,40851.0,40903.0,-52.0,3.328,3.344,-0.016000000000000014,1.0,1.0,0.0,0.7563805104408352,0.9787234042553191,-0.2223428938144839
16,108.0,104.0,40851.0,40903.0,-52.0,41011.0,41059.0,-48.0,41217.0,41229.0,-12.0,3.424,3.36,0.06400000000000006,1.0,1.0,0.0,0.8743169398907104,0.9570552147239264,-0.08273827483321605
16,109.0,105.0,41217.0,41229.0,-12.0,41331.0,41372.0,-41.0,41566.0,41524.0,42.0,2.56,2.504,0.05600000000000005,1.0,1.0,0.0,0.6532951289398281,0.9694915254237289,-0.31619639648390074
16,110.0,106.0,41566.0,41524.0,42.0,41735.0,41790.0,-55.0,41989.0,41949.0,40.0,3.232,3.344,-0.11199999999999966,1.0,1.0,0.0,0.7990543735224587,0.7482352941176471,0.05081907940481156
16,111.0,107.0,41989.0,41949.0,40.0,42147.0,42197.0,-50.0,42393.0,42356.0,37.0,3.296,3.256,0.040000000000000036,1.0,1.0,0.0,0.7821782178217822,0.7813267813267813,0.0008514364950008568
16,112.0,108.0,42393.0,42356.0,37.0,42563.0,42612.0,-49.0,42813.0,42774.0,39.0,3.328,3.32,0.008000000000000007,1.0,1.0,0.0,0.8095238095238095,0.7751196172248804,0.034404192298929104
16,113.0,109.0,42813.0,42774.0,39.0,42983.0,43033.0,-50.0,43196.0,43207.0,-11.0,3.36,3.368,-0.008000000000000007,1.0,1.0,0.0,0.8877284595300261,0.8036951501154734,0.08403330941455267
16,114.0,110.0,43196.0,43207.0,-11.0,43305.0,43358.0,-53.0,43557.0,43516.0,41.0,2.576,2.6,-0.02400000000000002,1.0,1.0,0.0,0.6038781163434903,0.9773462783171522,-0.37346816197366184
16,115.0,111.0,43557.0,43516.0,41.0,43753.0,43786.0,-33.0,43913.0,43924.0,-11.0,3.584,3.424,0.16000000000000014,1.0,1.0,0.0,0.898876404494382,0.6764705882352942,0.22240581625908784
16,116.0,112.0,43913.0,43924.0,-11.0,44013.0,44064.0,-51.0,44260.0,44221.0,39.0,2.08,2.224,-0.14400000000000013,1.0,1.0,0.0,0.5763688760806917,0.9427609427609428,-0.36639206668025115
16,117.0,113.0,44260.0,44221.0,39.0,44441.0,44482.0,-41.0,44637.0,44651.0,-14.0,3.424,3.344,0.08000000000000007,1.0,1.0,0.0,0.960212201591512,0.786046511627907,0.17416568996360504
16,118.0,114.0,44637.0,44651.0,-14.0,44743.0,44794.0,-51.0,44993.0,44949.0,44.0,2.416,2.496,-0.08000000000000007,1.0,1.0,0.0,0.5955056179775281,0.9597315436241611,-0.36422592564663303
16,119.0,115.0,44993.0,44949.0,44.0,45159.0,45203.0,-44.0,45353.0,45357.0,-4.0,3.328,3.272,0.05600000000000005,1.0,1.0,0.0,0.9222222222222223,0.7549019607843137,0.16732026143790857
16,120.0,116.0,45353.0,45357.0,-4.0,45467.0,45519.0,-52.0,45731.0,45776.0,-45.0,2.464,2.528,-0.06400000000000006,1.0,1.0,0.0,0.6031746031746033,0.7732696897374702,-0.17009508656286698
16,121.0,117.0,45731.0,45776.0,-45.0,45887.0,45936.0,-49.0,46092.0,46110.0,-18.0,3.36,3.336,0.02400000000000002,1.0,1.0,0.0,0.8642659279778393,0.9580838323353293,-0.09381790435749005
16,122.0,118.0,46092.0,46110.0,-18.0,46199.0,46248.0,-49.0,46444.0,46406.0,38.0,2.496,2.496,0.0,1.0,1.0,0.0,0.6079545454545454,0.9324324324324325,-0.32447788697788704
16,123.0,119.0,46444.0,46406.0,38.0,46613.0,46666.0,-53.0,46807.0,46816.0,-9.0,3.312,3.344,-0.03200000000000003,1.0,1.0,0.0,0.931129476584022,0.7317073170731707,0.1994221595108513
16,124.0,120.0,46807.0,46816.0,-9.0,46913.0,46951.0,-38.0,47144.0,47103.0,41.0,2.4,2.28,0.1200000000000001,1.0,1.0,0.0,0.629080118694362,0.9407665505226481,-0.31168643182828615
16,125.0,121.0,47144.0,47103.0,41.0,47315.0,47366.0,-51.0,47582.0,47623.0,-41.0,3.216,3.32,-0.10399999999999965,1.0,1.0,0.0,0.7808219178082192,0.9884615384615385,-0.2076396206533193
16,126.0,122.0,47582.0,47623.0,-41.0,47738.0,47785.0,-47.0,47935.0,47946.0,-11.0,3.384,3.352,0.03200000000000003,1.0,1.0,0.0,0.8838526912181304,0.9969040247678018,-0.11305133354967145
16,127.0,123.0,47935.0,47946.0,-11.0,48037.0,48082.0,-45.0,48284.0,48235.0,49.0,2.392,2.376,0.016000000000000014,1.0,1.0,0.0,0.5845272206303724,0.9411764705882353,-0.35664924995786285
16,128.0,124.0,48284.0,48235.0,49.0,48443.0,48495.0,-52.0,48707.0,48754.0,-47.0,3.248,3.304,-0.055999999999999606,1.0,1.0,0.0,0.75177304964539,0.9980732177263969,-0.24630016808100685
16,129.0,125.0,48707.0,48754.0,-47.0,48869.0,48914.0,-45.0,49124.0,49076.0,48.0,3.408,3.352,0.05600000000000005,1.0,1.0,0.0,0.7769784172661871,0.9937888198757764,-0.21681040260958928
16,130.0,126.0,49124.0,49076.0,48.0,49291.0,49330.0,-39.0,49510.0,49476.0,34.0,3.376,3.328,0.04800000000000004,1.0,1.0,0.0,0.8652849740932642,0.73,0.13528497409326423
16,131.0,127.0,49510.0,49476.0,34.0,49637.0,49693.0,-56.0,49894.0,49851.0,43.0,2.768,2.904,-0.13600000000000012,1.0,1.0,0.0,0.6614583333333333,0.8426666666666667,-0.18120833333333342
16,132.0,128.0,49894.0,49851.0,43.0,50061.0,50113.0,-52.0,50315.0,50283.0,32.0,3.392,3.36,0.03200000000000003,1.0,1.0,0.0,0.7933491686460807,0.787037037037037,0.0063121316090437585
16,133.0,129.0,50315.0,50283.0,32.0,50485.0,50532.0,-47.0,50729.0,50693.0,36.0,3.392,3.352,0.040000000000000036,1.0,1.0,0.0,0.821256038647343,0.7853658536585366,0.03589018498880636
16,134.0,130.0,50729.0,50693.0,36.0,50897.0,50948.0,-51.0,51148.0,51111.0,37.0,3.296,3.328,-0.03200000000000003,1.0,1.0,0.0,0.801909307875895,0.7799043062200957,0.022005001655799328
16,135.0,131.0,51148.0,51111.0,37.0,51319.0,51360.0,-41.0,51547.0,51505.0,42.0,3.376,3.296,0.08000000000000007,1.0,1.0,0.0,0.8571428571428572,0.7360406091370558,0.12110224800580138
16,136.0,132.0,51547.0,51505.0,42.0,51699.0,51751.0,-52.0,51955.0,51910.0,45.0,3.04,3.128,-0.08800000000000008,1.0,1.0,0.0,0.7450980392156863,0.7851851851851852,-0.040087145969498916
16,137.0,133.0,51955.0,51910.0,45.0,52121.0,52171.0,-50.0,52324.0,52338.0,-14.0,3.376,3.36,0.016000000000000014,1.0,1.0,0.0,0.8997289972899729,0.780373831775701,0.11935516551427194
16,138.0,134.0,52324.0,52338.0,-14.0,52437.0,52485.0,-48.0,52688.0,52640.0,48.0,2.528,2.512,0.016000000000000014,1.0,1.0,0.0,0.6208791208791209,0.9735099337748344,-0.3526308128957135
16,139.0,135.0,52688.0,52640.0,48.0,52829.0,52879.0,-50.0,53073.0,53037.0,36.0,3.136,3.152,-0.016000000000000014,1.0,1.0,0.0,0.7324675324675325,0.7959697732997482,-0.06350224083221567
16,140.0,136.0,53073.0,53037.0,36.0,53247.0,53292.0,-45.0,53487.0,53439.0,48.0,3.344,3.304,0.040000000000000036,1.0,1.0,0.0,0.8405797101449275,0.7313432835820896,0.10923642656283794
16,141.0,137.0,53487.0,53439.0,48.0,53663.0,53713.0,-50.0,53904.0,53868.0,36.0,3.328,3.368,-0.040000000000000036,1.0,1.0,0.0,0.8441247002398081,0.7226107226107226,0.12151397762908556
16,142.0,138.0,53904.0,53868.0,36.0,54053.0,54104.0,-51.0,54306.0,54259.0,47.0,3.12,3.128,-0.008000000000000007,1.0,1.0,0.0,0.7412935323383085,0.7928388746803069,-0.05154534234199837
16,143.0,139.0,54306.0,54259.0,47.0,54475.0,54517.0,-42.0,54696.0,54658.0,38.0,3.376,3.304,0.07200000000000006,1.0,1.0,0.0,0.8666666666666667,0.7067669172932332,0.15989974937343354
16,144.0,140.0,54696.0,54658.0,38.0,54831.0,54885.0,-54.0,55085.0,55041.0,44.0,2.848,2.944,-0.09600000000000009,1.0,1.0,0.0,0.6940874035989717,0.814621409921671,-0.12053400632269928
16,145.0,141.0,55085.0,55041.0,44.0,55277.0,55314.0,-37.0,55537.0,55582.0,-45.0,3.568,3.432,0.13600000000000012,1.0,1.0,0.0,0.8495575221238938,0.9907578558225508,-0.14120033369865703
16,146.0,142.0,55537.0,55582.0,-45.0,55685.0,55728.0,-43.0,55892.0,55910.0,-18.0,3.264,3.312,-0.04800000000000004,1.0,1.0,0.0,0.8338028169014085,0.8902439024390244,-0.056441085537615954
16,147.0,143.0,55892.0,55910.0,-18.0,56007.0,56053.0,-46.0,56255.0,56211.0,44.0,2.576,2.6,-0.02400000000000002,1.0,1.0,0.0,0.6336088154269972,0.9501661129568106,-0.31655729752981343
16,148.0,144.0,56255.0,56211.0,44.0,56419.0,56468.0,-49.0,56670.0,56625.0,45.0,3.296,3.32,-0.02400000000000002,1.0,1.0,0.0,0.7903614457831325,0.7584541062801933,0.031907339502939225
16,149.0,145.0,56670.0,56625.0,45.0,56845.0,56889.0,-44.0,57031.0,57045.0,-14.0,3.408,3.368,0.040000000000000036,1.0,1.0,0.0,0.9695290858725761,0.7428571428571429,0.22667194301543325
16,150.0,146.0,57031.0,57045.0,-14.0,57137.0,57187.0,-50.0,57386.0,57347.0,39.0,2.336,2.384,-0.04800000000000004,1.0,1.0,0.0,0.5971830985915493,0.9403973509933775,-0.34321425240182823
16,151.0,147.0,57386.0,57347.0,39.0,57565.0,57607.0,-42.0,57762.0,57774.0,-12.0,3.424,3.36,0.06400000000000006,1.0,1.0,0.0,0.9521276595744681,0.7822014051522248,0.1699262544222433
16,152.0,148.0,57762.0,57774.0,-12.0,57869.0,57919.0,-50.0,58061.0,58066.0,-5.0,2.432,2.496,-0.06400000000000006,1.0,1.0,0.0,0.7157190635451505,0.9931506849315068,-0.27743162138635635
16,153.0,149.0,58061.0,58066.0,-5.0,58157.0,58200.0,-43.0,58401.0,58352.0,49.0,2.304,2.248,0.055999999999999606,1.0,1.0,0.0,0.5647058823529412,0.9370629370629371,-0.3723570547099959
16,154.0,150.0,58401.0,58352.0,49.0,58565.0,58614.0,-49.0,58763.0,58769.0,-6.0,3.264,3.312,-0.04800000000000004,1.0,1.0,0.0,0.9060773480662984,0.7434052757793765,0.16267207228692182
16,155.0,151.0,58763.0,58769.0,-6.0,58873.0,58914.0,-41.0,59110.0,59070.0,40.0,2.464,2.4,0.06400000000000006,1.0,1.0,0.0,0.6340057636887608,0.9634551495016611,-0.3294493858129003
16,156.0,152.0,59110.0,59070.0,40.0,59275.0,59325.0,-50.0,59523.0,59481.0,42.0,3.216,3.288,-0.07199999999999962,1.0,1.0,0.0,0.7990314769975787,0.7591240875912408,0.03990738940633787
17,1.0,1.0,248.0,235.0,13.0,347.0,373.0,-26.0,456.0,486.0,-30.0,,,,0.3304,0.3304,0.0,0.9519230769230769,0.900398406374502,0.0515246705485749
17,7.0,7.0,2499.0,2536.0,-37.0,2635.0,2691.0,-56.0,2940.0,2985.0,-45.0,3.6,3.504,0.09600000000000009,1.0,1.0,0.0,0.6167800453514739,0.6904231625835189,-0.07364311723204497
17,8.0,8.0,2940.0,2985.0,-45.0,3083.0,3146.0,-63.0,3361.0,3374.0,-13.0,3.584,3.64,-0.05600000000000005,1.0,1.0,0.0,0.6793349168646081,0.8277634961439588,-0.14842857927935071
17,9.0,9.0,3361.0,3374.0,-13.0,3479.0,3536.0,-57.0,3721.0,3748.0,-27.0,3.168,3.12,0.04800000000000004,1.0,1.0,0.0,0.6555555555555556,0.8663101604278075,-0.21075460487225195
17,13.0,13.0,4910.0,4950.0,-40.0,5049.0,5108.0,-59.0,5348.0,5389.0,-41.0,3.584,3.536,0.04800000000000004,1.0,1.0,0.0,0.634703196347032,0.7198177676537585,-0.0851145713067265
17,14.0,14.0,5348.0,5389.0,-41.0,5489.0,5550.0,-61.0,5775.0,5787.0,-12.0,3.52,3.536,-0.016000000000000014,1.0,1.0,0.0,0.6604215456674474,0.8090452261306533,-0.14862368046320595
17,15.0,15.0,5775.0,5787.0,-12.0,5899.0,5952.0,-53.0,6170.0,6197.0,-27.0,3.28,3.216,0.06399999999999961,1.0,1.0,0.0,0.6278481012658228,0.8048780487804879,-0.17702994751466505
17,16.0,16.0,6170.0,6197.0,-27.0,6303.0,6358.0,-55.0,6608.0,6651.0,-43.0,3.232,3.248,-0.016000000000000014,1.0,1.0,0.0,0.6073059360730594,0.7092511013215859,-0.10194516524852648
17,17.0,17.0,6608.0,6651.0,-43.0,6757.0,6810.0,-53.0,7076.0,7114.0,-38.0,3.632,3.616,0.016000000000000014,1.0,1.0,0.0,0.6367521367521367,0.6868250539956804,-0.05007291724354368
17,20.0,20.0,7840.0,7865.0,-25.0,7943.0,8005.0,-62.0,8184.0,8199.0,-15.0,2.72,2.656,0.06400000000000006,1.0,1.0,0.0,0.5988372093023255,0.8383233532934131,-0.23948614399108759
17,21.0,21.0,8184.0,8199.0,-15.0,8295.0,8358.0,-63.0,8571.0,8593.0,-22.0,2.816,2.824,-0.008000000000000007,1.0,1.0,0.0,0.5736434108527132,0.8071065989847716,-0.23346318813205835
17,22.0,22.0,8571.0,8593.0,-22.0,8699.0,8758.0,-59.0,9072.0,9117.0,-45.0,3.232,3.2,0.03200000000000003,1.0,1.0,0.0,0.5109780439121756,0.6297709923664122,-0.1187929484542366
17,23.0,23.0,9072.0,9117.0,-45.0,9223.0,9285.0,-62.0,9592.0,9640.0,-48.0,4.192,4.216,-0.02400000000000002,1.0,1.0,0.0,0.5807692307692307,0.6424474187380498,-0.061678187968819076
17,24.0,24.0,9592.0,9640.0,-48.0,9751.0,9804.0,-53.0,10104.0,10182.0,-78.0,4.224,4.152,0.07200000000000006,1.0,1.0,0.0,0.62109375,0.6051660516605166,0.015927698339483376
17,25.0,25.0,10104.0,10182.0,-78.0,10293.0,10322.0,-29.0,10444.0,10536.0,-92.0,4.336,4.144,0.19200000000000017,1.0,1.0,0.0,0.888235294117647,0.7909604519774012,0.09727484214024584
17,28.0,27.0,10801.0,10758.0,43.0,10817.0,10863.0,-46.0,11095.0,11125.0,-30.0,1.92,1.752,0.16799999999999993,1.0,1.0,0.0,0.108843537414966,0.5722070844686649,-0.46336354705369887
17,29.0,28.0,11095.0,11125.0,-30.0,11199.0,11247.0,-48.0,11460.0,11498.0,-38.0,3.056,3.072,-0.016000000000000014,1.0,1.0,0.0,0.5698630136986301,0.6541554959785523,-0.08429248227992214
17,30.0,29.0,11460.0,11498.0,-38.0,11585.0,11648.0,-63.0,11906.0,11947.0,-41.0,3.088,3.208,-0.1200000000000001,1.0,1.0,0.0,0.5605381165919283,0.6681514476614699,-0.10761333106954163
17,31.0,30.0,11906.0,11947.0,-41.0,12039.0,12095.0,-56.0,12406.0,12445.0,-39.0,3.632,3.576,0.05600000000000005,1.0,1.0,0.0,0.532,0.5943775100401607,-0.06237751004016068
17,38.0,37.0,15009.0,15027.0,-18.0,15111.0,15170.0,-59.0,15393.0,15410.0,-17.0,2.64,2.592,0.04800000000000004,1.0,1.0,0.0,0.53125,0.7467362924281984,-0.2154862924281984
17,42.0,41.0,16654.0,16671.0,-17.0,16777.0,16836.0,-59.0,17090.0,17131.0,-41.0,3.2,3.104,0.09600000000000009,1.0,1.0,0.0,0.5642201834862386,0.7173913043478262,-0.15317112086158757
17,45.0,44.0,17857.0,17883.0,-26.0,17991.0,18052.0,-61.0,18253.0,18270.0,-17.0,3.424,3.392,0.03200000000000003,1.0,1.0,0.0,0.6767676767676767,0.8733850129198967,-0.19661733615222
17,52.0,51.0,20650.0,20673.0,-23.0,20785.0,20842.0,-57.0,21031.0,21053.0,-22.0,3.536,3.472,0.06400000000000006,1.0,1.0,0.0,0.7086614173228347,0.8894736842105263,-0.1808122668876916
17,58.0,57.0,23169.0,23123.0,46.0,23423.0,23473.0,-50.0,23702.0,23732.0,-30.0,4.784,4.624,0.16000000000000014,1.0,1.0,0.0,0.9530956848030019,0.8505747126436781,0.10252097215932376
17,60.0,59.0,24125.0,24138.0,-13.0,24239.0,24298.0,-59.0,24563.0,24596.0,-33.0,3.232,3.168,0.06400000000000006,1.0,1.0,0.0,0.5205479452054795,0.6986899563318778,-0.17814201112639827
17,61.0,60.0,24563.0,24596.0,-33.0,24689.0,24752.0,-63.0,25068.0,24909.0,159.0,3.6,3.632,-0.03200000000000003,1.0,1.0,0.0,0.499009900990099,0.9968051118210862,-0.4977952108309872
17,62.0,61.0,25068.0,24909.0,159.0,25227.0,25222.0,5.0,25257.0,25296.0,-39.0,4.304,3.76,0.5440000000000005,0.096774,0.096774,0.0,0.31746031746031744,0.38242894056847543,-0.06496862310815799
17,64.0,63.0,25778.0,25822.0,-44.0,25925.0,25984.0,-59.0,26282.0,26333.0,-51.0,4.32,4.24,0.08000000000000007,1.0,1.0,0.0,0.5833333333333333,0.6340508806262231,-0.0507175472928898
17,65.0,64.0,26282.0,26333.0,-51.0,26455.0,26506.0,-51.0,26754.0,26803.0,-49.0,4.24,4.176,0.06400000000000006,1.0,1.0,0.0,0.7330508474576272,0.7361702127659575,-0.0031193653083303463
17,66.0,65.0,26754.0,26803.0,-49.0,26915.0,26971.0,-56.0,27205.0,27225.0,-20.0,3.68,3.72,-0.040000000000000036,1.0,1.0,0.0,0.7139689578713969,0.7962085308056872,-0.0822395729342903
17,70.0,69.0,28468.0,28494.0,-26.0,28599.0,28655.0,-56.0,28910.0,28954.0,-44.0,3.52,3.448,0.07200000000000006,1.0,1.0,0.0,0.5927601809954751,0.7,-0.10723981900452484
17,76.0,75.0,30970.0,31001.0,-31.0,31113.0,31171.0,-58.0,31450.0,31499.0,-49.0,3.792,3.672,0.11999999999999966,1.0,1.0,0.0,0.5958333333333333,0.6827309236947792,-0.08689759036144584
17,77.0,76.0,31450.0,31499.0,-49.0,31599.0,31656.0,-57.0,31944.0,31986.0,-42.0,3.888,3.88,0.008000000000000007,1.0,1.0,0.0,0.6032388663967612,0.6447638603696099,-0.0415249939728487
17,78.0,77.0,31944.0,31986.0,-42.0,32091.0,32152.0,-61.0,32382.0,32406.0,-24.0,3.936,3.968,-0.03200000000000003,1.0,1.0,0.0,0.6712328767123288,0.7904761904761904,-0.11924331376386166
17,80.0,79.0,32839.0,32878.0,-39.0,33004.0,33057.0,-53.0,33270.0,33288.0,-18.0,3.928,3.824,0.10400000000000009,1.0,1.0,0.0,0.765661252900232,0.8731707317073171,-0.10750947880708506
17,81.0,80.0,33270.0,33288.0,-18.0,33387.0,33449.0,-62.0,33722.0,33760.0,-38.0,3.064,3.136,-0.07200000000000006,1.0,1.0,0.0,0.5176991150442478,0.6822033898305084,-0.16450427478626062
17,82.0,81.0,33722.0,33760.0,-38.0,33863.0,33916.0,-53.0,34077.0,34105.0,-28.0,3.808,3.736,0.07199999999999962,1.0,1.0,0.0,0.7943661971830986,0.9043478260869565,-0.10998162890385788
17,86.0,85.0,35323.0,35378.0,-55.0,35491.0,35532.0,-41.0,35766.0,35803.0,-37.0,4.144,3.92,0.2240000000000002,1.0,1.0,0.0,0.7584650112866818,0.7247058823529412,0.033759128933740556
17,87.0,86.0,35766.0,35803.0,-37.0,35893.0,35949.0,-56.0,36276.0,36318.0,-42.0,3.216,3.336,-0.11999999999999966,1.0,1.0,0.0,0.4980392156862745,0.5669902912621358,-0.06895107557586133
17,91.0,90.0,37766.0,37826.0,-60.0,37931.0,37994.0,-63.0,38177.0,38199.0,-22.0,4.352,4.312,0.040000000000000036,1.0,1.0,0.0,0.8029197080291971,0.900804289544236,-0.09788458151503887
17,99.0,98.0,41552.0,41596.0,-44.0,41697.0,41760.0,-63.0,42065.0,42102.0,-37.0,4.528,4.472,0.05599999999999916,1.0,1.0,0.0,0.5653021442495128,0.6482213438735178,-0.08291919962400507
17,101.0,100.0,42578.0,42624.0,-46.0,42723.0,42781.0,-58.0,43017.0,43047.0,-30.0,4.208,4.12,0.08800000000000008,1.0,1.0,0.0,0.6605922551252847,0.7423167848699763,-0.08172452974469158
17,102.0,101.0,43017.0,43047.0,-30.0,43147.0,43208.0,-61.0,43494.0,43528.0,-34.0,3.392,3.416,-0.02400000000000002,1.0,1.0,0.0,0.5450733752620545,0.6694386694386694,-0.1243652941766149
17,109.0,107.0,46004.0,46042.0,-38.0,46141.0,46203.0,-62.0,46392.0,46410.0,-18.0,1.456,4.64,-3.1839999999999997,1.0,1.0,0.0,0.7061855670103092,0.875,-0.1688144329896908
17,110.0,108.0,46392.0,46410.0,-18.0,46507.0,46564.0,-57.0,46782.0,46809.0,-27.0,2.928,2.888,0.040000000000000036,1.0,1.0,0.0,0.5897435897435898,0.7719298245614035,-0.1821862348178137
17,114.0,112.0,48137.0,48176.0,-39.0,48301.0,48352.0,-51.0,48503.0,48519.0,-16.0,3.92,3.76,0.16000000000000014,1.0,1.0,0.0,0.8961748633879781,0.9737609329446064,-0.07758606955662828
17,115.0,113.0,48503.0,48519.0,-16.0,48595.0,48631.0,-36.0,48876.0,48916.0,-40.0,2.352,2.232,0.11999999999999966,1.0,1.0,0.0,0.4932975871313673,0.5642317380352645,-0.07093415090389721
17,117.0,115.0,49243.0,49224.0,19.0,49295.0,49345.0,-50.0,49549.0,49574.0,-25.0,2.304,2.12,0.18399999999999972,1.0,1.0,0.0,0.33986928104575165,0.6914285714285715,-0.35155929038281986
17,123.0,121.0,51788.0,51838.0,-50.0,51983.0,52029.0,-46.0,52287.0,52376.0,-89.0,4.592,4.408,0.18399999999999928,1.0,1.0,0.0,0.781563126252505,0.7100371747211895,0.07152595153131547
17,124.0,122.0,52287.0,52376.0,-89.0,52483.0,52545.0,-62.0,52840.0,52878.0,-38.0,4.0,4.128,-0.1280000000000001,1.0,1.0,0.0,0.7088607594936709,0.6733067729083666,0.03555398658530429
17,130.0,128.0,55223.0,55263.0,-40.0,55369.0,55425.0,-56.0,55650.0,55675.0,-25.0,4.0,3.92,0.08000000000000007,1.0,1.0,0.0,0.6838407494145199,0.7864077669902912,-0.10256701757577136
17,131.0,129.0,55650.0,55675.0,-25.0,55791.0,55846.0,-55.0,56160.0,56205.0,-45.0,3.376,3.368,0.008000000000000007,1.0,1.0,0.0,0.5529411764705883,0.6452830188679246,-0.09234184239733634
17,133.0,131.0,56611.0,56649.0,-38.0,56759.0,56822.0,-63.0,57118.0,57146.0,-28.0,3.632,3.56,0.07200000000000006,1.0,1.0,0.0,0.5838264299802761,0.6961770623742455,-0.11235063239396936
17,136.0,134.0,58087.0,58070.0,17.0,58175.0,58178.0,-3.0,58310.0,58341.0,-31.0,3.296,2.784,0.512,0.36755,0.36755,0.0,0.789237668161435,0.7970479704797048,-0.007810302318269735
17,138.0,136.0,58724.0,58733.0,-9.0,58853.0,58916.0,-63.0,59129.0,59147.0,-18.0,3.312,3.208,0.10399999999999965,1.0,1.0,0.0,0.6370370370370371,0.8840579710144928,-0.24702093397745573
17,139.0,137.0,59129.0,59147.0,-18.0,59251.0,59306.0,-55.0,59457.0,59473.0,-16.0,3.184,3.12,0.06400000000000006,1.0,1.0,0.0,0.7439024390243902,0.9754601226993865,-0.2315576836749963
18,1.0,1.0,296.0,336.0,-40.0,501.0,493.0,8.0,706.0,653.0,53.0,,3.336,,0.62103,0.62103,0.0,1.0,0.9905362776025236,0.009463722397476393
18,2.0,2.0,706.0,653.0,53.0,919.0,912.0,7.0,1133.0,1171.0,-38.0,3.344,3.352,-0.008000000000000007,0.68215,0.68215,0.0,0.9976580796252927,1.0,-0.0023419203747072626
18,3.0,3.0,1133.0,1171.0,-38.0,1332.0,1328.0,4.0,1549.0,1589.0,-40.0,3.304,3.328,-0.02400000000000002,0.64059,0.64059,0.0,0.9567307692307693,0.7511961722488039,0.2055345969819654
18,4.0,4.0,1549.0,1589.0,-40.0,1750.0,1744.0,6.0,1963.0,2002.0,-39.0,3.344,3.328,0.016000000000000014,0.6136900000000001,0.6136900000000001,0.0,0.9710144927536232,0.7506053268765134,0.2204091658771098
18,5.0,5.0,1963.0,2002.0,-39.0,2170.0,2160.0,10.0,2378.0,2418.0,-40.0,3.36,3.328,0.03200000000000003,0.61858,0.61858,0.0,0.9975903614457832,0.7596153846153846,0.2379749768303986
18,6.0,6.0,2378.0,2418.0,-40.0,2584.0,2579.0,5.0,2798.0,2840.0,-42.0,3.312,3.352,-0.040000000000000036,0.6332500000000001,0.61858,0.014670000000000072,0.9809523809523809,0.7630331753554502,0.21791920559693068
18,7.0,7.0,2798.0,2840.0,-42.0,3000.0,2994.0,6.0,3211.0,3254.0,-43.0,3.328,3.32,0.008000000000000007,0.6136900000000001,0.6136900000000001,0.0,0.9782082324455206,0.7439613526570048,0.23424687978851577
18,8.0,8.0,3211.0,3254.0,-43.0,3419.0,3410.0,9.0,3629.0,3667.0,-38.0,3.352,3.328,0.02400000000000002,0.60636,0.60636,0.0,0.9952153110047847,0.7554479418886199,0.2397673691161648
18,9.0,9.0,3629.0,3667.0,-38.0,3832.0,3828.0,4.0,4047.0,4088.0,-41.0,3.304,3.344,-0.040000000000000036,0.6161300000000001,0.6161300000000001,0.0,0.9712918660287081,0.7648456057007126,0.2064462603279955
18,10.0,10.0,4047.0,4088.0,-41.0,4248.0,4244.0,4.0,4465.0,4504.0,-39.0,3.328,3.328,0.0,0.61614,0.61614,0.0,0.9617224880382775,0.75,0.21172248803827753
18,11.0,11.0,4465.0,4504.0,-39.0,4666.0,4660.0,6.0,4878.0,4921.0,-43.0,3.344,3.328,0.016000000000000014,0.60636,0.60636,0.0,0.973365617433414,0.7482014388489209,0.2251641785844931
18,12.0,12.0,4878.0,4921.0,-43.0,5084.0,5078.0,6.0,5295.0,5337.0,-42.0,3.344,3.344,0.0,0.62102,0.62102,0.0,0.988009592326139,0.7548076923076923,0.23320190001844676
18,13.0,13.0,5295.0,5337.0,-42.0,5501.0,5495.0,6.0,5710.0,5749.0,-39.0,3.336,3.336,0.0,0.62836,0.62836,0.0,0.9927710843373494,0.7669902912621359,0.22578079307521348
18,14.0,14.0,5710.0,5749.0,-39.0,5921.0,5915.0,6.0,6133.0,6169.0,-36.0,3.36,3.36,0.0,0.66015,0.66015,0.0,0.9976359338061466,0.7904761904761904,0.20715974332995613
18,15.0,15.0,6133.0,6169.0,-36.0,6332.0,6328.0,4.0,6544.0,6586.0,-42.0,3.288,3.304,-0.016000000000000014,0.62591,0.62591,0.0,0.9683698296836983,0.762589928057554,0.20577990162614435
18,16.0,16.0,6544.0,6586.0,-42.0,6751.0,6745.0,6.0,6970.0,7048.0,-78.0,3.352,3.336,0.016000000000000014,0.59658,0.6894899999999999,-0.09290999999999994,0.971830985915493,0.6883116883116883,0.2835192976038047
18,18.0,17.0,6992.0,7048.0,-56.0,7171.0,7180.0,-9.0,7380.0,7414.0,-34.0,1.496,3.48,-1.984,0.7750600000000001,0.7750600000000001,0.0,0.9226804123711341,0.7213114754098361,0.20136893696129798
18,19.0,18.0,7380.0,7414.0,-34.0,7582.0,7576.0,6.0,7795.0,7834.0,-39.0,3.288,3.168,0.11999999999999966,0.64058,0.64058,0.0,0.9734939759036144,0.7714285714285715,0.20206540447504295
18,20.0,19.0,7795.0,7834.0,-39.0,7998.0,7992.0,6.0,8211.0,8253.0,-42.0,3.328,3.328,0.0,0.5868,0.5868,0.0,0.9759615384615384,0.7541766109785203,0.22178492748301815
18,21.0,20.0,8211.0,8253.0,-42.0,8415.0,8411.0,4.0,8627.0,8671.0,-44.0,3.336,3.352,-0.016000000000000014,0.56723,0.56723,0.0,0.9807692307692307,0.7559808612440191,0.22478836952521164
18,22.0,21.0,8627.0,8671.0,-44.0,8836.0,8827.0,9.0,9039.0,9084.0,-45.0,3.368,3.328,0.040000000000000036,0.54523,0.54523,0.0,0.9854368932038835,0.7554479418886199,0.22998895131526365
18,23.0,22.0,9039.0,9084.0,-45.0,9251.0,9245.0,6.0,9458.0,9501.0,-43.0,3.32,3.344,-0.02400000000000002,0.57946,0.57946,0.0,0.9880668257756563,0.7721822541966427,0.21588457157901364
18,24.0,23.0,9458.0,9501.0,-43.0,9668.0,9662.0,6.0,9876.0,9918.0,-42.0,3.336,3.336,0.0,0.6088,0.6088,0.0,0.9952153110047847,0.7721822541966427,0.223033056808142
18,25.0,24.0,9876.0,9918.0,-42.0,10086.0,10079.0,7.0,10295.0,10343.0,-48.0,3.344,3.336,0.008000000000000007,0.57702,0.57213,0.00488999999999995,0.9976133651551312,0.7576470588235295,0.23996630633160176
18,26.0,25.0,10295.0,10343.0,-48.0,10500.0,10496.0,4.0,10712.0,10754.0,-42.0,3.312,3.336,-0.02400000000000002,0.58924,0.58924,0.0,0.9832134292565947,0.7445255474452555,0.23868788181133926
18,27.0,26.0,10712.0,10754.0,-42.0,10918.0,10915.0,3.0,11129.0,11171.0,-42.0,3.344,3.352,-0.008000000000000007,0.6112500000000001,0.6112500000000001,0.0,0.988009592326139,0.7721822541966427,0.2158273381294964
18,28.0,27.0,11129.0,11171.0,-42.0,11338.0,11330.0,8.0,11546.0,11586.0,-40.0,3.36,3.32,0.040000000000000036,0.60636,0.60636,0.0,0.9976019184652278,0.7662650602409639,0.23133685822426397
18,29.0,28.0,11546.0,11586.0,-40.0,11753.0,11747.0,6.0,11960.0,12004.0,-44.0,3.32,3.336,-0.016000000000000014,0.59657,0.59657,0.0,1.0,0.7703349282296651,0.2296650717703349
18,30.0,29.0,11960.0,12004.0,-44.0,12174.0,12163.0,11.0,12378.0,12422.0,-44.0,3.368,3.328,0.040000000000000036,0.57946,0.57702,0.0024399999999999977,0.9760765550239234,0.7607655502392344,0.215311004784689
18,31.0,30.0,12378.0,12422.0,-44.0,12588.0,12580.0,8.0,12794.0,12838.0,-44.0,3.312,3.336,-0.02400000000000002,0.59413,0.59413,0.0,0.9903846153846154,0.7596153846153846,0.23076923076923084
18,32.0,31.0,12794.0,12838.0,-44.0,13004.0,12997.0,7.0,13211.0,13251.0,-40.0,3.328,3.336,-0.008000000000000007,0.59413,0.59413,0.0,0.9928057553956835,0.7699757869249395,0.222829968470744
18,33.0,32.0,13211.0,13251.0,-40.0,13421.0,13416.0,5.0,13634.0,13669.0,-35.0,3.336,3.352,-0.016000000000000014,0.60635,0.60635,0.0,0.9929078014184397,0.7894736842105263,0.20343411720791338
18,34.0,33.0,13634.0,13669.0,-35.0,13838.0,13833.0,5.0,14048.0,14089.0,-41.0,3.336,3.336,0.0,0.60146,0.60146,0.0,0.9855072463768116,0.780952380952381,0.2045548654244307
18,35.0,34.0,14048.0,14089.0,-41.0,14253.0,14248.0,5.0,14458.0,14505.0,-47.0,3.32,3.32,0.0,0.5843499999999999,0.5843499999999999,0.0,1.0,0.7644230769230769,0.23557692307692313
18,36.0,35.0,14458.0,14505.0,-47.0,14672.0,14664.0,8.0,14879.0,14926.0,-47.0,3.352,3.328,0.02400000000000002,0.6088,0.6088,0.0,0.9833729216152018,0.7553444180522565,0.22802850356294535
18,37.0,36.0,14879.0,14926.0,-47.0,15087.0,15083.0,4.0,15296.0,15334.0,-38.0,3.32,3.352,-0.03200000000000003,0.59902,0.59902,0.0,0.9976019184652278,0.7696078431372549,0.2279940753279729
18,38.0,37.0,15296.0,15334.0,-38.0,15506.0,15500.0,6.0,15707.0,15740.0,-33.0,3.352,3.336,0.016000000000000014,0.61858,0.61858,0.0,0.9781021897810219,0.8177339901477833,0.16036819963323867
18,39.0,38.0,15707.0,15740.0,-33.0,15920.0,15908.0,12.0,16138.0,16178.0,-40.0,3.312,3.264,0.04800000000000004,0.61614,0.61614,0.0,0.988399071925754,0.7671232876712328,0.2212757842545212
18,40.0,39.0,16138.0,16178.0,-40.0,16332.0,16332.0,0.0,16543.0,16587.0,-44.0,3.296,3.392,-0.09600000000000009,0.56235,0.56235,0.0,0.9580246913580247,0.7530562347188264,0.20496845663919827
18,41.0,40.0,16543.0,16587.0,-44.0,16753.0,16749.0,4.0,16959.0,17005.0,-46.0,3.368,3.336,0.03200000000000003,0.59902,0.59902,0.0,0.9903846153846154,0.7751196172248804,0.215264998159735
18,42.0,41.0,16959.0,17005.0,-46.0,17170.0,17167.0,3.0,17381.0,17425.0,-44.0,3.336,3.344,-0.008000000000000007,0.59902,0.59902,0.0,1.0,0.7714285714285715,0.22857142857142854
18,43.0,42.0,17381.0,17425.0,-44.0,17588.0,17584.0,4.0,17792.0,17843.0,-51.0,3.344,3.336,0.008000000000000007,0.57946,0.57946,0.0,0.9927007299270073,0.7607655502392344,0.23193517968777289
18,44.0,43.0,17792.0,17843.0,-51.0,18004.0,18000.0,4.0,18206.0,18168.0,38.0,3.328,3.328,0.0,0.61124,0.60146,0.009780000000000011,0.9758454106280193,0.9661538461538461,0.009691564474173187
18,45.0,44.0,18206.0,18168.0,38.0,18416.0,18416.0,0.0,18626.0,18586.0,40.0,3.296,3.328,-0.03200000000000003,0.59902,0.60146,-0.0024399999999999977,1.0,0.8133971291866029,0.1866028708133971
18,46.0,45.0,18626.0,18586.0,40.0,18838.0,18834.0,4.0,19046.0,19011.0,35.0,3.376,3.344,0.03200000000000003,0.62591,0.62347,0.0024399999999999977,0.9904761904761905,0.8329411764705883,0.15753501400560221
18,47.0,46.0,19046.0,19011.0,35.0,19254.0,19251.0,3.0,19464.0,19508.0,-44.0,3.328,3.336,-0.008000000000000007,0.60147,0.61858,-0.01711000000000007,0.9952153110047847,0.96579476861167,0.029420542393114646
18,48.0,47.0,19464.0,19508.0,-44.0,19670.0,19668.0,2.0,19878.0,19923.0,-45.0,3.328,3.336,-0.008000000000000007,0.59168,0.59168,0.0,0.9951690821256038,0.7710843373493976,0.2240847447762062
18,49.0,48.0,19878.0,19923.0,-45.0,20086.0,20085.0,1.0,20296.0,20260.0,36.0,3.328,3.336,-0.008000000000000007,0.62347,0.61858,0.00488999999999995,0.9952153110047847,0.9614243323442137,0.033790978660571014
18,50.0,49.0,20296.0,20260.0,36.0,20505.0,20503.0,2.0,20713.0,20759.0,-46.0,3.352,3.344,0.008000000000000007,0.59902,0.61858,-0.019560000000000022,0.9976019184652278,0.9739478957915831,0.023654022673644692
18,51.0,50.0,20713.0,20759.0,-46.0,20920.0,20918.0,2.0,21125.0,21081.0,44.0,3.32,3.32,0.0,0.59902,0.5843499999999999,0.014670000000000072,0.9951456310679612,0.9875776397515528,0.007567991316408396
18,52.0,51.0,21125.0,21081.0,44.0,21338.0,21337.0,1.0,21549.0,21592.0,-43.0,3.344,3.352,-0.008000000000000007,0.6088,0.6112500000000001,-0.0024500000000000632,0.9952830188679245,0.9980430528375734,-0.0027600339696489673
18,53.0,52.0,21549.0,21592.0,-43.0,21757.0,21753.0,4.0,21965.0,22010.0,-45.0,3.352,3.328,0.02400000000000002,0.60635,0.60635,0.0,1.0,0.7703349282296651,0.2296650717703349
18,54.0,53.0,21965.0,22010.0,-45.0,22171.0,22169.0,2.0,22379.0,22337.0,42.0,3.312,3.328,-0.016000000000000014,0.59902,0.5965699999999999,0.0024500000000000632,0.9951690821256038,0.9724770642201834,0.022692017905420414
18,55.0,54.0,22379.0,22337.0,42.0,22588.0,22588.0,0.0,22801.0,22760.0,41.0,3.336,3.352,-0.016000000000000014,0.60391,0.6088,-0.004890000000000061,0.990521327014218,0.8132387706855793,0.17728255632863876
18,56.0,55.0,22801.0,22760.0,41.0,23006.0,23004.0,2.0,23225.0,23177.0,48.0,3.344,3.328,0.016000000000000014,0.59658,0.60636,-0.009780000000000011,0.9669811320754716,0.829736211031175,0.13724492104429664
18,57.0,56.0,23225.0,23177.0,48.0,23420.0,23421.0,-1.0,23629.0,23586.0,43.0,3.312,3.336,-0.02400000000000002,0.56723,0.56479,0.0024399999999999977,0.9653465346534653,0.8068459657701712,0.1585005688832941
18,58.0,57.0,23629.0,23586.0,43.0,23838.0,23838.0,0.0,24061.0,24097.0,-36.0,3.344,3.336,0.008000000000000007,0.59902,0.60391,-0.00488999999999995,0.9675925925925926,0.9863013698630136,-0.018708777270421084
18,59.0,58.0,24061.0,24097.0,-36.0,24254.0,24255.0,-1.0,24476.0,24510.0,-34.0,3.328,3.336,-0.008000000000000007,0.5868,0.5868,0.0,0.9301204819277108,0.7651331719128329,0.16498731001487787
18,60.0,59.0,24476.0,24510.0,-34.0,24673.0,24672.0,1.0,24897.0,24930.0,-33.0,3.352,3.336,0.016000000000000014,0.5843499999999999,0.57946,0.00488999999999995,0.9358669833729216,0.7714285714285715,0.16443841194435016
18,61.0,60.0,24897.0,24930.0,-33.0,25092.0,25089.0,3.0,25312.0,25343.0,-31.0,3.352,3.336,0.016000000000000014,0.5819000000000001,0.5819000000000001,0.0,0.9397590361445783,0.7699757869249395,0.16978324921963883
18,62.0,61.0,25312.0,25343.0,-31.0,25512.0,25505.0,7.0,25727.0,25675.0,52.0,3.36,3.328,0.03200000000000003,0.59413,0.59413,0.0,0.963855421686747,0.9759036144578314,-0.012048192771084376
18,63.0,62.0,25727.0,25675.0,52.0,25926.0,25922.0,4.0,26148.0,26184.0,-36.0,3.312,3.336,-0.02400000000000002,0.59413,0.60391,-0.0097799999999999,0.9453681710213777,0.9705304518664047,-0.02516228084502703
18,64.0,63.0,26148.0,26184.0,-36.0,26343.0,26340.0,3.0,26564.0,26599.0,-35.0,3.336,3.344,-0.008000000000000007,0.57457,0.57213,0.0024399999999999977,0.9375,0.7518072289156627,0.18569277108433735
18,65.0,64.0,26564.0,26599.0,-35.0,26759.0,26756.0,3.0,26981.0,27018.0,-37.0,3.328,3.328,0.0,0.58924,0.58924,0.0,0.935251798561151,0.7494033412887828,0.1858484572723682
18,66.0,65.0,26981.0,27018.0,-37.0,27178.0,27174.0,4.0,27397.0,27432.0,-35.0,3.352,3.344,0.008000000000000007,0.58924,0.58924,0.0,0.9471153846153846,0.7536231884057971,0.19349219620958746
18,67.0,66.0,27397.0,27432.0,-35.0,27592.0,27590.0,2.0,27814.0,27845.0,-31.0,3.312,3.328,-0.016000000000000014,0.57457,0.57457,0.0,0.935251798561151,0.7651331719128329,0.17011862664831812
18,68.0,67.0,27814.0,27845.0,-31.0,28011.0,28007.0,4.0,28229.0,28177.0,52.0,3.352,3.336,0.016000000000000014,0.56724,0.56479,0.002449999999999952,0.9493975903614458,0.9759036144578314,-0.026506024096385583
18,69.0,68.0,28229.0,28177.0,52.0,28434.0,28424.0,10.0,28648.0,28677.0,-29.0,3.384,3.336,0.04800000000000004,0.57946,0.5868,-0.007340000000000013,0.9785202863961814,0.988,-0.009479713603818607
18,70.0,69.0,28648.0,28677.0,-29.0,28850.0,28842.0,8.0,29065.0,29097.0,-32.0,3.328,3.344,-0.016000000000000014,0.59169,0.59658,-0.00488999999999995,0.9688249400479616,0.7857142857142857,0.1831106543336759
18,71.0,70.0,29065.0,29097.0,-32.0,29264.0,29257.0,7.0,29482.0,29513.0,-31.0,3.312,3.32,-0.008000000000000007,0.59169,0.5868,0.004890000000000061,0.9544364508393285,0.7692307692307692,0.18520568160855932
18,72.0,71.0,29482.0,29513.0,-31.0,29681.0,29674.0,7.0,29897.0,29845.0,52.0,3.336,3.336,0.0,0.5843499999999999,0.5843499999999999,0.0,0.9590361445783132,0.9698795180722891,-0.010843373493975905
18,73.0,72.0,29897.0,29845.0,52.0,30098.0,30092.0,6.0,30315.0,30352.0,-37.0,3.336,3.344,-0.008000000000000007,0.5868,0.5868,0.0,0.9617224880382775,0.9743589743589743,-0.012636486320696805
18,74.0,73.0,30315.0,30352.0,-37.0,30514.0,30507.0,7.0,30730.0,30769.0,-39.0,3.328,3.32,0.008000000000000007,0.5819,0.58924,-0.007340000000000013,0.9590361445783132,0.7434052757793765,0.21563086879893667
18,75.0,74.0,30730.0,30769.0,-39.0,30933.0,30926.0,7.0,31149.0,31186.0,-37.0,3.352,3.352,0.0,0.60636,0.60636,0.0,0.9689737470167065,0.7529976019184652,0.21597614509824126
18,76.0,75.0,31149.0,31186.0,-37.0,31351.0,31343.0,8.0,31565.0,31601.0,-36.0,3.344,3.336,0.008000000000000007,0.59902,0.59657,0.002449999999999952,0.9711538461538461,0.7566265060240964,0.21452734012974972
18,77.0,76.0,31565.0,31601.0,-36.0,31768.0,31760.0,8.0,31983.0,32019.0,-36.0,3.336,3.336,0.0,0.6088,0.6088,0.0,0.9712918660287081,0.7607655502392344,0.21052631578947367
18,78.0,77.0,31983.0,32019.0,-36.0,32186.0,32176.0,10.0,32398.0,32436.0,-38.0,3.344,3.328,0.016000000000000014,0.6088,0.6088,0.0,0.9783132530120482,0.7529976019184652,0.22531565109358298
18,79.0,78.0,32398.0,32436.0,-38.0,32602.0,32594.0,8.0,32815.0,32855.0,-40.0,3.328,3.344,-0.016000000000000014,0.62103,0.62103,0.0,0.9784172661870504,0.7541766109785203,0.2242406552085301
18,80.0,79.0,32815.0,32855.0,-40.0,33016.0,33010.0,6.0,33230.0,33271.0,-41.0,3.312,3.328,-0.016000000000000014,0.61124,0.61124,0.0,0.9686746987951808,0.7451923076923077,0.22348239110287305
18,81.0,80.0,33230.0,33271.0,-41.0,33434.0,33426.0,8.0,33649.0,33688.0,-39.0,3.344,3.328,0.016000000000000014,0.62836,0.61858,0.009780000000000011,0.9737470167064439,0.7434052757793765,0.23034174092706738
18,82.0,81.0,33649.0,33688.0,-39.0,33850.0,33843.0,7.0,34065.0,34104.0,-39.0,3.328,3.336,-0.008000000000000007,0.61858,0.61858,0.0,0.9663461538461539,0.7451923076923077,0.22115384615384615
18,83.0,82.0,34065.0,34104.0,-39.0,34270.0,34260.0,10.0,34479.0,34516.0,-37.0,3.36,3.336,0.02400000000000002,0.6136900000000001,0.6136900000000001,0.0,0.9903381642512077,0.7572815533980582,0.23305661085314944
18,84.0,83.0,34479.0,34516.0,-37.0,34686.0,34677.0,9.0,34896.0,34932.0,-36.0,3.328,3.336,-0.008000000000000007,0.6356999999999999,0.63081,0.00488999999999995,0.9928057553956835,0.7740384615384616,0.21876729385722193
18,85.0,84.0,34896.0,34932.0,-36.0,35101.0,35094.0,7.0,35317.0,35352.0,-35.0,3.32,3.336,-0.016000000000000014,0.63569,0.63569,0.0,0.9738717339667459,0.7714285714285715,0.2024431625381744
18,86.0,85.0,35317.0,35352.0,-35.0,35520.0,35510.0,10.0,35731.0,35768.0,-37.0,3.352,3.328,0.02400000000000002,0.61858,0.61858,0.0,0.9806763285024155,0.7596153846153846,0.2210609438870309
18,87.0,86.0,35731.0,35768.0,-37.0,35933.0,35926.0,7.0,36147.0,36185.0,-38.0,3.304,3.328,-0.02400000000000002,0.61858,0.61858,0.0,0.9711538461538461,0.7577937649880095,0.2133600811658366
18,88.0,87.0,36147.0,36185.0,-38.0,36350.0,36343.0,7.0,36565.0,36606.0,-41.0,3.336,3.336,0.0,0.59902,0.59658,0.0024399999999999977,0.9712918660287081,0.7505938242280286,0.22069804180067953
18,89.0,88.0,36565.0,36606.0,-41.0,36767.0,36760.0,7.0,36982.0,37018.0,-36.0,3.336,3.336,0.0,0.61858,0.61858,0.0,0.9688249400479616,0.7475728155339806,0.22125212451398102
18,90.0,89.0,36982.0,37018.0,-36.0,37184.0,37178.0,6.0,37399.0,37439.0,-40.0,3.336,3.344,-0.008000000000000007,0.62102,0.60635,0.014670000000000072,0.9688249400479616,0.7600950118764845,0.20872992817147706
18,91.0,90.0,37399.0,37439.0,-40.0,37604.0,37594.0,10.0,37818.0,37855.0,-37.0,3.36,3.328,0.03200000000000003,0.62103,0.62103,0.0,0.9785202863961814,0.7451923076923077,0.23332797870387367
18,92.0,91.0,37818.0,37855.0,-37.0,38018.0,38013.0,5.0,38233.0,38269.0,-36.0,3.312,3.352,-0.040000000000000036,0.60391,0.60391,0.0,0.963855421686747,0.7632850241545894,0.20057039753215755
18,93.0,92.0,38233.0,38269.0,-36.0,38435.0,38429.0,6.0,38650.0,38689.0,-39.0,3.336,3.328,0.008000000000000007,0.62591,0.62347,0.0024399999999999977,0.9688249400479616,0.7619047619047619,0.20692017814319974
18,94.0,93.0,38650.0,38689.0,-39.0,38853.0,38846.0,7.0,39067.0,39105.0,-38.0,3.344,3.336,0.008000000000000007,0.62347,0.62347,0.0,0.973621103117506,0.7548076923076923,0.21881341080981376
18,95.0,94.0,39067.0,39105.0,-38.0,39270.0,39263.0,7.0,39484.0,39524.0,-40.0,3.336,3.336,0.0,0.6088,0.59658,0.012220000000000009,0.973621103117506,0.7541766109785203,0.21944449213898576
18,96.0,95.0,39484.0,39524.0,-40.0,39686.0,39679.0,7.0,39901.0,39942.0,-41.0,3.328,3.328,0.0,0.60391,0.60391,0.0,0.9688249400479616,0.7416267942583732,0.2271981457895884
18,97.0,96.0,39901.0,39942.0,-41.0,40102.0,40095.0,7.0,40316.0,40348.0,-32.0,3.328,3.328,0.0,0.62103,0.62103,0.0,0.9686746987951808,0.7536945812807881,0.2149801175143926
18,98.0,97.0,40316.0,40348.0,-32.0,40522.0,40512.0,10.0,40734.0,40776.0,-42.0,3.36,3.336,0.02400000000000002,0.62836,0.61858,0.009780000000000011,0.9856459330143541,0.7663551401869159,0.21929079282743824
18,99.0,98.0,40734.0,40776.0,-42.0,40940.0,40929.0,11.0,41150.0,41189.0,-39.0,3.344,3.336,0.008000000000000007,0.61614,0.61614,0.0,0.9903846153846154,0.7409200968523002,0.24946451853231522
18,100.0,99.0,41150.0,41189.0,-39.0,41356.0,41346.0,10.0,41567.0,41609.0,-42.0,3.328,3.336,-0.008000000000000007,0.62103,0.6112500000000001,0.0097799999999999,0.988009592326139,0.7476190476190476,0.24039054470709142
18,101.0,100.0,41567.0,41609.0,-42.0,41772.0,41764.0,8.0,41986.0,42024.0,-38.0,3.328,3.344,-0.016000000000000014,0.61614,0.60636,0.009780000000000011,0.9785202863961814,0.7469879518072289,0.2315323345889525
18,102.0,101.0,41986.0,42024.0,-38.0,42186.0,42180.0,6.0,42400.0,42438.0,-38.0,3.312,3.328,-0.016000000000000014,0.58924,0.58191,0.007329999999999948,0.966183574879227,0.7536231884057971,0.2125603864734299
18,103.0,102.0,42400.0,42438.0,-38.0,42604.0,42596.0,8.0,42817.0,42857.0,-40.0,3.344,3.328,0.016000000000000014,0.59902,0.59902,0.0,0.9784172661870504,0.7541766109785203,0.2242406552085301
18,104.0,103.0,42817.0,42857.0,-40.0,43022.0,43013.0,9.0,43232.0,43272.0,-40.0,3.344,3.336,0.008000000000000007,0.6088,0.6088,0.0,0.9879518072289156,0.7518072289156627,0.23614457831325297
18,105.0,104.0,43232.0,43272.0,-40.0,43436.0,43428.0,8.0,43647.0,43686.0,-39.0,3.312,3.32,-0.008000000000000007,0.59168,0.59168,0.0,0.983132530120482,0.7536231884057971,0.22950934171468484
18,106.0,105.0,43647.0,43686.0,-39.0,43850.0,43845.0,5.0,44062.0,44102.0,-40.0,3.312,3.336,-0.02400000000000002,0.58924,0.58924,0.0,0.9783132530120482,0.7644230769230769,0.21389017608897132
18,107.0,106.0,44062.0,44102.0,-40.0,44267.0,44263.0,4.0,44479.0,44522.0,-43.0,3.336,3.344,-0.008000000000000007,0.59902,0.59413,0.00488999999999995,0.9832134292565947,0.7666666666666666,0.2165467625899281
18,108.0,107.0,44479.0,44522.0,-43.0,44682.0,44680.0,2.0,44897.0,44939.0,-42.0,3.32,3.336,-0.016000000000000014,0.59902,0.59902,0.0,0.9712918660287081,0.7577937649880095,0.21349810104069855
18,109.0,108.0,44897.0,44939.0,-42.0,45104.0,45097.0,7.0,45311.0,45286.0,25.0,3.376,3.336,0.040000000000000036,0.59902,0.59413,0.00488999999999995,1.0,0.9106628242074928,0.08933717579250722
18,110.0,109.0,45311.0,45286.0,25.0,45522.0,45516.0,6.0,45691.0,45652.0,39.0,3.344,3.352,-0.008000000000000007,0.39609,0.39609,0.0,0.8894736842105263,0.7431693989071038,0.14630428530342254
18,111.0,110.0,45691.0,45652.0,39.0,45936.0,45932.0,4.0,46149.0,46192.0,-43.0,3.312,3.328,-0.016000000000000014,0.6381399999999999,0.6381399999999999,0.0,0.9301310043668123,0.962962962962963,-0.032831958596150734
18,112.0,111.0,46149.0,46192.0,-43.0,46352.0,46347.0,5.0,46562.0,46603.0,-41.0,3.328,3.32,0.008000000000000007,0.5794600000000001,0.5794600000000001,0.0,0.9830508474576272,0.754257907542579,0.22879293991504812
18,113.0,112.0,46562.0,46603.0,-41.0,46770.0,46763.0,7.0,46980.0,47025.0,-45.0,3.344,3.328,0.016000000000000014,0.57946,0.57946,0.0,0.9952153110047847,0.7582938388625593,0.23692147214222536
18,114.0,113.0,46980.0,47025.0,-45.0,47187.0,47180.0,7.0,47396.0,47438.0,-42.0,3.336,3.336,0.0,0.58924,0.58924,0.0,0.9951923076923077,0.7506053268765134,0.24458698081579433
18,115.0,114.0,47396.0,47438.0,-42.0,47605.0,47598.0,7.0,47814.0,47855.0,-41.0,3.344,3.344,0.0,0.59902,0.59902,0.0,1.0,0.7673860911270983,0.23261390887290168
18,116.0,115.0,47814.0,47855.0,-41.0,48017.0,48013.0,4.0,48237.0,48150.0,87.0,3.296,3.32,-0.02400000000000002,0.56724,0.55746,0.009780000000000011,0.9598108747044918,0.9288135593220339,0.03099731538245787
18,117.0,116.0,48237.0,48150.0,87.0,48435.0,48431.0,4.0,48654.0,48696.0,-42.0,3.344,3.344,0.0,0.59658,0.59658,0.0,0.9496402877697842,0.9706959706959707,-0.021055682926186536
18,118.0,117.0,48654.0,48696.0,-42.0,48853.0,48845.0,8.0,49064.0,49109.0,-45.0,3.344,3.312,0.03200000000000003,0.5819,0.5819,0.0,0.9707317073170731,0.7215496368038741,0.24918207051319907
18,119.0,118.0,49064.0,49109.0,-45.0,49273.0,49264.0,9.0,49483.0,49526.0,-43.0,3.36,3.352,0.008000000000000007,0.5819,0.5819,0.0,0.9976133651551312,0.7434052757793765,0.2542080893757547
18,120.0,119.0,49483.0,49526.0,-43.0,49690.0,49680.0,10.0,49899.0,49940.0,-41.0,3.336,3.328,0.008000000000000007,0.57213,0.57213,0.0,0.9951923076923077,0.7439613526570048,0.2512309550353029
18,121.0,120.0,49899.0,49940.0,-41.0,50108.0,50098.0,10.0,50314.0,50355.0,-41.0,3.344,3.344,0.0,0.5843499999999999,0.5843499999999999,0.0,0.9927710843373494,0.7614457831325301,0.2313253012048193
18,122.0,121.0,50314.0,50355.0,-41.0,50522.0,50514.0,8.0,50731.0,50776.0,-45.0,3.312,3.328,-0.016000000000000014,0.57213,0.57213,0.0,0.9976019184652278,0.7553444180522565,0.24225750041297134
18,123.0,122.0,50731.0,50776.0,-45.0,50940.0,50931.0,9.0,51147.0,51184.0,-37.0,3.344,3.336,0.008000000000000007,0.57702,0.57702,0.0,0.9951923076923077,0.7598039215686274,0.2353883861236803
18,124.0,123.0,51147.0,51184.0,-37.0,51360.0,51361.0,-1.0,51584.0,51614.0,-30.0,3.36,3.44,-0.08000000000000007,0.6185799999999999,0.59902,0.01955999999999991,0.9748283752860412,0.8232558139534883,0.1515725613325528
18,125.0,124.0,51584.0,51614.0,-30.0,51774.0,51766.0,8.0,51982.0,52023.0,-41.0,3.312,3.24,0.07199999999999962,0.5819099999999999,0.5819099999999999,0.0,0.9547738693467337,0.7432762836185819,0.2114975857281518
18,126.0,125.0,51982.0,52023.0,-41.0,52190.0,52184.0,6.0,52397.0,52442.0,-45.0,3.328,3.344,-0.016000000000000014,0.54768,0.54768,0.0,0.9975903614457832,0.7684964200477327,0.2290939413980505
18,127.0,126.0,52397.0,52442.0,-45.0,52604.0,52602.0,2.0,52817.0,52855.0,-38.0,3.312,3.344,-0.03200000000000003,0.56479,0.56479,0.0,0.9857142857142858,0.774818401937046,0.21089588377723978
18,128.0,127.0,52817.0,52855.0,-38.0,53025.0,53019.0,6.0,53232.0,53271.0,-39.0,3.368,3.336,0.03200000000000003,0.5599000000000001,0.5599000000000001,0.0,0.9975903614457832,0.7884615384615384,0.20912882298424473
18,129.0,128.0,53232.0,53271.0,-39.0,53437.0,53433.0,4.0,53650.0,53690.0,-40.0,3.296,3.312,-0.016000000000000014,0.56479,0.56479,0.0,0.9808612440191388,0.7732696897374702,0.20759155428166853
18,130.0,129.0,53650.0,53690.0,-40.0,53860.0,53863.0,-3.0,54072.0,54042.0,30.0,3.384,3.44,-0.05600000000000005,0.6894899999999999,0.6894899999999999,0.0,0.995260663507109,0.9829545454545454,0.012306118052563542
18,131.0,130.0,54072.0,54042.0,30.0,54270.0,54269.0,1.0,54484.0,54526.0,-42.0,3.28,3.248,0.031999999999999584,0.54034,0.54523,-0.00488999999999995,0.9611650485436893,0.9380165289256198,0.02314851961806952
18,132.0,131.0,54484.0,54526.0,-42.0,54688.0,54686.0,2.0,54898.0,54941.0,-43.0,3.344,3.336,0.008000000000000007,0.56724,0.56724,0.0,0.9855072463768116,0.7710843373493976,0.214422909027414
18,133.0,132.0,54898.0,54941.0,-43.0,55108.0,55103.0,5.0,55324.0,55354.0,-30.0,3.36,3.336,0.02400000000000002,0.62347,0.62347,0.0,0.9859154929577465,0.784503631961259,0.20141186099648745
18,134.0,133.0,55324.0,55354.0,-30.0,55521.0,55520.0,1.0,55746.0,55782.0,-36.0,3.304,3.336,-0.03200000000000003,0.62347,0.62347,0.0,0.933649289099526,0.7757009345794392,0.15794835452008682
18,135.0,134.0,55746.0,55782.0,-36.0,55936.0,55935.0,1.0,56149.0,56187.0,-38.0,3.32,3.32,0.0,0.5574600000000001,0.5574600000000001,0.0,0.9429280397022333,0.7555555555555555,0.18737248414667773
18,136.0,135.0,56149.0,56187.0,-38.0,56356.0,56352.0,4.0,56560.0,56523.0,37.0,3.36,3.336,0.02400000000000002,0.57213,0.55257,0.019560000000000022,0.9927007299270073,0.9821428571428571,0.010557872784150213
18,137.0,136.0,56560.0,56523.0,37.0,56773.0,56768.0,5.0,56983.0,57024.0,-41.0,3.336,3.328,0.008000000000000007,0.5770200000000001,0.5868,-0.0097799999999999,0.9929078014184397,0.9780439121756487,0.014863889242791029
18,138.0,137.0,56983.0,57024.0,-41.0,57191.0,57186.0,5.0,57401.0,57441.0,-40.0,3.344,3.344,0.0,0.57946,0.57946,0.0,0.9952153110047847,0.7769784172661871,0.21823689373859756
18,139.0,138.0,57401.0,57441.0,-40.0,57606.0,57601.0,5.0,57813.0,57773.0,40.0,3.32,3.32,0.0,0.57946,0.55257,0.02688999999999997,0.9951456310679612,0.963855421686747,0.031290209381214185
18,140.0,139.0,57813.0,57773.0,40.0,58026.0,58020.0,6.0,58235.0,58276.0,-41.0,3.36,3.352,0.008000000000000007,0.59169,0.60391,-0.012219999999999898,0.990521327014218,0.9821073558648111,0.008413971149406896
18,141.0,140.0,58235.0,58276.0,-41.0,58441.0,58435.0,6.0,58649.0,58696.0,-47.0,3.32,3.32,0.0,0.56968,0.56968,0.0,0.9951690821256038,0.7571428571428571,0.23802622498274673
18,142.0,141.0,58649.0,58696.0,-47.0,58860.0,58854.0,6.0,59068.0,59109.0,-41.0,3.352,3.352,0.0,0.5868,0.5868,0.0,0.9928400954653938,0.7651331719128329,0.22770692355256084
18,143.0,142.0,59068.0,59109.0,-41.0,59276.0,59270.0,6.0,59486.0,59525.0,-39.0,3.328,3.328,0.0,0.5843499999999999,0.5843499999999999,0.0,0.9952153110047847,0.7740384615384616,0.2211768494663231
19,25.0,1.0,599.0,413.0,186.0,765.0,756.0,9.0,891.0,874.0,17.0,1.336,3.736,-2.4000000000000004,0.15252,0.15252,0.0,0.863013698630137,0.5119305856832972,0.3510831129468398
19,27.0,2.0,1014.0,874.0,140.0,1225.0,1227.0,-2.0,1529.0,1488.0,41.0,1.704,3.768,-2.064,0.23615999999999998,0.26076,-0.02460000000000001,0.8194174757281554,0.8501628664495113,-0.03074539072135596
19,28.0,3.0,1529.0,1488.0,41.0,1711.0,1701.0,10.0,1843.0,1830.0,13.0,3.888,3.792,0.09600000000000009,0.16236000000000003,0.16236000000000003,0.0,0.8407643312101911,0.7543859649122807,0.0863783662979104
19,30.0,4.0,2009.0,1830.0,179.0,2137.0,2165.0,-28.0,2340.0,2321.0,19.0,1.648,3.712,-2.064,0.13899,0.14514,-0.006149999999999989,0.7734138972809668,0.6354378818737271,0.1379760154072397
19,31.0,5.0,2340.0,2321.0,19.0,2640.0,2630.0,10.0,2782.0,2761.0,21.0,4.024,3.72,0.3039999999999998,0.22878,0.2091,0.019680000000000003,0.6425339366515836,0.5954545454545455,0.04707939119703819
19,32.0,6.0,2782.0,2761.0,21.0,3114.0,3114.0,0.0,3263.0,3245.0,18.0,3.792,3.872,-0.08000000000000007,0.22263000000000002,0.23001000000000002,-0.007379999999999998,0.6195426195426195,0.5413223140495868,0.07822030549303272
19,33.0,7.0,3263.0,3245.0,18.0,3587.0,3579.0,8.0,3789.0,3820.0,-31.0,3.784,3.72,0.06399999999999961,0.19065,0.19065,0.0,0.7680608365019012,0.8382608695652174,-0.07020003306331624
19,34.0,8.0,3789.0,3820.0,-31.0,3942.0,3937.0,5.0,4078.0,4057.0,21.0,2.84,2.864,-0.02400000000000002,0.21033,0.19433999999999998,0.015990000000000004,0.9411764705882353,0.9873417721518988,-0.0461653015636635
19,35.0,9.0,4078.0,4057.0,21.0,4419.0,4414.0,5.0,4569.0,4555.0,14.0,3.816,3.816,0.0,0.23247,0.24477000000000002,-0.012300000000000005,0.6109979633401221,0.5662650602409638,0.04473290309915834
19,36.0,10.0,4569.0,4555.0,14.0,4871.0,4894.0,-23.0,5076.0,5451.0,-375.0,3.616,3.84,-0.22399999999999975,0.22508999999999998,0.25953,-0.03444,0.8086785009861933,0.7566964285714286,0.05198207241476471
19,40.0,11.0,5589.0,5451.0,138.0,5801.0,5818.0,-17.0,5973.0,5942.0,31.0,1.728,7.392,-5.664000000000001,0.17712,0.17712,0.0,0.8958333333333334,0.505091649694501,0.3907416836388323
19,41.0,12.0,5973.0,5942.0,31.0,6223.0,6252.0,-29.0,6330.0,6640.0,-310.0,3.376,3.472,-0.09600000000000009,0.19311,0.233699,-0.040588999999999986,0.5994397759103641,0.8882521489971347,-0.28881237308677055
19,45.0,13.0,7042.0,6640.0,402.0,7146.0,7173.0,-27.0,7313.0,7528.0,-215.0,1.672,7.368,-5.696000000000001,0.12915000000000001,0.234929,-0.10577899999999998,0.7675276752767528,0.7995495495495495,-0.03202187427279668
19,47.0,14.0,7499.0,7528.0,-29.0,7657.0,7658.0,-1.0,7852.0,7798.0,54.0,2.432,3.88,-1.448,0.22263000000000002,0.22263000000000002,0.0,0.8951841359773371,0.962962962962963,-0.06777882698562587
19,48.0,15.0,7852.0,7798.0,54.0,8131.0,8127.0,4.0,8287.0,8261.0,26.0,3.792,3.752,0.040000000000000036,0.18573,0.19434,-0.008610000000000007,0.7172413793103448,0.5788336933045357,0.1384076860058091
19,49.0,16.0,8287.0,8261.0,26.0,8581.0,8585.0,-4.0,8735.0,8712.0,23.0,3.6,3.664,-0.06400000000000006,0.18081,0.18081,0.0,0.6875,0.5631929046563193,0.12430709534368067
19,50.0,17.0,8735.0,8712.0,23.0,8882.0,8861.0,21.0,8954.0,9171.0,-217.0,2.408,2.208,0.19999999999999973,0.09102000000000002,0.15129,-0.06026999999999999,0.6575342465753424,0.6492374727668846,0.008296773808457836
19,53.0,18.0,9367.0,9171.0,196.0,9510.0,9526.0,-16.0,9687.0,9653.0,34.0,1.704,5.32,-3.6160000000000005,0.22017000000000003,0.22017000000000003,0.0,0.89375,0.5269709543568465,0.36677904564315356
19,55.0,19.0,9851.0,9653.0,198.0,10009.0,10003.0,6.0,10135.0,10138.0,-3.0,1.552,3.816,-2.264,0.19557,0.25953,-0.06395999999999999,0.8873239436619719,0.5567010309278351,0.3306229127341368
19,57.0,20.0,10323.0,10138.0,185.0,10438.0,10461.0,-23.0,10635.0,10607.0,28.0,1.632,3.664,-2.032,0.18327,0.19556999999999997,-0.012299999999999978,0.7371794871794872,0.6226012793176972,0.11457820786179007
19,59.0,21.0,10798.0,10607.0,191.0,10933.0,10928.0,5.0,11118.0,11083.0,35.0,1.504,3.736,-2.232,0.21648,0.21648,0.0,0.84375,0.6512605042016807,0.1924894957983193
19,60.0,22.0,11118.0,11083.0,35.0,11401.0,11393.0,8.0,11534.0,11690.0,-156.0,3.744,3.72,0.02400000000000002,0.19433999999999998,0.29027899999999995,-0.09593899999999997,0.6394230769230769,0.9785831960461285,-0.33916011912305166
19,62.0,23.0,11706.0,11690.0,16.0,11870.0,11868.0,2.0,12021.0,11994.0,27.0,2.288,3.8,-1.512,0.21525,0.22385999999999998,-0.008609999999999979,0.9587301587301588,0.8289473684210527,0.1297827903091061
19,63.0,24.0,12021.0,11994.0,27.0,12329.0,12320.0,9.0,12475.0,12441.0,34.0,3.672,3.616,0.05600000000000005,0.18942,0.18204,0.007379999999999998,0.6431718061674009,0.5413870246085011,0.1017847815588998
19,64.0,25.0,12475.0,12441.0,34.0,12802.0,12813.0,-11.0,13082.0,13082.0,0.0,3.784,3.944,-0.16000000000000014,0.500611,0.500611,0.0,0.9225700164744646,0.8393135725429017,0.08325644393156284
19,65.0,26.0,13082.0,13082.0,0.0,13250.0,13260.0,-10.0,13464.0,13611.0,-147.0,3.584,3.576,0.008000000000000007,0.5399700000000001,0.54243,-0.0024599999999999067,0.8795811518324608,0.6729678638941399,0.2066132879383209
19,66.0,27.0,13464.0,13611.0,-147.0,13743.0,13737.0,6.0,13893.0,13888.0,5.0,3.944,3.816,0.1280000000000001,0.18204,0.17712,0.004920000000000008,0.6993006993006994,0.9097472924187726,-0.21044659311807323
19,67.0,28.0,13893.0,13888.0,5.0,14190.0,14204.0,-14.0,14364.0,14531.0,-167.0,3.576,3.736,-0.16000000000000014,0.24231000000000003,0.24231000000000003,0.0,0.7388535031847134,0.9828926905132193,-0.24403918732850582
19,69.0,29.0,14493.0,14531.0,-38.0,14685.0,14674.0,11.0,14835.0,14813.0,22.0,2.4,3.76,-1.3599999999999999,0.23616,0.22755000000000003,0.008609999999999979,0.8771929824561404,0.9858156028368794,-0.108622620380739
19,70.0,30.0,14835.0,14813.0,22.0,15151.0,15146.0,5.0,15312.0,15288.0,24.0,3.728,3.776,-0.0479999999999996,0.18080999999999997,0.19187999999999997,-0.011069999999999997,0.6750524109014675,0.5978947368421053,0.07715767405936225
19,71.0,31.0,15312.0,15288.0,24.0,15605.0,15604.0,1.0,15757.0,16024.0,-267.0,3.632,3.664,-0.03200000000000003,0.18819000000000002,0.23246900000000004,-0.04427900000000001,0.6831460674157304,0.8586956521739131,-0.17554958475818272
19,73.0,32.0,15981.0,16024.0,-43.0,16100.0,16113.0,-13.0,16238.0,16371.0,-133.0,1.544,4.072,-2.528,0.26567999999999997,0.26567999999999997,0.0,0.9260700389105059,0.5129682997118156,0.4131017391986903
19,74.0,33.0,16238.0,16371.0,-133.0,16557.0,16559.0,-2.0,16708.0,17260.0,-552.0,3.656,3.568,0.08800000000000008,0.29766,0.4305,-0.13284,0.6425531914893616,0.4229471316085489,0.21960605988081272
19,77.0,34.0,17428.0,17260.0,168.0,17761.0,17771.0,-10.0,17925.0,17896.0,29.0,4.36,9.696,-5.335999999999999,0.21771,0.33948,-0.12177000000000002,0.6599597585513078,0.39308176100628933,0.2668779975450185
19,79.0,35.0,18109.0,17896.0,213.0,18265.0,18258.0,7.0,18394.0,18389.0,5.0,1.592,3.896,-2.304,0.18572999999999998,0.19925999999999996,-0.013529999999999986,0.9052631578947369,0.5314401622718052,0.37382299562293164
19,81.0,36.0,18541.0,18389.0,152.0,18679.0,18684.0,-5.0,18838.0,18807.0,31.0,1.648,3.408,-1.76,0.22017,0.22017,0.0,0.9292929292929293,0.5885167464114833,0.34077618288144595
19,82.0,37.0,18838.0,18807.0,31.0,19157.0,19153.0,4.0,19320.0,19289.0,31.0,3.824,3.752,0.07200000000000006,0.29519999999999996,0.28413,0.011069999999999969,0.6763485477178424,0.5643153526970954,0.11203319502074693
19,83.0,38.0,19320.0,19289.0,31.0,19631.0,19630.0,1.0,19803.0,19800.0,3.0,3.792,3.816,-0.02400000000000002,0.24723,0.26937,-0.022139999999999993,0.7122153209109731,0.6653620352250489,0.04685328568592417
19,84.0,39.0,19803.0,19800.0,3.0,20090.0,20086.0,4.0,20241.0,20218.0,23.0,3.672,3.648,0.02400000000000002,0.24600000000000002,0.24108000000000002,0.004920000000000008,0.6894977168949772,0.631578947368421,0.05791876952655617
19,85.0,40.0,20241.0,20218.0,23.0,20559.0,20558.0,1.0,20712.0,20689.0,23.0,3.752,3.776,-0.02400000000000002,0.20664000000000002,0.21525000000000002,-0.008610000000000007,0.6496815286624205,0.5562632696390658,0.09341825902335466
19,86.0,41.0,20712.0,20689.0,23.0,21005.0,21025.0,-20.0,21200.0,21170.0,30.0,3.568,3.736,-0.16800000000000015,0.18327000000000002,0.18327000000000002,0.0,0.7991803278688525,0.6029106029106028,0.19626972495824968
19,87.0,42.0,21200.0,21170.0,30.0,21497.0,21494.0,3.0,21645.0,21625.0,20.0,3.936,3.752,0.18400000000000016,0.2337,0.2337,0.0,0.6651685393258426,0.5758241758241758,0.08934436350166686
19,88.0,43.0,21645.0,21625.0,20.0,21981.0,21978.0,3.0,22128.0,22098.0,30.0,3.872,3.872,0.0,0.41327899999999995,0.41327899999999995,0.0,0.6086956521739131,0.507399577167019,0.10129607500689408
19,89.0,44.0,22128.0,22098.0,30.0,22189.0,22208.0,-19.0,22332.0,22365.0,-33.0,1.664,1.84,-0.17600000000000016,0.13899,0.194339,-0.05534900000000001,0.5980392156862745,0.8239700374531835,-0.22593082176690904
19,90.0,45.0,22332.0,22365.0,-33.0,22450.0,22459.0,-9.0,22587.0,22987.0,-400.0,2.088,2.008,0.08000000000000007,0.276749,0.276749,0.0,0.9254901960784314,0.3022508038585209,0.6232393922199105
19,92.0,46.0,22998.0,22987.0,11.0,23379.0,23369.0,10.0,23530.0,23516.0,14.0,5.52,7.28,-1.7600000000000007,0.20540999999999998,0.20540999999999998,0.0,0.5676691729323309,0.555765595463138,0.011903577469192905
19,94.0,47.0,23630.0,23516.0,114.0,23836.0,23831.0,5.0,23986.0,23957.0,29.0,1.664,3.696,-2.032,0.21402000000000002,0.21033000000000002,0.003689999999999999,0.8426966292134832,0.5714285714285714,0.2712680577849118
19,95.0,48.0,23986.0,23957.0,29.0,24313.0,24305.0,8.0,24457.0,24428.0,29.0,3.816,3.792,0.02400000000000002,0.20295000000000002,0.2214,-0.018449999999999994,0.6114649681528662,0.5222929936305732,0.08917197452229297
19,97.0,49.0,24613.0,24428.0,185.0,24759.0,24765.0,-6.0,24942.0,24905.0,37.0,1.696,3.68,-1.9840000000000002,0.21648,0.21648,0.0,0.8875379939209727,0.5870020964360587,0.30053589748491394
19,99.0,50.0,25102.0,24905.0,197.0,25253.0,25243.0,10.0,25387.0,25373.0,14.0,1.552,3.824,-2.272,0.22386,0.21033,0.013530000000000014,0.9403508771929825,0.5555555555555556,0.3847953216374269
19,100.0,51.0,25387.0,25373.0,14.0,25719.0,25716.0,3.0,25887.0,25867.0,20.0,3.728,3.784,-0.055999999999999606,0.23247,0.23247,0.0,0.6719999999999999,0.611336032388664,0.06066396761133597
19,102.0,52.0,26018.0,25867.0,151.0,26179.0,26176.0,3.0,26344.0,26315.0,29.0,1.616,3.68,-2.064,0.25707,0.25707,0.0,0.9877300613496932,0.6205357142857143,0.3671943470639789
19,104.0,53.0,26467.0,26315.0,152.0,26651.0,26646.0,5.0,26808.0,26786.0,22.0,2.168,3.76,-1.5919999999999996,0.20418000000000003,0.21402000000000002,-0.009839999999999988,0.9208211143695014,0.5944798301486199,0.3263412842208815
19,124.0,54.0,26953.0,26786.0,167.0,27107.0,27106.0,1.0,27263.0,27240.0,23.0,1.24,3.68,-2.4400000000000004,0.21648,0.21648,0.0,0.9935483870967742,0.5903083700440528,0.4032400170527214
19,125.0,55.0,27263.0,27240.0,23.0,27583.0,27584.0,-1.0,27721.0,27699.0,22.0,3.808,3.824,-0.016000000000000014,0.2337,0.25215,-0.018449999999999994,0.6026200873362446,0.5010893246187365,0.10153076271750816
19,126.0,56.0,27721.0,27699.0,22.0,27831.0,27824.0,7.0,27945.0,28164.0,-219.0,1.984,1.92,0.06400000000000006,0.12669,0.23739,-0.11069999999999999,0.9821428571428571,0.5376344086021505,0.4445084485407066
19,128.0,57.0,28175.0,28164.0,11.0,28525.0,28522.0,3.0,28684.0,28655.0,29.0,3.928,5.584,-1.6559999999999997,0.243539,0.243539,0.0,0.62475442043222,0.5417515274949083,0.08300289293731167
19,129.0,58.0,28684.0,28655.0,29.0,28991.0,28991.0,0.0,29156.0,29132.0,24.0,3.728,3.752,-0.023999999999999577,0.27429000000000003,0.27429000000000003,0.0,0.6991525423728814,0.5911949685534591,0.10795757381942228
19,131.0,59.0,29296.0,29132.0,164.0,29465.0,29463.0,2.0,29622.0,29629.0,-7.0,1.36,3.776,-2.4159999999999995,0.2091,0.21771,-0.008609999999999979,0.9631901840490797,0.6680080482897384,0.2951821357593414
19,133.0,60.0,29767.0,29629.0,138.0,29909.0,29920.0,-11.0,30086.0,30053.0,33.0,1.672,3.656,-1.9840000000000002,0.20541,0.20541,0.0,0.890282131661442,0.6273584905660378,0.2629236410954042
19,135.0,61.0,30213.0,30053.0,160.0,30405.0,30397.0,8.0,30549.0,30754.0,-205.0,1.552,3.816,-2.264,0.24477,0.51291,-0.26814,0.8571428571428572,0.9814550641940085,-0.12431220705115131
19,137.0,62.0,30717.0,30754.0,-37.0,30885.0,30889.0,-4.0,31186.0,31203.0,-17.0,2.144,3.936,-1.7919999999999998,0.5965499999999999,0.5965499999999999,0.0,0.7164179104477613,0.6013363028953229,0.11508160755243835
19,138.0,63.0,31186.0,31203.0,-17.0,31329.0,31316.0,13.0,31482.0,31461.0,21.0,3.552,3.416,0.13600000000000012,0.31119,0.27675000000000005,0.03443999999999997,0.9662162162162162,0.875968992248062,0.09024722396815421
19,139.0,64.0,31482.0,31461.0,21.0,31809.0,31800.0,9.0,32072.0,31931.0,141.0,3.84,3.872,-0.03200000000000003,0.21525,0.21525,0.0,0.8915254237288136,0.5574468085106383,0.3340786152181753
19,140.0,65.0,32072.0,31931.0,141.0,32279.0,32257.0,22.0,32410.0,32405.0,5.0,3.76,3.656,0.10399999999999965,0.25583900000000004,0.25583900000000004,0.0,0.7751479289940828,0.6244725738396624,0.15067535515442043
19,141.0,66.0,32410.0,32405.0,5.0,32693.0,32688.0,5.0,32820.0,33263.0,-443.0,3.312,3.448,-0.13600000000000012,0.355469,0.355469,0.0,0.6195121951219512,0.6596736596736597,-0.04016146455170844
19,144.0,67.0,33286.0,33263.0,23.0,33631.0,33619.0,12.0,33779.0,33748.0,31.0,3.824,7.448,-3.6240000000000006,0.18204,0.18204,0.0,0.6004056795131846,0.5319587628865979,0.06844691662658664
19,145.0,68.0,33779.0,33748.0,31.0,33989.0,34015.0,-26.0,34191.0,34150.0,41.0,2.864,3.168,-0.30400000000000027,0.18942,0.18942,0.0,0.9805825242718447,0.6716417910447761,0.3089407332270686
19,147.0,69.0,34303.0,34150.0,153.0,34494.0,34483.0,11.0,34632.0,34618.0,14.0,1.592,3.744,-2.152,0.19925999999999996,0.19925999999999996,0.0,0.8389057750759878,0.5769230769230769,0.261982698152911
19,149.0,70.0,34726.0,34618.0,108.0,34941.0,34940.0,1.0,35084.0,35091.0,-7.0,1.728,3.656,-1.9280000000000002,0.33087,0.33087,0.0,0.7988826815642458,0.638477801268499,0.16040488029574684
19,150.0,71.0,35084.0,35091.0,-7.0,35225.0,35234.0,-9.0,35357.0,35341.0,16.0,2.272,2.352,-0.08000000000000007,0.41451,0.412049,0.002460999999999991,0.967032967032967,0.856,0.11103296703296706
19,151.0,72.0,35357.0,35341.0,16.0,35549.0,35540.0,9.0,35741.0,36156.0,-415.0,2.592,2.448,0.14400000000000013,0.33210999999999996,0.49446999999999997,-0.16236,1.0,0.48834355828220855,0.5116564417177915
19,154.0,73.0,36152.0,36156.0,-4.0,36481.0,36477.0,4.0,36641.0,36623.0,18.0,3.904,7.496,-3.5920000000000005,0.32964,0.32964,0.0,0.6543967280163598,0.6252676659528908,0.02912906206346899
19,155.0,74.0,36641.0,36623.0,18.0,36925.0,36912.0,13.0,37070.0,37041.0,29.0,3.552,3.48,0.07200000000000006,0.448951,0.448951,0.0,0.675990675990676,0.6172248803827751,0.05876579560790085
19,156.0,75.0,37070.0,37041.0,29.0,37425.0,37412.0,13.0,37553.0,37521.0,32.0,4.0,4.0,0.0,0.53752,0.5633509999999999,-0.025830999999999937,0.5300207039337475,0.4541666666666667,0.07585403726708073
19,157.0,76.0,37553.0,37521.0,32.0,37593.0,37622.0,-29.0,38033.0,38040.0,-7.0,1.344,1.68,-0.33599999999999985,0.319799,0.321029,-0.0012300000000000089,0.16666666666666663,0.3892100192678227,-0.2225433526011561
19,159.0,77.0,38141.0,38040.0,101.0,38353.0,38342.0,11.0,38479.0,38468.0,11.0,1.728,5.76,-4.032,0.21156000000000003,0.258299,-0.046738999999999975,0.7455621301775148,0.5887850467289719,0.1567770834485429
19,160.0,78.0,38479.0,38468.0,11.0,38827.0,38818.0,9.0,39098.0,39087.0,11.0,3.792,3.808,-0.016000000000000014,0.26691,0.26691,0.0,0.875605815831987,0.8691437802907915,0.00646203554119551
19,161.0,79.0,39098.0,39087.0,11.0,39296.0,39290.0,6.0,39405.0,39412.0,-7.0,3.752,3.776,-0.02400000000000002,0.23739,0.23739,0.0,0.7100977198697068,0.7507692307692307,-0.04067151089952392
19,162.0,80.0,39405.0,39412.0,-7.0,39516.0,39536.0,-20.0,39683.0,39654.0,29.0,1.76,1.968,-0.20799999999999996,0.23124,0.23124,0.0,0.7985611510791367,0.9752066115702479,-0.17664546049111118
19,164.0,81.0,39858.0,39654.0,204.0,40011.0,40008.0,3.0,40174.0,40143.0,31.0,2.352,3.776,-1.424,0.24969,0.24969,0.0,0.9683544303797469,0.5521472392638036,0.4162071911159433
19,165.0,82.0,40174.0,40143.0,31.0,40485.0,40476.0,9.0,40635.0,40617.0,18.0,3.792,3.744,0.0479999999999996,0.18573,0.20418,-0.018449999999999994,0.6507592190889371,0.5949367088607596,0.055822510228177524
19,167.0,83.0,40787.0,40617.0,170.0,40946.0,40945.0,1.0,41098.0,41064.0,34.0,1.688,3.752,-2.064,0.23001,0.25215,-0.022139999999999993,0.977491961414791,0.5324384787472036,0.4450534826675874
19,168.0,84.0,41098.0,41064.0,34.0,41418.0,41413.0,5.0,41664.0,41714.0,-50.0,3.776,3.744,0.031999999999999584,0.24354,0.25215,-0.008609999999999979,0.8692579505300353,0.9261538461538461,-0.05689589562381081
19,169.0,85.0,41664.0,41714.0,-50.0,41875.0,41871.0,4.0,42038.0,42007.0,31.0,3.656,3.664,-0.008000000000000007,0.25706999999999997,0.25706999999999997,0.0,0.8716577540106951,0.9283276450511946,-0.056669891040499465
19,171.0,86.0,42175.0,42007.0,168.0,42284.0,42303.0,-19.0,42475.0,42451.0,24.0,0.896,3.456,-2.56,0.26199,0.26199,0.0,0.7266666666666667,0.6666666666666667,0.05999999999999994
19,172.0,87.0,42475.0,42451.0,24.0,42661.0,42657.0,4.0,42806.0,43216.0,-410.0,3.016,2.832,0.18400000000000016,0.38129899999999994,0.42066,-0.039361000000000035,0.8761329305135952,0.538562091503268,0.33757083901032725
19,175.0,88.0,43257.0,43216.0,41.0,43601.0,43595.0,6.0,43780.0,43799.0,-19.0,4.032,7.504,-3.4719999999999995,0.26937,0.27429000000000003,-0.0049200000000000355,0.6845124282982792,0.6998284734133791,-0.015316045115099874
19,176.0,89.0,43780.0,43799.0,-19.0,43921.0,43945.0,-24.0,44123.0,44110.0,13.0,2.56,2.8,-0.23999999999999977,0.26199,0.26199,0.0,0.8221574344023324,0.9389067524115755,-0.11674931800924315
19,178.0,90.0,44269.0,44110.0,159.0,44405.0,44380.0,25.0,44541.0,44531.0,10.0,1.504,3.48,-1.976,0.15621,0.15621,0.0,1.0,0.7173396674584323,0.28266033254156775
19,179.0,91.0,44541.0,44531.0,10.0,44847.0,44875.0,-28.0,45055.0,45027.0,28.0,3.536,3.96,-0.42399999999999993,0.22139999999999999,0.22139999999999999,0.0,0.8093385214007782,0.6129032258064516,0.1964352955943266
19,181.0,92.0,45197.0,45027.0,170.0,45346.0,45340.0,6.0,45498.0,45474.0,24.0,1.592,3.72,-2.128,0.21402,0.21279,0.0012299999999999811,0.9900332225913622,0.5995525727069351,0.3904806498844271
19,182.0,93.0,45498.0,45474.0,24.0,45813.0,45796.0,17.0,45952.0,45921.0,31.0,3.736,3.648,0.08800000000000008,0.30012,0.30012,0.0,0.6123348017621145,0.5592841163310962,0.05305068543101832
19,184.0,94.0,46188.0,45921.0,267.0,46297.0,46276.0,21.0,46423.0,46697.0,-274.0,1.12,3.84,-2.7199999999999998,0.14145000000000002,0.22755,-0.08609999999999998,0.9276595744680851,0.9149484536082474,0.012711120859837721
19,187.0,95.0,46830.0,46697.0,133.0,47111.0,47106.0,5.0,47257.0,47277.0,-20.0,2.88,6.64,-3.76,0.24968999999999997,0.30749899999999997,-0.057809,0.6838407494145199,0.5896551724137931,0.09418557700072683
19,188.0,96.0,47257.0,47277.0,-20.0,47571.0,47537.0,34.0,47884.0,47840.0,44.0,3.68,3.448,0.2320000000000002,0.57565,0.57565,0.0,0.9984051036682615,0.9236234458259325,0.07478165784232904
19,189.0,97.0,47884.0,47840.0,44.0,48045.0,48050.0,-5.0,48281.0,48330.0,-49.0,3.792,4.104,-0.3120000000000003,0.16236,0.16851,-0.006149999999999989,0.8110831234256927,0.8571428571428572,-0.04605973371716454
19,190.0,98.0,48281.0,48330.0,-49.0,48485.0,48491.0,-6.0,48635.0,48610.0,25.0,3.52,3.528,-0.008000000000000007,0.17589000000000005,0.17343000000000003,0.0024600000000000177,0.847457627118644,0.85,-0.0025423728813559476
19,192.0,99.0,48776.0,48610.0,166.0,48977.0,48967.0,10.0,49097.0,49088.0,9.0,2.4,3.808,-1.408,0.18819000000000002,0.19680000000000003,-0.008610000000000007,0.7476635514018692,0.506276150627615,0.24138740077425425
19,193.0,100.0,49097.0,49088.0,9.0,49447.0,49434.0,13.0,49609.0,49597.0,12.0,3.76,3.736,0.023999999999999577,0.25953,0.25953,0.0,0.6328125,0.6404715127701375,-0.007659012770137474
19,194.0,101.0,49609.0,49597.0,12.0,49921.0,49908.0,13.0,50042.0,50014.0,28.0,3.792,3.792,0.0,0.22878000000000004,0.22878000000000004,0.0,0.558891454965358,0.5083932853717026,0.050498169593655384
19,196.0,103.0,50527.0,50493.0,34.0,50835.0,50818.0,17.0,50969.0,50962.0,7.0,4.736,3.776,0.96,0.22754999999999997,0.20909999999999998,0.018449999999999994,0.6063348416289593,0.6140724946695095,-0.007737653040550185
19,197.0,104.0,50969.0,50962.0,7.0,51299.0,51287.0,12.0,51453.0,51429.0,24.0,3.712,3.752,-0.03999999999999959,0.20049,0.20049,0.0,0.6363636363636364,0.60813704496788,0.02822659139575634
19,199.0,105.0,51562.0,51429.0,133.0,51763.0,51750.0,13.0,51888.0,51870.0,18.0,1.632,3.704,-2.072,0.22016999999999998,0.22016999999999998,0.0,0.7668711656441718,0.5442176870748299,0.22265347856934192
19,200.0,106.0,51888.0,51870.0,18.0,52235.0,52224.0,11.0,52390.0,52370.0,20.0,3.776,3.792,-0.016000000000000014,0.21648,0.21648,0.0,0.6175298804780877,0.5840000000000001,0.03352988047808758
19,201.0,107.0,52390.0,52370.0,20.0,52699.0,52692.0,7.0,52829.0,52820.0,9.0,3.712,3.744,-0.03200000000000003,0.21033,0.20172,0.008609999999999979,0.5922551252847381,0.5688888888888889,0.023366236395849227
19,203.0,108.0,53000.0,52820.0,180.0,53176.0,53169.0,7.0,53320.0,53301.0,19.0,2.176,3.816,-1.6399999999999997,0.1845,0.20171999999999998,-0.017219999999999985,0.9,0.5488565488565489,0.35114345114345114
19,204.0,109.0,53320.0,53301.0,19.0,53610.0,53631.0,-21.0,53799.0,53765.0,34.0,3.472,3.696,-0.2240000000000002,0.18572999999999998,0.18572999999999998,0.0,0.7891440501043842,0.5775862068965517,0.21155784320783244
19,205.0,110.0,53799.0,53765.0,34.0,54113.0,54093.0,20.0,54314.0,54259.0,55.0,4.024,3.696,0.32799999999999985,0.27429,0.27429,0.0,0.7805825242718447,0.6720647773279352,0.10851774694390948
19,206.0,111.0,54314.0,54259.0,55.0,54519.0,54505.0,14.0,54661.0,54653.0,8.0,3.248,3.296,-0.0479999999999996,0.26691,0.246,0.020909999999999984,0.8184438040345822,0.751269035532995,0.06717476850158721
19,207.0,112.0,54661.0,54653.0,8.0,54949.0,54970.0,-21.0,55137.0,55107.0,30.0,3.44,3.72,-0.28000000000000025,0.2091,0.2091,0.0,0.7899159663865546,0.6035242290748899,0.1863917373116647
19,208.0,113.0,55137.0,55107.0,30.0,55445.0,55435.0,10.0,55599.0,55717.0,-118.0,3.968,3.72,0.24799999999999978,0.23985,0.23985,0.0,0.6666666666666667,0.9245901639344263,-0.25792349726775954
19,209.0,114.0,55599.0,55717.0,-118.0,55829.0,55862.0,-33.0,56260.0,56496.0,-236.0,3.072,3.416,-0.34399999999999986,0.97914,1.00743,-0.028290000000000037,0.6959152798789713,0.37227214377406936,0.3236431361049019
19,211.0,115.0,56501.0,56496.0,5.0,56850.0,56837.0,13.0,56991.0,56970.0,21.0,3.832,7.8,-3.968,0.17588900000000002,0.17588900000000002,0.0,0.5755102040816327,0.5611814345991561,0.014328769482476522
19,213.0,116.0,57169.0,56970.0,199.0,57314.0,57314.0,0.0,57479.0,57510.0,-31.0,1.656,3.816,-2.16,0.21771000000000001,0.24231,-0.024599999999999983,0.935483870967742,0.7259259259259259,0.20955794504181613
19,215.0,117.0,57702.0,57510.0,192.0,57813.0,57818.0,-5.0,58102.0,58141.0,-39.0,1.616,4.032,-2.416,0.18942,0.284129,-0.09470900000000002,0.5549999999999999,0.9762282091917591,-0.4212282091917592
19,216.0,118.0,58102.0,58141.0,-39.0,58265.0,58258.0,7.0,58406.0,58379.0,27.0,3.616,3.52,0.09600000000000009,0.15744,0.15744,0.0,0.9276315789473684,0.9831932773109243,-0.055561698363555956
19,217.0,119.0,58406.0,58379.0,27.0,58712.0,58714.0,-2.0,58900.0,58855.0,45.0,3.576,3.648,-0.07200000000000006,0.25092000000000003,0.25092000000000003,0.0,0.7611336032388664,0.592436974789916,0.1686966284489504
19,218.0,120.0,58900.0,58855.0,45.0,59196.0,59185.0,11.0,59341.0,59323.0,18.0,3.872,3.768,0.10400000000000009,0.18081,0.18819,-0.007379999999999998,0.6575963718820862,0.5897435897435898,0.06785278213849644
19,219.0,121.0,59341.0,59323.0,18.0,59649.0,59663.0,-14.0,59839.0,59804.0,35.0,3.624,3.824,-0.19999999999999973,0.24107999999999996,0.24107999999999996,0.0,0.7630522088353413,0.5862785862785862,0.1767736225567551
20,1.0,1.0,374.0,362.0,12.0,515.0,560.0,-45.0,812.0,814.0,-2.0,,3.6,,1.0,1.0,0.0,0.6438356164383562,0.8761061946902655,-0.23227057825190933
20,2.0,2.0,812.0,814.0,-2.0,929.0,969.0,-40.0,1268.0,1293.0,-25.0,3.312,3.272,0.040000000000000036,0.998045,1.0,-0.00195500000000004,0.513157894736842,0.6471816283924843,-0.13402373365564224
20,3.0,3.0,1268.0,1293.0,-25.0,1401.0,1453.0,-52.0,1711.0,1729.0,-18.0,3.776,3.872,-0.09600000000000009,1.0,1.0,0.0,0.600451467268623,0.7339449541284404,-0.13349348685981743
20,4.0,4.0,1711.0,1729.0,-18.0,1837.0,1893.0,-56.0,2180.0,2213.0,-33.0,3.488,3.52,-0.03200000000000003,1.0,1.0,0.0,0.5373134328358209,0.6776859504132231,-0.1403725175774022
20,5.0,5.0,2180.0,2213.0,-33.0,2349.0,2402.0,-53.0,2717.0,2703.0,14.0,4.096,4.072,0.02400000000000002,1.0,1.0,0.0,0.6294227188081937,0.7714285714285715,-0.1420058526203778
20,6.0,6.0,2717.0,2703.0,14.0,2893.0,2946.0,-53.0,3247.0,3266.0,-19.0,4.352,4.352,0.0,1.0,1.0,0.0,0.6641509433962265,0.8632326820603908,-0.19908173866416434
20,7.0,7.0,3247.0,3266.0,-19.0,3421.0,3458.0,-37.0,3721.0,3705.0,16.0,4.224,4.096,0.1280000000000001,1.0,1.0,0.0,0.7341772151898734,0.8747152619589977,-0.1405380467691243
20,8.0,8.0,3721.0,3705.0,16.0,3851.0,3910.0,-59.0,4225.0,4225.0,0.0,3.44,3.616,-0.17600000000000016,1.0,1.0,0.0,0.5158730158730158,0.7884615384615384,-0.2725885225885226
20,10.0,10.0,4751.0,4730.0,21.0,4881.0,4937.0,-56.0,5208.0,5205.0,3.0,4.096,3.136,0.96,1.0,1.0,0.0,0.5689277899343546,0.871578947368421,-0.30265115743406645
20,11.0,11.0,5208.0,5205.0,3.0,5357.0,5403.0,-46.0,5692.0,5705.0,-13.0,3.808,3.728,0.07999999999999963,1.0,1.0,0.0,0.615702479338843,0.792,-0.176297520661157
20,12.0,12.0,5692.0,5705.0,-13.0,5855.0,5904.0,-49.0,6151.0,6174.0,-23.0,3.984,4.008,-0.02400000000000002,1.0,1.0,0.0,0.710239651416122,0.8486140724946695,-0.13837442107854747
20,13.0,13.0,6151.0,6174.0,-23.0,6325.0,6383.0,-58.0,6639.0,6646.0,-7.0,3.76,3.832,-0.07200000000000006,1.0,1.0,0.0,0.7131147540983607,0.885593220338983,-0.17247846624062235
20,14.0,14.0,6639.0,6646.0,-7.0,6799.0,6850.0,-51.0,7136.0,7125.0,11.0,3.792,3.736,0.055999999999999606,1.0,1.0,0.0,0.6438631790744467,0.8517745302713987,-0.20791135119695203
20,15.0,15.0,7136.0,7125.0,11.0,7279.0,7329.0,-50.0,7627.0,7613.0,14.0,3.84,3.832,0.008000000000000007,1.0,1.0,0.0,0.5824847250509164,0.8360655737704918,-0.2535808487195754
20,16.0,16.0,7627.0,7613.0,14.0,7773.0,7831.0,-58.0,8134.0,8103.0,31.0,3.952,4.016,-0.06400000000000006,1.0,1.0,0.0,0.5759368836291914,0.889795918367347,-0.3138590347381556
20,17.0,17.0,8134.0,8103.0,31.0,8405.0,8411.0,-6.0,8637.0,8615.0,22.0,5.056,4.64,0.41600000000000037,0.96188,0.96188,0.0,0.9224652087475149,0.796875,0.12559020874751492
20,18.0,18.0,8637.0,8615.0,22.0,8777.0,8840.0,-63.0,9119.0,9138.0,-19.0,2.976,3.432,-0.45599999999999996,0.956989,1.0,-0.04301100000000002,0.5809128630705394,0.8604206500956023,-0.27950778702506296
20,19.0,19.0,9119.0,9138.0,-19.0,9243.0,9290.0,-47.0,9446.0,9418.0,28.0,3.728,3.6,0.1280000000000001,0.957967,0.950147,0.00782000000000005,0.7584097859327217,0.9142857142857143,-0.15587592835299258
20,20.0,20.0,9446.0,9418.0,28.0,9497.0,9490.0,7.0,9603.0,9614.0,-11.0,2.032,1.6,0.43199999999999994,0.7693099999999999,0.7693099999999999,0.0,0.6496815286624205,0.7346938775510203,-0.08501234888859988
20,21.0,21.0,9603.0,9614.0,-11.0,9709.0,9770.0,-61.0,10087.0,10115.0,-28.0,1.696,2.24,-0.5440000000000003,1.0,1.0,0.0,0.4380165289256198,0.6227544910179641,-0.18473796209234428
20,22.0,22.0,10087.0,10115.0,-28.0,10287.0,10338.0,-51.0,10602.0,10593.0,9.0,4.624,4.544,0.08000000000000007,1.0,1.0,0.0,0.7766990291262136,0.9330543933054394,-0.1563553641792258
20,23.0,23.0,10602.0,10593.0,9.0,10766.0,10798.0,-32.0,11085.0,11075.0,10.0,3.832,3.68,0.1519999999999997,1.0,1.0,0.0,0.6790890269151139,0.8506224066390041,-0.17153337972389027
20,24.0,24.0,11085.0,11075.0,10.0,11247.0,11299.0,-52.0,11615.0,11596.0,19.0,3.848,4.008,-0.16000000000000014,1.0,1.0,0.0,0.6113207547169811,0.8598848368522073,-0.24856408213522618
20,25.0,25.0,11615.0,11596.0,19.0,11769.0,11831.0,-62.0,12147.0,12140.0,7.0,4.176,4.256,-0.08000000000000007,1.0,1.0,0.0,0.5789473684210527,0.8639705882352942,-0.2850232198142415
20,26.0,26.0,12147.0,12140.0,7.0,12291.0,12346.0,-55.0,12605.0,12603.0,2.0,4.176,4.12,0.05600000000000005,1.0,1.0,0.0,0.62882096069869,0.8898488120950324,-0.26102785139634244
20,27.0,27.0,12605.0,12603.0,2.0,12835.0,12843.0,-8.0,13087.0,13070.0,17.0,4.352,3.976,0.37600000000000033,1.0,1.0,0.0,0.9543568464730291,0.9721627408993576,-0.017805894426328517
20,28.0,28.0,13087.0,13070.0,17.0,13231.0,13293.0,-62.0,13606.0,13614.0,-8.0,3.168,3.6,-0.43199999999999994,1.0,1.0,0.0,0.5549132947976878,0.8198529411764706,-0.26493964637878276
20,29.0,29.0,13606.0,13614.0,-8.0,13807.0,13815.0,-8.0,14142.0,14142.0,0.0,4.608,4.176,0.4319999999999995,1.0,1.0,0.0,0.75,0.7613636363636364,-0.011363636363636354
20,31.0,31.0,14597.0,14583.0,14.0,14723.0,14783.0,-60.0,15085.0,15082.0,3.0,3.36,3.24,0.11999999999999966,1.0,1.0,0.0,0.5163934426229508,0.8016032064128257,-0.28520976378987484
20,32.0,32.0,15085.0,15082.0,3.0,15319.0,15300.0,19.0,15555.0,15535.0,20.0,4.768,4.136,0.6319999999999997,0.88074,0.88074,0.0,0.9957446808510638,0.9624724061810155,0.03327227467004834
20,33.0,33.0,15555.0,15535.0,20.0,15695.0,15749.0,-54.0,16013.0,16007.0,6.0,3.008,3.592,-0.5840000000000001,1.0,1.0,0.0,0.611353711790393,0.9067796610169492,-0.2954259492265562
20,34.0,34.0,16013.0,16007.0,6.0,16161.0,16205.0,-44.0,16564.0,16554.0,10.0,3.728,3.648,0.08000000000000007,1.0,1.0,0.0,0.5372050816696915,0.7239488117001829,-0.18674373003049138
20,35.0,35.0,16564.0,16554.0,10.0,16800.0,16778.0,22.0,17111.0,17110.0,1.0,5.112,4.584,0.5280000000000005,1.0,1.0,0.0,0.8628884826325411,0.8057553956834532,0.05713308694908792
20,36.0,36.0,17111.0,17110.0,1.0,17259.0,17311.0,-52.0,17559.0,17551.0,8.0,3.672,4.264,-0.5920000000000001,1.0,1.0,0.0,0.6607142857142857,0.9115646258503401,-0.25085034013605445
20,37.0,37.0,17559.0,17551.0,8.0,17739.0,17744.0,-5.0,18041.0,18027.0,14.0,3.84,3.464,0.3759999999999999,0.90811,0.90811,0.0,0.7468879668049793,0.8109243697478992,-0.0640364029429199
20,38.0,38.0,18041.0,18027.0,14.0,18253.0,18268.0,-15.0,18518.0,18486.0,32.0,4.112,4.192,-0.08000000000000007,1.0,1.0,0.0,0.8888888888888888,0.9498910675381264,-0.061002178649237515
20,39.0,39.0,18518.0,18486.0,32.0,18663.0,18720.0,-57.0,19006.0,18987.0,19.0,3.28,3.616,-0.3360000000000003,1.0,1.0,0.0,0.5942622950819672,0.9341317365269461,-0.339869441444979
20,40.0,40.0,19006.0,18987.0,19.0,19195.0,19224.0,-29.0,19490.0,19485.0,5.0,4.256,4.032,0.2240000000000002,1.0,1.0,0.0,0.78099173553719,0.9518072289156626,-0.17081549337847257
20,41.0,41.0,19490.0,19485.0,5.0,19617.0,19666.0,-49.0,19965.0,19948.0,17.0,3.376,3.536,-0.16000000000000014,1.0,1.0,0.0,0.5347368421052632,0.7818574514038876,-0.24712060929862445
20,42.0,42.0,19965.0,19948.0,17.0,20153.0,20183.0,-30.0,20447.0,20453.0,-6.0,4.288,4.136,0.15200000000000014,0.947214,1.0,-0.052786,0.7800829875518672,0.9306930693069306,-0.1506100817550634
20,43.0,43.0,20447.0,20453.0,-6.0,20597.0,20641.0,-44.0,20942.0,20913.0,29.0,3.552,3.664,-0.1120000000000001,1.0,1.0,0.0,0.6060606060606061,0.817391304347826,-0.21133069828721995
20,44.0,44.0,20942.0,20913.0,29.0,21180.0,21152.0,28.0,21442.0,21448.0,-6.0,4.664,4.088,0.5759999999999996,0.96188,0.96188,0.0,0.952,0.8934579439252337,0.05854205607476626
20,46.0,46.0,21959.0,21965.0,-6.0,22153.0,22215.0,-62.0,22507.0,22501.0,6.0,4.416,4.384,0.03200000000000003,1.0,1.0,0.0,0.708029197080292,0.9328358208955224,-0.22480662381523042
20,47.0,47.0,22507.0,22501.0,6.0,22718.0,22730.0,-12.0,23006.0,22991.0,15.0,4.52,4.12,0.39999999999999947,0.9697,0.9697,0.0,0.845691382765531,0.9346938775510204,-0.08900249478548938
20,48.0,48.0,23006.0,22991.0,15.0,23153.0,23209.0,-56.0,23508.0,23499.0,9.0,3.48,3.832,-0.35199999999999987,1.0,1.0,0.0,0.5856573705179282,0.8582677165354331,-0.2726103460175049
20,49.0,49.0,23508.0,23499.0,9.0,23659.0,23710.0,-51.0,23977.0,23973.0,4.0,4.048,4.008,0.040000000000000036,1.0,1.0,0.0,0.6439232409381663,0.890295358649789,-0.2463721177116227
20,52.0,51.0,24496.0,24524.0,-28.0,24667.0,24704.0,-37.0,24971.0,24971.0,0.0,1.872,4.128,-2.2560000000000002,1.0,1.0,0.0,0.72,0.8053691275167785,-0.0853691275167785
20,53.0,52.0,24971.0,24971.0,0.0,25101.0,25157.0,-56.0,25434.0,25444.0,-10.0,3.472,3.624,-0.15200000000000014,1.0,1.0,0.0,0.5615550755939525,0.7864693446088795,-0.22491426901492706
20,54.0,53.0,25434.0,25444.0,-10.0,25593.0,25640.0,-47.0,25911.0,25923.0,-12.0,3.936,3.864,0.07200000000000006,1.0,1.0,0.0,0.6666666666666667,0.8183716075156576,-0.1517049408489909
20,55.0,54.0,25911.0,25923.0,-12.0,26081.0,26125.0,-44.0,26406.0,26425.0,-19.0,3.904,3.88,0.02400000000000002,1.0,1.0,0.0,0.6868686868686869,0.8047808764940239,-0.117912189625337
20,56.0,55.0,26406.0,26425.0,-19.0,26567.0,26618.0,-51.0,26929.0,26939.0,-10.0,3.888,3.944,-0.05600000000000005,1.0,1.0,0.0,0.6156787762906311,0.7509727626459144,-0.13529398635528334
20,57.0,56.0,26929.0,26939.0,-10.0,27079.0,27118.0,-39.0,27406.0,27435.0,-29.0,4.096,4.0,0.09600000000000009,1.0,1.0,0.0,0.628930817610063,0.7217741935483871,-0.09284337593832415
20,60.0,57.0,27974.0,28016.0,-42.0,28133.0,28175.0,-42.0,28443.0,28456.0,-13.0,1.584,1.952,-0.3679999999999999,1.0,1.0,0.0,0.6780383795309168,0.7227272727272727,-0.04468889319635583
20,61.0,58.0,28443.0,28456.0,-13.0,28625.0,28653.0,-28.0,28936.0,28938.0,-2.0,3.936,3.824,0.1120000000000001,0.99316,0.99316,0.0,0.7383367139959431,0.8174273858921162,-0.07909067189617303
20,62.0,59.0,28936.0,28938.0,-2.0,29093.0,29139.0,-46.0,29428.0,29453.0,-25.0,3.744,3.888,-0.14399999999999968,1.0,1.0,0.0,0.6382113821138211,0.7805825242718447,-0.1423711421580236
20,63.0,60.0,29428.0,29453.0,-25.0,29635.0,29677.0,-42.0,29992.0,29982.0,10.0,4.336,4.304,0.03200000000000003,1.0,1.0,0.0,0.7340425531914894,0.8468809073724007,-0.11283835418091137
20,64.0,61.0,29992.0,29982.0,10.0,30153.0,30200.0,-47.0,30481.0,30491.0,-10.0,4.144,4.184,-0.040000000000000036,1.0,1.0,0.0,0.6584867075664622,0.8565815324165029,-0.1980948248500407
20,65.0,62.0,30481.0,30491.0,-10.0,30671.0,30692.0,-21.0,30959.0,30958.0,1.0,4.144,3.936,0.20800000000000018,1.0,0.981427,0.01857299999999995,0.7949790794979079,0.8608137044967881,-0.06583462499888015
20,66.0,63.0,30959.0,30958.0,1.0,31187.0,31162.0,25.0,31449.0,31457.0,-8.0,4.128,3.76,0.3680000000000003,0.8211189999999999,0.8211189999999999,0.0,0.9306122448979592,0.8176352705410822,0.11297697435687704
20,67.0,64.0,31449.0,31457.0,-8.0,31625.0,31658.0,-33.0,31955.0,31992.0,-37.0,3.504,3.968,-0.46399999999999997,0.868034,0.851416,0.01661800000000002,0.6956521739130435,0.7514018691588785,-0.05574969524583506
20,68.0,65.0,31955.0,31992.0,-37.0,32097.0,32131.0,-34.0,32321.0,32298.0,23.0,3.776,3.784,-0.008000000000000007,0.84653,0.84066,0.005870000000000042,0.7759562841530054,0.9084967320261438,-0.13254044787313835
20,71.0,66.0,32964.0,32966.0,-2.0,33133.0,33174.0,-41.0,33416.0,33392.0,24.0,4.64,4.52,0.1200000000000001,1.0,1.0,0.0,0.747787610619469,0.9765258215962441,-0.22873821097677516
20,72.0,67.0,33416.0,33392.0,24.0,33575.0,33612.0,-37.0,33883.0,33897.0,-14.0,3.536,3.504,0.03200000000000003,0.88368,0.88368,0.0,0.6809421841541756,0.8712871287128713,-0.19034494455869566
20,73.0,68.0,33883.0,33897.0,-14.0,34081.0,34127.0,-46.0,34394.0,34393.0,1.0,4.048,4.12,-0.07200000000000006,1.0,1.0,0.0,0.7749510763209393,0.9274193548387096,-0.15246827851777034
20,74.0,69.0,34394.0,34393.0,1.0,34587.0,34614.0,-27.0,34962.0,34948.0,14.0,4.048,3.896,0.15200000000000014,1.0,1.0,0.0,0.6795774647887324,0.7963963963963964,-0.11681893160766399
20,75.0,70.0,34962.0,34948.0,14.0,35142.0,35187.0,-45.0,35467.0,35456.0,11.0,4.44,4.584,-0.14399999999999924,1.0,1.0,0.0,0.7128712871287128,0.9409448818897638,-0.22807359476105094
20,76.0,71.0,35467.0,35456.0,11.0,35617.0,35673.0,-56.0,35950.0,35950.0,0.0,3.8,3.888,-0.08800000000000008,0.970674,0.9970675,-0.02639349999999996,0.6211180124223603,0.8785425101214575,-0.25742449769909714
20,77.0,72.0,35950.0,35950.0,0.0,36182.0,36162.0,20.0,36392.0,36471.0,-79.0,4.52,3.912,0.6079999999999997,0.74878,0.87879,-0.13000999999999996,0.9502262443438914,0.8138195777351247,0.13640666660876666
20,80.0,74.0,36951.0,36950.0,1.0,37099.0,37146.0,-47.0,37395.0,37406.0,-11.0,3.584,3.32,0.26400000000000023,1.0,1.0,0.0,0.6666666666666667,0.8596491228070176,-0.1929824561403508
20,81.0,75.0,37395.0,37406.0,-11.0,37630.0,37647.0,-17.0,37903.0,37901.0,2.0,4.248,4.008,0.2400000000000002,0.91789,0.91789,0.0,0.9251968503937008,0.9737373737373738,-0.04854052334367298
20,82.0,76.0,37903.0,37901.0,2.0,38097.0,38130.0,-33.0,38419.0,38421.0,-2.0,3.736,3.864,-0.12799999999999967,0.95503,0.95503,0.0,0.751937984496124,0.8807692307692307,-0.12883124627310671
20,83.0,77.0,38419.0,38421.0,-2.0,38603.0,38639.0,-36.0,38808.0,38797.0,11.0,4.048,4.072,-0.02400000000000002,1.0,1.0,0.0,0.9460154241645244,0.8404255319148937,0.10558989224963078
20,84.0,78.0,38808.0,38797.0,11.0,38883.0,38889.0,-6.0,38968.0,38987.0,-19.0,2.24,2.0,0.2400000000000002,0.61095,0.61095,0.0,0.9375,0.968421052631579,-0.03092105263157896
20,85.0,79.0,38968.0,38987.0,-19.0,39085.0,39128.0,-43.0,39346.0,39322.0,24.0,1.616,1.912,-0.2959999999999998,0.919844,0.8915,0.028344000000000036,0.6190476190476191,0.8417910447761194,-0.22274342572850037
20,87.0,80.0,39410.0,39322.0,88.0,39571.0,39631.0,-60.0,39936.0,39971.0,-35.0,1.488,4.024,-2.536,1.0,1.0,0.0,0.6121673003802282,0.9522342064714946,-0.34006690609126644
20,88.0,81.0,39936.0,39971.0,-35.0,40105.0,40164.0,-59.0,40431.0,40438.0,-7.0,4.272,4.264,0.008000000000000007,1.0,1.0,0.0,0.6828282828282828,0.8265524625267666,-0.14372417969848383
20,89.0,82.0,40431.0,40438.0,-7.0,40567.0,40612.0,-45.0,40807.0,40782.0,25.0,3.696,3.584,0.1120000000000001,0.72532,0.72532,0.0,0.7234042553191489,0.9883720930232558,-0.2649678377041069
20,93.0,83.0,41458.0,41488.0,-30.0,41613.0,41658.0,-45.0,41949.0,41940.0,9.0,1.664,2.176,-0.5120000000000002,1.0,1.0,0.0,0.6313645621181263,0.752212389380531,-0.12084782726240473
20,94.0,84.0,41949.0,41940.0,9.0,42131.0,42182.0,-51.0,42479.0,42491.0,-12.0,4.144,4.192,-0.04800000000000004,1.0,1.0,0.0,0.6867924528301887,0.8784029038112523,-0.19161045098106355
20,95.0,85.0,42479.0,42491.0,-12.0,42631.0,42683.0,-52.0,42942.0,42974.0,-32.0,4.0,4.008,-0.008000000000000007,1.0,0.9912023,0.00879770000000002,0.6565874730021598,0.7950310559006211,-0.13844358289846126
20,96.0,86.0,42942.0,42974.0,-32.0,43111.0,43133.0,-22.0,43370.0,43490.0,-120.0,3.84,3.6,0.23999999999999977,0.929619,1.0,-0.07038100000000003,0.7897196261682243,0.6162790697674418,0.1734405564007825
20,98.0,87.0,43457.0,43490.0,-33.0,43609.0,43663.0,-54.0,43983.0,43936.0,47.0,1.536,4.24,-2.704,1.0,1.0,0.0,0.5779467680608366,0.7757847533632287,-0.19783798530239216
20,99.0,88.0,43983.0,43936.0,47.0,44225.0,44241.0,-16.0,44515.0,44537.0,-22.0,4.928,4.624,0.30400000000000027,1.0,1.0,0.0,0.9097744360902256,0.9850249584026622,-0.07525052231243667
20,100.0,89.0,44515.0,44537.0,-22.0,44669.0,44721.0,-52.0,45012.0,45031.0,-19.0,3.552,3.84,-0.2879999999999998,1.0,1.0,0.0,0.619718309859155,0.7449392712550607,-0.12522096139590566
20,101.0,90.0,45012.0,45031.0,-19.0,45189.0,45243.0,-54.0,45517.0,45527.0,-10.0,4.16,4.176,-0.016000000000000014,1.0,1.0,0.0,0.700990099009901,0.8548387096774194,-0.15384861066751843
20,102.0,91.0,45517.0,45527.0,-10.0,45661.0,45721.0,-60.0,45997.0,45990.0,7.0,3.776,3.824,-0.04800000000000004,1.0,1.0,0.0,0.6,0.838012958963283,-0.238012958963283
20,103.0,92.0,45997.0,45990.0,7.0,46175.0,46228.0,-53.0,46492.0,46508.0,-16.0,4.112,4.056,0.05600000000000005,1.0,1.0,0.0,0.7191919191919192,0.9189189189189189,-0.1997269997269997
20,104.0,93.0,46492.0,46508.0,-16.0,46611.0,46666.0,-55.0,46921.0,46905.0,16.0,3.488,3.504,-0.016000000000000014,1.0,1.0,0.0,0.5547785547785548,0.7959697732997482,-0.2411912185211934
20,105.0,94.0,46921.0,46905.0,16.0,47147.0,47153.0,-6.0,47430.0,47439.0,-9.0,4.288,3.896,0.39200000000000035,1.0,1.0,0.0,0.888015717092338,0.9288389513108615,-0.04082323421852352
20,106.0,95.0,47430.0,47439.0,-9.0,47650.0,47674.0,-24.0,47938.0,47927.0,11.0,4.024,4.168,-0.14400000000000013,1.0,1.0,0.0,0.8661417322834646,0.9631147540983607,-0.09697302181489609
20,107.0,96.0,47938.0,47927.0,11.0,48101.0,48142.0,-41.0,48536.0,48549.0,-13.0,3.608,3.744,-0.13600000000000012,0.957965,0.95992,-0.00195500000000004,0.5451505016722409,0.6913183279742765,-0.14616782630203562
20,110.0,97.0,49047.0,49083.0,-36.0,49181.0,49232.0,-51.0,49514.0,49558.0,-44.0,1.744,1.944,-0.19999999999999996,0.946237,0.946237,0.0,0.5738758029978587,0.6273684210526316,-0.0534926180547729
20,111.0,98.0,49514.0,49558.0,-44.0,49675.0,49714.0,-39.0,49959.0,49987.0,-28.0,3.952,3.856,0.09600000000000009,0.981427,1.0,-0.01857299999999995,0.7235955056179775,0.7272727272727273,-0.003677221654749818
20,114.0,99.0,50550.0,50584.0,-34.0,50683.0,50733.0,-50.0,50950.0,50921.0,29.0,1.536,1.856,-0.32000000000000006,1.0,1.0,0.0,0.665,0.884272997032641,-0.21927299703264092
20,116.0,100.0,51044.0,50921.0,123.0,51259.0,51273.0,-14.0,51542.0,51557.0,-15.0,1.984,4.32,-2.3360000000000003,0.87097,0.98729,-0.11631999999999998,0.8634538152610441,0.8930817610062893,-0.029627945745245188
20,117.0,101.0,51542.0,51557.0,-15.0,51784.0,51814.0,-30.0,52057.0,52070.0,-13.0,4.2,4.328,-0.1280000000000001,0.787883,0.787883,0.0,0.9398058252427185,0.9980506822612085,-0.058244857018490026
20,118.0,102.0,52057.0,52070.0,-13.0,52321.0,52333.0,-12.0,52577.0,52536.0,41.0,4.296,4.152,0.14400000000000013,0.894431,0.8670599999999999,0.027371000000000034,0.9846153846153847,0.8712446351931331,0.11337074942225156
20,119.0,103.0,52577.0,52536.0,41.0,52807.0,52839.0,-32.0,53075.0,53058.0,17.0,3.888,4.048,-0.16000000000000014,0.935484,0.916911,0.01857299999999995,0.9236947791164658,0.8390804597701149,0.08461431934635089
20,121.0,104.0,53225.0,53058.0,167.0,53371.0,53429.0,-58.0,53772.0,53786.0,-14.0,1.2,4.72,-3.5199999999999996,1.0,1.0,0.0,0.5338208409506399,0.9807692307692307,-0.44694838981859086
20,122.0,105.0,53772.0,53786.0,-14.0,54017.0,54014.0,3.0,54269.0,54259.0,10.0,5.168,4.68,0.48800000000000043,0.96579,0.96579,0.0,0.9859154929577465,0.9640591966173362,0.02185629634041031
20,123.0,106.0,54269.0,54259.0,10.0,54509.0,54515.0,-6.0,54780.0,54829.0,-49.0,3.936,4.008,-0.07200000000000006,0.880744,0.898339,-0.017595000000000027,0.9393346379647749,0.8982456140350877,0.04108902392968716
20,124.0,107.0,54780.0,54829.0,-49.0,54993.0,55024.0,-31.0,55263.0,55227.0,36.0,3.872,4.072,-0.20000000000000018,0.875859,0.8719490000000001,0.003909999999999969,0.8819875776397516,0.9798994974874372,-0.09791191984768566
20,127.0,108.0,55775.0,55740.0,35.0,55949.0,56003.0,-54.0,56321.0,56296.0,25.0,3.248,3.504,-0.2559999999999998,1.0,1.0,0.0,0.6373626373626373,0.9460431654676259,-0.3086805281049886
20,128.0,109.0,56321.0,56296.0,25.0,56517.0,56546.0,-29.0,56819.0,56727.0,92.0,4.544,4.344,0.1999999999999993,0.86217,0.86217,0.0,0.7871485943775101,0.839907192575406,-0.05275859819789597
20,129.0,110.0,56819.0,56727.0,92.0,57019.0,57049.0,-30.0,57317.0,57324.0,-7.0,4.016,4.024,-0.008000000000000007,0.9951124,0.9951124,0.0,0.8032128514056225,0.9212730318257957,-0.11806018042017319
20,130.0,111.0,57317.0,57324.0,-7.0,57527.0,57535.0,-8.0,57859.0,57908.0,-49.0,4.064,3.888,0.17600000000000016,0.9266869999999999,0.9609,-0.03421300000000005,0.7749077490774907,0.7226027397260274,0.052305009351463316
20,131.0,112.0,57859.0,57908.0,-49.0,58067.0,58107.0,-40.0,58360.0,58371.0,-11.0,4.32,4.576,-0.25599999999999934,1.0,1.0,0.0,0.8303393213572854,0.8596112311015118,-0.029271909744226443
20,132.0,113.0,58360.0,58371.0,-11.0,58581.0,58620.0,-39.0,58954.0,58966.0,-12.0,4.112,4.104,0.008000000000000007,1.0,1.0,0.0,0.7441077441077442,0.8369747899159664,-0.09286704580822225
21,3.0,1.0,560.0,522.0,38.0,859.0,884.0,-25.0,1078.0,1046.0,32.0,4.336,4.184,0.15200000000000014,0.919844,0.918866,0.0009780000000000344,0.8455598455598455,0.6183206106870229,0.2272392348728226
21,4.0,2.0,1078.0,1046.0,32.0,1387.0,1425.0,-38.0,1633.0,1583.0,50.0,4.224,4.328,-0.10400000000000009,0.909091,0.919844,-0.010753000000000013,0.8864864864864865,0.5884543761638734,0.2980321103226131
21,5.0,3.0,1633.0,1583.0,50.0,1947.0,1957.0,-10.0,2153.0,2105.0,48.0,4.48,4.256,0.2240000000000002,1.0,1.0,0.0,0.7923076923076923,0.5670498084291188,0.22525788387857348
21,6.0,4.0,2153.0,2105.0,48.0,2439.0,2488.0,-49.0,2686.0,2649.0,37.0,3.936,4.248,-0.3120000000000003,0.900293,0.955034,-0.05474100000000004,0.926829268292683,0.5919117647058824,0.3349175035868006
21,7.0,5.0,2686.0,2649.0,37.0,2983.0,3028.0,-45.0,3243.0,3193.0,50.0,4.352,4.32,0.03200000000000003,0.8651,0.88074,-0.015639999999999987,0.933572710951526,0.6066176470588236,0.32695506389270246
21,8.0,6.0,3243.0,3193.0,50.0,3413.0,3454.0,-41.0,3645.0,3671.0,-26.0,3.44,3.408,0.03200000000000003,0.82698,0.84066,-0.013679999999999914,0.845771144278607,0.9079497907949791,-0.06217864651637206
21,9.0,7.0,3645.0,3671.0,-26.0,3791.0,3829.0,-38.0,4017.0,3972.0,45.0,3.024,3.0,0.02400000000000002,0.953079,0.953079,0.0,0.7849462365591398,0.9501661129568106,-0.16521987639767088
21,10.0,8.0,4017.0,3972.0,45.0,4151.0,4190.0,-39.0,4380.0,4355.0,25.0,2.88,2.888,-0.008000000000000007,1.0,1.0,0.0,0.7382920110192838,0.8616187989556136,-0.12332678793632978
21,11.0,9.0,4380.0,4355.0,25.0,4617.0,4664.0,-47.0,4860.0,4811.0,49.0,3.728,3.792,-0.06399999999999961,1.0,1.0,0.0,0.9875,0.6447368421052632,0.3427631578947369
21,12.0,10.0,4860.0,4811.0,49.0,5001.0,5045.0,-44.0,5245.0,5204.0,41.0,3.072,3.048,0.02400000000000002,0.967742,0.966764,0.0009780000000000344,0.7324675324675325,0.8091603053435115,-0.07669277287597898
21,13.0,11.0,5245.0,5204.0,41.0,5469.0,5503.0,-34.0,5695.0,5654.0,41.0,3.744,3.664,0.08000000000000007,1.0,1.0,0.0,0.9955555555555555,0.6711111111111111,0.3244444444444444
21,14.0,12.0,5695.0,5654.0,41.0,5975.0,6014.0,-39.0,6192.0,6172.0,20.0,4.048,4.088,-0.040000000000000036,1.0,1.0,0.0,0.8732394366197183,0.61003861003861,0.2632008265811082
21,15.0,13.0,6192.0,6172.0,20.0,6279.0,6255.0,24.0,6397.0,6478.0,-81.0,2.432,1.928,0.504,0.48192,0.48192,0.0,0.848780487804878,0.542483660130719,0.306296827674159
21,19.0,15.0,7082.0,7013.0,69.0,7245.0,7290.0,-45.0,7489.0,7510.0,-21.0,1.376,3.544,-2.168,0.8827,0.905181,-0.022480999999999973,0.800982800982801,0.8853118712273642,-0.08432907024456326
21,20.0,16.0,7489.0,7510.0,-21.0,7619.0,7662.0,-43.0,7850.0,7801.0,49.0,2.992,2.976,0.016000000000000014,0.981427,0.981427,0.0,0.7202216066481995,0.9553264604810997,-0.23510485383290025
21,21.0,17.0,7850.0,7801.0,49.0,8021.0,8060.0,-39.0,8246.0,8210.0,36.0,3.216,3.184,0.03200000000000003,0.989247,0.989247,0.0,0.8636363636363636,0.7334963325183375,0.1301400311180262
21,22.0,18.0,8246.0,8210.0,36.0,8443.0,8464.0,-21.0,8654.0,8609.0,45.0,3.376,3.232,0.14399999999999968,1.0,1.0,0.0,0.9656862745098039,0.7268170426065164,0.23886923190328757
21,23.0,19.0,8654.0,8609.0,45.0,8877.0,8882.0,-5.0,9074.0,9036.0,38.0,3.472,3.344,0.1280000000000001,1.0,1.0,0.0,0.9380952380952381,0.7213114754098361,0.216783762685402
21,24.0,20.0,9074.0,9036.0,38.0,9325.0,9307.0,18.0,9488.0,9454.0,34.0,3.584,3.4,0.18400000000000016,0.906161,0.98143,-0.07526900000000003,0.78743961352657,0.7033492822966507,0.08409033122991927
21,25.0,21.0,9488.0,9454.0,34.0,9623.0,9659.0,-36.0,9847.0,9795.0,52.0,2.384,2.816,-0.43199999999999994,0.969697,0.969697,0.0,0.7520891364902507,0.7976539589442815,-0.04556482245403082
21,26.0,22.0,9847.0,9795.0,52.0,10023.0,10046.0,-23.0,10254.0,10305.0,-51.0,3.2,3.096,0.10400000000000009,0.914956,0.945259,-0.03030299999999997,0.8648648648648649,0.9843137254901961,-0.11944886062533122
21,27.0,23.0,10254.0,10305.0,-51.0,10465.0,10465.0,0.0,10662.0,10704.0,-42.0,3.536,3.352,0.18400000000000016,0.945259,0.913978,0.031281,0.9656862745098039,0.8020050125313283,0.16368126197847566
21,28.0,24.0,10662.0,10704.0,-42.0,10821.0,10851.0,-30.0,11033.0,10996.0,37.0,2.848,3.088,-0.2400000000000002,0.913978,0.912023,0.001954999999999929,0.8571428571428572,0.9931506849315068,-0.13600782778864962
21,29.0,25.0,11033.0,10996.0,37.0,11227.0,11249.0,-22.0,11451.0,11390.0,61.0,3.248,3.184,0.06400000000000006,0.919844,0.919844,0.0,0.9282296650717703,0.7157360406091371,0.2124936244626332
21,30.0,26.0,11451.0,11390.0,61.0,11645.0,11672.0,-27.0,11856.0,11816.0,40.0,3.344,3.384,-0.040000000000000036,0.926686,0.922776,0.003909999999999969,0.9580246913580247,0.676056338028169,0.2819683533298557
21,31.0,27.0,11856.0,11816.0,40.0,12107.0,12150.0,-43.0,12407.0,12377.0,30.0,3.696,3.824,-0.12799999999999967,0.920821,0.926686,-0.005865000000000009,0.911070780399274,0.8092691622103387,0.1018016181889353
21,32.0,28.0,12407.0,12377.0,30.0,12621.0,12631.0,-10.0,12763.0,12750.0,13.0,4.112,3.848,0.26400000000000023,1.0,1.0,0.0,0.797752808988764,0.6380697050938338,0.15968310389493023
21,34.0,29.0,12947.0,12949.0,-2.0,13003.0,13057.0,-54.0,13315.0,13351.0,-36.0,1.424,3.408,-1.984,0.8651,0.8651,0.0,0.30434782608695654,0.5373134328358209,-0.23296560674886435
21,35.0,30.0,13315.0,13351.0,-36.0,13461.0,13498.0,-37.0,13685.0,13722.0,-37.0,3.664,3.528,0.13600000000000012,0.84848,0.89932,-0.050839999999999996,0.7891891891891891,0.7924528301886793,-0.0032636409994901694
21,36.0,31.0,13685.0,13722.0,-37.0,13837.0,13866.0,-29.0,14042.0,14022.0,20.0,3.008,2.944,0.06400000000000006,0.89932,0.88368,0.015639999999999987,0.8515406162464986,0.96,-0.10845938375350139
21,37.0,32.0,14042.0,14022.0,20.0,14289.0,14331.0,-42.0,14475.0,14440.0,35.0,3.616,3.72,-0.10400000000000009,0.83675,0.83675,0.0,0.859122401847575,0.5215311004784688,0.3375913013691062
21,38.0,33.0,14475.0,14440.0,35.0,14587.0,14604.0,-17.0,14701.0,14713.0,-12.0,2.384,2.184,0.19999999999999973,0.5044,0.83187,-0.32747000000000004,0.9911504424778761,0.7985347985347986,0.1926156439430775
21,39.0,34.0,14701.0,14713.0,-12.0,14761.0,14802.0,-41.0,14980.0,14946.0,34.0,1.392,1.584,-0.19200000000000017,1.0,1.0,0.0,0.4301075268817204,0.7639484978540773,-0.3338409709723569
21,40.0,35.0,14980.0,14946.0,34.0,15153.0,15196.0,-43.0,15437.0,15470.0,-33.0,3.136,3.152,-0.016000000000000014,1.0,1.0,0.0,0.7571115973741794,0.9541984732824428,-0.19708687590826335
21,41.0,36.0,15437.0,15470.0,-33.0,15591.0,15617.0,-26.0,15797.0,15762.0,35.0,3.504,3.368,0.13600000000000012,1.0,1.0,0.0,0.8555555555555556,0.9931506849315068,-0.1375951293759512
21,43.0,37.0,15928.0,15762.0,166.0,16053.0,16073.0,-20.0,16272.0,16222.0,50.0,1.024,3.648,-2.624,0.901267,0.922772,-0.021504999999999996,0.7267441860465116,0.6478260869565218,0.07891809908998981
21,44.0,38.0,16272.0,16222.0,50.0,16523.0,16527.0,-4.0,16727.0,16761.0,-34.0,3.76,3.632,0.12799999999999967,0.948192,0.954057,-0.005865000000000009,0.8967032967032967,0.8682745825602969,0.028428714142999856
21,45.0,39.0,16727.0,16761.0,-34.0,16899.0,16947.0,-48.0,17150.0,17112.0,38.0,3.008,3.36,-0.35199999999999987,1.0,1.0,0.0,0.8132387706855793,0.9401709401709402,-0.1269321694853609
21,46.0,40.0,17150.0,17112.0,38.0,17375.0,17409.0,-34.0,17601.0,17558.0,43.0,3.808,3.696,0.11199999999999966,1.0,1.0,0.0,0.9977827050997783,0.6681614349775784,0.3296212701221999
21,47.0,41.0,17601.0,17558.0,43.0,17911.0,17945.0,-34.0,18151.0,18091.0,60.0,4.288,4.288,0.0,0.957967,1.0,-0.04203299999999999,0.8727272727272728,0.5478424015009381,0.3248848712263347
21,48.0,42.0,18151.0,18091.0,60.0,18415.0,18410.0,5.0,18621.0,18663.0,-42.0,4.032,3.72,0.31199999999999983,0.8827,0.915934,-0.033233999999999986,0.8765957446808511,0.8846153846153846,-0.008019639934533473
21,49.0,43.0,18621.0,18663.0,-42.0,18789.0,18817.0,-28.0,19027.0,19051.0,-24.0,2.992,3.256,-0.2639999999999998,0.927664,0.927664,0.0,0.8275862068965517,0.7938144329896908,0.033771773906860925
21,50.0,44.0,19027.0,19051.0,-24.0,19205.0,19217.0,-12.0,19441.0,19466.0,-25.0,3.328,3.2,0.12799999999999967,0.8827,0.8827,0.0,0.8599033816425121,0.8,0.05990338164251208
21,51.0,45.0,19441.0,19466.0,-25.0,19577.0,19618.0,-41.0,19815.0,19772.0,43.0,2.976,3.208,-0.2320000000000002,0.944282,0.87292,0.07136199999999993,0.7272727272727273,0.9934640522875817,-0.26619132501485443
21,52.0,46.0,19815.0,19772.0,43.0,20019.0,20016.0,3.0,20155.0,20113.0,42.0,3.536,3.184,0.35199999999999987,0.99902,0.99902,0.0,0.8,0.5689149560117301,0.2310850439882699
21,54.0,47.0,20299.0,20331.0,-32.0,20477.0,20485.0,-8.0,20840.0,21000.0,-160.0,2.32,3.752,-1.432,1.0,1.0,0.0,0.6580406654343808,0.4603886397608371,0.19765202567354367
21,59.0,51.0,22345.0,22295.0,50.0,22612.0,22655.0,-43.0,22863.0,22898.0,-35.0,5.96,4.208,1.7519999999999998,0.80547,0.928641,-0.12317100000000003,0.9691119691119691,0.8059701492537313,0.16314181985823772
21,60.0,52.0,22863.0,22898.0,-35.0,23019.0,23037.0,-18.0,23236.0,23194.0,42.0,3.256,3.056,0.19999999999999973,0.928641,0.900293,0.02834800000000004,0.8364611260053619,0.9391891891891891,-0.10272806318382721
21,61.0,53.0,23236.0,23194.0,42.0,23445.0,23464.0,-19.0,23669.0,23631.0,38.0,3.408,3.416,-0.008000000000000007,0.906158,0.906158,0.0,0.9653579676674365,0.7643020594965675,0.20105590817086905
21,62.0,54.0,23669.0,23631.0,38.0,23929.0,23944.0,-15.0,24154.0,24094.0,60.0,3.872,3.84,0.03200000000000003,0.89932,0.89932,0.0,0.9278350515463918,0.6479481641468683,0.2798868873995235
21,63.0,55.0,24154.0,24094.0,60.0,24319.0,24356.0,-37.0,24557.0,24507.0,50.0,3.12,3.296,-0.1759999999999997,0.901271,0.901271,0.0,0.8188585607940446,0.7312348668280872,0.08762369396595737
21,64.0,56.0,24557.0,24507.0,50.0,24787.0,24812.0,-25.0,25002.0,24971.0,31.0,3.744,3.648,0.09600000000000009,0.943304,0.943304,0.0,0.9662921348314607,0.6853448275862069,0.28094730724525385
21,65.0,57.0,25002.0,24971.0,31.0,25287.0,25330.0,-43.0,25586.0,25630.0,-44.0,4.0,4.144,-0.14400000000000013,1.0,1.0,0.0,0.976027397260274,0.9104704097116844,0.06555698754858963
21,66.0,58.0,25586.0,25630.0,-44.0,25727.0,25779.0,-52.0,26053.0,26088.0,-35.0,3.52,3.592,-0.07200000000000006,1.0,1.0,0.0,0.6038543897216274,0.6506550218340612,-0.04680063211243379
21,67.0,59.0,26053.0,26088.0,-35.0,26203.0,26220.0,-17.0,26410.0,26373.0,37.0,3.808,3.528,0.2799999999999998,0.954057,0.946237,0.00782000000000005,0.8403361344537815,0.9263157894736842,-0.08597965501990268
21,68.0,60.0,26410.0,26373.0,37.0,26661.0,26709.0,-48.0,26894.0,26844.0,50.0,3.664,3.912,-0.24799999999999978,1.0,1.0,0.0,0.9628099173553719,0.5732484076433121,0.38956150971205983
21,71.0,61.0,27389.0,27422.0,-33.0,27525.0,27583.0,-58.0,27931.0,27944.0,-13.0,3.424,2.064,1.3599999999999999,1.0,1.0,0.0,0.5018450184501845,0.6168582375478927,-0.11501321909770823
21,72.0,62.0,27931.0,27944.0,-13.0,28003.0,28039.0,-36.0,28221.0,28205.0,16.0,3.824,3.648,0.1759999999999997,1.0,1.0,0.0,0.496551724137931,0.7279693486590038,-0.23141762452107273
21,73.0,63.0,28221.0,28205.0,16.0,28369.0,28409.0,-40.0,28608.0,28556.0,52.0,2.928,2.96,-0.03200000000000003,1.0,1.0,0.0,0.7648578811369509,0.8376068376068376,-0.07274895646988677
21,74.0,64.0,28608.0,28556.0,52.0,28801.0,28851.0,-50.0,29007.0,29033.0,-26.0,3.456,3.536,-0.08000000000000007,1.0,1.0,0.0,0.9674185463659148,0.7631027253668763,0.20431582099903856
21,77.0,67.0,29887.0,29912.0,-25.0,30021.0,30047.0,-26.0,30213.0,30173.0,40.0,3.312,2.984,0.32799999999999985,1.0,1.0,0.0,0.8220858895705522,0.9655172413793104,-0.1434313518087582
21,78.0,68.0,30213.0,30173.0,40.0,30465.0,30491.0,-26.0,30641.0,30608.0,33.0,3.552,3.552,0.0,1.0,1.0,0.0,0.822429906542056,0.5379310344827586,0.28449887205929747
21,80.0,69.0,30655.0,30608.0,47.0,30815.0,30846.0,-31.0,31007.0,30972.0,35.0,1.344,2.84,-1.4959999999999998,1.0,1.0,0.0,0.9090909090909091,0.6923076923076923,0.21678321678321677
21,81.0,70.0,31007.0,30972.0,35.0,31148.0,31180.0,-32.0,31320.0,31338.0,-18.0,2.664,2.672,-0.008000000000000007,0.956989,0.9902248,-0.03323580000000004,0.9009584664536742,0.8633879781420765,0.037570488311597705
21,83.0,72.0,31717.0,31676.0,41.0,31903.0,31937.0,-34.0,32090.0,32047.0,43.0,3.776,3.528,0.24799999999999978,1.0,1.0,0.0,0.9973190348525469,0.5929919137466307,0.4043271211059162
21,84.0,73.0,32090.0,32047.0,43.0,32093.0,32148.0,-55.0,32248.0,32357.0,-109.0,1.52,1.688,-0.16799999999999993,0.16618,0.58065,-0.41447,0.03797468354430378,0.6516129032258065,-0.6136382196815027
21,86.0,74.0,32322.0,32357.0,-35.0,32443.0,32487.0,-44.0,32676.0,32636.0,40.0,1.424,2.712,-1.2880000000000003,0.977517,0.965787,0.011730000000000018,0.6836158192090396,0.931899641577061,-0.24828382236802138
21,87.0,75.0,32676.0,32636.0,40.0,32917.0,32952.0,-35.0,33135.0,33100.0,35.0,3.792,3.72,0.07199999999999962,0.981427,0.981427,0.0,0.9498910675381264,0.6379310344827587,0.3119600330553677
21,88.0,76.0,33135.0,33100.0,35.0,33363.0,33401.0,-38.0,33599.0,33811.0,-212.0,3.568,3.592,-0.02400000000000002,0.922776,1.0,-0.07722399999999996,0.9827586206896551,0.8466947960618847,0.13606382462777045
21,90.0,77.0,33758.0,33811.0,-53.0,33905.0,33958.0,-53.0,34099.0,34114.0,-15.0,2.384,4.456,-2.0720000000000005,1.0,1.0,0.0,0.8621700879765396,0.9702970297029703,-0.10812694172643067
21,91.0,78.0,34099.0,34114.0,-15.0,34211.0,34258.0,-47.0,34468.0,34496.0,-28.0,2.448,2.4,0.04800000000000004,0.8045,0.8436,-0.039100000000000024,0.6070460704607046,0.7539267015706806,-0.14688063110997607
21,92.0,79.0,34468.0,34496.0,-28.0,34613.0,34632.0,-19.0,34828.0,34863.0,-35.0,3.216,2.992,0.2240000000000002,0.83187,0.8553299999999999,-0.023459999999999925,0.8055555555555556,0.7411444141689374,0.06441114138661819
21,93.0,80.0,34828.0,34863.0,-35.0,34975.0,34997.0,-22.0,35235.0,35272.0,-37.0,2.896,2.92,-0.02400000000000002,0.8670599999999999,0.86315,0.003909999999999969,0.7223587223587223,0.6552567237163814,0.0671019986423409
21,94.0,81.0,35235.0,35272.0,-37.0,35385.0,35404.0,-19.0,35641.0,35667.0,-26.0,3.28,3.256,0.02400000000000002,0.905181,0.905181,0.0,0.7389162561576355,0.6683544303797468,0.07056182577788861
21,95.0,82.0,35641.0,35667.0,-26.0,35809.0,35806.0,3.0,36000.0,36050.0,-50.0,3.392,3.216,0.1759999999999997,0.946237,1.0,-0.053763000000000005,0.935933147632312,0.7258485639686685,0.21008458366364346
21,96.0,83.0,36000.0,36050.0,-50.0,36155.0,36196.0,-41.0,36405.0,36357.0,48.0,2.768,3.12,-0.3520000000000003,1.0,1.0,0.0,0.7654320987654322,0.9511400651465798,-0.18570796638114762
21,97.0,84.0,36405.0,36357.0,48.0,36545.0,36578.0,-33.0,36825.0,36852.0,-27.0,3.12,3.056,0.06400000000000006,0.86999,0.86999,0.0,0.6666666666666667,0.8929292929292929,-0.22626262626262617
21,98.0,85.0,36825.0,36852.0,-27.0,36969.0,36994.0,-25.0,37197.0,37223.0,-26.0,3.392,3.328,0.06400000000000006,0.8250200000000001,0.86119,-0.036169999999999924,0.7741935483870968,0.7654986522911051,0.008694896095991611
21,99.0,86.0,37197.0,37223.0,-26.0,37367.0,37362.0,5.0,37557.0,37517.0,40.0,3.184,2.944,0.2400000000000002,0.938416,0.926686,0.011730000000000018,0.9444444444444444,0.9455782312925171,-0.0011337868480726376
21,100.0,87.0,37557.0,37517.0,40.0,37721.0,37763.0,-42.0,37961.0,37911.0,50.0,2.832,3.208,-0.37600000000000033,0.913978,0.938416,-0.02443800000000007,0.8118811881188119,0.751269035532995,0.06061215258581698
21,101.0,88.0,37961.0,37911.0,50.0,38155.0,38189.0,-34.0,38392.0,38418.0,-26.0,3.472,3.408,0.06400000000000006,0.906158,0.916911,-0.010753000000000013,0.9002320185614849,0.903353057199211,-0.003121038637726059
21,102.0,89.0,38392.0,38418.0,-26.0,38541.0,38563.0,-22.0,38748.0,38707.0,41.0,3.088,2.992,0.09600000000000009,0.954057,0.937439,0.01661800000000002,0.8370786516853932,0.9965397923875432,-0.15946114070215
21,103.0,90.0,38748.0,38707.0,41.0,38969.0,38997.0,-28.0,39216.0,39245.0,-29.0,3.424,3.472,-0.04800000000000004,0.87781,0.954057,-0.07624700000000006,0.9444444444444444,0.9219330855018587,0.022511358942585713
21,104.0,91.0,39216.0,39245.0,-29.0,39343.0,39383.0,-40.0,39592.0,39660.0,-68.0,2.992,3.088,-0.09600000000000009,0.917889,0.938416,-0.020527000000000073,0.675531914893617,0.6650602409638554,0.01047167392976156
21,105.0,92.0,39592.0,39660.0,-68.0,39807.0,39796.0,11.0,39986.0,40029.0,-43.0,3.712,3.304,0.40800000000000036,0.9902248,0.9902248,0.0,0.9086294416243654,0.7371273712737128,0.17150207035065268
21,106.0,93.0,39986.0,40029.0,-43.0,40153.0,40185.0,-32.0,40376.0,40393.0,-17.0,2.768,3.112,-0.3440000000000003,0.8944300000000001,0.88759,0.006840000000000068,0.8564102564102565,0.8571428571428572,-0.00073260073260073
21,107.0,94.0,40376.0,40393.0,-17.0,40515.0,40553.0,-38.0,40763.0,40776.0,-13.0,2.896,2.944,-0.04800000000000004,0.83675,0.80059,0.03615999999999997,0.7183462532299741,0.835509138381201,-0.11716288515122686
21,108.0,95.0,40763.0,40776.0,-13.0,40891.0,40933.0,-42.0,41121.0,41065.0,56.0,3.008,3.04,-0.03200000000000003,1.0,1.0,0.0,0.7150837988826816,0.9134948096885813,-0.19841101080589973
21,109.0,96.0,41121.0,41065.0,56.0,41243.0,41283.0,-40.0,41478.0,41442.0,36.0,2.816,2.8,0.016000000000000014,0.964809,0.922776,0.04203299999999999,0.6834733893557423,0.8435013262599469,-0.16002793690420458
21,110.0,97.0,41478.0,41442.0,36.0,41651.0,41692.0,-41.0,41860.0,41852.0,8.0,3.264,3.272,-0.008000000000000007,0.88661,0.964809,-0.07819900000000002,0.9057591623036649,0.7804878048780488,0.12527135742561613
21,111.0,98.0,41860.0,41852.0,8.0,42005.0,42036.0,-31.0,42213.0,42248.0,-35.0,2.832,2.752,0.08000000000000007,0.952102,0.952102,0.0,0.821529745042493,0.9292929292929293,-0.1077631842504363
21,112.0,99.0,42213.0,42248.0,-35.0,42351.0,42378.0,-27.0,42558.0,42586.0,-28.0,2.768,2.736,0.031999999999999584,0.913978,0.913978,0.0,0.8,0.7692307692307692,0.030769230769230882
21,113.0,100.0,42558.0,42586.0,-28.0,42699.0,42738.0,-39.0,42946.0,42895.0,51.0,2.784,2.88,-0.09600000000000009,1.0,1.0,0.0,0.7268041237113403,0.9838187702265372,-0.2570146465151969
21,114.0,101.0,42946.0,42895.0,51.0,43109.0,43129.0,-20.0,43284.0,43254.0,30.0,3.28,3.128,0.1519999999999997,1.0,1.0,0.0,0.9644970414201184,0.6963788300835654,0.268118211336553
21,115.0,102.0,43284.0,43254.0,30.0,43575.0,43596.0,-21.0,43802.0,43834.0,-32.0,3.728,3.736,-0.008000000000000007,1.0,1.0,0.0,0.8764478764478765,0.8206896551724138,0.055758221275462705
21,116.0,103.0,43802.0,43834.0,-32.0,43915.0,43959.0,-44.0,44155.0,44121.0,34.0,2.72,2.904,-0.18399999999999972,1.0,0.937439,0.06256099999999998,0.6402266288951841,0.8710801393728222,-0.23085351047763814
21,117.0,104.0,44155.0,44121.0,34.0,44331.0,44374.0,-43.0,44570.0,44522.0,48.0,3.328,3.32,0.008000000000000007,0.9071359999999999,1.0,-0.09286400000000006,0.8481927710843373,0.7381546134663342,0.11003815761800317
21,118.0,105.0,44570.0,44522.0,48.0,44741.0,44780.0,-39.0,44965.0,44986.0,-21.0,3.28,3.248,0.031999999999999584,1.0,1.0,0.0,0.8658227848101265,0.8879310344827587,-0.02210824967263214
21,119.0,106.0,44965.0,44986.0,-21.0,45105.0,45139.0,-34.0,45353.0,45383.0,-30.0,2.912,2.872,0.040000000000000036,1.0,1.0,0.0,0.7216494845360825,0.7707808564231738,-0.04913137188709138
21,120.0,107.0,45353.0,45383.0,-30.0,45519.0,45534.0,-15.0,45728.0,45683.0,45.0,3.312,3.16,0.1519999999999997,1.0,1.0,0.0,0.8853333333333333,0.9933333333333333,-0.10799999999999998
21,121.0,108.0,45728.0,45683.0,45.0,45973.0,45998.0,-25.0,46197.0,46165.0,32.0,3.632,3.712,-0.08000000000000007,1.0,1.0,0.0,0.9552238805970149,0.6929460580912863,0.2622778225057286
21,122.0,109.0,46197.0,46165.0,32.0,46379.0,46421.0,-42.0,46616.0,46569.0,47.0,3.248,3.384,-0.13599999999999968,0.929619,1.0,-0.07038100000000003,0.8687350835322196,0.7326732673267327,0.13606181620548696
21,123.0,110.0,46616.0,46569.0,47.0,46851.0,46849.0,2.0,47057.0,47091.0,-34.0,3.776,3.424,0.35199999999999987,0.88074,0.929619,-0.048879000000000006,0.9342403628117913,0.9272030651340997,0.0070372976776916785
21,124.0,111.0,47057.0,47091.0,-34.0,47211.0,47234.0,-23.0,47418.0,47379.0,39.0,2.88,3.08,-0.20000000000000018,0.958944,0.956989,0.00195500000000004,0.853185595567867,0.9930555555555556,-0.13986995998768859
21,125.0,112.0,47418.0,47379.0,39.0,47641.0,47664.0,-23.0,47846.0,47867.0,-21.0,3.44,3.44,0.0,0.8915,0.958944,-0.06744400000000006,0.9579439252336449,0.8319672131147541,0.12597671211889083
21,126.0,113.0,47846.0,47867.0,-21.0,48005.0,48019.0,-14.0,48200.0,48161.0,39.0,2.912,2.84,0.07200000000000006,0.969697,0.957967,0.011730000000000018,0.8983050847457628,0.9659863945578231,-0.06768130981206033
21,127.0,114.0,48200.0,48161.0,39.0,48427.0,48456.0,-29.0,48642.0,48659.0,-17.0,3.376,3.496,-0.1200000000000001,0.89052,0.969697,-0.07917700000000005,0.9728506787330317,0.8152610441767069,0.1575896345563248
21,128.0,115.0,48642.0,48659.0,-17.0,48781.0,48811.0,-30.0,48997.0,48954.0,43.0,2.832,2.84,-0.008000000000000007,1.0,1.0,0.0,0.7830985915492958,0.9694915254237289,-0.186392933874433
21,129.0,116.0,48997.0,48954.0,43.0,49178.0,49214.0,-36.0,49399.0,49361.0,38.0,3.176,3.224,-0.04800000000000004,0.9599219999999999,1.0,-0.04007800000000006,0.900497512437811,0.7223587223587223,0.17813879007908862
21,130.0,117.0,49399.0,49361.0,38.0,49575.0,49610.0,-35.0,49808.0,49756.0,52.0,3.176,3.168,0.008000000000000007,0.945259,0.9599219999999999,-0.014662999999999982,0.8606356968215159,0.7392405063291139,0.121395190492402
21,131.0,118.0,49808.0,49756.0,52.0,50029.0,50048.0,-19.0,50237.0,50234.0,3.0,3.632,3.504,0.1280000000000001,0.913001,0.913001,0.0,0.9696969696969697,0.7782426778242678,0.1914542918727019
21,132.0,119.0,50237.0,50234.0,3.0,50359.0,50395.0,-36.0,50595.0,50548.0,47.0,2.64,2.776,-0.13599999999999968,0.943304,0.943304,0.0,0.6815642458100559,0.9745222929936306,-0.29295804718357465
21,133.0,120.0,50595.0,50548.0,47.0,50789.0,50832.0,-43.0,51041.0,50990.0,51.0,3.44,3.496,-0.05600000000000005,0.960899,0.943304,0.017594999999999916,0.8699551569506727,0.7149321266968326,0.15502303025384012
21,134.0,121.0,51041.0,50990.0,51.0,51199.0,51241.0,-42.0,51373.0,51360.0,13.0,3.28,3.272,0.008000000000000007,1.0,1.0,0.0,0.9518072289156626,0.6432432432432432,0.3085639856724194
21,135.0,122.0,51373.0,51360.0,13.0,51447.0,51499.0,-52.0,51789.0,51737.0,52.0,1.984,2.064,-0.08000000000000007,1.0,1.0,0.0,0.3557692307692307,0.7374005305039788,-0.3816312997347481
21,136.0,123.0,51789.0,51737.0,52.0,51969.0,52004.0,-35.0,52182.0,52238.0,-56.0,4.176,4.04,0.13600000000000012,0.945259,0.945259,0.0,0.916030534351145,0.9341317365269461,-0.018101202175801134
21,137.0,124.0,52182.0,52238.0,-56.0,52325.0,52370.0,-45.0,52563.0,52646.0,-83.0,2.848,2.928,-0.08000000000000007,1.0,1.0,0.0,0.7506561679790026,0.6470588235294117,0.1035973444495909
21,139.0,125.0,52590.0,52646.0,-56.0,52753.0,52792.0,-39.0,52985.0,52955.0,30.0,1.424,3.376,-1.952,0.908113,0.908113,0.0,0.8253164556962025,0.9449838187702265,-0.11966736307402404
21,140.0,126.0,52985.0,52955.0,30.0,53117.0,53142.0,-25.0,53315.0,53353.0,-38.0,2.912,2.8,0.1120000000000001,0.84457,0.88954,-0.044969999999999954,0.8,0.9396984924623115,-0.13969849246231147
21,141.0,127.0,53315.0,53353.0,-38.0,53457.0,53478.0,-21.0,53646.0,53601.0,45.0,2.72,2.688,0.03200000000000003,0.968719,0.968719,0.0,0.8580060422960725,0.9919354838709677,-0.13392944157489528
21,142.0,128.0,53646.0,53601.0,45.0,53831.0,53860.0,-29.0,54052.0,54075.0,-23.0,2.992,3.056,-0.06400000000000006,0.916911,0.916911,0.0,0.9113300492610837,0.9071729957805907,0.004157053480493
21,143.0,129.0,54052.0,54075.0,-23.0,54185.0,54212.0,-27.0,54368.0,54318.0,50.0,2.832,2.816,0.016000000000000014,1.0,1.0,0.0,0.8417721518987342,0.8724279835390947,-0.030655831640360454
21,144.0,130.0,54368.0,54318.0,50.0,54531.0,54578.0,-47.0,54756.0,54709.0,47.0,2.768,2.928,-0.16000000000000014,0.985337,0.985337,0.0,0.8402061855670103,0.670076726342711,0.17012945922429934
21,145.0,131.0,54756.0,54709.0,47.0,54883.0,54926.0,-43.0,55126.0,55171.0,-45.0,2.816,2.784,0.03200000000000003,0.89345,0.89345,0.0,0.6864864864864865,0.9393939393939394,-0.252907452907453
21,146.0,132.0,55126.0,55171.0,-45.0,55289.0,55316.0,-27.0,55477.0,55448.0,29.0,3.248,3.12,0.1280000000000001,1.0,1.0,0.0,0.9287749287749287,0.9530685920577617,-0.024293663282833
21,147.0,133.0,55477.0,55448.0,29.0,55755.0,55798.0,-43.0,55958.0,55942.0,16.0,3.728,3.856,-0.12799999999999967,1.0,1.0,0.0,0.844074844074844,0.582995951417004,0.26107889265784
21,148.0,134.0,55958.0,55942.0,16.0,56099.0,56119.0,-20.0,56294.0,56332.0,-38.0,2.752,2.568,0.18399999999999972,0.83089,0.904203,-0.07331299999999996,0.8392857142857143,0.9076923076923077,-0.06840659340659339
21,149.0,135.0,56294.0,56332.0,-38.0,56433.0,56464.0,-31.0,56660.0,56618.0,42.0,2.672,2.76,-0.08799999999999963,1.0,1.0,0.0,0.7595628415300546,0.9230769230769231,-0.16351408154686853
21,150.0,136.0,56660.0,56618.0,42.0,56875.0,56872.0,3.0,57037.0,57048.0,-11.0,3.536,3.264,0.27200000000000024,0.932551,1.0,-0.06744899999999998,0.8594164456233422,0.8186046511627907,0.0408117944605515
21,151.0,137.0,57037.0,57048.0,-11.0,57155.0,57172.0,-17.0,57336.0,57358.0,-22.0,2.24,2.4,-0.1599999999999997,1.0,1.0,0.0,0.7892976588628763,0.8,-0.010702341137123761
21,152.0,138.0,57336.0,57358.0,-22.0,57455.0,57491.0,-36.0,57661.0,57671.0,-10.0,2.4,2.552,-0.15200000000000014,0.901271,0.913001,-0.011729999999999907,0.7323076923076923,0.8498402555910542,-0.11753256328336192
21,153.0,139.0,57661.0,57671.0,-10.0,57789.0,57814.0,-25.0,57982.0,57980.0,2.0,2.672,2.584,0.08800000000000008,1.0,1.0,0.0,0.7975077881619937,0.9255663430420712,-0.12805855488007745
21,154.0,140.0,57982.0,57980.0,2.0,58107.0,58140.0,-33.0,58333.0,58287.0,46.0,2.544,2.608,-0.06400000000000006,1.0,1.0,0.0,0.7122507122507122,0.9576547231270358,-0.24540401087632358
21,155.0,141.0,58333.0,58287.0,46.0,58471.0,58511.0,-40.0,58697.0,58666.0,31.0,2.912,2.968,-0.05600000000000005,0.89834,0.928641,-0.030301000000000022,0.7582417582417582,0.8179419525065963,-0.05970019426483808
21,156.0,142.0,58697.0,58666.0,31.0,58855.0,58888.0,-33.0,59040.0,59031.0,9.0,3.072,3.016,0.05600000000000005,1.0,1.0,0.0,0.9212827988338192,0.7835616438356164,0.1377211549982028
21,157.0,143.0,59040.0,59031.0,9.0,59159.0,59202.0,-43.0,59393.0,59400.0,-7.0,2.432,2.512,-0.08000000000000007,1.0,1.0,0.0,0.6742209631728046,0.926829268292683,-0.2526083051198784
21,158.0,144.0,59393.0,59400.0,-7.0,59551.0,59551.0,0.0,59739.0,59765.0,-26.0,3.136,2.792,0.3440000000000003,0.909091,0.927664,-0.01857300000000006,0.9132947976878613,0.8273972602739725,0.08589753741388872
22,1.0,1.0,269.0,218.0,51.0,437.0,484.0,-47.0,699.0,655.0,44.0,,3.368,,0.954057,0.987292,-0.033234999999999904,0.7813953488372093,0.782608695652174,-0.0012133468149646554
22,2.0,2.0,699.0,655.0,44.0,867.0,899.0,-32.0,1109.0,1055.0,54.0,3.44,3.32,0.1200000000000001,0.9599219999999999,0.9599219999999999,0.0,0.8195121951219513,0.78,0.039512195121951255
22,3.0,3.0,1109.0,1055.0,54.0,1277.0,1316.0,-39.0,1531.0,1482.0,49.0,3.28,3.336,-0.05600000000000005,0.939394,0.931574,0.007819999999999938,0.7962085308056872,0.7775175644028103,0.01869096640287693
22,4.0,4.0,1531.0,1482.0,49.0,1702.0,1728.0,-26.0,1955.0,1890.0,65.0,3.4,3.296,0.10400000000000009,0.945259,0.945259,0.0,0.8066037735849056,0.7941176470588236,0.012486126526082053
22,5.0,5.0,1955.0,1890.0,65.0,2113.0,2154.0,-41.0,2361.0,2316.0,45.0,3.288,3.408,-0.1200000000000001,0.926686,0.936461,-0.009774999999999978,0.7783251231527093,0.7605633802816901,0.01776174287101917
22,6.0,6.0,2361.0,2316.0,45.0,2529.0,2570.0,-41.0,2721.0,2728.0,-7.0,3.328,3.328,0.0,0.918866,0.944282,-0.025415999999999994,0.9333333333333333,0.7669902912621359,0.16634304207119743
22,7.0,7.0,2721.0,2728.0,-7.0,2833.0,2864.0,-31.0,3071.0,3020.0,51.0,2.432,2.352,0.08000000000000007,0.9912023,0.9912023,0.0,0.64,0.9315068493150684,-0.29150684931506843
22,8.0,8.0,3071.0,3020.0,51.0,3241.0,3285.0,-44.0,3491.0,3445.0,46.0,3.264,3.368,-0.10400000000000009,0.9599219999999999,0.975562,-0.0156400000000001,0.8095238095238095,0.7529411764705882,0.05658263305322131
22,9.0,9.0,3491.0,3445.0,46.0,3663.0,3697.0,-34.0,3905.0,3854.0,51.0,3.376,3.296,0.08000000000000007,0.98827,0.98827,0.0,0.8309178743961353,0.7677261613691931,0.06319171302694215
22,10.0,10.0,3905.0,3854.0,51.0,4077.0,4122.0,-45.0,4290.0,4284.0,6.0,3.312,3.4,-0.08800000000000008,0.950147,0.956989,-0.006842000000000015,0.8935064935064935,0.7534883720930232,0.14001812141347025
22,11.0,11.0,4290.0,4284.0,6.0,4471.0,4499.0,-28.0,4628.0,4603.0,25.0,3.152,3.016,0.13600000000000012,1.0,1.0,0.0,0.9289940828402367,0.652037617554859,0.27695646528537765
22,12.0,12.0,4628.0,4603.0,25.0,4721.0,4726.0,-5.0,4778.0,4831.0,-53.0,2.0,1.816,0.18399999999999994,0.63636,0.89736,-0.261,0.76,0.9210526315789473,-0.16105263157894734
22,13.0,13.0,4778.0,4831.0,-53.0,4883.0,4935.0,-52.0,5123.0,5083.0,40.0,1.296,1.672,-0.3759999999999999,1.0,1.0,0.0,0.6086956521739131,0.8253968253968254,-0.21670117322291227
22,14.0,14.0,5123.0,5083.0,40.0,5325.0,5367.0,-42.0,5559.0,5538.0,21.0,3.536,3.456,0.08000000000000007,1.0,1.0,0.0,0.926605504587156,0.7516483516483516,0.17495715293880432
22,15.0,15.0,5559.0,5538.0,21.0,5755.0,5788.0,-33.0,5976.0,5933.0,43.0,3.44,3.368,0.07200000000000006,1.0,1.0,0.0,0.9400479616306955,0.7341772151898734,0.20587074644082204
22,16.0,16.0,5976.0,5933.0,43.0,6155.0,6197.0,-42.0,6393.0,6350.0,43.0,3.2,3.272,-0.07199999999999962,1.0,1.0,0.0,0.8585131894484412,0.7338129496402878,0.12470023980815348
22,17.0,17.0,6393.0,6350.0,43.0,6575.0,6612.0,-37.0,6773.0,6782.0,-9.0,3.36,3.32,0.040000000000000036,0.9921799,1.0,-0.007820099999999996,0.9578947368421052,0.787037037037037,0.17085769980506826
22,18.0,18.0,6773.0,6782.0,-9.0,6907.0,6946.0,-39.0,7145.0,7098.0,47.0,2.656,2.672,-0.016000000000000014,1.0,0.9931574,0.006842600000000032,0.7204301075268817,0.9620253164556962,-0.24159520892881448
22,19.0,19.0,7145.0,7098.0,47.0,7327.0,7360.0,-33.0,7556.0,7515.0,41.0,3.36,3.312,0.04800000000000004,1.0,1.0,0.0,0.8856447688564477,0.7434052757793765,0.14223949307707118
22,20.0,20.0,7556.0,7515.0,41.0,7735.0,7786.0,-51.0,7954.0,7964.0,-10.0,3.264,3.408,-0.14400000000000013,1.0,1.0,0.0,0.8994974874371859,0.7928730512249443,0.1066244362122416
22,21.0,21.0,7954.0,7964.0,-10.0,8073.0,8120.0,-47.0,8299.0,8316.0,-17.0,2.704,2.672,0.03200000000000003,1.0,1.0,0.0,0.6898550724637681,0.8863636363636364,-0.19650856389986826
22,22.0,22.0,8299.0,8316.0,-17.0,8439.0,8474.0,-35.0,8675.0,8628.0,47.0,2.928,2.832,0.09600000000000009,1.0,1.0,0.0,0.7446808510638299,0.9871794871794872,-0.24249863611565736
22,23.0,23.0,8675.0,8628.0,47.0,8851.0,8897.0,-46.0,9101.0,9053.0,48.0,3.296,3.384,-0.08800000000000008,1.0,1.0,0.0,0.8262910798122065,0.7341176470588235,0.09217343275338297
22,24.0,24.0,9101.0,9053.0,48.0,9275.0,9317.0,-42.0,9500.0,9517.0,-17.0,3.392,3.36,0.03200000000000003,0.97263,1.0,-0.027370000000000005,0.8721804511278195,0.8620689655172413,0.010111485610578175
22,25.0,25.0,9500.0,9517.0,-17.0,9631.0,9675.0,-44.0,9905.0,9835.0,70.0,2.848,2.864,-0.016000000000000014,1.0,1.0,0.0,0.6469135802469136,0.9937106918238994,-0.3467971115769858
22,26.0,26.0,9905.0,9835.0,70.0,10058.0,10092.0,-34.0,10291.0,10242.0,49.0,3.416,3.336,0.08000000000000007,1.0,1.0,0.0,0.7927461139896373,0.7371007371007371,0.055645376888900255
22,27.0,27.0,10291.0,10242.0,49.0,10469.0,10513.0,-44.0,10725.0,10675.0,50.0,3.288,3.368,-0.08000000000000007,1.0,1.0,0.0,0.8202764976958525,0.7482678983833718,0.07200859931248071
22,28.0,28.0,10725.0,10675.0,50.0,10891.0,10933.0,-42.0,11130.0,11089.0,41.0,3.376,3.36,0.016000000000000014,0.985337,0.985337,0.0,0.8197530864197531,0.7536231884057971,0.06612989801395597
22,29.0,29.0,11130.0,11089.0,41.0,11313.0,11344.0,-31.0,11497.0,11510.0,-13.0,3.376,3.288,0.08800000000000008,1.0,1.0,0.0,0.997275204359673,0.7885985748218527,0.2086766295378203
22,30.0,30.0,11497.0,11510.0,-13.0,11619.0,11665.0,-46.0,11856.0,11823.0,33.0,2.448,2.568,-0.1200000000000001,1.0,1.0,0.0,0.6796657381615598,0.9904153354632588,-0.31074959730169893
22,31.0,31.0,11856.0,11823.0,33.0,12043.0,12084.0,-41.0,12289.0,12241.0,48.0,3.392,3.352,0.040000000000000036,0.987292,1.0,-0.012708000000000053,0.8637413394919169,0.7511961722488039,0.11254516724311303
22,32.0,32.0,12289.0,12241.0,48.0,12453.0,12502.0,-49.0,12721.0,12673.0,48.0,3.28,3.344,-0.06400000000000006,0.982405,0.987292,-0.004886999999999975,0.7592592592592593,0.7916666666666666,-0.03240740740740733
22,33.0,33.0,12721.0,12673.0,48.0,12875.0,12922.0,-47.0,13122.0,13082.0,40.0,3.376,3.36,0.016000000000000014,0.950147,0.939394,0.010753000000000013,0.7680798004987531,0.78239608801956,-0.014316287520806825
22,34.0,34.0,13122.0,13082.0,40.0,13299.0,13330.0,-31.0,13526.0,13484.0,42.0,3.392,3.264,0.1280000000000001,1.0,1.0,0.0,0.8762376237623762,0.7661691542288558,0.11006846953352045
22,35.0,35.0,13526.0,13484.0,42.0,13711.0,13755.0,-44.0,13937.0,13946.0,-9.0,3.296,3.4,-0.10400000000000009,0.975562,1.0,-0.02443799999999996,0.9002433090024331,0.8268398268398268,0.07340348216260628
22,36.0,36.0,13937.0,13946.0,-9.0,14063.0,14115.0,-52.0,14313.0,14274.0,39.0,2.816,2.88,-0.06400000000000006,1.0,0.98436,0.015639999999999987,0.6702127659574468,0.9695121951219512,-0.29929942916450436
22,37.0,37.0,14313.0,14274.0,39.0,14492.0,14528.0,-36.0,14731.0,14684.0,47.0,3.432,3.304,0.1280000000000001,1.0,1.0,0.0,0.8564593301435407,0.7609756097560976,0.09548372038744313
22,38.0,38.0,14731.0,14684.0,47.0,14909.0,14952.0,-43.0,15151.0,15111.0,40.0,3.336,3.392,-0.05600000000000005,0.956989,1.0,-0.04301100000000002,0.8476190476190476,0.7447306791569086,0.102888368462139
22,39.0,39.0,15151.0,15111.0,40.0,15321.0,15363.0,-42.0,15568.0,15523.0,45.0,3.296,3.288,0.008000000000000007,1.0,1.0,0.0,0.815347721822542,0.7766990291262136,0.038648692696328424
22,40.0,40.0,15568.0,15523.0,45.0,15747.0,15781.0,-34.0,15933.0,15951.0,-18.0,3.408,3.344,0.06400000000000006,0.973607,1.0,-0.026393,0.9808219178082191,0.794392523364486,0.1864293944437332
22,41.0,41.0,15933.0,15951.0,-18.0,16053.0,16099.0,-46.0,16295.0,16258.0,37.0,2.448,2.544,-0.09600000000000009,1.0,1.0,0.0,0.6629834254143646,0.9641693811074918,-0.3011859556931272
22,42.0,42.0,16295.0,16258.0,37.0,16477.0,16507.0,-30.0,16671.0,16693.0,-22.0,3.392,3.264,0.1280000000000001,1.0,1.0,0.0,0.9680851063829787,0.8551724137931034,0.11291269258987535
22,43.0,43.0,16671.0,16693.0,-22.0,16807.0,16850.0,-43.0,17058.0,17006.0,52.0,2.64,2.744,-0.10400000000000009,1.0,1.0,0.0,0.702842377260982,0.9968051118210862,-0.29396273456010424
22,44.0,44.0,17058.0,17006.0,52.0,17225.0,17265.0,-40.0,17470.0,17420.0,50.0,3.344,3.32,0.02400000000000002,1.0,1.0,0.0,0.8106796116504854,0.748792270531401,0.06188734111908445
22,45.0,45.0,17470.0,17420.0,50.0,17641.0,17685.0,-44.0,17886.0,17842.0,44.0,3.328,3.36,-0.03200000000000003,0.98827,0.965787,0.02248300000000003,0.8221153846153846,0.7440758293838863,0.0780395552314983
22,46.0,46.0,17886.0,17842.0,44.0,18069.0,18099.0,-30.0,18305.0,18257.0,48.0,3.424,3.312,0.1120000000000001,1.0,1.0,0.0,0.8735083532219571,0.7614457831325301,0.112062570089427
22,47.0,47.0,18305.0,18257.0,48.0,18479.0,18519.0,-40.0,18722.0,18671.0,51.0,3.28,3.36,-0.08000000000000007,0.99902248,1.0,-0.000977519999999954,0.8345323741007195,0.7342995169082125,0.10023285719250696
22,48.0,48.0,18722.0,18671.0,51.0,18893.0,18936.0,-43.0,19136.0,19095.0,41.0,3.312,3.336,-0.02400000000000002,0.961877,0.948192,0.013684999999999947,0.8260869565217391,0.75,0.07608695652173914
22,49.0,49.0,19136.0,19095.0,41.0,19313.0,19351.0,-38.0,19556.0,19509.0,47.0,3.36,3.32,0.040000000000000036,0.9951124,0.961877,0.033235400000000026,0.8428571428571429,0.7632850241545894,0.07957211870255343
22,50.0,50.0,19556.0,19509.0,47.0,19731.0,19766.0,-35.0,19962.0,19918.0,44.0,3.344,3.32,0.02400000000000002,1.0,1.0,0.0,0.8620689655172413,0.7432762836185819,0.11879268189865944
22,51.0,51.0,19962.0,19918.0,44.0,20149.0,20190.0,-41.0,20396.0,20352.0,44.0,3.344,3.392,-0.04800000000000004,0.958944,1.0,-0.04105599999999998,0.8617511520737327,0.7465437788018433,0.11520737327188935
22,52.0,52.0,20396.0,20352.0,44.0,20567.0,20601.0,-34.0,20805.0,20757.0,48.0,3.344,3.288,0.05600000000000005,0.99902248,0.9960899,0.0029325800000000735,0.8361858190709046,0.7703703703703704,0.06581544870053424
22,53.0,53.0,20805.0,20757.0,48.0,20981.0,21025.0,-44.0,21214.0,21236.0,-22.0,3.312,3.392,-0.08000000000000007,0.911046,0.99902248,-0.08797648000000002,0.8606356968215159,0.8810020876826722,-0.020366390861156325
22,54.0,54.0,21214.0,21236.0,-22.0,21367.0,21401.0,-34.0,21601.0,21555.0,46.0,3.088,3.008,0.08000000000000007,0.944282,0.913978,0.030303999999999998,0.7906976744186046,0.9655172413793104,-0.17481956696070577
22,55.0,55.0,21601.0,21555.0,46.0,21775.0,21813.0,-38.0,22020.0,21972.0,48.0,3.264,3.296,-0.03200000000000003,0.998045,0.989247,0.008797999999999973,0.8305489260143198,0.762589928057554,0.06795899795676585
22,56.0,56.0,22020.0,21972.0,48.0,22193.0,22233.0,-40.0,22435.0,22385.0,50.0,3.344,3.36,-0.016000000000000014,0.9970675,0.998045,-0.0009774999999999645,0.8337349397590361,0.7360774818401937,0.0976574579188424
22,57.0,57.0,22435.0,22385.0,50.0,22607.0,22653.0,-46.0,22857.0,22810.0,47.0,3.312,3.36,-0.04800000000000004,0.949169,0.950147,-0.0009779999999999234,0.8151658767772512,0.7388235294117647,0.07634234736548651
22,58.0,58.0,22857.0,22810.0,47.0,23033.0,23067.0,-34.0,23244.0,23259.0,-15.0,3.408,3.312,0.09600000000000009,0.983382,0.983382,0.0,0.9095607235142119,0.8552338530066815,0.05432687050753038
22,59.0,59.0,23244.0,23259.0,-15.0,23379.0,23424.0,-45.0,23610.0,23636.0,-26.0,2.768,2.856,-0.08800000000000008,0.998045,0.998045,0.0,0.7377049180327868,0.8753315649867374,-0.13762664695395055
22,60.0,60.0,23610.0,23636.0,-26.0,23751.0,23796.0,-45.0,24000.0,23960.0,40.0,2.976,2.976,0.0,0.9902248,0.978495,0.011729800000000012,0.7230769230769231,0.9876543209876543,-0.2645773979107312
22,61.0,61.0,24000.0,23960.0,40.0,24175.0,24208.0,-33.0,24406.0,24361.0,45.0,3.392,3.296,0.09600000000000009,1.0,1.0,0.0,0.8620689655172413,0.7630922693266833,0.09897669619055804
22,62.0,62.0,24406.0,24361.0,45.0,24575.0,24618.0,-43.0,24814.0,24777.0,37.0,3.2,3.28,-0.07999999999999963,0.98045,1.0,-0.019549999999999956,0.8284313725490196,0.7644230769230769,0.06400829562594268
22,63.0,63.0,24814.0,24777.0,37.0,24991.0,25030.0,-39.0,25185.0,25192.0,-7.0,3.328,3.296,0.03200000000000003,0.98436,1.0,-0.015639999999999987,0.954177897574124,0.7807228915662651,0.1734550060078589
22,64.0,64.0,25185.0,25192.0,-7.0,25305.0,25335.0,-30.0,25531.0,25492.0,39.0,2.512,2.44,0.07200000000000006,1.0,1.0,0.0,0.6936416184971098,0.9533333333333334,-0.25969171483622355
22,65.0,65.0,25531.0,25492.0,39.0,25709.0,25763.0,-54.0,25970.0,25934.0,36.0,3.232,3.424,-0.19199999999999973,1.0,1.0,0.0,0.8109339407744874,0.7737556561085973,0.03717828466589013
22,66.0,66.0,25970.0,25934.0,36.0,26133.0,26175.0,-42.0,26377.0,26330.0,47.0,3.392,3.296,0.09600000000000009,0.964809,0.985337,-0.02052799999999999,0.800982800982801,0.7828282828282829,0.018154518154518073
22,67.0,67.0,26377.0,26330.0,47.0,26551.0,26590.0,-39.0,26766.0,26782.0,-16.0,3.344,3.32,0.02400000000000002,1.0,1.0,0.0,0.8946015424164524,0.8495575221238938,0.045044020292558606
22,68.0,68.0,26766.0,26782.0,-16.0,26895.0,26943.0,-48.0,27128.0,27143.0,-15.0,2.752,2.824,-0.07200000000000006,1.0,1.0,0.0,0.7127071823204421,0.8919667590027701,-0.17925957668232806
22,69.0,69.0,27128.0,27143.0,-15.0,27261.0,27308.0,-47.0,27450.0,27453.0,-3.0,2.928,2.92,0.008000000000000007,1.0,1.0,0.0,0.8260869565217391,0.935483870967742,-0.10939691444600286
22,70.0,70.0,27450.0,27453.0,-3.0,27551.0,27589.0,-38.0,27794.0,27749.0,45.0,2.32,2.248,0.07199999999999962,1.0,1.0,0.0,0.5872093023255813,0.9189189189189189,-0.33170961659333753
22,71.0,71.0,27794.0,27749.0,45.0,27965.0,28017.0,-52.0,28224.0,28193.0,31.0,3.312,3.424,-0.1120000000000001,1.0,1.0,0.0,0.7953488372093023,0.7927927927927928,0.002556044416509473
22,72.0,72.0,28224.0,28193.0,31.0,28387.0,28426.0,-39.0,28638.0,28584.0,54.0,3.376,3.272,0.10400000000000009,0.9599219999999999,1.0,-0.04007800000000006,0.78743961352657,0.8081841432225064,-0.02074452969593643
22,73.0,73.0,28638.0,28584.0,54.0,28797.0,28843.0,-46.0,29051.0,29007.0,44.0,3.28,3.336,-0.05600000000000005,0.9902248,0.955034,0.03519079999999997,0.7699757869249395,0.7754137115839244,-0.0054379246589848496
22,74.0,74.0,29051.0,29007.0,44.0,29223.0,29259.0,-36.0,29458.0,29411.0,47.0,3.408,3.328,0.08000000000000007,1.0,1.0,0.0,0.8452088452088452,0.7524752475247525,0.09273359768409273
22,75.0,75.0,29458.0,29411.0,47.0,29633.0,29677.0,-44.0,29870.0,29828.0,42.0,3.28,3.344,-0.06400000000000006,0.983382,1.0,-0.01661800000000002,0.8495145631067962,0.724220623501199,0.1252939396055972
22,76.0,76.0,29870.0,29828.0,42.0,30067.0,30095.0,-28.0,30313.0,30257.0,56.0,3.472,3.344,0.1280000000000001,1.0,1.0,0.0,0.8893905191873589,0.7552447552447552,0.1341457639426037
22,77.0,77.0,30313.0,30257.0,56.0,30470.0,30515.0,-45.0,30651.0,30648.0,3.0,3.224,3.36,-0.13599999999999968,0.9345060000000001,1.0,-0.06549399999999994,0.9289940828402367,0.6803069053708439,0.24868717746939273
22,78.0,78.0,30651.0,30648.0,3.0,30737.0,30776.0,-39.0,30980.0,30936.0,44.0,2.136,2.088,0.04800000000000004,1.0,1.0,0.0,0.5227963525835866,0.8888888888888888,-0.36609253630530225
22,79.0,79.0,30980.0,30936.0,44.0,31155.0,31196.0,-41.0,31411.0,31357.0,54.0,3.344,3.36,-0.016000000000000014,1.0,1.0,0.0,0.8120649651972158,0.7648456057007126,0.047219359496503244
22,80.0,80.0,31411.0,31357.0,54.0,31571.0,31614.0,-43.0,31838.0,31759.0,79.0,3.328,3.344,-0.016000000000000014,1.0,1.0,0.0,0.7494145199063231,0.7213930348258706,0.028021485080452546
22,81.0,81.0,31838.0,31759.0,79.0,31995.0,32026.0,-31.0,32161.0,32153.0,8.0,3.392,3.296,0.09600000000000009,1.0,0.955034,0.04496599999999995,0.9721362229102167,0.6446700507614214,0.32746617214879536
22,82.0,82.0,32161.0,32153.0,8.0,32245.0,32280.0,-35.0,32477.0,32433.0,44.0,2.0,2.032,-0.03200000000000003,1.0,1.0,0.0,0.5316455696202531,0.9071428571428571,-0.37549728752260403
22,83.0,83.0,32477.0,32433.0,44.0,32657.0,32704.0,-47.0,32899.0,32860.0,39.0,3.296,3.392,-0.09600000000000009,1.0,1.0,0.0,0.8530805687203792,0.730679156908665,0.12240141181171416
22,84.0,84.0,32899.0,32860.0,39.0,33079.0,33114.0,-35.0,33308.0,33266.0,42.0,3.376,3.28,0.09600000000000009,1.0,1.0,0.0,0.880195599022005,0.7487684729064039,0.13142712611560103
22,85.0,85.0,33308.0,33266.0,42.0,33491.0,33535.0,-44.0,33737.0,33693.0,44.0,3.296,3.368,-0.07200000000000006,0.949169,1.0,-0.05083099999999996,0.8531468531468531,0.7400468384074941,0.11310001473935904
22,86.0,86.0,33737.0,33693.0,44.0,33913.0,33949.0,-36.0,34155.0,34106.0,49.0,3.376,3.312,0.06400000000000006,0.9912023,0.98827,0.002932299999999999,0.8421052631578947,0.7602905569007263,0.08181470625716836
22,87.0,87.0,34155.0,34106.0,49.0,34329.0,34371.0,-42.0,34518.0,34531.0,-13.0,3.328,3.376,-0.04800000000000004,0.97654,0.9912023,-0.014662300000000017,0.9586776859504132,0.7529411764705882,0.20573650947982502
22,88.0,88.0,34518.0,34531.0,-13.0,34637.0,34685.0,-48.0,34888.0,34854.0,34.0,2.464,2.512,-0.04800000000000004,1.0,1.0,0.0,0.6432432432432432,0.9535603715170279,-0.31031712827378466
22,89.0,89.0,34888.0,34854.0,34.0,35059.0,35096.0,-37.0,35299.0,35253.0,46.0,3.376,3.288,0.08800000000000008,1.0,1.0,0.0,0.8321167883211679,0.786967418546366,0.045149369774801884
22,90.0,90.0,35299.0,35253.0,46.0,35471.0,35517.0,-46.0,35715.0,35668.0,47.0,3.296,3.368,-0.07200000000000006,1.0,1.0,0.0,0.8269230769230769,0.727710843373494,0.09921223354958286
22,91.0,91.0,35715.0,35668.0,47.0,35895.0,35934.0,-39.0,36142.0,36089.0,53.0,3.392,3.336,0.05600000000000005,1.0,1.0,0.0,0.8430913348946136,0.7363420427553444,0.1067492921392692
22,92.0,92.0,36142.0,36089.0,53.0,36309.0,36353.0,-44.0,36553.0,36507.0,46.0,3.312,3.352,-0.040000000000000036,0.957967,0.961877,-0.003909999999999969,0.8126520681265207,0.736842105263158,0.07580996286336272
22,93.0,93.0,36553.0,36507.0,46.0,36734.0,36766.0,-32.0,36976.0,36926.0,50.0,3.4,3.304,0.09600000000000009,1.0,1.0,0.0,0.8557919621749409,0.7637231503579952,0.0920688118169457
22,94.0,94.0,36976.0,36926.0,50.0,37136.0,37188.0,-52.0,37391.0,37343.0,48.0,3.216,3.376,-0.1599999999999997,0.9599219999999999,1.0,-0.04007800000000006,0.7710843373493976,0.7434052757793765,0.02767906157002109
22,95.0,95.0,37391.0,37343.0,48.0,37571.0,37600.0,-29.0,37807.0,37771.0,36.0,3.48,3.296,0.18400000000000016,0.99902248,0.9599219999999999,0.039100480000000104,0.8653846153846154,0.7990654205607477,0.06631919482386772
22,96.0,96.0,37807.0,37771.0,36.0,37979.0,38015.0,-36.0,38211.0,38167.0,44.0,3.264,3.32,-0.05600000000000005,1.0,1.0,0.0,0.8514851485148515,0.7676767676767677,0.08380838083808373
22,97.0,97.0,38211.0,38167.0,44.0,38391.0,38435.0,-44.0,38638.0,38589.0,49.0,3.296,3.36,-0.06400000000000006,0.998045,0.97654,0.021504999999999996,0.8430913348946136,0.7298578199052133,0.11323351498940037
22,98.0,98.0,38638.0,38589.0,49.0,38819.0,38857.0,-38.0,39051.0,39006.0,45.0,3.424,3.376,0.04800000000000004,0.981427,0.998045,-0.01661799999999991,0.8765133171912833,0.7146282973621103,0.16188501982917303
22,99.0,99.0,39051.0,39006.0,45.0,39227.0,39269.0,-42.0,39480.0,39432.0,48.0,3.264,3.296,-0.03200000000000003,0.9970675,0.9970675,0.0,0.8205128205128205,0.7652582159624413,0.05525460455037923
22,100.0,100.0,39480.0,39432.0,48.0,39651.0,39690.0,-39.0,39829.0,39844.0,-15.0,3.392,3.368,0.02400000000000002,0.910068,0.9941349,-0.08406690000000006,0.9799426934097422,0.7475728155339806,0.23236987787576158
22,101.0,101.0,39829.0,39844.0,-15.0,39935.0,39979.0,-44.0,40168.0,40129.0,39.0,2.272,2.312,-0.040000000000000036,1.0,1.0,0.0,0.6253687315634218,0.9473684210526316,-0.3219996894892099
22,102.0,102.0,40168.0,40129.0,39.0,40357.0,40394.0,-37.0,40589.0,40547.0,42.0,3.376,3.32,0.05600000000000005,1.0,1.0,0.0,0.8978622327790974,0.7320574162679425,0.16580481651115486
22,103.0,103.0,40589.0,40547.0,42.0,40771.0,40813.0,-42.0,41014.0,40971.0,43.0,3.312,3.352,-0.040000000000000036,0.99902248,1.0,-0.000977519999999954,0.8564705882352941,0.7452830188679245,0.11118756936736962
22,104.0,104.0,41014.0,40971.0,43.0,41197.0,41227.0,-30.0,41389.0,41406.0,-17.0,3.408,3.312,0.09600000000000009,1.0,1.0,0.0,0.976,0.8229885057471265,0.15301149425287353
22,105.0,105.0,41389.0,41406.0,-17.0,41521.0,41570.0,-49.0,41722.0,41726.0,-4.0,2.592,2.744,-0.15200000000000014,1.0,1.0,0.0,0.7927927927927928,0.975,-0.18220720720720718
22,106.0,106.0,41722.0,41726.0,-4.0,41827.0,41858.0,-31.0,42054.0,42009.0,45.0,2.448,2.304,0.14400000000000013,1.0,1.0,0.0,0.6325301204819277,0.9328621908127208,-0.3003320703307931
22,107.0,107.0,42054.0,42009.0,45.0,42239.0,42283.0,-44.0,42483.0,42446.0,37.0,3.296,3.4,-0.10400000000000009,1.0,1.0,0.0,0.8624708624708625,0.7459954233409611,0.11647543912990133
22,108.0,108.0,42483.0,42446.0,37.0,42659.0,42694.0,-35.0,42901.0,42854.0,47.0,3.36,3.288,0.07200000000000006,1.0,1.0,0.0,0.8421052631578947,0.7843137254901961,0.05779153766769862
22,109.0,109.0,42901.0,42854.0,47.0,43069.0,43113.0,-44.0,43311.0,43272.0,39.0,3.28,3.352,-0.07200000000000006,0.982405,1.0,-0.017595000000000027,0.8195121951219513,0.7607655502392344,0.05874664488271686
22,110.0,110.0,43311.0,43272.0,39.0,43495.0,43525.0,-30.0,43749.0,43692.0,57.0,3.408,3.296,0.1120000000000001,0.987292,0.987292,0.0,0.8401826484018264,0.7952380952380953,0.04494455316373114
22,111.0,111.0,43749.0,43692.0,57.0,43909.0,43946.0,-37.0,44156.0,44186.0,-30.0,3.312,3.368,-0.05600000000000005,0.998045,0.998045,0.0,0.7862407862407863,0.97165991902834,-0.18541913278755373
22,112.0,112.0,44156.0,44186.0,-30.0,44293.0,44343.0,-50.0,44516.0,44521.0,-5.0,3.072,3.176,-0.10400000000000009,0.9951124,0.97654,0.018572400000000044,0.7611111111111111,0.9373134328358209,-0.17620232172470984
22,113.0,113.0,44516.0,44521.0,-5.0,44653.0,44697.0,-44.0,44902.0,44854.0,48.0,2.88,2.832,0.04800000000000004,0.998045,0.998045,0.0,0.7098445595854923,0.9429429429429429,-0.2330983833574506
22,114.0,114.0,44902.0,44854.0,48.0,45069.0,45113.0,-44.0,45314.0,45273.0,41.0,3.328,3.328,0.0,0.98045,0.9970675,-0.016617499999999952,0.8106796116504854,0.7637231503579952,0.046956461292490204
22,115.0,115.0,45314.0,45273.0,41.0,45491.0,45527.0,-36.0,45734.0,45685.0,49.0,3.376,3.312,0.06400000000000006,1.0,1.0,0.0,0.8428571428571429,0.7669902912621359,0.07586685159500695
22,116.0,116.0,45734.0,45685.0,49.0,45913.0,45951.0,-38.0,46150.0,46097.0,53.0,3.376,3.392,-0.016000000000000014,0.981427,1.0,-0.01857299999999995,0.8605769230769231,0.7087378640776699,0.1518390589992532
22,117.0,117.0,46150.0,46097.0,53.0,46317.0,46356.0,-39.0,46558.0,46515.0,43.0,3.232,3.24,-0.008000000000000007,0.99902248,0.9912023,0.007820180000000065,0.8186274509803921,0.7607655502392344,0.05786190074115771
22,118.0,118.0,46558.0,46515.0,43.0,46731.0,46775.0,-44.0,46975.0,46929.0,46.0,3.312,3.352,-0.040000000000000036,0.946237,0.99902248,-0.05278548000000005,0.829736211031175,0.7439613526570048,0.0857748583741702
22,119.0,119.0,46975.0,46929.0,46.0,47151.0,47185.0,-34.0,47387.0,47341.0,46.0,3.36,3.28,0.08000000000000007,1.0,1.0,0.0,0.854368932038835,0.7572815533980582,0.09708737864077677
22,120.0,120.0,47387.0,47341.0,46.0,47565.0,47607.0,-42.0,47810.0,47767.0,43.0,3.312,3.376,-0.06400000000000006,0.970674,1.0,-0.029325999999999963,0.8416075650118203,0.7511737089201878,0.09043385609163257
22,121.0,121.0,47810.0,47767.0,43.0,47989.0,48025.0,-36.0,48234.0,48186.0,48.0,3.392,3.344,0.04800000000000004,0.98045,0.98045,0.0,0.8443396226415094,0.7684964200477327,0.07584320259377675
22,122.0,122.0,48234.0,48186.0,48.0,48401.0,48441.0,-40.0,48595.0,48611.0,-16.0,3.296,3.328,-0.03200000000000003,0.939394,0.98045,-0.04105600000000009,0.925207756232687,0.8,0.12520775623268698
22,123.0,123.0,48595.0,48611.0,-16.0,48711.0,48759.0,-48.0,48962.0,48916.0,46.0,2.48,2.544,-0.06400000000000006,1.0,0.98827,0.011730000000000018,0.6321525885558583,0.9704918032786886,-0.33833921472283024
22,124.0,124.0,48962.0,48916.0,46.0,49135.0,49178.0,-43.0,49380.0,49334.0,46.0,3.392,3.352,0.040000000000000036,0.981427,1.0,-0.01857299999999995,0.8277511961722488,0.7464114832535885,0.08133971291866027
22,125.0,125.0,49380.0,49334.0,46.0,49549.0,49595.0,-46.0,49795.0,49751.0,44.0,3.312,3.336,-0.02400000000000002,1.0,0.965787,0.03421300000000005,0.8144578313253013,0.7482014388489209,0.06625639247638038
22,126.0,126.0,49795.0,49751.0,44.0,49975.0,50009.0,-34.0,50212.0,50164.0,48.0,3.408,3.312,0.09600000000000009,1.0,1.0,0.0,0.8633093525179856,0.7506053268765134,0.1127040256414722
22,127.0,127.0,50212.0,50164.0,48.0,50391.0,50433.0,-42.0,50625.0,50593.0,32.0,3.328,3.392,-0.06400000000000006,0.970674,0.9921799,-0.021505899999999967,0.8668280871670702,0.745920745920746,0.12090734124632418
22,128.0,128.0,50625.0,50593.0,32.0,50793.0,50835.0,-42.0,51031.0,50985.0,46.0,3.216,3.216,0.0,0.9970675,0.970674,0.02639349999999996,0.8275862068965517,0.7653061224489796,0.06228008444757216
22,129.0,129.0,51031.0,50985.0,46.0,51213.0,51258.0,-45.0,51458.0,51418.0,40.0,3.36,3.384,-0.02400000000000002,1.0,0.9970675,0.0029325000000000045,0.8524590163934427,0.7390300230946882,0.11342899329875444
22,130.0,130.0,51458.0,51418.0,40.0,51635.0,51668.0,-33.0,51863.0,51820.0,43.0,3.376,3.28,0.09600000000000009,1.0,1.0,0.0,0.8740740740740741,0.7562189054726368,0.1178551686014373
22,131.0,131.0,51863.0,51820.0,43.0,52049.0,52092.0,-43.0,52298.0,52254.0,44.0,3.312,3.392,-0.08000000000000007,0.977517,1.0,-0.02248300000000003,0.8551724137931034,0.7465437788018433,0.10862863499126008
22,132.0,132.0,52298.0,52254.0,44.0,52469.0,52511.0,-42.0,52709.0,52662.0,47.0,3.36,3.352,0.008000000000000007,1.0,0.977517,0.02248300000000003,0.8321167883211679,0.7401960784313726,0.09192070988979528
22,133.0,133.0,52709.0,52662.0,47.0,52889.0,52925.0,-36.0,53122.0,53078.0,44.0,3.36,3.312,0.04800000000000004,1.0,1.0,0.0,0.8716707021791767,0.7355769230769231,0.13609377910225362
22,134.0,134.0,53122.0,53078.0,44.0,53305.0,53341.0,-36.0,53544.0,53493.0,51.0,3.328,3.328,0.0,0.971652,1.0,-0.02834800000000004,0.8672985781990521,0.7325301204819277,0.13476845771712442
22,135.0,135.0,53544.0,53493.0,51.0,53712.0,53759.0,-47.0,53960.0,53921.0,39.0,3.256,3.344,-0.08800000000000008,1.0,0.982405,0.017595000000000027,0.8076923076923077,0.7570093457943925,0.05068296189791521
22,136.0,136.0,53960.0,53921.0,39.0,54135.0,54171.0,-36.0,54370.0,54325.0,45.0,3.384,3.296,0.08800000000000008,1.0,1.0,0.0,0.8536585365853658,0.7623762376237624,0.09128229896160345
22,137.0,137.0,54370.0,54325.0,45.0,54551.0,54592.0,-41.0,54789.0,54741.0,48.0,3.328,3.368,-0.040000000000000036,0.967742,0.971652,-0.003909999999999969,0.863961813842482,0.7163461538461539,0.1476156599963282
22,138.0,138.0,54789.0,54741.0,48.0,54975.0,55009.0,-34.0,55226.0,55167.0,59.0,3.392,3.336,0.05600000000000005,1.0,1.0,0.0,0.851258581235698,0.7417840375586855,0.10947454367701248
22,139.0,139.0,55226.0,55167.0,59.0,55387.0,55435.0,-48.0,55578.0,55591.0,-13.0,3.296,3.408,-0.1120000000000001,1.0,1.0,0.0,0.9147727272727273,0.7358490566037736,0.17892367066895365
22,140.0,140.0,55578.0,55591.0,-13.0,55703.0,55729.0,-26.0,55927.0,55890.0,37.0,2.528,2.352,0.17600000000000016,1.0,1.0,0.0,0.7163323782234957,0.9230769230769231,-0.20674454485342741
22,141.0,141.0,55927.0,55890.0,37.0,56107.0,56151.0,-44.0,56362.0,56312.0,50.0,3.232,3.376,-0.14399999999999968,0.97654,1.0,-0.023460000000000036,0.8275862068965517,0.7630331753554502,0.06455303154110148
22,142.0,142.0,56362.0,56312.0,50.0,56525.0,56568.0,-43.0,56767.0,56718.0,49.0,3.344,3.336,0.008000000000000007,1.0,1.0,0.0,0.8049382716049382,0.7389162561576355,0.0660220154473028
22,143.0,143.0,56767.0,56718.0,49.0,56945.0,56987.0,-42.0,57184.0,57140.0,44.0,3.36,3.352,0.008000000000000007,0.998045,0.955034,0.04301099999999991,0.8537170263788969,0.7251184834123223,0.12859854296657458
22,144.0,144.0,57184.0,57140.0,44.0,57364.0,57401.0,-37.0,57605.0,57553.0,52.0,3.352,3.312,0.040000000000000036,1.0,1.0,0.0,0.8551068883610451,0.7360774818401937,0.11902940652085137
22,145.0,145.0,57605.0,57553.0,52.0,57785.0,57821.0,-36.0,58010.0,57973.0,37.0,3.368,3.36,0.008000000000000007,0.98045,1.0,-0.019549999999999956,0.8888888888888888,0.7238095238095238,0.16507936507936505
22,146.0,146.0,58010.0,57973.0,37.0,58195.0,58230.0,-35.0,58428.0,58384.0,44.0,3.28,3.272,0.008000000000000007,1.0,1.0,0.0,0.8851674641148325,0.7493917274939172,0.13577573662091524
22,147.0,147.0,58428.0,58384.0,44.0,58613.0,58655.0,-42.0,58826.0,58828.0,-2.0,3.344,3.4,-0.05600000000000005,1.0,1.0,0.0,0.9296482412060302,0.7792792792792793,0.15036896192675087
22,148.0,148.0,58826.0,58828.0,-2.0,58975.0,59000.0,-25.0,59205.0,59158.0,47.0,2.896,2.76,0.13600000000000012,1.0,1.0,0.0,0.7862796833773087,0.9575757575757575,-0.17129607419844883
22,149.0,149.0,59205.0,59158.0,47.0,59375.0,59423.0,-48.0,59631.0,59578.0,53.0,3.2,3.384,-0.18399999999999972,1.0,1.0,0.0,0.7981220657276995,0.7380952380952381,0.060026827632461366
23,2.0,1.0,356.0,379.0,-23.0,537.0,518.0,19.0,671.0,636.0,35.0,2.736,2.312,0.4240000000000004,0.6295240000000001,0.6129060000000001,0.01661800000000002,0.8507936507936508,0.9182879377431906,-0.06749428694953985
23,3.0,2.0,671.0,636.0,35.0,927.0,932.0,-5.0,1183.0,1207.0,-24.0,3.12,3.312,-0.19199999999999973,0.795702,0.795702,0.0,1.0,0.9632224168126094,0.03677758318739055
23,4.0,3.0,1183.0,1207.0,-24.0,1349.0,1347.0,2.0,1582.0,1626.0,-44.0,3.376,3.32,0.05600000000000005,0.82796,0.82796,0.0,0.8320802005012531,0.6682577565632458,0.16382244393800727
23,5.0,4.0,1582.0,1626.0,-44.0,1765.0,1764.0,1.0,1952.0,1913.0,39.0,3.328,3.336,-0.008000000000000007,0.57772,0.5757599999999999,0.001960000000000073,0.9891891891891892,0.9616724738675958,0.027516715321593388
23,6.0,5.0,1952.0,1913.0,39.0,2187.0,2194.0,-7.0,2429.0,2474.0,-45.0,3.376,3.44,-0.06400000000000006,0.7321599999999999,0.7321599999999999,0.0,0.9853249475890985,0.9982174688057041,-0.012892521216605557
23,7.0,6.0,2429.0,2474.0,-45.0,2595.0,2586.0,9.0,2763.0,2872.0,-109.0,3.264,3.136,0.12799999999999967,0.61877,0.72923,-0.11046,0.9940119760479041,0.5628140703517588,0.43119790569614536
23,9.0,7.0,2787.0,2872.0,-85.0,3025.0,3008.0,17.0,3153.0,3131.0,22.0,2.016,3.376,-1.3599999999999999,0.97752,0.97752,0.0,0.6994535519125683,0.9498069498069498,-0.2503533978943815
23,10.0,8.0,3153.0,3131.0,22.0,3221.0,3232.0,-11.0,3283.0,3320.0,-37.0,1.568,1.792,-0.22399999999999998,0.39101,0.39101,0.0,0.9538461538461538,0.9312169312169312,0.022629222629222623
23,11.0,9.0,3283.0,3320.0,-37.0,3411.0,3451.0,-40.0,3567.0,3593.0,-26.0,1.52,1.752,-0.23199999999999998,1.0,1.0,0.0,0.9014084507042254,0.9597069597069597,-0.05829850900273437
23,12.0,10.0,3567.0,3593.0,-26.0,3667.0,3697.0,-30.0,3821.0,3795.0,26.0,2.048,1.968,0.08000000000000007,1.0,1.0,0.0,0.7874015748031495,0.9702970297029703,-0.18289545489982073
23,14.0,12.0,4476.0,4428.0,48.0,4673.0,4681.0,-8.0,4851.0,4869.0,-18.0,6.48,4.96,1.5200000000000005,0.81623,0.85337,-0.03713999999999995,0.9493333333333334,0.8526077097505669,0.09672562358276648
23,15.0,13.0,4851.0,4869.0,-18.0,5067.0,5097.0,-30.0,5302.0,5369.0,-67.0,3.152,3.328,-0.1759999999999997,0.85337,0.83187,0.021499999999999964,0.9578713968957872,0.912,0.04587139689578712
23,17.0,14.0,5307.0,5369.0,-62.0,5509.0,5517.0,-8.0,5700.0,5680.0,20.0,1.648,3.36,-1.712,0.87488,0.77615,0.09872999999999998,0.9720101781170484,0.9517684887459807,0.020241689371067628
23,18.0,15.0,5700.0,5680.0,20.0,5919.0,5930.0,-11.0,6136.0,6210.0,-74.0,3.28,3.304,-0.02400000000000002,0.8543499999999999,0.8651,-0.010750000000000037,0.9954128440366973,0.9433962264150944,0.05201661762160292
23,20.0,16.0,6152.0,6210.0,-58.0,6358.0,6351.0,7.0,6515.0,6488.0,27.0,1.72,3.368,-1.648,0.8563000000000001,0.8563000000000001,0.0,0.8650137741046832,0.9856115107913669,-0.12059773668668372
23,21.0,17.0,6515.0,6488.0,27.0,6749.0,6763.0,-14.0,6980.0,7041.0,-61.0,3.128,3.296,-0.1679999999999997,0.956012,0.956012,0.0,0.9935483870967742,0.9945750452079566,-0.0010266581111824102
23,23.0,18.0,6998.0,7041.0,-43.0,7157.0,7177.0,-20.0,7356.0,7340.0,16.0,1.36,3.312,-1.9519999999999997,0.9022479999999999,0.80059,0.10165799999999992,0.888268156424581,0.9096989966555185,-0.021430840230937442
23,24.0,19.0,7356.0,7340.0,16.0,7571.0,7593.0,-22.0,7794.0,7737.0,57.0,3.312,3.328,-0.016000000000000014,0.917889,0.917889,0.0,0.9817351598173516,0.7254408060453401,0.2562943537720115
23,26.0,20.0,7816.0,7737.0,79.0,8007.0,8016.0,-9.0,8182.0,8162.0,20.0,1.568,3.384,-1.8159999999999998,0.80352,0.904203,-0.10068299999999997,0.9562841530054644,0.6870588235294117,0.2692253294760527
23,27.0,21.0,8182.0,8162.0,20.0,8407.0,8426.0,-19.0,8639.0,8574.0,65.0,3.2,3.28,-0.07999999999999963,0.961877,0.961877,0.0,0.9846827133479212,0.7184466019417476,0.26623611140617365
23,28.0,22.0,8639.0,8574.0,65.0,8843.0,8824.0,19.0,9096.0,9128.0,-32.0,3.488,3.184,0.3039999999999998,0.76931,0.76931,0.0,0.8927789934354485,0.9025270758122743,-0.009748082376825784
23,29.0,23.0,9096.0,9128.0,-32.0,9247.0,9264.0,-17.0,9479.0,9418.0,61.0,3.232,3.52,-0.2879999999999998,0.911046,0.911046,0.0,0.7885117493472584,0.9379310344827586,-0.14941928513550018
23,30.0,24.0,9479.0,9418.0,61.0,9673.0,9684.0,-11.0,9875.0,9949.0,-74.0,3.408,3.36,0.04800000000000004,0.82014,0.911046,-0.09090600000000004,0.9797979797979798,0.9981167608286252,-0.018318781030645437
23,31.0,25.0,9875.0,9949.0,-74.0,10085.0,10099.0,-14.0,10270.0,10256.0,14.0,3.296,3.32,-0.02400000000000002,0.929619,0.89052,0.039098999999999995,0.9367088607594937,0.9771986970684039,-0.04048983630891023
23,32.0,26.0,10270.0,10256.0,14.0,10515.0,10518.0,-3.0,10728.0,10788.0,-60.0,3.44,3.352,0.08800000000000008,0.919844,0.929619,-0.009774999999999978,0.9301310043668123,0.9849624060150376,-0.05483140164822531
23,33.0,27.0,10728.0,10788.0,-60.0,10931.0,10930.0,1.0,11082.0,11070.0,12.0,3.328,3.296,0.03200000000000003,0.8768360000000001,0.8768360000000001,0.0,0.8531073446327684,0.9929078014184397,-0.13980045678567132
23,34.0,28.0,11082.0,11070.0,12.0,11307.0,11351.0,-44.0,11588.0,11634.0,-46.0,3.008,3.368,-0.3599999999999999,1.0,1.0,0.0,0.8893280632411067,0.9964539007092199,-0.10712583746811322
23,35.0,29.0,11588.0,11634.0,-46.0,11769.0,11775.0,-6.0,11939.0,12059.0,-120.0,3.696,3.392,0.30400000000000027,0.84653,0.86119,-0.014660000000000006,0.9686609686609686,0.6635294117647059,0.3051315568962627
23,36.0,30.0,11939.0,12059.0,-120.0,12155.0,12179.0,-24.0,12400.0,12477.0,-77.0,3.088,3.232,-0.14400000000000013,0.86119,0.84262,0.018569999999999975,0.9370932754880694,0.5741626794258373,0.3629305960622321
23,40.0,31.0,12872.0,12902.0,-30.0,13007.0,13017.0,-10.0,13176.0,13146.0,30.0,1.864,1.744,0.1200000000000001,0.85826,0.85826,0.0,0.8881578947368421,0.9426229508196722,-0.05446505608283003
23,41.0,32.0,13176.0,13146.0,30.0,13436.0,13435.0,1.0,13687.0,13723.0,-36.0,3.432,3.344,0.08800000000000008,0.81915,0.914952,-0.09580199999999994,0.9823874755381605,0.9982668977469671,-0.01587942220880656
23,44.0,33.0,14143.0,14153.0,-10.0,14263.0,14262.0,1.0,14413.0,14368.0,45.0,1.616,1.68,-0.06399999999999983,0.85142,0.85142,0.0,0.8888888888888888,0.986046511627907,-0.09715762273901818
23,45.0,34.0,14413.0,14368.0,45.0,14657.0,14683.0,-26.0,14903.0,14962.0,-59.0,3.152,3.368,-0.21599999999999975,0.82014,1.0,-0.17986000000000002,0.9959183673469387,0.9393939393939394,0.05652442795299928
23,47.0,35.0,14913.0,14962.0,-49.0,15097.0,15100.0,-3.0,15280.0,15238.0,42.0,1.496,3.336,-1.8399999999999999,0.78788,0.78788,0.0,0.997275204359673,1.0,-0.0027247956403270157
23,49.0,36.0,15287.0,15238.0,49.0,15507.0,15518.0,-11.0,15684.0,15665.0,19.0,1.808,3.344,-1.5359999999999998,0.921799,0.87195,0.04984900000000003,0.8916876574307304,0.6885245901639344,0.203163067266796
23,50.0,37.0,15684.0,15665.0,19.0,15939.0,15933.0,6.0,16131.0,16076.0,55.0,3.456,3.32,0.13600000000000012,0.8836759999999999,0.886609,-0.0029330000000000744,0.8590604026845637,0.6958637469586375,0.16319665572592623
23,52.0,38.0,16138.0,16076.0,62.0,16349.0,16354.0,-5.0,16519.0,16501.0,18.0,1.696,3.368,-1.672,0.86119,0.86119,0.0,0.8923884514435696,0.691764705882353,0.20062374556121665
23,53.0,39.0,16519.0,16501.0,18.0,16745.0,16767.0,-22.0,16979.0,16917.0,62.0,3.168,3.304,-0.13599999999999968,0.89638,0.89541,0.0009699999999999154,0.9826086956521739,0.7211538461538461,0.26145484949832776
23,55.0,40.0,17000.0,16917.0,83.0,17187.0,17184.0,3.0,17366.0,17325.0,41.0,1.52,3.336,-1.8159999999999998,0.7996099999999999,0.86901,-0.06940000000000002,0.9781420765027322,0.6911764705882353,0.28696560591449694
23,56.0,41.0,17366.0,17325.0,41.0,17591.0,17603.0,-12.0,17770.0,17750.0,20.0,3.232,3.352,-0.11999999999999966,0.911046,0.8690100000000001,0.04203599999999996,0.8861386138613861,0.691764705882353,0.1943739079790332
23,57.0,42.0,17770.0,17750.0,20.0,18021.0,18016.0,5.0,18216.0,18162.0,54.0,3.44,3.304,0.13600000000000012,0.874881,0.880746,-0.005865000000000009,0.874439461883408,0.7087378640776699,0.16570159780573812
23,58.0,43.0,18216.0,18162.0,54.0,18431.0,18438.0,-7.0,18598.0,18583.0,15.0,3.28,3.376,-0.09600000000000009,0.86999,0.86999,0.0,0.8743455497382199,0.6888361045130642,0.18550944522515567
23,59.0,44.0,18598.0,18583.0,15.0,18827.0,18852.0,-25.0,19061.0,19001.0,60.0,3.168,3.312,-0.14399999999999968,0.89638,0.89638,0.0,0.9892008639308856,0.7129186602870814,0.2762822036438042
23,60.0,45.0,19061.0,19001.0,60.0,19259.0,19273.0,-14.0,19453.0,19551.0,-98.0,3.456,3.368,0.08800000000000008,0.8172,0.88856,-0.07135999999999998,0.9897959183673469,0.9890909090909091,0.0007050092764377958
23,61.0,46.0,19453.0,19551.0,-98.0,19681.0,19686.0,-5.0,19884.0,19832.0,52.0,3.376,3.304,0.07200000000000006,0.925709,0.919844,0.005865000000000009,0.9419953596287703,0.9608540925266904,-0.01885873289792006
23,62.0,47.0,19884.0,19832.0,52.0,20089.0,20127.0,-38.0,20394.0,20409.0,-15.0,3.264,3.528,-0.26400000000000023,0.84555,0.945259,-0.09970899999999994,0.803921568627451,0.9774696707105719,-0.17354810208312088
23,63.0,48.0,20394.0,20409.0,-15.0,20527.0,20510.0,17.0,20651.0,20624.0,27.0,3.504,3.064,0.43999999999999995,0.72727,0.72727,0.0,0.9649805447470817,0.9395348837209302,0.025445661026151534
23,64.0,49.0,20651.0,20624.0,27.0,20939.0,20936.0,3.0,21136.0,21205.0,-69.0,3.296,3.408,-0.1120000000000001,0.985337,0.99609,-0.010753000000000013,0.8123711340206186,0.9259896729776248,-0.11361853895700624
23,66.0,50.0,21144.0,21205.0,-61.0,21351.0,21355.0,-4.0,21527.0,21512.0,15.0,1.696,3.352,-1.656,0.83284,0.7409600000000001,0.09187999999999996,0.9190600522193212,0.9771986970684039,-0.05813864484908271
23,67.0,51.0,21527.0,21512.0,15.0,21756.0,21768.0,-12.0,21980.0,21918.0,62.0,3.24,3.304,-0.06399999999999961,0.86412,0.86412,0.0,0.988962472406181,0.7389162561576355,0.2500462162485455
23,68.0,52.0,21980.0,21918.0,62.0,22192.0,22188.0,4.0,22359.0,22475.0,-116.0,3.488,3.36,0.1280000000000001,0.76735,0.81329,-0.04593999999999998,0.8812664907651715,0.9694793536804309,-0.08821286291525943
23,69.0,53.0,22359.0,22475.0,-116.0,22589.0,22600.0,-11.0,22774.0,22746.0,28.0,3.176,3.296,-0.11999999999999966,0.965787,0.957967,0.007819999999999938,0.891566265060241,0.9225092250922509,-0.030942960032009914
23,70.0,54.0,22774.0,22746.0,28.0,23021.0,23023.0,-2.0,23200.0,23161.0,39.0,3.456,3.384,0.07200000000000006,0.83578,0.9178869999999999,-0.08210699999999993,0.8403755868544601,0.6650602409638554,0.1753153458906047
23,71.0,55.0,23200.0,23161.0,39.0,23427.0,23438.0,-11.0,23613.0,23588.0,25.0,3.248,3.32,-0.07199999999999962,0.88368,0.85728,0.02639999999999998,0.9007263922518159,0.702576112412178,0.19815027983963795
23,72.0,56.0,23613.0,23588.0,25.0,23857.0,23854.0,3.0,24044.0,23998.0,46.0,3.44,3.328,0.1120000000000001,0.78299,0.83187,-0.048880000000000035,0.8677494199535962,0.7024390243902439,0.16531039556335236
23,73.0,57.0,24044.0,23998.0,46.0,24267.0,24274.0,-7.0,24444.0,24424.0,20.0,3.28,3.36,-0.08000000000000007,0.915934,0.87097,0.044964000000000004,0.885,0.704225352112676,0.180774647887324
23,74.0,58.0,24444.0,24424.0,20.0,24668.0,24687.0,-19.0,24893.0,24836.0,57.0,3.208,3.304,-0.09599999999999964,0.858261,0.858261,0.0,0.9977728285077951,0.7233009708737864,0.2744718576340087
23,75.0,59.0,24893.0,24836.0,57.0,25113.0,25107.0,6.0,25271.0,25248.0,23.0,3.56,3.36,0.20000000000000018,0.81232,0.81232,0.0,0.835978835978836,0.6844660194174756,0.1515128165613604
23,76.0,60.0,25271.0,25248.0,23.0,25503.0,25536.0,-33.0,25769.0,25812.0,-43.0,3.12,3.432,-0.31199999999999983,0.906158,0.906158,0.0,0.9317269076305221,0.9787234042553191,-0.04699649662479699
23,77.0,61.0,25769.0,25812.0,-43.0,25935.0,25921.0,14.0,26104.0,26054.0,50.0,3.456,3.08,0.3759999999999999,0.895404,0.895404,0.0,0.991044776119403,0.9008264462809917,0.09021832983841127
23,78.0,62.0,26104.0,26054.0,50.0,26347.0,26350.0,-3.0,26506.0,26485.0,21.0,3.296,3.432,-0.13600000000000012,0.99902248,0.951124,0.04789848000000008,0.791044776119403,0.6264501160092808,0.16459466011012225
23,79.0,63.0,26506.0,26485.0,21.0,26747.0,26760.0,-13.0,26965.0,26901.0,64.0,3.2,3.28,-0.07999999999999963,0.90127,0.90127,0.0,0.9498910675381264,0.6778846153846154,0.27200645215351094
23,80.0,64.0,26965.0,26901.0,64.0,27194.0,27191.0,3.0,27411.0,27446.0,-35.0,3.576,3.448,0.1280000000000001,0.7478,0.785926,-0.03812599999999999,0.9730941704035875,0.9357798165137614,0.03731435388982607
23,81.0,65.0,27411.0,27446.0,-35.0,27576.0,27596.0,-20.0,27813.0,27762.0,51.0,3.056,3.24,-0.18400000000000016,0.77321,0.77321,0.0,0.8208955223880597,0.9493670886075949,-0.12847156621953515
23,82.0,66.0,27813.0,27762.0,51.0,28029.0,28044.0,-15.0,28183.0,28158.0,25.0,3.624,3.584,0.040000000000000036,0.68622,0.68622,0.0,0.8324324324324324,0.5757575757575757,0.2566748566748567
23,83.0,67.0,28183.0,28158.0,25.0,28423.0,28440.0,-17.0,28660.0,28593.0,67.0,3.152,3.168,-0.016000000000000014,0.88661,0.88661,0.0,0.9937106918238994,0.703448275862069,0.29026241596183033
23,84.0,68.0,28660.0,28593.0,67.0,28859.0,28857.0,2.0,29039.0,29001.0,38.0,3.488,3.336,0.15200000000000014,0.7478,0.77615,-0.028349999999999986,0.9498680738786279,0.7058823529411764,0.24398572093745152
23,85.0,69.0,29039.0,29001.0,38.0,29269.0,29273.0,-4.0,29441.0,29422.0,19.0,3.28,3.328,-0.04800000000000004,0.921799,0.88074,0.04105900000000007,0.8557213930348259,0.7078384798099763,0.1478829132248496
23,86.0,70.0,29441.0,29422.0,19.0,29659.0,29681.0,-22.0,29881.0,29829.0,52.0,3.12,3.264,-0.14399999999999968,0.8142689999999999,0.808404,0.005864999999999898,0.990909090909091,0.7272727272727273,0.26363636363636367
23,87.0,71.0,29881.0,29829.0,52.0,30097.0,30108.0,-11.0,30321.0,30333.0,-12.0,3.504,3.416,0.08800000000000008,0.911046,0.933529,-0.02248300000000003,0.9818181818181818,0.8928571428571429,0.08896103896103891
23,91.0,72.0,31083.0,31237.0,-154.0,31331.0,31372.0,-41.0,31625.0,31641.0,-16.0,2.896,1.648,1.248,0.99413,0.99413,0.0,0.915129151291513,0.6683168316831682,0.2468123196083447
23,92.0,73.0,31625.0,31641.0,-16.0,31787.0,31786.0,1.0,32024.0,32055.0,-31.0,3.648,3.312,0.3360000000000003,0.75758,0.75758,0.0,0.8120300751879699,0.7004830917874396,0.11154698340053026
23,93.0,74.0,32024.0,32055.0,-31.0,32173.0,32198.0,-25.0,32393.0,32356.0,37.0,3.088,3.296,-0.20799999999999974,0.65103,0.65103,0.0,0.8075880758807588,0.9501661129568106,-0.14257803707605188
23,94.0,75.0,32393.0,32356.0,37.0,32619.0,32615.0,4.0,32754.0,32757.0,-3.0,3.568,3.336,0.2320000000000002,0.81231,0.81231,0.0,0.7479224376731302,0.7082294264339153,0.03969301123921487
23,95.0,76.0,32754.0,32757.0,-3.0,32875.0,32879.0,-4.0,33104.0,33147.0,-43.0,2.048,2.112,-0.06400000000000006,0.73216,0.73216,0.0,0.6914285714285715,0.6256410256410256,0.06578754578754586
23,96.0,77.0,33104.0,33147.0,-43.0,33291.0,33298.0,-7.0,33477.0,33521.0,-44.0,3.328,3.352,-0.02400000000000002,0.61095,0.63344,-0.02249000000000001,0.9973190348525469,0.8074866310160428,0.18983240383650413
23,97.0,78.0,33477.0,33521.0,-44.0,33707.0,33712.0,-5.0,33936.0,33983.0,-47.0,3.328,3.312,0.016000000000000014,0.74487,0.7302,0.014670000000000072,0.9978213507625272,0.8268398268398268,0.17098152392270038
23,99.0,79.0,33941.0,33983.0,-42.0,34125.0,34131.0,-6.0,34309.0,34364.0,-55.0,1.488,3.352,-1.8639999999999999,0.58064,0.58749,-0.006849999999999912,1.0,0.7769028871391076,0.2230971128608924
23,100.0,80.0,34309.0,34364.0,-55.0,34541.0,34547.0,-6.0,34773.0,34819.0,-46.0,3.328,3.328,0.0,0.76247,0.7106600000000001,0.05180999999999991,1.0,0.8043956043956044,0.19560439560439558
23,102.0,81.0,34778.0,34819.0,-41.0,34961.0,34966.0,-5.0,35157.0,35220.0,-63.0,1.472,3.352,-1.88,0.55328,0.5933600000000001,-0.040080000000000116,0.9656992084432717,0.7331670822942644,0.2325321261490073
23,116.0,82.0,35207.0,35220.0,-13.0,35377.0,35378.0,-1.0,35611.0,35549.0,62.0,1.384,3.296,-1.912,0.738021,0.738021,0.0,0.8415841584158416,0.9604863221884499,-0.11890216377260832
23,117.0,83.0,35611.0,35549.0,62.0,35795.0,35794.0,1.0,35991.0,36053.0,-62.0,3.344,3.328,0.016000000000000014,0.52688,0.54155,-0.01466999999999996,0.968421052631579,0.9722222222222222,-0.0038011695906432497
23,118.0,84.0,35991.0,36053.0,-62.0,36217.0,36216.0,1.0,36449.0,36490.0,-41.0,3.376,3.376,0.0,0.70968,0.68426,0.025419999999999998,0.9868995633187773,0.7459954233409611,0.24090413997781612
23,119.0,85.0,36449.0,36490.0,-41.0,36629.0,36631.0,-2.0,36823.0,36893.0,-70.0,3.296,3.32,-0.02400000000000002,0.54252,0.56403,-0.02151000000000003,0.9625668449197861,0.6997518610421836,0.2628149838776025
23,120.0,86.0,36823.0,36893.0,-70.0,37043.0,37047.0,-4.0,37211.0,37216.0,-5.0,3.312,3.328,-0.016000000000000014,0.7135900000000001,0.7008800000000001,0.012709999999999999,0.865979381443299,0.9535603715170279,-0.08758099007372888
23,121.0,87.0,37211.0,37216.0,-5.0,37409.0,37460.0,-51.0,37624.0,37582.0,42.0,2.928,3.304,-0.3759999999999999,0.50929,0.50929,0.0,0.9588377723970944,0.6666666666666667,0.2921711057304277
23,122.0,88.0,37624.0,37582.0,42.0,37875.0,37880.0,-5.0,38102.0,38153.0,-51.0,3.728,3.36,0.3680000000000003,0.835782,0.835782,0.0,0.9497907949790795,0.9562171628721541,-0.006426367893074603
23,124.0,89.0,38110.0,38153.0,-43.0,38295.0,38303.0,-8.0,38544.0,38540.0,4.0,1.504,3.384,-1.88,0.60703,0.60703,0.0,0.8525345622119815,0.7751937984496124,0.07734076376236909
23,125.0,90.0,38544.0,38540.0,4.0,38707.0,38715.0,-8.0,38933.0,38987.0,-54.0,3.296,3.296,0.0,0.66569,0.66862,-0.002929999999999988,0.8380462724935733,0.7829977628635347,0.0550485096300386
23,127.0,91.0,38942.0,38987.0,-45.0,39129.0,39137.0,-8.0,39376.0,39396.0,-20.0,1.52,3.376,-1.8559999999999999,0.56501,0.56501,0.0,0.8617511520737327,0.7334963325183375,0.1282548195553952
23,128.0,92.0,39376.0,39396.0,-20.0,39537.0,39548.0,-11.0,39763.0,39818.0,-55.0,3.264,3.288,-0.02400000000000002,0.6432,0.67839,-0.035190000000000055,0.8320413436692506,0.7203791469194313,0.11166219674981936
23,130.0,93.0,39771.0,39818.0,-47.0,39969.0,39969.0,0.0,40134.0,40160.0,-26.0,1.632,3.368,-1.736,0.54154,0.59726,-0.05571999999999999,0.9090909090909091,0.8830409356725146,0.026049973418394434
23,131.0,94.0,40134.0,40160.0,-26.0,40367.0,40379.0,-12.0,40591.0,40537.0,54.0,3.184,3.28,-0.09599999999999964,0.6823,0.67742,0.0048799999999999955,0.9803063457330415,0.8381962864721485,0.14211005926089304
23,133.0,95.0,40602.0,40537.0,65.0,40821.0,40803.0,18.0,40971.0,40998.0,-27.0,1.792,3.392,-1.5999999999999999,0.57869,0.57869,0.0,0.8130081300813008,0.8459869848156182,-0.03297885473431739
23,134.0,96.0,40971.0,40998.0,-27.0,41199.0,41214.0,-15.0,41428.0,41473.0,-45.0,3.024,3.288,-0.2639999999999998,0.68622,0.6549400000000001,0.031279999999999974,0.9978118161925602,0.9094736842105263,0.08833813198203389
23,135.0,97.0,41428.0,41473.0,-45.0,41609.0,41612.0,-3.0,41806.0,41870.0,-64.0,3.28,3.184,0.09599999999999964,0.51613,0.5493600000000001,-0.03323000000000009,0.9576719576719577,0.7002518891687657,0.257420068503192
23,136.0,98.0,41806.0,41870.0,-64.0,42027.0,42028.0,-1.0,42260.0,42306.0,-46.0,3.344,3.328,0.016000000000000014,0.6999,0.6999,0.0,0.973568281938326,0.7247706422018348,0.24879763973649116
23,137.0,99.0,42260.0,42306.0,-46.0,42441.0,42443.0,-2.0,42627.0,42596.0,31.0,3.312,3.32,-0.008000000000000007,0.5053799999999999,0.5053799999999999,0.0,0.9863760217983651,0.9448275862068966,0.04154843559146859
23,138.0,100.0,42627.0,42596.0,31.0,42859.0,42861.0,-2.0,43090.0,43032.0,58.0,3.344,3.344,0.0,0.70577,0.70577,0.0,0.9978401727861771,0.7844036697247706,0.2134365030614065
23,139.0,101.0,43090.0,43032.0,58.0,43277.0,43278.0,-1.0,43464.0,43543.0,-79.0,3.344,3.336,0.008000000000000007,0.5435000000000001,0.5435000000000001,0.0,1.0,0.9628180039138943,0.03718199608610573
23,141.0,102.0,43481.0,43543.0,-62.0,43697.0,43696.0,1.0,43937.0,43973.0,-36.0,1.856,3.344,-1.4879999999999998,0.69501,0.69501,0.0,0.9473684210526316,0.7116279069767442,0.23574051407588748
23,142.0,103.0,43937.0,43973.0,-36.0,44075.0,44110.0,-35.0,44304.0,44357.0,-53.0,3.024,3.312,-0.2879999999999998,0.48680000000000007,0.5298100000000001,-0.04301000000000005,0.7520435967302452,0.7135416666666667,0.03850193006357849
23,143.0,104.0,44304.0,44357.0,-53.0,44531.0,44530.0,1.0,44763.0,44814.0,-51.0,3.648,3.36,0.28800000000000026,0.69013,0.69013,0.0,0.9891067538126361,0.7571115973741794,0.2319951564384567
23,144.0,105.0,44763.0,44814.0,-51.0,44939.0,44940.0,-1.0,45074.0,45065.0,9.0,3.264,3.28,-0.016000000000000014,0.91691,0.91691,0.0,0.8681672025723473,0.9960159362549801,-0.12784873368263283
23,145.0,106.0,45074.0,45065.0,9.0,45333.0,45359.0,-26.0,45607.0,45650.0,-43.0,3.152,3.352,-0.19999999999999973,1.0,1.0,0.0,0.9718574108818011,0.9948717948717949,-0.02301438398999378
23,146.0,107.0,45607.0,45650.0,-43.0,45778.0,45781.0,-3.0,45975.0,46037.0,-62.0,3.56,3.376,0.18400000000000016,0.54155,0.6099699999999999,-0.06841999999999993,0.9293478260869565,0.6770025839793281,0.25234524210762843
23,147.0,108.0,45975.0,46037.0,-62.0,46196.0,46197.0,-1.0,46428.0,46472.0,-44.0,3.344,3.328,0.016000000000000014,0.7380199999999999,0.7380199999999999,0.0,0.9757174392935982,0.735632183908046,0.24008525538555225
23,148.0,109.0,46428.0,46472.0,-44.0,46611.0,46614.0,-3.0,46796.0,46837.0,-41.0,3.32,3.336,-0.016000000000000014,0.5669599999999999,0.59922,-0.032260000000000066,0.9945652173913043,0.7780821917808219,0.21648302561048238
23,149.0,110.0,46796.0,46837.0,-41.0,47025.0,47028.0,-3.0,47251.0,47301.0,-50.0,3.312,3.312,0.0,0.72629,0.7204299999999999,0.005860000000000087,0.9934065934065934,0.8232758620689655,0.1701307313376279
23,151.0,111.0,47258.0,47301.0,-43.0,47443.0,47447.0,-4.0,47622.0,47599.0,23.0,1.488,3.352,-1.8639999999999999,0.5738,0.5532699999999999,0.020530000000000048,0.9835164835164835,0.9798657718120806,0.003650711704402898
23,152.0,112.0,47622.0,47599.0,23.0,47855.0,47863.0,-8.0,48085.0,48138.0,-53.0,3.296,3.328,-0.03200000000000003,0.76736,0.76736,0.0,0.9935205183585313,0.9795918367346939,0.013928681623837424
23,154.0,113.0,48094.0,48138.0,-44.0,48277.0,48282.0,-5.0,48465.0,48547.0,-82.0,1.504,3.352,-1.8479999999999999,0.5796699999999999,0.6158399999999999,-0.036170000000000035,0.9865229110512129,0.7041564792176039,0.282366431833609
23,155.0,114.0,48465.0,48547.0,-82.0,48693.0,48694.0,-1.0,48922.0,48969.0,-47.0,3.328,3.296,0.03200000000000003,0.73803,0.73803,0.0,0.9978118161925602,0.6966824644549763,0.30112935173758393
23,156.0,115.0,48922.0,48969.0,-47.0,49163.0,49131.0,32.0,49390.0,49408.0,-18.0,3.76,3.496,0.2639999999999998,0.6080099999999999,0.60606,0.0019499999999998963,0.9700854700854701,0.7380410022779043,0.23204446780756582
23,157.0,116.0,49390.0,49408.0,-18.0,49519.0,49516.0,3.0,49670.0,49666.0,4.0,2.848,3.08,-0.2320000000000002,0.71359,0.70772,0.005869999999999931,0.9214285714285715,0.8372093023255813,0.08421926910299016
23,159.0,117.0,49757.0,49666.0,91.0,49945.0,49939.0,6.0,50115.0,50098.0,17.0,1.56,3.384,-1.8239999999999998,0.528836,0.528836,0.0,0.9497206703910615,0.7361111111111112,0.2136095592799503
23,160.0,118.0,50115.0,50098.0,17.0,50355.0,50364.0,-9.0,50583.0,50635.0,-52.0,3.28,3.4,-0.1200000000000001,0.8641224,0.8641224,0.0,0.9743589743589743,0.9906890130353817,-0.016330038676407366
23,162.0,119.0,50590.0,50635.0,-45.0,50779.0,50784.0,-5.0,50958.0,50986.0,-28.0,1.536,3.36,-1.8239999999999998,0.57869,0.61192,-0.03322999999999998,0.9728260869565217,0.849002849002849,0.12382323795367278
23,163.0,120.0,50958.0,50986.0,-28.0,51185.0,51195.0,-10.0,51412.0,51468.0,-56.0,3.248,3.288,-0.03999999999999959,0.71261,0.69404,0.018569999999999975,1.0,0.8672199170124482,0.13278008298755184
23,165.0,121.0,51423.0,51468.0,-45.0,51610.0,51616.0,-6.0,51790.0,51812.0,-22.0,1.52,3.368,-1.8479999999999999,0.56598,0.59531,-0.029329999999999967,0.9809264305177112,0.8604651162790697,0.12046131423864148
23,166.0,122.0,51790.0,51812.0,-22.0,52019.0,52029.0,-10.0,52249.0,52301.0,-52.0,3.272,3.304,-0.03200000000000003,0.72727,0.72727,0.0,0.9978213507625272,0.8875255623721882,0.11029578839033904
23,168.0,123.0,52258.0,52301.0,-43.0,52446.0,52451.0,-5.0,52627.0,52721.0,-94.0,1.528,3.376,-1.8479999999999999,0.57575,0.5952999999999999,-0.019549999999999956,0.981029810298103,0.7142857142857143,0.2667440960123887
23,169.0,124.0,52627.0,52721.0,-94.0,52855.0,52863.0,-8.0,53084.0,53137.0,-53.0,3.272,3.296,-0.02400000000000002,0.70869,0.69012,0.018570000000000086,0.9978118161925602,0.6826923076923077,0.3151195085002525
23,171.0,125.0,53091.0,53137.0,-46.0,53279.0,53283.0,-4.0,53452.0,53457.0,-5.0,1.536,3.36,-1.8239999999999998,0.55523,0.52297,0.032259999999999955,0.9584487534626038,0.9125,0.04594875346260385
23,172.0,126.0,53452.0,53457.0,-5.0,53679.0,53695.0,-16.0,53903.0,53962.0,-59.0,3.2,3.296,-0.09599999999999964,0.63734,0.63734,0.0,0.9933481152993349,0.9425742574257425,0.05077385787359234
23,174.0,127.0,53910.0,53962.0,-52.0,54124.0,54118.0,6.0,54278.0,54285.0,-7.0,1.736,3.384,-1.648,0.6168100000000001,0.5610900000000001,0.05571999999999999,0.8369565217391304,0.9659442724458205,-0.1289877507066901
23,175.0,128.0,54278.0,54285.0,-7.0,54509.0,54530.0,-21.0,54745.0,54795.0,-50.0,3.08,3.296,-0.21599999999999975,0.6696,0.6696,0.0,0.9892933618843683,0.9607843137254902,0.028509048158878114
23,176.0,129.0,54745.0,54795.0,-50.0,54955.0,54953.0,2.0,55123.0,55139.0,-16.0,3.568,3.384,0.18400000000000016,0.62561,0.64516,-0.019549999999999956,0.8888888888888888,0.9186046511627907,-0.029715762273901825
23,177.0,130.0,55123.0,55139.0,-16.0,55349.0,55363.0,-14.0,55573.0,55634.0,-61.0,3.152,3.28,-0.12799999999999967,0.66667,0.66569,0.0009799999999999809,0.9955555555555555,0.9050505050505051,0.09050505050505042
23,179.0,131.0,55585.0,55634.0,-49.0,55789.0,55784.0,5.0,55945.0,55949.0,-4.0,1.696,3.368,-1.672,0.5747800000000001,0.5425200000000001,0.032259999999999955,0.8666666666666667,0.9523809523809523,-0.08571428571428563
23,180.0,132.0,55945.0,55949.0,-4.0,56184.0,56195.0,-11.0,56403.0,56340.0,63.0,3.16,3.288,-0.12799999999999967,0.820133,0.820133,0.0,0.9563318777292577,0.7416879795396419,0.2146438981896157
23,182.0,133.0,56422.0,56340.0,82.0,56617.0,56617.0,0.0,56782.0,56761.0,21.0,1.616,3.376,-1.7599999999999998,0.67254,0.67254,0.0,0.9166666666666666,0.6840855106888362,0.23258115597783047
23,183.0,134.0,56782.0,56761.0,21.0,57015.0,57029.0,-14.0,57239.0,57299.0,-60.0,3.184,3.296,-0.11199999999999966,0.76637,0.76637,0.0,0.9803063457330415,0.9962825278810409,-0.01597618214799934
23,185.0,135.0,57250.0,57299.0,-49.0,57451.0,57451.0,0.0,57693.0,57725.0,-32.0,1.672,3.376,-1.704,0.66862,0.66862,0.0,0.90744920993228,0.7136150234741784,0.19383418645810158
23,186.0,136.0,57693.0,57725.0,-32.0,57856.0,57864.0,-8.0,58083.0,58137.0,-54.0,3.24,3.304,-0.06399999999999961,0.6891499999999999,0.7057599999999999,-0.016610000000000014,0.8358974358974359,0.674757281553398,0.16114015434403794
23,188.0,137.0,58092.0,58137.0,-45.0,58281.0,58284.0,-3.0,58455.0,58443.0,12.0,1.536,3.36,-1.8239999999999998,0.56109,0.52493,0.03615999999999997,0.9586776859504132,0.9607843137254902,-0.0021066277750769746
23,189.0,138.0,58455.0,58443.0,12.0,58691.0,58698.0,-7.0,58915.0,58857.0,58.0,3.28,3.312,-0.03200000000000003,0.762463,0.762463,0.0,0.9739130434782609,0.7681159420289855,0.20579710144927543
23,191.0,139.0,58931.0,58857.0,74.0,59115.0,59120.0,-5.0,59296.0,59342.0,-46.0,1.488,3.376,-1.888,0.57772,0.6187699999999999,-0.04104999999999992,0.9917808219178083,0.9154639175257732,0.07631690439203509
23,192.0,140.0,59296.0,59342.0,-46.0,59527.0,59532.0,-5.0,59761.0,59807.0,-46.0,3.296,3.296,0.0,0.75171,0.73021,0.021499999999999964,0.9935483870967742,0.8172043010752688,0.17634408602150542
24,1.0,1.0,253.0,272.0,-19.0,389.0,409.0,-20.0,555.0,575.0,-20.0,,2.536,,0.89638,0.89638,0.0,0.9006622516556292,0.9042904290429042,-0.0036281773872750556
24,2.0,2.0,555.0,575.0,-20.0,691.0,712.0,-21.0,867.0,888.0,-21.0,2.416,2.424,-0.008000000000000007,0.924731,0.924731,0.0,0.8717948717948718,0.8753993610223643,-0.003604489227492458
24,3.0,3.0,867.0,888.0,-21.0,1003.0,1024.0,-21.0,1174.0,1196.0,-22.0,2.496,2.496,0.0,0.88661,0.88661,0.0,0.8859934853420195,0.8831168831168831,0.0028766022251364154
24,4.0,4.0,1174.0,1196.0,-22.0,1315.0,1334.0,-19.0,1494.0,1512.0,-18.0,2.496,2.48,0.016000000000000014,0.938416,0.938416,0.0,0.88125,0.8734177215189873,0.007832278481012644
24,5.0,5.0,1494.0,1512.0,-18.0,1627.0,1653.0,-26.0,1823.0,1838.0,-15.0,2.496,2.552,-0.05600000000000005,0.903226,0.903226,0.0,0.8085106382978724,0.8650306748466258,-0.05652003654875337
24,6.0,6.0,1823.0,1838.0,-15.0,1951.0,1983.0,-32.0,2148.0,2166.0,-18.0,2.592,2.64,-0.04800000000000004,0.89834,0.89638,0.001960000000000073,0.7876923076923077,0.8841463414634146,-0.09645403377110695
24,7.0,7.0,2148.0,2166.0,-18.0,2279.0,2306.0,-27.0,2468.0,2488.0,-20.0,2.624,2.584,0.040000000000000036,0.909091,0.909091,0.0,0.81875,0.8695652173913043,-0.050815217391304346
24,8.0,8.0,2468.0,2488.0,-20.0,2597.0,2627.0,-30.0,2794.0,2817.0,-23.0,2.544,2.568,-0.02400000000000002,0.89541,0.89541,0.0,0.7914110429447853,0.8449848024316109,-0.053573759486825634
24,9.0,9.0,2794.0,2817.0,-23.0,2933.0,2957.0,-24.0,3116.0,3140.0,-24.0,2.688,2.64,0.04800000000000004,0.87879,0.87879,0.0,0.8633540372670807,0.8668730650154799,-0.003519027748399184
24,10.0,10.0,3116.0,3140.0,-24.0,3257.0,3277.0,-20.0,3451.0,3479.0,-28.0,2.592,2.56,0.03200000000000003,0.88661,0.906158,-0.01954800000000001,0.8417910447761194,0.8082595870206489,0.033531457755470506
24,11.0,11.0,3451.0,3479.0,-28.0,3591.0,3621.0,-30.0,3786.0,3810.0,-24.0,2.672,2.752,-0.07999999999999963,0.908113,0.908113,0.0,0.835820895522388,0.8580060422960725,-0.02218514677368444
24,12.0,12.0,3786.0,3810.0,-24.0,3932.0,3951.0,-19.0,4119.0,4146.0,-27.0,2.728,2.64,0.08800000000000008,0.88856,0.86119,0.027370000000000005,0.8768768768768769,0.8392857142857143,0.037591162591162575
24,13.0,13.0,4119.0,4146.0,-27.0,4267.0,4287.0,-20.0,4446.0,4470.0,-24.0,2.68,2.688,-0.008000000000000007,0.8817200000000001,0.8817200000000001,0.0,0.9051987767584098,0.8703703703703703,0.03482840638803941
24,14.0,14.0,4446.0,4470.0,-24.0,4587.0,4607.0,-20.0,4777.0,4800.0,-23.0,2.56,2.56,0.0,0.904203,0.904203,0.0,0.851963746223565,0.8303030303030303,0.021660715920534646
24,15.0,15.0,4777.0,4800.0,-23.0,4911.0,4941.0,-30.0,5109.0,5130.0,-21.0,2.592,2.672,-0.08000000000000007,0.89345,0.89345,0.0,0.8072289156626506,0.8545454545454545,-0.04731653888280385
24,16.0,16.0,5109.0,5130.0,-21.0,5257.0,5274.0,-17.0,5454.0,5485.0,-31.0,2.768,2.664,0.10399999999999965,0.88074,0.8827,-0.001960000000000073,0.8579710144927536,0.8112676056338028,0.046703408858950746
24,17.0,17.0,5454.0,5485.0,-31.0,5599.0,5624.0,-25.0,5787.0,5807.0,-20.0,2.736,2.8,-0.06399999999999961,0.8944300000000001,0.89736,-0.002929999999999988,0.8708708708708709,0.8633540372670807,0.007516833603790185
24,18.0,18.0,5787.0,5807.0,-20.0,5927.0,5948.0,-21.0,6110.0,6137.0,-27.0,2.624,2.592,0.03200000000000003,0.89736,0.8817200000000001,0.015639999999999987,0.8668730650154799,0.8545454545454545,0.012327610470025396
24,19.0,19.0,6110.0,6137.0,-27.0,6255.0,6274.0,-19.0,6447.0,6469.0,-22.0,2.624,2.608,0.016000000000000014,0.8915,0.8915,0.0,0.8605341246290801,0.8253012048192772,0.03523291980980292
24,20.0,20.0,6447.0,6469.0,-22.0,6587.0,6610.0,-23.0,6787.0,6818.0,-31.0,2.656,2.688,-0.03200000000000003,0.88465,0.88465,0.0,0.8235294117647058,0.8080229226361031,0.015506489128602752
24,21.0,21.0,6787.0,6818.0,-31.0,6941.0,6962.0,-21.0,7140.0,7161.0,-21.0,2.832,2.816,0.016000000000000014,0.89834,0.89834,0.0,0.8725212464589235,0.8396501457725948,0.0328711006863287
24,22.0,22.0,7140.0,7161.0,-21.0,7271.0,7302.0,-31.0,7465.0,7488.0,-23.0,2.64,2.72,-0.08000000000000007,0.88368,0.87781,0.005870000000000042,0.8061538461538462,0.8623853211009174,-0.05623147494707115
24,23.0,23.0,7465.0,7488.0,-23.0,7605.0,7627.0,-22.0,7801.0,7822.0,-21.0,2.672,2.6,0.07200000000000006,0.88661,0.88661,0.0,0.8333333333333334,0.8323353293413174,0.0009980039920159944
24,24.0,24.0,7801.0,7822.0,-21.0,7931.0,7961.0,-30.0,8131.0,8154.0,-23.0,2.608,2.672,-0.06400000000000006,0.88074,0.88563,-0.004890000000000061,0.7878787878787878,0.8373493975903614,-0.04947060971157358
24,25.0,25.0,8131.0,8154.0,-23.0,8267.0,8294.0,-27.0,8461.0,8485.0,-24.0,2.688,2.664,0.02400000000000002,0.88563,0.8827,0.002929999999999988,0.8242424242424242,0.8459214501510575,-0.021679025908633243
24,26.0,26.0,8461.0,8485.0,-24.0,8606.0,8621.0,-15.0,8779.0,8803.0,-24.0,2.712,2.616,0.09600000000000009,0.8827,0.86804,0.014660000000000006,0.9119496855345912,0.8553459119496856,0.05660377358490565
24,27.0,27.0,8779.0,8803.0,-24.0,8929.0,8944.0,-15.0,9116.0,9133.0,-17.0,2.584,2.584,0.0,0.901271,0.901271,0.0,0.8902077151335311,0.8545454545454545,0.035662260588076644
24,28.0,28.0,9116.0,9133.0,-17.0,9249.0,9278.0,-29.0,9453.0,9489.0,-36.0,2.56,2.672,-0.1120000000000001,0.88368,0.88368,0.0,0.7893175074183976,0.8146067415730337,-0.02528923415463613
24,29.0,29.0,9453.0,9489.0,-36.0,9607.0,9627.0,-20.0,9788.0,9809.0,-21.0,2.864,2.792,0.07200000000000006,0.89736,0.89736,0.0,0.9194029850746268,0.8625,0.056902985074626766
24,30.0,30.0,9788.0,9809.0,-21.0,9935.0,9956.0,-21.0,10127.0,10143.0,-16.0,2.624,2.632,-0.008000000000000007,0.901271,0.901271,0.0,0.8672566371681416,0.8802395209580838,-0.012982883789942168
24,31.0,31.0,10127.0,10143.0,-16.0,10269.0,10290.0,-21.0,10451.0,10467.0,-16.0,2.672,2.672,0.0,0.88368,0.89052,-0.006839999999999957,0.8765432098765432,0.9074074074074074,-0.030864197530864224
24,32.0,32.0,10451.0,10467.0,-16.0,10579.0,10610.0,-31.0,10785.0,10801.0,-16.0,2.48,2.56,-0.08000000000000007,0.9071359999999999,0.9071359999999999,0.0,0.7664670658682635,0.8562874251497006,-0.08982035928143706
24,33.0,33.0,10785.0,10801.0,-16.0,10917.0,10950.0,-33.0,11120.0,11139.0,-19.0,2.704,2.72,-0.016000000000000014,0.87292,0.904203,-0.03128299999999995,0.7880597014925373,0.8816568047337279,-0.09359710324119053
24,34.0,34.0,11120.0,11139.0,-19.0,11247.0,11281.0,-34.0,11447.0,11473.0,-26.0,2.64,2.648,-0.008000000000000007,0.904203,0.89834,0.005862999999999952,0.7767584097859327,0.8502994011976048,-0.07354099141167214
24,35.0,35.0,11447.0,11473.0,-26.0,11591.0,11613.0,-22.0,11781.0,11800.0,-19.0,2.752,2.656,0.09599999999999964,0.88759,0.9022479999999999,-0.014657999999999949,0.8622754491017964,0.8562691131498471,0.0060063359519493265
24,36.0,36.0,11781.0,11800.0,-19.0,11913.0,11944.0,-31.0,12110.0,12132.0,-22.0,2.576,2.648,-0.07200000000000006,0.9022479999999999,0.89541,0.0068379999999999,0.8024316109422492,0.8674698795180723,-0.06503826857582307
24,37.0,37.0,12110.0,12132.0,-22.0,12249.0,12270.0,-21.0,12430.0,12449.0,-19.0,2.688,2.608,0.08000000000000007,0.88368,0.8817200000000001,0.0019599999999999618,0.86875,0.8706624605678234,-0.0019124605678233486
24,38.0,38.0,12430.0,12449.0,-19.0,12573.0,12593.0,-20.0,12752.0,12778.0,-26.0,2.592,2.584,0.008000000000000007,0.89052,0.89052,0.0,0.8881987577639752,0.8753799392097265,0.012818818554248712
24,39.0,39.0,12752.0,12778.0,-26.0,12895.0,12916.0,-21.0,13083.0,13103.0,-20.0,2.576,2.584,-0.008000000000000007,0.89345,0.89345,0.0,0.8640483383685801,0.8492307692307692,0.014817569137810849
24,40.0,40.0,13083.0,13103.0,-20.0,13211.0,13242.0,-31.0,13412.0,13435.0,-23.0,2.528,2.608,-0.08000000000000007,0.89932,0.89932,0.0,0.7781155015197568,0.8373493975903614,-0.059233896070604586
24,41.0,41.0,13412.0,13435.0,-23.0,13559.0,13579.0,-20.0,13749.0,13770.0,-21.0,2.784,2.696,0.08799999999999963,0.88074,0.88759,-0.006850000000000023,0.8724035608308606,0.8597014925373134,0.012702068293547142
24,42.0,42.0,13749.0,13770.0,-21.0,13883.0,13912.0,-29.0,14085.0,14106.0,-21.0,2.592,2.664,-0.07200000000000006,0.88759,0.88465,0.0029399999999999427,0.7976190476190477,0.8452380952380952,-0.04761904761904756
24,43.0,43.0,14085.0,14106.0,-21.0,14215.0,14245.0,-30.0,14410.0,14430.0,-20.0,2.656,2.664,-0.008000000000000007,0.86315,0.909091,-0.04594100000000001,0.8,0.8580246913580247,-0.05802469135802468
24,44.0,44.0,14410.0,14430.0,-20.0,14539.0,14569.0,-30.0,14746.0,14764.0,-18.0,2.592,2.592,0.0,0.909091,0.909091,0.0,0.7678571428571428,0.8323353293413174,-0.06447818648417458
24,45.0,45.0,14746.0,14764.0,-18.0,14885.0,14910.0,-25.0,15087.0,15114.0,-27.0,2.768,2.728,0.03999999999999959,0.89345,0.89345,0.0,0.81524926686217,0.8342857142857143,-0.019036447423544267
24,46.0,46.0,15087.0,15114.0,-27.0,15233.0,15256.0,-23.0,15423.0,15444.0,-21.0,2.784,2.768,0.016000000000000014,0.89345,0.86804,0.025409999999999933,0.8690476190476191,0.8606060606060606,0.008441558441558472
24,47.0,47.0,15423.0,15444.0,-21.0,15563.0,15586.0,-23.0,15764.0,15785.0,-21.0,2.64,2.64,0.0,0.906158,0.906158,0.0,0.8211143695014662,0.8328445747800587,-0.011730205278592476
24,48.0,48.0,15764.0,15785.0,-21.0,15907.0,15929.0,-22.0,16089.0,16110.0,-21.0,2.752,2.744,0.007999999999999563,0.927664,0.931574,-0.003909999999999969,0.88,0.8861538461538462,-0.006153846153846176
24,49.0,49.0,16089.0,16110.0,-21.0,16237.0,16258.0,-21.0,16431.0,16451.0,-20.0,2.64,2.632,0.008000000000000007,0.931574,0.905181,0.026393,0.8654970760233918,0.8680351906158358,-0.0025381145924440185
24,50.0,50.0,16431.0,16451.0,-20.0,16567.0,16591.0,-24.0,16755.0,16783.0,-28.0,2.64,2.664,-0.02400000000000002,0.86217,0.86217,0.0,0.8395061728395061,0.8433734939759037,-0.003867321136397539
24,51.0,51.0,16755.0,16783.0,-28.0,16899.0,16921.0,-22.0,17095.0,17122.0,-27.0,2.656,2.64,0.016000000000000014,0.89247,0.89247,0.0,0.8470588235294118,0.8141592920353982,0.03289953149401359
24,52.0,52.0,17095.0,17122.0,-27.0,17245.0,17266.0,-21.0,17430.0,17453.0,-23.0,2.768,2.76,0.008000000000000007,0.88661,0.88661,0.0,0.8955223880597015,0.8700906344410876,0.02543175361861394
24,53.0,53.0,17430.0,17453.0,-23.0,17571.0,17592.0,-21.0,17753.0,17773.0,-20.0,2.608,2.608,0.0,0.87292,0.87292,0.0,0.8730650154798761,0.86875,0.0043150154798761164
24,54.0,54.0,17753.0,17773.0,-20.0,17889.0,17913.0,-24.0,18082.0,18108.0,-26.0,2.544,2.568,-0.02400000000000002,0.87195,0.87195,0.0,0.8267477203647416,0.835820895522388,-0.009073175157646385
24,55.0,55.0,18082.0,18108.0,-26.0,18227.0,18251.0,-24.0,18422.0,18442.0,-20.0,2.704,2.704,0.0,0.89345,0.89345,0.0,0.8529411764705882,0.8562874251497006,-0.0033462486791123736
24,56.0,56.0,18422.0,18442.0,-20.0,18559.0,18584.0,-25.0,18739.0,18757.0,-18.0,2.656,2.664,-0.008000000000000007,0.89247,0.87292,0.019549999999999956,0.8643533123028391,0.9015873015873016,-0.03723398928446253
24,57.0,57.0,18739.0,18757.0,-18.0,18879.0,18900.0,-21.0,19068.0,19091.0,-23.0,2.56,2.528,0.03200000000000003,0.8797699999999999,0.8797699999999999,0.0,0.851063829787234,0.8562874251497006,-0.0052235953624665266
24,58.0,58.0,19068.0,19091.0,-23.0,19199.0,19232.0,-33.0,19407.0,19427.0,-20.0,2.56,2.656,-0.09600000000000009,0.900293,0.900293,0.0,0.7728613569321534,0.8392857142857143,-0.06642435735356089
24,59.0,59.0,19407.0,19427.0,-20.0,19539.0,19566.0,-27.0,19734.0,19756.0,-22.0,2.72,2.672,0.04800000000000004,0.89736,0.89736,0.0,0.8073394495412844,0.8449848024316109,-0.037645352890326444
24,60.0,60.0,19734.0,19756.0,-22.0,19877.0,19902.0,-25.0,20071.0,20088.0,-17.0,2.704,2.688,0.016000000000000014,0.88074,0.903226,-0.022486000000000006,0.8486646884272997,0.8795180722891567,-0.030853383861856987
24,61.0,61.0,20071.0,20088.0,-17.0,20201.0,20230.0,-29.0,20385.0,20404.0,-19.0,2.592,2.624,-0.03200000000000003,0.903226,0.903226,0.0,0.8280254777070064,0.8987341772151899,-0.07070869950818348
24,62.0,62.0,20385.0,20404.0,-19.0,20525.0,20542.0,-17.0,20707.0,20734.0,-27.0,2.592,2.496,0.09600000000000009,0.8690100000000001,0.8690100000000001,0.0,0.8695652173913043,0.8363636363636364,0.033201581027667904
24,63.0,63.0,20707.0,20734.0,-27.0,20839.0,20871.0,-32.0,21046.0,21075.0,-29.0,2.512,2.632,-0.1200000000000001,0.903226,0.903226,0.0,0.7787610619469026,0.8035190615835777,-0.02475799963667502
24,64.0,64.0,21046.0,21075.0,-29.0,21195.0,21217.0,-22.0,21381.0,21395.0,-14.0,2.848,2.768,0.08000000000000007,0.8797699999999999,0.8797699999999999,0.0,0.8895522388059701,0.8875,0.0020522388059701635
24,65.0,65.0,21381.0,21395.0,-14.0,21511.0,21537.0,-26.0,21707.0,21729.0,-22.0,2.528,2.56,-0.03200000000000003,0.905181,0.916911,-0.011730000000000018,0.7975460122699387,0.8502994011976048,-0.05275338892766612
24,66.0,66.0,21707.0,21729.0,-22.0,21847.0,21869.0,-22.0,22030.0,22056.0,-26.0,2.688,2.656,0.03200000000000003,0.916911,0.88954,0.027371000000000034,0.8668730650154799,0.8562691131498471,0.010603951865632788
24,67.0,67.0,22030.0,22056.0,-26.0,22173.0,22196.0,-23.0,22366.0,22385.0,-19.0,2.608,2.616,-0.008000000000000007,0.88661,0.88954,-0.002929999999999988,0.8511904761904762,0.851063829787234,0.0001266464032421144
24,68.0,68.0,22366.0,22385.0,-19.0,22501.0,22524.0,-23.0,22678.0,22701.0,-23.0,2.624,2.624,0.0,0.905181,0.905181,0.0,0.8653846153846154,0.879746835443038,-0.014362220058422581
24,69.0,69.0,22678.0,22701.0,-23.0,22821.0,22840.0,-19.0,23004.0,23026.0,-22.0,2.56,2.528,0.03200000000000003,0.89541,0.89541,0.0,0.8773006134969326,0.8553846153846154,0.021915998112317148
24,70.0,70.0,23004.0,23026.0,-22.0,23149.0,23167.0,-18.0,23329.0,23354.0,-25.0,2.624,2.616,0.008000000000000007,0.9071359999999999,0.9071359999999999,0.0,0.8923076923076922,0.8597560975609756,0.03255159474671665
24,71.0,71.0,23329.0,23354.0,-25.0,23475.0,23493.0,-18.0,23662.0,23685.0,-23.0,2.608,2.608,0.0,0.915934,0.915934,0.0,0.8768768768768769,0.8398791540785498,0.036997722798327026
24,72.0,72.0,23662.0,23685.0,-23.0,23803.0,23825.0,-22.0,24008.0,24031.0,-23.0,2.624,2.656,-0.03200000000000003,0.89541,0.89541,0.0,0.815028901734104,0.8092485549132948,0.00578034682080919
24,73.0,73.0,24008.0,24031.0,-23.0,24141.0,24177.0,-36.0,24351.0,24371.0,-20.0,2.704,2.816,-0.11199999999999966,0.89541,0.88368,0.011730000000000018,0.7755102040816326,0.8588235294117648,-0.08331332533013214
24,74.0,74.0,24351.0,24371.0,-20.0,24487.0,24513.0,-26.0,24674.0,24695.0,-21.0,2.768,2.688,0.07999999999999963,0.88368,0.87488,0.00880000000000003,0.8421052631578947,0.8765432098765432,-0.03443794671864853
24,75.0,75.0,24674.0,24695.0,-21.0,24820.0,24839.0,-19.0,25011.0,25035.0,-24.0,2.664,2.608,0.05600000000000005,0.89052,0.905181,-0.014661000000000035,0.8664688427299703,0.8470588235294118,0.019410019200558515
24,76.0,76.0,25011.0,25035.0,-24.0,25147.0,25175.0,-28.0,25347.0,25367.0,-20.0,2.616,2.688,-0.07200000000000006,0.905181,0.89247,0.012711000000000028,0.8095238095238095,0.8433734939759037,-0.03384968445209413
24,77.0,77.0,25347.0,25367.0,-20.0,25479.0,25504.0,-25.0,25673.0,25696.0,-23.0,2.656,2.632,0.02400000000000002,0.89247,0.87781,0.014660000000000006,0.8098159509202454,0.8328267477203648,-0.023010796800119415
24,78.0,78.0,25673.0,25696.0,-23.0,25805.0,25836.0,-31.0,26004.0,26028.0,-24.0,2.608,2.656,-0.04800000000000004,0.908113,0.908113,0.0,0.797583081570997,0.8433734939759037,-0.045790412404906666
24,79.0,79.0,26004.0,26028.0,-24.0,26149.0,26168.0,-19.0,26345.0,26367.0,-22.0,2.752,2.656,0.09599999999999964,0.905181,0.927664,-0.02248300000000003,0.8504398826979472,0.8259587020648967,0.024481180633050492
24,80.0,80.0,26345.0,26367.0,-22.0,26481.0,26511.0,-30.0,26676.0,26694.0,-18.0,2.656,2.744,-0.08800000000000008,0.927664,0.906158,0.021506000000000025,0.8217522658610272,0.8807339449541285,-0.05898167909310126
24,81.0,81.0,26676.0,26694.0,-18.0,26805.0,26831.0,-26.0,26996.0,27021.0,-25.0,2.592,2.56,0.03200000000000003,0.8915,0.8915,0.0,0.80625,0.8379204892966361,-0.03167048929663607
24,82.0,82.0,26996.0,27021.0,-25.0,27139.0,27162.0,-23.0,27331.0,27354.0,-23.0,2.672,2.648,0.02400000000000002,0.88368,0.87097,0.012709999999999999,0.853731343283582,0.8468468468468469,0.006884496436735166
24,83.0,83.0,27331.0,27354.0,-23.0,27463.0,27496.0,-33.0,27676.0,27701.0,-25.0,2.592,2.672,-0.08000000000000007,0.89052,0.924731,-0.03421099999999999,0.7652173913043478,0.8184438040345822,-0.05322641273023432
24,84.0,84.0,27676.0,27701.0,-25.0,27817.0,27843.0,-26.0,28012.0,28028.0,-16.0,2.832,2.776,0.05600000000000005,0.924731,0.909091,0.015639999999999987,0.8392857142857143,0.8685015290519877,-0.02921581476627344
24,85.0,85.0,28012.0,28028.0,-16.0,28144.0,28170.0,-26.0,28351.0,28378.0,-27.0,2.616,2.616,0.0,0.87488,0.87683,-0.0019500000000000073,0.7787610619469026,0.8114285714285714,-0.032667509481668744
24,86.0,86.0,28351.0,28378.0,-27.0,28489.0,28526.0,-37.0,28704.0,28724.0,-20.0,2.76,2.848,-0.08800000000000008,0.87683,0.911046,-0.034216000000000024,0.7818696883852692,0.8554913294797688,-0.07362164109449965
24,87.0,87.0,28704.0,28724.0,-20.0,28841.0,28864.0,-23.0,29040.0,29064.0,-24.0,2.816,2.704,0.11199999999999966,0.911046,0.906158,0.0048880000000000035,0.8154761904761905,0.8235294117647058,-0.008053221288515378
24,88.0,88.0,29040.0,29064.0,-24.0,29181.0,29206.0,-25.0,29370.0,29395.0,-25.0,2.72,2.736,-0.016000000000000014,0.89932,0.89932,0.0,0.8545454545454545,0.8580060422960725,-0.0034605877506179716
24,89.0,89.0,29370.0,29395.0,-25.0,29515.0,29535.0,-20.0,29710.0,29731.0,-21.0,2.672,2.632,0.040000000000000036,0.906158,0.906158,0.0,0.8529411764705882,0.8333333333333334,0.019607843137254832
24,90.0,90.0,29710.0,29731.0,-21.0,29845.0,29875.0,-30.0,30048.0,30071.0,-23.0,2.64,2.72,-0.08000000000000007,0.9022479999999999,0.8817200000000001,0.02052799999999988,0.7988165680473372,0.8470588235294118,-0.0482422554820745
24,91.0,91.0,30048.0,30071.0,-23.0,30193.0,30215.0,-22.0,30387.0,30408.0,-21.0,2.784,2.72,0.06399999999999961,0.87683,0.87683,0.0,0.855457227138643,0.8545994065281899,0.0008578206104531416
24,92.0,92.0,30387.0,30408.0,-21.0,30523.0,30552.0,-29.0,30710.0,30726.0,-16.0,2.64,2.696,-0.05600000000000005,0.8944300000000001,0.8944300000000001,0.0,0.8421052631578947,0.9056603773584906,-0.0635551142005959
24,93.0,93.0,30710.0,30726.0,-16.0,30841.0,30862.0,-21.0,31028.0,31052.0,-24.0,2.544,2.48,0.06400000000000006,0.8915,0.8915,0.0,0.8238993710691824,0.834355828220859,-0.010456457151676535
24,94.0,94.0,31028.0,31052.0,-24.0,31175.0,31197.0,-22.0,31377.0,31402.0,-25.0,2.672,2.68,-0.008000000000000007,0.88954,0.88954,0.0,0.8424068767908309,0.8285714285714285,0.013835448219402413
24,95.0,95.0,31377.0,31402.0,-25.0,31521.0,31545.0,-24.0,31722.0,31747.0,-25.0,2.768,2.784,-0.016000000000000014,0.88759,0.9071359999999999,-0.019545999999999952,0.8347826086956522,0.8289855072463768,0.005797101449275477
24,96.0,96.0,31722.0,31747.0,-25.0,31857.0,31897.0,-40.0,32106.0,32054.0,52.0,2.688,2.816,-0.12799999999999967,0.950147,0.915934,0.03421299999999994,0.703125,0.9771986970684039,-0.2740736970684039
24,97.0,97.0,32106.0,32054.0,52.0,32291.0,32315.0,-24.0,32480.0,32506.0,-26.0,3.472,3.344,0.1280000000000001,0.950147,0.950147,0.0,0.9893048128342246,0.8451327433628318,0.14417206947139272
24,98.0,98.0,32480.0,32506.0,-26.0,32633.0,32646.0,-13.0,32820.0,32840.0,-20.0,2.736,2.648,0.08800000000000008,0.87195,0.87195,0.0,0.9,0.8383233532934131,0.0616766467065869
24,99.0,99.0,32820.0,32840.0,-20.0,32959.0,32981.0,-22.0,33145.0,33162.0,-17.0,2.608,2.68,-0.07200000000000006,0.88563,0.88563,0.0,0.8553846153846154,0.8757763975155279,-0.020391782130912528
24,100.0,100.0,33145.0,33162.0,-17.0,33285.0,33303.0,-18.0,33458.0,33476.0,-18.0,2.608,2.576,0.03200000000000003,0.8641300000000001,0.85924,0.004890000000000061,0.8945686900958466,0.8980891719745223,-0.0035204818786757075
24,101.0,101.0,33458.0,33476.0,-18.0,33603.0,33619.0,-16.0,33793.0,33812.0,-19.0,2.544,2.528,0.016000000000000014,0.88074,0.88661,-0.005870000000000042,0.8656716417910448,0.8511904761904762,0.014481165600568668
24,102.0,102.0,33793.0,33812.0,-19.0,33929.0,33953.0,-24.0,34133.0,34158.0,-25.0,2.608,2.672,-0.06400000000000006,0.88661,0.87683,0.009780000000000011,0.8,0.815028901734104,-0.015028901734103983
24,103.0,103.0,34133.0,34158.0,-25.0,34269.0,34300.0,-31.0,34468.0,34494.0,-26.0,2.72,2.776,-0.055999999999999606,0.8670599999999999,0.84555,0.021509999999999918,0.8119402985074626,0.8452380952380952,-0.0332977967306326
24,104.0,104.0,34468.0,34494.0,-26.0,34621.0,34632.0,-11.0,34785.0,34807.0,-22.0,2.816,2.656,0.1599999999999997,0.87781,0.87781,0.0,0.9652996845425867,0.8817891373801917,0.08351054716239503
24,105.0,105.0,34785.0,34807.0,-22.0,34931.0,34944.0,-13.0,35111.0,35130.0,-19.0,2.48,2.496,-0.016000000000000014,0.903226,0.903226,0.0,0.8957055214723927,0.848297213622291,0.04740830785010164
24,106.0,106.0,35111.0,35130.0,-19.0,35247.0,35273.0,-26.0,35444.0,35464.0,-20.0,2.528,2.632,-0.10400000000000009,0.88368,0.88368,0.0,0.8168168168168168,0.8562874251497006,-0.03947060833288374
24,107.0,107.0,35444.0,35464.0,-20.0,35587.0,35607.0,-20.0,35757.0,35775.0,-18.0,2.72,2.672,0.04800000000000004,0.87586,0.86022,0.015639999999999987,0.9137380191693291,0.9196141479099679,-0.0058761287406388085
24,108.0,108.0,35757.0,35775.0,-18.0,35905.0,35915.0,-10.0,36082.0,36102.0,-20.0,2.544,2.464,0.08000000000000007,0.8915,0.8915,0.0,0.9107692307692308,0.8562691131498471,0.05450011761938367
24,109.0,109.0,36082.0,36102.0,-20.0,36217.0,36245.0,-28.0,36414.0,36434.0,-20.0,2.496,2.64,-0.14400000000000013,0.88661,0.88563,0.0009799999999999809,0.8132530120481928,0.8614457831325302,-0.048192771084337394
24,110.0,110.0,36414.0,36434.0,-20.0,36555.0,36573.0,-18.0,36742.0,36761.0,-19.0,2.704,2.624,0.08000000000000007,0.88563,0.8563000000000001,0.029329999999999967,0.8597560975609756,0.8501529051987767,0.009603192362198865
24,111.0,111.0,36742.0,36761.0,-19.0,36881.0,36905.0,-24.0,37077.0,37102.0,-25.0,2.608,2.656,-0.04800000000000004,0.88074,0.88465,-0.00391000000000008,0.8298507462686567,0.844574780058651,-0.014724033789994317
24,112.0,112.0,37077.0,37102.0,-25.0,37217.0,37241.0,-24.0,37408.0,37433.0,-25.0,2.688,2.688,0.0,0.908113,0.908113,0.0,0.8459214501510575,0.8398791540785498,0.006042296072507614
24,113.0,113.0,37408.0,37433.0,-25.0,37559.0,37578.0,-19.0,37723.0,37740.0,-17.0,2.736,2.696,0.040000000000000036,0.89834,0.8563000000000001,0.042039999999999966,0.9587301587301588,0.9446254071661238,0.014104751564035012
24,114.0,114.0,37723.0,37740.0,-17.0,37861.0,37875.0,-14.0,38026.0,38038.0,-12.0,2.416,2.376,0.040000000000000036,0.8915,0.8915,0.0,0.9108910891089109,0.9060402684563759,0.0048508206525350595
24,115.0,115.0,38026.0,38038.0,-12.0,38153.0,38176.0,-23.0,38345.0,38374.0,-29.0,2.336,2.408,-0.07200000000000006,0.89247,0.89247,0.0,0.7962382445141065,0.8214285714285714,-0.025190326914464878
24,116.0,116.0,38345.0,38374.0,-29.0,38499.0,38517.0,-18.0,38676.0,38691.0,-15.0,2.768,2.728,0.03999999999999959,0.89736,0.89736,0.0,0.9305135951661632,0.9022082018927444,0.028305393273418744
24,117.0,117.0,38676.0,38691.0,-15.0,38801.0,38824.0,-23.0,38978.0,38993.0,-15.0,2.416,2.456,-0.040000000000000036,0.88074,0.87097,0.009769999999999945,0.8278145695364238,0.880794701986755,-0.052980132450331174
24,118.0,118.0,38978.0,38993.0,-15.0,39113.0,39134.0,-21.0,39301.0,39321.0,-20.0,2.496,2.48,0.016000000000000014,0.89736,0.89736,0.0,0.8359133126934984,0.8597560975609756,-0.02384278486747715
24,119.0,119.0,39301.0,39321.0,-20.0,39449.0,39463.0,-14.0,39639.0,39667.0,-28.0,2.688,2.632,0.05600000000000005,0.89247,0.9071359999999999,-0.014665999999999957,0.8757396449704142,0.8208092485549133,0.054930396415500904
24,120.0,120.0,39639.0,39667.0,-28.0,39779.0,39807.0,-28.0,39967.0,39988.0,-21.0,2.64,2.752,-0.11199999999999966,0.911046,0.911046,0.0,0.8536585365853658,0.8722741433021807,-0.018615606716814836
24,121.0,121.0,39967.0,39988.0,-21.0,40109.0,40128.0,-19.0,40290.0,40311.0,-21.0,2.64,2.568,0.07200000000000006,0.87683,0.87683,0.0,0.8792569659442724,0.8668730650154799,0.01238390092879249
24,122.0,122.0,40290.0,40311.0,-21.0,40431.0,40453.0,-22.0,40620.0,40638.0,-18.0,2.576,2.6,-0.02400000000000002,0.86608,0.88368,-0.01760000000000006,0.8545454545454545,0.8685015290519877,-0.013956074506533245
24,123.0,123.0,40620.0,40638.0,-18.0,40755.0,40780.0,-25.0,40949.0,40969.0,-20.0,2.592,2.616,-0.02400000000000002,0.88661,0.88661,0.0,0.8206686930091185,0.8580060422960725,-0.03733734928695398
24,124.0,124.0,40949.0,40969.0,-20.0,41099.0,41118.0,-19.0,41282.0,41304.0,-22.0,2.752,2.704,0.0479999999999996,0.911046,0.911046,0.0,0.9009009009009009,0.8895522388059701,0.011348662094930795
24,125.0,125.0,41282.0,41304.0,-22.0,41425.0,41450.0,-25.0,41620.0,41642.0,-22.0,2.608,2.656,-0.04800000000000004,0.9071359999999999,0.88563,0.021505999999999914,0.8461538461538461,0.863905325443787,-0.017751479289940808
24,126.0,126.0,41620.0,41642.0,-22.0,41755.0,41783.0,-28.0,41954.0,41980.0,-26.0,2.64,2.664,-0.02400000000000002,0.8827,0.8827,0.0,0.8083832335329342,0.834319526627219,-0.0259362930942848
24,127.0,127.0,41954.0,41980.0,-26.0,42105.0,42124.0,-19.0,42286.0,42309.0,-23.0,2.8,2.728,0.07199999999999962,0.87879,0.87879,0.0,0.9096385542168675,0.8753799392097265,0.034258615007141
24,128.0,128.0,42286.0,42309.0,-23.0,42427.0,42451.0,-24.0,42618.0,42644.0,-26.0,2.576,2.616,-0.040000000000000036,0.87195,0.87195,0.0,0.8493975903614458,0.8477611940298507,0.0016363963315950691
24,129.0,129.0,42618.0,42644.0,-26.0,42765.0,42781.0,-16.0,42935.0,42960.0,-25.0,2.704,2.64,0.06400000000000006,0.911046,0.911046,0.0,0.9274447949526814,0.8670886075949367,0.06035618735774473
24,130.0,130.0,42935.0,42960.0,-25.0,43081.0,43099.0,-18.0,43270.0,43288.0,-18.0,2.528,2.544,-0.016000000000000014,0.89932,0.89932,0.0,0.8716417910447761,0.8475609756097561,0.024080815435020053
24,131.0,131.0,43270.0,43288.0,-18.0,43405.0,43434.0,-29.0,43626.0,43658.0,-32.0,2.592,2.68,-0.08800000000000008,0.901271,0.901271,0.0,0.7584269662921348,0.7891891891891891,-0.030762222897054325
24,132.0,132.0,43626.0,43658.0,-32.0,43775.0,43799.0,-24.0,43968.0,43992.0,-24.0,2.96,2.92,0.040000000000000036,0.901271,0.88465,0.016620999999999997,0.8713450292397661,0.844311377245509,0.027033651994257113
24,133.0,133.0,43968.0,43992.0,-24.0,44113.0,44131.0,-18.0,44298.0,44319.0,-21.0,2.704,2.656,0.04800000000000004,0.88465,0.88074,0.00391000000000008,0.8787878787878788,0.8501529051987767,0.028634973589102053
24,134.0,134.0,44298.0,44319.0,-21.0,44431.0,44459.0,-28.0,44625.0,44649.0,-24.0,2.544,2.624,-0.08000000000000007,0.8797699999999999,0.8797699999999999,0.0,0.8134556574923547,0.8484848484848485,-0.0350291909924938
24,135.0,135.0,44625.0,44649.0,-24.0,44775.0,44793.0,-18.0,44976.0,45002.0,-26.0,2.752,2.672,0.07999999999999963,0.89638,0.912023,-0.015643000000000074,0.8547008547008547,0.8158640226628895,0.038836832037965174
24,136.0,136.0,44976.0,45002.0,-26.0,45121.0,45146.0,-25.0,45321.0,45342.0,-21.0,2.768,2.824,-0.05600000000000005,0.912023,0.87292,0.039103,0.8405797101449275,0.8470588235294118,-0.0064791133844842586
24,137.0,137.0,45321.0,45342.0,-21.0,45465.0,45486.0,-21.0,45659.0,45680.0,-21.0,2.752,2.72,0.031999999999999584,0.87586,0.8944300000000001,-0.018570000000000086,0.8520710059171598,0.8520710059171598,0.0
24,138.0,138.0,45659.0,45680.0,-21.0,45798.0,45824.0,-26.0,45997.0,46021.0,-24.0,2.664,2.704,-0.040000000000000036,0.8944300000000001,0.8915,0.002930000000000099,0.8224852071005917,0.844574780058651,-0.022089572958059356
24,139.0,139.0,45997.0,46021.0,-24.0,46147.0,46166.0,-19.0,46348.0,46378.0,-30.0,2.792,2.736,0.055999999999999606,0.89638,0.89638,0.0,0.8547008547008547,0.8123249299719888,0.042375924728865866
24,140.0,140.0,46348.0,46378.0,-30.0,46501.0,46524.0,-23.0,46700.0,46722.0,-22.0,2.832,2.864,-0.03200000000000003,0.88368,0.8817200000000001,0.0019599999999999618,0.8693181818181819,0.8488372093023255,0.020480972515856344
24,141.0,141.0,46700.0,46722.0,-22.0,46849.0,46867.0,-18.0,47041.0,47067.0,-26.0,2.784,2.744,0.03999999999999959,0.8817200000000001,0.86315,0.018570000000000086,0.873900293255132,0.8405797101449275,0.03332058311020447
24,142.0,142.0,47041.0,47067.0,-26.0,47189.0,47209.0,-20.0,47383.0,47408.0,-25.0,2.72,2.736,-0.016000000000000014,0.87879,0.906158,-0.02736800000000006,0.8654970760233918,0.8328445747800587,0.032652501243333076
24,143.0,143.0,47383.0,47408.0,-25.0,47531.0,47551.0,-20.0,47722.0,47741.0,-19.0,2.736,2.736,0.0,0.913001,0.913001,0.0,0.8731563421828908,0.8588588588588588,0.014297483324032023
24,144.0,144.0,47722.0,47741.0,-19.0,47859.0,47890.0,-31.0,48063.0,48081.0,-18.0,2.624,2.712,-0.08800000000000008,0.89736,0.9022479999999999,-0.004887999999999892,0.8035190615835777,0.8764705882352941,-0.07295152665171645
24,145.0,145.0,48063.0,48081.0,-18.0,48195.0,48221.0,-26.0,48391.0,48405.0,-14.0,2.688,2.648,0.040000000000000036,0.9022479999999999,0.89247,0.009777999999999953,0.8048780487804879,0.8641975308641976,-0.05931948208370974
24,146.0,146.0,48391.0,48405.0,-14.0,48521.0,48549.0,-28.0,48725.0,48751.0,-26.0,2.608,2.624,-0.016000000000000014,0.903226,0.906158,-0.0029320000000000457,0.7784431137724551,0.8323699421965318,-0.0539268284240767
24,147.0,147.0,48725.0,48751.0,-26.0,48877.0,48896.0,-19.0,49078.0,49100.0,-22.0,2.848,2.776,0.07200000000000006,0.906158,0.88954,0.01661800000000002,0.8611898016997167,0.830945558739255,0.030244242960461687
24,148.0,148.0,49078.0,49100.0,-22.0,49213.0,49243.0,-30.0,49419.0,49445.0,-26.0,2.688,2.776,-0.08799999999999963,0.88954,0.88759,0.0019500000000000073,0.7917888563049853,0.8289855072463768,-0.03719665094139146
24,149.0,149.0,49419.0,49445.0,-26.0,49559.0,49587.0,-28.0,49757.0,49782.0,-25.0,2.768,2.752,0.016000000000000014,0.88856,0.88856,0.0,0.8284023668639053,0.8427299703264095,-0.014327603462504168
24,150.0,150.0,49757.0,49782.0,-25.0,49907.0,49924.0,-17.0,50102.0,50134.0,-32.0,2.784,2.696,0.08799999999999963,0.88563,0.88563,0.0,0.8695652173913043,0.8068181818181819,0.06274703557312244
24,151.0,151.0,50102.0,50134.0,-32.0,50255.0,50277.0,-22.0,50446.0,50468.0,-22.0,2.784,2.824,-0.040000000000000036,0.86608,0.8641300000000001,0.0019499999999998963,0.8895348837209303,0.8562874251497006,0.03324745857122968
24,152.0,152.0,50446.0,50468.0,-22.0,50587.0,50613.0,-26.0,50784.0,50808.0,-24.0,2.656,2.688,-0.03200000000000003,0.903226,0.904203,-0.0009770000000000056,0.834319526627219,0.8529411764705882,-0.018621649843369226
24,153.0,153.0,50784.0,50808.0,-24.0,50927.0,50952.0,-25.0,51127.0,51147.0,-20.0,2.72,2.712,0.008000000000000007,0.904203,0.909091,-0.0048880000000000035,0.8338192419825072,0.8495575221238938,-0.015738280141386563
24,154.0,154.0,51127.0,51147.0,-20.0,51259.0,51288.0,-29.0,51479.0,51506.0,-27.0,2.656,2.688,-0.03200000000000003,0.909091,0.917889,-0.008797999999999973,0.75,0.7855153203342619,-0.03551532033426186
24,155.0,155.0,51479.0,51506.0,-27.0,51619.0,51653.0,-34.0,51825.0,51841.0,-16.0,2.88,2.92,-0.040000000000000036,0.917889,0.8817200000000001,0.036168999999999896,0.8092485549132948,0.8776119402985074,-0.06836338538521258
24,156.0,156.0,51825.0,51841.0,-16.0,51965.0,51987.0,-22.0,52153.0,52157.0,-4.0,2.768,2.672,0.09599999999999964,0.89834,0.89834,0.0,0.8536585365853658,0.9240506329113924,-0.07039209632602661
24,157.0,157.0,52153.0,52157.0,-4.0,52299.0,52318.0,-19.0,52498.0,52511.0,-13.0,2.672,2.648,0.02400000000000002,0.900293,0.900293,0.0,0.8463768115942029,0.9096045197740112,-0.06322770817980838
24,158.0,158.0,52498.0,52511.0,-13.0,52639.0,52683.0,-44.0,52895.0,52846.0,49.0,2.72,2.92,-0.19999999999999973,0.99902248,0.99902248,0.0,0.7103274559193955,0.973134328358209,-0.2628068724388135
24,159.0,159.0,52895.0,52846.0,49.0,53097.0,53118.0,-21.0,53292.0,53314.0,-22.0,3.664,3.48,0.18400000000000016,0.9599219999999999,0.985337,-0.025415000000000076,0.982367758186398,0.8376068376068376,0.14476092057956036
24,160.0,160.0,53292.0,53314.0,-22.0,53429.0,53454.0,-25.0,53614.0,53639.0,-25.0,2.656,2.688,-0.03200000000000003,0.901271,0.89247,0.008801000000000059,0.8509316770186335,0.8615384615384616,-0.010606784519828105
24,161.0,161.0,53614.0,53639.0,-25.0,53767.0,53779.0,-12.0,53967.0,54009.0,-42.0,2.704,2.6,0.10400000000000009,0.89247,0.88074,0.011730000000000018,0.8668555240793201,0.7567567567567568,0.1100987673225633
24,162.0,162.0,53967.0,54009.0,-42.0,54123.0,54145.0,-22.0,54306.0,54332.0,-26.0,2.848,2.928,-0.08000000000000007,0.87781,0.87781,0.0,0.9203539823008849,0.8421052631578947,0.07824871914299025
24,163.0,163.0,54306.0,54332.0,-26.0,54451.0,54469.0,-18.0,54634.0,54655.0,-21.0,2.624,2.592,0.03200000000000003,0.89345,0.89345,0.0,0.8841463414634146,0.848297213622291,0.035849127841123596
24,164.0,164.0,54634.0,54655.0,-21.0,54775.0,54796.0,-21.0,54949.0,54970.0,-21.0,2.592,2.616,-0.02400000000000002,0.86999,0.86999,0.0,0.8952380952380953,0.8952380952380953,0.0
24,165.0,165.0,54949.0,54970.0,-21.0,55097.0,55110.0,-13.0,55266.0,55286.0,-20.0,2.576,2.512,0.06400000000000006,0.8817200000000001,0.8817200000000001,0.0,0.9337539432176656,0.8860759493670887,0.047677993850576916
24,166.0,166.0,55266.0,55286.0,-20.0,55409.0,55427.0,-18.0,55598.0,55621.0,-23.0,2.496,2.536,-0.040000000000000036,0.86315,0.86315,0.0,0.8614457831325302,0.8417910447761194,0.01965473835641074
24,167.0,167.0,55598.0,55621.0,-23.0,55747.0,55760.0,-13.0,55928.0,55954.0,-26.0,2.704,2.664,0.040000000000000036,0.88074,0.88074,0.0,0.9030303030303031,0.8348348348348349,0.06819546819546818
24,168.0,168.0,55928.0,55954.0,-26.0,56073.0,56092.0,-19.0,56257.0,56281.0,-24.0,2.608,2.656,-0.04800000000000004,0.88661,0.88661,0.0,0.8814589665653495,0.8440366972477065,0.03742226931764303
24,169.0,169.0,56257.0,56281.0,-24.0,56407.0,56425.0,-18.0,56585.0,56603.0,-18.0,2.672,2.664,0.008000000000000007,0.87781,0.8641300000000001,0.013679999999999914,0.9146341463414634,0.8944099378881988,0.02022420845326467
24,170.0,170.0,56585.0,56603.0,-18.0,56719.0,56739.0,-20.0,56917.0,56941.0,-24.0,2.496,2.512,-0.016000000000000014,0.89052,0.905181,-0.014661000000000035,0.8072289156626506,0.8047337278106509,0.0024951878519997583
24,171.0,171.0,56917.0,56941.0,-24.0,57055.0,57082.0,-27.0,57256.0,57276.0,-20.0,2.688,2.744,-0.05600000000000005,0.905181,0.89052,0.014661000000000035,0.8141592920353982,0.8417910447761194,-0.02763175274072127
24,172.0,172.0,57256.0,57276.0,-20.0,57403.0,57420.0,-17.0,57582.0,57605.0,-23.0,2.784,2.704,0.07999999999999963,0.89052,0.88661,0.003909999999999969,0.901840490797546,0.8753799392097265,0.02646055158781957
24,173.0,173.0,57582.0,57605.0,-23.0,57727.0,57749.0,-22.0,57924.0,57949.0,-25.0,2.592,2.632,-0.040000000000000036,0.89834,0.89834,0.0,0.847953216374269,0.8372093023255813,0.010743914048687686
24,174.0,174.0,57924.0,57949.0,-25.0,58079.0,58094.0,-15.0,58254.0,58275.0,-21.0,2.816,2.76,0.05600000000000005,0.89834,0.86119,0.037150000000000016,0.9393939393939394,0.8895705521472392,0.04982338724670021
24,175.0,175.0,58254.0,58275.0,-21.0,58401.0,58418.0,-17.0,58584.0,58608.0,-24.0,2.576,2.592,-0.016000000000000014,0.88563,0.88563,0.0,0.8909090909090909,0.8588588588588588,0.03205023205023205
24,176.0,176.0,58584.0,58608.0,-24.0,58735.0,58751.0,-16.0,58920.0,58942.0,-22.0,2.672,2.664,0.008000000000000007,0.88465,0.88465,0.0,0.8988095238095238,0.8562874251497006,0.04252209865982326
24,177.0,177.0,58920.0,58942.0,-22.0,59063.0,59083.0,-20.0,59253.0,59278.0,-25.0,2.624,2.656,-0.03200000000000003,0.89932,0.909091,-0.009770999999999974,0.8588588588588588,0.8392857142857143,0.01957314457314452
24,178.0,178.0,59253.0,59278.0,-25.0,59403.0,59421.0,-18.0,59586.0,59611.0,-25.0,2.72,2.704,0.016000000000000014,0.909091,0.8817200000000001,0.027370999999999923,0.9009009009009009,0.8588588588588588,0.042042042042042094
25,2.0,1.0,345.0,404.0,-59.0,539.0,552.0,-13.0,843.0,794.0,49.0,1.84,3.784,-1.9439999999999997,1.1686999999999999,1.1467,0.021999999999999797,0.7791164658634538,0.7589743589743589,0.020142106889094902
25,3.0,2.0,843.0,794.0,49.0,1031.0,1050.0,-19.0,1320.0,1300.0,20.0,3.936,3.984,-0.04800000000000004,1.31541,1.31541,0.0,0.7882599580712788,0.9881422924901185,-0.19988233441883974
25,4.0,3.0,1320.0,1300.0,20.0,1493.0,1516.0,-23.0,1797.0,1848.0,-51.0,3.696,3.728,-0.03200000000000003,1.55743,1.599,-0.041569999999999885,0.7253668763102725,0.7883211678832117,-0.06295429157293919
25,5.0,4.0,1797.0,1848.0,-51.0,1983.0,1999.0,-16.0,2265.0,2225.0,40.0,3.92,3.864,0.05600000000000005,1.4767299999999999,1.4767299999999999,0.0,0.7948717948717949,0.8010610079575597,-0.006189213085764811
25,6.0,5.0,2265.0,2225.0,40.0,2455.0,2475.0,-20.0,2722.0,2676.0,46.0,3.776,3.808,-0.03200000000000003,1.33986,1.33986,0.0,0.8315098468271335,0.8913525498891353,-0.05984270306200179
25,7.0,6.0,2722.0,2676.0,46.0,2943.0,2965.0,-22.0,3212.0,3210.0,2.0,3.904,3.92,-0.016000000000000014,1.22738,1.22738,0.0,0.9020408163265307,0.9176029962546817,-0.01556217992815101
25,8.0,7.0,3212.0,3210.0,2.0,3361.0,3388.0,-27.0,3657.0,3616.0,41.0,3.344,3.384,-0.040000000000000036,0.9511000000000001,0.9511000000000001,0.0,0.6696629213483146,0.8768472906403941,-0.2071843692920795
25,9.0,8.0,3657.0,3616.0,41.0,3875.0,3900.0,-25.0,4180.0,4235.0,-55.0,4.112,4.096,0.016000000000000014,1.73345,1.79457,-0.06112000000000006,0.8336520076481836,0.9176090468497576,-0.08395703920157405
25,10.0,9.0,4180.0,4235.0,-55.0,4359.0,4384.0,-25.0,4681.0,4745.0,-64.0,3.872,3.872,0.0,1.45231,1.46698,-0.01466999999999996,0.7145708582834331,0.584313725490196,0.13025713279323714
25,11.0,10.0,4681.0,4745.0,-64.0,4881.0,4893.0,-12.0,5191.0,5146.0,45.0,4.176,4.072,0.10400000000000009,1.39608,1.39363,0.0024500000000000632,0.7843137254901961,0.7381546134663342,0.046159112023861915
25,12.0,11.0,5191.0,5146.0,45.0,5401.0,5415.0,-14.0,5694.0,5745.0,-51.0,4.16,4.176,-0.016000000000000014,1.23963,1.2763,-0.03666999999999998,0.8349900596421471,0.8981636060100167,-0.06317354636786954
25,13.0,12.0,5694.0,5745.0,-51.0,5868.0,5896.0,-28.0,6160.0,6125.0,35.0,3.736,3.848,-0.11199999999999966,1.6723400000000002,1.6723400000000002,0.0,0.7467811158798283,0.7947368421052632,-0.04795572622543487
25,14.0,13.0,6160.0,6125.0,35.0,6403.0,6416.0,-13.0,6694.0,6740.0,-46.0,4.28,4.16,0.1200000000000001,1.72124,1.88016,-0.15891999999999995,0.9101123595505618,0.9463414634146341,-0.0362291038640723
25,15.0,14.0,6694.0,6740.0,-46.0,6879.0,6896.0,-17.0,7207.0,7251.0,-44.0,3.808,3.84,-0.03200000000000003,1.577,1.577,0.0,0.7212475633528266,0.6105675146771037,0.1106800486757229
25,16.0,15.0,7207.0,7251.0,-44.0,7389.0,7409.0,-20.0,7653.0,7713.0,-60.0,4.08,4.104,-0.02400000000000002,1.3765,1.3276,0.048900000000000166,0.8161434977578476,0.6839826839826839,0.13216081377516364
25,17.0,16.0,7653.0,7713.0,-60.0,7843.0,7860.0,-17.0,8147.0,8238.0,-91.0,3.632,3.608,0.02400000000000002,1.31789,1.31789,0.0,0.7692307692307692,0.56,0.2092307692307691
25,19.0,17.0,8190.0,8238.0,-48.0,8351.0,8361.0,-10.0,8582.0,8641.0,-59.0,1.584,4.008,-2.424,0.49878,0.49878,0.0,0.8214285714285714,0.6104218362282878,0.21100673520028357
25,20.0,18.0,8582.0,8641.0,-59.0,8783.0,8789.0,-6.0,9062.0,9124.0,-62.0,3.456,3.424,0.03200000000000003,1.41811,1.4327800000000002,-0.014670000000000183,0.8375,0.6128364389233955,0.22466356107660457
25,21.0,19.0,9062.0,9124.0,-62.0,9253.0,9279.0,-26.0,9563.0,9609.0,-46.0,3.76,3.92,-0.16000000000000014,1.56728,1.54772,0.019560000000000022,0.7624750499001995,0.6391752577319587,0.12329979216824083
25,22.0,20.0,9563.0,9609.0,-46.0,9731.0,9752.0,-21.0,10033.0,10067.0,-34.0,3.824,3.784,0.040000000000000036,1.3373599999999999,1.34714,-0.009780000000000122,0.7148936170212765,0.6244541484716157,0.09043946854966078
25,23.0,21.0,10033.0,10067.0,-34.0,10219.0,10231.0,-12.0,10499.0,10573.0,-74.0,3.904,3.832,0.07200000000000006,1.2933999999999999,1.25184,0.04155999999999982,0.7982832618025751,0.6482213438735178,0.15006191792905732
25,24.0,22.0,10499.0,10573.0,-74.0,10709.0,10723.0,-14.0,10985.0,11049.0,-64.0,3.92,3.936,-0.016000000000000014,1.39855,1.39855,0.0,0.8641975308641976,0.6302521008403361,0.23394543002386148
25,25.0,23.0,10985.0,11049.0,-64.0,11177.0,11200.0,-23.0,11449.0,11490.0,-41.0,3.744,3.816,-0.07199999999999962,1.4498600000000001,1.4498600000000001,0.0,0.8275862068965517,0.6848072562358276,0.1427789506607241
25,26.0,24.0,11449.0,11490.0,-41.0,11627.0,11642.0,-15.0,11946.0,12022.0,-76.0,3.6,3.536,0.06400000000000006,1.31055,1.33256,-0.022009999999999863,0.716297786720322,0.5714285714285714,0.14486921529175056
25,27.0,25.0,11946.0,12022.0,-76.0,12142.0,12162.0,-20.0,12416.0,12456.0,-40.0,4.12,4.16,-0.040000000000000036,1.82884,1.82884,0.0,0.8340425531914893,0.6451612903225806,0.18888126286890872
25,28.0,26.0,12416.0,12456.0,-40.0,12585.0,12614.0,-29.0,12904.0,12858.0,46.0,3.544,3.616,-0.07200000000000006,2.17603,2.17358,0.0024500000000000632,0.6926229508196722,0.7860696517412935,-0.09344670092162133
25,29.0,27.0,12904.0,12858.0,46.0,13105.0,13127.0,-22.0,13419.0,13467.0,-48.0,4.16,4.104,0.05600000000000005,2.0049,2.01713,-0.012229999999999741,0.7805825242718447,0.8834154351395731,-0.10283291086772839
25,30.0,28.0,13419.0,13467.0,-48.0,13599.0,13615.0,-16.0,13888.0,13940.0,-52.0,3.952,3.904,0.04800000000000004,1.89242,1.89242,0.0,0.767590618336887,0.6257928118393234,0.14179780649756357
25,31.0,29.0,13888.0,13940.0,-52.0,14073.0,14088.0,-15.0,14368.0,14406.0,-38.0,3.792,3.784,0.008000000000000007,1.66262,1.65039,0.012229999999999963,0.7708333333333334,0.6351931330472103,0.1356402002861231
25,32.0,30.0,14368.0,14406.0,-38.0,14531.0,14557.0,-26.0,14865.0,14893.0,-28.0,3.664,3.752,-0.08799999999999963,1.65522,1.65522,0.0,0.6559356136820926,0.6201232032854209,0.03581241039667171
25,33.0,31.0,14865.0,14893.0,-28.0,15033.0,15045.0,-12.0,15351.0,15388.0,-37.0,4.016,3.904,0.1120000000000001,1.52319,1.52074,0.0024500000000000632,0.691358024691358,0.6141414141414141,0.07721661054994389
25,34.0,32.0,15351.0,15388.0,-37.0,15516.0,15537.0,-21.0,15792.0,15824.0,-32.0,3.864,3.936,-0.07200000000000006,1.78483,1.77749,0.007339999999999902,0.7482993197278911,0.6834862385321101,0.064813081195781
25,35.0,33.0,15792.0,15824.0,-32.0,15943.0,15960.0,-17.0,16227.0,16192.0,35.0,3.416,3.384,0.03200000000000003,1.90949,1.90949,0.0,0.6942528735632184,0.7391304347826086,-0.04487756121939024
25,36.0,34.0,16227.0,16192.0,35.0,16421.0,16428.0,-7.0,16703.0,16738.0,-35.0,3.824,3.744,0.07999999999999963,1.57699,1.61856,-0.04157000000000011,0.8151260504201681,0.8644688644688645,-0.04934281404869645
25,37.0,35.0,16703.0,16738.0,-35.0,16867.0,16884.0,-17.0,17208.0,17311.0,-103.0,3.568,3.648,-0.08000000000000007,1.51345,1.5110000000000001,0.002449999999999841,0.6495049504950495,0.5095986038394416,0.13990634665560797
25,38.0,36.0,17208.0,17311.0,-103.0,17440.0,17454.0,-14.0,17728.0,17752.0,-24.0,4.584,4.56,0.02400000000000002,1.6210399999999998,1.61859,0.002449999999999841,0.8923076923076922,0.6485260770975056,0.2437816152101866
25,39.0,37.0,17728.0,17752.0,-24.0,17877.0,17898.0,-21.0,18177.0,18204.0,-27.0,3.496,3.552,-0.05600000000000005,1.86312,1.8998000000000002,-0.036680000000000046,0.6636971046770601,0.6460176991150443,0.01767940556201586
25,40.0,38.0,18177.0,18204.0,-27.0,18333.0,18348.0,-15.0,18631.0,18658.0,-27.0,3.648,3.6,0.04800000000000004,1.56724,1.5745799999999999,-0.007339999999999902,0.6872246696035242,0.6343612334801763,0.052863436123347984
25,41.0,39.0,18631.0,18658.0,-27.0,18787.0,18800.0,-13.0,19080.0,19114.0,-34.0,3.632,3.616,0.016000000000000014,1.7261600000000001,1.7261600000000001,0.0,0.6948775055679287,0.6228070175438596,0.07207048802406912
25,42.0,40.0,19080.0,19114.0,-34.0,19242.0,19263.0,-21.0,19554.0,19584.0,-30.0,3.64,3.704,-0.06400000000000006,1.9926599999999999,1.96332,0.02933999999999992,0.6835443037974683,0.6340425531914894,0.049501750605978945
25,43.0,41.0,19554.0,19584.0,-30.0,19705.0,19719.0,-14.0,19943.0,19986.0,-43.0,3.704,3.648,0.05600000000000005,1.3471899999999999,1.3471899999999999,0.0,0.7763496143958869,0.6716417910447761,0.10470782335111084
25,44.0,42.0,19943.0,19986.0,-43.0,20117.0,20128.0,-11.0,20391.0,20419.0,-28.0,3.296,3.272,0.02400000000000002,1.58684,1.58684,0.0,0.7767857142857143,0.6558891454965359,0.12089656878917843
25,45.0,43.0,20391.0,20419.0,-28.0,20545.0,20565.0,-20.0,20834.0,20881.0,-47.0,3.424,3.496,-0.07200000000000006,1.74079,1.74079,0.0,0.6952595936794582,0.6320346320346321,0.06322496164482616
25,46.0,44.0,20834.0,20881.0,-47.0,21017.0,21034.0,-17.0,21311.0,21349.0,-38.0,3.776,3.752,0.02400000000000002,1.76034,1.76768,-0.007339999999999902,0.7672955974842768,0.6538461538461539,0.11344944363812293
25,47.0,45.0,21311.0,21349.0,-38.0,21486.0,21504.0,-18.0,21773.0,21800.0,-27.0,3.752,3.76,-0.008000000000000007,1.8288799999999998,1.80443,0.02444999999999986,0.7575757575757576,0.6873614190687362,0.07021433850702141
25,48.0,46.0,21773.0,21800.0,-27.0,21921.0,21935.0,-14.0,22208.0,22245.0,-37.0,3.48,3.448,0.03200000000000003,1.5721500000000002,1.5721500000000002,0.0,0.6804597701149425,0.6067415730337078,0.07371819708123473
25,49.0,47.0,22208.0,22245.0,-37.0,22398.0,22409.0,-11.0,22696.0,22729.0,-33.0,3.816,3.792,0.02400000000000002,1.96581,1.9193600000000002,0.04644999999999988,0.7786885245901639,0.6776859504132231,0.10100257417694081
25,50.0,48.0,22696.0,22729.0,-33.0,22856.0,22874.0,-18.0,23134.0,23149.0,-15.0,3.664,3.72,-0.05600000000000005,1.98046,1.98046,0.0,0.730593607305936,0.6904761904761905,0.04011741682974557
25,51.0,49.0,23134.0,23149.0,-15.0,23303.0,23333.0,-30.0,23665.0,23694.0,-29.0,3.576,3.672,-0.09600000000000009,2.32517,2.24449,0.08068000000000008,0.6365348399246704,0.6752293577981652,-0.03869451787349476
25,52.0,50.0,23665.0,23694.0,-29.0,23824.0,23837.0,-13.0,24100.0,24131.0,-31.0,4.168,4.032,0.13600000000000012,1.75547,1.73835,0.017120000000000024,0.7310344827586207,0.6544622425629291,0.07657224019569164
25,53.0,51.0,24100.0,24131.0,-31.0,24257.0,24272.0,-15.0,24543.0,24574.0,-31.0,3.464,3.48,-0.016000000000000014,1.55992,1.5819299999999998,-0.022009999999999863,0.708803611738149,0.6365688487584651,0.0722347629796839
25,54.0,52.0,24543.0,24574.0,-31.0,24704.0,24720.0,-16.0,24998.0,25038.0,-40.0,3.576,3.584,-0.008000000000000007,1.76036,1.76036,0.0,0.7076923076923076,0.6293103448275862,0.07838196286472143
25,55.0,53.0,24998.0,25038.0,-40.0,25179.0,25187.0,-8.0,25473.0,25509.0,-36.0,3.8,3.736,0.06399999999999961,1.66993,1.64304,0.02688999999999986,0.7621052631578947,0.6326963906581742,0.12940887249972055
25,56.0,54.0,25473.0,25509.0,-36.0,25642.0,25665.0,-23.0,25970.0,26002.0,-32.0,3.704,3.824,-0.11999999999999966,1.90951,1.90951,0.0,0.6800804828973843,0.6328600405679513,0.04722044232943301
25,57.0,55.0,25970.0,26002.0,-32.0,26137.0,26152.0,-15.0,26412.0,26451.0,-39.0,3.96,3.896,0.06400000000000006,1.7701600000000002,1.75549,0.014670000000000183,0.755656108597285,0.6681514476614699,0.0875046609358151
25,58.0,56.0,26412.0,26451.0,-39.0,26593.0,26608.0,-15.0,26892.0,26844.0,48.0,3.648,3.648,0.0,1.61372,1.61372,0.0,0.7541666666666667,0.7989821882951654,-0.04481552162849878
25,59.0,57.0,26892.0,26844.0,48.0,27099.0,27109.0,-10.0,27400.0,27438.0,-38.0,4.048,4.008,0.040000000000000036,1.82884,1.83373,-0.004890000000000061,0.8149606299212598,0.8922558922558923,-0.07729526233463246
25,60.0,58.0,27400.0,27438.0,-38.0,27581.0,27597.0,-16.0,27879.0,27922.0,-43.0,3.856,3.904,-0.04800000000000004,2.01953,2.00731,0.01222000000000012,0.755741127348643,0.6570247933884297,0.09871633396021329
25,61.0,59.0,27879.0,27922.0,-43.0,28049.0,28068.0,-19.0,28347.0,28385.0,-38.0,3.744,3.768,-0.023999999999999577,2.03668,2.03668,0.0,0.7264957264957265,0.630669546436285,0.09582618005944143
25,62.0,60.0,28347.0,28385.0,-38.0,28511.0,28527.0,-16.0,28853.0,28903.0,-50.0,3.696,3.672,0.02400000000000002,1.9755800000000001,1.9755800000000001,0.0,0.6482213438735178,0.5482625482625483,0.09995879561096954
25,63.0,61.0,28853.0,28903.0,-50.0,29031.0,29042.0,-11.0,29306.0,29349.0,-43.0,4.16,4.12,0.040000000000000036,1.51347,1.51347,0.0,0.7858719646799117,0.6233183856502242,0.16255357902968748
25,64.0,62.0,29306.0,29349.0,-43.0,29491.0,29506.0,-15.0,29783.0,29813.0,-30.0,3.68,3.712,-0.03200000000000003,1.7237,1.70659,0.01710999999999996,0.7756813417190775,0.6767241379310345,0.09895720378804307
25,65.0,63.0,29783.0,29813.0,-30.0,29953.0,29961.0,-8.0,30237.0,30276.0,-39.0,3.696,3.64,0.05600000000000005,1.6455,1.6455,0.0,0.748898678414097,0.6393088552915767,0.1095898231225203
25,66.0,64.0,30237.0,30276.0,-39.0,30413.0,30433.0,-20.0,30710.0,30746.0,-36.0,3.68,3.776,-0.09599999999999964,2.0513,2.0097300000000002,0.04156999999999966,0.7441860465116279,0.6680851063829787,0.07610094012864921
25,67.0,65.0,30710.0,30746.0,-36.0,30871.0,30889.0,-18.0,31160.0,31192.0,-32.0,3.664,3.648,0.016000000000000014,1.7506,1.7506,0.0,0.7155555555555555,0.641255605381166,0.0742999501743895
25,68.0,66.0,31160.0,31192.0,-32.0,31313.0,31324.0,-11.0,31573.0,31609.0,-36.0,3.536,3.48,0.05600000000000005,1.44987,1.44987,0.0,0.7409200968523002,0.6330935251798562,0.10782657167244403
25,69.0,67.0,31573.0,31609.0,-36.0,31737.0,31750.0,-13.0,32003.0,32036.0,-33.0,3.392,3.408,-0.016000000000000014,1.54766,1.57945,-0.031789999999999985,0.7627906976744185,0.6604215456674474,0.10236915200697116
25,70.0,68.0,32003.0,32036.0,-33.0,32165.0,32175.0,-10.0,32438.0,32498.0,-60.0,3.424,3.4,0.02400000000000002,1.65526,1.65526,0.0,0.7448275862068965,0.6017316017316017,0.1430959844752948
25,71.0,69.0,32438.0,32498.0,-60.0,32623.0,32636.0,-13.0,32891.0,32943.0,-52.0,3.664,3.688,-0.02400000000000002,2.0098000000000003,2.0073600000000003,0.0024399999999999977,0.8167770419426048,0.6202247191011236,0.19655232284148116
25,72.0,70.0,32891.0,32943.0,-52.0,33071.0,33085.0,-14.0,33385.0,33434.0,-49.0,3.584,3.592,-0.008000000000000007,1.80688,1.80688,0.0,0.728744939271255,0.5784114052953158,0.1503335339759393
25,73.0,71.0,33385.0,33434.0,-49.0,33561.0,33580.0,-19.0,33868.0,33907.0,-39.0,3.92,3.96,-0.040000000000000036,1.83371,1.83371,0.0,0.7287784679089027,0.6173361522198731,0.11144231568902951
25,74.0,72.0,33868.0,33907.0,-39.0,34039.0,34056.0,-17.0,34330.0,34383.0,-53.0,3.824,3.808,0.016000000000000014,1.68951,1.6724,0.01710999999999996,0.7402597402597403,0.6260504201680672,0.11420932009167306
25,75.0,73.0,34330.0,34383.0,-53.0,34533.0,34537.0,-4.0,34808.0,34851.0,-43.0,3.952,3.848,0.10400000000000009,1.52815,1.51348,0.01466999999999996,0.8493723849372385,0.6581196581196581,0.19125272681758043
25,76.0,74.0,34808.0,34851.0,-43.0,34983.0,34999.0,-16.0,35280.0,35310.0,-30.0,3.6,3.696,-0.09600000000000009,1.76776,1.74576,0.02200000000000002,0.7415254237288136,0.644880174291939,0.09664524943687458
25,77.0,75.0,35280.0,35310.0,-30.0,35433.0,35451.0,-18.0,35746.0,35784.0,-38.0,3.6,3.616,-0.016000000000000014,1.73345,1.73345,0.0,0.6566523605150214,0.5949367088607596,0.06171565165426185
25,78.0,76.0,35746.0,35784.0,-38.0,35907.0,35923.0,-16.0,36223.0,36260.0,-37.0,3.792,3.776,0.016000000000000014,1.59661,1.6039400000000001,-0.007330000000000059,0.6750524109014675,0.5840336134453781,0.09101879745608943
25,79.0,77.0,36223.0,36260.0,-37.0,36386.0,36397.0,-11.0,36674.0,36709.0,-35.0,3.832,3.792,0.040000000000000036,1.70413,1.70413,0.0,0.7228381374722839,0.6102449888641426,0.11259314860814129
25,80.0,78.0,36674.0,36709.0,-35.0,36832.0,36847.0,-15.0,37129.0,37160.0,-31.0,3.568,3.6,-0.03200000000000003,1.81176,1.81176,0.0,0.6945054945054945,0.6119733924611974,0.08253210204429706
25,81.0,79.0,37129.0,37160.0,-31.0,37301.0,37306.0,-5.0,37588.0,37646.0,-58.0,3.752,3.672,0.07999999999999963,1.83858,1.83125,0.007330000000000059,0.7494553376906319,0.6008230452674896,0.14863229242314224
25,82.0,80.0,37588.0,37646.0,-58.0,37780.0,37794.0,-14.0,38053.0,38087.0,-34.0,3.832,3.904,-0.07200000000000006,1.75797,1.71885,0.039120000000000044,0.8258064516129032,0.6712018140589568,0.15460463755394638
25,83.0,81.0,38053.0,38087.0,-34.0,38203.0,38223.0,-20.0,38494.0,38527.0,-33.0,3.384,3.432,-0.04800000000000004,1.9144599999999998,1.9144599999999998,0.0,0.6802721088435374,0.6181818181818182,0.06209029066171923
25,84.0,82.0,38494.0,38527.0,-33.0,38655.0,38666.0,-11.0,38934.0,38972.0,-38.0,3.616,3.544,0.07200000000000006,1.74081,1.73348,0.007330000000000059,0.7318181818181818,0.6247191011235955,0.10709908069458629
25,85.0,83.0,38934.0,38972.0,-38.0,39099.0,39108.0,-9.0,39390.0,39425.0,-35.0,3.552,3.536,0.016000000000000014,1.7554800000000002,1.7946,-0.03911999999999982,0.7236842105263157,0.6004415011037527,0.12324270942256299
25,86.0,84.0,39390.0,39425.0,-35.0,39553.0,39561.0,-8.0,39847.0,39913.0,-66.0,3.632,3.624,0.008000000000000007,1.54034,1.54034,0.0,0.7133479212253829,0.5573770491803278,0.1559708720450551
25,87.0,85.0,39847.0,39913.0,-66.0,40036.0,40051.0,-15.0,40288.0,40317.0,-29.0,3.864,3.92,-0.05600000000000005,1.8093,1.8044099999999998,0.004890000000000061,0.8571428571428572,0.6831683168316831,0.1739745403111741
25,88.0,86.0,40288.0,40317.0,-29.0,40433.0,40447.0,-14.0,40673.0,40709.0,-36.0,3.176,3.168,0.008000000000000007,1.55497,1.5892,-0.03422999999999998,0.7532467532467533,0.6632653061224489,0.08998144712430434
25,89.0,87.0,40673.0,40709.0,-36.0,40827.0,40843.0,-16.0,41093.0,41126.0,-33.0,3.152,3.168,-0.016000000000000014,1.63084,1.63084,0.0,0.7333333333333334,0.6426858513189448,0.09064748201438855
25,90.0,88.0,41093.0,41126.0,-33.0,41250.0,41264.0,-14.0,41505.0,41537.0,-32.0,3.384,3.368,0.016000000000000014,1.7285700000000002,1.72612,0.0024500000000000632,0.7621359223300971,0.6715328467153285,0.09060307561476855
25,91.0,89.0,41505.0,41537.0,-32.0,41669.0,41677.0,-8.0,41968.0,42002.0,-34.0,3.352,3.304,0.04800000000000004,1.57698,1.57698,0.0,0.7084233261339092,0.6021505376344086,0.10627278849950061
25,92.0,90.0,41968.0,42002.0,-34.0,42131.0,42147.0,-16.0,42447.0,42484.0,-37.0,3.696,3.76,-0.06399999999999961,1.83373,1.79705,0.036680000000000046,0.6805845511482255,0.6016597510373445,0.07892480011088099
25,93.0,91.0,42447.0,42484.0,-37.0,42603.0,42616.0,-13.0,42867.0,42901.0,-34.0,3.776,3.752,0.02400000000000002,1.66257,1.66257,0.0,0.7428571428571429,0.6330935251798562,0.1097636176772867
25,94.0,92.0,42867.0,42901.0,-34.0,43028.0,43039.0,-11.0,43298.0,43335.0,-37.0,3.4,3.384,0.016000000000000014,1.58432,1.58432,0.0,0.7470997679814385,0.6359447004608295,0.111155067520609
25,95.0,93.0,43298.0,43335.0,-37.0,43459.0,43470.0,-11.0,43719.0,43748.0,-29.0,3.448,3.448,0.0,1.7066400000000002,1.7066400000000002,0.0,0.7648456057007126,0.6537530266343825,0.11109257906633008
25,96.0,94.0,43719.0,43748.0,-29.0,43871.0,43881.0,-10.0,44127.0,44159.0,-32.0,3.296,3.288,0.008000000000000007,1.52562,1.52562,0.0,0.7450980392156863,0.6472019464720195,0.09789609274366684
25,97.0,95.0,44127.0,44159.0,-32.0,44285.0,44299.0,-14.0,44547.0,44579.0,-32.0,3.312,3.344,-0.03200000000000003,1.72376,1.67486,0.048899999999999944,0.7523809523809524,0.6666666666666667,0.08571428571428563
25,98.0,96.0,44547.0,44579.0,-32.0,44705.0,44716.0,-11.0,44986.0,45021.0,-35.0,3.36,3.336,0.02400000000000002,1.8630900000000001,1.8630900000000001,0.0,0.7198177676537585,0.6199095022624435,0.09990826539131503
25,99.0,97.0,44986.0,45021.0,-35.0,45152.0,45174.0,-22.0,45467.0,45497.0,-30.0,3.576,3.664,-0.08800000000000008,1.98292,2.01226,-0.02933999999999992,0.6902286902286903,0.6428571428571428,0.04737154737154747
25,130.0,98.0,45729.0,45497.0,232.0,45731.0,45770.0,-39.0,45908.0,45939.0,-31.0,0.024,4.768,-4.744,1.8483999999999998,2.50121,-0.6528100000000001,0.022346368715083775,0.7647058823529411,-0.7423595136378573
25,131.0,99.0,45908.0,45939.0,-31.0,46045.0,46058.0,-13.0,46271.0,46273.0,-2.0,2.512,2.304,0.20800000000000018,1.70411,1.70411,0.0,0.7548209366391184,0.7125748502994012,0.04224608633971727
25,132.0,100.0,46271.0,46273.0,-2.0,46471.0,46485.0,-14.0,46743.0,46781.0,-38.0,3.408,3.416,-0.008000000000000007,1.73835,1.73835,0.0,0.847457627118644,0.8346456692913385,0.012811957827305487
25,133.0,101.0,46743.0,46781.0,-38.0,46893.0,46909.0,-16.0,47176.0,47218.0,-42.0,3.376,3.392,-0.016000000000000014,1.43518,1.43518,0.0,0.6928406466512702,0.585812356979405,0.10702828967186517
25,134.0,102.0,47176.0,47218.0,-42.0,47326.0,47348.0,-22.0,47610.0,47650.0,-40.0,3.464,3.512,-0.04800000000000004,1.50854,1.50854,0.0,0.6912442396313364,0.6018518518518519,0.08939238777948455
25,135.0,103.0,47610.0,47650.0,-40.0,47763.0,47791.0,-28.0,48105.0,48152.0,-47.0,3.496,3.544,-0.04800000000000004,1.59409,1.62098,-0.02689000000000008,0.6181818181818182,0.5617529880478087,0.056428830134009456
25,136.0,104.0,48105.0,48152.0,-47.0,48271.0,48296.0,-25.0,48595.0,48647.0,-52.0,4.064,4.04,0.02400000000000002,1.84104,1.85571,-0.01466999999999996,0.6775510204081633,0.5818181818181818,0.0957328385899815
25,137.0,105.0,48595.0,48647.0,-52.0,48768.0,48796.0,-28.0,49162.0,49236.0,-74.0,3.976,4.0,-0.02400000000000002,1.9804199999999998,1.9804199999999998,0.0,0.6102292768959436,0.5059422750424448,0.10428700185349882
25,138.0,106.0,49162.0,49236.0,-74.0,49359.0,49388.0,-29.0,49706.0,49743.0,-37.0,4.728,4.736,-0.008000000000000007,2.07089,2.0219899999999997,0.048900000000000166,0.7242647058823529,0.5996055226824457,0.12465918319990721
25,139.0,107.0,49706.0,49743.0,-37.0,49853.0,49880.0,-27.0,50180.0,50237.0,-57.0,3.952,3.936,0.016000000000000014,1.86308,1.86308,0.0,0.620253164556962,0.5546558704453441,0.06559729411161785
25,140.0,108.0,50180.0,50237.0,-57.0,50353.0,50382.0,-29.0,50644.0,50702.0,-58.0,4.0,4.016,-0.016000000000000014,1.8093,1.8093,0.0,0.7456896551724138,0.6236559139784946,0.12203374119391919
25,141.0,109.0,50644.0,50702.0,-58.0,50823.0,50840.0,-17.0,51124.0,51164.0,-40.0,3.76,3.664,0.09599999999999964,1.7677100000000001,1.8068300000000002,-0.039120000000000044,0.7458333333333333,0.5974025974025974,0.14843073593073597
25,142.0,110.0,51124.0,51164.0,-40.0,51285.0,51302.0,-17.0,51561.0,51594.0,-33.0,3.696,3.696,0.0,1.8655300000000001,1.8630900000000001,0.0024399999999999977,0.736842105263158,0.6418604651162791,0.09498164014687882
25,143.0,111.0,51561.0,51594.0,-33.0,51728.0,51738.0,-10.0,52010.0,52050.0,-40.0,3.544,3.488,0.05600000000000005,1.82152,1.8508600000000002,-0.029340000000000144,0.7438752783964365,0.631578947368421,0.1122963310280155
25,144.0,112.0,52010.0,52050.0,-40.0,52167.0,52191.0,-24.0,52468.0,52504.0,-36.0,3.512,3.624,-0.1120000000000001,2.11246,2.11246,0.0,0.685589519650655,0.6211453744493391,0.0644441452013158
25,145.0,113.0,52468.0,52504.0,-36.0,52619.0,52648.0,-29.0,52959.0,53005.0,-46.0,3.616,3.656,-0.040000000000000036,2.08312,2.08312,0.0,0.615071283095723,0.5748502994011976,0.040220983694525425
25,146.0,114.0,52959.0,53005.0,-46.0,53136.0,53148.0,-12.0,53442.0,53485.0,-43.0,4.136,4.0,0.13600000000000012,1.8411199999999999,1.83867,0.002449999999999841,0.7329192546583851,0.5958333333333333,0.13708592132505182
25,147.0,115.0,53442.0,53485.0,-43.0,53599.0,53629.0,-30.0,53944.0,53978.0,-34.0,3.704,3.848,-0.14399999999999968,2.0904499999999997,2.0904499999999997,0.0,0.6254980079681275,0.5841784989858012,0.04131950898232628
25,148.0,116.0,53944.0,53978.0,-34.0,54101.0,54126.0,-25.0,54445.0,54498.0,-53.0,4.016,3.976,0.040000000000000036,2.0733699999999997,2.0733699999999997,0.0,0.626746506986028,0.5692307692307692,0.057515737755258756
25,149.0,117.0,54445.0,54498.0,-53.0,54627.0,54648.0,-21.0,54967.0,55008.0,-41.0,4.208,4.176,0.03200000000000003,2.11983,2.10271,0.017119999999999802,0.6973180076628352,0.5882352941176471,0.10908271354518817
25,150.0,118.0,54967.0,55008.0,-41.0,55133.0,55156.0,-23.0,55487.0,55534.0,-47.0,4.048,4.064,-0.016000000000000014,1.91439,1.91684,-0.0024500000000000632,0.6384615384615384,0.5627376425855513,0.07572389587598716
25,151.0,119.0,55487.0,55534.0,-47.0,55665.0,55682.0,-17.0,55976.0,56019.0,-43.0,4.256,4.208,0.04800000000000004,1.95357,1.9731299999999998,-0.0195599999999998,0.7280163599182004,0.6103092783505155,0.11770708156768483
25,152.0,120.0,55976.0,56019.0,-43.0,56141.0,56161.0,-20.0,56437.0,56474.0,-37.0,3.808,3.832,-0.02400000000000002,2.10023,2.1149,-0.014670000000000183,0.7158351409978307,0.6241758241758242,0.09165931682200656
25,153.0,121.0,56437.0,56474.0,-37.0,56601.0,56614.0,-13.0,56917.0,56959.0,-42.0,3.68,3.624,0.05600000000000005,2.0684400000000003,2.0684400000000003,0.0,0.6833333333333333,0.5773195876288659,0.10601374570446742
25,154.0,122.0,56917.0,56959.0,-42.0,57083.0,57101.0,-18.0,57358.0,57391.0,-33.0,3.856,3.896,-0.040000000000000036,1.84839,1.86306,-0.01466999999999996,0.7528344671201814,0.6574074074074074,0.09542705971277399
25,155.0,123.0,57358.0,57391.0,-33.0,57515.0,57531.0,-16.0,57823.0,57873.0,-50.0,3.456,3.44,0.016000000000000014,1.63076,1.6381000000000001,-0.007340000000000124,0.6752688172043011,0.5809128630705394,0.09435595413376174
25,156.0,124.0,57823.0,57873.0,-50.0,57995.0,58018.0,-23.0,58322.0,58360.0,-38.0,3.84,3.896,-0.05600000000000005,1.95354,1.95354,0.0,0.6893787575150301,0.5954825462012321,0.093896211313798
25,157.0,125.0,58322.0,58360.0,-38.0,58485.0,58504.0,-19.0,58796.0,58825.0,-29.0,3.92,3.888,0.03200000000000003,1.99755,1.99755,0.0,0.6877637130801688,0.6193548387096774,0.06840887437049137
25,158.0,126.0,58796.0,58825.0,-29.0,58953.0,58976.0,-23.0,59277.0,59330.0,-53.0,3.744,3.776,-0.031999999999999584,1.9804199999999998,1.9804199999999998,0.0,0.6528066528066527,0.598019801980198,0.054786850826454736
25,159.0,127.0,59277.0,59330.0,-53.0,59451.0,59472.0,-21.0,59758.0,59802.0,-44.0,3.984,3.968,0.016000000000000014,1.8875199999999999,1.8875199999999999,0.0,0.7234927234927235,0.6016949152542372,0.1217978082384863
26,1.0,1.0,203.0,180.0,23.0,325.0,383.0,-58.0,549.0,500.0,49.0,,,,1.0,1.0,0.0,0.7052023121387283,0.73125,-0.02604768786127165
26,2.0,2.0,549.0,500.0,49.0,553.0,603.0,-50.0,750.0,704.0,46.0,1.824,1.76,0.06400000000000006,0.49951,1.0,-0.50049,0.03980099502487566,0.9901960784313726,-0.9503950834064969
26,3.0,3.0,750.0,704.0,46.0,805.0,795.0,10.0,923.0,964.0,-41.0,2.016,1.536,0.48,0.28837000000000007,0.76931,-0.48094,0.6358381502890174,0.7,-0.0641618497109826
26,5.0,5.0,1326.0,1293.0,33.0,1513.0,1547.0,-34.0,1632.0,1679.0,-47.0,3.824,3.504,0.31999999999999984,0.27273,0.27273,0.0,0.7777777777777778,0.6839378238341969,0.09383995394358091
26,6.0,6.0,1632.0,1679.0,-47.0,1793.0,1812.0,-19.0,2289.0,2337.0,-48.0,2.24,2.12,0.1200000000000001,1.0,1.0,0.0,0.4901065449010654,0.4042553191489362,0.08585122575212922
26,7.0,7.0,2289.0,2337.0,-48.0,2476.0,2490.0,-14.0,2726.0,2757.0,-31.0,5.464,5.424,0.040000000000000036,0.7263,0.7263,0.0,0.8558352402745996,0.7285714285714286,0.12726381170317091
26,8.0,8.0,2726.0,2757.0,-31.0,2889.0,2884.0,5.0,3203.0,3219.0,-16.0,3.304,3.152,0.1519999999999997,0.65103,0.65103,0.0,0.6834381551362683,0.5497835497835497,0.13365460535271856
26,9.0,9.0,3203.0,3219.0,-16.0,3385.0,3386.0,-1.0,3621.0,3749.0,-128.0,3.968,4.016,-0.04800000000000004,0.70968,0.70968,0.0,0.8708133971291866,0.6301886792452831,0.2406247178839035
26,11.0,10.0,3741.0,3749.0,-8.0,3883.0,3906.0,-23.0,4263.0,4285.0,-22.0,1.984,4.16,-2.176,0.70381,0.70381,0.0,0.5440613026819923,0.585820895522388,-0.041759592840395765
26,12.0,11.0,4263.0,4285.0,-22.0,4456.0,4440.0,16.0,4691.0,4684.0,7.0,4.584,4.272,0.3119999999999994,0.76539248,0.75464,0.010752480000000064,0.9018691588785047,0.7769423558897244,0.12492680298878034
26,13.0,12.0,4691.0,4684.0,7.0,4841.0,4838.0,3.0,5188.0,5208.0,-20.0,3.08,3.184,-0.10400000000000009,0.71945,0.71945,0.0,0.6036217303822937,0.5877862595419847,0.015835470840309007
26,14.0,13.0,5188.0,5208.0,-20.0,5421.0,5419.0,2.0,5583.0,5563.0,20.0,4.64,4.648,-0.008000000000000007,0.82405,0.809387,0.014662999999999982,0.8202531645569621,0.8112676056338028,0.00898555892315922
26,15.0,14.0,5583.0,5563.0,20.0,5747.0,5741.0,6.0,5886.0,5883.0,3.0,2.608,2.576,0.03200000000000003,0.708699,0.708699,0.0,0.9174917491749175,0.8875,0.029991749174917537
26,16.0,15.0,5886.0,5883.0,3.0,6044.0,6025.0,19.0,6275.0,6272.0,3.0,2.376,2.272,0.10400000000000009,0.8025370000000001,0.8025370000000001,0.0,0.8123393316195373,0.7300771208226221,0.0822622107969152
26,17.0,16.0,6275.0,6272.0,3.0,6417.0,6427.0,-10.0,6572.0,6717.0,-145.0,2.984,3.216,-0.2320000000000002,0.840669,0.91496,-0.074291,0.9562289562289562,0.696629213483146,0.2595997427458102
26,20.0,18.0,7147.0,7137.0,10.0,7279.0,7339.0,-60.0,7542.0,7524.0,18.0,2.96,2.928,0.03200000000000003,1.0,1.0,0.0,0.6683544303797468,0.9560723514211886,-0.2877179210414418
26,22.0,21.0,8259.0,8301.0,-42.0,8385.0,8425.0,-40.0,8584.0,8539.0,45.0,5.6,3.672,1.9279999999999995,1.0,1.0,0.0,0.7753846153846153,0.957983193277311,-0.18259857789269562
26,23.0,22.0,8584.0,8539.0,45.0,8656.0,8629.0,27.0,8703.0,8740.0,-37.0,2.168,1.632,0.5360000000000003,0.44379,0.69599,-0.2522,0.7899159663865546,0.8955223880597015,-0.10560642167314693
26,24.0,23.0,8703.0,8740.0,-37.0,8833.0,8860.0,-27.0,9158.0,9162.0,-4.0,1.416,1.848,-0.43200000000000016,1.0,1.0,0.0,0.5714285714285714,0.5687203791469194,0.0027081922816519777
26,25.0,24.0,9158.0,9162.0,-4.0,9283.0,9293.0,-10.0,9550.0,9584.0,-34.0,3.6,3.464,0.13600000000000012,0.81134,0.81134,0.0,0.6377551020408163,0.6208530805687205,0.01690202147209585
26,26.0,25.0,9550.0,9584.0,-34.0,9689.0,9711.0,-22.0,10075.0,10114.0,-39.0,3.248,3.344,-0.09599999999999964,0.77224,0.77224,0.0,0.5295238095238095,0.47924528301886793,0.05027852650494158
26,27.0,26.0,10075.0,10114.0,-39.0,10247.0,10280.0,-33.0,10561.0,10609.0,-48.0,4.464,4.552,-0.08799999999999919,0.68328,0.665685,0.017595000000000027,0.7078189300411523,0.6707070707070707,0.037111859334081565
26,28.0,27.0,10561.0,10609.0,-48.0,10755.0,10761.0,-6.0,10973.0,10937.0,36.0,4.064,3.848,0.2160000000000002,0.922775,0.9100670000000001,0.012707999999999942,0.941747572815534,0.926829268292683,0.014918304522851034
26,29.0,28.0,10973.0,10937.0,36.0,11001.0,11042.0,-41.0,11202.0,11214.0,-12.0,1.968,2.248,-0.28000000000000025,0.48484499999999997,0.48484499999999997,0.0,0.24454148471615722,0.7581227436823105,-0.5135812589661533
26,30.0,29.0,11202.0,11214.0,-12.0,11343.0,11373.0,-30.0,11490.0,11663.0,-173.0,2.736,2.648,0.08800000000000008,0.637339,0.69599,-0.05865100000000001,0.9791666666666666,0.7082405345211582,0.2709261321455084
26,32.0,30.0,11659.0,11663.0,-4.0,11797.0,11815.0,-18.0,12072.0,12082.0,-10.0,2.304,3.536,-1.2320000000000002,0.612907,0.6002,0.012707000000000024,0.6682808716707022,0.7255369928400954,-0.05725612116939327
26,33.0,31.0,12072.0,12082.0,-10.0,12255.0,12244.0,11.0,12523.0,12509.0,14.0,3.664,3.432,0.2320000000000002,0.79668,0.79668,0.0,0.811529933481153,0.7587822014051522,0.05274773207600081
26,34.0,32.0,12523.0,12509.0,14.0,12773.0,12774.0,-1.0,12942.0,12927.0,15.0,4.144,4.24,-0.09600000000000009,0.8533719999999999,0.8651019999999999,-0.011730000000000018,0.8066825775656324,0.7320574162679425,0.07462516129768992
26,35.0,33.0,12942.0,12927.0,15.0,13153.0,13130.0,23.0,13292.0,13270.0,22.0,3.04,2.848,0.19200000000000017,0.873899,0.873899,0.0,0.7942857142857143,0.8163265306122449,-0.022040816326530654
26,36.0,34.0,13292.0,13270.0,22.0,13509.0,13533.0,-24.0,13703.0,13682.0,21.0,2.848,3.224,-0.37600000000000033,1.0,1.0,0.0,0.9440389294403893,0.7233009708737864,0.22073795856660283
26,41.0,39.0,15374.0,15340.0,34.0,15593.0,15609.0,-16.0,15712.0,15732.0,-20.0,3.968,3.216,0.7519999999999998,0.9521,0.9521,0.0,0.7041420118343196,0.6275510204081632,0.07659099142615633
26,42.0,40.0,15712.0,15732.0,-20.0,15817.0,15852.0,-35.0,16108.0,16232.0,-124.0,1.792,1.944,-0.1519999999999999,1.0,1.0,0.0,0.5303030303030303,0.48,0.050303030303030294
26,44.0,41.0,16190.0,16232.0,-42.0,16309.0,16354.0,-45.0,16524.0,16642.0,-118.0,1.36,4.016,-2.6559999999999997,1.0,1.0,0.0,0.7125748502994012,0.5951219512195122,0.11745289907988898
26,46.0,42.0,16601.0,16642.0,-41.0,16723.0,16762.0,-39.0,16922.0,16882.0,40.0,1.36,3.264,-1.9039999999999997,1.0,1.0,0.0,0.7601246105919003,1.0,-0.23987538940809972
26,47.0,43.0,16922.0,16882.0,40.0,16961.0,16972.0,-11.0,17065.0,17088.0,-23.0,1.904,1.68,0.22399999999999998,0.57967,0.57967,0.0,0.5454545454545454,0.8737864077669903,-0.32833186231244493
26,48.0,44.0,17065.0,17088.0,-23.0,17200.0,17207.0,-7.0,17512.0,17543.0,-31.0,1.912,1.88,0.03200000000000003,0.81818,0.81818,0.0,0.6040268456375839,0.523076923076923,0.08094992256066091
26,49.0,45.0,17512.0,17543.0,-31.0,17649.0,17670.0,-21.0,17995.0,18026.0,-31.0,3.592,3.704,-0.1120000000000001,0.86901,0.86901,0.0,0.567287784679089,0.525879917184265,0.04140786749482406
26,50.0,46.0,17995.0,18026.0,-31.0,18143.0,18160.0,-17.0,18502.0,18520.0,-18.0,3.952,3.92,0.03200000000000003,0.66764,0.66764,0.0,0.5838264299802761,0.5425101214574899,0.04131630852278623
26,51.0,47.0,18502.0,18520.0,-18.0,18687.0,18673.0,14.0,18913.0,18931.0,-18.0,4.352,4.104,0.24800000000000022,0.67449,0.67449,0.0,0.9002433090024331,0.7445255474452555,0.15571776155717765
26,52.0,48.0,18913.0,18931.0,-18.0,19061.0,19070.0,-9.0,19422.0,19426.0,-4.0,2.992,3.176,-0.18400000000000016,0.66764,0.66764,0.0,0.581532416502947,0.5616161616161617,0.01991625488678528
26,53.0,49.0,19422.0,19426.0,-4.0,19565.0,19594.0,-29.0,19585.0,19916.0,-331.0,4.032,4.192,-0.16000000000000014,0.63832,0.66178,-0.023460000000000036,0.245398773006135,0.6857142857142857,-0.4403155127081507
26,55.0,50.0,19920.0,19916.0,4.0,20197.0,20194.0,3.0,20348.0,20331.0,17.0,4.008,4.8,-0.7919999999999998,0.9188675,0.9188675,0.0,0.705607476635514,0.6602409638554216,0.045366512780092405
26,56.0,51.0,20348.0,20331.0,17.0,20555.0,20561.0,-6.0,20717.0,20686.0,31.0,2.864,2.936,-0.07200000000000006,0.930596,0.946237,-0.015641000000000016,0.8780487804878049,0.704225352112676,0.17382342837512887
26,58.0,53.0,21134.0,21125.0,9.0,21243.0,21279.0,-36.0,21613.0,21603.0,10.0,2.96,2.552,0.4079999999999999,0.84653,0.84653,0.0,0.4551148225469729,0.6443514644351465,-0.18923664188817357
26,59.0,54.0,21613.0,21603.0,10.0,21878.0,21895.0,-17.0,22064.0,22044.0,20.0,5.08,4.928,0.15200000000000014,1.0,1.0,0.0,0.8248337028824834,0.6757369614512472,0.1490967414312362
26,60.0,55.0,22064.0,22044.0,20.0,22287.0,22304.0,-17.0,22475.0,22457.0,18.0,3.272,3.272,0.0,0.99413,0.99413,0.0,0.9148418491484185,0.7409200968523002,0.17392175229611828
26,61.0,56.0,22475.0,22457.0,18.0,22645.0,22694.0,-49.0,22870.0,22856.0,14.0,2.864,3.12,-0.2560000000000002,1.0,1.0,0.0,0.8607594936708861,0.8120300751879699,0.04872941848291623
26,62.0,57.0,22870.0,22856.0,14.0,23001.0,23036.0,-35.0,23313.0,23297.0,16.0,2.848,2.736,0.11199999999999966,1.0,1.0,0.0,0.5914221218961626,0.8163265306122449,-0.2249044087160823
26,63.0,58.0,23313.0,23297.0,16.0,23481.0,23522.0,-41.0,23696.0,23678.0,18.0,3.84,3.888,-0.04800000000000004,1.0,1.0,0.0,0.877284595300261,0.8188976377952756,0.05838695750498546
26,65.0,60.0,24088.0,24071.0,17.0,24229.0,24287.0,-58.0,24457.0,24441.0,16.0,3.088,2.96,0.1280000000000001,1.0,1.0,0.0,0.7642276422764227,0.8324324324324324,-0.06820479015600966
26,67.0,62.0,24904.0,24890.0,14.0,25096.0,25117.0,-21.0,25289.0,25253.0,36.0,4.136,3.064,1.072,0.9902248,1.0,-0.009775199999999984,0.9974025974025974,0.7493112947658402,0.24809130263675716
26,71.0,66.0,26473.0,26452.0,21.0,26667.0,26717.0,-50.0,26886.0,26866.0,20.0,3.984,3.312,0.6720000000000002,1.0,1.0,0.0,0.9394673123486683,0.7198067632850241,0.21966054906364418
26,76.0,69.0,28145.0,28184.0,-39.0,28265.0,28310.0,-45.0,28510.0,28560.0,-50.0,2.976,2.856,0.1200000000000001,1.0,1.0,0.0,0.6575342465753424,0.6702127659574468,-0.012678519382104403
26,77.0,70.0,28510.0,28560.0,-50.0,28631.0,28671.0,-40.0,28855.0,28800.0,55.0,2.928,2.888,0.040000000000000036,1.0,1.0,0.0,0.7014492753623188,0.925,-0.22355072463768122
26,81.0,71.0,29770.0,29818.0,-48.0,29909.0,29950.0,-41.0,30254.0,30297.0,-43.0,1.152,1.792,-0.6400000000000001,1.0,1.0,0.0,0.5743801652892562,0.5511482254697286,0.023231939819527536
26,82.0,72.0,30254.0,30297.0,-43.0,30381.0,30426.0,-45.0,30771.0,30817.0,-46.0,3.776,3.808,-0.03200000000000003,1.0,1.0,0.0,0.4912959381044487,0.49615384615384617,-0.0048579080493974525
26,83.0,73.0,30771.0,30817.0,-46.0,30907.0,30948.0,-41.0,31106.0,31143.0,-37.0,4.208,4.176,0.03200000000000003,1.0,1.0,0.0,0.8119402985074626,0.803680981595092,0.008259316912370585
26,84.0,74.0,31106.0,31143.0,-37.0,31221.0,31276.0,-55.0,31507.0,31552.0,-45.0,2.512,2.624,-0.1120000000000001,1.0,1.0,0.0,0.57356608478803,0.6503667481662592,-0.07680066337822922
26,85.0,75.0,31507.0,31552.0,-45.0,31665.0,31702.0,-37.0,32005.0,32047.0,-42.0,3.552,3.408,0.14400000000000013,0.983382,0.9970675,-0.013685500000000017,0.6345381526104418,0.6060606060606061,0.028477546549835697
26,86.0,76.0,32005.0,32047.0,-42.0,32151.0,32194.0,-43.0,32518.0,32555.0,-37.0,3.888,3.936,-0.04800000000000004,1.0,1.0,0.0,0.5692007797270955,0.578740157480315,-0.009539377753219558
26,87.0,77.0,32518.0,32555.0,-37.0,32663.0,32704.0,-41.0,33095.0,33135.0,-40.0,4.096,4.08,0.016000000000000014,1.0,1.0,0.0,0.5025996533795494,0.5137931034482759,-0.011193450068726518
26,88.0,78.0,33095.0,33135.0,-40.0,33260.0,33277.0,-17.0,33523.0,33486.0,37.0,4.776,4.584,0.19200000000000017,1.0,1.0,0.0,0.7710280373831776,0.809116809116809,-0.038088771733631455
26,89.0,79.0,33523.0,33486.0,37.0,33567.0,33597.0,-30.0,33656.0,33707.0,-51.0,2.456,2.56,-0.10400000000000009,0.10752,0.188659,-0.08113899999999999,0.6616541353383458,0.995475113122172,-0.33382097778382613
26,90.0,80.0,33656.0,33707.0,-51.0,33819.0,33863.0,-44.0,34145.0,34186.0,-41.0,2.016,2.128,-0.1120000000000001,0.916911,1.0,-0.08308899999999997,0.6666666666666667,0.651356993736952,0.015309672929714746
26,91.0,81.0,34145.0,34186.0,-41.0,34277.0,34322.0,-45.0,34591.0,34633.0,-42.0,3.664,3.672,-0.008000000000000007,1.0,1.0,0.0,0.5919282511210762,0.6085011185682326,-0.01657286744715647
26,92.0,82.0,34591.0,34633.0,-42.0,34731.0,34771.0,-40.0,35117.0,35156.0,-39.0,3.632,3.592,0.040000000000000036,1.0,1.0,0.0,0.532319391634981,0.5277246653919694,0.004594726243011604
26,93.0,83.0,35117.0,35156.0,-39.0,35249.0,35285.0,-36.0,35598.0,35779.0,-181.0,4.144,4.112,0.03200000000000003,1.0,1.0,0.0,0.5488565488565489,0.4141252006420546,0.13473134821449428
26,94.0,84.0,35598.0,35779.0,-181.0,35911.0,35924.0,-13.0,36233.0,36279.0,-46.0,5.296,5.112,0.18400000000000016,0.926686,0.970674,-0.04398800000000003,0.9858267716535433,0.5800000000000001,0.4058267716535432
26,95.0,85.0,36233.0,36279.0,-46.0,36392.0,36408.0,-16.0,36726.0,36778.0,-52.0,3.848,3.872,-0.02400000000000002,0.907134,0.904202,0.0029320000000000457,0.6450304259634889,0.5170340681362726,0.1279963578272163
26,96.0,86.0,36726.0,36778.0,-52.0,36891.0,36926.0,-35.0,37250.0,37299.0,-49.0,3.992,4.144,-0.15200000000000014,0.982405,0.982405,0.0,0.6297709923664122,0.5681381957773513,0.061632796589060956
26,97.0,87.0,37250.0,37299.0,-49.0,37395.0,37442.0,-47.0,37776.0,37960.0,-184.0,4.032,4.128,-0.09600000000000009,0.9970675,0.9970675,0.0,0.5513307984790874,0.43267776096822996,0.11865303751085743
26,98.0,88.0,37776.0,37960.0,-184.0,38079.0,38093.0,-14.0,38401.0,38533.0,-132.0,5.472,5.208,0.26400000000000023,0.839684,0.839684,0.0,0.9696,0.4642233856893543,0.5053766143106457
26,100.0,89.0,38481.0,38533.0,-52.0,38652.0,38668.0,-16.0,38965.0,39159.0,-194.0,1.624,4.6,-2.9759999999999995,0.542524,0.591399,-0.048875,0.7066115702479339,0.4313099041533547,0.2753016660945792
26,102.0,90.0,39106.0,39159.0,-53.0,39281.0,39296.0,-15.0,39568.0,39665.0,-97.0,1.616,5.024,-3.408,0.700879,0.700879,0.0,0.7575757575757576,0.541501976284585,0.2160737812911726
26,104.0,91.0,39617.0,39665.0,-48.0,39790.0,39806.0,-16.0,40051.0,40076.0,-25.0,1.48,4.08,-2.6,0.795699,0.795699,0.0,0.7972350230414746,0.6861313868613139,0.11110363618016073
26,105.0,92.0,40051.0,40076.0,-25.0,40196.0,40193.0,3.0,40353.0,40401.0,-48.0,3.248,3.096,0.15200000000000014,0.713589,0.695994,0.017595000000000027,0.9602649006622517,0.72,0.2402649006622517
26,106.0,93.0,40353.0,40401.0,-48.0,40491.0,40525.0,-34.0,40826.0,40857.0,-31.0,2.36,2.656,-0.29600000000000026,0.9071359999999999,1.0,-0.09286400000000006,0.5835095137420718,0.543859649122807,0.039649864619264785
26,107.0,94.0,40826.0,40857.0,-31.0,40961.0,40988.0,-27.0,41271.0,41307.0,-36.0,3.76,3.704,0.055999999999999606,1.0,1.0,0.0,0.6067415730337078,0.5822222222222222,0.024519350811485596
26,108.0,95.0,41271.0,41307.0,-36.0,41395.0,41427.0,-32.0,41852.0,41897.0,-45.0,3.472,3.512,-0.040000000000000036,1.0,1.0,0.0,0.4268502581755593,0.4067796610169492,0.02007059715861015
26,109.0,96.0,41852.0,41897.0,-45.0,41997.0,42040.0,-43.0,42364.0,42418.0,-54.0,4.816,4.904,-0.08800000000000008,1.0,1.0,0.0,0.56640625,0.5489443378119002,0.017461912188099782
26,110.0,97.0,42364.0,42418.0,-54.0,42529.0,42553.0,-24.0,42856.0,42899.0,-43.0,4.256,4.104,0.15200000000000014,1.0,1.0,0.0,0.6707317073170731,0.5613305613305613,0.10940114598651185
26,111.0,98.0,42856.0,42899.0,-43.0,43005.0,43024.0,-19.0,43281.0,43344.0,-63.0,3.808,3.768,0.040000000000000036,0.74389,0.74389,0.0,0.7011764705882353,0.5617977528089888,0.13937871777924649
26,112.0,99.0,43281.0,43344.0,-63.0,43502.0,43471.0,31.0,43507.0,43558.0,-51.0,3.976,3.576,0.3999999999999999,0.299119,0.32355740000000005,-0.024438400000000027,0.04424778761061943,0.8130841121495327,-0.7688363245389133
26,113.0,100.0,43507.0,43558.0,-51.0,43671.0,43690.0,-19.0,44048.0,44096.0,-48.0,1.352,1.752,-0.3999999999999999,0.8846573999999999,0.8846573999999999,0.0,0.6062846580406654,0.49070631970260226,0.11557833833806319
26,114.0,101.0,44048.0,44096.0,-48.0,44231.0,44248.0,-17.0,44614.0,44622.0,-8.0,4.48,4.464,0.016000000000000014,0.8651075,0.8651075,0.0,0.646643109540636,0.5779467680608366,0.06869634147979942
26,115.0,102.0,44614.0,44622.0,-8.0,44771.0,44778.0,-7.0,45006.0,45021.0,-15.0,4.32,4.24,0.08000000000000007,0.698922,0.700877,-0.001954999999999929,0.8010204081632653,0.7819548872180451,0.019065520945220182
26,116.0,103.0,45006.0,45021.0,-15.0,45129.0,45164.0,-35.0,45269.0,45299.0,-30.0,2.864,3.088,-0.2240000000000002,0.7458469999999999,0.699904,0.045942999999999956,0.935361216730038,0.9712230215827338,-0.035861804852695744
26,117.0,104.0,45269.0,45299.0,-30.0,45387.0,45419.0,-32.0,45653.0,45664.0,-11.0,2.064,2.04,0.02400000000000002,0.80352,0.80352,0.0,0.6145833333333333,0.6575342465753424,-0.04295091324200917
26,118.0,105.0,45653.0,45664.0,-11.0,45781.0,45799.0,-18.0,46011.0,46054.0,-43.0,3.152,3.04,0.1120000000000001,0.7614875,0.76442,-0.0029325000000000045,0.7150837988826816,0.6923076923076923,0.022776106574989297
26,119.0,106.0,46011.0,46054.0,-43.0,46133.0,46175.0,-42.0,46381.0,46429.0,-48.0,2.816,3.008,-0.19200000000000017,1.0,1.0,0.0,0.6594594594594594,0.6453333333333333,0.01412612612612607
26,120.0,107.0,46381.0,46429.0,-48.0,46505.0,46548.0,-43.0,46750.0,46798.0,-48.0,2.976,2.984,-0.008000000000000007,1.0,1.0,0.0,0.6720867208672087,0.6449864498644986,0.027100271002710064
26,121.0,108.0,46750.0,46798.0,-48.0,46877.0,46923.0,-46.0,47140.0,47189.0,-49.0,2.976,3.0,-0.02400000000000002,1.0,1.0,0.0,0.6512820512820513,0.639386189258312,0.011895862023739268
26,122.0,109.0,47140.0,47189.0,-49.0,47279.0,47321.0,-42.0,47643.0,47690.0,-47.0,3.216,3.184,0.03200000000000003,1.0,1.0,0.0,0.5526838966202783,0.5269461077844311,0.02573778883584721
26,123.0,110.0,47643.0,47690.0,-47.0,47789.0,47835.0,-46.0,48063.0,48019.0,44.0,4.08,4.112,-0.03200000000000003,1.0,1.0,0.0,0.6952380952380952,0.8814589665653495,-0.1862208713272543
26,124.0,112.0,48063.0,48245.0,-182.0,48357.0,48384.0,-27.0,48681.0,48719.0,-38.0,4.544,1.816,2.7279999999999998,0.968719,0.967742,0.0009770000000000056,0.9514563106796117,0.5864978902953586,0.3649584203842531
26,125.0,113.0,48681.0,48719.0,-38.0,48815.0,48855.0,-40.0,49121.0,49165.0,-44.0,3.664,3.768,-0.10399999999999965,1.0,1.0,0.0,0.6090909090909091,0.6098654708520179,-0.000774561761108794
26,126.0,114.0,49121.0,49165.0,-44.0,49277.0,49295.0,-18.0,49656.0,49609.0,47.0,3.696,3.52,0.17600000000000016,0.86804,0.86804,0.0,0.5831775700934579,0.5855855855855856,-0.0024080154921276575
26,128.0,115.0,49860.0,49609.0,251.0,50159.0,50146.0,13.0,50194.0,50241.0,-47.0,2.84,6.808,-3.968,0.19843999999999998,0.25512999999999997,-0.05668999999999999,0.20958083832335328,0.3006329113924051,-0.09105207306905183
26,129.0,116.0,50194.0,50241.0,-47.0,50339.0,50366.0,-27.0,50672.0,50921.0,-249.0,1.44,1.76,-0.32000000000000006,0.5376299999999999,0.579666,-0.04203600000000007,0.606694560669456,0.36764705882352944,0.2390475018459266
26,131.0,117.0,50820.0,50921.0,-101.0,51039.0,51062.0,-23.0,51394.0,51527.0,-133.0,2.752,5.568,-2.816,0.709681,0.7927699,-0.08308890000000002,0.7630662020905923,0.4653465346534653,0.29771966743712697
26,133.0,118.0,51503.0,51527.0,-24.0,51660.0,51673.0,-13.0,51772.0,51908.0,-136.0,1.712,4.888,-3.176,0.7282499,0.674486,0.053763899999999976,0.8327137546468402,0.7664041994750657,0.0663095551717745
26,135.0,119.0,51914.0,51908.0,6.0,52032.0,52040.0,-8.0,52167.0,52132.0,35.0,1.832,2.936,-1.1039999999999999,0.5826,0.6011799999999999,-0.01857999999999993,0.9328063241106719,0.8214285714285714,0.11137775268210048
26,137.0,120.0,52319.0,52336.0,-17.0,52435.0,52469.0,-34.0,52741.0,52782.0,-41.0,1.952,3.432,-1.48,1.0,1.0,0.0,0.5497630331753555,0.5964125560538116,-0.04664952287845614
26,138.0,121.0,52741.0,52782.0,-41.0,52913.0,52922.0,-9.0,53057.0,53191.0,-134.0,3.824,3.624,0.19999999999999973,0.98143,0.98143,0.0,0.9113924050632911,0.684596577017115,0.22679582804617615
26,140.0,122.0,53187.0,53191.0,-4.0,53305.0,53321.0,-16.0,53646.0,53642.0,4.0,1.944,3.192,-1.2480000000000002,1.0,1.0,0.0,0.514161220043573,0.5764966740576496,-0.062335454014076586
26,141.0,123.0,53646.0,53642.0,4.0,53775.0,53807.0,-32.0,54061.0,54089.0,-28.0,3.76,3.888,-0.1280000000000001,0.69208,0.69208,0.0,0.6216867469879518,0.738255033557047,-0.11656828656909524
26,142.0,124.0,54061.0,54089.0,-28.0,54188.0,54213.0,-25.0,54493.0,54503.0,-10.0,3.304,3.248,0.055999999999999606,0.9521,0.9521,0.0,0.587962962962963,0.5990338164251208,-0.011070853462157748
26,143.0,125.0,54493.0,54503.0,-10.0,54615.0,54636.0,-21.0,54905.0,54941.0,-36.0,3.416,3.384,0.03200000000000003,0.62659,0.62659,0.0,0.5922330097087378,0.6073059360730594,-0.01507292636432156
26,144.0,126.0,54905.0,54941.0,-36.0,55079.0,55082.0,-3.0,55349.0,55336.0,13.0,3.712,3.568,0.14400000000000013,0.84848,0.84848,0.0,0.7837837837837838,0.7139240506329114,0.06985973315087235
26,145.0,127.0,55349.0,55336.0,13.0,55501.0,55479.0,22.0,55758.0,55762.0,-4.0,3.376,3.176,0.19999999999999973,0.6070420000000001,0.6070420000000001,0.0,0.7432762836185819,0.6713615023474178,0.07191478127116413
26,146.0,128.0,55758.0,55762.0,-4.0,55908.0,55921.0,-13.0,56101.0,56122.0,-21.0,3.256,3.536,-0.28000000000000025,0.647111,0.640269,0.006842000000000015,0.8746355685131195,0.8833333333333333,-0.008697764820213782
26,147.0,129.0,56101.0,56122.0,-21.0,56219.0,56248.0,-29.0,56576.0,56591.0,-15.0,2.488,2.616,-0.1280000000000001,0.70577,0.70577,0.0,0.49684210526315786,0.5373134328358209,-0.04047132757266303
26,148.0,130.0,56576.0,56591.0,-15.0,56742.0,56752.0,-10.0,57016.0,57018.0,-2.0,4.184,4.032,0.15200000000000014,0.70674,0.70674,0.0,0.7545454545454545,0.7540983606557377,0.00044709388971686526
26,149.0,131.0,57016.0,57018.0,-2.0,57237.0,57201.0,36.0,57456.0,57451.0,5.0,3.96,3.592,0.3679999999999999,0.77908,0.77908,0.0,0.9954545454545455,0.8452655889145496,0.15018895653999587
26,151.0,133.0,57887.0,57884.0,3.0,58055.0,58070.0,-15.0,58365.0,58347.0,18.0,3.232,2.776,0.4560000000000004,0.77517,0.77517,0.0,0.7029288702928871,0.8034557235421167,-0.10052685324922961
26,152.0,134.0,58365.0,58347.0,18.0,58650.0,58652.0,-2.0,58812.0,58800.0,12.0,4.76,4.656,0.10400000000000009,0.84848,0.84848,0.0,0.7248322147651007,0.6534216335540839,0.07141058121101684
26,154.0,136.0,59217.0,59201.0,16.0,59357.0,59388.0,-31.0,59590.0,59624.0,-34.0,3.104,2.728,0.3759999999999999,0.922776,1.0,-0.07722399999999996,0.7506702412868633,0.884160756501182,-0.13349051521431865
27,2.0,1.0,629.0,595.0,34.0,1051.0,1036.0,15.0,1294.0,1263.0,31.0,5.376,4.792,0.5840000000000005,0.273786,0.302912,-0.02912600000000004,0.7308270676691729,0.6796407185628742,0.05118634910629871
27,3.0,2.0,1294.0,1263.0,31.0,1690.0,1719.0,-29.0,1912.0,1884.0,28.0,5.112,5.464,-0.3520000000000003,0.308742,0.308742,0.0,0.7184466019417476,0.5314009661835748,0.1870456357581728
27,4.0,3.0,1912.0,1884.0,28.0,2175.0,2179.0,-4.0,2581.0,2472.0,109.0,3.88,3.68,0.19999999999999973,0.30679900000000004,0.30679900000000004,0.0,0.7862481315396114,0.9965986394557823,-0.21035050791617094
27,5.0,4.0,2581.0,2472.0,109.0,2933.0,2934.0,-1.0,3236.0,3201.0,35.0,6.064,6.04,0.02400000000000002,0.26991,0.26991,0.0,0.9251908396946564,0.7325102880658436,0.1926805516288128
27,6.0,5.0,3236.0,3201.0,35.0,3636.0,3615.0,21.0,3917.0,3893.0,24.0,5.624,5.448,0.17599999999999927,0.33204,0.34952,-0.017479999999999996,0.8252569750367107,0.8034682080924855,0.021788766944225157
27,7.0,6.0,3917.0,3893.0,24.0,4315.0,4333.0,-18.0,4545.0,4506.0,39.0,5.432,5.744,-0.3119999999999994,0.33009,0.33009,0.0,0.7324840764331211,0.564437194127243,0.16804688230587805
27,8.0,7.0,4545.0,4506.0,39.0,4935.0,4912.0,23.0,5233.0,5202.0,31.0,4.96,4.632,0.3280000000000003,0.31068,0.31068,0.0,0.8662790697674418,0.8333333333333334,0.032945736434108475
27,11.0,10.0,6611.0,6598.0,13.0,6973.0,7013.0,-40.0,7381.0,7350.0,31.0,5.296,5.08,0.2160000000000002,0.3165,0.3165,0.0,0.9402597402597402,0.8962765957446809,0.04398314451505936
27,12.0,11.0,7381.0,7350.0,31.0,7837.0,7900.0,-63.0,8103.0,8063.0,40.0,6.912,7.096,-0.18400000000000016,0.30291,0.30485,-0.0019399999999999973,0.736842105263158,0.4572230014025246,0.2796191038606334
27,13.0,12.0,8103.0,8063.0,40.0,8495.0,8522.0,-27.0,8743.0,8709.0,34.0,5.264,4.976,0.28800000000000026,0.275729,0.275729,0.0,0.775,0.5789473684210527,0.19605263157894737
27,14.0,13.0,8743.0,8709.0,34.0,9111.0,9134.0,-23.0,9413.0,9381.0,32.0,4.928,4.896,0.03200000000000003,0.28154999999999997,0.28154999999999997,0.0,0.9014925373134328,0.7351190476190477,0.16637348969438515
27,16.0,14.0,9650.0,9381.0,269.0,9843.0,9863.0,-20.0,10066.0,10034.0,32.0,1.632,5.832,-4.2,0.27573000000000003,0.27767,-0.0019399999999999418,0.9278846153846154,0.5237366003062787,0.40414801507833675
27,17.0,15.0,10066.0,10034.0,32.0,10440.0,10455.0,-15.0,10744.0,10708.0,36.0,4.776,4.736,0.040000000000000036,0.33204,0.33204,0.0,0.8967551622418879,0.7507418397626113,0.14601332247927656
27,19.0,16.0,11011.0,10708.0,303.0,11140.0,11159.0,-19.0,11455.0,11432.0,23.0,1.352,5.632,-4.279999999999999,0.32621,0.32621,0.0,0.5810810810810811,0.7541436464088398,-0.17306256532775866
27,20.0,17.0,11455.0,11432.0,23.0,11798.0,11768.0,30.0,12089.0,12055.0,34.0,5.264,4.872,0.39200000000000035,0.31845,0.33398,-0.015529999999999988,0.917981072555205,0.9213483146067416,-0.003367242051536601
27,21.0,18.0,12089.0,12055.0,34.0,12499.0,12492.0,7.0,12781.0,12749.0,32.0,5.608,5.792,-0.18400000000000016,0.300972,0.306797,-0.005824999999999969,0.815028901734104,0.7406340057636888,0.07439489597041526
27,22.0,19.0,12781.0,12749.0,32.0,13179.0,13178.0,1.0,13487.0,13462.0,25.0,5.44,5.488,-0.04800000000000004,0.2932,0.2932,0.0,0.8725212464589235,0.7966339410939691,0.07588730536495436
27,24.0,21.0,14199.0,14167.0,32.0,14619.0,14611.0,8.0,14868.0,14839.0,29.0,5.472,4.856,0.6160000000000005,0.277668,0.289319,-0.011650999999999967,0.7443946188340806,0.6785714285714286,0.06582319026265204
27,25.0,22.0,14868.0,14839.0,29.0,15279.0,15271.0,8.0,15557.0,15517.0,40.0,5.28,5.28,0.0,0.25242,0.25242,0.0,0.806966618287373,0.7256637168141593,0.08130290147321373
27,26.0,23.0,15557.0,15517.0,40.0,16010.0,16002.0,8.0,16356.0,16325.0,31.0,5.848,5.848,0.0,0.264082,0.264082,0.0,0.8660826032540676,0.7995049504950495,0.06657765275901806
27,27.0,24.0,16356.0,16325.0,31.0,16822.0,16847.0,-25.0,17056.0,17011.0,45.0,6.496,6.76,-0.26399999999999935,0.23106700000000002,0.23106700000000002,0.0,0.6685714285714286,0.47813411078717205,0.19043731778425654
27,31.0,26.0,18051.0,17718.0,333.0,18199.0,18254.0,-55.0,18443.0,18401.0,42.0,2.064,5.6,-3.5359999999999996,0.20194,0.20194,0.0,0.7551020408163265,0.4304538799414348,0.3246481608748917
27,33.0,27.0,18695.0,18401.0,294.0,18873.0,18904.0,-31.0,19104.0,19065.0,39.0,1.776,5.2,-3.4240000000000004,0.18446200000000001,0.18446200000000001,0.0,0.8704156479217604,0.4849397590361446,0.3854758888856158
27,34.0,28.0,19104.0,19065.0,39.0,19377.0,19366.0,11.0,19514.0,19732.0,-218.0,4.032,3.696,0.33599999999999985,0.180586,0.211654,-0.031068000000000012,0.6682926829268292,0.9025487256371814,-0.23425604271035216
27,36.0,29.0,19760.0,19732.0,28.0,20171.0,20150.0,21.0,20429.0,20398.0,31.0,4.44,6.272,-1.8319999999999999,0.227184,0.227184,0.0,0.7713004484304933,0.7447447447447447,0.026555703685748555
27,37.0,30.0,20429.0,20398.0,31.0,20855.0,20856.0,-1.0,21182.0,21138.0,44.0,5.472,5.648,-0.17599999999999927,0.192228,0.192228,0.0,0.8685258964143426,0.7621621621621621,0.10636373425218049
27,39.0,31.0,21505.0,21138.0,367.0,21606.0,21617.0,-11.0,21797.0,21765.0,32.0,1.408,6.088,-4.68,0.19417,0.19417,0.0,0.6917808219178082,0.47208931419457734,0.21969150772323087
27,41.0,32.0,22087.0,21765.0,322.0,22204.0,22248.0,-44.0,22434.0,22399.0,35.0,2.024,5.048,-3.024,0.176699,0.19223,-0.015531000000000017,0.6743515850144093,0.4763406940063092,0.1980108910081001
27,51.0,33.0,22724.0,22399.0,325.0,22875.0,22891.0,-16.0,23079.0,23049.0,30.0,1.216,5.144,-3.928,0.20193899999999998,0.20193899999999998,0.0,0.8507042253521127,0.48615384615384616,0.3645503791982665
27,53.0,34.0,23365.0,23049.0,316.0,23474.0,23522.0,-48.0,23719.0,23689.0,30.0,1.208,5.048,-3.84,0.238838,0.24466300000000002,-0.005825000000000025,0.615819209039548,0.521875,0.09394420903954803
27,55.0,35.0,23979.0,23689.0,290.0,24145.0,24162.0,-17.0,24386.0,24355.0,31.0,1.656,5.12,-3.4640000000000004,0.227182,0.244658,-0.01747599999999999,0.8157248157248157,0.5795795795795795,0.2361452361452362
27,56.0,36.0,24386.0,24355.0,31.0,24532.0,24588.0,-56.0,24723.0,25005.0,-282.0,3.096,3.408,-0.31199999999999983,0.176701,0.23884,-0.062139,0.8664688427299703,0.716923076923077,0.14954576580689327
27,58.0,37.0,25045.0,25005.0,40.0,25512.0,25533.0,-21.0,25734.0,25831.0,-97.0,5.816,7.56,-1.7439999999999998,0.254372,0.31650999999999996,-0.06213799999999997,0.6444121915820029,0.7215496368038741,-0.07713744522187116
27,59.0,38.0,25734.0,25831.0,-97.0,26103.0,26137.0,-34.0,26476.0,26438.0,38.0,4.728,4.832,-0.10400000000000009,0.30486,0.30291999999999997,0.0019400000000000528,0.9946091644204852,0.9917627677100495,0.002846396710435739
27,61.0,39.0,26750.0,26438.0,312.0,26947.0,27002.0,-55.0,27195.0,27168.0,27.0,1.784,6.92,-5.136,0.25631000000000004,0.25631000000000004,0.0,0.8853932584269663,0.4547945205479452,0.43059873787902103
27,62.0,40.0,27195.0,27168.0,27.0,27631.0,27647.0,-16.0,27844.0,27802.0,42.0,5.472,5.16,0.3120000000000003,0.21165,0.23689,-0.025239999999999985,0.6563944530046225,0.48895899053627756,0.16743546246834495
27,64.0,41.0,28125.0,27802.0,323.0,28258.0,28257.0,1.0,28551.0,28517.0,34.0,1.384,4.88,-3.496,0.26990000000000003,0.26990000000000003,0.0,0.6244131455399061,0.7272727272727273,-0.10285958173282117
27,73.0,42.0,28881.0,28517.0,364.0,29008.0,29018.0,-10.0,29221.0,29178.0,43.0,1.032,6.088,-5.056,0.258256,0.26796,-0.00970399999999999,0.7470588235294118,0.4841149773071104,0.2629438462223014
27,74.0,43.0,29221.0,29178.0,43.0,29611.0,29608.0,3.0,29932.0,29915.0,17.0,4.824,4.72,0.10400000000000009,0.304854,0.304854,0.0,0.9029535864978903,0.8331071913161465,0.06984639518174374
27,75.0,44.0,29932.0,29915.0,17.0,30373.0,30397.0,-24.0,30594.0,30562.0,32.0,6.096,6.312,-0.2160000000000002,0.22912700000000003,0.234952,-0.005824999999999969,0.6676737160120846,0.5100463678516229,0.15762734816046164
27,80.0,46.0,31522.0,31231.0,291.0,31669.0,31705.0,-36.0,31890.0,31857.0,33.0,1.376,5.288,-3.9120000000000004,0.227187,0.225246,0.0019409999999999983,0.7989130434782609,0.48562300319488816,0.3132900402833727
27,81.0,47.0,31890.0,31857.0,33.0,32403.0,32398.0,5.0,32588.0,32553.0,35.0,5.872,5.544,0.3280000000000003,0.26796,0.287377,-0.019417000000000018,0.5300859598853869,0.4454022988505747,0.08468366103481217
27,82.0,48.0,32588.0,32553.0,35.0,32955.0,32998.0,-43.0,33369.0,33338.0,31.0,4.416,4.8,-0.38399999999999945,0.29515,0.29515,0.0,0.939820742637644,0.8662420382165605,0.0735787044210835
27,84.0,49.0,33674.0,33338.0,336.0,33783.0,33787.0,-4.0,34096.0,34067.0,29.0,1.144,6.312,-5.168,0.24271700000000002,0.24465900000000002,-0.0019419999999999993,0.5165876777251185,0.7681755829903978,-0.2515879052652793
27,85.0,50.0,34096.0,34067.0,29.0,34331.0,34338.0,-7.0,34488.0,34859.0,-371.0,4.384,4.408,-0.02400000000000002,0.25437,0.31651,-0.06214000000000003,0.8010204081632653,0.6843434343434344,0.11667697381983089
27,87.0,51.0,34869.0,34859.0,10.0,35241.0,35259.0,-18.0,35382.0,35730.0,-348.0,5.232,7.368,-2.136,0.37475,0.39805999999999997,-0.023309999999999942,0.5497076023391814,0.9184845005740528,-0.3687768982348715
27,89.0,52.0,35723.0,35730.0,-7.0,36069.0,36075.0,-6.0,36449.0,36410.0,39.0,4.696,6.528,-1.8319999999999999,0.21941,0.21941,0.0,0.953168044077135,0.9852941176470589,-0.03212607356992392
27,90.0,53.0,36449.0,36410.0,39.0,36731.0,36719.0,12.0,36764.0,37126.0,-362.0,5.296,5.152,0.14400000000000013,0.20776300000000003,0.26019000000000003,-0.052427,0.20952380952380956,0.8631284916201117,-0.6536046820963022
27,92.0,54.0,37159.0,37126.0,33.0,37346.0,37387.0,-41.0,37797.0,37753.0,44.0,3.784,5.344,-1.5600000000000005,0.234956,0.234956,0.0,0.5862068965517242,0.8325358851674641,-0.24632898861573993
27,95.0,55.0,38210.0,37753.0,457.0,38413.0,38371.0,42.0,38536.0,38506.0,30.0,2.68,7.872,-5.192,0.196114,0.196114,0.0,0.754601226993865,0.35856573705179284,0.39603548994207216
27,97.0,56.0,38876.0,38506.0,370.0,39023.0,39058.0,-35.0,39237.0,39199.0,38.0,2.048,5.496,-3.4480000000000004,0.20388499999999998,0.24659999999999999,-0.042715,0.814404432132964,0.4069264069264069,0.40747802520655707
27,101.0,58.0,40307.0,40101.0,206.0,40471.0,40500.0,-29.0,40724.0,40766.0,-42.0,1.832,5.584,-3.752,0.211648,0.221357,-0.009708999999999995,0.7865707434052758,0.8,-0.01342925659472427
27,102.0,59.0,40724.0,40766.0,-42.0,41101.0,41091.0,10.0,41375.0,41355.0,20.0,5.04,4.728,0.3120000000000003,0.219416,0.219416,0.0,0.8417818740399385,0.8964346349745331,-0.05465276093459459
27,103.0,60.0,41375.0,41355.0,20.0,41672.0,41639.0,33.0,42093.0,42055.0,38.0,4.568,4.384,0.18399999999999928,0.38251999999999997,0.37087,0.011649999999999994,0.8272980501392757,0.8114285714285714,0.01586947871070432
27,104.0,61.0,42093.0,42055.0,38.0,42365.0,42347.0,18.0,42502.0,42820.0,-318.0,5.544,5.664,-0.1200000000000001,0.223297,0.28542999999999996,-0.062132999999999966,0.6699266503667481,0.7633986928104575,-0.09347204244370932
27,106.0,62.0,42848.0,42820.0,28.0,43155.0,43127.0,28.0,43523.0,43490.0,33.0,5.088,6.24,-1.1520000000000001,0.291261,0.304853,-0.013591999999999993,0.9096296296296297,0.9164179104477612,-0.006788280818131542
27,108.0,63.0,43817.0,43490.0,327.0,43921.0,43914.0,7.0,44262.0,44308.0,-46.0,0.944,6.296,-5.352,0.31068,0.31262,-0.0019399999999999973,0.4674157303370786,0.9633251833740831,-0.4959094530370045
27,110.0,65.0,44976.0,44945.0,31.0,45403.0,45440.0,-37.0,45652.0,45622.0,30.0,5.96,5.424,0.5359999999999996,0.287377,0.277668,0.009708999999999968,0.7366863905325444,0.5376661742983753,0.1990202162341691
27,111.0,66.0,45652.0,45622.0,30.0,45881.0,45898.0,-17.0,45904.0,46374.0,-470.0,3.824,3.664,0.1599999999999997,0.35534299999999996,0.36893699999999996,-0.013593999999999995,0.18253968253968256,0.7340425531914894,-0.5515028706518068
27,114.0,67.0,46631.0,46374.0,257.0,46793.0,46781.0,12.0,47076.0,47045.0,31.0,1.944,7.064,-5.12,0.287379,0.287379,0.0,0.7280898876404495,0.7868852459016393,-0.05879535826118987
27,115.0,68.0,47076.0,47045.0,31.0,47474.0,47472.0,2.0,47788.0,47758.0,30.0,5.448,5.528,-0.07999999999999918,0.33204,0.33204,0.0,0.8820224719101124,0.8022440392706872,0.07977843263942519
27,117.0,70.0,48454.0,48414.0,40.0,48825.0,48841.0,-16.0,49188.0,49149.0,39.0,5.392,4.664,0.7280000000000006,0.366987,0.366987,0.0,0.989100817438692,0.8380952380952381,0.15100557934345393
27,118.0,71.0,49188.0,49149.0,39.0,49596.0,49603.0,-7.0,49920.0,49918.0,2.0,6.168,6.096,0.07200000000000006,0.40971,0.40971,0.0,0.8852459016393442,0.8192457737321196,0.06600012790722465
27,119.0,72.0,49920.0,49918.0,2.0,50353.0,50377.0,-24.0,50644.0,50641.0,3.0,6.056,6.192,-0.13600000000000012,0.48349,0.48736999999999997,-0.0038799999999999946,0.8038674033149171,0.7302904564315353,0.07357694688338179
27,120.0,73.0,50644.0,50641.0,3.0,51051.0,51019.0,32.0,51356.0,51314.0,42.0,5.584,5.136,0.4479999999999995,0.34951899999999997,0.341752,0.007766999999999968,0.8567415730337079,0.8766716196136701,-0.019930046579962224
27,121.0,74.0,51356.0,51314.0,42.0,51742.0,51747.0,-5.0,52122.0,52095.0,27.0,5.528,5.824,-0.29600000000000026,0.43301,0.42329700000000003,0.009712999999999972,0.9921671018276762,0.8911651728553137,0.10100192897236249
27,122.0,75.0,52122.0,52095.0,27.0,52520.0,52551.0,-31.0,52916.0,52878.0,38.0,6.224,6.432,-0.20800000000000018,0.40583,0.40583,0.0,0.9974811083123426,0.8352490421455938,0.1622320661667488
27,123.0,76.0,52916.0,52878.0,38.0,53329.0,53390.0,-61.0,53622.0,53602.0,20.0,6.472,6.712,-0.23999999999999932,0.419419,0.42136,-0.001941000000000026,0.830028328611898,0.5856353591160222,0.24439296949587586
27,124.0,77.0,53622.0,53602.0,20.0,53977.0,53996.0,-19.0,54353.0,54326.0,27.0,5.184,4.848,0.3360000000000003,0.446597,0.442714,0.0038830000000000253,0.9712722298221614,0.9116022099447514,0.05967001987741005
27,125.0,78.0,54353.0,54326.0,27.0,54745.0,54781.0,-36.0,54995.0,55039.0,-44.0,6.144,6.28,-0.13600000000000012,0.446606,0.44854700000000003,-0.001941000000000026,0.778816199376947,0.7237026647966339,0.055113534580313095
27,126.0,79.0,54995.0,55039.0,-44.0,55209.0,55198.0,11.0,55647.0,55631.0,16.0,3.712,3.336,0.37600000000000033,0.47185,0.47185,0.0,0.656441717791411,0.5371621621621622,0.11927955562924886
27,127.0,80.0,55647.0,55631.0,16.0,56103.0,56123.0,-20.0,56343.0,56309.0,34.0,7.152,7.4,-0.24800000000000022,0.36116,0.36116,0.0,0.6896551724137931,0.5486725663716814,0.14098260604211177
27,128.0,81.0,56343.0,56309.0,34.0,56775.0,56748.0,27.0,57173.0,57144.0,29.0,5.376,5.0,0.37600000000000033,0.43495,0.43495,0.0,0.9590361445783132,0.948502994011976,0.01053315056633719
27,130.0,82.0,57610.0,57144.0,466.0,57733.0,57706.0,27.0,57770.0,57806.0,-36.0,1.44,7.664,-6.224,1.901,1.901,0.0,0.4625,0.3021148036253777,0.16038519637462234
27,131.0,83.0,57770.0,57806.0,-36.0,57871.0,57915.0,-44.0,58107.0,58109.0,-2.0,1.104,1.672,-0.5679999999999998,1.9864000000000002,1.9864000000000002,0.0,0.599406528189911,0.7194719471947195,-0.1200654190048085
27,132.0,84.0,58107.0,58109.0,-2.0,58247.0,58294.0,-47.0,58440.0,58416.0,24.0,3.008,3.032,-0.02400000000000002,1.9864000000000002,1.9864000000000002,0.0,0.8408408408408409,0.7947882736156352,0.046052567225205676
27,137.0,86.0,58885.0,58886.0,-1.0,58965.0,58995.0,-30.0,59137.0,59132.0,5.0,0.688,2.272,-1.5839999999999999,1.508734,1.508734,0.0,0.6349206349206349,0.8861788617886179,-0.25125822686798305
