subject,featuregraph_object_id,llm_object_id,featuregraph_start_index,llm_start_index,delta_start_index,featuregraph_peak_index,llm_peak_index,delta_peak_index,featuregraph_end_index,llm_end_index,delta_end_index,featuregraph_period_seconds,llm_period_seconds,delta_period_seconds,featuregraph_full_excursion,llm_full_excursion,delta_full_excursion,featuregraph_temporal_symmetry,llm_temporal_symmetry,delta_temporal_symmetry
28,2,1,517.0,397,120.0,643.0,670,-27.0,879.0,820,59.0,3.344,3.448,-0.104,1.0,1.0,0.0,0.6961325966850829,0.7092198581560284,-0.0130872614709455
28,4,2,962.0,820,142.0,1050.0,1077,-27.0,1283.0,1228,55.0,1.08,3.256,-2.176,1.0,1.0,0.0,0.5482866043613708,0.7401960784313726,-0.1919094740700018
28,8,4,1815.0,1652,163.0,1875.0,1923,-48.0,2215.0,2085,130.0,0.856,3.376,-2.52,1.0,1.0,0.0,0.3,0.7482678983833718,-0.4482678983833718
28,9,5,2215.0,2085,130.0,2357.0,2367,-10.0,2673.0,2522,151.0,3.856,3.552,0.3039999999999998,1.0,1.0,0.0,0.6200873362445415,0.7093821510297482,-0.0892948147852067
28,10,6,2673.0,2522,151.0,2800.0,2827,-27.0,3102.0,3002,100.0,3.544,3.68,-0.1360000000000001,1.0,1.0,0.0,0.592074592074592,0.7291666666666667,-0.1370920745920747
28,12,7,3163.0,3002,161.0,3233.0,3260,-27.0,3548.0,3429,119.0,0.752,3.464,-2.712,1.0,1.0,0.0,0.3636363636363636,0.7915690866510539,-0.4279327230146902
28,14,8,3617.0,3429,188.0,3715.0,3719,-4.0,3987.0,3881,106.0,1.096,3.672,-2.576,1.0,1.0,0.0,0.5297297297297296,0.7168141592920354,-0.1870844295623057
28,16,9,4039.0,3881,158.0,4122.0,4160,-38.0,4434.0,4345,89.0,0.8,3.528,-2.728,1.0,1.0,0.0,0.420253164556962,0.7974137931034483,-0.3771606285464862
28,17,10,4434.0,4345,89.0,4521.0,4546,-25.0,4717.0,4685,32.0,3.192,3.088,0.104,1.0,1.0,0.0,0.6148409893992932,0.8176470588235294,-0.2028060694242361
28,18,11,4717.0,4685,32.0,4772.0,4768,4.0,4941.0,4883,58.0,2.008,1.776,0.2319999999999999,0.5259,0.5259,0.0,0.4910714285714286,0.8383838383838383,-0.3473124098124097
28,19,12,4941.0,4883,58.0,5037.0,5054,-17.0,5279.0,5217,62.0,2.12,2.288,-0.1679999999999997,1.0,1.0,0.0,0.5680473372781065,0.9760479041916168,-0.4080005669135103
28,20,13,5279.0,5217,62.0,5377.0,5397,-20.0,5645.0,5566,79.0,2.72,2.744,-0.024,1.0,1.0,0.0,0.53551912568306,0.968481375358166,-0.4329622496751061
28,21,14,5645.0,5566,79.0,5750.0,5775,-25.0,6061.0,5949,112.0,2.984,3.024,-0.04,1.0,1.0,0.0,0.5048076923076923,0.908616187989556,-0.4038084956818638
28,22,15,6061.0,5949,112.0,6151.0,6182,-31.0,6476.0,6357,119.0,3.208,3.256,-0.0479999999999996,1.0,1.0,0.0,0.4337349397590361,0.857843137254902,-0.4241081974958659
28,23,16,6476.0,6357,119.0,6578.0,6599,-21.0,6886.0,6767,119.0,3.416,3.336,0.08,1.0,1.0,0.0,0.4975609756097561,0.8195121951219513,-0.3219512195121952
28,24,17,6886.0,6767,119.0,6986.0,7009,-23.0,7292.0,7175,117.0,3.264,3.28,-0.016,1.0,1.0,0.0,0.4926108374384236,0.8137254901960784,-0.3211146527576548
28,25,18,7292.0,7175,117.0,7405.0,7426,-21.0,7723.0,7587,136.0,3.352,3.336,0.016,1.0,1.0,0.0,0.5243619489559165,0.7815533980582524,-0.2571914491023359
28,27,19,7778.0,7587,191.0,7858.0,7868,-10.0,8209.0,8020,189.0,0.928,3.536,-2.608,1.0,1.0,0.0,0.37122969837587,0.7020785219399538,-0.3308488235640837
28,28,20,8209.0,8020,189.0,8328.0,8359,-31.0,8683.0,8526,157.0,3.76,3.928,-0.1680000000000001,1.0,1.0,0.0,0.5021097046413502,0.6600790513833992,-0.157969346742049
28,29,21,8683.0,8526,157.0,8796.0,8817,-21.0,9149.0,8978,171.0,3.744,3.664,0.08,1.0,1.0,0.0,0.4849785407725322,0.7123893805309734,-0.2274108397584412
28,30,22,9149.0,8978,171.0,9254.0,9280,-26.0,9596.0,9457,139.0,3.664,3.704,-0.04,1.0,1.0,0.0,0.4697986577181208,0.7390396659707724,-0.2692410082526516
28,32,23,9652.0,9457,195.0,9731.0,9754,-23.0,10055.0,9919,136.0,0.8,3.792,-2.992,1.0,1.0,0.0,0.3920595533498759,0.7142857142857143,-0.3222261609358383
28,33,24,10055.0,9919,136.0,10164.0,10180,-16.0,10423.0,10349,74.0,3.464,3.408,0.056,1.0,1.0,0.0,0.5923913043478262,0.786046511627907,-0.1936552072800808
28,34,25,10423.0,10349,74.0,10503.0,10543,-40.0,10788.0,10729,59.0,2.712,2.904,-0.1919999999999997,1.0,1.0,0.0,0.4383561643835616,0.9789473684210528,-0.5405912040374911
28,35,26,10788.0,10729,59.0,10872.0,10885,-13.0,11126.0,11048,78.0,2.952,2.736,0.2159999999999997,1.0,1.0,0.0,0.4970414201183432,0.9780564263322884,-0.4810150062139452
28,36,27,11126.0,11048,78.0,11217.0,11240,-23.0,11479.0,11412,67.0,2.76,2.84,-0.08,1.0,1.0,0.0,0.5155807365439093,0.945054945054945,-0.4294742085110357
28,37,28,11479.0,11412,67.0,11580.0,11604,-24.0,11912.0,11767,145.0,2.904,2.912,-0.008,1.0,1.0,0.0,0.4665127020785219,0.9183098591549296,-0.4517971570764076
28,38,29,11912.0,11767,145.0,11989.0,12006,-17.0,12288.0,12202,86.0,3.272,3.216,0.0559999999999996,1.0,1.0,0.0,0.4095744680851063,0.9011494252873564,-0.49157495720225
28,39,30,12288.0,12202,86.0,12374.0,12398,-24.0,12689.0,12567,122.0,3.08,3.136,-0.056,1.0,1.0,0.0,0.428927680798005,0.926027397260274,-0.4970997164622689
28,40,31,12689.0,12567,122.0,12818.0,12853,-35.0,13114.0,13016,98.0,3.552,3.64,-0.088,1.0,1.0,0.0,0.6070588235294118,0.7260579064587973,-0.1189990829293855
28,41,32,13114.0,13016,98.0,13245.0,13258,-13.0,13525.0,13457,68.0,3.416,3.24,0.1759999999999997,1.0,1.0,0.0,0.6374695863746959,0.9024943310657596,-0.2650247446910637
28,42,33,13525.0,13457,68.0,13678.0,13694,-16.0,14069.0,13995,74.0,3.464,3.488,-0.024,1.0,1.0,0.0,0.5625,0.8810408921933086,-0.3185408921933086
28,43,34,14069.0,13995,74.0,14171.0,14219,-48.0,14481.0,14429,52.0,3.944,4.2,-0.2560000000000002,1.0,1.0,0.0,0.4951456310679611,0.967741935483871,-0.4725963044159098
28,44,35,14481.0,14429,52.0,14610.0,14630,-20.0,14952.0,14803,149.0,3.512,3.288,0.2240000000000002,1.0,1.0,0.0,0.5477707006369427,0.9251336898395722,-0.3773629892026295
28,45,36,14952.0,14803,149.0,15073.0,15106,-33.0,15419.0,15275,144.0,3.704,3.808,-0.1039999999999996,1.0,1.0,0.0,0.5182012847965739,0.7161016949152542,-0.1979004101186803
28,46,37,15419.0,15275,144.0,15537.0,15572,-35.0,15851.0,15777,74.0,3.712,3.728,-0.016,1.0,1.0,0.0,0.5462962962962963,0.8167330677290836,-0.2704367714327873
28,47,38,15851.0,15777,74.0,15935.0,15966,-31.0,16223.0,16150,73.0,3.184,3.152,0.032,1.0,1.0,0.0,0.4516129032258065,0.9865951742627346,-0.5349822710369281
28,48,39,16223.0,16150,73.0,16301.0,16329,-28.0,16598.0,16517,81.0,2.928,2.904,0.024,1.0,1.0,0.0,0.416,0.9754768392370572,-0.5594768392370572
28,49,40,16598.0,16517,81.0,16695.0,16725,-30.0,16995.0,16907,88.0,3.152,3.168,-0.016,1.0,1.0,0.0,0.4886649874055415,0.9333333333333332,-0.4446683459277918
28,50,41,16995.0,16907,88.0,17103.0,17132,-29.0,17390.0,17310,80.0,3.264,3.256,0.008,1.0,1.0,0.0,0.5468354430379747,0.8833746898263027,-0.336539246788328
28,51,42,17390.0,17310,80.0,17483.0,17512,-29.0,17741.0,17680,61.0,3.04,3.04,0.0,1.0,1.0,0.0,0.5299145299145299,0.9081081081081082,-0.3781935781935782
28,52,43,17741.0,17680,61.0,17853.0,17876,-23.0,18110.0,18041,69.0,2.96,2.912,0.048,1.0,1.0,0.0,0.6070460704607046,0.9141274238227148,-0.3070813533620101
28,53,44,18110.0,18041,69.0,18218.0,18237,-19.0,18567.0,18393,174.0,2.92,2.888,0.032,1.0,1.0,0.0,0.4726477024070021,0.8863636363636364,-0.4137159339566342
28,54,45,18567.0,18393,174.0,18669.0,18705,-36.0,19033.0,18971,62.0,3.608,3.744,-0.1360000000000001,1.0,1.0,0.0,0.4377682403433476,0.9204152249134948,-0.4826469845701472
28,55,46,19033.0,18971,62.0,19109.0,19144,-35.0,19421.0,19349,72.0,3.52,3.512,0.008,1.0,1.0,0.0,0.3917525773195877,0.9153439153439152,-0.5235913380243277
28,57,47,19898.0,19841,57.0,19987.0,20025,-38.0,20259.0,20205,54.0,3.904,2.16,1.7439999999999998,1.0,1.0,0.0,0.4930747922437672,0.989010989010989,-0.4959361967672218
28,58,48,20259.0,20205,54.0,20335.0,20358,-23.0,20595.0,20532,63.0,2.784,2.664,0.1199999999999996,1.0,1.0,0.0,0.4523809523809523,0.9357798165137614,-0.4833988641328091
28,59,49,20595.0,20532,63.0,20684.0,20705,-21.0,20970.0,20883,87.0,2.792,2.776,0.016,1.0,1.0,0.0,0.4746666666666667,0.9857549857549858,-0.5110883190883191
28,60,50,20970.0,20883,87.0,21069.0,21092,-23.0,21314.0,21248,66.0,3.08,3.096,-0.016,1.0,1.0,0.0,0.5755813953488372,0.8547945205479452,-0.279213125199108
28,62,51,21472.0,21248,224.0,21533.0,21530,3.0,21783.0,21678,105.0,1.32,3.504,-2.184,1.0,1.0,0.0,0.3922829581993569,0.6883720930232557,-0.2960891348238988
28,63,52,21783.0,21678,105.0,21905.0,21917,-12.0,22172.0,22088,84.0,2.976,3.096,-0.1200000000000001,1.0,1.0,0.0,0.6272493573264781,0.8341463414634146,-0.2068969841369364
28,64,53,22172.0,22088,84.0,22234.0,22275,-41.0,22445.0,22539,-94.0,2.632,2.864,-0.2319999999999997,0.84653,1.0,-0.15347,0.4542124542124542,0.8292682926829268,-0.3750558384704725
28,66,54,22589.0,22539,50.0,22669.0,22708,-39.0,23002.0,22915,87.0,1.568,3.464,-1.896,1.0,1.0,0.0,0.387409200968523,0.898936170212766,-0.5115269692442429
28,67,55,23002.0,22915,87.0,23112.0,23148,-36.0,23411.0,23336,75.0,3.544,3.52,0.024,1.0,1.0,0.0,0.5378973105134475,0.8931116389548693,-0.3552143284414218
28,68,56,23411.0,23336,75.0,23507.0,23531,-24.0,23835.0,23697,138.0,3.16,3.064,0.096,1.0,1.0,0.0,0.4528301886792453,0.9196675900277008,-0.4668374013484555
28,69,57,23835.0,23697,138.0,23943.0,23972,-29.0,24269.0,24146,123.0,3.488,3.528,-0.04,1.0,1.0,0.0,0.4976958525345621,0.7750556792873051,-0.2773598267527429
28,70,58,24269.0,24146,123.0,24383.0,24418,-35.0,24732.0,24588,144.0,3.52,3.568,-0.048,1.0,1.0,0.0,0.4924406047516199,0.7692307692307692,-0.2767901644791493
28,71,59,24732.0,24588,144.0,24844.0,24877,-33.0,25170.0,25058,112.0,3.688,3.672,0.016,1.0,1.0,0.0,0.5114155251141552,0.7702127659574468,-0.2587972408432916
28,72,60,25170.0,25058,112.0,25279.0,25307,-28.0,25609.0,25482,127.0,3.48,3.44,0.04,1.0,1.0,0.0,0.4965831435079726,0.8254716981132075,-0.3288885546052349
28,73,61,25609.0,25482,127.0,25696.0,25725,-29.0,26012.0,25926,86.0,3.336,3.344,-0.008,1.0,1.0,0.0,0.4317617866004962,0.9054054054054054,-0.4736436188049091
28,74,62,26012.0,25926,86.0,26111.0,26143,-32.0,26425.0,26332,93.0,3.32,3.344,-0.024,1.0,1.0,0.0,0.4794188861985472,0.9310344827586208,-0.4516155965600734
28,75,63,26425.0,26332,93.0,26518.0,26556,-38.0,26837.0,26745,92.0,3.256,3.304,-0.048,1.0,1.0,0.0,0.4514563106796116,0.9152542372881356,-0.4637979266085239
28,76,64,26837.0,26745,92.0,26916.0,26933,-17.0,27195.0,27106,89.0,3.184,3.016,0.1680000000000001,1.0,1.0,0.0,0.441340782122905,0.9584487534626038,-0.5171079713396988
28,77,65,27195.0,27106,89.0,27279.0,27291,-12.0,27558.0,27456,102.0,2.904,2.864,0.04,1.0,1.0,0.0,0.4628099173553719,0.9428571428571428,-0.4800472255017709
28,78,66,27558.0,27456,102.0,27640.0,27672,-32.0,27978.0,27842,136.0,2.888,3.048,-0.1600000000000001,1.0,1.0,0.0,0.3904761904761904,0.8808290155440415,-0.490352825067851
28,79,67,27978.0,27842,136.0,28060.0,28089,-29.0,28386.0,28263,123.0,3.36,3.336,0.024,1.0,1.0,0.0,0.4019607843137255,0.8266033254156769,-0.4246425411019514
28,80,68,28386.0,28263,123.0,28474.0,28509,-35.0,28791.0,28713,78.0,3.312,3.36,-0.048,1.0,1.0,0.0,0.4345679012345679,0.9066666666666666,-0.4720987654320987
28,81,69,28791.0,28713,78.0,28865.0,28906,-41.0,29139.0,29077,62.0,3.128,3.176,-0.048,1.0,1.0,0.0,0.4252873563218391,0.9395604395604396,-0.5142730832386004
28,82,70,29139.0,29077,62.0,29200.0,29210,-10.0,29237.0,29321,-84.0,2.68,2.432,0.2480000000000002,0.61974,0.79374,-0.174,0.7551020408163265,0.9098360655737704,-0.154734024757444
28,84,71,29347.0,29321,26.0,29449.0,29470,-21.0,29705.0,29638,67.0,1.688,2.08,-0.3920000000000001,1.0,1.0,0.0,0.5698324022346368,0.94006309148265,-0.370230689248013
28,85,72,29705.0,29638,67.0,29776.0,29801,-25.0,30072.0,29992,80.0,2.616,2.648,-0.032,1.0,1.0,0.0,0.3869209809264305,0.9209039548022598,-0.5339829738758293
28,86,73,30072.0,29992,80.0,30162.0,30172,-10.0,30439.0,30337,102.0,3.088,2.968,0.1200000000000001,1.0,1.0,0.0,0.4904632152588556,0.9565217391304348,-0.4660585238715792
28,87,74,30439.0,30337,102.0,30525.0,30544,-19.0,30852.0,30705,147.0,2.904,2.976,-0.072,1.0,1.0,0.0,0.4164648910411622,0.875,-0.4585351089588377
28,89,75,30885.0,30705,180.0,30981.0,30981,0.0,31229.0,31181,48.0,0.88,3.496,-2.616,1.0,1.0,0.0,0.5581395348837209,0.8403361344537815,-0.2821965995700606
28,90,76,31229.0,31181,48.0,31337.0,31369,-32.0,31648.0,31548,100.0,2.848,3.104,-0.2560000000000002,1.0,1.0,0.0,0.5155131264916468,0.9754768392370572,-0.4599637127454103
28,91,77,31648.0,31548,100.0,31772.0,31797,-25.0,32091.0,31969,122.0,3.48,3.424,0.056,1.0,1.0,0.0,0.5598194130925508,0.817102137767221,-0.2572827246746701
28,92,78,32091.0,31969,122.0,32217.0,32238,-21.0,32560.0,32400,160.0,3.56,3.528,0.032,1.0,1.0,0.0,0.5373134328358209,0.7517401392111369,-0.214426706375316
28,93,79,32560.0,32400,160.0,32689.0,32703,-14.0,33045.0,32868,177.0,3.776,3.72,0.0559999999999996,1.0,1.0,0.0,0.5319587628865979,0.7051282051282051,-0.1731694422416071
28,94,80,33045.0,32868,177.0,33169.0,33195,-26.0,33468.0,33382,86.0,3.84,3.936,-0.096,1.0,1.0,0.0,0.5862884160756501,0.727626459143969,-0.1413380430683188
28,95,81,33468.0,33382,86.0,33568.0,33602,-34.0,33871.0,33790,81.0,3.192,3.256,-0.0639999999999996,1.0,1.0,0.0,0.4962779156327543,0.9215686274509804,-0.4252907118182261
28,96,82,33871.0,33790,81.0,33968.0,34002,-34.0,34284.0,34198,86.0,3.2,3.2,0.0,1.0,1.0,0.0,0.4697336561743341,0.9607843137254902,-0.491050657551156
28,97,83,34284.0,34198,86.0,34370.0,34394,-24.0,34696.0,34562,134.0,3.216,3.136,0.08,1.0,1.0,0.0,0.4174757281553398,0.9230769230769232,-0.5056011949215833
28,98,84,34696.0,34562,134.0,34804.0,34842,-38.0,35083.0,35011,72.0,3.472,3.584,-0.1120000000000001,1.0,1.0,0.0,0.5581395348837209,0.7527839643652561,-0.1946444294815351
28,99,85,35083.0,35011,72.0,35214.0,35233,-19.0,35526.0,35394,132.0,3.28,3.128,0.1519999999999997,1.0,1.0,0.0,0.5914221218961626,0.8407310704960835,-0.2493089485999209
28,100,86,35526.0,35394,132.0,35637.0,35670,-33.0,35965.0,35847,118.0,3.384,3.496,-0.1120000000000001,1.0,1.0,0.0,0.5056947608200455,0.7814569536423841,-0.2757621928223386
28,101,87,35965.0,35847,118.0,36059.0,36086,-27.0,36388.0,36268,120.0,3.376,3.328,0.048,1.0,1.0,0.0,0.4444444444444444,0.8646080760095012,-0.4201636315650567
28,102,88,36388.0,36268,120.0,36477.0,36512,-35.0,36788.0,36705,83.0,3.344,3.408,-0.064,1.0,1.0,0.0,0.4449999999999999,0.8832951945080092,-0.4382951945080092
28,103,89,36788.0,36705,83.0,36862.0,36883,-21.0,37125.0,37052,73.0,3.08,2.968,0.1120000000000001,1.0,1.0,0.0,0.4391691394658753,0.9740634005763688,-0.5348942611104935
28,104,90,37125.0,37052,73.0,37201.0,37221,-20.0,37465.0,37389,76.0,2.712,2.704,0.008,1.0,1.0,0.0,0.4470588235294117,0.9970326409495548,-0.5499738174201432
28,105,91,37465.0,37389,76.0,37549.0,37578,-29.0,37870.0,37764,106.0,2.784,2.856,-0.072,1.0,1.0,0.0,0.4148148148148148,0.992,-0.5771851851851851
28,106,92,37870.0,37764,106.0,37947.0,37959,-12.0,38268.0,38206,62.0,3.184,3.048,0.1360000000000001,1.0,1.0,0.0,0.3869346733668342,0.8823529411764706,-0.4954182678096364
28,107,93,38268.0,38206,62.0,38350.0,38410,-60.0,38677.0,38594,83.0,3.224,3.608,-0.3839999999999999,1.0,1.0,0.0,0.4009779951100244,0.9484536082474226,-0.5474756131373982
28,108,94,38677.0,38594,83.0,38790.0,38823,-33.0,39144.0,38992,152.0,3.52,3.304,0.2160000000000002,1.0,1.0,0.0,0.4839400428265524,0.8492462311557789,-0.3653061883292264
28,109,95,39144.0,38992,152.0,39254.0,39292,-38.0,39674.0,39467,207.0,3.712,3.752,-0.0399999999999995,1.0,1.0,0.0,0.4150943396226415,0.736842105263158,-0.3217477656405164
28,110,96,39674.0,39467,207.0,39779.0,39833,-54.0,40039.0,40000,39.0,4.2,4.328,-0.1280000000000001,1.0,1.0,0.0,0.5753424657534247,0.626641651031895,-0.0512991852784702
28,112,98,40519.0,40407,112.0,40596.0,40626,-30.0,40986.0,40794,192.0,3.608,3.184,0.4239999999999999,1.0,1.0,0.0,0.3297644539614561,0.8682170542635659,-0.5384526003021097
28,113,99,40986.0,40794,192.0,41084.0,41130,-46.0,41479.0,41312,167.0,3.904,4.032,-0.1280000000000001,1.0,1.0,0.0,0.3975659229208925,0.7027027027027026,-0.3051367797818101
28,114,100,41479.0,41312,167.0,41582.0,41614,-32.0,41894.0,41807,87.0,3.984,3.872,0.1120000000000001,1.0,1.0,0.0,0.4963855421686747,0.7797979797979798,-0.2834124376293051
28,115,101,41894.0,41807,87.0,41993.0,42053,-60.0,42297.0,42230,67.0,3.288,3.512,-0.2240000000000002,1.0,1.0,0.0,0.4913151364764268,0.8368794326241135,-0.3455642961476867
28,116,102,42297.0,42230,67.0,42382.0,42423,-41.0,42726.0,42611,115.0,3.112,2.96,0.1520000000000001,1.0,1.0,0.0,0.3962703962703963,0.9868766404199476,-0.5906062441495512
28,117,103,42726.0,42611,115.0,42809.0,42836,-27.0,43130.0,43011,119.0,3.416,3.304,0.1120000000000001,1.0,1.0,0.0,0.4108910891089109,0.875,-0.4641089108910891
28,118,104,43130.0,43011,119.0,43223.0,43258,-35.0,43563.0,43435,128.0,3.312,3.376,-0.064,1.0,1.0,0.0,0.4295612009237876,0.8349056603773585,-0.4053444594535709
28,119,105,43563.0,43435,128.0,43664.0,43695,-31.0,44003.0,43864,139.0,3.528,3.496,0.032,1.0,1.0,0.0,0.4590909090909091,0.7878787878787878,-0.3287878787878787
28,120,106,44003.0,43864,139.0,44109.0,44142,-33.0,44450.0,44312,138.0,3.56,3.576,-0.016,1.0,1.0,0.0,0.4742729306487695,0.7589285714285714,-0.2846556407798019
28,121,107,44450.0,44312,138.0,44549.0,44577,-28.0,44868.0,44761,107.0,3.52,3.48,0.04,1.0,1.0,0.0,0.4736842105263158,0.8195991091314031,-0.3459148986050873
28,122,108,44868.0,44761,107.0,44967.0,44985,-18.0,45257.0,45165,92.0,3.344,3.264,0.08,1.0,1.0,0.0,0.5089974293059125,0.8910891089108911,-0.3820916796049786
28,123,109,45257.0,45165,92.0,45360.0,45389,-29.0,45694.0,45558,136.0,3.144,3.232,-0.088,1.0,1.0,0.0,0.471395881006865,0.8600508905852418,-0.3886550095783767
28,124,110,45694.0,45558,136.0,45779.0,45807,-28.0,46088.0,45993,95.0,3.352,3.344,0.008,1.0,1.0,0.0,0.4314720812182741,0.8551724137931034,-0.4237003325748293
28,125,111,46088.0,45993,95.0,46171.0,46198,-27.0,46484.0,46397,87.0,3.136,3.128,0.008,1.0,1.0,0.0,0.4191919191919192,0.9851485148514852,-0.5659565956595659
28,126,112,46484.0,46397,87.0,46555.0,46603,-48.0,46914.0,46797,117.0,3.072,3.24,-0.1680000000000001,1.0,1.0,0.0,0.3302325581395349,0.97,-0.6397674418604651
28,127,113,46914.0,46797,117.0,47012.0,47042,-30.0,47326.0,47232,94.0,3.656,3.512,0.1440000000000001,1.0,1.0,0.0,0.4757281553398058,0.8735632183908046,-0.3978350630509988
28,128,114,47326.0,47232,94.0,47406.0,47442,-36.0,47707.0,47635,72.0,3.152,3.2,-0.048,1.0,1.0,0.0,0.4199475065616798,0.957816377171216,-0.5378688706095361
28,129,115,47707.0,47635,72.0,47790.0,47815,-25.0,48083.0,48001,82.0,3.072,2.984,0.088,1.0,1.0,0.0,0.4414893617021277,0.9836065573770492,-0.5421171956749214
28,130,116,48083.0,48001,82.0,48167.0,48201,-34.0,48514.0,48379,135.0,3.016,3.088,-0.072,1.0,1.0,0.0,0.3897911832946635,0.941798941798942,-0.5520077585042783
28,131,117,48514.0,48379,135.0,48601.0,48622,-21.0,48928.0,48853,75.0,3.472,3.368,0.104,1.0,1.0,0.0,0.4202898550724637,0.9746835443037974,-0.5543936892313337
28,132,118,48928.0,48853,75.0,49045.0,49090,-45.0,49347.0,49272,75.0,3.552,3.744,-0.1920000000000001,1.0,1.0,0.0,0.5584725536992841,0.8687350835322196,-0.3102625298329355
28,133,119,49347.0,49272,75.0,49425.0,49457,-32.0,49764.0,49690,74.0,3.04,2.936,0.104,1.0,1.0,0.0,0.3741007194244604,0.8851674641148325,-0.511066744690372
28,134,120,49764.0,49690,74.0,49846.0,49909,-63.0,50208.0,50094,114.0,3.368,3.616,-0.2480000000000002,1.0,1.0,0.0,0.3693693693693693,0.915841584158416,-0.5464722147890465
28,135,121,50208.0,50094,114.0,50298.0,50336,-38.0,50642.0,50521,121.0,3.616,3.416,0.2000000000000001,1.0,1.0,0.0,0.4147465437788018,0.8665105386416861,-0.4517639948628843
28,136,122,50642.0,50521,121.0,50751.0,50790,-39.0,51097.0,50968,129.0,3.624,3.632,-0.008,1.0,1.0,0.0,0.4791208791208791,0.796420581655481,-0.3172997025346019
28,137,123,51097.0,50968,129.0,51200.0,51233,-33.0,51509.0,51421,88.0,3.592,3.544,0.048,1.0,1.0,0.0,0.5,0.8300220750551877,-0.3300220750551876
28,138,124,51509.0,51421,88.0,51607.0,51636,-29.0,51941.0,51806,135.0,3.256,3.224,0.0319999999999995,1.0,1.0,0.0,0.4537037037037037,0.8831168831168831,-0.4294131794131793
28,139,125,51941.0,51806,135.0,52039.0,52048,-9.0,52351.0,52202,149.0,3.456,3.296,0.1600000000000001,1.0,1.0,0.0,0.4780487804878048,0.7777777777777778,-0.2997289972899729
28,140,126,52351.0,52202,149.0,52455.0,52497,-42.0,52789.0,52698,91.0,3.328,3.592,-0.2640000000000002,1.0,1.0,0.0,0.4748858447488584,0.810483870967742,-0.3355980262188835
28,141,127,52789.0,52698,91.0,52878.0,52934,-56.0,53237.0,53128,109.0,3.384,3.496,-0.1120000000000001,1.0,1.0,0.0,0.3973214285714286,0.9023255813953488,-0.5050041528239202
28,142,128,53237.0,53128,109.0,53335.0,53374,-39.0,53671.0,53578,93.0,3.656,3.52,0.1360000000000001,1.0,1.0,0.0,0.4516129032258065,0.9066666666666666,-0.4550537634408601
28,143,129,53671.0,53578,93.0,53777.0,53820,-43.0,54110.0,54027,83.0,3.536,3.568,-0.032,1.0,1.0,0.0,0.4829157175398633,0.9220489977728286,-0.4391332802329653
28,144,130,54110.0,54027,83.0,54195.0,54236,-41.0,54535.0,54444,91.0,3.344,3.328,0.016,1.0,1.0,0.0,0.4,0.9976019184652278,-0.5976019184652278
28,145,131,54535.0,54444,91.0,54643.0,54673,-30.0,54887.0,54856,31.0,3.584,3.496,0.088,1.0,1.0,0.0,0.6136363636363636,0.8883495145631068,-0.2747131509267432
28,150,135,56285.0,56196,89.0,56380.0,56415,-35.0,56676.0,56599,77.0,3.504,3.248,0.2559999999999998,1.0,1.0,0.0,0.4859335038363171,0.913151364764268,-0.4272178609279508
28,151,136,56676.0,56599,77.0,56768.0,56806,-38.0,57086.0,56990,96.0,3.104,3.128,-0.024,1.0,1.0,0.0,0.448780487804878,0.9411764705882352,-0.4923959827833573
28,152,137,57086.0,56990,96.0,57178.0,57212,-34.0,57509.0,57392,117.0,3.28,3.248,0.0319999999999995,1.0,1.0,0.0,0.4349881796690307,0.8955223880597015,-0.4605342083906708
28,154,139,57943.0,57841,102.0,58027.0,58067,-40.0,58369.0,58257,112.0,3.528,3.304,0.2240000000000002,1.0,1.0,0.0,0.3943661971830986,0.9134615384615384,-0.5190953412784398
28,155,140,58369.0,58257,112.0,58457.0,58495,-38.0,58787.0,58701,86.0,3.44,3.424,0.016,1.0,1.0,0.0,0.4210526315789473,0.927927927927928,-0.5068752963489805
28,156,141,58787.0,58701,86.0,58874.0,58914,-40.0,59200.0,59101,99.0,3.336,3.352,-0.016,1.0,1.0,0.0,0.4213075060532687,0.935,-0.5136924939467313
28,157,142,59200.0,59101,99.0,59305.0,59342,-37.0,59631.0,59538,93.0,3.448,3.424,0.024,1.0,1.0,0.0,0.4872389791183295,0.897025171624714,-0.4097861925063845
29,2,1,517.0,387,130.0,522.0,567,-45.0,987.0,853,134.0,3.368,2.704,0.6639999999999997,0.32552,0.32552,0.0,0.0212765957446808,0.7725321888412018,-0.7512555930965209
29,3,2,987.0,853,134.0,1021.0,1043,-22.0,1833.0,1275,558.0,3.992,3.808,0.1840000000000001,0.3528799999999999,0.3528799999999999,0.0,0.0803782505910165,0.9004739336492891,-0.8200956830582725
29,4,4,1833.0,1684,149.0,1853.0,1909,-56.0,2978.0,2070,908.0,6.656,3.296,3.36,0.38025,0.31281,0.06744,0.0349344978165938,0.8341968911917098,-0.799262393375116
29,5,7,2978.0,2852,126.0,3024.0,3066,-42.0,3347.0,3221,126.0,9.368,2.888,6.48,0.4789799999999999,0.4789799999999999,0.0,0.2493224932249322,0.8401084010840109,-0.5907859078590786
29,7,9,3723.0,3587,136.0,3747.0,3805,-58.0,4089.0,3952,137.0,3.008,2.904,0.104,0.340171,0.352879,-0.0127079999999999,0.1311475409836066,0.8054794520547945,-0.674331911071188
29,8,10,4089.0,3952,137.0,4120.0,4178,-58.0,4462.0,4333,129.0,2.984,2.984,0.0,0.3919899999999999,0.3939399999999999,-0.00195,0.1662198391420911,0.8136482939632546,-0.6474284548211634
29,9,11,4462.0,4333,129.0,4491.0,4526,-35.0,4808.0,4673,135.0,2.968,2.784,0.1840000000000001,0.39003,0.39003,0.0,0.1676300578034681,0.8647058823529412,-0.697075824549473
29,10,12,4808.0,4673,135.0,4847.0,4881,-34.0,5155.0,5026,129.0,2.848,2.84,0.008,0.38319,0.42424,-0.0410499999999999,0.2247838616714697,0.821529745042493,-0.5967458833710233
29,12,14,5553.0,5424,129.0,5587.0,5644,-57.0,5914.0,5792,122.0,3.232,3.056,0.1760000000000001,0.40274,0.40274,0.0,0.188365650969529,0.8043478260869565,-0.6159821751174275
29,14,16,6286.0,6182,104.0,6320.0,6351,-31.0,6621.0,6494,127.0,3.064,2.648,0.4159999999999999,0.348,0.348,0.0,0.2029850746268656,0.9166666666666666,-0.713681592039801
29,15,17,6621.0,6494,127.0,6660.0,6710,-50.0,7006.0,6889,117.0,2.72,2.872,-0.1519999999999997,0.39883,0.43793,-0.0391,0.2025974025974025,0.9063291139240506,-0.703731711326648
29,19,21,8221.0,8087,134.0,8249.0,8309,-60.0,8603.0,8466,137.0,3.264,3.016,0.2479999999999997,0.35582,0.35582,0.0,0.1465968586387435,0.8284960422163589,-0.6818991835776154
29,21,23,8996.0,8848,148.0,9023.0,9071,-48.0,9375.0,9222,153.0,3.192,2.992,0.2000000000000001,0.32747,0.32747,0.0,0.1424802110817942,0.8074866310160428,-0.6650064199342486
29,26,30,12080.0,11929,151.0,12105.0,12137,-32.0,12434.0,12317,117.0,9.336,5.256,4.08,0.41446,0.41446,0.0,0.1412429378531073,0.9278350515463918,-0.7865921136932844
29,27,31,12434.0,12317,117.0,12456.0,12502,-46.0,12786.0,12657,129.0,2.808,2.92,-0.1120000000000001,0.32062,0.37243,-0.05181,0.125,0.9117647058823528,-0.7867647058823529
29,31,37,14966.0,14825,141.0,14993.0,15013,-20.0,15400.0,15275,125.0,3.72,2.696,1.024,0.38319,0.38319,0.0,0.1244239631336405,0.8355555555555556,-0.711131592421915
29,32,38,15400.0,15275,125.0,15434.0,15454,-20.0,16265.0,15709,556.0,3.528,3.528,0.0,0.3519,0.34702,0.0048799999999999,0.0786127167630057,0.8248847926267281,-0.7462720758637224
29,35,43,17460.0,17328,132.0,17495.0,17542,-47.0,17829.0,17715,114.0,6.496,2.824,3.6720000000000006,0.37634,0.42228,-0.0459399999999999,0.1897018970189702,0.8940568475452196,-0.7043549505262494
29,38,46,18643.0,18511,132.0,18674.0,18707,-33.0,19012.0,18869,143.0,3.472,2.904,0.5680000000000001,0.33235,0.3909999999999999,-0.0586499999999999,0.1680216802168022,0.905027932960894,-0.7370062527440917
29,39,47,19012.0,18869,143.0,19049.0,19081,-32.0,19686.0,19236,450.0,3.0,2.992,0.008,0.44966,0.44966,0.0,0.1097922848664688,0.8446866485013624,-0.7348943636348936
29,40,49,19686.0,19611,75.0,19788.0,19830,-42.0,20030.0,19971,59.0,5.912,2.984,2.928,0.706743,0.706743,0.0,0.5930232558139534,0.7833333333333333,-0.1903100775193799
29,41,50,20030.0,19971,59.0,20064.0,20092,-28.0,20791.0,20256,535.0,2.208,2.096,0.1120000000000001,0.417401,0.3176909999999999,0.09971,0.0893561103810774,0.8491228070175438,-0.7597666966364663
29,42,52,20791.0,20650,141.0,20820.0,20847,-27.0,21193.0,21053,140.0,6.048,2.864,3.184,0.37439,0.37439,0.0,0.1442786069651741,0.977667493796526,-0.8333888868313519
29,43,53,21193.0,21053,140.0,21218.0,21273,-55.0,21736.0,21414,322.0,3.184,3.408,-0.2239999999999997,0.59335,0.42522,0.16813,0.0920810313075506,0.7811634349030471,-0.6890824035954964
29,45,56,22110.0,22039,71.0,22153.0,22208,-55.0,22771.0,22352,419.0,3.04,2.576,0.4639999999999999,0.4164260000000001,0.3616859999999999,0.0547400000000001,0.1301059001512859,0.9201277955271564,-0.7900218953758705
29,47,60,23623.0,23523,100.0,23661.0,23687,-26.0,24032.0,23920,112.0,6.984,2.912,4.072,0.3587499999999999,0.3587499999999999,0.0,0.1858190709046454,0.8261964735516373,-0.6403774026469918
29,48,61,24032.0,23920,112.0,24051.0,24089,-38.0,24868.0,24334,534.0,3.12,3.216,-0.096,0.35973,0.31868,0.0410499999999999,0.0454545454545454,0.8164251207729468,-0.7709705753184014
29,49,63,24868.0,24733,135.0,24888.0,24936,-48.0,25266.0,25144,122.0,6.696,3.04,3.656,0.31867,0.31867,0.0,0.100502512562814,0.9878345498783456,-0.8873320373155315
29,50,64,25266.0,25144,122.0,25290.0,25324,-34.0,25696.0,25558,138.0,3.216,3.104,0.1120000000000001,0.32942,0.32942,0.0,0.1116279069767441,0.8695652173913043,-0.7579373104145601
29,52,66,26101.0,26001,100.0,26156.0,26173,-17.0,26946.0,26416,530.0,3.472,2.576,0.8959999999999999,0.4936399999999999,0.4936399999999999,0.0,0.1301775147928994,0.8289156626506025,-0.698738147857703
29,53,68,26946.0,26808,138.0,26961.0,27013,-52.0,28094.0,27222,872.0,6.44,2.88,3.5600000000000005,0.462364,0.37439,0.087974,0.0261324041811846,0.9903381642512076,-0.964205760070023
29,55,71,28181.0,28042,139.0,28191.0,28179,12.0,28910.0,28414,496.0,0.768,2.432,-1.664,0.348974,0.323554,0.0254199999999999,0.027434842249657,0.7365591397849462,-0.7091242975352892
29,56,73,28910.0,28782,128.0,28940.0,28965,-25.0,29310.0,29185,125.0,5.992,2.888,3.104,0.30009,0.351903,-0.051813,0.15,0.9081885856079404,-0.7581885856079404
29,57,74,29310.0,29185,125.0,29341.0,29353,-12.0,29729.0,29602,127.0,3.208,3.104,0.104,0.41935,0.41935,0.0,0.1479713603818615,0.8057553956834532,-0.6577840353015917
29,59,75,29832.0,29602,230.0,29869.0,29845,24.0,30484.0,29980,504.0,0.896,3.936,-3.04,0.7849470000000001,0.69208,0.092867,0.1134969325153374,0.7142857142857143,-0.6007887817703769
29,60,77,30484.0,30319,165.0,30492.0,30538,-46.0,31256.0,30724,532.0,4.984,3.488,1.496,0.3509299999999999,0.437924,-0.086994,0.0207253886010362,0.9185185185185184,-0.8977931299174823
29,61,79,31256.0,31128,128.0,31286.0,31324,-38.0,32095.0,31510,585.0,6.352,3.112,3.24,0.37439,0.35777,0.0166199999999999,0.0715137067938022,0.9738219895287958,-0.9023082827349936
29,64,85,33663.0,33538,125.0,33694.0,33712,-18.0,34090.0,33967,123.0,3.36,2.568,0.7919999999999998,0.38416,0.38416,0.0,0.1451990632318501,0.8111888111888113,-0.6659897479569611
29,65,86,34090.0,33967,123.0,34114.0,34141,-27.0,35276.0,34380,896.0,3.36,3.432,-0.072,0.420336,0.38124,0.0390959999999999,0.0404721753794266,0.8426150121065376,-0.802142836727111
29,66,89,35276.0,35144,132.0,35293.0,35339,-46.0,35646.0,35528,118.0,9.432,2.816,6.6160000000000005,0.3822099999999999,0.3822099999999999,0.0,0.0918918918918918,0.984375,-0.8924831081081082
29,67,90,35646.0,35528,118.0,35686.0,35704,-18.0,36798.0,35905,893.0,3.144,2.92,0.2240000000000002,0.41838,0.42522,-0.00684,0.0694444444444444,0.93368700265252,-0.8642425582080755
29,69,93,36937.0,36667,270.0,36986.0,36963,23.0,37167.0,37084,83.0,1.232,3.712,-2.4800000000000004,0.6480999999999999,0.73607,-0.0879700000000001,0.4260869565217391,0.580335731414868,-0.1542487748931289
29,70,94,37167.0,37084,83.0,37197.0,37247,-50.0,37938.0,37394,544.0,1.688,2.272,-0.5839999999999999,0.43206,0.4105499999999999,0.02151,0.0778210116731517,0.9483870967741936,-0.8705660851010418
29,73,98,38747.0,38628,119.0,38774.0,38804,-30.0,39617.0,39060,557.0,3.136,2.72,0.4159999999999999,0.40469,0.35582,0.0488699999999999,0.0620689655172413,0.8148148148148149,-0.7527458492975735
29,77,105,41624.0,41485,139.0,41644.0,41705,-61.0,42926.0,41884,1042.0,3.512,3.256,0.2560000000000002,0.36363,0.30694,0.05669,0.0307219662058372,0.8972431077694236,-0.8665211415635864
29,78,108,42926.0,42814,112.0,42961.0,42989,-28.0,43330.0,43229,101.0,10.536,2.72,7.815999999999999,0.3431099999999999,0.3431099999999999,0.0,0.1732673267326733,0.8433734939759037,-0.6701061672432304
29,79,109,43330.0,43229,101.0,43383.0,43391,-8.0,43642.0,43583,59.0,3.376,3.216,0.1599999999999997,0.36462,0.43011,-0.0654899999999999,0.3397435897435897,0.9152542372881356,-0.5755106475445458
29,80,110,43642.0,43583,59.0,43707.0,43700,7.0,43949.0,43919,30.0,2.592,2.472,0.1200000000000001,0.733139,0.733139,0.0,0.4234527687296416,0.6964285714285714,-0.2729758026989297
29,81,111,43949.0,43919,30.0,44010.0,44031,-21.0,44487.0,44214,273.0,2.424,2.648,-0.2240000000000002,0.3656,0.4213139999999999,-0.0557139999999999,0.2267657992565055,0.7593220338983051,-0.5325562346417996
29,83,113,44557.0,44459,98.0,44579.0,44583,-4.0,46968.0,44776,2192.0,0.576,1.736,-1.16,0.5141800000000001,0.47703,0.03715,0.0182496889257569,0.7823343848580442,-0.7640846959322872
29,84,119,46968.0,46744,224.0,46980.0,46999,-19.0,47261.0,47137,124.0,19.208,3.224,15.983999999999998,0.47507,0.47507,0.0,0.0819112627986348,0.7022900763358779,-0.6203788135372431
29,86,121,47686.0,47582,104.0,47723.0,47769,-46.0,48959.0,48017,942.0,3.56,2.872,0.6880000000000002,0.34506,0.3382199999999999,0.00684,0.0581304006284367,0.8597701149425288,-0.801639714314092
29,88,126,49828.0,49708,120.0,49849.0,49898,-49.0,50667.0,50177,490.0,7.08,2.8,4.28,0.3831800000000001,0.3108499999999999,0.0723300000000001,0.0500595947556614,0.8102345415778252,-0.7601749468221637
29,93,136,53847.0,53747,100.0,53873.0,53919,-46.0,54285.0,54187,98.0,12.312,3.416,8.895999999999999,0.28739,0.29521,-0.0078199999999999,0.1187214611872146,0.7818181818181819,-0.6630967206309673
29,94,137,54285.0,54187,98.0,54303.0,54358,-55.0,57454.0,54610,2844.0,3.44,3.512,-0.072,0.34507,0.28642,0.0586499999999999,0.0113600504891132,0.8085106382978724,-0.7971505878087591
30,3,1,602.0,345,257.0,689.0,678,11.0,1034.0,838,196.0,1.744,3.824,-2.08,1.2658589999999998,1.279769,-0.01391,0.4027777777777778,0.6490872210953347,-0.2463094433175569
30,4,2,1034.0,838,196.0,1123.0,1115,8.0,1401.0,1278,123.0,3.472,3.496,-0.024,1.2008899999999998,1.185434,0.0154559999999999,0.4850136239782016,0.740909090909091,-0.2558954669308894
30,5,3,1401.0,1278,123.0,1520.0,1506,14.0,1742.0,1711,31.0,3.176,3.128,0.048,1.43279,1.43279,0.0,0.6979472140762464,0.9468822170900691,-0.2489350030138228
30,7,4,1787.0,1711,76.0,1889.0,1890,-1.0,2157.0,2068,89.0,0.952,3.072,-2.12,1.41116,1.42816,-0.0169999999999999,0.5513513513513513,0.9971988795518208,-0.4458475282004694
30,9,5,2253.0,2068,185.0,2364.0,2349,15.0,2755.0,2506,249.0,1.504,3.672,-2.168,1.298328,1.380245,-0.081917,0.4422310756972112,0.7168949771689498,-0.2746639014717386
30,10,6,2755.0,2506,249.0,2867.0,2850,17.0,3173.0,3008,165.0,4.024,4.008,0.016,1.341605,1.298328,0.043277,0.5358851674641149,0.6294820717131474,-0.0935969042490325
30,11,7,3173.0,3008,165.0,3280.0,3261,19.0,3583.0,3403,180.0,3.304,3.288,0.016,1.285903,1.302905,-0.0170019999999999,0.5219512195121951,0.718987341772152,-0.1970361222599568
30,12,8,3583.0,3403,180.0,3688.0,3668,20.0,4016.0,3826,190.0,3.264,3.256,0.008,1.267356,1.279721,-0.0123650000000001,0.4849884526558892,0.7470449172576832,-0.262056464601794
30,13,9,4016.0,3826,190.0,4122.0,4103,19.0,4406.0,4255,151.0,3.472,3.48,-0.008,1.220993,1.220993,0.0,0.5435897435897437,0.7086247086247086,-0.1650349650349649
30,14,10,4406.0,4255,151.0,4493.0,4482,11.0,4778.0,4719,59.0,2.968,3.032,-0.064,1.174702,1.174702,0.0,0.467741935483871,0.978448275862069,-0.510706340378198
30,15,11,4778.0,4719,59.0,4895.0,4880,15.0,5121.0,5059,62.0,3.216,3.184,0.032,1.39415,1.346241,0.0479089999999999,0.6822157434402332,0.9470588235294116,-0.2648430800891785
30,17,12,5171.0,5059,112.0,5265.0,5254,11.0,5545.0,5487,58.0,0.968,2.992,-2.024,1.289059,1.34315,-0.0540910000000001,0.5026737967914439,0.911214953271028,-0.4085411564795842
30,18,13,5545.0,5487,58.0,5658.0,5640,18.0,5936.0,5800,136.0,3.144,3.088,0.056,1.332331,1.318421,0.0139099999999998,0.578005115089514,0.977635782747604,-0.3996306676580898
30,19,14,5936.0,5800,136.0,6030.0,6018,12.0,6294.0,6214,80.0,2.976,3.024,-0.048,1.302971,1.302971,0.0,0.5251396648044693,0.9468599033816424,-0.4217202385771732
30,20,15,6294.0,6214,80.0,6407.0,6388,19.0,6564.0,6550,14.0,3.016,2.96,0.056,1.49926,1.49926,0.0,0.837037037037037,0.9642857142857144,-0.1272486772486772
30,22,16,6620.0,6550,70.0,6705.0,6716,-11.0,6965.0,6902,63.0,1.0,2.624,-1.624,1.58117,1.58117,0.0,0.4927536231884057,0.9431818181818182,-0.4504281949934124
30,23,17,6965.0,6902,63.0,7076.0,7084,-8.0,7455.0,7236,219.0,2.968,2.944,0.024,1.58117,1.58117,0.0,0.4530612244897959,0.9101796407185628,-0.4571184162287669
30,26,18,8024.0,7735,289.0,8107.0,8095,12.0,8558.0,8238,320.0,2.424,4.216,-1.7920000000000005,1.171566,1.3384900000000002,-0.166924,0.3108614232209737,0.5685884691848906,-0.2577270459639168
30,27,19,8558.0,8238,320.0,8654.0,8634,20.0,9031.0,8776,255.0,4.376,4.312,0.064,1.187031,1.18394,0.0030909999999999,0.4059196617336152,0.5278810408921932,-0.1219613791585779
30,28,20,9031.0,8776,255.0,9117.0,9103,14.0,9417.0,9243,174.0,3.704,3.752,-0.0479999999999996,1.185431,1.185431,0.0,0.4455958549222798,0.5995717344753747,-0.1539758795530948
30,29,21,9417.0,9243,174.0,9530.0,9514,16.0,9747.0,9663,84.0,3.304,3.288,0.016,1.347787,1.332331,0.0154560000000001,0.6848484848484848,0.7095238095238094,-0.0246753246753246
30,31,22,9844.0,9663,181.0,9956.0,9941,15.0,10177.0,10202,-25.0,1.552,3.416,-1.864,1.363243,1.363243,0.0,0.6726726726726726,0.9684601113172542,-0.2957874386445815
30,33,23,10258.0,10202,56.0,10368.0,10351,17.0,10662.0,10595,67.0,1.488,3.28,-1.7919999999999998,1.2998736,1.2998736,0.0,0.5445544554455446,0.7582697201017812,-0.2137152646562365
30,34,24,10662.0,10595,67.0,10762.0,10747,15.0,11027.0,10977,50.0,3.152,3.168,-0.016,1.298328,1.298328,0.0,0.547945205479452,0.7958115183246073,-0.2478663128451552
30,35,25,11027.0,10977,50.0,11142.0,11128,14.0,11389.0,11323,66.0,3.04,3.048,-0.008,1.352424,1.352424,0.0,0.6353591160220995,0.8728323699421965,-0.237473253920097
30,36,26,11389.0,11323,66.0,11485.0,11491,-6.0,11776.0,11712,64.0,2.744,2.904,-0.1599999999999997,1.377153,1.377153,0.0,0.4961240310077519,0.8637532133676092,-0.3676291823598573
30,37,27,11776.0,11712,64.0,11895.0,11908,-13.0,12184.0,12094,90.0,3.28,3.336,-0.056,1.52244,1.52244,0.0,0.5833333333333333,0.9738219895287958,-0.3904886561954626
30,39,28,12246.0,12094,152.0,12348.0,12348,0.0,12613.0,12538,75.0,1.12,3.52,-2.4,1.46371,1.51317,-0.0494599999999998,0.555858310626703,0.8558558558558559,-0.2999975452291529
30,41,29,12672.0,12538,134.0,12776.0,12788,-12.0,12979.0,12941,38.0,1.24,3.52,-2.28,1.58117,1.58117,0.0,0.6775244299674268,0.7593052109181142,-0.0817807809506874
30,42,30,12979.0,12941,38.0,13058.0,13084,-26.0,13401.0,13261,140.0,2.256,2.368,-0.1120000000000001,1.58117,1.58117,0.0,0.3744075829383886,0.89375,-0.5193424170616114
30,43,31,13401.0,13261,140.0,13500.0,13502,-2.0,13764.0,13684,80.0,3.536,3.344,0.1920000000000001,1.46834,1.58117,-0.1128299999999999,0.5454545454545454,0.8605200945626478,-0.3150655491081023
30,45,32,13990.0,13684,306.0,14073.0,14060,13.0,14522.0,14205,317.0,2.296,4.464,-2.1680000000000006,1.134502,1.29524,-0.160738,0.3120300751879699,0.5566218809980806,-0.2445918058101107
30,46,33,14522.0,14205,317.0,14609.0,14594,15.0,14801.0,14737,64.0,4.288,4.272,0.016,1.097341,1.058702,0.038639,0.6236559139784946,0.5375939849624061,0.0860619290160885
30,48,34,14964.0,14737,227.0,15066.0,15046,20.0,15426.0,15189,237.0,2.096,3.616,-1.52,1.216405,1.221041,-0.004636,0.4415584415584416,0.6327433628318584,-0.1911849212734168
30,49,35,15426.0,15189,237.0,15528.0,15516,12.0,15820.0,15766,54.0,3.696,3.76,-0.0639999999999996,1.296756,1.3292130000000002,-0.0324570000000001,0.5177664974619289,0.8665511265164645,-0.3487846290545355
30,50,36,15820.0,15766,54.0,15937.0,15924,13.0,16245.0,16191,54.0,3.272,3.264,0.008,1.323058,1.323058,0.0,0.5505882352941176,0.7435294117647059,-0.1929411764705882
30,51,37,16245.0,16191,54.0,16358.0,16340,18.0,16656.0,16590,66.0,3.368,3.328,0.04,1.2998736,1.2998736,0.0,0.5498783454987834,0.7468671679197996,-0.1969888224210161
30,52,38,16656.0,16590,66.0,16760.0,16739,21.0,17063.0,16893,170.0,3.216,3.192,0.024,1.350815,1.347724,0.0030909999999999,0.5110565110565111,0.9834983498349836,-0.4724418387784724
30,53,39,17063.0,16893,170.0,17152.0,17141,11.0,17432.0,17369,63.0,3.136,3.216,-0.08,1.2132580000000002,1.245715,-0.0324569999999999,0.4823848238482384,0.957983193277311,-0.4755983694290725
30,54,40,17432.0,17369,63.0,17539.0,17517,22.0,17796.0,17736,60.0,3.096,3.008,0.088,1.312168,1.312168,0.0,0.5879120879120879,0.8065395095367848,-0.2186274216246968
30,55,41,17796.0,17736,60.0,17908.0,17891,17.0,18187.0,18115,72.0,2.952,2.992,-0.04,1.32924,1.32924,0.0,0.5728900255754475,0.8179419525065963,-0.2450519269311487
30,56,42,18187.0,18115,72.0,18272.0,18262,10.0,18561.0,18412,149.0,2.912,2.968,-0.056,1.221015,1.1530087999999998,0.0680062000000001,0.4545454545454546,0.98989898989899,-0.5353535353535354
30,57,43,18561.0,18412,149.0,18669.0,18651,18.0,18909.0,18882,27.0,3.176,3.112,0.064,1.3276329999999998,1.333815,-0.0061820000000001,0.6206896551724138,0.9829787234042552,-0.3622890682318415
30,59,44,18953.0,18882,71.0,19039.0,19028,11.0,19333.0,19275,58.0,0.92,3.016,-2.096,1.208666,1.221031,-0.0123649999999999,0.4526315789473684,0.7430025445292621,-0.2903709655818937
30,60,45,19333.0,19275,58.0,19445.0,19427,18.0,19722.0,19654,68.0,3.248,3.192,0.056,1.326149,1.326149,0.0,0.5758354755784062,0.8021108179419525,-0.2262753423635463
30,61,46,19722.0,19654,68.0,19810.0,19800,10.0,20073.0,19999,74.0,2.92,2.984,-0.064,1.241124,1.241124,0.0,0.5014245014245013,0.8463768115942029,-0.3449523101697015
30,62,47,20073.0,19999,74.0,20174.0,20164,10.0,20437.0,20398,39.0,2.912,2.912,0.0,1.384881,1.307602,0.0772790000000001,0.554945054945055,0.8270676691729324,-0.2721226142278774
30,63,48,20437.0,20398,39.0,20534.0,20531,3.0,20760.0,20708,52.0,2.88,2.936,-0.056,1.5178,1.46371,0.0540899999999999,0.6006191950464397,0.8580645161290322,-0.2574453210825925
30,64,49,20760.0,20708,52.0,20876.0,20863,13.0,21155.0,21028,127.0,2.736,2.656,0.08,1.40961,1.5178,-0.10819,0.5873417721518988,0.96875,-0.3814082278481012
30,65,50,21155.0,21028,127.0,21266.0,21247,19.0,21586.0,21406,180.0,3.12,3.072,0.048,1.330785,1.40961,-0.0788250000000001,0.5150812064965198,0.8412698412698413,-0.3261886347733215
30,66,51,21586.0,21406,180.0,21682.0,21664,18.0,21891.0,21815,76.0,3.328,3.336,-0.008,1.165333,1.160696,0.004637,0.6295081967213114,0.7383863080684596,-0.1088781113471482
30,69,52,22070.0,21815,255.0,22158.0,22145,13.0,22590.0,22518,72.0,1.264,3.848,-2.584,1.327694,1.349333,-0.0216389999999999,0.3384615384615385,0.9388335704125178,-0.6003720319509793
30,70,53,22590.0,22518,72.0,22691.0,22675,16.0,23015.0,22838,177.0,4.264,4.24,0.024,1.244252,1.244252,0.0,0.4752941176470588,0.98125,-0.5059558823529411
30,71,54,23015.0,22838,177.0,23101.0,23092,9.0,23383.0,23327,56.0,3.28,3.336,-0.056,1.1545824,1.217952,-0.0633696000000001,0.467391304347826,0.9611451942740288,-0.4937538899262026
30,72,55,23383.0,23327,56.0,23487.0,23469,18.0,23780.0,23711,69.0,3.088,3.016,0.072,1.1962456,1.1962456,0.0,0.5239294710327456,0.7395833333333333,-0.2156538623005877
30,73,56,23780.0,23711,69.0,23868.0,23858,10.0,24152.0,24089,63.0,3.048,3.112,-0.064,1.250413,1.250413,0.0,0.4731182795698925,0.7777777777777778,-0.3046594982078853
30,74,57,24152.0,24089,63.0,24256.0,24237,19.0,24546.0,24478,68.0,3.104,3.032,0.072,1.2009189999999998,1.2009189999999998,0.0,0.5279187817258884,0.7609254498714653,-0.2330066681455769
30,75,58,24546.0,24478,68.0,24636.0,24625,11.0,24943.0,24893,50.0,3.04,3.104,-0.064,1.2148736,1.2071456,0.0077279999999999,0.4534005037783375,0.708433734939759,-0.2550332311614215
30,76,59,24943.0,24893,50.0,25057.0,25040,17.0,25456.0,25203,253.0,3.368,3.32,0.048,1.2194456,1.2271736,-0.0077279999999999,0.4444444444444444,0.9483870967741936,-0.5039426523297491
30,77,60,25456.0,25203,253.0,25571.0,25566,5.0,25831.0,25763,68.0,4.112,4.208,-0.096,1.40343,1.40343,0.0,0.6133333333333333,0.7035714285714285,-0.0902380952380952
30,78,61,25831.0,25763,68.0,25951.0,25957,-6.0,26246.0,26173,73.0,3.04,3.128,-0.088,1.377153,1.39725,-0.0200969999999998,0.5783132530120482,0.946341463414634,-0.3680282104025859
30,79,62,26246.0,26173,73.0,26361.0,26350,11.0,26651.0,26578,73.0,3.28,3.144,0.1359999999999996,1.360152,1.360152,0.0,0.5679012345679013,0.8740740740740741,-0.3061728395061728
30,80,63,26651.0,26578,73.0,26757.0,26744,13.0,27107.0,26921,186.0,3.168,3.152,0.016,1.2921456,1.2859632,0.0061824000000001,0.4649122807017544,0.967930029154519,-0.5030177484527646
30,81,64,27107.0,26921,186.0,27222.0,27203,19.0,27521.0,27464,57.0,3.72,3.672,0.048,1.272053,1.2921456,-0.0200926000000001,0.5555555555555556,0.9613259668508288,-0.4057704112952731
30,82,65,27521.0,27464,57.0,27632.0,27611,21.0,27958.0,27779,179.0,3.28,3.264,0.016,1.364789,1.336968,0.027821,0.5080091533180777,0.9333333333333332,-0.4253241800152556
30,83,66,27958.0,27779,179.0,28067.0,28051,16.0,28379.0,28202,177.0,3.48,3.52,-0.04,1.213293,1.267389,-0.0540960000000001,0.517814726840855,0.7139479905437351,-0.1961332637028801
30,84,67,28379.0,28202,177.0,28484.0,28467,17.0,28692.0,28626,66.0,3.336,3.328,0.008,1.177756,1.182393,-0.004637,0.670926517571885,0.75,-0.0790734824281149
30,85,68,28692.0,28626,66.0,28791.0,28791,0.0,29137.0,28993,144.0,2.456,2.592,-0.1360000000000001,1.41734,1.361697,0.0556430000000001,0.4449438202247191,0.8991825613079019,-0.4542387410831827
30,86,69,29137.0,28993,144.0,29240.0,29220,20.0,29562.0,29357,205.0,3.592,3.432,0.1600000000000001,1.15149,1.17004,-0.01855,0.4847058823529412,0.7527472527472527,-0.2680413703943115
30,87,70,29562.0,29357,205.0,29668.0,29649,19.0,29949.0,29795,154.0,3.424,3.432,-0.008,1.18393,1.26121,-0.07728,0.5478036175710594,0.6666666666666667,-0.1188630490956073
30,88,71,29949.0,29795,154.0,30032.0,30018,14.0,30252.0,30156,96.0,2.912,2.952,-0.04,1.146785,1.134421,0.0123639999999998,0.5478547854785478,0.7645429362880887,-0.2166881508095408
30,90,72,30335.0,30156,179.0,30437.0,30419,18.0,30811.0,30561,250.0,1.416,3.208,-1.7920000000000005,1.210238,1.228785,-0.0185469999999998,0.4285714285714286,0.7012345679012346,-0.272663139329806
30,93,73,31241.0,31067,174.0,31328.0,31318,10.0,31613.0,31566,47.0,1.048,3.448,-2.4,1.126706,1.1668912,-0.0401852,0.467741935483871,0.9939879759519038,-0.5262460404680328
30,94,74,31613.0,31566,47.0,31733.0,31712,21.0,31917.0,31856,61.0,3.24,3.152,0.088,1.39099,1.39099,0.0,0.7894736842105263,0.993103448275862,-0.2036297640653357
30,95,75,31917.0,31856,61.0,32040.0,32062,-22.0,32353.0,32238,115.0,2.456,2.8,-0.3439999999999998,1.49926,1.49926,0.0,0.5642201834862386,0.9214659685863874,-0.3572457851001488
30,97,76,32411.0,32238,173.0,32515.0,32497,18.0,32784.0,32658,126.0,1.136,3.48,-2.3440000000000003,1.279796,1.43126,-0.151464,0.5576407506702412,0.7666666666666666,-0.2090259159964254
30,98,77,32784.0,32658,126.0,32897.0,32881,16.0,33177.0,33107,70.0,3.056,3.072,-0.016,1.2719824,1.319896,-0.0479136,0.5750636132315521,0.9933184855233852,-0.4182548722918332
30,99,78,33177.0,33107,70.0,33263.0,33252,11.0,33550.0,33496,54.0,2.928,2.968,-0.04,1.171566,1.171566,0.0,0.4611260053619302,0.7455012853470437,-0.2843752799851134
30,100,79,33550.0,33496,54.0,33661.0,33644,17.0,33961.0,33897,64.0,3.184,3.136,0.048,1.318421,1.318421,0.0,0.5401459854014599,0.7381546134663342,-0.1980086280648743
30,101,80,33961.0,33897,64.0,34067.0,34064,3.0,34317.0,34242,75.0,3.248,3.36,-0.1119999999999996,1.369425,1.2998736,0.0695513999999999,0.5955056179775281,0.9681159420289857,-0.3726103240514574
30,103,81,34390.0,34242,148.0,34495.0,34474,21.0,34783.0,34614,169.0,1.408,3.28,-1.872,1.272061,1.284425,-0.0123639999999998,0.5343511450381679,0.7526881720430108,-0.2183370270048428
30,104,82,34783.0,34614,169.0,34867.0,34857,10.0,35161.0,35107,54.0,2.976,3.064,-0.088,1.125202,1.173115,-0.047913,0.4444444444444444,0.9858012170385396,-0.5413567725940951
30,105,83,35161.0,35107,54.0,35271.0,35252,19.0,35538.0,35471,67.0,3.232,3.16,0.072,1.270438,1.270438,0.0,0.583554376657825,0.7967032967032968,-0.2131489200454718
30,106,84,35538.0,35471,67.0,35634.0,35629,5.0,35921.0,35796,125.0,2.904,3.016,-0.1120000000000001,1.353969,1.352424,0.0015449999999999,0.5013054830287207,0.9723076923076924,-0.4710022092789716
30,107,85,35921.0,35796,125.0,36040.0,36025,15.0,36260.0,36188,72.0,3.248,3.168,0.08,1.353969,1.353969,0.0,0.7020648967551623,0.8316326530612245,-0.1295677563060622
30,109,86,36324.0,36188,136.0,36436.0,36414,22.0,36717.0,36650,67.0,1.36,3.112,-1.752,1.2936912,1.353969,-0.0602777999999999,0.5699745547073791,0.9783549783549784,-0.4083804236475992
30,110,87,36717.0,36650,67.0,36808.0,36796,12.0,37101.0,37043,58.0,2.976,3.056,-0.08,1.2580840000000002,1.2580840000000002,0.0,0.4739583333333333,0.7430025445292621,-0.2690442111959287
30,111,88,37101.0,37043,58.0,37205.0,37186,19.0,37494.0,37343,151.0,3.176,3.12,0.056,1.221019,1.221019,0.0,0.529262086513995,0.9533333333333334,-0.4240712468193384
30,112,89,37494.0,37343,151.0,37568.0,37601,-33.0,37810.0,37772,38.0,2.904,3.32,-0.4159999999999999,1.19161,1.19161,0.0,0.4683544303797469,0.7972027972027972,-0.3288483668230503
30,113,90,37810.0,37772,38.0,37919.0,37913,6.0,38206.0,38142,64.0,2.808,2.496,0.3119999999999998,1.346241,1.42198,-0.075739,0.5505050505050505,0.7621621621621621,-0.2116571116571116
30,114,91,38206.0,38142,64.0,38310.0,38296,14.0,38608.0,38442,166.0,3.128,3.064,0.064,1.2535088,1.279784,-0.0262752000000001,0.5174129353233831,0.9733333333333334,-0.4559203980099503
30,115,92,38608.0,38442,166.0,38715.0,38695,20.0,39026.0,38960,66.0,3.24,3.192,0.048,1.24266,1.2782088,-0.0355487999999999,0.5119617224880383,0.9768339768339768,-0.4648722543459386
30,116,93,39026.0,38960,66.0,39107.0,39097,10.0,39418.0,39245,173.0,3.136,3.216,-0.08,1.135985,1.0865264,0.0494585999999999,0.4132653061224489,0.9614035087719298,-0.5481382026494809
30,117,94,39418.0,39245,173.0,39512.0,39497,15.0,39811.0,39644,167.0,3.24,3.2,0.04,1.234941,1.219485,0.0154560000000001,0.4783715012722646,0.736842105263158,-0.2584706039908934
30,118,95,39811.0,39644,167.0,39915.0,39896,19.0,40200.0,40041,159.0,3.224,3.192,0.032,1.197868,1.207141,-0.009273,0.5347043701799485,0.7304785894206549,-0.1957742192407063
30,119,96,40200.0,40041,159.0,40292.0,40281,11.0,40589.0,40537,52.0,3.016,3.08,-0.064,1.166884,1.180794,-0.0139099999999998,0.4730077120822622,0.967741935483871,-0.4947342234016088
30,120,97,40589.0,40537,52.0,40698.0,40684,14.0,40976.0,40906,70.0,3.248,3.224,0.024,1.27821,1.27821,0.0,0.5633074935400517,0.7967479674796748,-0.233440473939623
30,121,98,40976.0,40906,70.0,41062.0,41046,16.0,41254.0,41196,58.0,2.912,2.896,0.016,1.26426,1.18234,0.0819199999999999,0.618705035971223,0.9655172413793104,-0.3468122054080874
30,122,99,41254.0,41196,58.0,41378.0,41389,-11.0,41665.0,41568,97.0,2.528,2.744,-0.2160000000000002,1.42507,1.42507,0.0,0.6034063260340632,0.9623655913978496,-0.3589592653637863
30,124,100,41702.0,41568,134.0,41797.0,41784,13.0,42012.0,41938,74.0,0.928,3.16,-2.232,1.319924,1.36475,-0.0448259999999998,0.6129032258064516,0.8324324324324324,-0.2195292066259807
30,126,101,42091.0,41938,153.0,42202.0,42183,19.0,42508.0,42443,65.0,1.488,3.192,-1.7040000000000002,1.256525,1.344624,-0.0880990000000001,0.5323741007194245,0.9702970297029704,-0.4379229289835458
30,127,102,42508.0,42443,65.0,42590.0,42579,11.0,42785.0,42730,55.0,3.104,3.168,-0.064,1.1298210000000002,1.1004544,0.0293666000000001,0.592057761732852,0.9477351916376306,-0.3556774299047787
30,128,103,42785.0,42730,55.0,42883.0,42865,18.0,43150.0,43004,146.0,2.344,2.288,0.056,1.170059,1.170059,0.0,0.536986301369863,0.9854014598540146,-0.4484151584841516
30,129,104,43150.0,43004,146.0,43248.0,43235,13.0,43550.0,43384,166.0,2.92,2.96,-0.04,1.214866,1.233413,-0.018547,0.49,0.7842105263157895,-0.2942105263157895
30,130,105,43550.0,43384,166.0,43660.0,43641,19.0,43958.0,43794,164.0,3.296,3.248,0.0479999999999996,1.312177,1.312177,0.0,0.5392156862745099,0.7463414634146341,-0.2071257771401242
30,131,106,43958.0,43794,164.0,44044.0,44032,12.0,44324.0,44187,137.0,3.072,3.128,-0.056,1.160749,1.153021,0.0077279999999999,0.4699453551912568,0.7888040712468194,-0.3188587160555626
30,132,107,44324.0,44187,137.0,44441.0,44425,16.0,44657.0,44579,78.0,3.176,3.144,0.032,1.253444,1.304449,-0.0510049999999999,0.7027027027027026,0.7857142857142857,-0.083011583011583
30,134,108,44726.0,44579,147.0,44825.0,44807,18.0,45118.0,44964,154.0,1.176,3.056,-1.88,1.389518,1.389518,0.0,0.5051020408163265,0.8155844155844156,-0.3104823747680891
30,135,109,45118.0,44964,154.0,45205.0,45192,13.0,45509.0,45336,173.0,3.04,3.08,-0.04,1.1375456,1.230281,-0.0927354,0.4450127877237851,0.7741935483870968,-0.3291807606633116
30,136,110,45509.0,45336,173.0,45615.0,45596,19.0,45902.0,45742,160.0,3.28,3.232,0.0479999999999996,1.234902,1.234902,0.0,0.5394402035623409,0.7192118226600985,-0.1797716190977576
30,137,111,45902.0,45742,160.0,45983.0,45973,10.0,46261.0,46198,63.0,2.944,3.016,-0.072,1.081912,1.081912,0.0,0.4512534818941504,0.986842105263158,-0.5355886233690075
30,138,112,46261.0,46198,63.0,46378.0,46356,22.0,46580.0,46516,64.0,3.16,3.064,0.096,1.53635,1.53635,0.0,0.7335423197492164,0.9937106918238994,-0.260168372074683
30,142,114,47275.0,46972,303.0,47365.0,47351,14.0,47589.0,47503,86.0,1.152,4.4,-3.248,1.1916544,1.48377,-0.2921156,0.5732484076433121,0.5725047080979284,0.0007436995453836
30,144,115,47717.0,47503,214.0,47797.0,47784,13.0,48161.0,47931,230.0,1.456,3.464,-2.008,1.16694,1.1267544,0.0401856,0.3603603603603603,0.6869158878504673,-0.3265555274901069
30,145,116,48161.0,47931,230.0,48260.0,48241,19.0,48552.0,48378,174.0,3.704,3.656,0.048,1.069584,1.08504,-0.0154559999999999,0.5063938618925832,0.6129753914988814,-0.1065815296062981
30,146,117,48552.0,48378,174.0,48630.0,48619,11.0,48921.0,48761,160.0,2.96,3.024,-0.064,1.0463368000000002,1.0648840000000002,-0.0185471999999999,0.4227642276422764,0.7415143603133159,-0.3187501326710394
30,147,118,48921.0,48761,160.0,49013.0,48997,16.0,49316.0,49143,173.0,3.064,3.024,0.04,1.078833,1.064922,0.013911,0.4658227848101266,0.7643979057591623,-0.2985751209490357
30,148,119,49316.0,49143,173.0,49407.0,49392,15.0,49619.0,49547,72.0,3.152,3.16,-0.008,1.17624,1.091233,0.085007,0.6006600660066006,0.7673267326732673,-0.1666666666666667
30,150,120,49755.0,49547,208.0,49839.0,49829,10.0,50123.0,50061,62.0,1.608,3.496,-1.888,1.046416,1.21334,-0.166924,0.4565217391304348,0.9027237354085604,-0.4462019962781255
30,151,121,50123.0,50061,62.0,50240.0,50221,19.0,50482.0,50440,42.0,3.208,3.136,0.072,1.32924,1.32924,0.0,0.6518105849582172,0.8443271767810027,-0.1925165918227854
30,152,122,50482.0,50440,42.0,50611.0,50598,13.0,50883.0,50837,46.0,2.968,3.016,-0.048,1.30754,1.305994,0.001546,0.6433915211970075,0.7959697732997482,-0.1525782521027406
30,153,123,50883.0,50837,46.0,50988.0,50966,22.0,51239.0,51118,121.0,3.016,2.944,0.072,1.31217,1.31217,0.0,0.5898876404494382,0.9181494661921707,-0.3282618257427326
30,154,124,51239.0,51118,121.0,51352.0,51336,16.0,51632.0,51491,141.0,2.912,2.96,-0.048,1.321503,1.4018700000000002,-0.080367,0.5750636132315521,0.8310991957104558,-0.2560355824789037
30,155,125,51632.0,51491,141.0,51713.0,51704,9.0,51996.0,51933,63.0,2.888,2.944,-0.056,1.086549,1.086549,0.0,0.445054945054945,0.9638009049773756,-0.5187459599224306
30,156,126,51996.0,51933,63.0,52103.0,52083,20.0,52348.0,52284,64.0,3.12,3.032,0.088,1.2488130000000002,1.2488130000000002,0.0,0.6079545454545454,0.8547008547008547,-0.2467463092463092
30,157,127,52348.0,52284,64.0,52462.0,52443,19.0,52763.0,52590,173.0,2.872,2.88,-0.008,1.276677,1.276677,0.0,0.5493975903614459,0.9607843137254902,-0.4113867233640443
30,158,128,52763.0,52590,173.0,52865.0,52846,19.0,53124.0,53070,54.0,3.224,3.224,0.0,1.1901088,1.224112,-0.0340032000000001,0.5650969529085872,0.9333333333333332,-0.3682363804247461
30,159,129,53124.0,53070,54.0,53228.0,53212,16.0,53503.0,53436,67.0,2.904,2.928,-0.024,1.2194368000000002,1.2194368000000002,0.0,0.5488126649076517,0.7759562841530054,-0.2271436192453537
30,160,130,53503.0,53436,67.0,53589.0,53579,10.0,53875.0,53808,67.0,2.888,2.936,-0.048,1.149938,1.149938,0.0,0.4623655913978495,0.7688172043010753,-0.3064516129032257
30,161,131,53875.0,53808,67.0,53970.0,53956,14.0,54157.0,54137,20.0,3.048,3.016,0.032,1.31681,1.31681,0.0,0.6737588652482269,0.8996960486322189,-0.2259371833839919
30,163,132,54233.0,54137,96.0,54355.0,54341,14.0,54645.0,54586,59.0,1.48,3.08,-1.6,1.258142,1.40034,-0.142198,0.5922330097087378,0.9086859688195992,-0.3164529591108612
30,164,133,54645.0,54586,59.0,54747.0,54727,20.0,55007.0,54952,55.0,3.136,3.088,0.048,1.214828,1.214828,0.0,0.56353591160221,0.7704918032786885,-0.2069558916764785
30,165,134,55007.0,54952,55.0,55108.0,55095,13.0,55399.0,55235,164.0,2.888,2.944,-0.056,1.1978176,1.204,-0.0061823999999999,0.5153061224489797,0.9893992932862192,-0.4740931708372394
30,166,135,55399.0,55235,164.0,55495.0,55477,18.0,55748.0,55685,63.0,3.096,3.056,0.04,1.289061,1.289061,0.0,0.5501432664756447,0.9244444444444444,-0.3743011779687997
30,167,136,55748.0,55685,63.0,55845.0,55829,16.0,56109.0,55977,132.0,2.8,2.816,-0.016,1.25499,1.25499,0.0,0.5373961218836565,0.9863013698630136,-0.4489052479793571
30,168,137,56109.0,55977,132.0,56208.0,56195,13.0,56471.0,56398,73.0,2.904,2.928,-0.024,1.327622,1.3879,-0.060278,0.5469613259668509,0.9643705463182898,-0.4174092203514389
30,169,138,56471.0,56398,73.0,56559.0,56548,11.0,56824.0,56763,61.0,2.808,2.824,-0.016,1.236441,1.236441,0.0,0.4985835694050992,0.821917808219178,-0.3233342388140788
30,170,139,56824.0,56763,61.0,56931.0,56914,17.0,57178.0,57118,60.0,2.976,2.928,0.048,1.2859632,1.32924,-0.0432768000000001,0.6045197740112994,0.8507042253521127,-0.2461844513408132
30,171,140,57178.0,57118,60.0,57290.0,57272,18.0,57516.0,57477,39.0,2.872,2.864,0.008,1.357061,1.357061,0.0,0.6627218934911243,0.8579387186629527,-0.1952168251718283
30,173,141,57562.0,57477,85.0,57675.0,57664,11.0,57934.0,57876,58.0,1.152,3.136,-1.984,1.340059,1.353969,-0.01391,0.6075268817204301,0.93734335839599,-0.3298164766755599
30,174,142,57934.0,57876,58.0,58053.0,58038,15.0,58195.0,58167,28.0,3.024,2.992,0.032,1.1855,1.340059,-0.1545589999999999,0.9118773946360154,0.8865979381443299,0.0252794564916855
30,176,143,58307.0,58167,140.0,58382.0,58356,26.0,58532.0,58481,51.0,1.128,2.544,-1.416,1.58117,1.58117,0.0,0.6666666666666667,0.7961783439490446,-0.1295116772823779
30,177,144,58532.0,58481,51.0,58616.0,58597,19.0,58761.0,58719,42.0,1.872,1.928,-0.0559999999999998,1.03709,1.1885599999999998,-0.1514699999999997,0.7336244541484715,0.9747899159663864,-0.2411654618179149
30,179,145,58827.0,58719,108.0,58923.0,58948,-25.0,59269.0,59204,65.0,1.144,2.808,-1.664,1.372517,1.40034,-0.0278229999999999,0.4343891402714932,0.9443298969072164,-0.5099407566357232
30,180,146,59269.0,59204,65.0,59385.0,59395,-10.0,59968.0,59638,330.0,3.696,3.576,0.1200000000000001,1.366334,1.361697,0.004637,0.3319027181688125,0.880184331797235,-0.5482816136284224
31,4,1,424.0,272,152.0,507.0,516,-9.0,803.0,673,130.0,0.88,3.048,-2.168,1.0,1.0,0.0,0.4379947229551451,0.7830423940149626,-0.3450476710598175
31,5,2,803.0,673,130.0,918.0,928,-10.0,1176.0,1097,79.0,3.288,3.296,-0.008,1.0,1.0,0.0,0.6166219839142091,0.7971698113207547,-0.1805478274065456
31,7,3,1222.0,1097,125.0,1305.0,1313,-8.0,1531.0,1471,60.0,0.928,3.08,-2.152,1.0,1.0,0.0,0.5372168284789645,0.8449197860962567,-0.3077029576172922
31,12,4,1856.0,1471,385.0,1915.0,1919,-4.0,2121.0,2064,57.0,0.984,4.848,-3.864,0.963832,1.0,-0.0361679999999999,0.4452830188679245,0.4890387858347386,-0.043755766966814
31,14,5,2189.0,2064,125.0,2216.0,2188,28.0,2378.0,2302,76.0,0.464,2.152,-1.6880000000000002,0.450631,0.478002,-0.027371,0.2857142857142857,0.957983193277311,-0.6722689075630253
31,16,6,2459.0,2302,157.0,2559.0,2553,6.0,2728.0,2866,-138.0,1.344,2.92,-1.5759999999999998,0.932551,1.0,-0.0674489999999999,0.7434944237918215,0.8900709219858156,-0.1465764981939941
31,20,7,3061.0,2866,195.0,3160.0,3180,-20.0,3394.0,3348,46.0,1.288,5.016,-3.728,1.0,1.0,0.0,0.5945945945945945,0.6970954356846473,-0.1025008410900527
31,22,8,3461.0,3348,113.0,3567.0,3564,3.0,3817.0,3735,82.0,1.28,3.072,-1.792,1.0,1.0,0.0,0.5955056179775281,0.8837209302325582,-0.28821531225503
31,23,9,3817.0,3735,82.0,3939.0,3946,-7.0,4175.0,4124,51.0,2.976,3.056,-0.08,0.973607,0.9902248,-0.0166178,0.6815642458100559,0.9151670951156812,-0.2336028493056252
31,24,10,4175.0,4124,51.0,4305.0,4315,-10.0,4529.0,4490,39.0,2.928,2.952,-0.024,0.989247,0.989247,0.0,0.7344632768361582,0.9562841530054644,-0.2218208761693062
31,26,11,4590.0,4490,100.0,4674.0,4680,-6.0,4882.0,4846,36.0,1.04,2.92,-1.88,0.9960899,0.9960899,0.0,0.5753424657534247,0.9325842696629214,-0.3572418039094966
31,28,12,4953.0,4846,107.0,5063.0,5056,7.0,5239.0,5229,10.0,1.336,3.008,-1.672,0.98827,0.9902248,-0.0019548,0.7692307692307692,0.9033942558746736,-0.1341634866439044
31,30,13,5316.0,5229,87.0,5446.0,5456,-10.0,5680.0,5638,42.0,1.6,3.2,-1.6,0.949169,0.97263,-0.0234609999999999,0.7142857142857143,0.8899755501222494,-0.175689835836535
31,32,14,5739.0,5638,101.0,5848.0,5837,11.0,6034.0,6012,22.0,1.304,3.048,-1.744,0.930596,0.947214,-0.016618,0.7389830508474576,0.9358288770053476,-0.1968458261578899
31,34,15,6112.0,6012,100.0,6239.0,6241,-2.0,6474.0,6472,2.0,1.616,3.232,-1.616,0.907136,0.914956,-0.00782,0.7016574585635359,0.9956521739130436,-0.2939947153495076
31,36,16,6543.0,6472,71.0,6643.0,6627,16.0,6830.0,6769,61.0,1.264,3.088,-1.824,0.84555,0.86022,-0.0146699999999999,0.6968641114982579,0.9562289562289562,-0.2593648447306983
31,38,17,6978.0,6769,209.0,7053.0,7048,5.0,7370.0,7182,188.0,1.68,3.368,-1.688,0.83186,0.83186,0.0,0.3826530612244898,0.648910411622276,-0.2662573503977862
31,39,18,7370.0,7182,188.0,7485.0,7465,20.0,7634.0,7597,37.0,3.456,3.336,0.1200000000000001,0.902248,0.902248,0.0,0.8712121212121212,0.636144578313253,0.2350675428988682
31,41,19,7798.0,7597,201.0,7903.0,7879,24.0,8088.0,8039,49.0,1.984,3.312,-1.3279999999999998,0.87488,0.884653,-0.009773,0.7241379310344828,0.7239819004524887,0.000156030581994
31,43,20,8144.0,8039,105.0,8218.0,8212,6.0,8508.0,8347,161.0,1.0,2.664,-1.664,0.82502,0.8699899999999999,-0.0449699999999999,0.4065934065934066,0.8766233766233766,-0.47002997002997
31,44,21,8508.0,8347,161.0,8615.0,8597,18.0,8795.0,8764,31.0,3.176,3.08,0.096,0.902248,0.902248,0.0,0.7456445993031359,0.8009592326139089,-0.055314633310773
31,46,22,8868.0,8764,104.0,8979.0,8969,10.0,9145.0,9126,19.0,1.4,2.976,-1.576,0.934506,0.934506,0.0,0.8014440433212997,0.8674033149171271,-0.0659592715958273
31,49,23,9296.0,9126,170.0,9400.0,9387,13.0,9581.0,9554,27.0,1.288,3.344,-2.056,0.926686,0.926686,0.0,0.7298245614035088,0.780373831775701,-0.0505492703721921
31,51,24,9659.0,9554,105.0,9783.0,9778,5.0,10019.0,9953,66.0,1.512,3.128,-1.616,0.909091,0.907136,0.001955,0.6888888888888889,0.8771929824561404,-0.1883040935672515
31,52,25,10019.0,9953,66.0,10148.0,10153,-5.0,10378.0,10313,65.0,2.92,3.0,-0.08,0.89345,0.909091,-0.015641,0.7186629526462396,0.8888888888888888,-0.1702259362426492
31,54,26,10449.0,10313,136.0,10560.0,10546,14.0,10732.0,10708,24.0,1.376,3.144,-1.7680000000000002,0.941349,0.941349,0.0,0.784452296819788,0.8202531645569621,-0.035800867737174
31,58,27,11249.0,11201,48.0,11360.0,11349,11.0,11612.0,11539,73.0,2.008,1.848,0.1599999999999999,0.954057,0.945259,0.008798,0.6115702479338843,0.8757396449704142,-0.26416939703653
31,59,28,11612.0,11539,73.0,11746.0,11741,5.0,11975.0,11918,57.0,3.088,3.136,-0.048,0.914956,0.954057,-0.039101,0.7382920110192838,0.934036939313984,-0.1957449282947003
31,61,29,12036.0,11918,118.0,12124.0,12126,-2.0,12329.0,12294,35.0,1.104,3.08,-1.976,0.89932,0.914956,-0.0156359999999999,0.6006825938566553,0.8936170212765957,-0.2929344274199403
31,63,30,12410.0,12294,116.0,12537.0,12530,7.0,12767.0,12674,93.0,1.624,3.232,-1.608,0.84653,0.8944300000000001,-0.0479,0.711484593837535,0.7578947368421053,-0.0464101430045702
31,65,31,12849.0,12674,175.0,12963.0,12941,22.0,13131.0,13095,36.0,1.432,3.288,-1.856,0.89247,0.89247,0.0,0.8085106382978724,0.7315914489311164,0.076919189366756
31,68,32,13275.0,13095,180.0,13348.0,13346,2.0,13575.0,13500,75.0,0.784,3.24,-2.4560000000000004,0.85631,0.85729,-0.0009799999999999,0.4866666666666667,0.7604938271604939,-0.2738271604938271
31,70,33,13649.0,13500,149.0,13771.0,13750,21.0,13932.0,13902,30.0,1.488,3.232,-1.7440000000000002,0.8670599999999999,0.8827,-0.0156400000000001,0.8621908127208481,0.7562189054726368,0.1059719072482112
31,73,34,14095.0,13902,193.0,14209.0,14184,25.0,14369.0,14319,50.0,1.424,3.472,-2.048,0.86315,0.84946,0.0136899999999999,0.8321167883211679,0.6474820143884892,0.1846347739326787
31,75,35,14517.0,14319,198.0,14594.0,14591,3.0,14822.0,14738,84.0,1.624,3.256,-1.6319999999999997,0.87488,0.84653,0.0283499999999999,0.5049180327868852,0.7016706443914081,-0.1967526116045229
31,77,36,14891.0,14738,153.0,14991.0,14970,21.0,15179.0,15107,72.0,1.272,3.032,-1.76,0.826,0.8680399999999999,-0.0420399999999999,0.6944444444444444,0.7425474254742548,-0.0481029810298103
31,79,37,15334.0,15107,227.0,15397.0,15416,-19.0,15424.0,15551,-127.0,1.664,3.568,-1.904,0.47312,0.71456,-0.24144,0.6,0.6081081081081081,-0.0081081081081081
31,83,38,15772.0,15551,221.0,15848.0,15850,-2.0,16066.0,15989,77.0,0.952,3.472,-2.52,0.82796,0.89638,-0.0684199999999999,0.5170068027210885,0.634703196347032,-0.1176963936259435
31,86,39,16210.0,15989,221.0,16283.0,16276,7.0,16428.0,16415,13.0,0.888,3.408,-2.52,0.8827,0.8827,0.0,0.6697247706422018,0.6525821596244131,0.0171426110177886
31,89,40,16604.0,16415,189.0,16714.0,16703,11.0,16869.0,16844,25.0,1.496,3.416,-1.92,0.914956,0.914956,0.0,0.8301886792452831,0.6573426573426573,0.1728460219026257
31,92,41,17038.0,16844,194.0,17142.0,17119,23.0,17315.0,17252,63.0,1.352,3.328,-1.976,0.85826,0.88759,-0.0293299999999999,0.7509025270758123,0.6519607843137255,0.0989417427620867
31,96,42,17906.0,17784,122.0,17983.0,17992,-9.0,18279.0,18215,64.0,0.864,3.208,-2.3440000000000003,0.904203,0.903226,0.000977,0.4128686327077748,0.965197215777262,-0.5523285830694873
31,97,43,18279.0,18215,64.0,18406.0,18390,16.0,18555.0,18642,-87.0,3.384,3.184,0.1999999999999997,0.82893,0.926686,-0.097756,0.9202898550724636,0.819672131147541,0.1006177239249227
31,101,44,18813.0,18642,171.0,18833.0,18859,-26.0,18987.0,18964,23.0,0.728,3.752,-3.024,0.2121199999999999,0.2375379999999999,-0.0254179999999999,0.2298850574712644,0.6521739130434783,-0.4222888555722138
31,104,45,19164.0,18964,200.0,19210.0,19194,16.0,19406.0,19330,76.0,0.656,2.68,-2.024,1.0,1.0,0.0,0.3801652892561983,0.7431693989071038,-0.3630041096509054
31,105,46,19406.0,19330,76.0,19533.0,19543,-10.0,19756.0,19701,55.0,2.584,2.792,-0.2079999999999997,1.0,1.0,0.0,0.7257142857142858,0.8517520215633423,-0.1260377358490565
31,107,47,19834.0,19701,133.0,19953.0,19962,-9.0,20197.0,20143,54.0,1.48,3.352,-1.872,0.97263,1.0,-0.02737,0.6556473829201102,0.8190045248868778,-0.1633571419667676
31,109,48,20259.0,20143,116.0,20338.0,20350,-12.0,20553.0,20528,25.0,1.0,3.104,-2.104,0.99902248,0.99902248,0.0,0.5374149659863945,0.9246753246753248,-0.3872603586889301
31,111,49,20627.0,20528,99.0,20748.0,20742,6.0,20997.0,20916,81.0,1.448,3.136,-1.6880000000000002,0.967742,0.962854,0.004888,0.654054054054054,0.8969072164948454,-0.2428531624407913
31,113,50,21065.0,20916,149.0,21145.0,21151,-6.0,21360.0,21305,55.0,1.016,3.272,-2.256,0.923754,0.967742,-0.043988,0.5423728813559322,0.7917737789203085,-0.2494008975643763
31,115,51,21451.0,21305,146.0,21576.0,21567,9.0,21827.0,21718,109.0,1.584,3.328,-1.7439999999999998,0.86608,0.923754,-0.057674,0.6648936170212766,0.7312348668280872,-0.0663412498068106
31,117,52,21902.0,21718,184.0,22013.0,21994,19.0,22184.0,22138,46.0,1.432,3.416,-1.984,0.8944300000000001,0.8827,0.01173,0.7872340425531915,0.6857142857142857,0.1015197568389058
31,119,53,22354.0,22138,216.0,22462.0,22438,24.0,22646.0,22577,69.0,2.032,3.552,-1.52,0.85533,0.8944300000000001,-0.0391,0.7397260273972603,0.6332574031890661,0.1064686242081942
31,123,54,23219.0,23011,208.0,23309.0,23306,3.0,23465.0,23452,13.0,1.48,3.472,-1.992,0.8641300000000001,0.8641300000000001,0.0,0.7317073170731707,0.6621315192743764,0.0695757977987943
31,126,55,23641.0,23452,189.0,23763.0,23748,15.0,23909.0,23885,24.0,1.568,3.536,-1.968,0.915934,0.915934,0.0,0.9104477611940298,0.6327944572748267,0.277653303919203
31,129,56,24083.0,23885,198.0,24199.0,24175,24.0,24362.0,24319,43.0,1.48,3.416,-1.936,0.906158,0.906158,0.0,0.8315412186379928,0.663594470046083,0.1679467485919098
31,131,57,24448.0,24319,129.0,24577.0,24570,7.0,24811.0,24723,88.0,1.6,3.16,-1.56,0.8641300000000001,0.906158,-0.0420279999999999,0.7107438016528926,0.7574257425742574,-0.0466819409213647
31,135,58,25325.0,25276,49.0,25397.0,25411,-14.0,25617.0,25581,36.0,1.744,1.888,-0.1439999999999999,0.8885639999999999,0.8885639999999999,0.0,0.4931506849315068,0.8852459016393442,-0.3920952167078374
31,137,59,25692.0,25581,111.0,25814.0,25799,15.0,26059.0,25987,72.0,1.448,3.104,-1.656,0.912023,0.960899,-0.0488759999999999,0.6648501362397821,0.9261083743842364,-0.2612582381444543
31,142,60,26519.0,26484,35.0,26637.0,26617,20.0,26789.0,26746,43.0,1.6,1.696,-0.0959999999999998,0.87195,0.908113,-0.0361629999999999,0.8740740740740741,0.9847328244274808,-0.1106587503534067
31,145,61,26915.0,26746,169.0,26987.0,26976,11.0,27153.0,27121,32.0,0.688,2.872,-2.184,0.7673540000000001,0.7673540000000001,0.0,0.6050420168067228,0.7733333333333333,-0.1682913165266105
31,148,62,27304.0,27121,183.0,27364.0,27348,16.0,27608.0,27510,98.0,0.552,2.976,-2.424,0.8915,0.945259,-0.053759,0.3947368421052631,0.8329048843187661,-0.4381680422135029
31,150,63,27666.0,27510,156.0,27740.0,27736,4.0,27967.0,27878,89.0,0.872,3.104,-2.232,0.87195,0.89052,-0.0185699999999999,0.4916943521594684,0.7717391304347826,-0.2800447782753141
31,152,64,28057.0,27878,179.0,28176.0,28161,15.0,28328.0,28307,21.0,1.552,3.4,-1.848,0.88954,0.88954,0.0,0.8782287822878229,0.6806526806526807,0.1975761016351421
31,155,65,28477.0,28307,170.0,28548.0,28542,6.0,28845.0,28689,156.0,0.736,3.048,-2.3120000000000003,0.85239,0.87683,-0.02444,0.3858695652173913,0.7696335078534031,-0.3837639426360117
31,156,66,28845.0,28689,156.0,28915.0,28920,-5.0,29143.0,29219,-76.0,2.936,3.024,-0.088,0.79668,0.80645,-0.0097699999999999,0.4697986577181208,0.8716981132075472,-0.4018994554894264
31,158,67,29287.0,29219,68.0,29352.0,29347,5.0,29505.0,29496,9.0,1.608,3.416,-1.808,0.701856,0.701856,0.0,0.5963302752293578,0.924187725631769,-0.3278574504024112
31,160,68,29582.0,29496,86.0,29706.0,29705,1.0,29956.0,29920,36.0,1.496,2.864,-1.368,0.88074,0.88759,-0.00685,0.6631016042780749,0.9858490566037736,-0.3227474523256987
31,162,69,30016.0,29920,96.0,30090.0,30105,-15.0,30397.0,30354,43.0,0.904,3.2,-2.2960000000000003,0.87683,0.87781,-0.0009799999999999,0.3884514435695538,0.8525345622119815,-0.4640831186424277
31,164,70,30463.0,30354,109.0,30535.0,30545,-10.0,30760.0,30782,-22.0,0.824,3.52,-2.696,0.8260000000000001,0.87683,-0.0508299999999999,0.4848484848484848,0.8925233644859814,-0.4076748796374965
31,167,71,30913.0,30782,131.0,30968.0,30957,11.0,31214.0,31134,80.0,0.568,3.296,-2.728,0.8670599999999999,0.8132900000000001,0.0537699999999998,0.3654485049833886,0.9943181818181818,-0.6288696768347931
31,169,72,31285.0,31134,151.0,31352.0,31364,-12.0,31576.0,31668,-92.0,1.0,3.256,-2.256,0.76832,0.7868999999999999,-0.0185799999999999,0.4604810996563574,0.8614232209737828,-0.4009421213174253
31,172,73,31832.0,31668,164.0,31839.0,31823,16.0,32033.0,31979,54.0,0.272,3.672,-3.4000000000000004,0.8416429999999999,0.83285,0.0087929999999999,0.0696517412935323,0.9967845659163987,-0.9271328246228664
31,175,74,32186.0,31979,207.0,32253.0,32251,2.0,32489.0,32398,91.0,0.808,3.424,-2.616,0.81428,0.8543529999999999,-0.0400729999999999,0.4422442244224422,0.7016706443914081,-0.2594264199689658
31,177,75,32561.0,32398,163.0,32679.0,32656,23.0,32845.0,32803,42.0,1.456,3.24,-1.7840000000000005,0.8670599999999999,0.86804,-0.00098,0.8309859154929577,0.7259259259259259,0.1050599895670318
31,179,76,33015.0,32803,212.0,33129.0,33102,27.0,33292.0,33241,51.0,2.12,3.568,-1.448,0.909091,0.8739,0.0351909999999999,0.8231046931407943,0.634703196347032,0.1884014967937622
31,185,77,33902.0,33720,182.0,33957.0,33938,19.0,34199.0,34141,58.0,0.512,3.08,-2.568,0.8690100000000001,0.89932,-0.0303099999999999,0.3703703703703703,0.9643705463182898,-0.5940001759479194
31,187,78,34265.0,34141,124.0,34330.0,34324,6.0,34562.0,34579,-17.0,0.704,3.088,-2.3840000000000003,0.89345,0.89345,0.0,0.4377104377104377,0.8356164383561644,-0.3979060006457267
31,190,79,34711.0,34579,132.0,34766.0,34748,18.0,35008.0,34934,74.0,0.544,3.392,-2.848,0.902248,0.8827,0.0195479999999999,0.3703703703703703,0.952112676056338,-0.5817423056859676
31,192,80,35083.0,34934,149.0,35143.0,35148,-5.0,35375.0,35328,47.0,0.848,3.2,-2.3520000000000003,0.706749,0.7057709999999999,0.000978,0.410958904109589,0.9137055837563453,-0.5027466796467561
31,194,81,35436.0,35328,108.0,35507.0,35529,-22.0,35520.0,35718,-198.0,0.984,3.048,-2.064,0.56403,0.929619,-0.3655889999999999,0.3095238095238095,0.9692307692307692,-0.6597069597069597
31,197,82,35877.0,35718,159.0,35938.0,35925,13.0,36179.0,36098,81.0,0.592,3.168,-2.576,0.89834,0.907136,-0.0087959999999999,0.4039735099337748,0.9105263157894736,-0.5065528058556988
31,199,83,36246.0,36098,148.0,36312.0,36320,-8.0,36621.0,36575,46.0,0.968,3.16,-2.192,0.7087,0.73314,-0.02444,0.352,0.9308176100628932,-0.5788176100628931
31,200,84,36621.0,36575,46.0,36739.0,36717,22.0,36901.0,36859,42.0,3.416,3.176,0.2399999999999997,0.919844,0.919844,0.0,0.8428571428571429,1.0,-0.1571428571428571
31,202,85,37044.0,36859,185.0,37118.0,37126,-8.0,37350.0,37317,33.0,1.608,3.272,-1.6639999999999997,0.860219,0.860219,0.0,0.4836601307189542,0.8340611353711791,-0.3504010046522249
31,204,86,37418.0,37317,101.0,37491.0,37500,-9.0,37701.0,37647,54.0,1.0,2.992,-1.992,0.828931,0.855324,-0.026393,0.5159010600706714,0.8909090909090909,-0.3750080308384195
31,207,87,37854.0,37647,207.0,37925.0,37919,6.0,38159.0,38083,76.0,0.696,3.352,-2.656,0.903226,0.905181,-0.001955,0.4655737704918032,0.7522935779816513,-0.286719807489848
31,210,88,38315.0,38083,232.0,38363.0,38341,22.0,38527.0,38597,-70.0,0.544,3.376,-2.832,0.8172,0.898336,-0.0811359999999999,0.4528301886792453,0.9961089494163424,-0.5432787607370971
31,212,89,38670.0,38597,73.0,38743.0,38738,5.0,38968.0,38891,77.0,1.64,3.176,-1.5360000000000005,0.89541,0.83284,0.06257,0.4899328859060402,0.9591836734693876,-0.4692507875633475
31,214,90,39067.0,38891,176.0,39187.0,39179,8.0,39426.0,39354,72.0,1.48,3.528,-2.048,0.925709,0.89541,0.0302989999999999,0.6685236768802229,0.755939524838013,-0.0874158479577901
31,216,91,39497.0,39354,143.0,39608.0,39602,6.0,39867.0,39823,44.0,1.344,3.384,-2.04,0.924731,0.925709,-0.000978,0.6,0.9424307036247336,-0.3424307036247335
31,218,92,39934.0,39823,111.0,40004.0,40008,-4.0,40230.0,40173,57.0,0.768,3.248,-2.4800000000000004,0.83577,0.883671,-0.0479009999999999,0.472972972972973,0.9428571428571428,-0.4698841698841698
31,221,93,40388.0,40173,215.0,40447.0,40439,8.0,40839.0,40587,252.0,0.728,3.448,-2.72,0.82991,0.87683,-0.0469199999999999,0.261640798226164,0.7149758454106281,-0.453335047184464
31,222,94,40839.0,40587,252.0,40903.0,40921,-18.0,41125.0,41082,43.0,3.648,3.856,-0.2079999999999997,0.860212,0.8523919999999999,0.00782,0.4475524475524476,0.6505050505050505,-0.2029526029526028
31,224,95,41220.0,41082,138.0,41347.0,41337,10.0,41661.0,41602,59.0,1.56,3.328,-1.7679999999999998,0.910068,0.979472,-0.069404,0.5759637188208617,0.9807692307692308,-0.404805511948369
31,225,96,41661.0,41602,59.0,41794.0,41782,12.0,42003.0,41932,71.0,3.576,3.56,0.016,0.82991,0.910068,-0.0801579999999999,0.7777777777777778,0.9090909090909092,-0.1313131313131312
31,226,97,42003.0,41932,71.0,42069.0,42074,-5.0,42295.0,42229,66.0,2.2,2.336,-0.1359999999999996,0.907136,0.82796,0.0791759999999999,0.452054794520548,0.9562289562289562,-0.5041741617084082
31,228,98,42450.0,42229,221.0,42524.0,42529,-5.0,42754.0,42683,71.0,1.632,3.64,-2.008,0.912023,0.907136,0.004887,0.4868421052631578,0.6784140969162995,-0.1915719916531416
31,230,99,42922.0,42683,239.0,42986.0,43006,-20.0,43020.0,43161,-141.0,1.688,3.816,-2.128,0.522,0.8817240000000001,-0.359724,0.6938775510204082,0.6485355648535565,0.0453419861668517
31,235,100,43464.0,43161,303.0,43503.0,43480,23.0,43668.0,43655,13.0,0.568,3.792,-3.224,0.899311,0.908109,-0.0087979999999999,0.3823529411764705,0.708502024291498,-0.3261490831150274
31,238,101,43814.0,43655,159.0,43878.0,43865,13.0,44115.0,44166,-51.0,0.648,3.08,-2.432,0.86999,0.916911,-0.0469209999999999,0.4252491694352159,0.821917808219178,-0.3966686387839621
31,240,102,44207.0,44166,41.0,44338.0,44351,-13.0,44568.0,44530,38.0,1.656,3.888,-2.232,0.911046,0.911046,0.0,0.7257617728531855,0.9835164835164836,-0.2577547106632979
31,243,103,44732.0,44530,202.0,44827.0,44819,8.0,45106.0,45048,58.0,1.256,3.744,-2.4880000000000004,0.88368,0.911046,-0.027366,0.5080213903743316,0.8841698841698842,-0.3761484937955526
31,245,104,45178.0,45048,130.0,45246.0,45250,-4.0,45473.0,45415,58.0,0.784,3.448,-2.664,0.89345,0.88368,0.0097699999999999,0.4610169491525423,0.8991825613079019,-0.4381656121553595
31,248,105,45630.0,45415,215.0,45691.0,45690,1.0,46017.0,45983,34.0,0.768,3.52,-2.752,0.70967,0.7184699999999999,-0.0087999999999999,0.3152454780361757,0.9683098591549296,-0.6530643811187539
31,249,106,46017.0,45983,34.0,46141.0,46143,-2.0,46382.0,46310,72.0,3.6,3.624,-0.024,0.908113,0.8817200000000001,0.0263929999999998,0.6794520547945205,0.9785932721712538,-0.2991412173767332
31,252,107,46538.0,46310,228.0,46612.0,46611,1.0,46850.0,46775,75.0,0.896,3.744,-2.8480000000000003,0.905176,0.906153,-0.000977,0.4743589743589743,0.7053763440860215,-0.2310173697270471
31,255,108,47001.0,46775,226.0,47045.0,47032,13.0,47302.0,47255,47.0,0.528,3.368,-2.84,0.912023,0.911046,0.000977,0.292358803986711,0.9291666666666668,-0.6368078626799557
31,258,109,47465.0,47255,210.0,47488.0,47459,29.0,47668.0,47641,27.0,0.488,3.416,-2.928,0.8133,0.841643,-0.028343,0.2266009852216748,0.9430051813471504,-0.7164041961254755
31,261,110,47812.0,47641,171.0,47849.0,47831,18.0,48024.0,47990,34.0,0.392,2.976,-2.584,0.926686,0.926686,0.0,0.3490566037735849,0.9111747851002864,-0.5621181813267015
31,264,111,48183.0,47990,193.0,48253.0,48267,-14.0,48477.0,48432,45.0,0.88,3.488,-2.608,0.890516,0.885629,0.0048869999999999,0.4761904761904761,0.746606334841629,-0.2704158586511528
31,267,112,48634.0,48432,202.0,48679.0,48656,23.0,48846.0,48802,44.0,0.48,3.112,-2.632,0.899316,0.922776,-0.02346,0.4245283018867924,0.7891891891891891,-0.3646608873023966
31,270,113,49008.0,48802,206.0,49080.0,49079,1.0,49310.0,49245,65.0,0.792,3.384,-2.592,0.922776,0.918866,0.00391,0.4768211920529801,0.7494356659142212,-0.272614473861241
31,273,114,49472.0,49245,227.0,49537.0,49548,-11.0,49768.0,49735,33.0,0.752,3.752,-3.0,0.913974,0.913974,0.0,0.4391891891891891,0.763265306122449,-0.3240761169332599
31,275,115,49840.0,49735,105.0,49952.0,49929,23.0,50141.0,50079,62.0,1.336,3.048,-1.712,0.88661,0.936461,-0.0498509999999999,0.7441860465116279,0.872093023255814,-0.127906976744186
31,277,116,50264.0,50079,185.0,50359.0,50346,13.0,50681.0,50621,60.0,1.656,3.336,-1.68,0.8543499999999999,0.88661,-0.03226,0.4556354916067147,0.985239852398524,-0.5296043607918093
31,279,117,50755.0,50621,134.0,50814.0,50796,18.0,50974.0,50948,26.0,0.608,3.6,-2.992,0.88368,0.88368,0.0,0.5388127853881279,0.9296636085626911,-0.3908508231745632
31,282,118,51150.0,50948,202.0,51272.0,51257,15.0,51438.0,51407,31.0,1.552,3.688,-2.136,0.86022,0.86315,-0.0029299999999999,0.8472222222222222,0.6535947712418301,0.1936274509803921
31,285,119,51691.0,51407,284.0,51733.0,51707,26.0,51974.0,51888,86.0,0.552,3.6,-3.048,0.87879,0.87097,0.0078199999999999,0.2968197879858657,0.7525987525987525,-0.4557789646128868
31,287,120,52052.0,51888,164.0,52113.0,52110,3.0,52349.0,52299,50.0,0.664,3.224,-2.56,0.910068,0.901271,0.0087969999999999,0.4107744107744108,0.9197080291970804,-0.5089336184226695
31,289,121,52417.0,52299,118.0,52493.0,52500,-7.0,52708.0,52657,51.0,0.952,3.12,-2.168,0.928641,0.911046,0.017595,0.5223367697594501,0.8770949720670391,-0.354758202307589
31,292,122,52871.0,52657,214.0,52908.0,52883,25.0,53176.0,53153,23.0,0.504,3.064,-2.56,0.957967,0.957967,0.0,0.2426229508196721,0.9112903225806452,-0.668667371760973
31,295,123,53336.0,53153,183.0,53388.0,53384,4.0,53634.0,53604,30.0,0.624,4.008,-3.384,0.961877,0.961877,0.0,0.3489932885906041,0.975609756097561,-0.6266164675069569
31,298,124,53784.0,53604,180.0,53821.0,53800,21.0,54076.0,53997,79.0,0.368,3.328,-2.96,0.88759,0.950147,-0.0625569999999999,0.2534246575342466,0.9974554707379136,-0.7440308132036669
31,300,125,54145.0,53997,148.0,54204.0,54181,23.0,54461.0,54433,28.0,0.544,3.048,-2.504,0.931574,0.931574,0.0,0.3734177215189873,0.8440366972477065,-0.4706189757287191
31,303,126,54617.0,54433,184.0,54655.0,54643,12.0,54917.0,54852,65.0,0.48,3.696,-3.216,0.935484,0.901271,0.0342129999999999,0.2533333333333333,0.9976133651551312,-0.7442800318217979
31,306,127,55075.0,54852,223.0,55126.0,55113,13.0,55371.0,55321,50.0,0.6,3.76,-3.16,0.918866,0.935484,-0.016618,0.3445945945945946,0.8869936034115139,-0.5423990088169193
31,309,128,55531.0,55321,210.0,55572.0,55553,19.0,55824.0,55751,73.0,0.504,3.52,-3.016,0.909091,0.918866,-0.0097749999999999,0.2798634812286689,0.9209302325581395,-0.6410667513294707
31,311,129,55898.0,55751,147.0,55961.0,55963,-2.0,56197.0,56149,48.0,0.768,3.28,-2.512,0.869014,0.865104,0.0039099999999999,0.4214046822742475,0.9346733668341708,-0.5132686845599234
31,313,130,56267.0,56149,118.0,56376.0,56357,19.0,56565.0,56540,25.0,1.296,3.152,-1.856,0.940371,0.940371,0.0,0.7315436241610738,0.9360613810741688,-0.204517756913095
31,316,131,56724.0,56540,184.0,56786.0,56797,-11.0,57020.0,56982,38.0,0.784,3.52,-2.736,0.790808,0.790808,0.0,0.4189189189189189,0.8371040723981901,-0.4181851534792711
31,318,132,57089.0,56982,107.0,57154.0,57166,-12.0,57382.0,57315,67.0,0.912,2.952,-2.04,0.793746,0.775173,0.0185729999999999,0.4436860068259386,0.8948948948948949,-0.4512088880689563
31,321,133,57543.0,57315,228.0,57604.0,57612,-8.0,57913.0,57828,85.0,0.736,3.568,-2.832,0.86217,0.900296,-0.0381259999999999,0.3297297297297297,0.8421052631578947,-0.512375533428165
31,323,134,57990.0,57828,162.0,58039.0,58018,21.0,58283.0,58219,64.0,0.52,3.248,-2.728,0.904203,0.8641300000000001,0.0400729999999999,0.3344709897610921,0.9718670076726342,-0.6373960179115421
31,325,135,58356.0,58219,137.0,58416.0,58417,-1.0,58646.0,58600,46.0,0.744,3.192,-2.4480000000000004,0.843598,0.833823,0.0097749999999999,0.4137931034482759,0.9606299212598424,-0.5468368178115666
31,327,136,58717.0,58600,117.0,58782.0,58786,-4.0,59015.0,58970,45.0,0.784,2.952,-2.168,0.829911,0.828934,0.000977,0.436241610738255,0.9945945945945946,-0.5583529838563396
31,330,137,59167.0,58970,197.0,59211.0,59191,20.0,59456.0,59402,54.0,0.52,3.24,-2.72,0.931574,0.924731,0.006843,0.3044982698961938,0.976851851851852,-0.6723535819556581
31,332,138,59528.0,59402,126.0,59590.0,59587,3.0,59836.0,59767,69.0,0.72,3.168,-2.4480000000000004,0.825028,0.842624,-0.017596,0.4025974025974026,0.9863013698630136,-0.583703967265611
32,3,1,327.0,238,89.0,391.0,385,6.0,525.0,534,-9.0,0.896,2.424,-1.528,1.63688,1.65823,-0.0213499999999999,0.6464646464646464,0.9932432432432432,-0.3467785967785968
32,5,2,607.0,534,73.0,672.0,668,4.0,806.0,817,-11.0,0.936,2.264,-1.3279999999999998,1.57277,1.63297,-0.0602,0.6532663316582914,0.9469964664310954,-0.2937301347728039
32,7,3,886.0,817,69.0,952.0,950,2.0,1084.0,1096,-12.0,0.968,2.256,-1.2879999999999998,1.43884,1.5301,-0.0912600000000001,0.6666666666666667,0.953405017921147,-0.2867383512544802
32,9,4,1162.0,1096,66.0,1229.0,1224,5.0,1359.0,1403,-44.0,0.976,2.192,-1.2160000000000002,1.50098,1.59419,-0.09321,0.6802030456852792,0.8338762214983714,-0.1536731758130921
32,11,5,1444.0,1403,41.0,1556.0,1536,20.0,1717.0,1689,28.0,1.36,2.496,-1.136,1.74756,1.74756,0.0,0.8205128205128205,0.93006993006993,-0.1095571095571096
32,13,6,1781.0,1689,92.0,1846.0,1831,15.0,1994.0,1981,13.0,0.744,2.36,-1.616,1.64659,1.64853,-0.00194,0.6103286384976525,0.9726027397260274,-0.3622741012283749
32,15,7,2066.0,1981,85.0,2130.0,2118,12.0,2272.0,2273,-1.0,0.8,2.296,-1.4959999999999998,1.7262499999999998,1.7262499999999998,0.0,0.6213592233009708,0.9383561643835616,-0.3169969410825908
32,17,8,2354.0,2273,81.0,2417.0,2410,7.0,2554.0,2598,-44.0,0.88,2.336,-1.456,1.63492,1.67375,-0.0388300000000001,0.63,0.8430769230769231,-0.213076923076923
32,19,9,2642.0,2598,44.0,2753.0,2732,21.0,2917.0,2880,37.0,1.336,2.576,-1.24,1.58636,1.56112,0.0252399999999999,0.8072727272727273,0.950354609929078,-0.1430818826563508
32,20,10,2917.0,2880,37.0,3034.0,3013,21.0,3193.0,3169,24.0,2.248,2.248,0.0,1.57279,1.57279,0.0,0.8478260869565217,0.9204152249134948,-0.072589137956973
32,22,11,3261.0,3169,92.0,3326.0,3312,14.0,3473.0,3477,-4.0,0.76,2.392,-1.632,1.69514,1.69903,-0.0038899999999999,0.6132075471698113,0.9285714285714286,-0.3153638814016173
32,24,12,3556.0,3477,79.0,3619.0,3616,3.0,3756.0,3749,7.0,0.896,2.432,-1.536,1.49122,1.5727699999999998,-0.0815499999999997,0.63,0.9779411764705882,-0.3479411764705882
32,26,13,3821.0,3749,72.0,3883.0,3871,12.0,4028.0,4032,-4.0,0.784,2.04,-1.256,1.59414,1.59414,0.0,0.5990338164251208,0.8621908127208481,-0.2631569962957273
32,28,14,4111.0,4032,79.0,4175.0,4171,4.0,4313.0,4324,-11.0,0.896,2.4,-1.504,1.62329,1.69319,-0.0698999999999998,0.6336633663366337,0.952054794520548,-0.3183914281839143
32,30,15,4394.0,4324,70.0,4461.0,4457,4.0,4591.0,4650,-59.0,0.968,2.288,-1.3199999999999998,1.46791,1.58248,-0.1145699999999998,0.6802030456852792,0.8159509202453987,-0.1357478745601195
32,33,16,4731.0,4650,81.0,4799.0,4783,16.0,4949.0,4937,12.0,0.736,2.608,-1.872,1.70678,1.70678,0.0,0.6238532110091743,0.926829268292683,-0.3029760572835086
32,35,17,5025.0,4937,88.0,5088.0,5080,8.0,5232.0,5239,-7.0,0.808,2.376,-1.5679999999999998,1.72038,1.77087,-0.0504899999999999,0.6086956521739131,0.9470198675496688,-0.3383242153757557
32,37,18,5311.0,5239,72.0,5376.0,5372,4.0,5513.0,5554,-41.0,0.912,2.336,-1.424,1.64853,1.72232,-0.0737899999999998,0.6435643564356436,0.8444444444444444,-0.2008800880088008
32,39,19,5596.0,5554,42.0,5710.0,5690,20.0,5871.0,5846,25.0,1.368,2.544,-1.176,1.65243,1.65243,0.0,0.8290909090909091,0.9315068493150684,-0.1024159402241593
32,41,20,5936.0,5846,90.0,6002.0,5988,14.0,6149.0,6151,-2.0,0.76,2.384,-1.624,1.71848,1.71848,0.0,0.619718309859155,0.9311475409836064,-0.3114292311244515
32,43,21,6235.0,6151,84.0,6300.0,6297,3.0,6436.0,6479,-43.0,0.92,2.472,-1.552,1.54365,1.62909,-0.0854400000000001,0.6467661691542288,0.8902439024390244,-0.2434777332847956
32,45,22,6518.0,6479,39.0,6633.0,6614,19.0,6793.0,6775,18.0,1.392,2.536,-1.144,1.67767,1.67767,0.0,0.8363636363636364,0.9121621621621622,-0.0757985257985257
32,47,23,6862.0,6775,87.0,6928.0,6917,11.0,7073.0,7070,3.0,0.784,2.424,-1.64,1.76699,1.76699,0.0,0.6255924170616114,0.9627118644067796,-0.3371194473451683
32,49,24,7150.0,7070,80.0,7212.0,7205,7.0,7353.0,7387,-34.0,0.848,2.304,-1.456,1.60586,1.6835300000000002,-0.0776700000000001,0.6108374384236452,0.8517350157728707,-0.2408975773492254
32,51,25,7441.0,7387,54.0,7544.0,7522,22.0,7714.0,7684,30.0,1.288,2.536,-1.248,1.6136,1.6136,0.0,0.7545787545787546,0.9090909090909092,-0.1545121545121545
32,53,26,7767.0,7684,83.0,7840.0,7823,17.0,7991.0,7976,15.0,0.72,2.408,-1.688,1.73589,1.73589,0.0,0.6517857142857143,0.952054794520548,-0.3002690802348337
32,55,27,8062.0,7976,86.0,8127.0,8116,11.0,8271.0,8306,-35.0,0.792,2.344,-1.5519999999999998,1.74755,1.74755,0.0,0.6220095693779905,0.8484848484848485,-0.226475279106858
32,57,28,8363.0,8306,57.0,8456.0,8440,16.0,8637.0,8608,29.0,1.208,2.592,-1.384,1.66986,1.66986,0.0,0.6788321167883211,0.8874172185430463,-0.2085851017547252
32,59,29,8699.0,8608,91.0,8766.0,8750,16.0,8914.0,8917,-3.0,0.744,2.48,-1.736,1.63104,1.65434,-0.0232999999999998,0.6232558139534884,0.919093851132686,-0.2958380371791976
32,61,30,8999.0,8917,82.0,9064.0,9060,4.0,9201.0,9230,-29.0,0.904,2.48,-1.576,1.67767,1.73204,-0.05437,0.6435643564356436,0.9137380191693292,-0.2701736627336855
32,63,31,9287.0,9230,57.0,9384.0,9367,17.0,9564.0,9533,31.0,1.248,2.456,-1.208,1.4893299999999998,1.4893299999999998,0.0,0.7003610108303249,0.9042904290429042,-0.2039294182125793
32,65,32,9615.0,9533,82.0,9689.0,9670,19.0,9840.0,9820,20.0,0.712,2.424,-1.712,1.69906,1.69906,0.0,0.6577777777777778,0.9547038327526132,-0.2969260549748355
32,67,33,9910.0,9820,90.0,9975.0,9961,14.0,10120.0,10123,-3.0,0.768,2.328,-1.5599999999999998,1.77668,1.77668,0.0,0.6190476190476191,0.9306930693069306,-0.3116454502593115
32,69,34,10205.0,10123,82.0,10269.0,10265,4.0,10405.0,10438,-33.0,0.904,2.432,-1.528,1.6505,1.7165199999999998,-0.0660199999999999,0.64,0.9015873015873016,-0.2615873015873016
32,71,35,10490.0,10438,52.0,10597.0,10576,21.0,10765.0,10754,11.0,1.312,2.488,-1.176,1.52235,1.52235,0.0,0.7781818181818182,0.8734177215189873,-0.0952359033371691
32,73,36,10839.0,10754,85.0,10904.0,10894,10.0,11046.0,11056,-10.0,0.808,2.544,-1.736,1.73786,1.74757,-0.0097100000000001,0.6280193236714976,0.9271523178807948,-0.299132994209297
32,75,37,11132.0,11056,76.0,11198.0,11197,1.0,11332.0,11358,-26.0,0.952,2.424,-1.472,1.41743,1.52617,-0.10874,0.6599999999999999,0.933774834437086,-0.2737748344370861
32,77,38,11415.0,11358,57.0,11513.0,11493,20.0,11690.0,11643,47.0,1.264,2.368,-1.104,1.5728,1.53784,0.0349599999999998,0.7127272727272727,0.9473684210526316,-0.2346411483253589
32,78,39,11690.0,11643,47.0,11797.0,11775,22.0,11965.0,11948,17.0,2.272,2.256,0.016,1.64078,1.64078,0.0,0.7781818181818182,0.8655737704918033,-0.087391952309985
32,80,40,12033.0,11948,85.0,12099.0,12088,11.0,12244.0,12242,2.0,0.784,2.504,-1.72,1.7514500000000002,1.7514500000000002,0.0,0.6255924170616114,0.9523809523809524,-0.3267885353193409
32,82,41,12321.0,12242,79.0,12384.0,12379,5.0,12525.0,12519,6.0,0.856,2.328,-1.472,1.57868,1.66412,-0.0854400000000001,0.6176470588235294,0.9891696750902528,-0.3715226162667232
32,84,42,12590.0,12519,71.0,12654.0,12643,11.0,12797.0,12832,-35.0,0.808,2.112,-1.304,1.71258,1.71258,0.0,0.6183574879227054,0.792332268370607,-0.1739747804479016
32,86,43,12888.0,12832,56.0,12985.0,12967,18.0,13164.0,13171,-7.0,1.232,2.592,-1.36,1.65824,1.65824,0.0,0.7028985507246377,0.7964601769911505,-0.0935616262665127
32,88,44,13248.0,13171,77.0,13312.0,13308,4.0,13452.0,13482,-30.0,0.88,2.728,-1.8480000000000003,1.6349399999999998,1.7164899999999998,-0.08155,0.6274509803921569,0.8810289389067524,-0.2535779585145955
32,90,45,13540.0,13482,58.0,13636.0,13618,18.0,13813.0,13763,50.0,1.248,2.48,-1.232,1.57085,1.50872,0.06213,0.7032967032967032,0.9679715302491104,-0.264674826952407
32,91,46,13813.0,13763,50.0,13915.0,13895,20.0,14089.0,14063,26.0,2.232,2.216,0.016,1.3942,1.3942,0.0,0.7391304347826086,0.88,-0.1408695652173913
32,93,47,14153.0,14063,90.0,14218.0,14204,14.0,14367.0,14338,29.0,0.744,2.472,-1.728,1.67765,1.67765,0.0,0.6074766355140186,0.9745454545454544,-0.3670688190314358
32,94,48,14367.0,14338,29.0,14483.0,14463,20.0,14640.0,14612,28.0,2.12,2.072,0.048,1.60197,1.60197,0.0,0.8498168498168498,0.9124087591240876,-0.0625919093072377
32,96,49,14700.0,14612,88.0,14768.0,14751,17.0,14917.0,14912,5.0,0.736,2.304,-1.5679999999999998,1.61749,1.63885,-0.02136,0.6267281105990783,0.9266666666666666,-0.2999385560675883
32,98,50,15000.0,14912,88.0,15065.0,15060,5.0,15202.0,15235,-33.0,0.888,2.472,-1.584,1.6485800000000002,1.71072,-0.0621399999999998,0.6435643564356436,0.9164086687306502,-0.2728443122950066
32,100,51,15290.0,15235,55.0,15393.0,15371,22.0,15564.0,15530,34.0,1.304,2.488,-1.184,1.59995,1.59607,0.0038800000000001,0.7518248175182481,0.9220338983050848,-0.1702090807868366
32,101,52,15564.0,15530,34.0,15684.0,15665,19.0,15840.0,15803,37.0,2.328,2.352,-0.024,1.67771,1.65246,0.0252499999999999,0.8695652173913043,0.989010989010989,-0.1194457716196847
32,103,53,15930.0,15803,127.0,16002.0,15999,3.0,16213.0,16169,44.0,0.984,2.672,-1.6880000000000002,1.80776,1.83301,-0.0252499999999999,0.5088339222614842,0.9289617486338798,-0.4201278263723956
32,104,54,16213.0,16169,44.0,16322.0,16302,20.0,16487.0,16463,24.0,2.56,2.424,0.1360000000000001,1.7378900000000002,1.7378900000000002,0.0,0.7956204379562044,0.9047619047619048,-0.1091414668057003
32,106,55,16554.0,16463,91.0,16619.0,16606,13.0,16765.0,16761,4.0,0.76,2.432,-1.672,1.76893,1.76893,0.0,0.6161137440758293,0.9597315436241612,-0.3436177995483318
32,108,56,16846.0,16761,85.0,16909.0,16903,6.0,17047.0,17059,-12.0,0.872,2.376,-1.504,1.67765,1.74561,-0.0679600000000002,0.6268656716417911,0.953020134228188,-0.3261544625863968
32,110,57,17129.0,17059,70.0,17197.0,17193,4.0,17331.0,17382,-51.0,0.96,2.32,-1.36,1.64657,1.74948,-0.10291,0.6732673267326732,0.8297213622291022,-0.156454035496429
32,112,58,17412.0,17382,30.0,17534.0,17516,18.0,17689.0,17673,16.0,1.44,2.584,-1.144,1.70486,1.70486,0.0,0.8808664259927798,0.9209621993127148,-0.040095773319935
32,114,59,17761.0,17673,88.0,17825.0,17814,11.0,17968.0,17981,-13.0,0.792,2.384,-1.592,1.68349,1.68349,0.0,0.6183574879227054,0.9155844155844156,-0.2972269276617102
32,116,60,18054.0,17981,73.0,18122.0,18118,4.0,18253.0,18279,-26.0,0.96,2.432,-1.472,1.55342,1.64468,-0.0912600000000001,0.6834170854271358,0.9194630872483222,-0.2360460018211864
32,118,61,18338.0,18279,59.0,18430.0,18414,16.0,18611.0,18592,19.0,1.216,2.368,-1.152,1.50101,1.50101,0.0,0.673992673992674,0.8626198083067093,-0.1886271343140352
32,120,62,18674.0,18592,82.0,18741.0,18727,14.0,18888.0,18903,-15.0,0.76,2.504,-1.744,1.7631,1.7631,0.0,0.6261682242990654,0.8681672025723473,-0.2419989782732818
32,122,63,18976.0,18903,73.0,19045.0,19042,3.0,19175.0,19244,-69.0,0.984,2.52,-1.536,1.4388800000000002,1.56704,-0.1281599999999998,0.6934673366834171,0.81524926686217,-0.1217819301787529
32,125,64,19323.0,19244,79.0,19388.0,19377,11.0,19534.0,19529,5.0,0.768,2.68,-1.912,1.73009,1.73009,0.0,0.6161137440758293,0.9333333333333332,-0.317219589257504
32,127,65,19609.0,19529,80.0,19672.0,19663,9.0,19813.0,19842,-29.0,0.832,2.288,-1.456,1.65441,1.70101,-0.0466000000000002,0.6176470588235294,0.8562300319488818,-0.2385829731253523
32,129,66,19903.0,19842,61.0,19989.0,19977,12.0,20179.0,20137,42.0,1.152,2.512,-1.36,1.4951,1.45433,0.0407699999999999,0.6231884057971014,0.9152542372881356,-0.2920658314910341
32,130,67,20179.0,20137,42.0,20295.0,20274,21.0,20454.0,20426,28.0,2.448,2.376,0.072,1.5942,1.5942,0.0,0.8436363636363636,0.9480968858131488,-0.1044605221767851
32,132,68,20511.0,20426,85.0,20581.0,20565,16.0,20731.0,20718,13.0,0.728,2.328,-1.6,1.65244,1.6602,-0.0077599999999999,0.6363636363636364,0.952054794520548,-0.3156911581569116
32,134,69,20803.0,20718,85.0,20867.0,20857,10.0,21010.0,21007,3.0,0.792,2.336,-1.5439999999999998,1.72039,1.72039,0.0,0.6183574879227054,0.9619377162629758,-0.3435802283402703
32,136,70,21090.0,21007,83.0,21152.0,21147,5.0,21292.0,21296,-4.0,0.856,2.32,-1.464,1.59613,1.6505,-0.05437,0.6138613861386139,0.9688581314878892,-0.3549967453492754
32,138,71,21369.0,21296,73.0,21433.0,21428,5.0,21571.0,21581,-10.0,0.888,2.248,-1.3600000000000003,1.6602,1.72428,-0.0640799999999999,0.6336633663366337,0.9263157894736842,-0.2926524231370505
32,140,72,21652.0,21581,71.0,21718.0,21714,4.0,21851.0,21917,-66.0,0.944,2.288,-1.344,1.55534,1.65825,-0.10291,0.6633165829145728,0.7916666666666666,-0.1283500837520937
32,143,73,21994.0,21917,77.0,22062.0,22046,16.0,22211.0,22200,11.0,0.752,2.656,-1.904,1.73009,1.73009,0.0,0.6267281105990783,0.911660777385159,-0.2849326667860807
32,145,74,22286.0,22200,86.0,22349.0,22341,8.0,22492.0,22504,-12.0,0.824,2.36,-1.536,1.68351,1.76118,-0.0776699999999999,0.6116504854368932,0.9276315789473684,-0.3159810935104752
32,147,75,22572.0,22504,68.0,22639.0,22636,3.0,22775.0,22827,-52.0,0.944,2.36,-1.416,1.66801,1.76898,-0.10097,0.6600985221674878,0.8173374613003096,-0.1572389391328218
32,150,76,22902.0,22827,75.0,22979.0,22961,18.0,23132.0,23119,13.0,0.68,2.6,-1.92,1.6562599999999998,1.6562599999999998,0.0,0.6695652173913044,0.9178082191780822,-0.2482430017867778
32,152,77,23208.0,23119,89.0,23271.0,23262,9.0,23412.0,23401,11.0,0.816,2.408,-1.592,1.70684,1.73209,-0.0252499999999999,0.6176470588235294,0.9858156028368794,-0.36816854401335
32,154,78,23478.0,23401,77.0,23542.0,23528,14.0,23686.0,23692,-6.0,0.768,2.128,-1.36,1.68541,1.68541,0.0,0.6153846153846154,0.872852233676976,-0.2574676182923605
32,156,79,23772.0,23692,80.0,23837.0,23834,3.0,23971.0,23993,-22.0,0.928,2.448,-1.52,1.54179,1.5981,-0.0563099999999998,0.6532663316582914,0.9435215946843852,-0.2902552630260939
32,158,80,24056.0,23993,63.0,24135.0,24129,6.0,24332.0,24305,27.0,1.104,2.36,-1.2559999999999998,1.5359,1.5359,0.0,0.572463768115942,0.8717948717948718,-0.2993311036789298
32,160,81,24387.0,24305,82.0,24458.0,24441,17.0,24610.0,24637,-27.0,0.736,2.496,-1.76,1.69902,1.69902,0.0,0.6367713004484306,0.8192771084337349,-0.1825058079853043
32,162,82,24700.0,24637,63.0,24775.0,24771,4.0,24980.0,24946,34.0,1.032,2.64,-1.608,1.62916,1.62722,0.00194,0.5357142857142857,0.8673139158576052,-0.3315996301433195
32,163,83,24980.0,24946,34.0,25100.0,25082,18.0,25258.0,25228,30.0,2.6,2.488,0.1120000000000001,1.69511,1.69511,0.0,0.8633093525179856,0.9645390070921984,-0.1012296545742129
32,164,84,25258.0,25228,30.0,25379.0,25361,18.0,25535.0,25561,-26.0,2.232,2.232,0.0,1.73397,1.73397,0.0,0.8736462093862816,0.7987987987987988,0.0748474105874827
32,166,85,25625.0,25561,64.0,25696.0,25693,3.0,25828.0,25855,-27.0,1.0,2.656,-1.656,1.44075,1.60191,-0.1611599999999999,0.6995073891625616,0.8979591836734694,-0.1984517945109077
32,168,86,25906.0,25855,51.0,26012.0,25991,21.0,26182.0,26150,32.0,1.328,2.384,-1.0559999999999998,1.57085,1.57085,0.0,0.7681159420289855,0.9220338983050848,-0.1539179562760992
32,169,87,26182.0,26150,32.0,26304.0,26286,18.0,26457.0,26446,11.0,2.336,2.36,-0.024,1.7844799999999998,1.7844799999999998,0.0,0.8872727272727272,0.9189189189189187,-0.0316461916461916
32,171,88,26537.0,26446,91.0,26599.0,26592,7.0,26740.0,26736,4.0,0.832,2.448,-1.616,1.70288,1.7553,-0.0524200000000001,0.6108374384236452,0.993103448275862,-0.3822660098522168
32,173,89,26813.0,26736,77.0,26875.0,26865,10.0,27016.0,27023,-7.0,0.824,2.184,-1.3600000000000003,1.63884,1.6815600000000002,-0.04272,0.6108374384236452,0.8989547038327526,-0.2881172654091073
32,175,90,27101.0,27023,78.0,27165.0,27162,3.0,27299.0,27309,-10.0,0.92,2.376,-1.456,1.5242300000000002,1.58054,-0.0563099999999998,0.6464646464646464,0.972027972027972,-0.3255633255633255
32,177,91,27378.0,27309,69.0,27443.0,27440,3.0,27578.0,27591,-13.0,0.944,2.224,-1.2800000000000002,1.5320300000000002,1.60194,-0.0699099999999999,0.65,0.9290780141843972,-0.2790780141843971
32,179,92,27659.0,27591,68.0,27725.0,27723,2.0,27858.0,27921,-63.0,0.968,2.264,-1.2959999999999998,1.42717,1.55339,-0.12622,0.6633165829145728,0.8,-0.1366834170854272
32,182,93,28003.0,27921,82.0,28070.0,28057,13.0,28217.0,28210,7.0,0.76,2.672,-1.912,1.75922,1.75922,0.0,0.6261682242990654,0.9411764705882352,-0.3150082462891699
32,184,94,28291.0,28210,81.0,28354.0,28344,10.0,28495.0,28499,-4.0,0.824,2.296,-1.472,1.68934,1.734,-0.0446599999999999,0.6176470588235294,0.9273356401384084,-0.3096885813148788
32,186,95,28575.0,28499,76.0,28638.0,28632,6.0,28775.0,28793,-18.0,0.888,2.304,-1.416,1.6329900000000002,1.7145400000000002,-0.08155,0.63,0.9047619047619048,-0.2747619047619047
32,188,96,28859.0,28793,66.0,28931.0,28929,2.0,29060.0,29111,-51.0,1.032,2.376,-1.344,1.24272,1.4136000000000002,-0.1708800000000001,0.7164179104477613,0.8553459119496856,-0.1389280015019243
32,191,97,29197.0,29111,86.0,29264.0,29248,16.0,29412.0,29391,21.0,0.744,2.552,-1.808,1.69907,1.69907,0.0,0.6232558139534884,0.9785714285714284,-0.3553156146179401
32,193,98,29475.0,29391,84.0,29541.0,29525,16.0,29689.0,29671,18.0,0.752,2.216,-1.4640000000000002,1.58833,1.58833,0.0,0.6168224299065421,0.9571428571428572,-0.340320427236315
32,195,99,29753.0,29671,82.0,29820.0,29805,15.0,29965.0,29972,-7.0,0.776,2.24,-1.4640000000000002,1.77285,1.77285,0.0,0.6320754716981132,0.8903654485049834,-0.2582899768068702
32,197,100,30051.0,29972,79.0,30118.0,30117,1.0,30261.0,30320,-59.0,0.936,2.496,-1.56,1.55728,1.7068,-0.1495199999999998,0.638095238095238,0.8333333333333334,-0.1952380952380953
32,200,101,30398.0,30320,78.0,30467.0,30453,14.0,30614.0,30631,-17.0,0.776,2.688,-1.912,1.76116,1.76116,0.0,0.6388888888888888,0.8553054662379421,-0.2164165773490532
32,202,102,30700.0,30631,69.0,30769.0,30766,3.0,30906.0,30950,-44.0,0.984,2.504,-1.52,1.5243099999999998,1.7126599999999998,-0.18835,0.6699029126213591,0.8463949843260188,-0.1764920717046596
32,204,103,30982.0,30950,32.0,31102.0,31084,18.0,31259.0,31249,10.0,1.52,2.544,-1.024,1.81165,1.81165,0.0,0.8664259927797834,0.8963210702341137,-0.0298950774543302
32,206,104,31333.0,31249,84.0,31398.0,31389,9.0,31541.0,31572,-31.0,0.824,2.44,-1.616,1.73009,1.7864,-0.0563099999999998,0.625,0.8668730650154799,-0.2418730650154799
32,208,105,31631.0,31572,59.0,31722.0,31708,14.0,31908.0,31890,18.0,1.184,2.552,-1.368,1.58451,1.58451,0.0,0.6570397111913358,0.8553459119496856,-0.1983062007583498
32,210,106,31974.0,31890,84.0,32040.0,32026,14.0,32188.0,32180,8.0,0.768,2.544,-1.776,1.72618,1.72618,0.0,0.6168224299065421,0.9379310344827586,-0.3211086045762165
32,212,107,32265.0,32180,85.0,32327.0,32318,9.0,32470.0,32472,-2.0,0.824,2.336,-1.512,1.71847,1.75536,-0.03689,0.6048780487804878,0.9452054794520548,-0.340327430671567
32,214,108,32549.0,32472,77.0,32612.0,32606,6.0,32749.0,32757,-8.0,0.88,2.304,-1.424,1.6640700000000002,1.72815,-0.0640799999999999,0.63,0.9403508771929824,-0.3103508771929825
32,216,109,32831.0,32757,74.0,32894.0,32889,5.0,33032.0,33093,-61.0,0.904,2.264,-1.36,1.6369,1.69904,-0.06214,0.6268656716417911,0.7857142857142857,-0.1588486140724946
32,219,110,33171.0,33093,78.0,33241.0,33224,17.0,33393.0,33411,-18.0,0.712,2.68,-1.968,1.69123,1.69123,0.0,0.6306306306306306,0.8238993710691824,-0.1932687404385518
32,221,111,33484.0,33411,73.0,33552.0,33549,3.0,33684.0,33750,-66.0,0.968,2.6,-1.632,1.51451,1.62714,-0.11263,0.6799999999999999,0.8141592920353982,-0.1341592920353982
32,224,112,33831.0,33750,81.0,33897.0,33883,14.0,34044.0,34040,4.0,0.76,2.672,-1.912,1.68345,1.68345,0.0,0.619718309859155,0.9172413793103448,-0.2975230694511899
32,226,113,34122.0,34040,82.0,34185.0,34177,8.0,34326.0,34343,-17.0,0.848,2.352,-1.504,1.6835,1.7301,-0.0465999999999999,0.6176470588235294,0.9042904290429042,-0.2866433702193748
32,228,114,34412.0,34343,69.0,34481.0,34479,2.0,34623.0,34680,-57.0,0.992,2.416,-1.424,1.47183,1.64659,-0.17476,0.6540284360189573,0.8071216617210683,-0.1530932257021109
32,231,115,34758.0,34680,78.0,34825.0,34810,15.0,34956.0,35023,-67.0,0.768,2.648,-1.88,1.64077,1.81941,-0.1786399999999999,0.6767676767676767,0.7580174927113703,-0.0812498159436936
32,233,116,35061.0,35023,38.0,35163.0,35142,21.0,35338.0,35311,27.0,1.336,2.656,-1.32,1.64466,1.7184499999999998,-0.0737899999999998,0.7364620938628159,0.8263888888888888,-0.0899267950260729
32,235,117,35403.0,35311,92.0,35469.0,35455,14.0,35617.0,35609,8.0,0.76,2.504,-1.744,1.71652,1.71652,0.0,0.6168224299065421,0.9664429530201344,-0.3496205231135921
32,237,118,35695.0,35609,86.0,35758.0,35750,8.0,35899.0,35902,-3.0,0.84,2.36,-1.52,1.70095,1.75144,-0.0504900000000001,0.6176470588235294,0.962457337883959,-0.3448102790604296
32,239,119,35979.0,35902,77.0,36042.0,36036,6.0,36179.0,36230,-51.0,0.888,2.288,-1.4,1.59997,1.6854,-0.0854300000000001,0.63,0.8170731707317074,-0.1870731707317073
32,241,120,36267.0,36230,37.0,36380.0,36361,19.0,36542.0,36522,20.0,1.368,2.6,-1.232,1.77278,1.77278,0.0,0.8218181818181818,0.8972602739726028,-0.0754420921544209
32,243,121,36608.0,36522,86.0,36674.0,36660,14.0,36820.0,36803,17.0,0.768,2.392,-1.624,1.72815,1.72815,0.0,0.6226415094339622,0.98220640569395,-0.3595648962599879
32,245,122,36886.0,36803,83.0,36951.0,36936,15.0,37098.0,37088,10.0,0.76,2.208,-1.4480000000000002,1.77285,1.77285,0.0,0.6132075471698113,0.9333333333333332,-0.320125786163522
32,247,123,37174.0,37088,86.0,37237.0,37227,10.0,37378.0,37375,3.0,0.824,2.328,-1.504,1.66989,1.70678,-0.0368899999999998,0.6176470588235294,0.9686411149825784,-0.350994056159049
32,249,124,37455.0,37375,80.0,37517.0,37508,9.0,37655.0,37661,-6.0,0.84,2.248,-1.4080000000000004,1.68157,1.71264,-0.0310699999999999,0.62,0.93006993006993,-0.3100699300699301
32,251,125,37739.0,37661,78.0,37803.0,37798,5.0,37937.0,37980,-43.0,0.912,2.32,-1.408,1.61555,1.66798,-0.0524299999999999,0.6464646464646464,0.8589341692789969,-0.2124695228143505
32,253,126,38021.0,37980,41.0,38133.0,38114,19.0,38295.0,38268,27.0,1.352,2.528,-1.176,1.66408,1.66408,0.0,0.8175182481751825,0.9305555555555556,-0.1130373073803731
32,255,127,38354.0,38268,86.0,38421.0,38405,16.0,38572.0,38560,12.0,0.72,2.328,-1.608,1.70294,1.70294,0.0,0.6146788990825688,0.9383561643835616,-0.3236772653009928
32,257,128,38646.0,38560,86.0,38710.0,38698,12.0,38852.0,38916,-64.0,0.808,2.344,-1.5359999999999998,1.7572800000000002,1.7631,-0.0058199999999999,0.6213592233009708,0.7752808988764045,-0.1539216755754336
32,259,129,38942.0,38916,26.0,39061.0,39043,18.0,39216.0,39208,8.0,1.4,2.76,-1.36,1.78059,1.78059,0.0,0.8686131386861313,0.8698630136986302,-0.0012498750124988
32,261,130,39296.0,39208,88.0,39358.0,39351,7.0,39500.0,39551,-51.0,0.84,2.464,-1.624,1.68929,1.7592,-0.0699099999999999,0.607843137254902,0.8338192419825072,-0.2259761047276052
32,263,131,39589.0,39551,38.0,39701.0,39680,21.0,39865.0,39859,6.0,1.36,2.632,-1.272,1.72624,1.72624,0.0,0.8115942028985508,0.8376623376623377,-0.0260681347637868
32,265,132,39945.0,39859,86.0,40009.0,40002,7.0,40148.0,40146,2.0,0.848,2.576,-1.7280000000000002,1.72038,1.76699,-0.04661,0.6305418719211823,0.9965156794425089,-0.3659738075213264
32,267,133,40222.0,40146,76.0,40285.0,40277,8.0,40426.0,40427,-1.0,0.848,2.2,-1.3520000000000003,1.7048800000000002,1.734,-0.0291199999999998,0.6176470588235294,0.9323843416370108,-0.3147372828134812
32,269,134,40503.0,40427,76.0,40568.0,40560,8.0,40707.0,40718,-11.0,0.88,2.264,-1.384,1.71456,1.8,-0.0854399999999999,0.6372549019607843,0.9140893470790378,-0.2768344451182535
32,271,135,40789.0,40718,71.0,40855.0,40853,2.0,40990.0,40987,3.0,0.944,2.344,-1.4,1.63301,1.72039,-0.08738,0.6567164179104478,0.9962825278810408,-0.3395661099705931
32,273,136,41058.0,40987,71.0,41120.0,41109,11.0,41262.0,41255,7.0,0.832,2.048,-1.2160000000000002,1.68154,1.71066,-0.02912,0.607843137254902,0.9104477611940298,-0.3026046239391278
32,275,137,41335.0,41255,80.0,41398.0,41388,10.0,41541.0,41558,-17.0,0.816,2.232,-1.4160000000000004,1.74949,1.7669700000000002,-0.0174800000000001,0.6116504854368932,0.8778877887788779,-0.2662373033419847
32,277,138,41628.0,41558,70.0,41699.0,41696,3.0,41832.0,41886,-54.0,1.008,2.464,-1.456,1.468,1.63888,-0.1708799999999999,0.696078431372549,0.8414634146341463,-0.1453849832615973
32,280,139,41966.0,41886,80.0,42034.0,42018,16.0,42186.0,42153,33.0,0.736,2.576,-1.84,1.80776,1.80582,0.0019399999999998,0.6181818181818182,0.9887640449438202,-0.370582226762002
32,282,140,42280.0,42153,127.0,42367.0,42356,11.0,42557.0,42510,47.0,1.152,2.704,-1.5520000000000005,1.5961,1.6038599999999998,-0.0077599999999999,0.628158844765343,0.8627450980392157,-0.2345862532738727
32,283,141,42557.0,42510,47.0,42666.0,42645,21.0,42834.0,42807,27.0,2.392,2.312,0.08,1.58057,1.58057,0.0,0.7870036101083032,0.9090909090909092,-0.1220872989826058
32,285,142,42897.0,42807,90.0,42964.0,42947,17.0,43112.0,43103,9.0,0.752,2.416,-1.664,1.68735,1.68735,0.0,0.6232558139534884,0.945945945945946,-0.3226901319924575
32,287,143,43201.0,43103,98.0,43267.0,43265,2.0,43400.0,43416,-16.0,0.936,2.544,-1.608,1.54754,1.6057899999999998,-0.0582499999999999,0.6633165829145728,0.9648562300319488,-0.301539647117376
32,289,144,43484.0,43416,68.0,43551.0,43549,2.0,43681.0,43755,-74.0,0.984,2.272,-1.2879999999999998,1.41355,1.49122,-0.0776699999999999,0.6802030456852792,0.7846607669616519,-0.1044577212763726
32,292,145,43834.0,43755,79.0,43899.0,43886,13.0,44044.0,44035,9.0,0.776,2.696,-1.92,1.75534,1.75534,0.0,0.6190476190476191,0.9357142857142856,-0.3166666666666666
32,294,146,44117.0,44035,82.0,44181.0,44170,11.0,44323.0,44375,-52.0,0.816,2.272,-1.456,1.72233,1.74564,-0.0233100000000001,0.6213592233009708,0.7941176470588236,-0.1727584237578527
32,296,147,44415.0,44375,40.0,44523.0,44503,20.0,44690.0,44666,24.0,1.328,2.664,-1.336,1.7146,1.7146,0.0,0.7854545454545454,0.8797250859106529,-0.0942705404561075
32,298,148,44750.0,44666,84.0,44823.0,44810,13.0,44970.0,44982,-12.0,0.784,2.456,-1.672,1.77475,1.77475,0.0,0.6636363636363636,0.9113924050632912,-0.2477560414269275
32,300,149,45055.0,44982,73.0,45121.0,45119,2.0,45254.0,45278,-24.0,0.952,2.472,-1.52,1.54364,1.63102,-0.08738,0.6633165829145728,0.9256756756756755,-0.2623590927611028
32,302,150,45337.0,45278,59.0,45432.0,45416,16.0,45613.0,45563,50.0,1.232,2.376,-1.144,1.4310999999999998,1.42722,0.0038799999999998,0.6884057971014492,0.968421052631579,-0.2800152555301297
32,303,151,45613.0,45563,50.0,45718.0,45696,22.0,45887.0,45866,21.0,2.288,2.24,0.0479999999999996,1.53786,1.53786,0.0,0.7664233576642336,0.8778877887788779,-0.1114644311146442
32,305,152,45957.0,45866,91.0,46022.0,46009,13.0,46166.0,46172,-6.0,0.776,2.504,-1.728,1.71843,1.71843,0.0,0.6220095693779905,0.934640522875817,-0.3126309534978265
32,307,153,46253.0,46172,81.0,46319.0,46315,4.0,46451.0,46504,-53.0,0.936,2.448,-1.512,1.52038,1.5980500000000002,-0.0776700000000001,0.6666666666666667,0.8614457831325302,-0.1947791164658634
32,309,154,46535.0,46504,31.0,46655.0,46636,19.0,46811.0,46794,17.0,1.416,2.568,-1.152,1.76116,1.76116,0.0,0.8695652173913043,0.9103448275862068,-0.0407796101949026
32,311,155,46880.0,46794,86.0,46946.0,46934,12.0,47090.0,47094,-4.0,0.792,2.384,-1.592,1.75922,1.75922,0.0,0.6285714285714286,0.9333333333333332,-0.3047619047619048
32,313,156,47174.0,47094,80.0,47239.0,47234,5.0,47376.0,47428,-52.0,0.912,2.4,-1.488,1.6699000000000002,1.76893,-0.0990299999999999,0.6435643564356436,0.8383233532934131,-0.1947589968577695
32,315,157,47459.0,47428,31.0,47579.0,47560,19.0,47734.0,47740,-6.0,1.416,2.608,-1.1920000000000002,1.76311,1.76311,0.0,0.8727272727272728,0.8461538461538461,0.0265734265734266
32,317,158,47820.0,47740,80.0,47884.0,47879,5.0,48019.0,48037,-18.0,0.904,2.552,-1.648,1.67376,1.73784,-0.0640799999999999,0.6432160804020101,0.936026936026936,-0.2928108556249259
32,319,159,48103.0,48037,66.0,48173.0,48170,3.0,48304.0,48318,-14.0,1.024,2.328,-1.3039999999999998,1.43104,1.54949,-0.1184499999999999,0.6965174129353233,0.9466192170818504,-0.2501018041465271
32,321,160,48380.0,48318,62.0,48454.0,48450,4.0,48582.0,48648,-66.0,1.056,2.24,-1.1840000000000002,1.34562,1.51067,-0.1650499999999999,0.7326732673267327,0.8,-0.0673267326732673
32,324,161,48729.0,48648,81.0,48794.0,48780,14.0,48938.0,48956,-18.0,0.784,2.64,-1.856,1.78058,1.78058,0.0,0.6220095693779905,0.8571428571428572,-0.2351332877648667
32,326,162,49028.0,48956,72.0,49099.0,49095,4.0,49228.0,49269,-41.0,1.008,2.52,-1.512,1.4349299999999998,1.5533799999999998,-0.1184499999999999,0.71,0.8881789137380192,-0.1781789137380192
32,328,163,49305.0,49269,36.0,49427.0,49408,19.0,49581.0,49561,20.0,1.44,2.504,-1.064,1.73976,1.73976,0.0,0.8840579710144928,0.952054794520548,-0.0679968235060551
32,330,164,49650.0,49561,89.0,49715.0,49702,13.0,49862.0,49872,-10.0,0.768,2.352,-1.584,1.7650400000000002,1.7650400000000002,0.0,0.6132075471698113,0.9067524115755627,-0.2935448644057514
32,332,165,49949.0,49872,77.0,50013.0,50008,5.0,50147.0,50219,-72.0,0.928,2.448,-1.52,1.65435,1.7126,-0.0582500000000001,0.6464646464646464,0.7838616714697406,-0.1373970250050942
32,335,166,50296.0,50219,77.0,50363.0,50346,17.0,50513.0,50515,-2.0,0.752,2.704,-1.952,1.64075,1.64075,0.0,0.6175115207373272,0.8581081081081081,-0.2405965873707809
32,337,167,50597.0,50515,82.0,50660.0,50657,3.0,50801.0,50840,-39.0,0.888,2.488,-1.6,1.64466,1.73786,-0.0931999999999999,0.6176470588235294,0.8738461538461538,-0.2561990950226244
32,339,168,50885.0,50840,45.0,50994.0,50972,22.0,51161.0,51165,-4.0,1.336,2.52,-1.184,1.6175,1.6175,0.0,0.7898550724637681,0.8123076923076923,-0.0224526198439242
32,341,169,51245.0,51165,80.0,51309.0,51303,6.0,51447.0,51472,-25.0,0.88,2.648,-1.7680000000000002,1.6466,1.68932,-0.0427199999999998,0.6336633663366337,0.8990228013029316,-0.2653594349662979
32,343,170,51537.0,51472,65.0,51616.0,51610,6.0,51736.0,51778,-42.0,1.104,2.456,-1.352,1.248546,1.40583,-0.1572839999999999,0.7939698492462312,0.9019607843137256,-0.1079909350674943
32,345,171,51813.0,51778,35.0,51934.0,51914,20.0,52088.0,52077,11.0,1.448,2.432,-0.984,1.68539,1.68539,0.0,0.88,0.9096989966555185,-0.0296989966555184
32,347,172,52173.0,52077,96.0,52238.0,52232,6.0,52375.0,52392,-17.0,0.896,2.544,-1.648,1.68738,1.74564,-0.0582599999999999,0.6435643564356436,0.9841269841269842,-0.3405626276913406
32,349,173,52462.0,52392,70.0,52532.0,52529,3.0,52659.0,52709,-50.0,1.008,2.376,-1.368,1.30292,1.43302,-0.1300999999999998,0.7106598984771574,0.8643533123028391,-0.1536934138256817
32,352,174,52793.0,52709,84.0,52864.0,52846,18.0,53014.0,53016,-2.0,0.72,2.536,-1.816,1.64859,1.64859,0.0,0.6425339366515836,0.8925081433224755,-0.2499742066708918
32,354,175,53100.0,53016,84.0,53166.0,53163,3.0,53304.0,53350,-46.0,0.912,2.536,-1.624,1.6310900000000002,1.74565,-0.1145599999999997,0.6470588235294117,0.8802395209580838,-0.2331806974286721
32,356,176,53385.0,53350,35.0,53503.0,53482,21.0,53660.0,53661,-1.0,1.416,2.552,-1.136,1.74173,1.74173,0.0,0.8581818181818182,0.8488745980707395,0.0093072201110786
32,358,177,53742.0,53661,81.0,53806.0,53802,4.0,53946.0,53969,-23.0,0.872,2.56,-1.6880000000000002,1.67182,1.78444,-0.1126199999999999,0.6274509803921569,0.9155844155844156,-0.2881334351922587
32,360,178,54031.0,53969,62.0,54110.0,54105,5.0,54309.0,54281,28.0,1.096,2.424,-1.3279999999999998,1.58256,1.58256,0.0,0.5683453237410072,0.8717948717948718,-0.3034495480538646
32,362,179,54360.0,54281,79.0,54435.0,54417,18.0,54585.0,54573,12.0,0.728,2.496,-1.768,1.80388,1.80388,0.0,0.6666666666666667,0.9315068493150684,-0.2648401826484017
32,364,180,54663.0,54573,90.0,54726.0,54717,9.0,54867.0,54884,-17.0,0.832,2.4,-1.568,1.73009,1.7864,-0.0563099999999998,0.6176470588235294,0.9260450160771704,-0.3083979572536409
32,366,181,54954.0,54884,70.0,55025.0,55021,4.0,55156.0,55203,-47.0,1.016,2.432,-1.416,1.40193,1.56892,-0.1669899999999999,0.7029702970297029,0.8589341692789969,-0.1559638722492939
32,368,182,55233.0,55203,30.0,55353.0,55335,18.0,55507.0,55476,31.0,1.448,2.512,-1.064,1.75141,1.75141,0.0,0.8759124087591241,0.967032967032967,-0.0911205582738429
32,370,183,55596.0,55476,120.0,55667.0,55664,3.0,55797.0,55852,-55.0,0.984,2.632,-1.648,1.49706,1.68153,-0.1844699999999999,0.7064676616915423,1.0,-0.2935323383084577
32,373,184,55938.0,55852,86.0,56004.0,55988,16.0,56153.0,56144,9.0,0.744,2.592,-1.848,1.69319,1.69319,0.0,0.613953488372093,0.9315068493150684,-0.3175533609429755
32,375,185,56230.0,56144,86.0,56294.0,56287,7.0,56436.0,56442,-6.0,0.832,2.392,-1.56,1.6835399999999998,1.74956,-0.0660200000000001,0.6213592233009708,0.9597315436241612,-0.3383723203231903
32,377,186,56516.0,56442,74.0,56579.0,56573,6.0,56717.0,56739,-22.0,0.896,2.288,-1.392,1.6718,1.73588,-0.0640799999999999,0.6268656716417911,0.8821548821548821,-0.255289210513091
32,379,187,56806.0,56739,67.0,56881.0,56877,4.0,57006.0,57049,-43.0,1.064,2.432,-1.368,1.29318,1.45046,-0.1572800000000001,0.75,0.8903225806451613,-0.1403225806451613
32,381,188,57084.0,57049,35.0,57204.0,57184,20.0,57361.0,57342,19.0,1.432,2.456,-1.024,1.74956,1.74956,0.0,0.8664259927797834,0.9215017064846416,-0.0550757137048582
32,383,189,57446.0,57342,104.0,57509.0,57502,7.0,57646.0,57665,-19.0,0.88,2.544,-1.664,1.666,1.7223100000000002,-0.05631,0.63,0.9907120743034056,-0.3607120743034055
32,385,190,57734.0,57665,69.0,57806.0,57803,3.0,57935.0,57993,-58.0,1.024,2.408,-1.384,1.32428,1.46603,-0.14175,0.7164179104477613,0.8414634146341463,-0.125045504186385
32,388,191,58076.0,57993,83.0,58143.0,58127,16.0,58293.0,58303,-10.0,0.752,2.592,-1.84,1.71651,1.71651,0.0,0.6175115207373272,0.864516129032258,-0.2470046082949308
32,390,192,58381.0,58303,78.0,58446.0,58443,3.0,58582.0,58638,-56.0,0.928,2.528,-1.6,1.63305,1.7146,-0.08155,0.6467661691542288,0.835820895522388,-0.1890547263681592
32,392,193,58665.0,58638,27.0,58790.0,58771,19.0,58944.0,58925,19.0,1.456,2.624,-1.168,1.79026,1.79026,0.0,0.8960573476702509,0.926829268292683,-0.030771920622432
32,394,194,59018.0,58925,93.0,59082.0,59070,12.0,59225.0,59239,-14.0,0.792,2.392,-1.6,1.65827,1.65827,0.0,0.6183574879227054,0.9235668789808916,-0.3052093910581863
32,396,195,59313.0,59239,74.0,59380.0,59378,2.0,59514.0,59576,-62.0,0.96,2.464,-1.504,1.49517,1.6039,-0.10873,0.6666666666666667,0.8249258160237389,-0.1582591493570722
32,399,196,59655.0,59576,79.0,59724.0,59708,16.0,59876.0,59845,31.0,0.744,2.64,-1.896,1.77672,1.77672,0.0,0.6244343891402715,0.9814126394052044,-0.356978250264933
33,3,1,595.0,549,46.0,642.0,639,3.0,943.0,873,70.0,1.336,4.32,-2.984,1.0,1.0,0.0,0.2701149425287356,0.5555555555555556,-0.28544061302682
33,5,2,1119.0,873,246.0,1179.0,1189,-10.0,1462.0,1389,73.0,1.216,4.4,-3.184,1.0,1.0,0.0,0.3498542274052478,0.7751937984496124,-0.4253395710443646
33,7,3,1640.0,1595,45.0,1702.0,1696,6.0,1954.0,1867,87.0,1.328,4.056,-2.728,1.0,0.9921799,0.0078200999999999,0.3949044585987261,0.7426470588235294,-0.3477426002248033
33,10,4,2150.0,1867,283.0,2195.0,2191,4.0,2497.0,2441,56.0,0.864,3.96,-3.096,0.961877,1.0,-0.038123,0.2593659942363112,0.8710801393728222,-0.611714145136511
33,12,5,2664.0,2441,223.0,2723.0,2719,4.0,3066.0,2893,173.0,1.28,4.224,-2.944,0.9960899,0.9960899,0.0,0.2935323383084577,0.7699115044247787,-0.476379166116321
33,14,6,3236.0,3197,39.0,3289.0,3289,0.0,3631.0,3543,88.0,1.256,4.56,-3.3039999999999994,0.98045,0.98045,0.0,0.2683544303797468,0.5317919075144508,-0.263437477134704
33,16,7,3780.0,3543,237.0,3831.0,3843,-12.0,4199.0,4033,166.0,0.968,4.432,-3.4640000000000004,0.9970675,0.952102,0.0449654999999999,0.2434367541766109,0.7755102040816326,-0.5320734499050217
33,19,8,4407.0,4033,374.0,4443.0,4433,10.0,4806.0,4730,76.0,0.688,4.72,-4.032,0.97263,0.9970675,-0.0244375,0.1804511278195488,0.8522238163558107,-0.6717726885362618
33,21,9,4982.0,4945,37.0,5034.0,5035,-1.0,5375.0,5209,166.0,1.192,4.816,-3.624,0.985337,0.968719,0.016618,0.2646310432569975,0.6818181818181819,-0.4171871385611844
33,23,10,5568.0,5514,54.0,5614.0,5606,8.0,5950.0,5864,86.0,1.28,4.568,-3.288,1.0,1.0,0.0,0.2408376963350785,0.5257142857142857,-0.2848765893792071
33,25,11,6121.0,5864,257.0,6158.0,6157,1.0,6591.0,6375,216.0,1.096,4.408,-3.3120000000000003,1.0,1.0,0.0,0.1574468085106383,0.8532289628180039,-0.6957821543073656
33,29,14,8048.0,7997,51.0,8097.0,8093,4.0,8428.0,8335,93.0,1.4,5.056,-3.656,0.9960899,0.9960899,0.0,0.2578947368421053,0.5680473372781065,-0.3101526004360012
33,31,15,8615.0,8335,280.0,8660.0,8659,1.0,8971.0,8878,93.0,1.176,4.528,-3.3519999999999994,0.962854,0.962854,0.0,0.2528089887640449,0.8066298342541436,-0.5538208454900987
33,33,16,9150.0,8878,272.0,9208.0,9207,1.0,9539.0,9467,72.0,1.272,4.384,-3.112,0.950147,0.950147,0.0,0.2982005141388174,0.8828522920203735,-0.5846517778815561
33,35,17,9716.0,9677,39.0,9784.0,9781,3.0,10099.0,10030,69.0,1.44,4.592,-3.152,0.958944,0.958944,0.0,0.3550913838120104,0.5892351274787535,-0.234143743666743
33,37,18,10279.0,10231,48.0,10336.0,10324,12.0,10619.0,10534,85.0,1.264,4.344,-3.08,1.0,1.0,0.0,0.3352941176470588,0.6138613861386139,-0.278567268491555
33,39,19,10776.0,10534,242.0,10836.0,10831,5.0,11177.0,11094,83.0,1.128,4.056,-2.928,0.960899,0.963832,-0.002933,0.2992518703241895,0.9392857142857144,-0.6400338439615247
33,41,20,11342.0,11303,39.0,11404.0,11399,5.0,11713.0,11582,131.0,1.28,4.544,-3.264,0.951124,0.921799,0.0293249999999999,0.3342318059299192,0.6881720430107527,-0.3539402370808335
33,43,21,11877.0,11842,35.0,11949.0,11946,3.0,12289.0,12153,136.0,1.336,4.376,-3.04,0.958944,0.958944,0.0,0.3495145631067961,0.6688102893890675,-0.3192957262822714
33,45,22,12449.0,12410,39.0,12508.0,12504,4.0,12859.0,12773,86.0,1.16,4.464,-3.3040000000000003,0.977517,0.977517,0.0,0.2878048780487805,0.5179063360881543,-0.2301014580393737
33,47,23,13059.0,13013,46.0,13102.0,13098,4.0,13386.0,13266,120.0,1.328,4.752,-3.4239999999999995,1.0,1.0,0.0,0.2629969418960245,0.6719367588932806,-0.4089398169972561
33,50,24,13592.0,13266,326.0,13624.0,13624,0.0,13891.0,13823,68.0,0.336,4.208,-3.872,1.0,1.0,0.0,0.2140468227424748,0.7145421903052065,-0.5004953675627316
33,52,25,14058.0,13823,235.0,14105.0,14097,8.0,14451.0,14262,189.0,1.12,3.784,-2.664,1.0,1.0,0.0,0.2391857506361323,0.7517084282460137,-0.5125226776098813
33,56,28,15861.0,15525,336.0,15871.0,15919,-48.0,16397.0,16144,253.0,0.704,5.12,-4.416,0.987292,1.0,-0.012708,0.0373134328358208,0.7269789983844911,-0.6896655655486702
33,58,29,16562.0,16144,418.0,16604.0,16614,-10.0,17005.0,16796,209.0,1.12,5.56,-4.44,1.0,1.0,0.0,0.1896162528216703,0.558282208588957,-0.3686659557672866
33,60,30,17094.0,16796,298.0,17103.0,17103,0.0,17206.0,17567,-361.0,0.168,3.912,-3.744,0.20528,1.0,-0.79472,0.1607142857142857,0.7963683527885863,-0.6356540670743006
33,63,31,17863.0,17813,50.0,17910.0,17903,7.0,18247.0,18063,184.0,1.312,6.4,-5.088,1.0,1.0,0.0,0.2447916666666666,0.72,-0.4752083333333333
33,65,32,18451.0,18063,388.0,18492.0,18484,8.0,18810.0,18653,157.0,1.368,4.648,-3.28,1.0,1.0,0.0,0.2284122562674094,0.5728813559322035,-0.344469099664794
33,67,33,19018.0,18959,59.0,19063.0,19058,5.0,19370.0,19242,128.0,1.432,4.592,-3.16,0.99902248,0.99902248,0.0,0.2556818181818182,0.6996466431095406,-0.4439648249277224
33,69,34,19543.0,19496,47.0,19588.0,19583,5.0,19953.0,19866,87.0,1.192,4.2,-3.008,0.98827,0.98827,0.0,0.2195121951219512,0.4702702702702702,-0.250758075148319
33,71,35,20147.0,19866,281.0,20186.0,20189,-3.0,20584.0,20423,161.0,1.28,4.848,-3.568,1.0,1.0,0.0,0.1784897025171624,0.8402154398563735,-0.661725737339211
33,73,36,20748.0,20423,325.0,20788.0,20789,-1.0,21229.0,21036,193.0,1.088,4.8,-3.712,1.0,1.0,0.0,0.1663201663201663,0.8058727569331159,-0.6395525906129496
33,75,37,21420.0,21388,32.0,21459.0,21461,-2.0,21808.0,21632,176.0,1.08,5.376,-4.296,0.998045,0.998045,0.0,0.2010309278350515,0.5983606557377049,-0.3973297279026534
33,78,38,22005.0,21632,373.0,22044.0,22038,6.0,22396.0,22214,182.0,0.936,4.616,-3.68,1.0,0.9902248,0.0097751999999999,0.1994884910485933,0.604810996563574,-0.4053225055149806
33,80,39,22591.0,22214,377.0,22621.0,22608,13.0,23019.0,22786,233.0,1.208,4.56,-3.3519999999999994,0.9970675,1.0,-0.0029325,0.1401869158878504,0.6223776223776224,-0.4821907064897719
33,82,41,23444.0,23398,46.0,23519.0,23537,-18.0,23968.0,23892,76.0,3.424,2.288,1.136,1.0,1.0,0.0,0.2862595419847328,0.562753036437247,-0.2764934944525141
33,84,42,24144.0,24106,38.0,24194.0,24208,-14.0,24467.0,24390,77.0,1.264,5.368,-4.104,1.0,1.0,0.0,0.3095975232198142,0.7183098591549295,-0.4087123359351152
33,86,43,24654.0,24390,264.0,24701.0,24690,11.0,25025.0,24848,177.0,1.352,3.856,-2.504,1.0,1.0,0.0,0.2533692722371967,0.6899563318777293,-0.4365870596405325
33,88,44,25208.0,25171,37.0,25249.0,25249,0.0,25645.0,25551,94.0,1.224,4.472,-3.248,1.0,1.0,0.0,0.1876430205949656,0.4105263157894737,-0.2228832951945081
33,90,45,25807.0,25551,256.0,25848.0,25856,-8.0,26182.0,26104,78.0,1.104,4.856,-3.752,1.0,1.0,0.0,0.2186666666666666,0.8969258589511754,-0.6782591922845087
33,92,46,26329.0,26104,225.0,26348.0,26397,-49.0,26758.0,26611,147.0,0.728,4.328,-3.6000000000000005,1.0,1.0,0.0,0.0885780885780885,0.8441814595660749,-0.7556033709879864
33,94,47,26961.0,26611,350.0,27004.0,27007,-3.0,27300.0,27232,68.0,1.176,4.88,-3.704,1.0,1.0,0.0,0.2536873156342183,0.7246376811594203,-0.470950365525202
33,96,48,27538.0,27472,66.0,27556.0,27549,7.0,27914.0,27849,65.0,1.256,4.336,-3.08,1.0,1.0,0.0,0.0957446808510638,0.4084880636604774,-0.3127433828094136
33,97,49,27914.0,27849,65.0,27990.0,28020,-30.0,28193.0,28147,46.0,3.472,3.768,-0.2959999999999998,0.83382,0.98436,-0.15054,0.5448028673835126,0.8523489932885906,-0.307546125905078
33,98,50,28193.0,28147,46.0,28244.0,28239,5.0,28828.0,28560,268.0,2.032,1.752,0.28,1.0,1.0,0.0,0.1606299212598425,0.4455205811138014,-0.2848906598539589
33,99,51,28828.0,28560,268.0,28907.0,28933,-26.0,29671.0,29580,91.0,5.304,5.552,-0.2479999999999993,0.79765,1.0,-0.20235,0.1874258600237247,0.7313725490196079,-0.5439466889958832
33,101,52,29816.0,29580,236.0,29862.0,29849,13.0,30294.0,30220,74.0,1.088,7.328,-6.24,0.8944300000000001,0.8944300000000001,0.0,0.1924686192468618,0.840625,-0.6481563807531381
33,103,53,30469.0,30220,249.0,30521.0,30506,15.0,30789.0,30713,76.0,1.312,5.256,-3.944,1.0,1.0,0.0,0.3249999999999999,0.8397565922920892,-0.5147565922920893
33,105,54,30952.0,30713,239.0,31006.0,30985,21.0,31192.0,31126,66.0,1.064,3.832,-2.768,1.0,1.0,0.0,0.4499999999999999,0.6828087167070218,-0.2328087167070218
33,107,55,31356.0,31126,230.0,31405.0,31386,19.0,31649.0,31538,111.0,1.112,3.208,-2.096,1.0,1.0,0.0,0.3344709897610921,0.7378640776699029,-0.4033930879088108
33,109,56,31784.0,31538,246.0,31807.0,31833,-26.0,32161.0,32002,159.0,0.624,3.576,-2.952,1.0,1.0,0.0,0.1220159151193633,0.728448275862069,-0.6064323607427056
33,111,57,32315.0,32002,313.0,32344.0,32337,7.0,32635.0,32523,112.0,0.72,4.032,-3.3120000000000003,1.0,1.0,0.0,0.18125,0.7140115163147793,-0.5327615163147793
33,113,58,32816.0,32523,293.0,32849.0,32854,-5.0,33276.0,33090,186.0,0.784,4.136,-3.3520000000000003,0.97263,1.0,-0.02737,0.1434782608695651,0.8324514991181657,-0.6889732382486006
33,115,59,33426.0,33090,336.0,33450.0,33450,0.0,33849.0,33777,72.0,0.792,4.768,-3.976,0.969697,0.97263,-0.0029329999999999,0.1134751773049645,0.9519650655021834,-0.8384898881972188
33,117,60,34024.0,33777,247.0,34047.0,34047,0.0,34398.0,34332,66.0,1.016,4.776,-3.76,0.963832,0.963832,0.0,0.1229946524064171,0.972972972972973,-0.8499783205665559
33,120,62,35131.0,34784,347.0,35178.0,35173,5.0,35508.0,35432,76.0,1.184,4.632,-3.4479999999999995,1.0,1.0,0.0,0.2493368700265251,0.7993827160493827,-0.5500458460228576
33,122,63,35684.0,35432,252.0,35724.0,35716,8.0,36044.0,35885,159.0,1.096,4.344,-3.248,1.0,1.0,0.0,0.2222222222222222,0.7461368653421634,-0.5239146431199412
33,124,64,36235.0,35885,350.0,36279.0,36282,-3.0,36519.0,36458,61.0,1.256,4.528,-3.272,1.0,1.0,0.0,0.3098591549295775,0.6143106457242583,-0.3044514907946808
33,127,65,36747.0,36458,289.0,36799.0,36788,11.0,37051.0,36957,94.0,1.44,4.048,-2.608,1.0,1.0,0.0,0.3421052631578947,0.6773547094188377,-0.335249446260943
33,129,66,37219.0,36957,262.0,37271.0,37262,9.0,37544.0,37476,68.0,1.272,3.792,-2.52,1.0,1.0,0.0,0.3199999999999999,0.8246628131021194,-0.5046628131021195
33,131,67,37721.0,37476,245.0,37768.0,37767,1.0,38036.0,37962,74.0,1.216,4.04,-2.824,1.0,1.0,0.0,0.2984126984126984,0.8024691358024691,-0.5040564373897707
33,134,68,38232.0,37962,270.0,38277.0,38271,6.0,38673.0,38472,201.0,1.152,4.032,-2.88,1.0,1.0,0.0,0.2040816326530612,0.788235294117647,-0.5841536614645858
33,136,69,38837.0,38472,365.0,38882.0,38885,-3.0,39217.0,39131,86.0,1.104,4.912,-3.808,1.0,1.0,0.0,0.2368421052631578,0.7465857359635812,-0.5097436307004234
33,138,70,39400.0,39359,41.0,39450.0,39448,2.0,39808.0,39625,183.0,1.32,4.504,-3.1839999999999997,1.0,1.0,0.0,0.2450980392156863,0.6691729323308271,-0.4240748931151408
33,143,73,41167.0,40772,395.0,41207.0,41200,7.0,41416.0,41361,55.0,0.688,4.824,-4.136,1.0,1.0,0.0,0.321285140562249,0.5466893039049237,-0.2254041633426746
33,145,74,41598.0,41556,42.0,41650.0,41656,-6.0,41915.0,41847,68.0,1.256,3.648,-2.3920000000000003,0.98827,0.98827,0.0,0.3280757097791797,0.6872852233676976,-0.3592095135885178
33,147,75,42086.0,41847,239.0,42149.0,42149,0.0,42434.0,42357,77.0,1.144,3.944,-2.8,1.0,1.0,0.0,0.3620689655172413,0.8156862745098039,-0.4536173089925626
33,149,76,42619.0,42357,262.0,42667.0,42668,-1.0,42926.0,42860,66.0,1.384,4.152,-2.768,1.0,1.0,0.0,0.3127035830618893,0.7634194831013916,-0.4507159000395023
33,151,77,43093.0,42860,233.0,43146.0,43148,-2.0,43331.0,43292,39.0,1.28,3.84,-2.56,1.0,1.0,0.0,0.4453781512605042,0.6666666666666667,-0.2212885154061625
33,154,78,43611.0,43573,38.0,43670.0,43665,5.0,43900.0,43820,80.0,1.128,4.136,-3.008,1.0,0.9941349,0.0058650999999999,0.4083044982698962,0.7449392712550607,-0.3366347729851644
33,156,79,44100.0,43820,280.0,44147.0,44158,-11.0,44463.0,44404,59.0,1.392,3.944,-2.552,0.943304,1.0,-0.0566959999999999,0.2589531680440771,0.8424657534246576,-0.5835125853805805
33,157,80,44463.0,44404,59.0,44524.0,44522,2.0,44657.0,44603,54.0,3.016,2.912,0.104,0.33529,0.4594339999999999,-0.1241439999999999,0.6288659793814433,0.8140703517587939,-0.1852043723773506
33,158,81,44657.0,44603,54.0,44716.0,44722,-6.0,44975.0,44920,55.0,1.536,1.6,-0.064,0.979472,0.973607,0.005865,0.3710691823899371,0.750788643533123,-0.3797194611431859
33,160,82,45172.0,45113,59.0,45227.0,45227,0.0,45512.0,45426,86.0,1.424,4.04,-2.616,0.989247,0.989247,0.0,0.3235294117647058,0.7284345047923323,-0.4049050930276264
33,162,83,45638.0,45426,212.0,45722.0,45710,12.0,45979.0,45901,78.0,1.2,3.864,-2.664,1.0,1.0,0.0,0.4926686217008797,0.8042105263157895,-0.3115419046149097
33,164,84,46137.0,45901,236.0,46190.0,46186,4.0,46492.0,46347,145.0,1.216,3.808,-2.592,1.0,1.0,0.0,0.2985915492957747,0.7219730941704036,-0.4233815448746288
33,169,87,47761.0,47446,315.0,47787.0,47789,-2.0,48106.0,47979,127.0,1.136,4.328,-3.192,1.0,1.0,0.0,0.1507246376811594,0.7129455909943715,-0.5622209533132121
33,171,88,48277.0,47979,298.0,48323.0,48335,-12.0,48699.0,48613,86.0,1.08,4.368,-3.2880000000000003,1.0,1.0,0.0,0.2180094786729858,0.8769716088328076,-0.6589621301598217
33,173,89,48869.0,48613,256.0,48913.0,48923,-10.0,49205.0,49134,71.0,1.184,4.704,-3.52,1.0,1.0,0.0,0.2619047619047618,0.8099808061420346,-0.5480760442372727
33,175,90,49383.0,49134,249.0,49421.0,49441,-20.0,49752.0,49679,73.0,1.008,4.144,-3.136,1.0,1.0,0.0,0.2059620596205962,0.8733944954128441,-0.6674324357922479
33,177,91,49910.0,49679,231.0,49972.0,49982,-10.0,50303.0,50164,139.0,1.032,4.328,-3.2960000000000003,1.0,1.0,0.0,0.3155216284987278,0.7505154639175258,-0.434993835418798
33,181,93,51167.0,51138,29.0,51205.0,51234,-29.0,51512.0,51437,75.0,1.248,5.672,-4.424,0.917889,0.917889,0.0,0.2202898550724638,0.6421404682274248,-0.421850613154961
33,183,94,51667.0,51437,230.0,51730.0,51728,2.0,52005.0,51870,135.0,1.584,3.952,-2.368,0.83187,0.857284,-0.025414,0.3727810650887574,0.6558891454965359,-0.2831080804077784
33,184,95,52005.0,51870,135.0,52035.0,52002,33.0,52256.0,52134,122.0,2.44,2.192,0.2479999999999997,0.50733,0.50733,0.0,0.2390438247011952,1.0,-0.7609561752988048
33,185,96,52256.0,52134,122.0,52332.0,52389,-57.0,52652.0,52599,53.0,2.376,3.096,-0.7200000000000002,0.73118,0.73118,0.0,0.3838383838383838,0.9032258064516128,-0.519387422613229
33,187,97,52784.0,52599,185.0,52890.0,52891,-1.0,53125.0,53064,61.0,1.712,4.016,-2.3040000000000003,1.0,1.0,0.0,0.6217008797653959,0.7440860215053764,-0.1223851417399805
33,189,98,53325.0,53275,50.0,53381.0,53388,-7.0,53594.0,53536,58.0,1.392,3.976,-2.584,1.0,1.0,0.0,0.4163568773234201,0.8659003831417624,-0.4495435058183423
33,190,99,53594.0,53536,58.0,53660.0,53660,0.0,53794.0,53743,51.0,2.232,2.176,0.056,0.71749,0.87683,-0.15934,0.6599999999999999,0.8019323671497585,-0.1419323671497585
33,191,100,53794.0,53743,51.0,53847.0,53856,-9.0,54126.0,54042,84.0,1.496,1.568,-0.072,1.0,1.0,0.0,0.3192771084337349,0.7558528428093645,-0.4365757343756296
33,192,101,54126.0,54042,84.0,54194.0,54197,-3.0,54330.0,54281,49.0,2.776,2.728,0.0479999999999996,0.8436,1.0,-0.1563999999999999,0.6666666666666667,0.7029288702928871,-0.0362622036262203
33,193,102,54330.0,54281,49.0,54376.0,54392,-16.0,54691.0,54618,73.0,1.456,1.56,-0.104,1.0,1.0,0.0,0.2548476454293629,0.658753709198813,-0.4039060637694501
33,195,103,54880.0,54838,42.0,54930.0,54926,4.0,55199.0,55123,76.0,1.4,4.272,-2.8720000000000003,1.0,1.0,0.0,0.3134796238244514,0.6175438596491227,-0.3040642358246713
33,197,104,55369.0,55339,30.0,55413.0,55422,-9.0,55793.0,55715,78.0,1.176,3.968,-2.792,1.0,1.0,0.0,0.2075471698113207,0.4414893617021277,-0.233942191890807
33,198,105,55793.0,55715,78.0,55858.0,55877,-19.0,55994.0,55952,42.0,3.56,3.64,-0.08,0.77028,1.0,-0.22972,0.6467661691542288,0.6329113924050633,0.0138547767491654
33,202,107,57291.0,57246,45.0,57335.0,57344,-9.0,57656.0,57611,45.0,1.328,5.832,-4.504,1.0,1.0,0.0,0.2410958904109589,0.536986301369863,-0.2958904109589041
33,204,108,57736.0,57611,125.0,57802.0,57791,11.0,57925.0,57873,52.0,0.904,3.576,-2.672,0.3998099999999999,0.78397,-0.38416,0.6984126984126984,0.6259541984732824,0.072458499939416
33,205,109,57925.0,57873,52.0,57981.0,57984,-3.0,58373.0,58276,97.0,1.432,1.544,-0.1120000000000001,0.922776,0.920821,0.001955,0.25,0.5508684863523573,-0.3008684863523573
33,206,110,58373.0,58276,97.0,58438.0,58432,6.0,58582.0,58526,56.0,3.656,3.584,0.072,0.42913,0.6969660000000001,-0.267836,0.6220095693779905,0.752,-0.1299904306220095
33,207,111,58582.0,58526,56.0,58638.0,58641,-3.0,59070.0,58998,72.0,1.6,1.672,-0.0719999999999998,0.915934,0.915934,0.0,0.2295081967213115,0.4872881355932204,-0.2577799388719088
33,209,112,59268.0,59214,54.0,59323.0,59326,-3.0,59756.0,59563,193.0,1.512,5.48,-3.968,0.956989,0.956989,0.0,0.2254098360655737,0.6418338108882522,-0.4164239748226784
33,210,113,59756.0,59563,193.0,59827.0,59828,-1.0,59932.0,59892,40.0,4.032,4.016,0.016,0.42327,0.6950160000000001,-0.271746,0.8068181818181819,0.3890577507598785,0.4177604310583034
34,2,1,661.0,429,232.0,771.0,752,19.0,1026.0,903,123.0,3.72,3.736,-0.016,0.98885,1.03346,-0.04461,0.6027397260273972,0.6371308016877637,-0.0343910756603664
34,3,2,1026.0,903,123.0,1112.0,1099,13.0,1280.0,1226,54.0,2.728,2.776,-0.0479999999999996,0.81412,0.89219,-0.07807,0.6771653543307087,0.7863777089783281,-0.1092123546476194
34,5,3,1459.0,1226,233.0,1497.0,1473,24.0,1890.0,1785,105.0,0.584,2.992,-2.408,2.14874,2.14874,0.0,0.1763341067285383,0.8837209302325582,-0.7073868235040198
34,7,4,2028.0,1785,243.0,2103.0,2103,0.0,2662.0,2349,313.0,1.608,5.04,-3.432,0.86989,1.07063,-0.2007399999999999,0.2365930599369085,0.8723404255319149,-0.6357473655950064
34,8,5,2662.0,2349,313.0,2736.0,2723,13.0,2907.0,2841,66.0,5.064,4.96,0.104,0.92193,0.98513,-0.0632,0.6040816326530613,0.4796747967479674,0.1244068359050938
34,9,6,2907.0,2841,66.0,2973.0,2955,18.0,3263.0,3079,184.0,1.896,1.856,0.0399999999999998,0.8661700000000001,0.8661700000000001,0.0,0.3707865168539326,0.957983193277311,-0.5871966764233784
34,10,7,3263.0,3079,184.0,3358.0,3343,15.0,3644.0,3482,162.0,3.08,3.104,-0.024,1.1226699999999998,1.1226699999999998,0.0,0.4986876640419947,0.6898263027295286,-0.1911386386875339
34,11,8,3644.0,3482,162.0,3748.0,3727,21.0,4030.0,3863,167.0,3.12,3.072,0.048,1.07435,1.1078100000000002,-0.0334600000000002,0.538860103626943,0.7139107611548556,-0.1750506575279126
34,12,9,4030.0,3863,167.0,4153.0,4135,18.0,4424.0,4283,141.0,3.24,3.264,-0.0239999999999995,1.28997,1.28997,0.0,0.6243654822335025,0.7047619047619047,-0.0803964225284021
34,13,10,4424.0,4283,141.0,4530.0,4513,17.0,4806.0,4651,155.0,3.016,3.024,-0.008,1.12639,1.12639,0.0,0.5549738219895288,0.75,-0.1950261780104711
34,14,11,4806.0,4651,155.0,4922.0,4900,22.0,5249.0,5044,205.0,3.136,3.096,0.04,1.1486999999999998,1.14127,0.0074299999999998,0.5237020316027088,0.732824427480916,-0.2091223958782072
34,15,12,5249.0,5044,205.0,5356.0,5340,16.0,5657.0,5483,174.0,3.472,3.52,-0.048,1.07807,1.07807,0.0,0.5245098039215687,0.6514806378132119,-0.1269708338916432
34,16,13,5657.0,5483,174.0,5775.0,5756,19.0,6123.0,5905,218.0,3.352,3.328,0.024,1.05948,1.05948,0.0,0.5064377682403434,0.7061611374407584,-0.199723369200415
34,17,14,6123.0,5905,218.0,6250.0,6234,16.0,6588.0,6386,202.0,3.8,3.824,-0.024,0.99257,1.0148700000000002,-0.0223000000000002,0.546236559139785,0.632016632016632,-0.085780072876847
34,18,15,6588.0,6386,202.0,6706.0,6691,15.0,7044.0,6849,195.0,3.648,3.656,-0.008,1.0817899999999998,1.09294,-0.0111500000000002,0.5175438596491229,0.6825053995680346,-0.1649615399189117
34,19,16,7044.0,6849,195.0,7165.0,7146,19.0,7431.0,7294,137.0,3.672,3.64,0.032,0.9591,0.95539,0.0037100000000001,0.6253229974160206,0.6651685393258426,-0.039845541909822
34,20,17,7431.0,7294,137.0,7569.0,7552,17.0,7733.0,7690,43.0,3.232,3.248,-0.016,1.09293,1.1078,-0.0148700000000001,0.913907284768212,0.696969696969697,0.2169375877985149
34,21,18,7733.0,7690,43.0,7844.0,7827,17.0,8140.0,7963,177.0,2.2,2.2,0.0,0.96655,1.0,-0.0334499999999999,0.5454545454545454,0.9963369963369964,-0.4508824508824509
34,22,19,8140.0,7963,177.0,8228.0,8211,17.0,8639.0,8347,292.0,3.072,3.072,0.0,0.94052,0.94052,0.0,0.3527054108216433,0.7083333333333333,-0.3556279225116899
34,23,20,8639.0,8347,292.0,8732.0,8714,18.0,8968.0,8856,112.0,4.032,4.024,0.008,0.94052,0.99628,-0.05576,0.5653495440729484,0.5579567779960708,0.0073927660768775
34,24,21,8968.0,8856,112.0,9070.0,9051,19.0,9480.0,9181,299.0,2.704,2.696,0.008,0.8996200000000001,0.8996200000000001,0.0,0.3984375,0.8,-0.4015625
34,25,22,9480.0,9181,299.0,9560.0,9547,13.0,9803.0,9699,104.0,3.92,3.968,-0.048,0.83272,0.83272,0.0,0.4953560371517027,0.5868725868725868,-0.091516549720884
34,26,23,9803.0,9699,104.0,9895.0,9876,19.0,10260.0,10005,255.0,2.68,2.632,0.048,0.7658,0.7881100000000001,-0.02231,0.4026258205689278,0.8431372549019608,-0.4405114343330329
34,27,24,10260.0,10005,255.0,10348.0,10331,17.0,10636.0,10466,170.0,3.624,3.64,-0.016,0.81413,0.81413,0.0,0.4680851063829787,0.5856832971800434,-0.1175981907970646
34,28,25,10636.0,10466,170.0,10732.0,10736,-4.0,11010.0,10949,61.0,3.072,3.24,-0.1680000000000001,1.05576,1.05576,0.0,0.5133689839572193,0.8819875776397516,-0.3686185936825322
34,32,26,11273.0,10949,324.0,11320.0,11311,9.0,11452.0,11446,6.0,0.768,4.6,-3.832,1.26023,2.2937,-1.03347,0.5251396648044693,0.5432595573440644,-0.0181198925395951
34,36,27,11821.0,11776,45.0,11886.0,11869,17.0,12047.0,11993,54.0,1.552,4.464,-2.9120000000000004,1.86245,1.8513,0.0111499999999997,0.5752212389380531,0.8571428571428572,-0.2819216182048041
34,38,28,12183.0,11993,190.0,12277.0,12279,-2.0,12523.0,12494,29.0,1.392,3.28,-1.888,1.2639399999999998,1.35688,-0.09294,0.5529411764705883,0.8582834331337326,-0.3053422566631443
34,39,29,12523.0,12494,29.0,12605.0,12590,15.0,12716.0,12825,-109.0,2.624,2.488,0.1360000000000001,1.20446,1.34945,-0.1449899999999999,0.8497409326424871,0.5800604229607251,0.2696805096817619
34,41,30,12859.0,12825,34.0,12909.0,12941,-32.0,12948.0,13021,-73.0,1.248,2.808,-1.5599999999999998,1.23049,1.41641,-0.1859199999999998,0.8764044943820225,0.8163265306122449,0.0600779637697775
34,43,31,13039.0,13021,18.0,13167.0,13153,14.0,13361.0,13312,49.0,1.528,1.696,-0.1679999999999999,0.72119,1.03717,-0.3159799999999999,0.7950310559006211,0.9072164948453608,-0.1121854389447397
34,44,32,13361.0,13312,49.0,13402.0,13408,-6.0,13853.0,13795,58.0,1.88,2.04,-0.1600000000000001,0.7955399999999999,0.7658,0.0297399999999998,0.1666666666666666,0.3975155279503105,-0.2308488612836439
34,45,33,13853.0,13795,58.0,13934.0,13916,18.0,14301.0,14043,258.0,4.256,4.064,0.1920000000000001,0.8587400000000001,0.8587400000000001,0.0,0.3616071428571429,0.9758064516129032,-0.6141993087557603
34,46,34,14301.0,14043,258.0,14373.0,14358,15.0,14614.0,14487,127.0,3.512,3.536,-0.024,0.95911,0.95911,0.0,0.4600638977635782,0.5810810810810811,-0.1210171833175028
34,47,35,14614.0,14487,127.0,14700.0,14683,17.0,15045.0,14812,233.0,2.616,2.6,0.016,1.02602,1.11896,-0.09294,0.3990719257540603,0.7938461538461539,-0.3947742280920935
34,48,36,15045.0,14812,233.0,15134.0,15116,18.0,15296.0,15241,55.0,3.472,3.464,0.008,1.10781,1.10781,0.0,0.7091633466135459,0.5827505827505828,0.126412763862963
34,49,37,15296.0,15241,55.0,15394.0,15375,19.0,15605.0,15523,82.0,2.08,2.072,0.008,1.00743,1.02602,-0.0185899999999998,0.6343042071197411,0.950354609929078,-0.3160504028093369
34,50,38,15605.0,15523,82.0,15712.0,15688,24.0,15971.0,15815,156.0,2.544,2.504,0.04,1.34201,1.33458,0.0074300000000002,0.5846994535519126,0.8698630136986302,-0.2851635601467176
34,51,39,15971.0,15815,156.0,16066.0,16046,20.0,16313.0,16188,125.0,2.832,2.864,-0.032,1.1524100000000002,1.14126,0.0111500000000002,0.5555555555555556,0.7613941018766757,-0.20583854632112
34,52,40,16313.0,16188,125.0,16400.0,16383,17.0,16649.0,16520,129.0,2.672,2.696,-0.024,1.02974,1.02974,0.0,0.5178571428571428,0.8253012048192772,-0.3074440619621343
34,53,41,16649.0,16520,129.0,16730.0,16712,18.0,16964.0,16852,112.0,2.64,2.632,0.008,0.95539,0.94796,0.00743,0.5142857142857142,0.8433734939759037,-0.3290877796901894
34,54,42,16964.0,16852,112.0,17064.0,17048,16.0,17263.0,17205,58.0,2.672,2.688,-0.016,1.3606,1.3606,0.0,0.6688963210702341,0.8895184135977338,-0.2206220925274996
34,58,43,17863.0,17814,49.0,17950.0,17931,19.0,18311.0,18061,250.0,3.384,1.56,1.824,1.14127,1.1264,0.0148699999999999,0.3883928571428571,0.9473684210526316,-0.5589755639097745
34,59,44,18311.0,18061,250.0,18405.0,18387,18.0,18773.0,18523,250.0,3.64,3.648,-0.008,1.0,1.06692,-0.06692,0.4069264069264069,0.5887445887445888,-0.1818181818181818
34,60,45,18773.0,18523,250.0,18860.0,18843,17.0,19164.0,18976,188.0,3.64,3.648,-0.008,0.98885,0.98885,0.0,0.4450127877237851,0.58719646799117,-0.1421836802673848
34,61,46,19164.0,18976,188.0,19269.0,19248,21.0,19640.0,19386,254.0,3.272,3.24,0.0319999999999995,1.1970299999999998,1.19331,0.0037199999999999,0.4411764705882353,0.673170731707317,-0.2319942611190817
34,62,47,19640.0,19386,254.0,19745.0,19723,22.0,20009.0,19860,149.0,3.808,3.8,0.008,1.21561,1.20446,0.0111499999999999,0.5691056910569106,0.5780590717299579,-0.0089533806730472
34,63,48,20009.0,19860,149.0,20102.0,20083,19.0,20393.0,20215,178.0,2.856,2.88,-0.024,1.03718,1.07063,-0.0334499999999999,0.484375,0.7436619718309859,-0.2592869718309859
34,64,49,20393.0,20215,178.0,20497.0,20477,20.0,20858.0,20618,240.0,3.16,3.152,0.008,1.15613,1.14126,0.0148700000000001,0.4473118279569892,0.6997518610421836,-0.2524400330851943
34,65,50,20858.0,20618,240.0,20970.0,20949,21.0,21275.0,21090,185.0,3.784,3.776,0.008,1.14127,1.12268,0.0185900000000001,0.5371702637889688,0.597457627118644,-0.0602873633296752
34,66,51,21275.0,21090,185.0,21395.0,21376,19.0,21671.0,21517,154.0,3.4,3.416,-0.016,1.15613,1.16357,-0.0074399999999998,0.6060606060606061,0.6604215456674474,-0.0543609396068412
34,67,52,21671.0,21517,154.0,21780.0,21761,19.0,22062.0,21899,163.0,3.08,3.08,0.0,1.171,1.171,0.0,0.5575447570332481,0.7225130890052356,-0.1649683319719874
34,68,53,22062.0,21899,163.0,22163.0,22144,19.0,22442.0,22281,161.0,3.064,3.064,0.0,1.00744,1.0,0.0074399999999998,0.531578947368421,0.7172774869109948,-0.1856985395425737
34,69,54,22442.0,22281,161.0,22541.0,22522,19.0,22810.0,22657,153.0,3.024,3.024,0.0,1.05948,1.07435,-0.0148699999999999,0.5380434782608696,0.7180851063829787,-0.1800416281221091
34,70,55,22810.0,22657,153.0,22906.0,22887,19.0,23187.0,23016,171.0,2.92,2.92,0.0,1.01859,1.01859,0.0,0.5092838196286472,0.7186629526462396,-0.2093791330175923
34,71,56,23187.0,23016,171.0,23285.0,23266,19.0,23590.0,23388,202.0,3.032,3.032,0.0,0.97769,1.01115,-0.03346,0.4863523573200993,0.6559139784946236,-0.1695616211745243
34,73,57,23975.0,23792,183.0,24058.0,24045,13.0,24383.0,24174,209.0,3.0,3.04,-0.04,0.78067,0.81784,-0.03717,0.4068627450980392,0.675392670157068,-0.2685299250590288
34,74,58,24383.0,24174,209.0,24480.0,24458,22.0,24849.0,24591,258.0,3.376,3.304,0.072,1.00371,1.00371,0.0,0.4163090128755364,0.6378896882494005,-0.221580675373864
34,75,59,24849.0,24591,258.0,24963.0,24942,21.0,25311.0,25083,228.0,3.864,3.872,-0.008,1.0632,1.0409,0.0223000000000002,0.4935064935064935,0.5731707317073171,-0.0796642382008235
34,76,60,25311.0,25083,228.0,25416.0,25398,18.0,25714.0,25540,174.0,3.624,3.648,-0.024,0.98513,1.00743,-0.0223,0.5210918114143921,0.6214442013129102,-0.1003523898985181
34,77,61,25714.0,25540,174.0,25833.0,25816,17.0,26155.0,25965,190.0,3.336,3.344,-0.008,0.97397,0.97397,0.0,0.5396825396825398,0.7011764705882353,-0.1614939309056955
34,78,62,26155.0,25965,190.0,26267.0,26247,20.0,26592.0,26390,202.0,3.472,3.448,0.024,1.20818,1.21933,-0.0111499999999999,0.5125858123569794,0.6729411764705882,-0.1603553641136087
34,79,63,26592.0,26390,202.0,26707.0,26690,17.0,27011.0,26835,176.0,3.52,3.544,-0.024,1.24907,1.24907,0.0,0.5489260143198091,0.651685393258427,-0.1027593789386178
34,80,64,27011.0,26835,176.0,27134.0,27113,21.0,27472.0,27257,215.0,3.416,3.384,0.032,1.24536,1.23049,0.0148699999999999,0.5336225596529285,0.6824644549763033,-0.1488418953233747
34,81,65,27472.0,27257,215.0,27584.0,27565,19.0,27852.0,27708,144.0,3.6,3.616,-0.016,1.30112,1.33086,-0.0297399999999998,0.5894736842105264,0.6341463414634146,-0.0446726572528882
34,82,66,27852.0,27708,144.0,27959.0,27939,20.0,28289.0,28075,214.0,3.0,2.992,0.008,1.07063,1.07435,-0.0037199999999999,0.4897025171624714,0.7411444141689374,-0.251441897006466
34,83,67,28289.0,28075,214.0,28400.0,28380,20.0,28710.0,28521,189.0,3.528,3.528,0.0,1.10409,1.11896,-0.0148699999999999,0.5273159144893111,0.6322869955156951,-0.1049710810263839
34,84,68,28710.0,28521,189.0,28832.0,28812,20.0,29147.0,28952,195.0,3.456,3.456,0.0,1.1486999999999998,1.1486999999999998,0.0,0.5583524027459954,0.6496519721577726,-0.0912995694117771
34,85,69,29147.0,28952,195.0,29255.0,29236,19.0,29584.0,29378,206.0,3.384,3.392,-0.008,1.11896,1.11525,0.0037099999999998,0.4942791762013729,0.6666666666666667,-0.1723874904652937
34,86,70,29584.0,29378,206.0,29688.0,29668,20.0,30060.0,29807,253.0,3.464,3.456,0.008,1.09666,1.10409,-0.00743,0.4369747899159664,0.6480186480186481,-0.2110438581026816
34,87,71,30060.0,29807,253.0,30172.0,30152,20.0,30539.0,30296,243.0,3.872,3.872,0.0,1.01858,1.02602,-0.0074399999999998,0.4676409185803758,0.5889570552147239,-0.121316136634348
34,88,72,30539.0,30296,243.0,30670.0,30648,22.0,31003.0,30794,209.0,3.984,3.968,0.016,1.07435,1.07435,0.0,0.5646551724137931,0.5863453815261044,-0.0216902091123112
34,89,73,31003.0,30794,209.0,31130.0,31112,18.0,31462.0,31263,199.0,3.68,3.712,-0.032,1.06692,1.09294,-0.0260199999999999,0.5533769063180828,0.6439232409381663,-0.0905463346200835
34,90,74,31462.0,31263,199.0,31597.0,31576,21.0,31915.0,31724,191.0,3.736,3.712,0.024,1.1263999999999998,1.1263999999999998,0.0,0.5960264900662251,0.6420824295010845,-0.0460559394348594
34,91,75,31915.0,31724,191.0,32030.0,32013,17.0,32355.0,32164,191.0,3.464,3.496,-0.032,1.19331,1.19331,0.0,0.5227272727272727,0.6863636363636363,-0.1636363636363635
34,92,76,32355.0,32164,191.0,32471.0,32455,16.0,32811.0,32603,208.0,3.528,3.536,-0.008,1.13011,1.13383,-0.0037200000000001,0.5087719298245614,0.6742596810933941,-0.1654877512688326
34,93,77,32811.0,32603,208.0,32927.0,32908,19.0,33224.0,33052,172.0,3.648,3.624,0.024,1.1784400000000002,1.18959,-0.0111499999999997,0.5617433414043583,0.6414253897550111,-0.0796820483506527
34,94,78,33224.0,33052,172.0,33342.0,33322,20.0,33634.0,33465,169.0,3.32,3.312,0.008,1.20818,1.20446,0.0037199999999999,0.575609756097561,0.6924939467312349,-0.1168841906336738
34,95,79,33634.0,33465,169.0,33747.0,33728,19.0,33999.0,33873,126.0,3.24,3.248,-0.008,1.20818,1.21933,-0.0111499999999999,0.6191780821917808,0.7107843137254901,-0.0916062315337092
34,96,80,33999.0,33873,126.0,34109.0,34089,20.0,34366.0,34225,141.0,2.896,2.888,0.008,1.1896,1.1896,0.0,0.5994550408719346,0.7727272727272727,-0.1732722318553381
34,97,81,34366.0,34225,141.0,34472.0,34451,21.0,34745.0,34587,158.0,2.904,2.896,0.008,1.15985,1.15985,0.0,0.5593667546174143,0.7513812154696132,-0.1920144608521989
34,98,82,34745.0,34587,158.0,34853.0,34833,20.0,35184.0,34970,214.0,3.048,3.056,-0.008,1.05948,1.0632,-0.0037199999999999,0.4920273348519361,0.7154046997389034,-0.2233773648869672
34,99,83,35184.0,34970,214.0,35300.0,35282,18.0,35615.0,35422,193.0,3.576,3.592,-0.016,1.08551,1.08551,0.0,0.5382830626450116,0.6194690265486726,-0.081185963903661
34,100,84,35615.0,35422,193.0,35733.0,35713,20.0,36076.0,35855,221.0,3.464,3.448,0.016,1.07806,1.07435,0.0037100000000001,0.5119305856832972,0.6558891454965359,-0.1439585598132386
34,101,85,36076.0,35855,221.0,36183.0,36169,14.0,36577.0,36312,265.0,3.6,3.648,-0.048,0.8698899999999999,0.9145,-0.04461,0.4271457085828343,0.6258205689277899,-0.1986748603449556
34,102,86,36577.0,36312,265.0,36692.0,36671,21.0,37105.0,36809,296.0,4.072,4.016,0.056,0.98513,0.98513,0.0,0.4356060606060605,0.5553319919517102,-0.1197259313456496
34,103,87,37105.0,36809,296.0,37193.0,37177,16.0,37552.0,37314,238.0,4.008,4.048,-0.04,0.81413,0.84758,-0.0334499999999999,0.3937360178970917,0.5425742574257426,-0.1488382395286509
34,104,88,37552.0,37314,238.0,37662.0,37645,17.0,38001.0,37789,212.0,3.752,3.744,0.0079999999999995,1.14499,1.11896,0.0260299999999999,0.4899777282850779,0.6063157894736841,-0.1163380611886062
34,105,89,38001.0,37789,212.0,38097.0,38082,15.0,38405.0,38223,182.0,3.48,3.496,-0.016,0.94795,1.0,-0.05205,0.4752475247524752,0.6497695852534562,-0.1745220605009809
34,106,90,38405.0,38223,182.0,38518.0,38498,20.0,38870.0,38643,227.0,3.368,3.328,0.04,1.10037,1.0855,0.0148699999999999,0.486021505376344,0.6904761904761905,-0.2044546850998464
34,107,91,38870.0,38643,227.0,38985.0,38965,20.0,39335.0,39111,224.0,3.736,3.736,0.0,1.07063,1.0632,0.00743,0.4946236559139785,0.6239316239316239,-0.1293079680176454
34,108,92,39335.0,39111,224.0,39426.0,39409,17.0,39778.0,39545,233.0,3.528,3.552,-0.024,0.81413,0.86989,-0.05576,0.4108352144469526,0.6267281105990783,-0.2158928961521257
34,109,93,39778.0,39545,233.0,39880.0,39863,17.0,40231.0,40011,220.0,3.632,3.632,0.0,0.9777,0.95911,0.0185899999999999,0.4503311258278145,0.6351931330472103,-0.1848620072193957
34,110,94,40231.0,40011,220.0,40345.0,40328,17.0,40655.0,40478,177.0,3.72,3.72,0.0,1.04089,1.04089,0.0,0.5377358490566038,0.6423982869379015,-0.1046624378812977
34,111,95,40655.0,40478,177.0,40780.0,40759,21.0,41105.0,40906,199.0,3.48,3.448,0.032,1.09665,1.09665,0.0,0.5555555555555556,0.6869158878504673,-0.1313603322949117
34,112,96,41105.0,40906,199.0,41219.0,41201,18.0,41568.0,41343,225.0,3.512,3.536,-0.024,1.02602,1.02602,0.0,0.4924406047516199,0.6498855835240275,-0.1574449787724076
34,113,97,41568.0,41343,225.0,41678.0,41661,17.0,42010.0,41801,209.0,3.672,3.68,-0.008,0.88104,0.92937,-0.0483299999999999,0.497737556561086,0.611353711790393,-0.113616155229307
34,114,98,42010.0,41801,209.0,42129.0,42112,17.0,42443.0,42265,178.0,3.608,3.608,0.0,1.05948,1.11896,-0.0594799999999999,0.5496535796766744,0.6594827586206897,-0.1098291789440153
34,115,99,42443.0,42265,178.0,42553.0,42539,14.0,42919.0,42688,231.0,3.392,3.416,-0.024,1.02602,1.02602,0.0,0.4621848739495798,0.7044917257683215,-0.2423068518187416
34,116,100,42919.0,42688,231.0,43022.0,43005,17.0,43361.0,43142,219.0,3.752,3.728,0.0239999999999995,0.81413,0.8104100000000001,0.0037199999999999,0.4660633484162896,0.6035242290748899,-0.1374608806586003
34,117,101,43361.0,43142,219.0,43461.0,43441,20.0,43831.0,43575,256.0,3.512,3.488,0.024,0.8884799999999999,0.8884799999999999,0.0,0.4255319148936169,0.6189376443418013,-0.1934057294481843
34,118,102,43831.0,43575,256.0,43928.0,43909,19.0,44275.0,44042,233.0,3.736,3.744,-0.008,0.78067,0.83272,-0.05205,0.4369369369369369,0.5695931477516061,-0.1326562108146691
34,119,103,44275.0,44042,233.0,44384.0,44369,15.0,44705.0,44510,195.0,3.648,3.68,-0.032,0.99628,0.99256,0.0037199999999999,0.5069767441860464,0.6025641025641026,-0.0955873583780562
34,120,104,44705.0,44510,195.0,44820.0,44802,18.0,45091.0,44949,142.0,3.488,3.464,0.024,1.14498,1.18959,-0.04461,0.5958549222797928,0.6697038724373576,-0.0738489501575648
34,121,105,45091.0,44949,142.0,45212.0,45193,19.0,45500.0,45335,165.0,3.136,3.128,0.008,1.05576,1.05576,0.0,0.5916870415647921,0.7357512953367875,-0.1440642537719954
34,122,106,45500.0,45335,165.0,45612.0,45598,14.0,45919.0,45745,174.0,3.2,3.24,-0.04,1.18216,1.17101,0.0111500000000002,0.5346062052505967,0.7170731707317073,-0.1824669654811106
34,123,107,45919.0,45745,174.0,46040.0,46020,20.0,46322.0,46161,161.0,3.424,3.376,0.048,1.08922,1.13383,-0.04461,0.6004962779156328,0.6778846153846154,-0.0773883374689826
34,124,108,46322.0,46161,161.0,46444.0,46428,16.0,46756.0,46572,184.0,3.232,3.264,-0.0319999999999995,1.05577,1.05577,0.0,0.5622119815668203,0.7007299270072993,-0.138517945440479
34,125,109,46756.0,46572,184.0,46872.0,46854,18.0,47190.0,46997,193.0,3.424,3.408,0.016,1.09665,1.10409,-0.0074399999999998,0.5345622119815668,0.6729411764705882,-0.1383789644890213
34,126,110,47190.0,46997,193.0,47299.0,47280,19.0,47643.0,47421,222.0,3.416,3.408,0.008,0.99256,1.03717,-0.04461,0.4812362030905077,0.6650943396226415,-0.1838581365321338
34,127,111,47643.0,47421,222.0,47762.0,47742,20.0,48097.0,47882,215.0,3.704,3.696,0.008,0.99257,0.99257,0.0,0.5242290748898679,0.6073752711496746,-0.0831461962598066
34,128,112,48097.0,47882,215.0,48215.0,48196,19.0,48608.0,48339,269.0,3.624,3.632,-0.008,1.03346,1.03346,0.0,0.461839530332681,0.6258205689277899,-0.1639810385951089
34,129,113,48608.0,48339,269.0,48713.0,48701,12.0,49077.0,48848,229.0,3.984,4.04,-0.056,1.05948,1.04833,0.0111499999999999,0.4477611940298507,0.5776031434184676,-0.1298419493886169
34,130,114,49077.0,48848,229.0,49190.0,49175,15.0,49519.0,49319,200.0,3.816,3.792,0.024,0.98141,0.9777,0.0037099999999999,0.5113122171945701,0.6114649681528662,-0.1001527509582961
34,131,115,49519.0,49319,200.0,49630.0,49616,14.0,49979.0,49761,218.0,3.52,3.528,-0.008,0.95911,0.96654,-0.0074299999999998,0.4826086956521739,0.6561085972850679,-0.1734999016328939
34,132,116,49979.0,49761,218.0,50088.0,50080,8.0,50403.0,50227,176.0,3.664,3.712,-0.048,1.0223,1.02974,-0.0074399999999998,0.5141509433962264,0.630901287553648,-0.1167503441574216
34,133,117,50403.0,50227,176.0,50526.0,50505,21.0,50821.0,50651,170.0,3.504,3.4,0.104,1.1078,1.12639,-0.0185900000000001,0.5885167464114833,0.6886792452830188,-0.1001624988715355
34,134,118,50821.0,50651,170.0,50940.0,50921,19.0,51255.0,51063,192.0,3.312,3.328,-0.016,0.9777,0.9777,0.0,0.5483870967741935,0.6893203883495146,-0.140933291575321
34,135,119,51255.0,51063,192.0,51368.0,51364,4.0,51736.0,51516,220.0,3.424,3.544,-0.1200000000000001,1.04089,1.04089,0.0,0.4698544698544699,0.6710816777041942,-0.2012272078497243
34,136,120,51736.0,51516,220.0,51852.0,51841,11.0,52269.0,51994,275.0,3.872,3.816,0.056,0.98141,1.08178,-0.10037,0.4352720450281425,0.6401673640167365,-0.2048953189885939
34,137,121,52269.0,51994,275.0,52364.0,52353,11.0,52739.0,52501,238.0,4.096,4.096,0.0,0.96654,0.95911,0.0074299999999998,0.4042553191489362,0.5838264299802761,-0.1795711108313399
34,138,122,52739.0,52501,238.0,52872.0,52851,21.0,53274.0,53006,268.0,4.064,3.984,0.08,0.9591,1.01858,-0.0594799999999999,0.4971962616822429,0.6138613861386139,-0.1166651244563709
34,139,123,53274.0,53006,268.0,53384.0,53363,21.0,53752.0,53510,242.0,4.096,4.096,0.0,0.96654,0.95539,0.0111499999999999,0.4602510460251046,0.5833333333333333,-0.1230822873082286
34,140,124,53752.0,53510,242.0,53874.0,53860,14.0,54228.0,54022,206.0,3.92,3.976,-0.056,1.0557599999999998,1.12639,-0.0706300000000001,0.5126050420168067,0.6328125,-0.1202074579831933
34,141,125,54228.0,54022,206.0,54344.0,54329,15.0,54663.0,54476,187.0,3.76,3.752,0.008,0.94424,0.94424,0.0,0.5333333333333333,0.6475770925110131,-0.1142437591776798
34,142,126,54663.0,54476,187.0,54773.0,54764,9.0,55117.0,54915,202.0,3.432,3.48,-0.048,0.96654,0.97398,-0.0074400000000001,0.4845814977973568,0.6879271070615034,-0.2033456092641465
34,143,127,55117.0,54915,202.0,55225.0,55209,16.0,55582.0,55357,225.0,3.616,3.56,0.056,0.9368,0.9368,0.0,0.464516129032258,0.6696832579185521,-0.205167128886294
34,144,128,55582.0,55357,225.0,55692.0,55678,14.0,56023.0,55822,201.0,3.736,3.752,-0.0159999999999995,0.99257,0.99628,-0.0037100000000001,0.4988662131519275,0.6193548387096774,-0.1204886255577499
34,145,129,56023.0,55822,201.0,56142.0,56124,18.0,56463.0,56272,191.0,3.6,3.568,0.032,0.99628,0.99257,0.0037100000000001,0.5409090909090909,0.6577777777777778,-0.1168686868686869
34,146,130,56463.0,56272,191.0,56583.0,56567,16.0,56907.0,56714,193.0,3.528,3.544,-0.016,0.95167,0.98141,-0.0297399999999999,0.5405405405405406,0.6651583710407241,-0.1246178305001834
34,147,131,56907.0,56714,193.0,57025.0,57004,21.0,57334.0,57146,188.0,3.536,3.496,0.04,0.97769,0.97769,0.0,0.5526932084309133,0.6574074074074074,-0.1047141989764941
34,148,132,57334.0,57146,188.0,57439.0,57430,9.0,57794.0,57579,215.0,3.312,3.408,-0.096,0.95539,0.96283,-0.0074399999999998,0.4565217391304348,0.6882217090069285,-0.2316999698764936
34,149,133,57794.0,57579,215.0,57894.0,57883,11.0,58256.0,58030,226.0,3.64,3.624,0.016,0.92193,0.91821,0.0037199999999999,0.4329004329004329,0.6518847006651884,-0.2189842677647555
34,150,134,58256.0,58030,226.0,58352.0,58340,12.0,58731.0,58480,251.0,3.664,3.656,0.008,0.85502,0.86246,-0.00744,0.4042105263157894,0.6222222222222222,-0.2180116959064327
34,151,135,58731.0,58480,251.0,58850.0,58829,21.0,59200.0,58970,230.0,3.984,3.912,0.072,0.88848,0.88848,0.0,0.5074626865671642,0.5755102040816327,-0.0680475175144684
34,152,136,59200.0,58970,230.0,59317.0,59296,21.0,59655.0,59436,219.0,3.736,3.736,0.0,0.94424,0.94424,0.0,0.5142857142857142,0.6008583690987124,-0.0865726548129981
35,1,1,258.0,103,155.0,322.0,370,-48.0,715.0,548,167.0,,,,1.0,1.0,0.0,0.2800875273522976,0.8,-0.5199124726477025
35,2,2,715.0,548,167.0,772.0,807,-35.0,1080.0,990,90.0,3.6,3.496,0.104,1.0,1.0,0.0,0.3123287671232877,0.8280542986425339,-0.5157255315192462
35,3,3,1080.0,990,90.0,1135.0,1168,-33.0,1504.0,1435,69.0,2.904,2.888,0.016,1.0,1.0,0.0,0.2594339622641509,0.8,-0.5405660377358491
35,4,4,1504.0,1435,69.0,1561.0,1608,-47.0,1839.0,1779,60.0,3.408,3.52,-0.1120000000000001,1.0,1.0,0.0,0.3402985074626865,0.994186046511628,-0.6538875390489414
35,5,5,1839.0,1779,60.0,1894.0,1908,-14.0,2222.0,2046,176.0,2.664,2.4,0.2640000000000002,1.0,1.0,0.0,0.2872062663185378,0.9662921348314608,-0.6790858685129229
35,6,6,2222.0,2046,176.0,2321.0,2296,25.0,2514.0,2435,79.0,3.416,3.104,0.3119999999999998,0.78397,0.78397,0.0,0.678082191780822,0.7146529562982005,-0.0365707645173785
35,8,8,3017.0,2828,189.0,3086.0,3104,-18.0,3438.0,3250,188.0,4.024,3.512,0.512,1.0,1.0,0.0,0.3277909738717339,0.6919431279620853,-0.3641521540903514
35,9,9,3438.0,3250,188.0,3505.0,3565,-60.0,3914.0,3739,175.0,3.352,3.688,-0.3360000000000003,1.0,1.0,0.0,0.2815126050420168,0.7116564417177914,-0.4301438366757746
35,10,10,3914.0,3739,175.0,3976.0,4020,-44.0,4379.0,4318,61.0,3.768,3.64,0.1279999999999996,1.0,1.0,0.0,0.2666666666666667,0.9706390328151986,-0.7039723661485319
35,11,11,4379.0,4318,61.0,4445.0,4441,4.0,4590.0,4714,-124.0,3.752,3.368,0.3839999999999999,1.0,1.0,0.0,0.6255924170616114,0.6212121212121212,0.0043802958494901
35,13,12,4772.0,4714,58.0,4837.0,4843,-6.0,4959.0,4936,23.0,1.616,3.216,-1.6,1.0,1.0,0.0,0.6951871657754011,0.8378378378378378,-0.1426506720624367
35,14,13,4959.0,4936,23.0,5008.0,5043,-35.0,5360.0,5294,66.0,1.368,1.6,-0.2319999999999999,1.0,1.0,0.0,0.2443890274314214,0.5977653631284916,-0.3533763356970701
35,15,14,5360.0,5294,66.0,5437.0,5406,31.0,5687.0,5522,165.0,3.432,2.904,0.528,1.0,1.0,0.0,0.4709480122324159,0.9824561403508772,-0.5115081281184612
35,16,15,5687.0,5522,165.0,5748.0,5782,-34.0,6162.0,5948,214.0,2.488,3.008,-0.52,1.0,1.0,0.0,0.2568421052631578,0.7793427230046949,-0.522500617741537
35,19,16,6897.0,6837,60.0,6963.0,7006,-43.0,7361.0,7297,64.0,2.0,2.312,-0.3119999999999998,1.0,1.0,0.0,0.2844827586206896,0.7347826086956522,-0.4502998500749625
35,20,17,7361.0,7297,64.0,7441.0,7487,-46.0,7832.0,7765,67.0,3.824,3.848,-0.024,1.0,1.0,0.0,0.3397027600849257,0.811965811965812,-0.4722630518808862
35,23,18,8767.0,8699,68.0,8829.0,8873,-44.0,9247.0,9177,70.0,3.96,1.92,2.04,1.0,1.0,0.0,0.2583333333333333,0.7280334728033473,-0.469700139470014
35,24,19,9247.0,9177,70.0,9303.0,9348,-45.0,9713.0,9643,70.0,3.792,3.8,-0.008,1.0,1.0,0.0,0.2403433476394849,0.7339055793991416,-0.4935622317596566
35,25,20,9713.0,9643,70.0,9767.0,9803,-36.0,10147.0,10078,69.0,3.712,3.64,0.072,1.0,1.0,0.0,0.2488479262672811,0.735632183908046,-0.4867842576407648
35,26,21,10147.0,10078,69.0,10203.0,10249,-46.0,10600.0,10423,177.0,3.488,3.568,-0.08,1.0,1.0,0.0,0.2472406181015453,0.991304347826087,-0.7440637297245417
35,27,22,10600.0,10423,177.0,10657.0,10691,-34.0,11032.0,10963,69.0,3.632,3.536,0.096,1.0,1.0,0.0,0.2638888888888888,0.9925925925925926,-0.7287037037037037
35,28,23,11032.0,10963,69.0,11088.0,11120,-32.0,11502.0,11431,71.0,3.448,3.432,0.016,1.0,1.0,0.0,0.2382978723404255,0.670940170940171,-0.4326422985997454
35,30,24,11963.0,11894,69.0,12022.0,12051,-29.0,12470.0,12278,192.0,3.688,1.808,1.88,1.0,1.0,0.0,0.2327416173570019,0.8177083333333334,-0.5849667159763314
35,31,25,12470.0,12278,192.0,12526.0,12573,-47.0,12917.0,12846,71.0,4.032,4.176,-0.1440000000000001,1.0,1.0,0.0,0.2505592841163311,0.9612676056338028,-0.7107083215174718
35,32,26,12917.0,12846,71.0,12972.0,13008,-36.0,13389.0,13319,70.0,3.568,3.48,0.088,1.0,1.0,0.0,0.2330508474576271,0.6849894291754757,-0.4519385817178485
35,33,27,13389.0,13319,70.0,13446.0,13490,-44.0,13869.0,13802,67.0,3.792,3.856,-0.064,1.0,1.0,0.0,0.2375,0.7080745341614907,-0.4705745341614906
35,34,28,13869.0,13802,67.0,13932.0,13980,-48.0,14327.0,14256,71.0,3.888,3.92,-0.032,1.0,1.0,0.0,0.2751091703056768,0.7841409691629956,-0.5090317988573188
35,35,29,14327.0,14256,71.0,14383.0,14431,-48.0,14775.0,14704,71.0,3.608,3.608,0.0,1.0,1.0,0.0,0.25,0.78125,-0.53125
35,36,30,14775.0,14704,71.0,14831.0,14878,-47.0,15222.0,15148,74.0,3.584,3.576,0.008,1.0,1.0,0.0,0.2505592841163311,0.7837837837837838,-0.5332244996674527
35,37,31,15222.0,15148,74.0,15279.0,15315,-36.0,15698.0,15627,71.0,3.584,3.496,0.088,1.0,1.0,0.0,0.2394957983193277,0.697286012526096,-0.4577902142067682
35,38,32,15698.0,15627,71.0,15753.0,15802,-49.0,16176.0,16108,68.0,3.792,3.896,-0.104,1.0,1.0,0.0,0.2301255230125523,0.7276507276507276,-0.4975252046381753
35,39,33,16176.0,16108,68.0,16232.0,16263,-31.0,16592.0,16523,69.0,3.832,3.688,0.1439999999999996,1.0,1.0,0.0,0.2692307692307693,0.7469879518072289,-0.4777571825764596
35,40,34,16592.0,16523,69.0,16647.0,16679,-32.0,17008.0,16938,70.0,3.32,3.328,-0.008,1.0,1.0,0.0,0.2644230769230768,0.7518072289156627,-0.4873841519925858
35,41,35,17008.0,16938,70.0,17063.0,17100,-37.0,17425.0,17354,71.0,3.328,3.368,-0.04,1.0,1.0,0.0,0.2637889688249401,0.7788461538461539,-0.5150571850212138
35,42,36,17425.0,17354,71.0,17481.0,17526,-45.0,17870.0,17801,69.0,3.344,3.408,-0.064,1.0,1.0,0.0,0.251685393258427,0.7695749440715883,-0.5178895508131613
35,43,37,17870.0,17801,69.0,17928.0,17978,-50.0,18317.0,18168,149.0,3.576,3.616,-0.04,1.0,1.0,0.0,0.2595078299776286,0.9645776566757494,-0.7050698266981207
35,44,38,18317.0,18168,149.0,18374.0,18412,-38.0,18741.0,18670,71.0,3.568,3.472,0.096,1.0,1.0,0.0,0.2688679245283019,0.9721115537848606,-0.7032436292565587
35,45,39,18741.0,18670,71.0,18797.0,18830,-33.0,19186.0,19117,69.0,3.384,3.344,0.04,1.0,1.0,0.0,0.251685393258427,0.7158836689038031,-0.4641982756453761
35,47,40,19639.0,19573,66.0,19699.0,19719,-20.0,20046.0,19975,71.0,3.648,1.712,1.936,1.0,1.0,0.0,0.2948402948402948,0.7263681592039801,-0.4315278643636853
35,48,41,20046.0,19975,71.0,20101.0,20147,-46.0,20439.0,20354,85.0,3.216,3.424,-0.2079999999999997,1.0,1.0,0.0,0.2798982188295165,0.907651715039578,-0.6277534962100614
35,49,42,20439.0,20354,85.0,20494.0,20500,-6.0,20779.0,20633,146.0,3.144,2.824,0.3200000000000003,1.0,1.0,0.0,0.3235294117647058,0.953405017921147,-0.6298756061564411
35,50,43,20779.0,20633,146.0,20835.0,20868,-33.0,21198.0,21131,67.0,2.728,2.944,-0.2159999999999997,1.0,1.0,0.0,0.2673031026252983,0.9437751004016064,-0.6764719977763081
35,51,44,21198.0,21131,67.0,21252.0,21262,-10.0,21648.0,21396,252.0,3.336,3.152,0.1839999999999997,1.0,1.0,0.0,0.24,0.9886792452830188,-0.7486792452830189
35,54,45,22659.0,22588,71.0,22714.0,22766,-52.0,23138.0,23069,69.0,4.104,1.952,2.152,1.0,1.0,0.0,0.2296450939457203,0.7401247401247402,-0.5104796461790199
35,55,46,23138.0,23069,69.0,23194.0,23241,-47.0,23604.0,23533,71.0,3.84,3.8,0.04,1.0,1.0,0.0,0.2403433476394849,0.7413793103448276,-0.5010359627053427
35,57,47,24116.0,24048,68.0,24171.0,24176,-5.0,24320.0,24279,41.0,4.096,1.656,2.4400000000000004,1.0,1.0,0.0,0.5392156862745099,0.8917748917748918,-0.3525592055003819
35,59,48,24784.0,24713,71.0,24841.0,24883,-42.0,25234.0,25054,180.0,3.728,1.936,1.7920000000000005,1.0,1.0,0.0,0.2533333333333333,0.997067448680352,-0.7437341153470186
35,60,49,25234.0,25054,180.0,25297.0,25335,-38.0,25692.0,25625,67.0,3.648,3.616,0.032,1.0,1.0,0.0,0.2751091703056768,0.9842381786339754,-0.7091290083282986
35,61,50,25692.0,25625,67.0,25749.0,25777,-28.0,26060.0,25936,124.0,3.616,3.536,0.08,1.0,1.0,0.0,0.3097826086956522,0.977491961414791,-0.6677093527191388
35,63,51,26167.0,25936,231.0,26214.0,26232,-18.0,26601.0,26383,218.0,0.512,3.64,-3.128,1.0,1.0,0.0,0.216589861751152,0.6756152125279642,-0.4590253507768121
35,66,52,27522.0,27455,67.0,27578.0,27601,-23.0,27937.0,27747,190.0,3.72,1.688,2.032,1.0,1.0,0.0,0.2698795180722891,1.0,-0.7301204819277108
35,67,53,27937.0,27747,190.0,27993.0,28023,-30.0,28337.0,28268,69.0,3.32,3.376,-0.056,1.0,1.0,0.0,0.28,0.9404990403071016,-0.6604990403071017
35,68,54,28337.0,28268,69.0,28393.0,28415,-22.0,28719.0,28650,69.0,3.2,3.136,0.064,1.0,1.0,0.0,0.2931937172774869,0.7696335078534031,-0.4764397905759162
35,69,55,28719.0,28650,69.0,28775.0,28794,-19.0,29150.0,28936,214.0,3.056,3.032,0.024,1.0,1.0,0.0,0.259860788863109,0.993006993006993,-0.733146204143884
35,71,56,29588.0,29409,179.0,29643.0,29681,-38.0,30036.0,29966,70.0,3.504,3.488,0.016,1.0,1.0,0.0,0.2455357142857143,0.9766606822262118,-0.7311249679404975
35,72,57,30036.0,29966,70.0,30090.0,30132,-42.0,30423.0,30338,85.0,3.576,3.608,-0.032,1.0,1.0,0.0,0.2790697674418605,0.8924731182795699,-0.6134033508377094
35,73,58,30423.0,30338,85.0,30477.0,30483,-6.0,30824.0,30611,213.0,3.096,2.808,0.2880000000000002,1.0,1.0,0.0,0.2693266832917705,0.9377289377289376,-0.6684022544371672
35,75,59,31245.0,31071,174.0,31301.0,31336,-35.0,31682.0,31613,69.0,3.376,3.384,-0.008,1.0,1.0,0.0,0.2562929061784896,0.977859778597786,-0.7215668724192963
35,76,60,31682.0,31613,69.0,31737.0,31774,-37.0,32093.0,31939,154.0,3.488,3.504,-0.016,1.0,1.0,0.0,0.267639902676399,0.9877300613496932,-0.7200901586732942
35,77,61,32093.0,31939,154.0,32155.0,32197,-42.0,32500.0,32389,111.0,3.344,3.384,-0.04,1.0,1.0,0.0,0.3046683046683046,0.8533333333333333,-0.5486650286650286
35,78,62,32500.0,32389,111.0,32557.0,32585,-28.0,32843.0,32754,89.0,3.216,3.104,0.1120000000000001,1.0,1.0,0.0,0.3323615160349854,0.926027397260274,-0.5936658812252885
35,79,63,32843.0,32754,89.0,32897.0,32938,-41.0,33216.0,33127,89.0,2.72,2.824,-0.1039999999999996,1.0,1.0,0.0,0.2895442359249329,0.9865951742627346,-0.6970509383378016
35,80,64,33216.0,33127,89.0,33279.0,33302,-23.0,33408.0,33535,-127.0,3.056,2.912,0.1440000000000001,0.8172,1.0,-0.1827999999999999,0.65625,0.857843137254902,-0.201593137254902
35,82,65,33592.0,33535,57.0,33647.0,33690,-43.0,34083.0,33865,218.0,1.824,3.104,-1.28,1.0,1.0,0.0,0.2240325865580448,0.9393939393939394,-0.7153613528358946
35,84,66,34494.0,34314,180.0,34549.0,34583,-34.0,34939.0,34869,70.0,3.288,3.344,-0.056,1.0,1.0,0.0,0.2471910112359551,0.9693693693693692,-0.7221783581334142
35,85,67,34939.0,34869,70.0,34994.0,35042,-48.0,35380.0,35217,163.0,3.56,3.672,-0.1120000000000001,1.0,1.0,0.0,0.2494331065759637,0.9942528735632185,-0.7448197669872546
35,86,68,35380.0,35217,163.0,35435.0,35473,-38.0,35798.0,35727,71.0,3.528,3.448,0.08,1.0,1.0,0.0,0.2631578947368421,0.996078431372549,-0.7329205366357069
35,87,69,35798.0,35727,71.0,35854.0,35898,-44.0,36236.0,36165,71.0,3.352,3.4,-0.048,1.0,1.0,0.0,0.2557077625570776,0.7808219178082192,-0.5251141552511416
35,88,70,36236.0,36165,71.0,36291.0,36336,-45.0,36677.0,36507,170.0,3.496,3.504,-0.008,1.0,1.0,0.0,0.2494331065759637,1.0,-0.7505668934240363
35,89,71,36677.0,36507,170.0,36731.0,36770,-39.0,37093.0,37025,68.0,3.52,3.472,0.048,1.0,1.0,0.0,0.2596153846153846,0.9845559845559846,-0.7249405999406
35,90,72,37093.0,37025,68.0,37155.0,37210,-55.0,37577.0,37387,190.0,3.392,3.52,-0.1280000000000001,1.0,1.0,0.0,0.256198347107438,0.977900552486188,-0.7217022053787499
35,91,73,37577.0,37387,190.0,37632.0,37679,-47.0,38052.0,37852,200.0,3.816,3.752,0.064,1.0,1.0,0.0,0.2315789473684211,0.7440860215053764,-0.5125070741369553
35,93,74,38518.0,38323,195.0,38575.0,38616,-41.0,38966.0,38783,183.0,3.744,3.704,0.04,1.0,1.0,0.0,0.2544642857142857,0.7260869565217392,-0.4716226708074534
35,94,75,38966.0,38783,183.0,39023.0,39045,-22.0,39327.0,39251,76.0,3.584,3.432,0.1520000000000001,1.0,1.0,0.0,0.3157894736842105,0.8803418803418803,-0.5645524066576698
35,95,76,39327.0,39251,76.0,39385.0,39381,4.0,39637.0,39511,126.0,2.896,2.688,0.2079999999999997,1.0,1.0,0.0,0.3741935483870967,1.0,-0.6258064516129033
35,96,77,39637.0,39511,126.0,39694.0,39717,-23.0,40022.0,39866,156.0,2.472,2.688,-0.2160000000000002,1.0,1.0,0.0,0.2961038961038961,0.8394366197183099,-0.5433327236144138
35,97,78,40022.0,39866,156.0,40077.0,40111,-34.0,40454.0,40384,70.0,3.064,3.152,-0.088,1.0,1.0,0.0,0.2546296296296296,0.945945945945946,-0.6913163163163163
35,98,79,40454.0,40384,70.0,40508.0,40552,-44.0,40913.0,40721,192.0,3.448,3.528,-0.08,1.0,1.0,0.0,0.2352941176470588,0.9970326409495548,-0.761738523302496
35,99,80,40913.0,40721,192.0,40968.0,41009,-41.0,41358.0,41288,70.0,3.68,3.656,0.024,1.0,1.0,0.0,0.2471910112359551,0.9841269841269842,-0.7369359728910291
35,100,81,41358.0,41288,70.0,41413.0,41453,-40.0,41815.0,41618,197.0,3.56,3.552,0.008,1.0,1.0,0.0,0.2407002188183807,1.0,-0.7592997811816192
35,101,82,41815.0,41618,197.0,41870.0,41909,-39.0,42264.0,42197,67.0,3.656,3.648,0.008,1.0,1.0,0.0,0.2449888641425389,0.9948186528497408,-0.749829788707202
35,102,83,42264.0,42197,67.0,42318.0,42337,-19.0,42655.0,42477,178.0,3.584,3.424,0.1600000000000001,1.0,1.0,0.0,0.2762148337595907,1.0,-0.7237851662404092
35,103,84,42655.0,42477,178.0,42710.0,42737,-27.0,43070.0,43000,70.0,3.136,3.2,-0.064,1.0,1.0,0.0,0.2650602409638554,0.994263862332696,-0.7292036213688406
35,104,85,43070.0,43000,70.0,43124.0,43167,-43.0,43467.0,43366,101.0,3.312,3.44,-0.1280000000000001,1.0,1.0,0.0,0.2720403022670025,0.912568306010929,-0.6405280037439265
35,105,86,43467.0,43366,101.0,43522.0,43555,-33.0,43909.0,43711,198.0,3.184,3.104,0.08,1.0,1.0,0.0,0.248868778280543,0.9043478260869564,-0.6554790478064135
35,107,87,44327.0,44259,68.0,44386.0,44430,-44.0,44734.0,44631,103.0,3.376,3.448,-0.072,1.0,1.0,0.0,0.2899262899262899,0.9193548387096774,-0.6294285487833875
35,108,88,44734.0,44631,103.0,44788.0,44817,-29.0,45142.0,45072,70.0,3.216,3.096,0.1200000000000001,1.0,1.0,0.0,0.2647058823529411,0.8435374149659864,-0.5788315326130453
35,109,89,45142.0,45072,70.0,45198.0,45250,-52.0,45595.0,45428,167.0,3.28,3.464,-0.1840000000000001,1.0,1.0,0.0,0.2472406181015453,1.0,-0.7527593818984547
35,110,90,45595.0,45428,167.0,45650.0,45699,-49.0,46055.0,45873,182.0,3.616,3.592,0.024,1.0,1.0,0.0,0.2391304347826086,0.7820224719101123,-0.5428920371275037
35,111,91,46055.0,45873,182.0,46109.0,46155,-46.0,46506.0,46327,179.0,3.672,3.648,0.024,1.0,1.0,0.0,0.2394678492239468,0.7577092511013216,-0.5182414018773748
35,112,92,46506.0,46327,179.0,46566.0,46602,-36.0,46958.0,46889,69.0,3.656,3.576,0.08,1.0,1.0,0.0,0.2654867256637168,0.9786476868327402,-0.7131609611690234
35,113,93,46958.0,46889,69.0,47017.0,47073,-56.0,47420.0,47252,168.0,3.608,3.768,-0.1599999999999997,1.0,1.0,0.0,0.2554112554112554,0.9862258953168044,-0.730814639905549
35,114,94,47420.0,47252,168.0,47476.0,47523,-47.0,47812.0,47714,98.0,3.672,3.6,0.072,1.0,1.0,0.0,0.2857142857142857,0.8268398268398268,-0.5411255411255411
35,116,96,48328.0,48155,173.0,48385.0,48411,-26.0,48690.0,48589,101.0,3.696,3.28,0.4160000000000003,1.0,1.0,0.0,0.3149171270718232,0.8202764976958525,-0.5053593706240294
35,117,97,48690.0,48589,101.0,48745.0,48778,-33.0,49124.0,49054,70.0,2.88,2.936,-0.056,1.0,1.0,0.0,0.2534562211981567,0.8129032258064516,-0.5594470046082949
35,118,98,49124.0,49054,70.0,49179.0,49219,-40.0,49572.0,49504,68.0,3.472,3.528,-0.056,1.0,1.0,0.0,0.2455357142857143,0.7333333333333334,-0.4877976190476191
35,119,99,49572.0,49504,68.0,49627.0,49632,-5.0,49734.0,49857,-123.0,3.584,3.304,0.2800000000000002,0.958944,1.0,-0.0410559999999999,0.6790123456790124,0.725212464589235,-0.0462001189102226
35,122,100,50038.0,49857,181.0,50092.0,50132,-40.0,50477.0,50407,70.0,0.872,4.0,-3.128,1.0,1.0,0.0,0.246013667425968,1.0,-0.7539863325740319
35,123,101,50477.0,50407,70.0,50532.0,50574,-42.0,50922.0,50740,182.0,3.52,3.536,-0.016,1.0,1.0,0.0,0.2471910112359551,0.996996996996997,-0.7498059857610418
35,124,102,50922.0,50740,182.0,50977.0,51010,-33.0,51295.0,51198,97.0,3.56,3.488,0.072,1.0,1.0,0.0,0.2949061662198391,0.8209606986899564,-0.5260545324701172
35,125,103,51295.0,51198,97.0,51351.0,51387,-36.0,51703.0,51630,73.0,2.992,3.016,-0.024,1.0,1.0,0.0,0.2745098039215686,0.875,-0.6004901960784313
35,126,104,51703.0,51630,73.0,51759.0,51797,-38.0,52130.0,52059,71.0,3.264,3.28,-0.016,1.0,1.0,0.0,0.2622950819672131,0.7785547785547786,-0.5162596965875655
35,127,105,52130.0,52059,71.0,52185.0,52224,-39.0,52562.0,52491,71.0,3.408,3.416,-0.008,1.0,1.0,0.0,0.2546296296296296,0.7638888888888888,-0.5092592592592592
35,128,106,52562.0,52491,71.0,52617.0,52665,-48.0,53004.0,52932,72.0,3.456,3.528,-0.072,1.0,1.0,0.0,0.248868778280543,0.7891156462585034,-0.5402468679779604
35,129,107,53004.0,52932,72.0,53059.0,53108,-49.0,53466.0,53282,184.0,3.536,3.544,-0.008,1.0,1.0,0.0,0.2380952380952381,0.9942857142857144,-0.7561904761904762
35,130,108,53466.0,53282,184.0,53520.0,53560,-40.0,53878.0,53808,70.0,3.688,3.616,0.072,1.0,1.0,0.0,0.2621359223300971,0.9429657794676806,-0.6808298571375835
35,131,109,53878.0,53808,70.0,53932.0,53944,-12.0,54231.0,54080,151.0,3.296,3.072,0.2239999999999997,1.0,1.0,0.0,0.3059490084985835,1.0,-0.6940509915014165
35,132,110,54231.0,54080,151.0,54287.0,54315,-28.0,54625.0,54551,74.0,2.84,2.968,-0.1280000000000001,1.0,1.0,0.0,0.2842639593908629,0.9978768577494692,-0.7136128983586063
35,133,111,54625.0,54551,74.0,54679.0,54712,-33.0,54948.0,54874,74.0,3.136,3.176,-0.04,1.0,1.0,0.0,0.3343653250773993,0.9969040247678018,-0.6625386996904025
35,134,112,54948.0,54874,74.0,55002.0,55022,-20.0,55329.0,55167,162.0,2.584,2.48,0.104,1.0,1.0,0.0,0.2834645669291339,0.9897610921501706,-0.7062965252210367
35,135,113,55329.0,55167,162.0,55385.0,55430,-45.0,55796.0,55601,195.0,3.064,3.264,-0.1999999999999997,1.0,1.0,0.0,0.2398286937901499,0.7880184331797235,-0.5481897393895736
35,136,114,55796.0,55601,195.0,55850.0,55895,-45.0,56226.0,56153,73.0,3.72,3.72,0.0,1.0,1.0,0.0,0.2511627906976744,0.9347826086956522,-0.6836198179979778
35,137,115,56226.0,56153,73.0,56281.0,56328,-47.0,56701.0,56500,201.0,3.448,3.464,-0.016,1.0,1.0,0.0,0.2315789473684211,0.9913544668587896,-0.7597755194903685
35,139,116,57075.0,56945,130.0,57131.0,57164,-33.0,57416.0,57334,82.0,2.984,3.048,-0.064,1.0,1.0,0.0,0.3284457478005865,0.8740359897172236,-0.5455902419166371
35,140,117,57416.0,57334,82.0,57471.0,57507,-36.0,57857.0,57666,191.0,2.72,2.744,-0.024,1.0,1.0,0.0,0.2494331065759637,0.9578313253012049,-0.7083982187252411
35,141,118,57857.0,57666,191.0,57911.0,57942,-31.0,58288.0,58219,69.0,3.52,3.48,0.04,1.0,1.0,0.0,0.2505800464037123,0.9981916817359856,-0.7476116353322732
35,142,119,58288.0,58219,69.0,58344.0,58384,-40.0,58658.0,58570,88.0,3.464,3.536,-0.072,1.0,1.0,0.0,0.3027027027027027,0.9401709401709402,-0.6374682374682374
35,143,120,58658.0,58570,88.0,58713.0,58750,-37.0,59091.0,58908,183.0,2.952,2.928,0.024,1.0,1.0,0.0,0.254041570438799,0.9349112426035504,-0.6808696721647512
36,2,1,460.0,166,294.0,484.0,455,29.0,744.0,624,120.0,0.744,,,0.8485499999999999,0.8485499999999999,0.0,0.1690140845070422,0.7379912663755459,-0.5689771818685037
36,4,2,883.0,624,259.0,896.0,867,29.0,1163.0,1049,114.0,0.656,3.296,-2.64,0.89127,0.89127,0.0,0.0928571428571428,0.8564705882352941,-0.7636134453781512
36,5,3,1163.0,1049,114.0,1238.0,1260,-22.0,1483.0,1458,25.0,2.736,3.144,-0.4079999999999999,0.83883,0.83883,0.0,0.46875,0.9682151589242054,-0.4994651589242054
36,7,4,1560.0,1458,102.0,1620.0,1644,-24.0,1965.0,1813,152.0,1.08,3.072,-1.992,0.67767,0.6233,0.05437,0.2962962962962963,0.952112676056338,-0.6558163797600417
36,9,5,2091.0,1813,278.0,2109.0,2074,35.0,2349.0,2263,86.0,0.64,3.44,-2.8,0.81553,0.82136,-0.00583,0.1395348837209302,0.84,-0.7004651162790697
36,10,6,2349.0,2263,86.0,2412.0,2438,-26.0,2701.0,2620,81.0,2.424,2.912,-0.488,0.72233,0.67767,0.04466,0.3579545454545454,0.9803921568627452,-0.6224376114081996
36,12,7,2808.0,2620,188.0,2812.0,2807,5.0,3073.0,2962,111.0,0.432,2.952,-2.52,0.78835,0.78835,0.0,0.030188679245283,0.9064327485380116,-0.8762440692927287
36,14,8,3146.0,2962,184.0,3212.0,3204,8.0,3314.0,3494,-180.0,1.024,3.176,-2.152,0.41359,0.72039,-0.3067999999999999,0.7857142857142857,0.9097744360902256,-0.1240601503759398
36,16,9,3563.0,3494,69.0,3620.0,3656,-36.0,3883.0,3825,58.0,2.224,3.616,-1.392,0.6932,0.6504800000000001,0.0427199999999999,0.3562499999999999,0.9788519637462236,-0.6226019637462236
36,19,10,4102.0,3825,277.0,4131.0,4104,27.0,4381.0,4272,109.0,0.656,3.584,-2.928,0.90097,0.91262,-0.0116499999999999,0.2078853046594981,0.7516778523489933,-0.5437925476894951
36,20,11,4381.0,4272,109.0,4452.0,4496,-44.0,4786.0,4682,104.0,2.568,3.136,-0.5680000000000001,0.81165,0.81165,0.0,0.3506172839506173,0.9073170731707316,-0.5566997892201144
36,21,12,4786.0,4682,104.0,4854.0,4892,-38.0,4925.0,5080,-155.0,3.216,3.168,0.048,0.5475679999999999,0.83495,-0.287382,0.9784172661870504,0.9447236180904522,0.0336936480965981
36,24,13,5198.0,5080,118.0,5264.0,5304,-40.0,5518.0,5475,43.0,1.136,3.296,-2.16,0.8077699999999999,0.84466,-0.03689,0.4125,0.8658227848101265,-0.4533227848101265
36,27,14,5737.0,5475,262.0,5761.0,5729,32.0,5934.0,5896,38.0,0.688,3.4,-2.712,0.84077,0.84077,0.0,0.2436548223350253,0.7933491686460807,-0.5496943463110554
36,29,15,5970.0,5896,74.0,6052.0,6037,15.0,6197.0,6147,50.0,0.856,2.464,-1.608,0.5126189999999999,0.70485,-0.192231,0.722466960352423,0.8764940239043825,-0.1540270635519595
36,31,16,6443.0,6368,75.0,6516.0,6565,-49.0,6844.0,6726,118.0,2.296,4.224,-1.9280000000000004,0.79223,0.79223,0.0,0.3640897755610972,0.8994413407821229,-0.5353515652210257
36,33,17,6973.0,6726,247.0,6978.0,6953,25.0,7253.0,7127,126.0,0.552,3.104,-2.552,0.82912,0.82912,0.0,0.0357142857142857,0.8678304239401496,-0.8321161382258639
36,35,18,7383.0,7127,256.0,7400.0,7368,32.0,7659.0,7553,106.0,0.64,3.32,-2.68,0.8427199999999999,0.8427199999999999,0.0,0.1231884057971014,0.8685446009389671,-0.7453561951418657
36,37,19,7789.0,7553,236.0,7804.0,7769,35.0,8071.0,7961,110.0,0.624,3.208,-2.584,0.8465999999999999,0.8465999999999999,0.0,0.1063829787234043,0.9411764705882352,-0.834793491864831
36,38,20,8071.0,7961,110.0,8132.0,8174,-42.0,8491.0,8369,122.0,2.624,3.24,-0.6160000000000001,0.79612,0.79417,0.00195,0.2904761904761904,0.9558823529411764,-0.6654061624649861
36,39,21,8491.0,8369,122.0,8552.0,8587,-35.0,8898.0,8768,130.0,3.36,3.304,0.056,0.7669900000000001,0.7534000000000001,0.0135899999999999,0.2997542997542998,0.9072681704260652,-0.6075138706717654
36,40,22,8898.0,8768,130.0,8964.0,9005,-41.0,9293.0,9188,105.0,3.296,3.344,-0.048,0.8466100000000001,0.8699100000000001,-0.0232999999999999,0.3341772151898734,0.8714285714285714,-0.537251356238698
36,41,23,9293.0,9188,105.0,9356.0,9393,-37.0,9712.0,9572,140.0,3.136,3.104,0.032,0.7728200000000001,0.74563,0.02719,0.3007159904534606,0.9322916666666666,-0.631575676213206
36,42,24,9712.0,9572,140.0,9773.0,9814,-41.0,10129.0,9988,141.0,3.336,3.368,-0.032,0.78059,0.80389,-0.0232999999999999,0.2925659472422062,0.8365384615384616,-0.5439725142962554
36,43,25,10129.0,9988,141.0,10187.0,10240,-53.0,10465.0,10408,57.0,3.312,3.408,-0.096,0.82136,0.7767000000000001,0.0446599999999999,0.3452380952380952,0.8,-0.4547619047619048
36,45,26,10556.0,10408,148.0,10624.0,10661,-37.0,10992.0,10833,159.0,1.176,3.368,-2.192,0.85631,0.91457,-0.0582599999999999,0.3119266055045872,0.8094117647058824,-0.4974851592012952
36,47,27,11106.0,10833,273.0,11136.0,11110,26.0,11366.0,11286,80.0,0.632,3.592,-2.96,0.86602,0.86602,0.0,0.2307692307692307,0.7770419426048565,-0.5462727118356258
36,48,28,11366.0,11286,80.0,11433.0,11469,-36.0,11749.0,11638,111.0,2.376,2.872,-0.496,0.83689,0.81941,0.01748,0.3498694516971279,0.9602272727272728,-0.6103578210301448
36,49,29,11749.0,11638,111.0,11812.0,11861,-49.0,12162.0,12045,117.0,3.032,3.136,-0.104,0.7436900000000001,0.7398,0.00389,0.3050847457627118,0.9041769041769042,-0.5990921584141924
36,50,30,12162.0,12045,117.0,12223.0,12265,-42.0,12485.0,12424,61.0,3.288,3.232,0.0559999999999996,0.67767,0.75729,-0.07962,0.3777089783281734,0.8390501319261214,-0.461341153597948
36,51,31,12485.0,12424,61.0,12540.0,12565,-25.0,12807.0,12733,74.0,2.536,2.4,0.1360000000000001,0.56699,0.53786,0.0291299999999999,0.3416149068322981,0.912621359223301,-0.5710064523910029
36,52,32,12807.0,12733,74.0,12872.0,12930,-58.0,13293.0,13117,176.0,2.656,2.92,-0.2639999999999998,0.65631,0.66214,-0.00583,0.2674897119341564,0.9739583333333334,-0.706468621399177
36,54,33,13415.0,13117,298.0,13428.0,13404,24.0,13590.0,13548,42.0,0.552,3.792,-3.24,0.82718,0.8524200000000001,-0.02524,0.1485714285714285,0.6682134570765661,-0.5196420285051375
36,55,34,13590.0,13548,42.0,13660.0,13676,-16.0,13934.0,13855,79.0,1.856,2.176,-0.32,0.68738,0.64272,0.04466,0.4069767441860464,0.8338762214983714,-0.4268994773123249
36,57,35,14033.0,13855,178.0,14062.0,14039,23.0,14307.0,14228,79.0,0.544,2.904,-2.36,0.81165,0.81165,0.0,0.2116788321167882,0.9865951742627346,-0.7749163421459463
36,58,36,14307.0,14228,79.0,14377.0,14405,-28.0,14713.0,14610,103.0,2.52,2.928,-0.4079999999999999,0.78058,0.79417,-0.0135899999999999,0.3448275862068966,0.9267015706806284,-0.5818739844737317
36,59,37,14713.0,14610,103.0,14776.0,14814,-38.0,15101.0,15006,95.0,3.192,3.272,-0.0799999999999996,0.79029,0.76117,0.02912,0.324742268041237,0.9696969696969696,-0.6449547016557327
36,60,38,15101.0,15006,95.0,15157.0,15216,-59.0,15473.0,15415,58.0,3.048,3.216,-0.1680000000000001,0.65631,0.65631,0.0,0.3010752688172042,0.9731051344743276,-0.6720298656571234
36,62,39,15555.0,15415,140.0,15618.0,15655,-37.0,15977.0,15852,125.0,1.064,3.512,-2.448,0.78447,0.80194,-0.0174699999999999,0.2985781990521327,0.9016018306636157,-0.6030236316114829
36,64,40,16111.0,15852,259.0,16121.0,16090,31.0,16370.0,16286,84.0,0.608,3.48,-2.872,0.85437,0.85437,0.0,0.0772200772200771,0.9032258064516128,-0.8260057292315357
36,65,41,16370.0,16286,84.0,16436.0,16473,-37.0,16760.0,16653,107.0,2.52,3.064,-0.544,0.8369000000000001,0.8213600000000001,0.0155399999999999,0.3384615384615385,0.9809264305177112,-0.6424648920561727
36,66,42,16760.0,16653,107.0,16824.0,16869,-45.0,17170.0,17062,108.0,3.104,3.168,-0.064,0.71068,0.69127,0.0194099999999999,0.3121951219512195,0.9437652811735942,-0.6315701592223746
36,67,43,17170.0,17062,108.0,17240.0,17276,-36.0,17550.0,17470,80.0,3.328,3.256,0.072,0.7534000000000001,0.75534,-0.0019399999999999,0.368421052631579,0.9509803921568628,-0.5825593395252837
36,68,44,17550.0,17470,80.0,17618.0,17671,-53.0,17958.0,17863,95.0,3.024,3.16,-0.1360000000000001,0.77087,0.78446,-0.0135899999999999,0.3333333333333333,0.9770992366412212,-0.643765903307888
36,70,45,18080.0,17863,217.0,18092.0,18070,22.0,18318.0,18238,80.0,0.52,3.192,-2.672,0.83301,0.83301,0.0,0.1008403361344537,0.896,-0.7951596638655463
36,71,46,18318.0,18238,80.0,18381.0,18417,-36.0,18730.0,18597,133.0,2.312,2.776,-0.4639999999999999,0.7029099999999999,0.6543699999999999,0.04854,0.3058252427184466,0.9972144846796658,-0.6913892419612192
36,72,47,18730.0,18597,133.0,18790.0,18838,-48.0,19142.0,19017,125.0,3.272,3.368,-0.096,0.79223,0.78252,0.0097099999999999,0.2912621359223301,0.8523809523809524,-0.5611188164586223
36,73,48,19142.0,19017,125.0,19203.0,19251,-48.0,19554.0,19434,120.0,3.304,3.304,0.0,0.76505,0.76311,0.00194,0.2961165048543689,0.8776978417266187,-0.5815813368722498
36,74,49,19554.0,19434,120.0,19613.0,19662,-49.0,19957.0,19840,117.0,3.28,3.288,-0.008,0.76116,0.7631,-0.00194,0.292803970223325,0.8768472906403941,-0.5840433204170691
36,75,50,19957.0,19840,117.0,20018.0,20070,-52.0,20349.0,20242,107.0,3.24,3.264,-0.0239999999999995,0.76505,0.73981,0.02524,0.3112244897959183,0.8557213930348259,-0.5444969032389075
36,76,51,20349.0,20242,107.0,20406.0,20439,-33.0,20709.0,20645,64.0,3.104,2.952,0.1520000000000001,0.61359,0.6466000000000001,-0.03301,0.3166666666666666,0.977667493796526,-0.6610008271298594
36,77,52,20709.0,20645,64.0,20784.0,20815,-31.0,21046.0,20999,47.0,3.024,3.008,0.016,0.6737865,0.83689,-0.1631035,0.4451038575667656,0.96045197740113,-0.5153481198343643
36,79,53,21137.0,20999,138.0,21162.0,21147,15.0,21409.0,21325,84.0,0.56,2.656,-2.096,0.7048599999999999,0.7048599999999999,0.0,0.1838235294117647,0.9079754601226994,-0.7241519307109346
36,81,54,21538.0,21325,213.0,21546.0,21515,31.0,21832.0,21689,143.0,0.56,2.944,-2.384,0.67184,0.69126,-0.0194199999999999,0.0544217687074829,0.956043956043956,-0.9016221873364731
36,83,55,21959.0,21689,270.0,21976.0,21945,31.0,22238.0,22163,75.0,0.672,3.44,-2.768,0.69709,0.69709,0.0,0.1218637992831541,0.919831223628692,-0.7979674243455378
36,84,56,22238.0,22163,75.0,22307.0,22344,-37.0,22654.0,22551,103.0,2.648,3.192,-0.544,0.8097099999999999,0.8097099999999999,0.0,0.3317307692307693,0.9329896907216496,-0.6012589214908802
36,85,57,22654.0,22551,103.0,22715.0,22748,-33.0,23010.0,22952,58.0,3.264,3.232,0.0319999999999995,0.69709,0.66408,0.0330099999999999,0.3426966292134831,0.9825436408977556,-0.6398470116842725
36,87,58,23036.0,22952,84.0,23094.0,23143,-49.0,23496.0,23328,168.0,0.56,3.16,-2.6,0.7029099999999999,0.74369,-0.04078,0.2521739130434782,0.9840425531914894,-0.7318686401480111
36,89,59,23583.0,23328,255.0,23589.0,23609,-20.0,23850.0,23784,66.0,0.408,3.728,-3.3200000000000003,0.62718,0.59029,0.0368899999999999,0.0449438202247191,0.7675438596491229,-0.7226000394244038
36,91,60,23977.0,23784,193.0,24000.0,23972,28.0,24266.0,24127,139.0,0.664,2.904,-2.24,0.6893199999999999,0.69709,-0.00777,0.1591695501730103,0.9037900874635568,-0.7446205372905464
36,92,61,24266.0,24127,139.0,24329.0,24372,-43.0,24687.0,24614,73.0,2.632,3.2,-0.5680000000000001,0.71262,0.71262,0.0,0.2992874109263658,0.9938398357289528,-0.6945524248025869
36,94,62,24814.0,24614,200.0,24818.0,24796,22.0,25052.0,24976,76.0,0.52,3.392,-2.872,0.73204,0.75728,-0.0252399999999999,0.0336134453781512,0.994475138121547,-0.9608616927433956
36,95,63,25052.0,24976,76.0,25115.0,25144,-29.0,25380.0,25317,63.0,2.376,2.784,-0.4079999999999999,0.6602,0.590293,0.069907,0.3841463414634146,0.9853372434017597,-0.6011909019383449
36,97,64,25498.0,25317,181.0,25522.0,25494,28.0,25848.0,25653,195.0,0.608,2.8,-2.192,0.80582,0.80582,0.0,0.1371428571428571,0.9464285714285714,-0.8092857142857143
36,98,65,25848.0,25653,195.0,25904.0,25964,-60.0,26267.0,26150,117.0,3.056,3.76,-0.7039999999999997,0.68155,0.67767,0.0038799999999999,0.2673031026252983,0.7484909456740443,-0.4811878430487459
36,99,66,26267.0,26150,117.0,26324.0,26375,-51.0,26653.0,26564,89.0,3.36,3.288,0.072,0.68738,0.69126,-0.0038799999999999,0.2953367875647669,0.9130434782608696,-0.6177066906961027
36,100,67,26653.0,26564,89.0,26707.0,26764,-57.0,27027.0,26947,80.0,3.064,3.112,-0.048,0.66214,0.66796,-0.00582,0.2887700534759359,0.9556135770234988,-0.6668435235475628
36,101,68,27027.0,26947,80.0,27098.0,27125,-27.0,27438.0,27306,132.0,3.128,2.888,0.2400000000000002,0.74175,0.74758,-0.00583,0.3454987834549878,0.9916434540389972,-0.6461446705840094
36,103,69,27566.0,27306,260.0,27573.0,27542,31.0,27833.0,27719,114.0,0.576,3.336,-2.76,0.75146,0.75146,0.0,0.0524344569288389,0.8571428571428572,-0.8047084002140182
36,104,70,27833.0,27719,114.0,27891.0,27945,-54.0,28223.0,28126,97.0,2.544,3.224,-0.6800000000000002,0.72622,0.71457,0.0116499999999999,0.2974358974358975,0.8894348894348895,-0.591998991998992
36,106,71,28306.0,28126,180.0,28328.0,28338,-10.0,28576.0,28511,65.0,0.384,3.144,-2.76,0.6737799999999999,0.6990299999999999,-0.0252499999999999,0.1629629629629629,0.8987012987012987,-0.7357383357383357
36,108,72,28701.0,28511,190.0,28719.0,28690,29.0,28985.0,28887,98.0,0.616,2.816,-2.2,0.75146,0.75728,-0.0058199999999999,0.1267605633802817,0.952127659574468,-0.8253670961941864
36,110,73,29114.0,28887,227.0,29132.0,29108,24.0,29389.0,29300,89.0,0.656,3.344,-2.688,0.73398,0.73398,0.0,0.1309090909090908,0.9297820823244553,-0.7988729914153644
36,112,74,29525.0,29300,225.0,29540.0,29507,33.0,29799.0,29686,113.0,0.696,3.192,-2.4960000000000004,0.71651,0.71651,0.0,0.1094890510948904,0.927461139896373,-0.8179720888014825
36,114,75,29936.0,29686,250.0,29952.0,29914,38.0,30235.0,30088,147.0,0.728,3.256,-2.528,0.67379,0.67379,0.0,0.1070234113712375,0.8656716417910448,-0.7586482304198073
36,116,76,30353.0,30088,265.0,30384.0,30363,21.0,30624.0,30553,71.0,0.696,3.592,-2.896,0.7553399999999999,0.77864,-0.0233000000000001,0.2287822878228782,0.8172043010752688,-0.5884220132523905
36,117,77,30624.0,30553,71.0,30689.0,30728,-39.0,31030.0,30969,61.0,2.44,2.92,-0.48,0.74563,0.74563,0.0,0.3201970443349754,0.8413461538461539,-0.5211491095111784
36,118,78,31030.0,30969,61.0,31120.0,31107,13.0,31408.0,31335,73.0,3.448,3.032,0.4159999999999999,1.66213,1.66213,0.0,0.4761904761904761,0.7540983606557377,-0.2779078844652615
36,119,79,31408.0,31335,73.0,31466.0,31506,-40.0,31843.0,31778,65.0,2.768,3.192,-0.4240000000000004,0.56311,0.56311,0.0,0.2666666666666667,0.7720090293453725,-0.5053423626787058
36,120,80,31843.0,31778,65.0,31907.0,31958,-51.0,32254.0,32165,89.0,3.528,3.616,-0.088,0.69709,0.69709,0.0,0.3114355231143552,0.9302325581395348,-0.6187970350251797
36,122,81,32388.0,32165,223.0,32398.0,32369,29.0,32666.0,32571,95.0,0.608,3.288,-2.68,0.69709,0.72233,-0.02524,0.0719424460431654,0.9950738916256158,-0.9231314455824504
36,123,82,32666.0,32571,95.0,32726.0,32775,-49.0,33066.0,32967,99.0,2.624,3.248,-0.6240000000000001,0.72621,0.72621,0.0,0.3,0.9696969696969696,-0.6696969696969697
36,124,83,33066.0,32967,99.0,33124.0,33163,-39.0,33474.0,33399,75.0,3.184,3.104,0.08,0.56311,0.6,-0.0368899999999999,0.284313725490196,0.9074074074074074,-0.6230936819172114
36,125,84,33474.0,33399,75.0,33570.0,33582,-12.0,33854.0,33785,69.0,3.568,3.352,0.2160000000000002,0.72038,0.73009,-0.0097099999999999,0.5052631578947369,0.9481865284974094,-0.4429233706026725
36,127,85,33978.0,33785,193.0,33984.0,33963,21.0,34207.0,34140,67.0,0.512,3.048,-2.536,0.7378600000000001,0.76504,-0.0271799999999999,0.0524017467248908,0.9971830985915492,-0.9447813518666583
36,129,86,34283.0,34140,143.0,34321.0,34300,21.0,34531.0,34450,81.0,0.504,2.696,-2.192,0.69515,0.6737890000000001,0.0213609999999999,0.3064516129032257,0.967741935483871,-0.6612903225806452
36,130,87,34531.0,34450,81.0,34645.0,34634,11.0,34951.0,34787,164.0,2.592,2.672,-0.08,0.77281,0.77281,0.0,0.5428571428571429,0.9080118694362018,-0.3651547265790589
36,131,88,34951.0,34787,164.0,35055.0,35059,-4.0,35340.0,35254,86.0,3.28,3.4,-0.1200000000000001,0.786404,0.82718,-0.040776,0.5347043701799485,0.8351177730192719,-0.3004134028393234
36,132,89,35340.0,35254,86.0,35463.0,35445,18.0,35792.0,35598,194.0,3.264,3.088,0.1759999999999997,0.8718400000000001,0.8718400000000001,0.0,0.5442477876106195,0.8895348837209303,-0.3452870961103107
36,133,90,35792.0,35598,194.0,35870.0,35888,-18.0,36209.0,36141,68.0,3.256,3.544,-0.2880000000000002,0.92039,0.92039,0.0,0.3741007194244604,0.9318600368324124,-0.557759317407952
36,134,91,36209.0,36141,68.0,36287.0,36303,-16.0,36625.0,36481,144.0,3.336,3.32,0.016,0.94174,0.88737,0.05437,0.375,0.9529411764705882,-0.5779411764705882
36,135,92,36625.0,36481,144.0,36700.0,36723,-23.0,37043.0,36907,136.0,3.304,3.36,-0.056,0.99223,0.95922,0.0330099999999999,0.3588516746411483,0.863849765258216,-0.5049980906170677
36,137,93,37178.0,36907,271.0,37193.0,37155,38.0,37482.0,37422,60.0,0.648,3.456,-2.808,1.00194,1.02718,-0.0252399999999999,0.0986842105263158,0.9631067961165048,-0.864422585590189
36,139,94,37604.0,37422,182.0,37633.0,37629,4.0,37969.0,37806,163.0,0.56,3.792,-3.232,0.92038,0.94174,-0.02136,0.1589041095890411,0.921875,-0.7629708904109589
36,140,95,37969.0,37806,163.0,38042.0,38076,-34.0,38305.0,38242,63.0,3.272,3.576,-0.3040000000000002,0.99418,0.97087,0.02331,0.4345238095238095,0.7614678899082569,-0.3269440803844473
36,142,96,38393.0,38242,151.0,38460.0,38501,-41.0,38800.0,38704,96.0,1.152,3.4,-2.248,0.93203,0.93203,0.0,0.3292383292383292,0.8787878787878788,-0.5495495495495496
36,143,97,38800.0,38704,96.0,38864.0,38905,-41.0,39220.0,39091,129.0,3.232,3.232,0.0,0.88932,0.88544,0.0038799999999999,0.3047619047619048,0.9612403100775194,-0.6564784053156146
36,145,98,39357.0,39091,266.0,39376.0,39342,34.0,39679.0,39520,159.0,0.68,3.496,-2.816,0.96116,0.96116,0.0,0.1180124223602484,0.8298368298368298,-0.7118244074765814
36,146,99,39679.0,39520,159.0,39741.0,39779,-38.0,40056.0,39996,60.0,2.92,3.496,-0.5760000000000001,0.83107,0.85049,-0.0194199999999999,0.3289124668435013,0.9117647058823528,-0.5828522390388516
36,148,100,40188.0,39996,192.0,40214.0,40180,34.0,40469.0,40363,106.0,0.696,3.208,-2.5120000000000005,0.93204,0.93204,0.0,0.1850533807829181,0.997275204359673,-0.8122218235767549
36,149,101,40469.0,40363,106.0,40547.0,40586,-39.0,40881.0,40766,115.0,2.664,3.248,-0.5840000000000001,1.02719,1.02719,0.0,0.3786407766990292,0.8933002481389578,-0.5146594714399286
36,151,102,40997.0,40766,231.0,41037.0,41015,22.0,41332.0,41183,149.0,0.648,3.432,-2.784,1.07378,1.07378,0.0,0.2388059701492537,0.8057553956834532,-0.5669494255341995
36,152,103,41332.0,41183,149.0,41413.0,41463,-50.0,41728.0,41647,81.0,3.008,3.584,-0.5760000000000001,0.97476,0.97281,0.0019500000000001,0.409090909090909,0.7931034482758621,-0.384012539184953
36,153,104,41728.0,41647,81.0,41834.0,41835,-1.0,42095.0,42025,70.0,3.368,2.976,0.3919999999999999,0.8582500000000001,0.91845,-0.0601999999999999,0.5776566757493188,0.9947089947089948,-0.4170523189596758
36,155,105,42129.0,42025,104.0,42244.0,42246,-2.0,42586.0,42400,186.0,1.12,3.288,-2.168,0.83495,0.86019,-0.02524,0.5032822757111597,0.8213333333333334,-0.3180510576221736
36,157,106,42700.0,42400,300.0,42730.0,42706,24.0,43035.0,42957,78.0,0.608,3.68,-3.072,0.8970899999999999,0.8970899999999999,0.0,0.1791044776119402,0.9012567324955116,-0.7221522548835714
36,158,107,43035.0,42957,78.0,43138.0,43155,-17.0,43402.0,43338,64.0,3.264,3.592,-0.3280000000000003,0.8699,0.83107,0.03883,0.561307901907357,0.9606299212598424,-0.3993220193524854
36,160,108,43529.0,43338,191.0,43551.0,43533,18.0,43859.0,43694,165.0,0.528,3.024,-2.496,0.93981,0.93981,0.0,0.1333333333333333,0.904494382022472,-0.7711610486891386
36,161,109,43859.0,43694,165.0,43961.0,43968,-7.0,44243.0,44156,87.0,3.28,3.48,-0.2000000000000001,0.9301,0.93593,-0.00583,0.53125,0.8138528138528138,-0.2826028138528138
36,162,110,44243.0,44156,87.0,44365.0,44363,2.0,44617.0,44543,74.0,3.232,3.16,0.072,0.93593,0.93204,0.0038899999999999,0.6524064171122994,0.9302325581395348,-0.2778261410272354
36,164,111,44705.0,44543,162.0,44754.0,44735,19.0,45009.0,44899,110.0,0.48,2.976,-2.496,1.08544,1.08544,0.0,0.3223684210526315,0.9213483146067416,-0.5989798935541101
36,166,112,45125.0,44899,226.0,45157.0,45139,18.0,45476.0,45301,175.0,0.624,3.232,-2.608,0.95728,0.95728,0.0,0.1823361823361823,0.8059701492537313,-0.623633966917549
36,167,113,45476.0,45301,175.0,45546.0,45574,-28.0,45731.0,45978,-247.0,3.112,3.48,-0.3679999999999999,0.590289,0.79611,-0.205821,0.5490196078431373,0.8064992614475628,-0.2574796536044255
36,169,114,46034.0,45978,56.0,46101.0,46150,-49.0,46420.0,46324,96.0,2.616,4.608,-1.9919999999999995,0.85825,0.85825,0.0,0.3471502590673575,0.9942196531791908,-0.6470693941118332
36,171,115,46549.0,46324,225.0,46573.0,46546,27.0,46872.0,46796,76.0,0.624,3.168,-2.544,0.99612,0.98835,0.00777,0.1486068111455109,0.940677966101695,-0.7920711549561841
36,172,116,46872.0,46796,76.0,46982.0,47003,-21.0,47230.0,47176,54.0,3.272,3.656,-0.3840000000000003,0.92428,0.88544,0.0388399999999999,0.6145251396648045,0.9105263157894736,-0.2960011761246691
36,174,117,47347.0,47176,171.0,47369.0,47347,22.0,47635.0,47566,69.0,0.52,2.752,-2.232,0.94952,0.96894,-0.0194199999999999,0.1527777777777778,0.8769230769230769,-0.7241452991452991
36,176,118,47744.0,47566,178.0,47775.0,47773,2.0,48079.0,47978,101.0,0.52,3.408,-2.888,0.94175,0.96311,-0.02136,0.1850746268656716,0.9951456310679612,-0.8100710042022895
36,177,119,48079.0,47978,101.0,48170.0,48192,-22.0,48455.0,48374,81.0,3.16,3.352,-0.1919999999999997,0.8699100000000001,0.86214,0.00777,0.4840425531914893,0.9191919191919192,-0.4351493660004298
36,178,120,48455.0,48374,81.0,48571.0,48576,-5.0,48897.0,48745,152.0,3.208,3.072,0.1360000000000001,0.8679600000000001,0.8776700000000001,-0.0097099999999999,0.5248868778280543,0.9110512129380054,-0.3861643351099511
36,180,121,49034.0,48745,289.0,49060.0,49023,37.0,49320.0,49192,128.0,0.776,3.576,-2.8,0.94951,0.94951,0.0,0.1818181818181817,0.756152125279642,-0.5743339434614603
36,182,122,49440.0,49192,248.0,49474.0,49449,25.0,49728.0,49632,96.0,0.664,3.408,-2.744,1.01359,1.01359,0.0,0.2361111111111111,0.8318181818181818,-0.5957070707070706
36,184,123,49854.0,49632,222.0,49877.0,49843,34.0,50139.0,50025,114.0,0.616,3.152,-2.536,0.93204,0.93204,0.0,0.1614035087719297,0.9262086513994912,-0.7648051426275614
36,186,124,50281.0,50025,256.0,50283.0,50267,16.0,50569.0,50513,56.0,0.568,3.392,-2.824,0.97864,1.00194,-0.0233000000000001,0.0138888888888888,0.9918032786885246,-0.9779143897996356
36,188,125,50696.0,50513,183.0,50710.0,50684,26.0,50978.0,50858,120.0,0.648,3.336,-2.688,0.78446,0.78446,0.0,0.099290780141844,0.991304347826087,-0.892013567684243
36,189,126,50978.0,50858,120.0,51047.0,51078,-31.0,51305.0,51268,37.0,2.696,3.152,-0.4559999999999999,0.87961,0.87961,0.0,0.4220183486238532,0.926829268292683,-0.5048109196688297
36,191,127,51396.0,51268,128.0,51468.0,51495,-27.0,51732.0,51667,65.0,1.248,3.336,-2.088,0.7669883,0.97864,-0.2116517,0.4285714285714286,0.8621553884711779,-0.4335839598997493
36,192,128,51732.0,51667,65.0,51800.0,51825,-25.0,52142.0,51982,160.0,2.656,2.64,0.016,0.86214,0.7805850000000001,0.0815549999999999,0.3317073170731707,0.9968253968253968,-0.6651180797522261
36,193,129,52142.0,51982,160.0,52234.0,52245,-11.0,52564.0,52493,71.0,3.472,3.36,0.1120000000000001,0.98835,1.01359,-0.0252399999999999,0.4360189573459715,0.9706457925636008,-0.5346268352176292
36,194,130,52564.0,52493,71.0,52662.0,52663,-1.0,53001.0,52841,160.0,3.424,3.344,0.08,0.94563,0.836894,0.1087359999999999,0.448512585812357,0.9770114942528736,-0.5284989084405166
36,195,131,53001.0,52841,160.0,53076.0,53106,-30.0,53434.0,53290,144.0,3.312,3.544,-0.2320000000000002,0.97476,0.95534,0.0194199999999999,0.3464203233256351,0.8195991091314031,-0.473178785805768
36,196,132,53434.0,53290,144.0,53500.0,53536,-36.0,53892.0,53719,173.0,3.392,3.44,-0.048,0.8932100000000001,0.90486,-0.0116499999999999,0.2882096069868995,0.8531468531468531,-0.5649372461599536
36,198,133,54030.0,53719,311.0,54056.0,54024,32.0,54313.0,54231,82.0,0.704,3.904,-3.2,0.96699,0.96699,0.0,0.1837455830388692,0.80859375,-0.6248481669611308
36,199,134,54313.0,54231,82.0,54380.0,54374,6.0,54538.0,54488,50.0,2.592,2.8,-0.2079999999999997,0.72816,0.8136000000000001,-0.08544,0.5955555555555556,0.8871595330739299,-0.2916039775183743
36,200,135,54538.0,54488,50.0,54602.0,54642,-40.0,54997.0,54826,171.0,1.776,2.144,-0.3680000000000001,0.77087,0.77087,0.0,0.2788671023965141,0.9112426035502958,-0.6323755011537817
36,202,136,55095.0,54826,269.0,55115.0,55121,-6.0,55490.0,55307,183.0,0.488,3.832,-3.344,0.8640800000000001,0.8737900000000001,-0.0097099999999999,0.1012658227848101,0.7733887733887734,-0.6721229506039633
36,204,137,55612.0,55307,305.0,55641.0,55617,24.0,55906.0,55839,67.0,0.656,3.968,-3.312,0.91457,0.91845,-0.0038799999999999,0.1972789115646258,0.8345864661654135,-0.6373075546007877
36,205,138,55906.0,55839,67.0,55982.0,56010,-28.0,56322.0,56233,89.0,2.728,3.144,-0.4159999999999999,0.90291,0.90291,0.0,0.3653846153846154,0.868020304568528,-0.5026356891839125
36,207,139,56443.0,56233,210.0,56474.0,56443,31.0,56727.0,56619,108.0,0.624,3.464,-2.84,1.05242,1.05242,0.0,0.2183098591549296,0.911917098445596,-0.6936072392906663
36,208,140,56727.0,56619,108.0,56802.0,56835,-33.0,57136.0,57012,124.0,2.624,3.136,-0.512,1.00971,1.00971,0.0,0.3667481662591687,0.900763358778626,-0.5340151925194572
36,209,141,57136.0,57012,124.0,57206.0,57242,-36.0,57543.0,57461,82.0,3.232,3.256,-0.0239999999999995,0.91457,0.93398,-0.01941,0.3439803439803439,0.975501113585746,-0.6315207696054022
36,211,142,57678.0,57461,217.0,57699.0,57669,30.0,57966.0,57843,123.0,0.696,3.416,-2.72,0.95728,0.95728,0.0,0.1458333333333333,0.9109947643979056,-0.7651614310645724
36,213,143,58100.0,57843,257.0,58113.0,58082,31.0,58391.0,58265,126.0,0.624,3.304,-2.68,0.97476,0.97476,0.0,0.0893470790378007,0.8672985781990521,-0.7779514991612514
36,215,144,58526.0,58265,261.0,58548.0,58525,23.0,58807.0,58701,106.0,0.672,3.544,-2.872,0.99029,0.99805,-0.0077600000000001,0.1565836298932384,0.8073394495412844,-0.650755819648046
36,217,145,58921.0,58701,220.0,58963.0,58959,4.0,59209.0,59137,72.0,0.664,3.472,-2.808,1.01165,0.96116,0.0504899999999999,0.2916666666666666,0.8165137614678899,-0.5248470948012233
36,219,146,59320.0,59137,183.0,59357.0,59337,20.0,59616.0,59538,78.0,0.552,3.024,-2.472,0.94369,0.94369,0.0,0.25,0.9975062344139652,-0.7475062344139651
36,221,147,59724.0,59538,186.0,59756.0,59733,23.0,59909.0,59868,41.0,0.496,3.168,-2.672,0.8524229999999999,0.97281,-0.120387,0.3459459459459459,0.8181818181818181,-0.4722358722358721
37,2,1,419.0,368,51.0,525.0,512,13.0,850.0,806,44.0,3.6,3.568,0.032,1.14146,1.049209,0.092251,0.4918793503480279,0.6575342465753424,-0.1656548962273145
37,3,2,850.0,806,44.0,932.0,929,3.0,1253.0,1198,55.0,3.256,3.336,-0.08,0.92502,1.16856,-0.2435400000000001,0.4069478908188585,0.6275510204081632,-0.2206031295893047
37,4,3,1253.0,1198,55.0,1336.0,1338,-2.0,1736.0,1660,76.0,3.232,3.272,-0.0399999999999995,1.16733,1.16733,0.0,0.3436853002070393,0.6060606060606061,-0.2623753058535667
37,5,4,1736.0,1660,76.0,1838.0,1840,-2.0,2169.0,2121,48.0,4.016,4.016,0.0,1.12428,1.08492,0.03936,0.4711316397228637,0.7809110629067245,-0.3097794231838607
37,6,5,2169.0,2121,48.0,2279.0,2267,12.0,2579.0,2531,48.0,3.528,3.416,0.1120000000000001,1.182091,1.12428,0.057811,0.5365853658536586,0.7121951219512195,-0.1756097560975609
37,7,6,2579.0,2531,48.0,2698.0,2686,12.0,2974.0,2923,51.0,3.352,3.352,0.0,1.16364,1.182091,-0.0184509999999999,0.6025316455696202,0.7908163265306123,-0.188284680960992
37,8,7,2974.0,2923,51.0,3082.0,3066,16.0,3416.0,3367,49.0,3.072,3.04,0.032,1.179631,1.16364,0.0159909999999998,0.4886877828054299,0.6441441441441442,-0.1554563613387143
37,9,8,3416.0,3367,49.0,3532.0,3516,16.0,3853.0,3797,56.0,3.6,3.6,0.0,1.061549,1.179631,-0.1180819999999998,0.5308924485125859,0.6930232558139535,-0.1621308073013676
37,10,9,3853.0,3797,56.0,3947.0,3954,-7.0,4210.0,4166,44.0,3.32,3.504,-0.1840000000000001,1.25835,1.061549,0.196801,0.5266106442577031,0.8509485094850948,-0.3243378652273917
37,11,10,4210.0,4166,44.0,4272.0,4285,-13.0,4539.0,4428,111.0,2.6,2.648,-0.048,1.25835,1.25835,0.0,0.3768996960486322,0.9083969465648856,-0.5314972505162532
37,12,11,4539.0,4428,111.0,4558.0,4544,14.0,4703.0,4640,63.0,2.288,2.072,0.2159999999999997,0.2558399999999999,0.2558399999999999,0.0,0.2317073170731707,0.9056603773584906,-0.6739530602853199
37,13,12,4703.0,4640,63.0,4780.0,4794,-14.0,4875.0,4992,-117.0,1.776,2.0,-0.2239999999999999,1.09107,1.25835,-0.1672800000000001,0.8953488372093024,0.875,0.0203488372093023
37,16,13,5211.0,4992,219.0,5296.0,5297,-1.0,5840.0,5607,233.0,1.72,4.024,-2.3040000000000003,1.13166,1.25835,-0.1266900000000002,0.2702702702702703,0.991869918699187,-0.7215996484289167
37,17,14,5840.0,5607,233.0,5955.0,5969,-14.0,6302.0,6162,140.0,5.272,5.376,-0.104,1.17471,1.13166,0.04305,0.4978354978354978,0.6954954954954955,-0.1976599976599976
37,18,15,6302.0,6162,140.0,6437.0,6447,-10.0,6813.0,6616,197.0,3.856,3.824,0.032,1.191931,1.190701,0.00123,0.528375733855186,0.7444933920704846,-0.2161176582152986
37,19,16,6813.0,6616,197.0,6908.0,6900,8.0,7222.0,7179,43.0,3.768,3.624,0.1439999999999996,1.25835,1.191931,0.066419,0.4645476772616137,0.9911190053285968,-0.526571328066983
37,20,17,7222.0,7179,43.0,7319.0,7308,11.0,7636.0,7589,47.0,3.288,3.264,0.024,1.23129,1.25835,-0.02706,0.4685990338164251,0.6292682926829268,-0.1606692588665017
37,21,18,7636.0,7589,47.0,7734.0,7730,4.0,7995.0,7961,34.0,3.32,3.376,-0.056,1.17225,1.23129,-0.0590399999999999,0.5459610027855153,0.7580645161290323,-0.2121035133435169
37,22,19,7995.0,7961,34.0,8081.0,8079,2.0,8341.0,8300,41.0,2.776,2.792,-0.016,1.2522,1.189471,0.062729,0.4971098265895953,0.696165191740413,-0.1990553651508176
37,23,20,8341.0,8300,41.0,8434.0,8432,2.0,8686.0,8653,33.0,2.824,2.824,0.0,1.25589,1.2522,0.0036899999999999,0.5391304347826087,0.7478753541076487,-0.20874491932504
37,24,21,8686.0,8653,33.0,8771.0,8782,-11.0,9053.0,9011,42.0,2.696,2.8,-0.1039999999999996,1.218991,1.25589,-0.036899,0.4632152588555858,0.7206703910614525,-0.2574551322058667
37,25,22,9053.0,9011,42.0,9144.0,9140,4.0,9389.0,9351,38.0,2.984,2.864,0.1200000000000001,1.25835,1.25835,0.0,0.5416666666666667,0.7588235294117647,-0.2171568627450979
37,26,23,9389.0,9351,38.0,9485.0,9474,11.0,9777.0,9724,53.0,2.728,2.672,0.056,1.11073,1.21405,-0.1033199999999998,0.4948453608247423,0.6595174262734584,-0.1646720654487161
37,27,24,9777.0,9724,53.0,9876.0,9884,-8.0,10118.0,10086,32.0,3.128,3.28,-0.1519999999999997,1.25835,1.25835,0.0,0.5806451612903225,0.8839779005524862,-0.3033327392621636
37,28,25,10118.0,10086,32.0,10209.0,10204,5.0,10492.0,10459,33.0,2.664,2.56,0.104,1.11075,1.25835,-0.1476000000000001,0.4866310160427807,0.6327077747989276,-0.1460767587561469
37,30,26,10523.0,10459,64.0,10622.0,10622,0.0,10976.0,10918,58.0,0.952,3.344,-2.392,1.041869,1.070159,-0.0282900000000001,0.4370860927152318,0.710239651416122,-0.2731535587008902
37,31,27,10976.0,10918,58.0,11090.0,11069,21.0,11380.0,11328,52.0,3.744,3.576,0.1680000000000001,1.1538,1.10214,0.05166,0.5643564356435644,0.7365853658536585,-0.1722289302100941
37,32,28,11380.0,11328,52.0,11475.0,11480,-5.0,11716.0,11682,34.0,3.08,3.288,-0.2079999999999997,1.203001,1.180861,0.02214,0.5654761904761905,0.8587570621468926,-0.2932808716707021
37,33,29,11716.0,11682,34.0,11812.0,11804,8.0,12140.0,12094,46.0,2.696,2.592,0.104,1.17715,1.136561,0.0405890000000002,0.4528301886792453,0.5922330097087378,-0.1394028210294925
37,34,30,12140.0,12094,46.0,12254.0,12238,16.0,12496.0,12461,35.0,3.536,3.472,0.064,1.07995,1.08487,-0.00492,0.6404494382022472,0.784741144414169,-0.1442917062119217
37,35,31,12496.0,12461,35.0,12605.0,12598,7.0,12897.0,12849,48.0,2.808,2.88,-0.072,0.78352,0.95203,-0.1685099999999999,0.543640897755611,0.7061855670103092,-0.1625446692546982
37,36,32,12897.0,12849,48.0,13001.0,12991,10.0,13340.0,13280,60.0,3.168,3.144,0.024,1.13043,1.13043,0.0,0.4695259593679458,0.6589327146171693,-0.1894067552492234
37,37,33,13340.0,13280,60.0,13445.0,13438,7.0,13707.0,13661,46.0,3.552,3.576,-0.024,0.96192,1.0308000000000002,-0.06888,0.5722070844686649,0.8293963254593175,-0.2571892409906526
37,38,34,13707.0,13661,46.0,13780.0,13785,-5.0,14142.0,14094,48.0,2.68,2.776,-0.0959999999999996,0.8228801,0.8142699999999999,0.0086101,0.3356321839080459,0.5727482678983833,-0.2371160839903373
37,40,35,14173.0,14094,79.0,14281.0,14294,-13.0,14480.0,14439,41.0,0.952,4.072,-3.12,0.76752,1.0270501,-0.2595300999999999,0.7035830618892508,0.8405797101449275,-0.1369966482556767
37,41,36,14480.0,14439,41.0,14542.0,14549,-7.0,14869.0,14810,59.0,2.088,2.04,0.048,1.25835,1.25835,0.0,0.3187660668380463,0.5929919137466307,-0.2742258469085844
37,42,37,14869.0,14810,59.0,14975.0,14966,9.0,15291.0,15222,69.0,3.464,3.336,0.1280000000000001,1.056561,1.1340499999999998,-0.0774889999999999,0.5023696682464456,0.7572815533980582,-0.2549118851516126
37,43,38,15291.0,15222,69.0,15404.0,15389,15.0,15712.0,15652,60.0,3.432,3.384,0.048,1.01355,1.0381501,-0.0246001,0.5368171021377672,0.7767441860465116,-0.2399270839087444
37,44,39,15712.0,15652,60.0,15829.0,15813,16.0,16175.0,16116,59.0,3.4,3.392,0.008,1.10213,1.10213,0.0,0.5053995680345572,0.6939655172413793,-0.1885659492068221
37,45,40,16175.0,16116,59.0,16295.0,16293,2.0,16620.0,16568,52.0,3.728,3.84,-0.1119999999999996,1.167291,1.11317,0.054121,0.5393258426966292,0.7831858407079646,-0.2438599980113354
37,46,41,16620.0,16568,52.0,16723.0,16715,8.0,16976.0,16937,39.0,3.424,3.376,0.048,1.25835,1.23621,0.02214,0.5786516853932584,0.7967479674796748,-0.2180962820864164
37,47,42,16976.0,16937,39.0,17089.0,17081,8.0,17396.0,17352,44.0,2.928,2.928,0.0,1.12551,1.25835,-0.13284,0.5380952380952381,0.6939759036144578,-0.1558806655192197
37,48,43,17396.0,17352,44.0,17506.0,17503,3.0,17806.0,17768,38.0,3.336,3.376,-0.04,1.168481,1.152491,0.0159899999999999,0.5365853658536586,0.7259615384615384,-0.1893761726078798
37,49,44,17806.0,17768,38.0,17925.0,17918,7.0,18110.0,18044,66.0,3.352,3.32,0.032,0.99875,1.196781,-0.1980309999999999,0.7828947368421053,0.9130434782608696,-0.1301487414187643
37,50,45,18110.0,18044,66.0,18166.0,18164,2.0,18533.0,18317,216.0,1.928,1.968,-0.04,1.25835,1.25835,0.0,0.264775413711584,0.8791208791208791,-0.6143454654092951
37,52,46,18606.0,18317,289.0,18722.0,18718,4.0,19019.0,18971,48.0,1.248,4.432,-3.184,1.13043,1.25835,-0.12792,0.5617433414043583,0.7737003058103975,-0.2119569644060391
37,53,47,19019.0,18971,48.0,19127.0,19137,-10.0,19532.0,19486,46.0,3.24,3.352,-0.1119999999999996,1.17717,1.16118,0.0159900000000001,0.4210526315789473,0.6446601941747573,-0.2236075625958099
37,55,48,19591.0,19486,105.0,19717.0,19715,2.0,19983.0,19936,47.0,1.264,4.624,-3.3599999999999994,1.191931,1.17717,0.014761,0.6428571428571428,0.9822222222222222,-0.3393650793650794
37,56,49,19983.0,19936,47.0,20090.0,20113,-23.0,20350.0,20305,45.0,2.984,3.184,-0.2000000000000001,1.056629,1.191931,-0.135302,0.5831062670299727,0.959349593495935,-0.3762433264659622
37,57,50,20350.0,20305,45.0,20448.0,20444,4.0,20773.0,20723,50.0,2.864,2.648,0.2159999999999997,1.22389,1.155011,0.0688789999999999,0.4633569739952718,0.6650717703349283,-0.2017147963396564
37,58,51,20773.0,20723,50.0,20884.0,20860,24.0,21189.0,20990,199.0,3.488,3.328,0.1600000000000001,0.89176,0.89176,0.0,0.5336538461538461,0.9737827715355806,-0.4401289253817344
37,59,52,21189.0,20990,199.0,21333.0,21328,5.0,21618.0,21575,43.0,3.592,3.744,-0.1520000000000001,1.04305,1.04305,0.0,0.6713286713286714,0.8444444444444444,-0.1731157731157731
37,60,53,21618.0,21575,43.0,21732.0,21726,6.0,21999.0,21941,58.0,3.192,3.184,0.008,1.00494,1.16115,-0.1562100000000001,0.5984251968503937,0.825136612021858,-0.2267114151714642
37,61,54,21999.0,21941,58.0,22090.0,22093,-3.0,22452.0,22403,49.0,2.864,2.936,-0.072,1.045559,1.072619,-0.02706,0.4017660044150111,0.6580086580086579,-0.2562426535936468
37,62,55,22452.0,22403,49.0,22562.0,22551,11.0,22842.0,22787,55.0,3.776,3.664,0.1119999999999996,1.16979,1.09599,0.0737999999999998,0.5641025641025641,0.7708333333333334,-0.2067307692307692
37,63,56,22842.0,22787,55.0,22940.0,22943,-3.0,23199.0,23160,39.0,3.024,3.136,-0.1120000000000001,1.147571,1.119281,0.0282899999999999,0.5490196078431373,0.8364611260053619,-0.2874415181622246
37,64,57,23199.0,23160,39.0,23295.0,23297,-2.0,23667.0,23611,56.0,2.84,2.832,0.008,1.1353501,1.214071,-0.0787208999999999,0.4102564102564102,0.6075388026607539,-0.1972823924043436
37,65,58,23667.0,23611,56.0,23770.0,23767,3.0,24020.0,23981,39.0,3.8,3.76,0.04,0.987699,1.0553500999999998,-0.0676510999999999,0.5835694050991501,0.8432432432432433,-0.2596738381440931
37,66,59,24020.0,23981,39.0,24118.0,24111,7.0,24379.0,24340,39.0,2.784,2.752,0.032,1.2287499999999998,1.2287499999999998,0.0,0.5459610027855153,0.724233983286908,-0.1782729805013927
37,67,60,24379.0,24340,39.0,24480.0,24486,-6.0,24769.0,24728,41.0,2.896,3.0,-0.104,1.06767,1.23495,-0.1672800000000001,0.5179487179487179,0.7525773195876289,-0.2346286016389109
37,68,61,24769.0,24728,41.0,24862.0,24865,-3.0,25153.0,25107,46.0,3.056,3.032,0.024,1.11685,1.11685,0.0,0.484375,0.7229551451187335,-0.2385801451187335
37,69,62,25153.0,25107,46.0,25257.0,25262,-5.0,25547.0,25500,47.0,3.16,3.176,-0.016,1.15257,1.25835,-0.1057800000000002,0.5279187817258884,0.7888040712468194,-0.260885289520931
37,70,63,25547.0,25500,47.0,25639.0,25653,-14.0,25968.0,25922,46.0,3.056,3.128,-0.072,1.25835,1.16364,0.09471,0.4370546318289786,0.7251184834123223,-0.2880638515833437
37,71,64,25968.0,25922,46.0,26057.0,26049,8.0,26324.0,26285,39.0,3.344,3.168,0.1759999999999997,0.86224,0.97294,-0.1107,0.5,0.699724517906336,-0.199724517906336
37,72,65,26324.0,26285,39.0,26422.0,26419,3.0,26792.0,26723,69.0,2.92,2.96,-0.04,1.01845,1.01845,0.0,0.4188034188034187,0.6118721461187215,-0.1930687273153027
37,73,66,26792.0,26723,69.0,26903.0,26892,11.0,27176.0,27118,58.0,3.848,3.784,0.064,1.184461,1.14141,0.0430509999999999,0.578125,0.8556962025316456,-0.2775712025316456
37,74,67,27176.0,27118,58.0,27231.0,27209,22.0,27372.0,27317,55.0,2.624,2.536,0.088,1.25835,1.25835,0.0,0.5612244897959184,0.914572864321608,-0.3533483745256895
37,78,68,27535.0,27317,218.0,27629.0,27631,-2.0,27960.0,27910,50.0,1.152,3.376,-2.224,1.09353,1.25835,-0.1648200000000002,0.4423529411764706,0.9409780775716696,-0.4986251363951989
37,79,69,27960.0,27910,50.0,28081.0,28082,-1.0,28369.0,28328,41.0,3.616,3.608,0.008,1.24229,1.210311,0.0319789999999999,0.5916870415647921,0.8229665071770335,-0.2312794656122413
37,80,70,28369.0,28328,41.0,28490.0,28491,-1.0,28802.0,28770,32.0,3.272,3.272,0.0,1.070111,1.1107,-0.0405889999999999,0.558891454965358,0.7375565610859729,-0.1786651061206149
37,81,71,28802.0,28770,32.0,28922.0,28919,3.0,29179.0,29147,32.0,3.456,3.424,0.032,1.0983999999999998,1.0983999999999998,0.0,0.636604774535809,0.7904509283819628,-0.1538461538461538
37,82,72,29179.0,29147,32.0,29273.0,29279,-6.0,29458.0,29546,-88.0,2.808,2.88,-0.072,0.78229,0.95326,-0.1709699999999999,0.6738351254480286,0.6616541353383458,0.0121809901096827
37,84,73,29564.0,29546,18.0,29670.0,29680,-10.0,29940.0,29907,33.0,1.552,3.208,-1.656,1.1426500000000002,1.1426500000000002,0.0,0.5638297872340425,0.7423822714681441,-0.1785524842341015
37,85,74,29940.0,29907,33.0,30074.0,30107,-33.0,30308.0,30285,23.0,3.232,3.416,-0.1839999999999997,1.1156510000000002,1.16485,-0.0491989999999997,0.7282608695652174,0.941798941798942,-0.2135380722337244
37,86,75,30308.0,30285,23.0,30407.0,30391,16.0,30685.0,30644,41.0,2.664,2.272,0.3920000000000003,0.89668,0.89668,0.0,0.5251989389920424,0.5905292479108635,-0.065330308918821
37,87,76,30685.0,30644,41.0,30757.0,30767,-10.0,30892.0,30986,-94.0,2.8,3.008,-0.2080000000000001,0.53998,0.69373,-0.1537499999999999,0.6956521739130435,0.7192982456140351,-0.0236460717009916
37,89,77,31024.0,30986,38.0,31105.0,31132,-27.0,31389.0,31363,26.0,1.568,2.92,-1.352,0.945881,0.99262,-0.0467389999999999,0.4438356164383561,0.7745358090185677,-0.3307001925802115
37,90,78,31389.0,31363,26.0,31505.0,31524,-19.0,31778.0,31742,36.0,3.2,3.136,0.064,1.21895,1.21895,0.0,0.596401028277635,0.8496042216358839,-0.2532031933582489
37,91,79,31778.0,31742,36.0,31893.0,31887,6.0,32037.0,32108,-71.0,3.104,2.904,0.2000000000000001,0.92989,1.09102,-0.1611299999999998,0.888030888030888,0.7923497267759563,0.0956811612549317
37,93,80,32128.0,32108,20.0,32205.0,32218,-13.0,32524.0,32479,45.0,1.208,2.648,-1.4400000000000002,0.79828,0.7822899999999999,0.01599,0.3888888888888888,0.5929919137466307,-0.2041030248577419
37,94,81,32524.0,32479,45.0,32621.0,32623,-2.0,32907.0,32872,35.0,3.328,3.24,0.0879999999999996,1.25835,1.25835,0.0,0.5065274151436031,0.732824427480916,-0.2262970123373129
37,95,82,32907.0,32872,35.0,33004.0,33011,-7.0,33276.0,33246,30.0,3.064,3.104,-0.04,0.98524,0.98524,0.0,0.5257452574525745,0.7433155080213903,-0.2175702505688158
37,96,83,33276.0,33246,30.0,33402.0,33403,-1.0,33637.0,33616,21.0,3.184,3.136,0.048,1.25835,1.25835,0.0,0.6980609418282548,0.8486486486486486,-0.1505877068203938
37,97,84,33637.0,33616,21.0,33750.0,33758,-8.0,33997.0,33971,26.0,2.784,2.84,-0.056,1.130391,1.16975,-0.0393590000000001,0.6277777777777778,0.8,-0.1722222222222222
37,98,85,33997.0,33971,26.0,34095.0,34112,-17.0,34356.0,34325,31.0,2.76,2.832,-0.072,1.13285,1.13285,0.0,0.5459610027855153,0.7966101694915254,-0.2506491667060101
37,99,86,34356.0,34325,31.0,34460.0,34472,-12.0,34767.0,34732,35.0,2.92,2.88,0.04,1.070081,1.1426500000000002,-0.0725690000000001,0.5060827250608273,0.7223587223587223,-0.216275997297895
37,100,87,34767.0,34732,35.0,34869.0,34873,-4.0,35146.0,35116,30.0,3.272,3.208,0.0639999999999996,1.08364,1.08364,0.0,0.5382585751978892,0.734375,-0.1961164248021107
37,102,89,35502.0,35469,33.0,35594.0,35624,-30.0,35859.0,35816,43.0,2.792,2.424,0.3679999999999999,1.15495,1.15495,0.0,0.5154061624649859,0.8933717579250721,-0.3779655954600861
37,103,90,35859.0,35816,43.0,35982.0,36002,-20.0,36227.0,36205,22.0,3.104,3.024,0.08,1.10706,1.25835,-0.1512900000000001,0.6684782608695652,0.9562982005141388,-0.2878199396445736
37,104,91,36227.0,36205,22.0,36328.0,36370,-42.0,36578.0,36545,33.0,2.768,2.944,-0.1760000000000001,0.93731,0.93731,0.0,0.5754985754985755,0.9705882352941176,-0.3950896597955421
37,105,92,36578.0,36545,33.0,36669.0,36672,-3.0,37032.0,36996,36.0,2.728,2.416,0.3120000000000003,1.12797,1.10952,0.0184499999999998,0.4008810572687225,0.5631929046563193,-0.1623118473875968
37,106,93,37032.0,36996,36.0,37150.0,37146,4.0,37419.0,37389,30.0,3.848,3.792,0.056,1.25835,1.25835,0.0,0.6098191214470284,0.7633587786259541,-0.1535396571789257
37,107,94,37419.0,37389,30.0,37570.0,37583,-13.0,37760.0,37737,23.0,3.36,3.496,-0.1360000000000001,1.21645,1.21645,0.0,0.8856304985337243,0.8850574712643678,0.0005730272693564
37,108,95,37760.0,37737,23.0,37918.0,37903,15.0,38262.0,38077,185.0,2.784,2.56,0.2239999999999997,1.14765,1.25712,-0.1094699999999999,0.6294820717131474,0.976470588235294,-0.3469885165221467
37,109,96,38262.0,38077,185.0,38362.0,38371,-9.0,38684.0,38650,34.0,3.552,3.744,-0.1920000000000001,0.90534,1.14765,-0.24231,0.4739336492890995,0.9738219895287958,-0.4998883402396963
37,110,97,38684.0,38650,34.0,38770.0,38763,7.0,39063.0,39016,47.0,3.264,3.136,0.1279999999999996,1.123,1.123,0.0,0.4538258575197889,0.6174863387978142,-0.1636604812780253
37,115,98,39875.0,39598,277.0,39995.0,40017,-22.0,40353.0,40310,43.0,1.48,4.144,-2.664,0.93978,1.25835,-0.3185700000000001,0.502092050209205,0.8230337078651686,-0.3209416576559636
37,116,99,40353.0,40310,43.0,40434.0,40451,-17.0,40784.0,40739,45.0,3.512,3.472,0.04,0.83518,0.7958200000000001,0.0393599999999999,0.3758700696055684,0.6573426573426573,-0.2814725877370888
37,117,100,40784.0,40739,45.0,40910.0,40921,-11.0,41191.0,41154,37.0,3.808,3.76,0.048,1.2091500000000002,1.2091500000000002,0.0,0.6191646191646192,0.8771084337349397,-0.2579438145703205
37,119,101,41294.0,41154,140.0,41327.0,41326,1.0,41548.0,41521,27.0,0.392,3.24,-2.8480000000000003,1.00246,1.00246,0.0,0.2598425196850393,0.9373297002724796,-0.6774871805874402
37,121,102,41623.0,41521,102.0,41670.0,41690,-20.0,41917.0,41896,21.0,0.464,2.912,-2.448,0.88069,0.88069,0.0,0.3197278911564626,0.9013333333333332,-0.5816054421768707
37,122,103,41917.0,41896,21.0,42028.0,42051,-23.0,42282.0,42256,26.0,2.864,2.888,-0.024,1.023371,1.07749,-0.054119,0.6082191780821917,0.8611111111111112,-0.2528919330289194
37,123,104,42282.0,42256,26.0,42374.0,42385,-11.0,42642.0,42620,22.0,2.768,2.672,0.0959999999999996,1.046741,1.046741,0.0,0.5111111111111111,0.7087912087912087,-0.1976800976800976
37,124,105,42642.0,42620,22.0,42767.0,42773,-6.0,43055.0,43019,36.0,3.144,3.104,0.04,0.98529,1.195621,-0.210331,0.6053268765133172,0.7669172932330828,-0.1615904167197656
37,125,106,43055.0,43019,36.0,43174.0,43236,-62.0,43416.0,43399,17.0,3.256,3.704,-0.4480000000000004,1.2165,1.2165,0.0,0.6592797783933517,0.8578947368421053,-0.1986149584487535
37,126,107,43416.0,43399,17.0,43530.0,43536,-6.0,43805.0,43770,35.0,2.848,2.4,0.4479999999999999,0.94588,0.94588,0.0,0.5861182519280206,0.738544474393531,-0.1524262224655104
37,127,108,43805.0,43770,35.0,43889.0,43911,-22.0,43918.0,44111,-193.0,2.872,3.0,-0.1280000000000001,0.64453,0.87454,-0.2300099999999999,0.5132743362831859,0.8269794721407624,-0.3137051358575765
37,129,109,44159.0,44111,48.0,44284.0,44281,3.0,44530.0,44505,25.0,2.752,2.96,-0.2080000000000001,1.07011,1.07011,0.0,0.6738544474393531,0.8629441624365483,-0.1890897149971951
37,131,110,44688.0,44505,183.0,44701.0,44748,-47.0,44917.0,44891,26.0,0.552,3.736,-3.184,1.08733,1.08733,0.0,0.1135371179039301,0.7409326424870466,-0.6273955245831164
37,133,111,45079.0,44891,188.0,45115.0,45153,-38.0,45308.0,45285,23.0,0.608,3.24,-2.632,1.25835,1.25835,0.0,0.3144104803493449,0.6700507614213198,-0.3556402810719749
37,134,112,45308.0,45285,23.0,45387.0,45409,-22.0,45680.0,45657,23.0,2.176,2.048,0.1280000000000001,0.87331,0.87331,0.0,0.4247311827956989,0.6666666666666667,-0.2419354838709678
37,135,113,45680.0,45657,23.0,45771.0,45758,13.0,45923.0,45869,54.0,3.072,2.792,0.2800000000000002,0.55966,0.72694,-0.1672799999999999,0.7489711934156378,0.9528301886792452,-0.2038589952636075
37,136,114,45923.0,45869,54.0,45952.0,45973,-21.0,46111.0,46089,22.0,1.448,1.72,-0.272,0.405901,0.405901,0.0,0.3085106382978723,0.9454545454545454,-0.6369439071566732
37,142,117,47109.0,46897,212.0,47120.0,47124,-4.0,47262.0,47238,24.0,0.976,2.904,-1.928,0.70972,0.70972,0.0,0.1437908496732026,0.6686217008797655,-0.5248308512065628
37,143,118,47262.0,47238,24.0,47380.0,47362,18.0,47517.0,47625,-108.0,2.08,1.904,0.1760000000000001,0.77122,0.9385,-0.1672799999999999,0.9254901960784314,0.6408268733850129,0.2846633226934185
37,145,119,47656.0,47625,31.0,47768.0,47815,-47.0,48006.0,47975,31.0,1.856,3.624,-1.768,0.86347,0.86347,0.0,0.64,0.9142857142857144,-0.2742857142857142
37,146,120,48006.0,47975,31.0,48140.0,48154,-14.0,48364.0,48343,21.0,2.976,2.712,0.2639999999999998,1.11567,1.25835,-0.1426800000000001,0.7486033519553073,0.9728260869565216,-0.2242227350012144
37,147,121,48364.0,48343,21.0,48478.0,48485,-7.0,48693.0,48675,18.0,2.704,2.648,0.056,1.14396,1.14396,0.0,0.6930091185410334,0.8554216867469879,-0.1624125682059545
37,148,122,48693.0,48675,18.0,48807.0,48822,-15.0,49123.0,49091,32.0,2.632,2.696,-0.064,0.85609,0.85609,0.0,0.5302325581395348,0.7067307692307692,-0.1764982110912343
37,149,123,49123.0,49091,32.0,49227.0,49224,3.0,49534.0,49506,28.0,3.36,3.216,0.1439999999999996,0.77122,0.77245,-0.0012299999999999,0.5060827250608273,0.6409638554216868,-0.1348811303608594
37,150,124,49534.0,49506,28.0,49654.0,49668,-14.0,49926.0,49883,43.0,3.416,3.552,-0.1360000000000001,0.911441,0.8302599,0.0811811,0.6122448979591837,0.8594164456233422,-0.2471715476641585
37,151,125,49926.0,49883,43.0,49995.0,49977,18.0,50206.0,50097,109.0,2.728,2.472,0.2560000000000002,1.20295,1.20295,0.0,0.4928571428571429,0.8785046728971962,-0.3856475300400533
37,153,126,50260.0,50097,163.0,50378.0,50355,23.0,50762.0,50505,257.0,1.368,3.024,-1.656,1.11444,1.25835,-0.1439100000000002,0.4701195219123506,0.7352941176470589,-0.2651745957347082
37,154,127,50762.0,50505,257.0,50860.0,50856,4.0,51266.0,51201,65.0,3.856,4.008,-0.1520000000000001,1.02219,1.11444,-0.0922499999999999,0.3888888888888888,0.9913793103448276,-0.6024904214559388
37,155,128,51266.0,51201,65.0,51383.0,51363,20.0,51678.0,51629,49.0,4.184,4.056,0.1280000000000001,0.99636,0.98283,0.01353,0.5679611650485437,0.7570093457943925,-0.1890481807458488
37,156,129,51678.0,51629,49.0,51783.0,51775,8.0,52090.0,52042,48.0,3.2,3.296,-0.0959999999999996,1.07869,1.040559,0.0381309999999999,0.5097087378640777,0.7070217917675545,-0.1973130539034768
37,157,130,52090.0,52042,48.0,52194.0,52183,11.0,52505.0,52447,58.0,3.288,3.264,0.024,1.0332,1.02459,0.00861,0.5012048192771084,0.6962962962962963,-0.1950914770191879
37,158,131,52505.0,52447,58.0,52578.0,52593,-15.0,52940.0,52889,51.0,3.072,3.28,-0.2079999999999997,0.6113200000000001,0.5707300000000001,0.04059,0.3356321839080459,0.6606334841628959,-0.3250013002548499
37,159,132,52940.0,52889,51.0,53039.0,53024,15.0,53230.0,53178,52.0,3.688,3.448,0.2400000000000002,0.68512,0.85855,-0.17343,0.6827586206896552,0.9342560553633218,-0.2514974346736666
37,160,133,53230.0,53178,52.0,53316.0,53335,-19.0,53536.0,53476,60.0,2.216,2.488,-0.2719999999999998,1.25835,1.25835,0.0,0.5620915032679739,0.9463087248322148,-0.3842172215642409
37,161,134,53536.0,53476,60.0,53596.0,53592,4.0,53749.0,53697,52.0,2.24,2.056,0.1840000000000001,1.25835,1.25835,0.0,0.5633802816901409,0.9502262443438914,-0.3868459626537505
37,163,135,53878.0,53697,181.0,53904.0,53952,-48.0,54086.0,54030,56.0,0.872,2.88,-2.008,0.1943399999999999,1.25835,-1.06401,0.25,0.4684684684684684,-0.2184684684684684
37,164,136,54086.0,54030,56.0,54178.0,54168,10.0,54625.0,54574,51.0,2.192,1.728,0.4640000000000002,1.09722,1.11321,-0.0159899999999999,0.3413729128014842,0.5073529411764706,-0.1659800283749863
37,165,137,54625.0,54574,51.0,54745.0,54748,-3.0,55113.0,55052,61.0,4.536,4.64,-0.104,1.071389,1.08246,-0.011071,0.4918032786885246,0.7280334728033473,-0.2362301941148227
37,167,138,55139.0,55052,87.0,55252.0,55251,1.0,55590.0,55545,45.0,1.0,4.024,-3.024,1.04181,1.024589,0.0172210000000001,0.5011086474501109,0.8073022312373225,-0.3061935837872116
37,169,139,55683.0,55545,138.0,55689.0,55677,12.0,56074.0,56010,64.0,0.192,3.408,-3.216,0.75892,0.76015,-0.0012299999999999,0.0306905370843989,0.567741935483871,-0.537051398399472
37,170,140,56074.0,56010,64.0,56160.0,56165,-5.0,56458.0,56428,30.0,3.768,3.904,-0.1360000000000001,0.85363,0.85363,0.0,0.4479166666666666,0.7416267942583732,-0.2937101275917065
37,171,141,56458.0,56428,30.0,56562.0,56564,-2.0,56846.0,56813,33.0,3.216,3.192,0.024,0.8585510000000001,0.91636,-0.057809,0.5360824742268041,0.7064935064935065,-0.1704110322667024
37,172,142,56846.0,56813,33.0,56951.0,56959,-8.0,57229.0,57192,37.0,3.112,3.16,-0.048,0.74785,0.778601,-0.0307509999999999,0.5483028720626633,0.7704485488126649,-0.2221456767500016
37,173,143,57229.0,57192,37.0,57327.0,57328,-1.0,57644.0,57607,37.0,3.008,2.952,0.056,0.92989,0.91882,0.0110699999999999,0.472289156626506,0.655421686746988,-0.1831325301204819
37,174,144,57644.0,57607,37.0,57742.0,57744,-2.0,58024.0,57993,31.0,3.32,3.328,-0.008,0.8646999999999999,0.8646999999999999,0.0,0.5157894736842106,0.7098445595854923,-0.1940550859012817
37,176,145,58114.0,57993,121.0,58148.0,58122,26.0,58377.0,58332,45.0,0.416,3.024,-2.608,0.85117,0.93727,-0.0860999999999999,0.2585551330798479,0.7610619469026548,-0.5025068138228069
37,177,146,58377.0,58332,45.0,58469.0,58453,16.0,58551.0,58577,-26.0,2.568,2.648,-0.08,1.16118,1.25835,-0.0971700000000002,0.942528735632184,0.9877551020408164,-0.0452263664086324
37,179,147,58609.0,58577,32.0,58649.0,58690,-41.0,58863.0,58817,46.0,0.736,1.896,-1.16,0.420661,0.45879,-0.0381289999999999,0.3149606299212598,0.9416666666666668,-0.6267060367454068
37,180,148,58863.0,58817,46.0,58976.0,58962,14.0,59344.0,59281,63.0,2.616,2.176,0.4399999999999999,0.809349,0.995081,-0.185732,0.4698544698544699,0.625,-0.1551455301455301
37,181,149,59344.0,59281,63.0,59405.0,59409,-4.0,59742.0,59694,48.0,3.432,3.576,-0.1440000000000001,0.539979,0.508,0.0319789999999999,0.3065326633165829,0.6198547215496368,-0.3133220582330539
38,1,1,196.0,106,90.0,268.0,315,-47.0,667.0,497,170.0,,,,1.0,1.0,0.0,0.3057324840764331,0.9309462915601024,-0.6252138074836692
38,2,2,667.0,497,170.0,731.0,764,-33.0,1225.0,1154,71.0,3.704,3.592,0.1120000000000001,1.0,1.0,0.0,0.2293906810035842,0.812785388127854,-0.5833947071242697
38,3,3,1225.0,1154,71.0,1284.0,1314,-30.0,1807.0,1485,322.0,4.424,4.4,0.024,1.0,1.0,0.0,0.2027491408934707,0.9667673716012084,-0.7640182307077377
38,4,5,1807.0,1731,76.0,1864.0,1892,-28.0,2315.0,2244,71.0,4.64,2.632,2.008,1.0,1.0,0.0,0.2244094488188976,0.6276803118908383,-0.4032708630719406
38,5,6,2315.0,2244,71.0,2375.0,2410,-35.0,2856.0,2785,71.0,4.088,4.144,-0.056,1.0,1.0,0.0,0.22181146025878,0.6136783733826248,-0.3918669131238447
38,6,7,2856.0,2785,71.0,2915.0,2945,-30.0,3363.0,3287,76.0,4.32,4.28,0.04,1.0,1.0,0.0,0.2327416173570019,0.6374501992031872,-0.4047085818461853
38,7,8,3363.0,3287,76.0,3427.0,3456,-29.0,3903.0,3833,70.0,4.096,4.088,0.008,1.0,1.0,0.0,0.237037037037037,0.6190476190476191,-0.382010582010582
38,8,9,3903.0,3833,70.0,3964.0,3994,-30.0,4386.0,4317,69.0,4.296,4.304,-0.008,1.0,1.0,0.0,0.2525879917184265,0.6652892561983471,-0.4127012644799206
38,9,10,4386.0,4317,69.0,4451.0,4479,-28.0,4881.0,4811,70.0,3.896,3.88,0.016,1.0,1.0,0.0,0.2626262626262626,0.6558704453441295,-0.3932441827178669
38,10,11,4881.0,4811,70.0,4950.0,4978,-28.0,5411.0,5331,80.0,3.992,3.992,0.0,1.0,1.0,0.0,0.2603773584905661,0.6423076923076922,-0.3819303338171261
38,11,12,5411.0,5331,80.0,5474.0,5505,-31.0,5879.0,5808,71.0,4.192,4.216,-0.024,1.0,1.0,0.0,0.2692307692307693,0.729559748427673,-0.4603289791969037
38,12,13,5879.0,5808,71.0,5942.0,5971,-29.0,6331.0,6253,78.0,3.744,3.728,0.016,1.0,1.0,0.0,0.2787610619469026,0.7325842696629213,-0.4538232077160187
38,13,14,6331.0,6253,78.0,6399.0,6426,-27.0,6826.0,6748,78.0,3.656,3.64,0.016,1.0,1.0,0.0,0.2747474747474747,0.698989898989899,-0.4242424242424243
38,14,15,6826.0,6748,78.0,6888.0,6920,-32.0,7313.0,7243,70.0,3.912,3.952,-0.04,1.0,1.0,0.0,0.2546201232032854,0.694949494949495,-0.4403293717462095
38,15,16,7313.0,7243,70.0,7374.0,7414,-40.0,7766.0,7694,72.0,3.888,3.952,-0.064,1.0,1.0,0.0,0.2693156732891832,0.7583148558758315,-0.4889991825866482
38,16,17,7766.0,7694,72.0,7823.0,7861,-38.0,8170.0,8087,83.0,3.592,3.576,0.016,1.0,1.0,0.0,0.2821782178217822,0.8498727735368956,-0.5676945557151134
38,17,18,8170.0,8087,83.0,8225.0,8262,-37.0,8674.0,8603,71.0,3.216,3.208,0.008,1.0,1.0,0.0,0.2182539682539682,0.6782945736434108,-0.4600406053894426
38,18,19,8674.0,8603,71.0,8733.0,8772,-39.0,9177.0,9107,70.0,4.064,4.08,-0.016,1.0,1.0,0.0,0.2345924453280318,0.6706349206349207,-0.4360424753068889
38,19,20,9177.0,9107,70.0,9234.0,9272,-38.0,9646.0,9578,68.0,4.008,4.0,0.008,1.0,1.0,0.0,0.2430703624733475,0.7006369426751593,-0.4575665802018117
38,20,21,9646.0,9578,68.0,9707.0,9745,-38.0,10118.0,10050,68.0,3.784,3.784,0.0,1.0,1.0,0.0,0.2584745762711864,0.7076271186440678,-0.4491525423728814
38,21,22,10118.0,10050,68.0,10180.0,10212,-32.0,10581.0,10505,76.0,3.784,3.736,0.0479999999999996,1.0,1.0,0.0,0.2678185745140389,0.7120879120879121,-0.4442693375738732
38,22,23,10581.0,10505,76.0,10640.0,10675,-35.0,11013.0,10936,77.0,3.68,3.704,-0.024,1.0,1.0,0.0,0.2731481481481481,0.7888631090487239,-0.5157149609005758
38,23,24,11013.0,10936,77.0,11070.0,11106,-36.0,11482.0,11410,72.0,3.44,3.448,-0.008,1.0,1.0,0.0,0.2430703624733475,0.7172995780590717,-0.4742292155857242
38,24,25,11482.0,11410,72.0,11541.0,11586,-45.0,11969.0,11901,68.0,3.768,3.84,-0.072,1.0,1.0,0.0,0.242299794661191,0.7169042769857434,-0.4746044823245524
38,25,26,11969.0,11901,68.0,12028.0,12059,-31.0,12453.0,12383,70.0,3.896,3.784,0.1120000000000001,1.0,1.0,0.0,0.2438016528925619,0.6556016597510373,-0.4118000068584754
38,26,27,12453.0,12383,70.0,12514.0,12548,-34.0,12909.0,12835,74.0,3.888,3.912,-0.024,1.0,1.0,0.0,0.2675438596491228,0.7300884955752213,-0.4625446359260984
38,27,28,12909.0,12835,74.0,12968.0,13001,-33.0,13375.0,13302,73.0,3.632,3.624,0.008,1.0,1.0,0.0,0.2532188841201717,0.7109207708779444,-0.4577018867577727
38,28,29,13375.0,13302,73.0,13433.0,13476,-43.0,13813.0,13740,73.0,3.72,3.8,-0.0799999999999996,1.0,1.0,0.0,0.2648401826484018,0.7945205479452055,-0.5296803652968037
38,29,30,13813.0,13740,73.0,13872.0,13904,-32.0,14240.0,14162,78.0,3.512,3.424,0.088,1.0,1.0,0.0,0.2763466042154566,0.7772511848341233,-0.5009045806186666
38,30,31,14240.0,14162,78.0,14302.0,14339,-37.0,14689.0,14614,75.0,3.44,3.48,-0.04,1.0,1.0,0.0,0.2761692650334075,0.7831858407079646,-0.507016575674557
38,31,32,14689.0,14614,75.0,14746.0,14785,-39.0,15173.0,14984,189.0,3.552,3.568,-0.016,1.0,1.0,0.0,0.2355371900826446,0.9243243243243244,-0.6887871342416797
38,33,33,15239.0,14984,255.0,15294.0,15336,-42.0,15674.0,15597,77.0,0.88,4.408,-3.5280000000000005,1.0,1.0,0.0,0.2528735632183908,0.8515497553017944,-0.5986761920834036
38,34,34,15674.0,15597,77.0,15736.0,15774,-38.0,16116.0,16036,80.0,3.536,3.504,0.032,1.0,1.0,0.0,0.2805429864253393,0.806378132118451,-0.5258351456931116
38,35,35,16116.0,16036,80.0,16174.0,16220,-46.0,16645.0,16418,227.0,3.504,3.568,-0.064,1.0,1.0,0.0,0.219281663516068,0.9633507853403142,-0.7440691218242461
38,36,36,16645.0,16418,227.0,16705.0,16740,-35.0,17120.0,17046,74.0,4.248,4.16,0.088,1.0,1.0,0.0,0.2526315789473684,0.9745222929936306,-0.7218907140462621
38,37,37,17120.0,17046,74.0,17176.0,17218,-42.0,17589.0,17390,199.0,3.768,3.824,-0.056,1.0,1.0,0.0,0.2388059701492537,1.0,-0.7611940298507462
38,38,38,17589.0,17390,199.0,17651.0,17687,-36.0,18076.0,18006,70.0,3.8,3.752,0.048,1.0,1.0,0.0,0.2546201232032854,0.9642857142857144,-0.7096655910824289
38,39,39,18076.0,18006,70.0,18134.0,18169,-35.0,18539.0,18469,70.0,3.864,3.856,0.008,1.0,1.0,0.0,0.2505399568034557,0.7041036717062634,-0.4535637149028076
38,40,40,18539.0,18469,70.0,18597.0,18630,-33.0,18987.0,18913,74.0,3.704,3.688,0.016,1.0,1.0,0.0,0.2589285714285714,0.7252252252252251,-0.4662966537966537
38,41,41,18987.0,18913,74.0,19048.0,19083,-35.0,19469.0,19400,69.0,3.608,3.624,-0.016,1.0,1.0,0.0,0.2531120331950207,0.6981519507186859,-0.4450399175236651
38,42,42,19469.0,19400,69.0,19528.0,19561,-33.0,19914.0,19844,70.0,3.84,3.824,0.016,1.0,1.0,0.0,0.2651685393258427,0.7252252252252251,-0.4600566858993824
38,43,43,19914.0,19844,70.0,19975.0,20006,-31.0,20387.0,20314,73.0,3.576,3.56,0.016,1.0,1.0,0.0,0.2579281183932347,0.6893617021276596,-0.4314335837344248
38,44,44,20387.0,20314,73.0,20447.0,20482,-35.0,20875.0,20804,71.0,3.776,3.808,-0.032,1.0,1.0,0.0,0.2459016393442623,0.6857142857142857,-0.4398126463700234
38,45,45,20875.0,20804,71.0,20931.0,20976,-45.0,21340.0,21271,69.0,3.872,3.952,-0.08,1.0,1.0,0.0,0.2408602150537634,0.7366167023554604,-0.4957564873016969
38,46,46,21340.0,21271,69.0,21397.0,21433,-36.0,21778.0,21701,77.0,3.728,3.656,0.072,1.0,1.0,0.0,0.2602739726027397,0.7534883720930232,-0.4932143994902834
38,53,47,22423.0,22287,136.0,22434.0,22437,-3.0,22589.0,22551,38.0,0.28,3.336,-3.056,1.0,1.0,0.0,0.1325301204819277,0.8636363636363636,-0.731106243154436
38,54,48,22589.0,22551,38.0,22646.0,22639,7.0,22718.0,22869,-151.0,1.696,1.616,0.0799999999999998,1.0,1.0,0.0,0.8837209302325582,0.5534591194968553,0.3302618107357028
38,58,49,22911.0,22869,42.0,22986.0,22976,10.0,23030.0,23086,-56.0,1.624,2.696,-1.072,0.977517,1.0,-0.022483,0.7394957983193278,0.9861751152073732,-0.2466793168880454
38,65,51,24097.0,23712,385.0,24124.0,24078,46.0,24237.0,24215,22.0,0.88,4.04,-3.16,0.87879,0.87879,0.0,0.3857142857142857,0.5447316103379722,-0.1590173246236865
38,67,52,24405.0,24215,190.0,24451.0,24476,-25.0,24726.0,24682,44.0,1.352,3.184,-1.832,0.74878,0.74878,0.0,0.2866043613707165,0.8822269807280514,-0.5956226193573348
38,70,53,24863.0,24682,181.0,24894.0,24886,8.0,25037.0,25019,18.0,0.576,3.28,-2.704,0.7096748,0.71945,-0.0097751999999999,0.3563218390804598,0.7893175074183976,-0.4329956683379378
38,72,54,25219.0,25019,200.0,25254.0,25267,-13.0,25413.0,25370,43.0,1.648,3.048,-1.4,0.48876,0.4242439999999999,0.064516,0.3608247422680413,0.586894586894587,-0.2260698446265456
38,73,55,25413.0,25370,43.0,25459.0,25457,2.0,25723.0,25662,61.0,1.64,1.52,0.1199999999999998,0.44281,0.55327,-0.11046,0.2967741935483871,0.595890410958904,-0.2991162174105169
38,74,56,25723.0,25662,61.0,25783.0,25786,-3.0,25929.0,25904,25.0,2.592,2.632,-0.04,0.982405,0.982405,0.0,0.5825242718446602,0.975206611570248,-0.3926823397255877
38,76,57,26030.0,25904,126.0,26083.0,26097,-14.0,26362.0,26303,59.0,0.616,2.488,-1.872,0.934506,0.97263,-0.0381239999999999,0.3192771084337349,0.9674185463659148,-0.6481414379321799
38,77,58,26362.0,26303,59.0,26442.0,26453,-11.0,26733.0,26620,113.0,2.872,2.848,0.024,1.0,1.0,0.0,0.4312668463611859,0.946372239747634,-0.5151053933864481
38,78,59,26733.0,26620,113.0,26813.0,26828,-15.0,27095.0,27049,46.0,2.968,3.0,-0.032,1.0,1.0,0.0,0.4419889502762431,0.9696969696969696,-0.5277080194207266
38,79,60,27095.0,27049,46.0,27167.0,27196,-29.0,27466.0,27387,79.0,2.832,2.944,-0.1120000000000001,1.0,1.0,0.0,0.3881401617250674,0.8698224852071006,-0.4816823234820332
38,80,61,27466.0,27387,79.0,27527.0,27539,-12.0,27705.0,27657,48.0,2.88,2.744,0.1359999999999996,1.0,1.0,0.0,0.5104602510460251,0.8740740740740741,-0.363613823028049
38,81,62,27705.0,27657,48.0,27761.0,27783,-22.0,28086.0,28014,72.0,1.872,1.952,-0.0799999999999998,1.0,1.0,0.0,0.2939632545931758,0.7058823529411764,-0.4119190983480005
38,82,63,28086.0,28014,72.0,28147.0,28176,-29.0,28473.0,28346,127.0,3.088,3.144,-0.056,1.0,1.0,0.0,0.3152454780361757,0.9759036144578314,-0.6606581364216556
38,83,64,28473.0,28346,127.0,28531.0,28567,-36.0,28848.0,28769,79.0,3.072,3.128,-0.056,1.0,1.0,0.0,0.3093333333333333,0.9550827423167848,-0.6457494089834516
38,84,65,28848.0,28769,79.0,28916.0,28948,-32.0,29242.0,29156,86.0,3.08,3.048,0.032,1.0,1.0,0.0,0.3451776649746193,0.925064599483204,-0.5798869345085848
38,85,66,29242.0,29156,86.0,29299.0,29301,-2.0,29376.0,29604,-228.0,3.064,2.824,0.2400000000000002,0.83969,1.0,-0.1603099999999999,0.8507462686567164,0.6473214285714286,0.2034248400852878
38,87,67,29667.0,29604,63.0,29746.0,29767,-21.0,30057.0,29960,97.0,2.76,3.728,-0.9680000000000004,1.0,1.0,0.0,0.4051282051282051,0.9157303370786516,-0.5106021319504466
38,88,68,30057.0,29960,97.0,30118.0,30150,-32.0,30411.0,30350,61.0,2.976,3.064,-0.088,1.0,1.0,0.0,0.3446327683615819,0.9743589743589745,-0.6297262059973924
38,89,69,30411.0,30350,61.0,30495.0,30532,-37.0,30695.0,30670,25.0,3.016,3.056,-0.04,1.0,1.0,0.0,0.5915492957746479,0.8625,-0.2709507042253521
38,90,70,30695.0,30670,25.0,30750.0,30761,-11.0,30983.0,30910,73.0,2.04,1.832,0.2079999999999999,0.68817,0.68817,0.0,0.3819444444444444,0.7583333333333333,-0.3763888888888889
38,91,71,30983.0,30910,73.0,31071.0,31107,-36.0,31476.0,31403,73.0,2.568,2.768,-0.1999999999999997,1.0,1.0,0.0,0.356997971602434,0.7991886409736308,-0.4421906693711968
38,92,72,31476.0,31403,73.0,31536.0,31570,-34.0,31929.0,31839,90.0,3.72,3.704,0.016,1.0,1.0,0.0,0.2649006622516556,0.7660550458715596,-0.5011543836199039
38,93,73,31929.0,31839,90.0,31988.0,32022,-34.0,32386.0,32314,72.0,3.616,3.616,0.0,1.0,1.0,0.0,0.2582056892778993,0.7705263157894737,-0.5123206265115744
38,94,74,32386.0,32314,72.0,32445.0,32475,-30.0,32860.0,32786,74.0,3.656,3.624,0.032,1.0,1.0,0.0,0.2489451476793248,0.6822033898305084,-0.4332582421511836
38,95,75,32860.0,32786,74.0,32918.0,32948,-30.0,33341.0,33269,72.0,3.784,3.784,0.0,1.0,1.0,0.0,0.2411642411642411,0.670807453416149,-0.4296432122519078
38,96,76,33341.0,33269,72.0,33401.0,33433,-32.0,33793.0,33712,81.0,3.864,3.88,-0.016,1.0,1.0,0.0,0.2654867256637168,0.7404063205417607,-0.4749195948780439
38,97,77,33793.0,33712,81.0,33854.0,33886,-32.0,34277.0,34206,71.0,3.624,3.624,0.0,1.0,1.0,0.0,0.2520661157024794,0.7044534412955465,-0.4523873255930671
38,98,78,34277.0,34206,71.0,34339.0,34366,-27.0,34743.0,34664,79.0,3.88,3.84,0.04,1.0,1.0,0.0,0.2660944206008584,0.6986899563318778,-0.4325955357310194
38,99,79,34743.0,34664,79.0,34804.0,34832,-28.0,35215.0,35138,77.0,3.72,3.728,-0.008,1.0,1.0,0.0,0.2584745762711864,0.7088607594936709,-0.4503861832224844
38,100,80,35215.0,35138,77.0,35278.0,35306,-28.0,35698.0,35623,75.0,3.792,3.792,0.0,1.0,1.0,0.0,0.2608695652173913,0.6927835051546392,-0.4319139399372478
38,101,81,35698.0,35623,75.0,35761.0,35785,-24.0,36189.0,36118,71.0,3.864,3.832,0.032,1.0,1.0,0.0,0.2566191446028513,0.6545454545454545,-0.3979263099426032
38,102,82,36189.0,36118,71.0,36255.0,36281,-26.0,36642.0,36565,77.0,3.952,3.968,-0.016,1.0,1.0,0.0,0.2913907284768212,0.7293064876957495,-0.4379157592189282
38,103,83,36642.0,36565,77.0,36709.0,36731,-22.0,37027.0,36992,35.0,3.632,3.6,0.032,1.0,1.0,0.0,0.348051948051948,0.7775175644028103,-0.4294656163508622
38,106,85,37571.0,37504,67.0,37643.0,37666,-23.0,38057.0,37980,77.0,3.808,3.376,0.4319999999999999,0.8514200000000001,1.0,-0.1485799999999999,0.2962962962962963,0.680672268907563,-0.3843759726112667
38,107,86,38057.0,37980,77.0,38116.0,38140,-24.0,38433.0,38323,110.0,3.784,3.792,-0.008,1.0,1.0,0.0,0.3138297872340425,0.932944606413994,-0.6191148191799516
38,109,87,38526.0,38323,203.0,38588.0,38618,-30.0,38898.0,38795,103.0,0.936,3.824,-2.888,1.0,1.0,0.0,0.3333333333333333,0.75,-0.4166666666666666
38,113,89,39505.0,39456,49.0,39571.0,39561,10.0,39990.0,39652,338.0,1.48,3.08,-1.6,0.8172,0.8172,0.0,0.2721649484536083,0.9285714285714286,-0.6564064801178203
38,114,90,39990.0,39914,76.0,40054.0,40077,-23.0,40533.0,40353,180.0,3.864,4.128,-0.2640000000000002,1.0,1.0,0.0,0.2357274401473296,0.7425968109339407,-0.5068693707866111
38,115,91,40533.0,40353,180.0,40613.0,40638,-25.0,40981.0,40909,72.0,4.472,4.488,-0.016,1.0,1.0,0.0,0.3571428571428571,0.974820143884892,-0.617677286742035
38,116,92,40981.0,40909,72.0,41051.0,41075,-24.0,41359.0,41444,-85.0,3.504,3.496,0.008,0.8436,1.0,-0.1563999999999999,0.3703703703703703,0.6205607476635514,-0.250190377293181
38,118,93,41500.0,41444,56.0,41567.0,41601,-34.0,41983.0,41784,199.0,1.656,4.208,-2.5520000000000005,1.0,1.0,0.0,0.2774327122153209,0.923529411764706,-0.646096699549385
38,119,94,41983.0,41784,199.0,42050.0,42078,-28.0,42364.0,42302,62.0,3.864,3.816,0.048,1.0,1.0,0.0,0.3517060367454068,0.8648648648648649,-0.5131588281194581
38,120,95,42364.0,42302,62.0,42420.0,42424,-4.0,42637.0,42573,64.0,2.96,2.768,0.1920000000000001,0.66764,0.66764,0.0,0.4102564102564102,0.9003690036900369,-0.4901125934336267
38,121,96,42637.0,42573,64.0,42771.0,42802,-31.0,43238.0,43050,188.0,2.808,3.024,-0.2160000000000002,0.84555,1.0,-0.1544499999999999,0.4459234608985025,0.960167714884696,-0.5142442539861934
38,122,97,43238.0,43050,188.0,43282.0,43322,-40.0,43593.0,43501,92.0,4.088,4.16,-0.072,0.68719,0.68719,0.0,0.2478873239436619,0.7937915742793792,-0.5459042503357172
38,126,98,44221.0,44154,67.0,44277.0,44310,-33.0,44722.0,44511,211.0,1.792,1.904,-0.1119999999999998,0.91398,0.91398,0.0,0.2235528942115768,0.8739495798319328,-0.6503966856203559
38,127,99,44722.0,44511,211.0,44780.0,44802,-22.0,45218.0,45158,60.0,4.024,3.936,0.088,1.0,1.0,0.0,0.2338709677419355,0.8995363214837713,-0.6656653537418358
38,128,100,45218.0,45158,60.0,45296.0,45319,-23.0,45748.0,45578,170.0,4.128,4.136,-0.008,1.0,1.0,0.0,0.2943396226415095,0.7666666666666666,-0.4723270440251571
38,130,101,45792.0,45578,214.0,45850.0,45879,-29.0,46340.0,46265,75.0,0.808,4.48,-3.6720000000000006,1.0,1.0,0.0,0.2116788321167882,0.87627365356623,-0.6645948214494417
38,131,102,46340.0,46265,75.0,46403.0,46426,-23.0,46854.0,46786,68.0,4.424,4.376,0.048,1.0,1.0,0.0,0.245136186770428,0.618042226487524,-0.372906039717096
38,132,103,46854.0,46786,68.0,46949.0,46976,-27.0,47329.0,47261,68.0,4.368,4.4,-0.032,1.0,1.0,0.0,0.4,0.8,-0.4
38,133,104,47329.0,47261,68.0,47390.0,47422,-32.0,47841.0,47774,67.0,3.528,3.568,-0.04,1.0,1.0,0.0,0.23828125,0.6276803118908383,-0.3893990618908383
38,134,105,47841.0,47774,67.0,47908.0,47931,-23.0,48402.0,48333,69.0,4.144,4.072,0.072,1.0,1.0,0.0,0.2388591800356506,0.5617173524150268,-0.3228581723793762
38,135,106,48402.0,48333,69.0,48460.0,48487,-27.0,48932.0,48859,73.0,4.416,4.448,-0.032,1.0,1.0,0.0,0.2188679245283018,0.5855513307984791,-0.3666834062701772
38,136,107,48932.0,48859,73.0,48990.0,49017,-27.0,49889.0,49314,575.0,4.24,4.24,0.0,1.0,1.0,0.0,0.1212121212121212,0.6945054945054945,-0.5732933732933733
38,139,109,50093.0,49821,272.0,50129.0,50130,-1.0,50418.0,50276,142.0,0.984,4.936,-3.952,1.0,1.0,0.0,0.2215384615384615,0.6417582417582417,-0.4202197802197801
38,141,110,50460.0,50276,184.0,50522.0,50536,-14.0,50736.0,50705,31.0,0.768,3.248,-2.4800000000000004,1.0,1.0,0.0,0.4492753623188406,0.7878787878787878,-0.3386034255599472
38,143,111,50862.0,50705,157.0,50935.0,50922,13.0,51022.0,51066,-44.0,1.264,3.088,-1.824,0.6539499999999999,0.82893,-0.17498,0.9125,0.7977839335180055,0.1147160664819945
38,145,112,51104.0,51066,38.0,51236.0,51275,-39.0,51634.0,51562,72.0,1.688,2.824,-1.136,0.84262,1.0,-0.1573799999999999,0.4981132075471698,0.842741935483871,-0.3446287279367012
38,146,113,51634.0,51562,72.0,51708.0,51723,-15.0,52010.0,51946,64.0,3.776,3.584,0.1919999999999997,1.0,1.0,0.0,0.3936170212765957,0.8385416666666666,-0.4449246453900709
38,147,114,52010.0,51946,64.0,52073.0,52092,-19.0,52368.0,52293,75.0,2.92,2.952,-0.032,0.57576,0.57576,0.0,0.3519553072625698,0.8414985590778098,-0.4895432518152399
38,149,115,52511.0,52293,218.0,52541.0,52564,-23.0,52768.0,52720,48.0,0.432,3.776,-3.344,1.0,1.0,0.0,0.2334630350194552,0.730679156908665,-0.4972161218892098
38,151,116,52980.0,52720,260.0,52997.0,52972,25.0,53262.0,53196,66.0,1.68,3.264,-1.584,0.78201,0.78201,0.0,0.1205673758865247,0.9411764705882352,-0.8206090947017105
38,153,117,53446.0,53196,250.0,53507.0,53541,-34.0,53685.0,53677,8.0,1.632,4.552,-2.92,0.8230700000000001,0.84262,-0.0195499999999999,0.5104602510460251,0.5654885654885655,-0.0550283144425404
38,158,118,54029.0,53677,352.0,54047.0,54016,31.0,54154.0,54128,26.0,0.56,3.8,-3.24,0.7292230000000001,0.7292230000000001,0.0,0.288,0.4966740576496674,-0.2086740576496674
38,159,119,54154.0,54128,26.0,54226.0,54224,2.0,54460.0,54419,41.0,1.432,1.664,-0.2319999999999999,0.66471,0.55034,0.1143699999999999,0.4705882352941176,0.6597938144329897,-0.189205579138872
38,160,120,54460.0,54419,41.0,54579.0,54561,18.0,54853.0,54711,142.0,2.824,2.696,0.1279999999999996,0.86315,0.86315,0.0,0.6055979643765903,0.9726027397260274,-0.3670047753494371
38,162,121,54954.0,54711,243.0,55032.0,55055,-23.0,55357.0,55317,40.0,1.424,3.952,-2.528,0.62659,1.0,-0.37341,0.3870967741935484,0.8646864686468647,-0.4775896944533163
38,163,122,55357.0,55317,40.0,55432.0,55437,-5.0,55949.0,55639,310.0,3.2,3.056,0.1440000000000001,0.98338,0.98338,0.0,0.2533783783783784,0.7453416149068324,-0.491963236528454
38,165,123,56086.0,55639,447.0,56101.0,56063,38.0,56270.0,56232,38.0,0.664,5.008,-4.344,0.86413,0.86413,0.0,0.1630434782608695,0.5699831365935919,-0.4069396583327224
38,167,124,56476.0,56232,244.0,56535.0,56579,-44.0,56948.0,56845,103.0,1.936,4.128,-2.192,1.0,1.0,0.0,0.25,0.867862969004894,-0.617862969004894
38,168,125,56948.0,56845,103.0,57049.0,57034,15.0,57480.0,57266,214.0,4.112,3.64,0.472,0.95112,0.95112,0.0,0.3796992481203007,0.8978622327790974,-0.5181629846587966
38,169,126,57480.0,57266,214.0,57540.0,57568,-28.0,57998.0,57934,64.0,3.928,4.272,-0.3440000000000003,1.0,1.0,0.0,0.2316602316602316,0.9041916167664672,-0.6725313851062354
38,170,127,57998.0,57934,64.0,58087.0,58071,16.0,58535.0,58336,199.0,4.376,4.024,0.3520000000000003,1.0,1.0,0.0,0.3314711359404096,0.681592039800995,-0.3501209038605853
38,172,129,59042.0,58974,68.0,59105.0,59130,-25.0,59400.0,59363,37.0,4.048,3.28,0.7680000000000002,0.8416399999999999,1.0,-0.15836,0.3519553072625698,0.8020565552699228,-0.4501012480073529
39,3,1,1053.0,984,69.0,1113.0,1151,-38.0,1593.0,1358,235.0,4.2,1.912,2.2880000000000003,1.0,1.0,0.0,0.2222222222222222,0.893048128342246,-0.6708259061200238
39,4,2,1593.0,1358,235.0,1664.0,1708,-44.0,2084.0,2014,70.0,4.408,4.456,-0.048,1.0,1.0,0.0,0.2892057026476579,0.9329268292682926,-0.6437211266206347
39,5,3,2084.0,2014,70.0,2139.0,2177,-38.0,2573.0,2503,70.0,3.8,3.752,0.048,1.0,1.0,0.0,0.2249488752556236,0.6666666666666667,-0.441717791411043
39,8,4,3617.0,3545,72.0,3673.0,3720,-47.0,4097.0,4027,70.0,4.16,2.0,2.16,1.0,1.0,0.0,0.2333333333333332,0.7261410788381742,-0.4928077455048409
39,9,5,4097.0,4027,70.0,4153.0,4193,-40.0,4600.0,4529,71.0,3.84,3.784,0.056,1.0,1.0,0.0,0.2226640159045725,0.6613545816733069,-0.4386905657687343
39,11,6,5116.0,5045,71.0,5171.0,5201,-30.0,5692.0,5621,71.0,4.136,1.856,2.28,1.0,1.0,0.0,0.1909722222222222,0.5416666666666667,-0.3506944444444445
39,12,7,5692.0,5621,71.0,5752.0,5783,-31.0,6222.0,6007,215.0,4.648,4.656,-0.008,1.0,1.0,0.0,0.2264150943396226,0.8393782383419689,-0.6129631440023463
39,14,8,6723.0,6653,70.0,6779.0,6807,-28.0,7318.0,7055,263.0,3.984,1.816,2.168,1.0,1.0,0.0,0.188235294117647,0.7661691542288558,-0.5779338601112087
39,16,10,7849.0,7778,71.0,7909.0,7954,-45.0,8345.0,8275,70.0,4.256,2.088,2.168,1.0,1.0,0.0,0.2419354838709677,0.7082494969818913,-0.4663140131109236
39,17,11,8345.0,8275,70.0,8401.0,8445,-44.0,8807.0,8736,71.0,3.936,3.928,0.008,1.0,1.0,0.0,0.2424242424242424,0.737527114967462,-0.4951028725432196
39,18,12,8807.0,8736,71.0,8862.0,8903,-41.0,9273.0,9203,70.0,3.688,3.664,0.024,1.0,1.0,0.0,0.2360515021459227,0.7152034261241971,-0.4791519239782743
39,19,13,9273.0,9203,70.0,9329.0,9374,-45.0,9750.0,9679,71.0,3.736,3.768,-0.0319999999999995,1.0,1.0,0.0,0.2348008385744234,0.7184873949579832,-0.4836865563835597
39,20,14,9750.0,9679,71.0,9804.0,9844,-40.0,10227.0,10157,70.0,3.8,3.76,0.04,1.0,1.0,0.0,0.2264150943396226,0.6903765690376569,-0.4639614746980343
39,21,15,10227.0,10157,70.0,10283.0,10323,-40.0,10809.0,10522,287.0,3.832,3.832,0.0,1.0,1.0,0.0,0.1924398625429553,0.9095890410958904,-0.7171491785529351
39,23,16,11303.0,11233,70.0,11359.0,11402,-43.0,11773.0,11704,69.0,3.952,1.904,2.048,1.0,1.0,0.0,0.2382978723404255,0.7176220806794056,-0.47932420833898
39,25,17,12236.0,12166,70.0,12294.0,12336,-42.0,12746.0,12540,206.0,3.72,1.912,1.8080000000000005,1.0,1.0,0.0,0.2274509803921568,0.9090909090909092,-0.6816399286987522
39,32,18,15462.0,15390,72.0,15517.0,15554,-37.0,15963.0,15892,71.0,4.072,1.904,2.168,1.0,1.0,0.0,0.219560878243513,0.6533864541832669,-0.4338255759397539
39,33,19,15963.0,15892,71.0,16017.0,16059,-42.0,16450.0,16380,70.0,4.0,4.04,-0.04,1.0,1.0,0.0,0.2217659137577001,0.6844262295081966,-0.4626603157504965
39,34,20,16450.0,16380,70.0,16505.0,16548,-43.0,16926.0,16856,70.0,3.904,3.912,-0.008,1.0,1.0,0.0,0.2310924369747898,0.7058823529411764,-0.4747899159663865
39,40,21,19611.0,19539,72.0,19672.0,19717,-45.0,20101.0,20031,70.0,4.352,2.12,2.232,1.0,1.0,0.0,0.2489795918367346,0.7235772357723578,-0.4745976439356231
39,43,22,21137.0,21066,71.0,21193.0,21239,-46.0,21615.0,21545,70.0,4.136,1.976,2.16,1.0,1.0,0.0,0.2343096234309623,0.7223382045929019,-0.4880285811619396
39,46,23,22674.0,22603,71.0,22733.0,22770,-37.0,23212.0,22984,228.0,4.456,2.016,2.4400000000000004,1.0,1.0,0.0,0.2193308550185874,0.8766404199475065,-0.6573095649289191
39,53,24,26257.0,26185,72.0,26313.0,26358,-45.0,26779.0,26543,236.0,4.136,2.024,2.112,1.0,1.0,0.0,0.2145593869731801,0.9664804469273744,-0.7519210599541942
39,55,25,27325.0,27253,72.0,27384.0,27434,-50.0,27849.0,27624,225.0,4.296,2.104,2.192,1.0,1.0,0.0,0.2251908396946564,0.9757412398921832,-0.7505504001975268
39,58,26,28858.0,28787,71.0,28914.0,28962,-48.0,29351.0,29139,212.0,4.032,1.992,2.04,1.0,1.0,0.0,0.2271805273833671,0.9943181818181818,-0.7671376544348146
39,67,27,33507.0,33435,72.0,33566.0,33610,-44.0,33991.0,33921,70.0,4.52,2.12,2.3999999999999995,1.0,1.0,0.0,0.2438016528925619,0.7201646090534979,-0.4763629561609359
39,69,28,34504.0,34432,72.0,34560.0,34599,-39.0,35014.0,34943,71.0,4.112,1.976,2.136,1.0,1.0,0.0,0.2196078431372549,0.6536203522504893,-0.4340125091132344
39,79,29,39756.0,39684,72.0,39811.0,39855,-44.0,40246.0,40176,70.0,4.128,1.944,2.184,1.0,1.0,0.0,0.2244897959183673,0.6951219512195121,-0.4706321553011448
39,80,30,40246.0,40176,70.0,40301.0,40343,-42.0,40707.0,40635,72.0,3.92,3.904,0.016,1.0,1.0,0.0,0.2386117136659435,0.7276688453159041,-0.4890571316499605
39,81,31,40707.0,40635,72.0,40761.0,40804,-43.0,41167.0,41096,71.0,3.68,3.688,-0.008,1.0,1.0,0.0,0.2347826086956521,0.7331887201735359,-0.4984061114778837
39,82,32,41167.0,41096,71.0,41222.0,41266,-44.0,41663.0,41592,71.0,3.688,3.696,-0.008,1.0,1.0,0.0,0.2217741935483871,0.685483870967742,-0.4637096774193548
39,85,33,42719.0,42647,72.0,42778.0,42822,-44.0,43146.0,43059,87.0,4.44,2.112,2.3280000000000003,1.0,1.0,0.0,0.2763466042154566,0.8495145631067962,-0.5731679588913395
39,87,34,43614.0,43546,68.0,43675.0,43717,-42.0,44120.0,43918,202.0,3.784,1.936,1.848,1.0,1.0,0.0,0.2411067193675889,0.9193548387096774,-0.6782481193420884
39,89,35,44476.0,44397,79.0,44553.0,44587,-34.0,45005.0,44935,70.0,3.016,3.016,0.0,1.0,1.0,0.0,0.2911153119092627,0.7063197026022305,-0.4152043906929678
39,90,36,45005.0,44935,70.0,45062.0,45103,-41.0,45485.0,45415,70.0,4.072,4.128,-0.056,1.0,1.0,0.0,0.2375,0.7,-0.4624999999999999
39,91,37,45485.0,45415,70.0,45541.0,45577,-36.0,45942.0,45873,69.0,3.832,3.792,0.04,1.0,1.0,0.0,0.2450765864332603,0.7074235807860262,-0.4623469943527658
39,93,38,46443.0,46373,70.0,46504.0,46546,-42.0,47015.0,46740,275.0,4.04,2.0,2.04,1.0,1.0,0.0,0.2132867132867133,0.9427792915531336,-0.7294925782664202
39,94,39,47015.0,46740,275.0,47076.0,47128,-52.0,47611.0,47309,302.0,4.576,4.656,-0.08,1.0,1.0,0.0,0.2046979865771812,0.6362038664323375,-0.4315058798551563
39,95,40,47611.0,47309,302.0,47669.0,47727,-58.0,48168.0,47915,253.0,4.744,4.792,-0.048,1.0,1.0,0.0,0.2082585278276481,0.6204620462046204,-0.4122035183769723
39,97,41,48258.0,47915,343.0,48319.0,48359,-40.0,48893.0,48575,318.0,1.088,5.056,-3.968,1.0,1.0,0.0,0.1921259842519684,0.6545454545454545,-0.462419470293486
39,98,42,48893.0,48575,318.0,48967.0,48994,-27.0,49637.0,49237,400.0,5.184,5.08,0.104,1.0,1.0,0.0,0.1989247311827957,0.7341389728096677,-0.5352142416268719
39,99,43,49637.0,49237,400.0,49697.0,49723,-26.0,50304.0,50236,68.0,5.84,5.832,0.008,1.0,1.0,0.0,0.1799100449775112,0.972972972972973,-0.7930629279954617
39,100,44,50304.0,50236,68.0,50369.0,50398,-29.0,50926.0,50855,71.0,5.376,5.4,-0.024,1.0,1.0,0.0,0.2090032154340836,0.5234248788368336,-0.31442166340275
39,101,45,50926.0,50855,71.0,50986.0,51012,-26.0,51556.0,51487,69.0,4.936,4.912,0.024,1.0,1.0,0.0,0.1904761904761904,0.4968354430379746,-0.3063592525617842
39,102,46,51556.0,51487,69.0,51620.0,51645,-25.0,52132.0,52060,72.0,5.072,5.064,0.008,1.0,1.0,0.0,0.2222222222222222,0.5514834205933683,-0.3292611983711461
39,105,47,53285.0,53213,72.0,53342.0,53373,-31.0,53869.0,53606,263.0,4.544,1.936,2.608,1.0,1.0,0.0,0.1952054794520548,0.8142493638676844,-0.6190438844156296
39,107,49,54415.0,54345,70.0,54472.0,54509,-37.0,55020.0,54727,293.0,4.32,1.904,2.4160000000000004,1.0,1.0,0.0,0.1884297520661156,0.8586387434554974,-0.6702089913893817
39,108,50,55020.0,54727,293.0,55079.0,55108,-29.0,55633.0,55562,71.0,4.856,4.792,0.064,1.0,1.0,0.0,0.1924959216965742,0.9125748502994012,-0.720078928602827
39,111,51,56744.0,56673,71.0,56800.0,56835,-35.0,57343.0,57271,72.0,4.2,1.864,2.3360000000000003,1.0,1.0,0.0,0.1869782971619366,0.5418060200668897,-0.3548277229049531
39,112,52,57343.0,57271,72.0,57404.0,57433,-29.0,57874.0,57804,70.0,4.832,4.784,0.048,1.0,1.0,0.0,0.2297551789077212,0.6078799249530957,-0.3781247460453745
39,113,53,57874.0,57804,70.0,57930.0,57964,-34.0,58387.0,58317,70.0,4.208,4.248,-0.04,1.0,1.0,0.0,0.2183235867446393,0.6237816764132553,-0.4054580896686159
39,115,54,58925.0,58855,70.0,58985.0,59015,-30.0,59457.0,59386,71.0,4.344,1.944,2.4000000000000004,1.0,1.0,0.0,0.225563909774436,0.6026365348399247,-0.3770726250654886
40,2,1,494.0,411,83.0,594.0,605,-11.0,972.0,901,71.0,4.304,4.168,0.1360000000000001,0.970682,0.9934034,-0.0227214,0.4184100418410041,0.7918367346938775,-0.3734266928528733
40,3,2,972.0,901,71.0,1059.0,1076,-17.0,1454.0,1392,62.0,3.72,3.768,-0.0479999999999996,1.00048864,1.00048864,0.0,0.3609958506224067,0.7128309572301426,-0.3518351066077358
40,4,3,1454.0,1392,62.0,1544.0,1555,-11.0,1922.0,1866,56.0,3.88,3.832,0.048,1.00048864,1.00048864,0.0,0.3846153846153846,0.6877637130801688,-0.3031483284647842
40,5,4,1922.0,1866,56.0,2049.0,2105,-56.0,2470.0,2398,72.0,4.04,4.4,-0.3600000000000003,1.00048864,1.00048864,0.0,0.4635036496350365,0.8984962406015038,-0.4349925909664672
40,6,5,2470.0,2398,72.0,2576.0,2591,-15.0,2884.0,2778,106.0,4.216,3.888,0.3280000000000003,1.00048864,1.00048864,0.0,0.5120772946859904,0.9842105263157894,-0.472133231629799
40,7,6,2884.0,2778,106.0,2995.0,3025,-30.0,3328.0,3258,70.0,3.352,3.472,-0.1200000000000001,1.00048864,1.00048864,0.0,0.5,0.9708333333333332,-0.4708333333333333
40,8,7,3328.0,3258,70.0,3401.0,3402,-1.0,3561.0,3524,37.0,3.248,3.016,0.2320000000000002,1.00048864,1.00048864,0.0,0.6266094420600858,0.9172932330827068,-0.290683791022621
40,11,9,4061.0,3994,67.0,4165.0,4149,16.0,4519.0,4277,242.0,3.848,3.056,0.7919999999999998,1.00048864,1.00048864,0.0,0.4541484716157205,0.9045936395759716,-0.4504451679602512
40,13,10,4931.0,4866,65.0,4998.0,5023,-25.0,5407.0,5344,63.0,3.144,3.248,-0.104,1.00048864,1.00048864,0.0,0.2815126050420168,0.6569037656903766,-0.3753911606483597
40,14,11,5407.0,5344,63.0,5505.0,5539,-34.0,5928.0,5859,69.0,4.056,4.128,-0.072,1.00048864,1.00048864,0.0,0.3761996161228407,0.7572815533980582,-0.3810819372752175
40,15,12,5928.0,5859,69.0,6016.0,6042,-26.0,6444.0,6275,169.0,4.088,4.024,0.064,1.00048864,1.00024432,0.0002443199999999,0.3410852713178295,0.8798076923076923,-0.5387224209898628
40,16,13,6444.0,6275,169.0,6539.0,6552,-13.0,6860.0,6733,127.0,4.184,4.08,0.104,1.00048864,1.00048864,0.0,0.4567307692307693,0.7903930131004366,-0.3336622438696673
40,17,14,6860.0,6733,127.0,6994.0,7031,-37.0,7438.0,7382,56.0,3.64,3.832,-0.1919999999999997,0.941852,1.00048864,-0.0586366399999999,0.4636678200692041,0.9183359013867488,-0.4546680813175446
40,18,15,7438.0,7382,56.0,7522.0,7543,-21.0,8000.0,7729,271.0,4.224,4.096,0.1280000000000001,1.00048864,1.00048864,0.0,0.298932384341637,0.9279538904899136,-0.6290215061482765
40,19,16,8000.0,7729,271.0,8088.0,8103,-15.0,8505.0,8450,55.0,4.528,4.48,0.0479999999999991,1.00048864,1.00048864,0.0,0.3485148514851485,0.9625520110957004,-0.6140371596105519
40,20,17,8505.0,8450,55.0,8601.0,8607,-6.0,8988.0,8929,59.0,4.104,4.032,0.072,1.00048864,1.00048864,0.0,0.3975155279503105,0.6555323590814196,-0.258016831131109
40,21,18,8988.0,8929,59.0,9077.0,9084,-7.0,9366.0,9311,55.0,3.808,3.816,-0.008,1.00048864,1.00048864,0.0,0.4708994708994709,0.8115183246073299,-0.3406188537078589
40,22,19,9366.0,9311,55.0,9481.0,9478,3.0,9777.0,9715,62.0,3.232,3.152,0.08,0.955778,1.00048864,-0.0447106399999999,0.559610705596107,0.8267326732673268,-0.2671219676712197
40,23,20,9777.0,9715,62.0,9865.0,9879,-14.0,10144.0,10078,66.0,3.072,3.208,-0.1360000000000001,1.00048864,1.00048864,0.0,0.4795640326975476,0.9035812672176308,-0.4240172345200832
40,25,21,10245.0,10078,167.0,10307.0,10337,-30.0,10631.0,10551,80.0,0.848,3.664,-2.8160000000000003,1.00048864,1.00048864,0.0,0.3212435233160622,0.904862579281184,-0.5836190559651218
40,27,22,10721.0,10551,170.0,10742.0,10755,-13.0,11078.0,11019,59.0,0.232,3.344,-3.112,1.00048864,1.00048864,0.0,0.1176470588235294,0.8717948717948718,-0.7541478129713424
40,28,23,11078.0,11019,59.0,11181.0,11178,3.0,11269.0,11355,-86.0,3.512,3.384,0.1280000000000001,0.84388,1.00048864,-0.1566086399999999,0.9214659685863874,0.9464285714285714,-0.0249626028421839
40,30,24,11422.0,11355,67.0,11480.0,11460,20.0,11558.0,11551,7.0,1.568,2.256,-0.6879999999999997,1.00048864,1.00048864,0.0,0.8529411764705882,0.9285714285714286,-0.0756302521008404
40,32,25,11642.0,11551,91.0,11699.0,11715,-16.0,11845.0,11826,19.0,0.784,2.04,-1.256,1.00048864,1.00048864,0.0,0.5615763546798029,0.8072727272727273,-0.2456963725929243
40,33,26,11845.0,11826,19.0,11898.0,11921,-23.0,11940.0,12020,-80.0,1.592,1.648,-0.0559999999999998,1.00048864,1.00048864,0.0,0.8842105263157894,0.979381443298969,-0.0951709169831795
40,38,27,12586.0,12514,72.0,12638.0,12651,-13.0,12682.0,12789,-107.0,3.68,5.84,-2.16,0.79135,1.00048864,-0.2091386399999999,0.9166666666666666,0.9963636363636365,-0.0796969696969697
40,41,28,13077.0,12789,288.0,13137.0,13164,-27.0,13572.0,13350,222.0,0.864,4.104,-3.24,0.946983,1.00048864,-0.0535056399999999,0.2424242424242424,0.6631016042780749,-0.4206773618538324
40,42,29,13572.0,13350,222.0,13669.0,13682,-13.0,14060.0,14007,53.0,4.256,4.144,0.1120000000000001,0.906181,0.946983,-0.040802,0.3975409836065574,0.9893455098934552,-0.5918045262868977
40,43,30,14060.0,14007,53.0,14150.0,14158,-8.0,14515.0,14464,51.0,3.848,3.808,0.04,0.936477,0.906181,0.0302959999999999,0.3956043956043956,0.6608315098468271,-0.2652271142424315
40,44,31,14515.0,14464,51.0,14614.0,14624,-10.0,14998.0,14945,53.0,3.712,3.728,-0.016,0.916931,0.936477,-0.019546,0.4099378881987577,0.6652806652806653,-0.2553427770819075
40,45,32,14998.0,14945,53.0,15100.0,15111,-11.0,15467.0,15418,49.0,3.888,3.896,-0.008,0.923772,0.916931,0.006841,0.4349680170575692,0.7019027484143763,-0.266934731356807
40,46,33,15467.0,15418,49.0,15571.0,15580,-9.0,15930.0,15879,51.0,3.768,3.752,0.016,0.938187,0.923772,0.0144149999999999,0.4492440604751619,0.702819956616052,-0.25357589614089
40,47,34,15930.0,15879,51.0,16035.0,16045,-10.0,16376.0,16320,56.0,3.712,3.72,-0.008,0.911068,0.938187,-0.027119,0.4708520179372197,0.7528344671201814,-0.2819824491829616
40,48,35,16376.0,16320,56.0,16472.0,16487,-15.0,16835.0,16779,56.0,3.496,3.536,-0.04,0.977278,0.957977,0.019301,0.4183006535947712,0.7276688453159041,-0.3093681917211329
40,49,36,16835.0,16779,56.0,16933.0,16944,-11.0,17260.0,17201,59.0,3.688,3.656,0.032,0.96775,0.977278,-0.0095279999999999,0.4611764705882353,0.7819905213270142,-0.3208140507387789
40,50,37,17260.0,17201,59.0,17356.0,17376,-20.0,17769.0,17717,52.0,3.384,3.456,-0.072,1.00048864,1.00048864,0.0,0.3772102161100196,0.6782945736434108,-0.3010843575333912
40,55,38,18777.0,18652,125.0,18827.0,18828,-1.0,19035.0,18978,57.0,0.584,2.08,-1.496,1.00048864,1.00048864,0.0,0.3875968992248062,0.9202453987730062,-0.5326484995481999
40,56,39,19035.0,18978,57.0,19102.0,19083,19.0,19382.0,19199,183.0,2.2,2.04,0.1600000000000001,1.00048864,1.00048864,0.0,0.3861671469740634,0.9502262443438914,-0.564059097369828
40,58,40,19522.0,19498,24.0,19589.0,19580,9.0,19821.0,19719,102.0,1.152,3.976,-2.824,1.00048864,1.00048864,0.0,0.4481605351170569,0.7420814479638009,-0.293920912846744
40,61,41,19970.0,19719,251.0,20054.0,20080,-26.0,20608.0,20552,56.0,1.304,4.0,-2.696,0.903005,1.00048864,-0.0974836399999998,0.2633228840125392,0.8667466986794718,-0.6034238146669326
40,62,42,20608.0,20552,56.0,20720.0,20717,3.0,21083.0,21040,43.0,5.328,5.096,0.2320000000000002,0.6721199999999999,0.6970449999999999,-0.0249249999999999,0.4715789473684211,0.6762295081967213,-0.2046505608283002
40,63,43,21083.0,21040,43.0,21199.0,21204,-5.0,21367.0,21323,44.0,3.832,3.896,-0.064,0.6775,0.84876,-0.1712599999999999,0.8169014084507042,0.8409893992932862,-0.0240879908425819
40,64,44,21367.0,21323,44.0,21424.0,21437,-13.0,21894.0,21674,220.0,1.8,1.864,-0.064,1.00048864,1.00048864,0.0,0.2163187855787476,0.6495726495726496,-0.433253863993902
40,65,45,21894.0,21674,220.0,22007.0,22009,-2.0,22381.0,22322,59.0,4.664,4.576,0.088,0.92988,1.00048864,-0.0706086399999998,0.4640657084188911,0.9660493827160492,-0.5019836742971582
40,66,46,22381.0,22322,59.0,22478.0,22489,-11.0,22836.0,22785,51.0,3.768,3.84,-0.072,0.83924,0.92988,-0.09064,0.4263736263736264,0.7213822894168467,-0.2950086630432202
40,67,47,22836.0,22785,51.0,22920.0,22928,-8.0,23232.0,23192,40.0,3.536,3.512,0.024,0.907647,0.83924,0.068407,0.4242424242424242,0.7027027027027026,-0.2784602784602784
40,68,48,23232.0,23192,40.0,23305.0,23320,-15.0,23673.0,23615,58.0,3.08,3.136,-0.056,0.943806,0.927437,0.016369,0.3310657596371882,0.6052009456264775,-0.2741351859892893
40,69,49,23673.0,23615,58.0,23783.0,23799,-16.0,24137.0,24066,71.0,3.824,3.832,-0.008,0.952602,0.952602,0.0,0.4741379310344827,0.8159645232815964,-0.3418265922471136
40,70,50,24137.0,24066,71.0,24248.0,24263,-15.0,24416.0,24391,25.0,3.72,3.712,0.008,1.00048864,1.00048864,0.0,0.7956989247311828,0.7876923076923077,0.008006617038875
40,73,51,25074.0,25010,64.0,25196.0,25196,0.0,25377.0,25347,30.0,4.032,3.936,0.096,0.70486,0.869532,-0.1646719999999999,0.8052805280528053,0.8961424332344213,-0.090861905181616
40,77,53,25800.0,25738,62.0,25845.0,25841,4.0,26031.0,25961,70.0,0.84,2.128,-1.2880000000000005,0.31542,0.37088,-0.05546,0.3896103896103896,0.9237668161434978,-0.5341564265331081
40,78,54,26031.0,25961,70.0,26105.0,26094,11.0,26439.0,26382,57.0,2.08,2.024,0.056,1.00048864,1.00048864,0.0,0.3627450980392157,0.6318289786223278,-0.269083880583112
40,79,55,26439.0,26382,57.0,26534.0,26542,-8.0,26698.0,26675,23.0,3.432,3.584,-0.1520000000000001,0.9237739,0.92743864,-0.00366474,0.7335907335907336,0.9078498293515358,-0.1742590957608022
40,83,56,27790.0,27727,63.0,27865.0,27871,-6.0,28150.0,28106,44.0,3.296,3.384,-0.088,0.931102,1.00048864,-0.0693866399999999,0.4166666666666666,0.7598944591029024,-0.3432277924362358
40,84,57,28150.0,28106,44.0,28229.0,28249,-20.0,28546.0,28482,64.0,2.912,3.024,-0.1120000000000001,1.00048864,1.00048864,0.0,0.398989898989899,0.7606382978723404,-0.3616483988824414
40,85,58,28546.0,28482,64.0,28605.0,28584,21.0,28690.0,28793,-103.0,3.008,2.68,0.3279999999999998,1.00048864,1.00048864,0.0,0.8194444444444444,0.6559485530546624,0.163495891389782
40,88,59,28909.0,28793,116.0,28967.0,28994,-27.0,29579.0,29524,55.0,0.784,3.28,-2.496,0.7351586400000001,0.7351586400000001,0.0,0.1731343283582089,0.5499316005471957,-0.3767972721889867
40,89,60,29579.0,29524,55.0,29649.0,29639,10.0,30496.0,29752,744.0,5.456,5.16,0.2960000000000002,0.5875889999999999,0.66503864,-0.0774496400000001,0.1526717557251908,0.9912280701754386,-0.8385563144502477
40,90,62,30496.0,30447,49.0,30607.0,30622,-15.0,30979.0,30924,55.0,7.664,5.048,2.616,0.956511,0.923039,0.033472,0.4596273291925465,0.7337526205450734,-0.2741252913525268
40,91,63,30979.0,30924,55.0,31093.0,31109,-16.0,31465.0,31405,60.0,3.888,3.896,-0.008,0.951625,0.956511,-0.004886,0.4691358024691358,0.7692307692307692,-0.3000949667616334
40,92,64,31465.0,31405,60.0,31566.0,31587,-21.0,32003.0,31925,78.0,3.784,3.824,-0.04,1.00048864,1.00048864,0.0,0.3754646840148699,0.7,-0.3245353159851301
40,93,65,32003.0,31925,78.0,32103.0,32116,-13.0,32551.0,32474,77.0,4.296,4.232,0.064,0.87955,0.975079,-0.0955289999999999,0.364963503649635,0.6958105646630237,-0.3308470610133887
40,94,66,32551.0,32474,77.0,32676.0,32696,-20.0,33035.0,32970,65.0,4.584,4.64,-0.056,0.96775,0.904471,0.0632789999999999,0.5165289256198347,0.8951612903225806,-0.3786323647027459
40,95,67,33035.0,32970,65.0,33098.0,33129,-31.0,33320.0,33282,38.0,3.376,3.464,-0.088,1.00048864,1.00048864,0.0,0.4421052631578948,0.9807692307692308,-0.538663967611336
40,97,68,33446.0,33282,164.0,33511.0,33503,8.0,33830.0,33637,193.0,0.984,2.992,-2.008,0.75543864,0.99071864,-0.23528,0.3385416666666666,0.7549295774647887,-0.4163879107981221
40,98,69,33830.0,33637,193.0,33948.0,33931,17.0,34309.0,34240,69.0,3.496,3.424,0.072,0.948449,1.00048864,-0.0520396399999999,0.4926931106471816,0.9751243781094528,-0.4824312674622711
40,99,70,34309.0,34240,69.0,34434.0,34425,9.0,34824.0,34766,58.0,3.888,3.952,-0.064,0.922795,0.93892,-0.0161249999999999,0.4854368932038835,0.7034220532319392,-0.2179851600280556
40,100,71,34824.0,34766,58.0,34944.0,34945,-1.0,35311.0,35257,54.0,4.08,4.16,-0.08,0.88468,0.922795,-0.038115,0.4928131416837782,0.7291242362525459,-0.2363110945687676
40,101,72,35311.0,35257,54.0,35425.0,35436,-11.0,35794.0,35739,55.0,3.848,3.928,-0.08,0.89226,0.88468,0.00758,0.4720496894409938,0.7427385892116183,-0.2706888997706245
40,102,73,35794.0,35739,55.0,35904.0,35904,0.0,36327.0,36261,66.0,3.832,3.744,0.0879999999999996,0.77254,0.78305,-0.01051,0.4127579737335834,0.632183908045977,-0.2194259343123935
40,103,74,36327.0,36261,66.0,36410.0,36400,10.0,36554.0,36651,-97.0,4.048,3.968,0.08,0.64573864,0.64573864,0.0,0.7312775330396476,0.7128205128205128,0.0184570202191347
40,105,75,36696.0,36651,45.0,36776.0,36796,-20.0,37217.0,37176,41.0,1.432,3.168,-1.7360000000000002,0.83557,1.00048864,-0.1649186399999999,0.3071017274472168,0.5523809523809524,-0.2452792249337355
40,106,76,37217.0,37176,41.0,37263.0,37272,-9.0,37668.0,37597,71.0,3.896,3.808,0.088,0.829224,0.829224,0.0,0.2039911308203991,0.4560570071258907,-0.2520658763054916
40,107,77,37668.0,37597,71.0,37739.0,37749,-10.0,38077.0,38024,53.0,3.808,3.816,-0.008,0.85268,0.8656200000000001,-0.01294,0.3471882640586797,0.711943793911007,-0.3647555298523273
40,108,78,38077.0,38024,53.0,38156.0,38157,-1.0,38480.0,38296,184.0,3.336,3.264,0.072,1.00048864,1.00048864,0.0,0.3920595533498759,0.9779411764705882,-0.5858816231207122
40,109,79,38480.0,38296,184.0,38584.0,38605,-21.0,38862.0,38828,34.0,3.424,3.584,-0.1600000000000001,0.84657,1.00048864,-0.1539186399999998,0.5445026178010471,0.8383458646616542,-0.293843246860607
40,110,80,38862.0,38828,34.0,38943.0,38942,1.0,39192.0,39141,51.0,2.872,2.696,0.1759999999999997,1.00048864,1.00048864,0.0,0.4909090909090909,0.7284345047923323,-0.2375254138832413
40,111,81,39192.0,39141,51.0,39293.0,39287,6.0,39731.0,39564,167.0,2.8,2.76,0.04,0.7319819999999999,0.82848864,-0.09650664,0.3747680890538033,0.6903073286052009,-0.3155392395513976
40,112,82,39731.0,39564,167.0,39845.0,39861,-16.0,40268.0,40208,60.0,4.416,4.592,-0.1759999999999992,0.8495,0.903982,-0.0544819999999999,0.4245810055865922,0.922360248447205,-0.4977792428606128
40,113,83,40268.0,40208,60.0,40373.0,40362,11.0,40766.0,40714,52.0,4.224,4.008,0.2160000000000002,0.74273,0.80308,-0.06035,0.4216867469879518,0.6086956521739131,-0.1870089051859612
40,114,84,40766.0,40714,52.0,40863.0,40868,-5.0,41138.0,41073,65.0,3.92,4.048,-0.1280000000000001,0.67945,0.78915,-0.1097,0.521505376344086,0.8579387186629527,-0.3364333423188667
40,115,85,41138.0,41073,65.0,41183.0,41169,14.0,41262.0,41404,-142.0,2.56,2.408,0.1520000000000001,0.36428,0.651842,-0.287562,0.7258064516129032,0.5800604229607251,0.1457460286521781
40,117,86,41445.0,41404,41.0,41505.0,41514,-9.0,41866.0,41649,217.0,1.696,2.76,-1.0639999999999998,1.00048864,1.00048864,0.0,0.2850356294536816,0.8979591836734694,-0.6129235542197877
40,121,87,42781.0,42742,39.0,42880.0,42868,12.0,43259.0,42999,260.0,3.456,3.208,0.2479999999999997,1.00048864,1.00048864,0.0,0.4142259414225941,0.980544747081712,-0.5663188056591179
40,122,89,43259.0,43210,49.0,43343.0,43364,-21.0,43735.0,43694,41.0,3.704,2.256,1.4480000000000004,1.00048864,1.00048864,0.0,0.3529411764705882,0.6363636363636364,-0.2834224598930481
40,123,90,43735.0,43694,41.0,43826.0,43846,-20.0,44112.0,44083,29.0,3.864,3.856,0.008,0.919375,1.00048864,-0.0811136399999998,0.4827586206896551,0.781491002570694,-0.2987323818810389
40,124,91,44112.0,44083,29.0,44133.0,44160,-27.0,44405.0,44354,51.0,2.456,2.512,-0.056,0.240162,0.190321,0.049841,0.1433447098976109,0.5682656826568266,-0.4249209727592157
40,125,92,44405.0,44354,51.0,44503.0,44504,-1.0,44854.0,44807,47.0,2.96,2.752,0.2080000000000001,0.961642,0.950892,0.01075,0.4365256124721604,0.6622516556291391,-0.2257260431569787
40,126,93,44854.0,44807,47.0,44957.0,44962,-5.0,45286.0,45236,50.0,3.632,3.664,-0.032,0.935011,0.961642,-0.0266309999999999,0.4768518518518518,0.7226107226107226,-0.2457588707588707
40,127,94,45286.0,45236,50.0,45384.0,45391,-7.0,45735.0,45679,56.0,3.416,3.432,-0.016,0.901539,0.935011,-0.033472,0.4365256124721604,0.6997742663656885,-0.2632486538935281
40,128,95,45735.0,45679,56.0,45830.0,45843,-13.0,46172.0,46121,51.0,3.568,3.616,-0.048,0.87637,0.901539,-0.0251689999999999,0.4347826086956522,0.7420814479638009,-0.3072988392681487
40,129,96,46172.0,46121,51.0,46251.0,46259,-8.0,46384.0,46357,27.0,3.368,3.328,0.04,0.71512,0.87637,-0.16125,0.7452830188679245,0.8305084745762712,-0.0852254557083467
40,131,98,46686.0,46646,40.0,46745.0,46745,0.0,46918.0,46867,51.0,2.44,1.904,0.536,1.00048864,1.00048864,0.0,0.5086206896551724,0.8959276018099548,-0.3873069121547824
40,132,99,46918.0,46867,51.0,47003.0,46987,16.0,47336.0,47261,75.0,2.064,1.936,0.1280000000000001,1.00048864,1.00048864,0.0,0.4066985645933014,0.6091370558375635,-0.202438491244262
40,133,100,47336.0,47261,75.0,47386.0,47379,7.0,47693.0,47622,71.0,3.064,3.136,-0.072,0.65452864,0.65452864,0.0,0.2801120448179272,0.6537396121883656,-0.3736275673704384
40,134,101,47693.0,47622,71.0,47777.0,47788,-11.0,48100.0,48037,63.0,3.128,3.272,-0.1439999999999996,0.939164,0.957733,-0.0185689999999999,0.4127764127764127,0.8,-0.3872235872235873
40,135,102,48100.0,48037,63.0,48172.0,48188,-16.0,48621.0,48548,73.0,3.16,3.2,-0.04,1.00048864,1.00048864,0.0,0.2763915547024952,0.5909980430528377,-0.3146064883503424
40,136,103,48621.0,48548,73.0,48696.0,48718,-22.0,49242.0,49205,37.0,4.192,4.24,-0.048,1.00048864,1.00048864,0.0,0.2415458937198067,0.517503805175038,-0.2759579114552313
40,137,104,49242.0,49205,37.0,49347.0,49340,7.0,49673.0,49614,59.0,5.208,4.976,0.2320000000000002,1.00048864,1.00048864,0.0,0.4872389791183295,0.6601466992665037,-0.1729077201481742
40,138,105,49673.0,49614,59.0,49761.0,49776,-15.0,50118.0,50058,60.0,3.312,3.488,-0.1760000000000001,1.00048864,1.00048864,0.0,0.395505617977528,0.7297297297297297,-0.3342241117522017
40,139,106,50118.0,50058,60.0,50214.0,50233,-19.0,50505.0,50420,85.0,3.624,3.656,-0.032,1.00048864,1.00048864,0.0,0.4961240310077519,0.9668508287292816,-0.4707267977215298
40,140,107,50505.0,50420,85.0,50565.0,50594,-29.0,50978.0,50915,63.0,2.808,2.888,-0.08,1.00048864,1.00048864,0.0,0.2536997885835095,0.703030303030303,-0.4493305144467935
40,141,108,50978.0,50915,63.0,51075.0,51083,-8.0,51399.0,51248,151.0,4.08,3.912,0.1680000000000001,1.00048864,1.00048864,0.0,0.4608076009501187,0.990990990990991,-0.5301833900408722
40,144,109,51879.0,51833,46.0,51959.0,51983,-24.0,52399.0,52153,246.0,1.704,2.016,-0.312,1.00048864,1.00048864,0.0,0.3076923076923077,0.9375,-0.6298076923076923
40,145,110,52399.0,52153,246.0,52501.0,52512,-11.0,52897.0,52833,64.0,4.336,4.232,0.104,0.950647,1.00048864,-0.0498416399999999,0.4096385542168674,0.9441176470588236,-0.534479092841956
40,146,111,52897.0,52833,64.0,52986.0,53016,-30.0,53334.0,53207,127.0,3.88,4.032,-0.1520000000000001,0.912534,0.932812,-0.020278,0.4073226544622426,0.9786096256684492,-0.5712869712062066
40,148,112,53382.0,53207,175.0,53454.0,53468,-14.0,53868.0,53648,220.0,0.672,3.616,-2.944,0.971415,0.971415,0.0,0.2962962962962963,0.8163265306122449,-0.5200302343159486
40,149,113,53868.0,53648,220.0,53959.0,53968,-9.0,54347.0,54280,67.0,4.04,4.0,0.04,0.985097,0.985097,0.0,0.3799582463465553,0.9873417721518988,-0.6073835258053435
40,150,114,54347.0,54280,67.0,54444.0,54455,-11.0,54895.0,54684,211.0,3.88,3.896,-0.016,0.949182,0.981187,-0.032005,0.3540145985401459,0.8663366336633663,-0.5123220351232204
40,151,115,54895.0,54684,211.0,54987.0,55012,-25.0,55421.0,55360,61.0,4.344,4.456,-0.1120000000000001,0.961398,0.961398,0.0,0.3498098859315589,0.970414201183432,-0.620604315251873
40,152,116,55421.0,55360,61.0,55504.0,55514,-10.0,55842.0,55758,84.0,4.136,4.016,0.1200000000000001,1.00048864,1.00048864,0.0,0.3942992874109263,0.7738693467336684,-0.379570059322742
40,154,117,55936.0,55758,178.0,55997.0,56029,-32.0,56386.0,56318,68.0,0.848,4.12,-3.272,1.00048864,1.00048864,0.0,0.2711111111111111,0.9678571428571427,-0.6967460317460318
40,155,118,56386.0,56318,68.0,56457.0,56486,-29.0,56873.0,56808,65.0,3.68,3.656,0.024,0.85927,1.00048864,-0.1412186399999999,0.2915811088295688,0.6857142857142857,-0.3941331768847169
40,156,119,56873.0,56808,65.0,56954.0,56975,-21.0,57148.0,57122,26.0,3.976,3.912,0.064,0.989006,0.989006,0.0,0.5890909090909091,0.9363057324840764,-0.3472148233931673
40,158,120,57268.0,57122,146.0,57331.0,57307,24.0,57594.0,57425,169.0,1.144,2.656,-1.5120000000000002,1.00048864,1.00048864,0.0,0.3865030674846625,0.7788778877887789,-0.3923748203041163
40,159,121,57594.0,57425,169.0,57653.0,57633,20.0,57748.0,57717,31.0,2.576,2.608,-0.032,0.99266864,0.99266864,0.0,0.7662337662337663,0.5753424657534247,0.1908913004803415
40,160,122,57748.0,57717,31.0,57821.0,57853,-32.0,58220.0,58024,196.0,1.344,1.76,-0.4159999999999999,1.00048864,1.00048864,0.0,0.309322033898305,0.8859934853420195,-0.5766714514437145
40,163,123,58351.0,58024,327.0,58414.0,58414,0.0,58713.0,58615,98.0,0.848,4.488,-3.640000000000001,0.7615500000000001,0.92963864,-0.16808864,0.3480662983425414,0.6802030456852792,-0.3321367473427378
40,165,124,58809.0,58615,194.0,58886.0,58894,-8.0,59327.0,59277,50.0,1.368,3.84,-2.4719999999999995,0.88028,0.87393,0.0063499999999999,0.2972972972972972,0.8429003021148036,-0.5456030048175063
40,166,125,59327.0,59277,50.0,59427.0,59434,-7.0,59853.0,59790,63.0,4.328,4.32,0.008,0.928903,0.902272,0.026631,0.3802281368821293,0.6120857699805069,-0.2318576330983776
41,2,1,483.0,429,54.0,602.0,588,14.0,867.0,798,69.0,3.696,3.688,0.008,1.39607,1.43519,-0.0391199999999998,0.6197916666666667,0.8617886178861789,-0.2419969512195121
41,3,2,867.0,798,69.0,1017.0,1004,13.0,1419.0,1308,111.0,3.32,3.328,-0.008,1.53059,1.53059,0.0,0.5434782608695652,0.807843137254902,-0.2643648763853368
41,4,3,1419.0,1308,111.0,1574.0,1557,17.0,2078.0,2032,46.0,4.456,4.424,0.032,1.54766,1.55499,-0.00733,0.4704097116843703,0.6878453038674033,-0.217435592183033
41,5,4,2078.0,2032,46.0,2258.0,2243,15.0,2625.0,2488,137.0,5.472,5.488,-0.016,1.59905,1.53303,0.0660199999999999,0.6581352833638026,0.925438596491228,-0.2673033131274255
41,6,5,2625.0,2488,137.0,2777.0,2781,-4.0,3221.0,3090,131.0,4.152,4.304,-0.1520000000000001,1.59409,1.56475,0.0293399999999999,0.5100671140939597,0.973421926910299,-0.4633548128163394
41,7,6,3221.0,3090,131.0,3389.0,3375,14.0,3792.0,3666,126.0,4.896,4.752,0.1440000000000001,1.67974,1.75309,-0.07335,0.5884413309982487,0.9895833333333334,-0.4011420023350847
41,8,7,3792.0,3666,126.0,3940.0,3935,5.0,4316.0,4254,62.0,4.408,4.48,-0.072,1.64547,1.6308,0.0146699999999999,0.5648854961832062,0.9149659863945578,-0.3500804902113517
41,9,8,4316.0,4254,62.0,4465.0,4448,17.0,4798.0,4700,98.0,4.2,4.104,0.096,1.73108,1.73108,0.0,0.6182572614107884,0.8699551569506727,-0.2516978955398843
41,10,9,4798.0,4700,98.0,4942.0,4928,14.0,5315.0,5136,179.0,3.816,3.84,-0.024,1.48411,1.49878,-0.0146699999999999,0.5570599613152805,0.9541284403669724,-0.397068479051692
41,11,10,5315.0,5136,179.0,5493.0,5478,15.0,5845.0,5740,105.0,4.408,4.4,0.008,1.45232,1.45721,-0.00489,0.6716981132075472,0.8675496688741722,-0.1958515556666249
41,12,11,5845.0,5740,105.0,5985.0,5979,6.0,6415.0,6235,180.0,3.936,4.008,-0.072,1.39122,1.42301,-0.0317899999999999,0.4912280701754385,0.9656565656565655,-0.4744284954811271
41,13,12,6415.0,6235,180.0,6560.0,6548,12.0,6743.0,6892,-149.0,4.6,4.552,0.048,1.51585,1.56475,-0.0488999999999999,0.8841463414634146,0.9528158295281584,-0.0686694880647437
41,15,13,6960.0,6892,68.0,7068.0,7092,-24.0,7555.0,7398,157.0,2.472,4.352,-1.8800000000000003,1.53059,1.53059,0.0,0.3630252100840336,0.7905138339920948,-0.4274886239080612
41,16,14,7555.0,7398,157.0,7715.0,7708,7.0,8187.0,8104,83.0,5.176,4.928,0.2480000000000002,1.44005,1.42293,0.01712,0.5063291139240507,0.8781869688385269,-0.3718578549144762
41,17,15,8187.0,8104,83.0,8361.0,8352,9.0,8902.0,8722,180.0,5.168,5.152,0.016,1.44255,1.44255,0.0,0.4867132867132867,0.8025889967637541,-0.3158757100504673
41,18,16,8902.0,8722,180.0,9066.0,9060,6.0,9521.0,9463,58.0,5.64,5.664,-0.024,1.34232,1.36188,-0.01956,0.5298869143780292,0.912280701754386,-0.3823937873763567
41,19,17,9521.0,9463,58.0,9661.0,9656,5.0,10240.0,9863,377.0,4.76,4.768,-0.008,1.09046,1.12469,-0.0342299999999999,0.3894297635605007,0.965,-0.5755702364394992
41,20,18,10240.0,9863,377.0,10405.0,10398,7.0,10765.0,10668,97.0,5.952,5.936,0.016,1.32274,1.32274,0.0,0.6285714285714286,0.670807453416149,-0.0422360248447204
41,21,19,10765.0,10668,97.0,10899.0,10891,8.0,11390.0,11293,97.0,3.952,3.944,0.008,1.18338,1.19071,-0.0073299999999998,0.4287999999999999,0.7136,-0.2848
41,22,20,11390.0,11293,97.0,11499.0,11508,-9.0,11882.0,11823,59.0,4.8,4.936,-0.1360000000000001,1.18582,1.16626,0.01956,0.4430894308943089,0.8113207547169812,-0.3682313238226722
41,23,21,11882.0,11823,59.0,12005.0,12006,-1.0,12348.0,12299,49.0,4.048,3.984,0.064,1.18582,1.14915,0.0366699999999999,0.5278969957081545,0.76890756302521,-0.2410105673170555
41,24,22,12348.0,12299,49.0,12516.0,12502,14.0,12788.0,12737,51.0,4.088,3.968,0.1200000000000001,1.54279,1.45721,0.0855799999999999,0.7636363636363637,0.9269406392694064,-0.1633042756330427
41,26,23,12943.0,12737,206.0,13136.0,13118,18.0,13500.0,13423,77.0,2.496,4.928,-2.432,1.33497,1.49145,-0.1564799999999999,0.6929982046678635,0.8892128279883382,-0.1962146233204746
41,27,24,13500.0,13423,77.0,13636.0,13642,-6.0,13977.0,13917,60.0,4.0,4.192,-0.1920000000000001,1.3985,1.3985,0.0,0.570230607966457,0.8866396761133604,-0.3164090681469034
41,28,25,13977.0,13917,60.0,14112.0,14117,-5.0,14476.0,14418,58.0,3.808,3.8,0.008,1.43518,1.4034,0.0317799999999999,0.5410821643286573,0.7984031936127745,-0.2573210292841171
41,29,26,14476.0,14418,58.0,14644.0,14630,14.0,15022.0,14917,105.0,4.256,4.104,0.1520000000000001,1.60394,1.60638,-0.0024399999999999,0.6153846153846154,0.8496993987975952,-0.2343147834129797
41,30,27,15022.0,14917,105.0,15155.0,15166,-11.0,15526.0,15470,56.0,4.088,4.288,-0.2000000000000001,1.53545,1.49877,0.03668,0.5277777777777778,0.9005424954792043,-0.3727647177014265
41,31,28,15526.0,15470,56.0,15688.0,15675,13.0,16265.0,15891,374.0,4.264,4.072,0.1920000000000001,1.5355,1.5599500000000002,-0.02445,0.4384303112313937,0.973871733966746,-0.5354414227353521
41,32,30,16265.0,16198,67.0,16406.0,16450,-44.0,16821.0,16760,61.0,5.744,3.344,2.4,1.23472,1.23961,-0.00489,0.5071942446043165,0.896797153024911,-0.3896029084205945
41,33,31,16821.0,16760,61.0,16957.0,16948,9.0,17279.0,17218,61.0,4.408,3.984,0.4240000000000004,1.41318,1.41318,0.0,0.5938864628820961,0.8209606986899564,-0.2270742358078602
41,34,32,17279.0,17218,61.0,17414.0,17400,14.0,17777.0,17646,131.0,3.656,3.616,0.04,1.13447,1.13447,0.0,0.5421686746987953,0.8504672897196262,-0.3082986150208309
41,36,33,17914.0,17646,268.0,17930.0,17925,5.0,18215.0,18189,26.0,0.328,4.2,-3.872,1.18826,1.18826,0.0,0.106312292358804,0.9723756906077348,-0.8660633982489307
41,39,34,18463.0,18189,274.0,18612.0,18596,16.0,18961.0,18889,72.0,1.544,5.368,-3.824,1.78485,1.956,-0.1711499999999999,0.5983935742971888,0.8371428571428572,-0.2387492828456684
41,40,35,18961.0,18889,72.0,19119.0,19112,7.0,19447.0,19377,70.0,4.056,4.128,-0.072,1.62596,1.61863,0.00733,0.6502057613168724,0.9139344262295082,-0.2637286649126358
41,41,36,19447.0,19377,70.0,19612.0,19591,21.0,19941.0,19866,75.0,3.944,3.832,0.1120000000000001,1.68212,1.68212,0.0,0.6680161943319838,0.8752556237218814,-0.2072394293898976
41,42,37,19941.0,19866,75.0,20088.0,20083,5.0,20507.0,20455,52.0,3.808,3.936,-0.1280000000000001,1.70903,1.68213,0.0269000000000001,0.519434628975265,0.736842105263158,-0.2174074762878929
41,43,38,20507.0,20455,52.0,20668.0,20649,19.0,21092.0,20907,185.0,4.64,4.528,0.1120000000000001,1.65522,1.65522,0.0,0.5504273504273505,0.8584070796460177,-0.3079797292186672
41,44,39,21092.0,20907,185.0,21229.0,21222,7.0,21549.0,21488,61.0,4.488,4.584,-0.0959999999999992,1.70411,1.72122,-0.0171099999999999,0.5995623632385121,0.9156626506024096,-0.3161002873638976
41,45,40,21549.0,21488,61.0,21679.0,21676,3.0,22095.0,21914,181.0,3.6,3.632,-0.032,1.41812,1.40101,0.0171099999999999,0.4761904761904761,0.8826291079812206,-0.4064386317907444
41,46,41,22095.0,21914,181.0,22240.0,22219,21.0,22548.0,22517,31.0,4.488,4.344,0.1440000000000001,1.73594,1.73594,0.0,0.640176600441501,0.988391376451078,-0.3482147760095769
41,48,42,22618.0,22517,101.0,22786.0,22764,22.0,23190.0,23136,54.0,1.6,4.36,-2.76,1.74576,1.78732,-0.04156,0.5874125874125874,0.7980613893376414,-0.2106488019250539
41,50,43,23333.0,23136,197.0,23374.0,23360,14.0,23765.0,23610,155.0,0.792,4.768,-3.976,1.29829,1.35942,-0.0611300000000001,0.1898148148148147,0.9451476793248944,-0.7553328645100797
41,51,44,23765.0,23610,155.0,23930.0,23909,21.0,24326.0,24258,68.0,4.448,4.392,0.056,1.81175,1.81175,0.0,0.5882352941176471,0.9228395061728396,-0.3346042120551924
41,52,45,24326.0,24258,68.0,24426.0,24441,-15.0,24685.0,24670,15.0,3.968,4.256,-0.2880000000000002,1.34475,1.34475,0.0,0.5571030640668524,0.8883495145631068,-0.3312464504962544
41,54,46,24808.0,24670,138.0,24934.0,24927,7.0,25350.0,25230,120.0,1.672,3.888,-2.216,1.53541,1.55008,-0.0146699999999999,0.4649446494464945,0.9178571428571428,-0.4529124934106483
41,55,47,25350.0,25230,120.0,25514.0,25503,11.0,25894.0,25832,62.0,4.64,4.608,0.032,1.56479,1.65281,-0.0880199999999999,0.6029411764705883,0.9069767441860466,-0.3040355677154582
41,56,48,25894.0,25832,62.0,26043.0,26026,17.0,26498.0,26266,232.0,4.232,4.184,0.048,1.62588,1.62588,0.0,0.4933774834437086,0.8940092165898618,-0.4006317331461532
41,57,49,26498.0,26266,232.0,26625.0,26635,-10.0,26979.0,26910,69.0,4.656,4.872,-0.2160000000000002,1.11491,1.15403,-0.0391199999999998,0.528066528066528,0.8540372670807453,-0.3259707390142173
41,58,50,26979.0,26910,69.0,27134.0,27121,13.0,27528.0,27471,57.0,4.072,3.888,0.1840000000000001,1.44495,1.44495,0.0,0.5646630236794171,0.7522281639928698,-0.1875651403134527
41,59,51,27528.0,27471,57.0,27688.0,27677,11.0,28037.0,27928,109.0,4.432,4.448,-0.016,1.59165,1.59165,0.0,0.6286836935166994,0.901531728665208,-0.2728480351485085
41,60,52,28037.0,27928,109.0,28195.0,28178,17.0,28577.0,28458,119.0,4.056,4.008,0.048,1.77266,1.77266,0.0,0.5851851851851853,0.9433962264150944,-0.3582110412299091
41,61,53,28577.0,28458,119.0,28733.0,28714,19.0,29125.0,29042,83.0,4.304,4.288,0.016,1.66499,1.66988,-0.00489,0.5693430656934306,0.8767123287671232,-0.3073692630736926
41,62,54,29125.0,29042,83.0,29287.0,29277,10.0,29726.0,29540,186.0,4.432,4.504,-0.0719999999999991,1.72129,1.7433,-0.02201,0.5391014975041597,0.9437751004016064,-0.4046736028974467
41,63,55,29726.0,29540,186.0,29872.0,29864,8.0,30187.0,30125,62.0,4.68,4.696,-0.016,1.4474,1.4205,0.0268999999999999,0.6334056399132322,0.8923076923076922,-0.25890205239446
41,64,56,30187.0,30125,62.0,30330.0,30318,12.0,30668.0,30484,184.0,3.664,3.632,0.032,1.46948,1.4597,0.0097799999999999,0.5945945945945945,0.924791086350975,-0.3301964917563804
41,65,57,30668.0,30484,184.0,30841.0,30833,8.0,31101.0,31085,16.0,4.088,4.12,-0.032,1.64544,1.64544,0.0,0.7990762124711317,0.8386023294509152,-0.0395261169797834
41,68,58,31301.0,31085,216.0,31456.0,31455,1.0,31855.0,31788,67.0,1.576,4.976,-3.4,1.40341,1.47432,-0.07091,0.5595667870036101,0.9473684210526316,-0.3878016340490215
41,69,59,31855.0,31788,67.0,31992.0,31978,14.0,32318.0,32253,65.0,4.288,4.184,0.104,1.42297,1.42297,0.0,0.5917926565874729,0.8172043010752688,-0.2254116444877958
41,70,60,32318.0,32253,65.0,32463.0,32451,12.0,32791.0,32708,83.0,3.768,3.784,-0.016,1.13203,1.13203,0.0,0.613107822410148,0.8703296703296703,-0.2572218479195223
41,71,61,32791.0,32708,83.0,32946.0,32951,-5.0,33352.0,33221,131.0,3.864,4.0,-0.1360000000000001,1.34234,1.34967,-0.00733,0.5525846702317291,0.9473684210526316,-0.3947837508209025
41,72,62,33352.0,33221,131.0,33481.0,33464,17.0,33908.0,33813,95.0,4.28,4.104,0.1760000000000001,1.22983,1.28851,-0.05868,0.4640287769784172,0.8209459459459459,-0.3569171689675287
41,73,63,33908.0,33813,95.0,34037.0,34032,5.0,34443.0,34378,65.0,4.448,4.544,-0.0959999999999992,0.98778,0.98778,0.0,0.4822429906542056,0.7752212389380531,-0.2929782482838474
41,74,64,34443.0,34378,65.0,34542.0,34540,2.0,34849.0,34791,58.0,4.04,4.064,-0.024,1.3619,1.53305,-0.1711500000000001,0.4876847290640393,0.784503631961259,-0.2968189028972197
41,75,65,34849.0,34791,58.0,34910.0,34915,-5.0,35331.0,35237,94.0,2.944,3.0,-0.056,0.81662,0.81662,0.0,0.2531120331950207,0.5560538116591929,-0.3029417784641721
41,76,66,35331.0,35237,94.0,35515.0,35512,3.0,36051.0,35991,60.0,4.84,4.776,0.064,1.84108,1.91199,-0.07091,0.5111111111111111,0.7294429708222812,-0.21833185971117
41,77,67,36051.0,35991,60.0,36213.0,36200,13.0,36578.0,36507,71.0,5.584,5.504,0.08,1.74084,1.72128,0.01956,0.6148007590132827,0.810077519379845,-0.1952767603665622
41,78,68,36578.0,36507,71.0,36736.0,36717,19.0,37032.0,36962,70.0,4.184,4.136,0.048,1.30807,1.33252,-0.02445,0.696035242290749,0.9230769230769232,-0.2270416807861741
41,79,69,37032.0,36962,70.0,37201.0,37192,9.0,37591.0,37565,26.0,3.72,3.8,-0.0799999999999996,1.27629,1.27873,-0.0024399999999999,0.6046511627906976,0.7628524046434494,-0.1582012418527517
41,81,70,37662.0,37565,97.0,37785.0,37792,-7.0,38157.0,38071,86.0,1.44,4.8,-3.36,1.5819,1.58924,-0.0073399999999999,0.4969696969696969,0.8972332015810277,-0.4002635046113307
41,82,71,38157.0,38071,86.0,38301.0,38290,11.0,38632.0,38549,83.0,4.128,3.984,0.1440000000000001,1.49632,1.50366,-0.0073399999999999,0.6063157894736841,0.9163179916317992,-0.310002202158115
41,83,72,38632.0,38549,83.0,38728.0,38737,-9.0,39121.0,38945,176.0,3.416,3.576,-0.1600000000000001,1.17359,1.17359,0.0,0.3926380368098159,0.9494949494949496,-0.5568569126851336
41,84,73,39121.0,38945,176.0,39270.0,39258,12.0,39617.0,39554,63.0,4.336,4.168,0.1680000000000001,1.5745299999999998,1.57208,0.0024499999999998,0.6008064516129032,0.9720853858784894,-0.3712789342655861
41,85,74,39617.0,39554,63.0,39758.0,39764,-6.0,40193.0,40131,62.0,3.904,4.048,-0.1440000000000001,1.60878,1.59411,0.0146699999999999,0.4895833333333333,0.7279029462738302,-0.2383196129404968
41,86,75,40193.0,40131,62.0,40351.0,40347,4.0,40616.0,40581,35.0,4.744,4.664,0.08,1.55747,1.60148,-0.0440100000000001,0.7470449172576832,0.96,-0.2129550827423167
41,87,76,40616.0,40581,35.0,40648.0,40701,-53.0,41054.0,40968,86.0,2.376,2.832,-0.4559999999999999,0.320295,0.320295,0.0,0.1461187214611872,0.6201550387596899,-0.4740363172985027
41,88,77,41054.0,40968,86.0,41242.0,41230,12.0,41608.0,41554,54.0,4.752,4.232,0.5199999999999996,1.69929,1.67239,0.0268999999999999,0.6787003610108303,0.89419795221843,-0.2154975912075997
41,89,78,41608.0,41554,54.0,41752.0,41743,9.0,42168.0,42106,62.0,4.08,4.104,-0.024,1.5085499999999998,1.49388,0.0146699999999999,0.5142857142857142,0.6847826086956521,-0.1704968944099378
41,91,79,42247.0,42106,141.0,42349.0,42346,3.0,42725.0,42660,65.0,1.096,4.824,-3.728,1.62595,1.72375,-0.0977999999999998,0.4267782426778242,0.8664259927797834,-0.4396477501019591
41,92,80,42725.0,42660,65.0,42875.0,42860,15.0,43237.0,43169,68.0,4.208,4.112,0.096,1.46944,1.46944,0.0,0.5859375,0.7858546168958742,-0.1999171168958742
41,93,81,43237.0,43169,68.0,43387.0,43379,8.0,43775.0,43703,72.0,4.096,4.152,-0.056,1.57215,1.5746,-0.00245,0.5576208178438662,0.7865168539325843,-0.2288960360887181
41,94,82,43775.0,43703,72.0,43944.0,43933,11.0,44343.0,44182,161.0,4.456,4.432,0.024,1.39124,1.39124,0.0,0.5950704225352113,0.9603340292275574,-0.3652636066923461
41,95,83,44343.0,44182,161.0,44437.0,44424,13.0,44723.0,44662,61.0,3.944,3.928,0.016,1.15893,1.22739,-0.0684599999999999,0.4947368421052631,0.9916666666666668,-0.4969298245614035
41,96,84,44723.0,44662,61.0,44891.0,44881,10.0,45181.0,45122,59.0,3.632,3.656,-0.024,1.37657,1.37657,0.0,0.7336244541484715,0.9521739130434784,-0.2185494588950067
41,97,85,45181.0,45122,59.0,45317.0,45315,2.0,45684.0,45602,82.0,3.408,3.472,-0.064,1.33008,1.33008,0.0,0.5407554671968191,0.8041666666666667,-0.2634111994698476
41,98,86,45684.0,45602,82.0,45835.0,45825,10.0,46233.0,46164,69.0,4.144,4.08,0.064,1.37407,1.39363,-0.0195599999999998,0.5500910746812386,0.7935943060498221,-0.2435032313685834
41,99,87,46233.0,46164,69.0,46358.0,46360,-2.0,46799.0,46640,159.0,4.184,4.28,-0.096,1.40097,1.37407,0.0268999999999999,0.441696113074205,0.8235294117647058,-0.3818332986905008
41,100,88,46799.0,46640,159.0,46952.0,46939,13.0,47372.0,47233,139.0,4.752,4.632,0.1200000000000001,1.49391,1.49147,0.0024399999999999,0.5340314136125655,0.9915682967959528,-0.4575368831833873
41,101,89,47372.0,47233,139.0,47522.0,47517,5.0,47856.0,47710,146.0,4.56,4.624,-0.064,1.38142,1.34963,0.0317899999999999,0.6198347107438016,0.8092243186582809,-0.1893896079144793
41,102,90,47856.0,47710,146.0,48029.0,48008,21.0,48476.0,48420,56.0,4.056,3.928,0.1280000000000001,1.37408,1.4621,-0.0880199999999999,0.5580645161290323,0.8394366197183099,-0.2813721035892775
41,103,91,48476.0,48420,56.0,48627.0,48632,-5.0,49029.0,48971,58.0,4.784,4.992,-0.2080000000000001,1.643,1.61611,0.02689,0.546112115732369,0.7695099818511797,-0.2233978661188107
41,104,92,49029.0,48971,58.0,49205.0,49189,16.0,49557.0,49485,72.0,4.624,4.456,0.1679999999999992,1.65766,1.6601,-0.0024399999999999,0.6666666666666667,0.8482490272373541,-0.1815823605706873
41,105,93,49557.0,49485,72.0,49691.0,49679,12.0,50005.0,49933,72.0,3.888,3.92,-0.032,1.3252000000000002,1.34965,-0.0244499999999998,0.5982142857142857,0.8660714285714286,-0.2678571428571429
41,106,94,50005.0,49933,72.0,50137.0,50122,15.0,50465.0,50405,60.0,3.568,3.544,0.024,1.58682,1.55993,0.0268899999999998,0.5739130434782609,0.8008474576271186,-0.2269344141488577
41,107,95,50465.0,50405,60.0,50608.0,50592,16.0,51016.0,50824,192.0,3.768,3.76,0.008,1.39121,1.40832,-0.0171099999999999,0.5190562613430127,0.8926014319809069,-0.3735451706378941
41,108,96,51016.0,50824,192.0,51158.0,51145,13.0,51462.0,51402,60.0,4.4,4.424,-0.024,1.57461,1.59906,-0.0244499999999998,0.6367713004484306,0.889273356401384,-0.2525020559529535
41,109,97,51462.0,51402,60.0,51550.0,51549,1.0,51862.0,51787,75.0,3.136,3.232,-0.096,0.8875299999999999,0.8875299999999999,0.0,0.4399999999999999,0.7636363636363637,-0.3236363636363637
41,110,98,51862.0,51787,75.0,52006.0,52001,5.0,52391.0,52337,54.0,3.648,3.616,0.032,1.52815,1.47681,0.0513399999999999,0.5444234404536862,0.7781818181818182,-0.233758377728132
41,111,99,52391.0,52337,54.0,52524.0,52517,7.0,52910.0,52841,69.0,4.144,4.128,0.016,1.18338,1.18338,0.0,0.51252408477842,0.7142857142857143,-0.2017616295072942
41,112,100,52910.0,52841,69.0,53041.0,53052,-11.0,53411.0,53336,75.0,4.136,4.28,-0.1440000000000001,1.36676,1.36676,0.0,0.5229540918163673,0.8525252525252525,-0.3295711607088851
41,113,101,53411.0,53336,75.0,53553.0,53582,-29.0,54057.0,53905,152.0,4.096,4.24,-0.1440000000000001,1.25428,1.25428,0.0,0.4396284829721362,0.8646748681898067,-0.4250463852176704
41,114,102,54057.0,53905,152.0,54219.0,54203,16.0,54628.0,54464,164.0,5.328,4.968,0.3600000000000003,1.49144,1.49144,0.0,0.5674255691768826,0.9338103756708408,-0.3663848064939582
41,115,103,54628.0,54464,164.0,54754.0,54747,7.0,55219.0,55147,72.0,4.28,4.352,-0.072,1.44257,1.5257,-0.0831300000000001,0.4263959390862943,0.828696925329429,-0.4023009862431346
41,116,104,55219.0,55147,72.0,55356.0,55342,14.0,55914.0,55617,297.0,4.816,4.76,0.056,1.40343,1.40343,0.0,0.3942446043165467,0.8297872340425532,-0.4355426297260064
41,117,105,55914.0,55617,297.0,56056.0,56042,14.0,56487.0,56400,87.0,5.6,5.6,0.0,1.2445,1.2445,0.0,0.4956369982547993,0.9144316730523628,-0.4187946747975634
41,118,106,56487.0,56400,87.0,56636.0,56623,13.0,57077.0,56979,98.0,4.64,4.648,-0.008,1.44745,1.44745,0.0,0.5050847457627119,0.770293609671848,-0.2652088639091361
41,119,107,57077.0,56979,98.0,57228.0,57225,3.0,57570.0,57510,60.0,4.736,4.816,-0.08,1.161385,1.36432,-0.2029349999999998,0.6125760649087222,0.9265536723163842,-0.313977607407662
41,120,108,57570.0,57510,60.0,57592.0,57583,9.0,57917.0,57823,94.0,2.912,2.864,0.048,0.57212,0.57212,0.0,0.1268011527377521,0.4664536741214057,-0.3396525213836535
41,121,109,57917.0,57823,94.0,58064.0,58057,7.0,58519.0,58449,70.0,3.776,3.792,-0.016,1.50124,1.50124,0.0,0.4883720930232558,0.7476038338658146,-0.2592317408425588
41,123,110,58629.0,58449,180.0,58689.0,58663,26.0,58947.0,58921,26.0,0.568,4.848,-4.28,1.44013,1.48414,-0.0440100000000001,0.3773584905660377,0.9067796610169492,-0.5294211704509114
41,125,111,59012.0,58921,91.0,59069.0,59088,-19.0,59125.0,59298,-173.0,0.712,3.4,-2.688,0.74572,1.1467,-0.40098,0.991150442477876,0.8859416445623343,0.1052087979155418
42,2,1,524.0,337,187.0,614.0,617,-3.0,977.0,775,202.0,3.528,3.496,0.032,1.00048864,1.00048864,0.0,0.3973509933774835,0.7214611872146119,-0.3241101938371284
42,3,2,977.0,775,202.0,1059.0,1069,-10.0,1427.0,1230,197.0,3.56,3.616,-0.056,1.00048864,1.00048864,0.0,0.3644444444444444,0.7076923076923076,-0.3432478632478631
42,4,3,1427.0,1230,197.0,1532.0,1525,7.0,1871.0,1685,186.0,3.784,3.648,0.1359999999999996,1.00048864,1.00048864,0.0,0.472972972972973,0.7032967032967032,-0.2303237303237302
42,5,4,1871.0,1685,186.0,1957.0,1966,-9.0,2328.0,2126,202.0,3.4,3.528,-0.1280000000000001,1.00048864,1.00048864,0.0,0.3763676148796498,0.7256235827664399,-0.34925596788679
42,6,5,2328.0,2126,202.0,2454.0,2462,-8.0,2770.0,2617,153.0,3.976,3.968,0.008,1.00048864,1.00048864,0.0,0.5701357466063348,0.6313645621181263,-0.0612288155117914
42,7,6,2770.0,2617,153.0,2872.0,2867,5.0,3214.0,3017,197.0,3.344,3.24,0.1039999999999996,1.00048864,1.00048864,0.0,0.4594594594594594,0.75,-0.2905405405405405
42,8,7,3214.0,3017,197.0,3303.0,3306,-3.0,3654.0,3585,69.0,3.448,3.512,-0.064,1.00048864,1.00048864,0.0,0.4045454545454545,0.9823943661971832,-0.5778489116517286
42,9,8,3654.0,3585,69.0,3739.0,3743,-4.0,4109.0,3898,211.0,3.488,3.496,-0.008,1.00048864,1.00048864,0.0,0.3736263736263736,0.9904153354632588,-0.6167889618368851
42,10,9,4109.0,3898,211.0,4196.0,4206,-10.0,4548.0,4370,178.0,3.656,3.704,-0.048,1.00048864,1.00048864,0.0,0.3963553530751709,0.6949152542372881,-0.2985599011621171
42,11,10,4548.0,4370,178.0,4638.0,4644,-6.0,4932.0,4881,51.0,3.536,3.504,0.032,1.00048864,1.00048864,0.0,0.46875,0.9275929549902152,-0.4588429549902153
42,12,11,4932.0,4881,51.0,5048.0,5046,2.0,5367.0,5216,151.0,3.28,3.216,0.0639999999999996,1.00048864,1.00048864,0.0,0.5333333333333333,0.9850746268656716,-0.4517412935323383
42,13,12,5367.0,5216,151.0,5453.0,5460,-7.0,5805.0,5615,190.0,3.24,3.312,-0.0719999999999996,1.00048864,1.00048864,0.0,0.3926940639269406,0.7769423558897244,-0.3842482919627837
42,14,13,5805.0,5615,190.0,5890.0,5897,-7.0,6237.0,6047,190.0,3.496,3.496,0.0,1.00048864,1.00048864,0.0,0.3935185185185185,0.6944444444444444,-0.3009259259259259
42,15,14,6237.0,6047,190.0,6333.0,6339,-6.0,6656.0,6495,161.0,3.544,3.536,0.008,1.00048864,1.00048864,0.0,0.4582338902147971,0.6964285714285714,-0.2381946812137743
42,16,15,6656.0,6495,161.0,6775.0,6782,-7.0,7087.0,7025,62.0,3.536,3.544,-0.008,1.00048864,1.00048864,0.0,0.5522041763341068,0.9169811320754716,-0.3647769557413649
42,17,16,7087.0,7025,62.0,7208.0,7215,-7.0,7526.0,7468,58.0,3.464,3.464,0.0,1.00048864,1.00048864,0.0,0.55125284738041,0.8577878103837472,-0.3065349630033371
42,18,17,7526.0,7468,58.0,7648.0,7644,4.0,7963.0,7898,65.0,3.52,3.432,0.088,1.00048864,1.00048864,0.0,0.5583524027459954,0.8186046511627907,-0.2602522484167953
42,19,18,7963.0,7898,65.0,8068.0,8063,5.0,8406.0,8234,172.0,3.36,3.352,0.008,1.00048864,1.00048864,0.0,0.4740406320541761,0.9821428571428572,-0.508102225088681
42,20,19,8406.0,8234,172.0,8523.0,8507,16.0,8790.0,8744,46.0,3.64,3.552,0.088,1.00048864,1.00048864,0.0,0.609375,0.9294117647058824,-0.3200367647058824
42,22,20,8840.0,8744,96.0,8921.0,8926,-5.0,9223.0,9153,70.0,0.928,3.352,-2.424,1.00048864,1.00048864,0.0,0.422976501305483,0.8899755501222494,-0.4669990488167663
42,23,21,9223.0,9153,70.0,9348.0,9353,-5.0,9665.0,9606,59.0,3.416,3.416,0.0,1.00048864,1.00048864,0.0,0.5656108597285068,0.8830022075055187,-0.3173913477770119
42,24,22,9665.0,9606,59.0,9779.0,9786,-7.0,10091.0,10033,58.0,3.448,3.464,-0.016,1.00048864,1.00048864,0.0,0.5352112676056338,0.8430913348946136,-0.3078800672889799
42,25,23,10091.0,10033,58.0,10177.0,10179,-2.0,10526.0,10446,80.0,3.184,3.144,0.04,1.00048864,1.00048864,0.0,0.3954022988505747,0.7070217917675545,-0.3116194929169797
42,26,24,10526.0,10446,80.0,10611.0,10620,-9.0,10949.0,10769,180.0,3.472,3.528,-0.056,1.00048864,1.00048864,0.0,0.4018912529550827,0.9226006191950464,-0.5207093662399637
42,27,25,10949.0,10769,180.0,11042.0,11049,-7.0,11362.0,11197,165.0,3.448,3.432,0.016,1.00048864,1.00048864,0.0,0.450363196125908,0.691588785046729,-0.241225588920821
42,28,26,11362.0,11197,165.0,11466.0,11459,7.0,11795.0,11611,184.0,3.392,3.28,0.1120000000000001,1.00048864,1.00048864,0.0,0.4803695150115473,0.7342995169082125,-0.2539300018966651
42,29,27,11795.0,11611,184.0,11899.0,11896,3.0,12193.0,12054,139.0,3.464,3.496,-0.032,1.00048864,1.00048864,0.0,0.5226130653266332,0.7133182844243793,-0.190705219097746
42,30,28,12193.0,12054,139.0,12303.0,12308,-5.0,12625.0,12577,48.0,3.232,3.296,-0.0639999999999996,1.00048864,1.00048864,0.0,0.5092592592592593,0.97131931166348,-0.4620600524042206
42,32,29,12666.0,12577,89.0,12752.0,12756,-4.0,13053.0,12992,61.0,0.8,3.584,-2.784,1.00048864,1.00048864,0.0,0.4444444444444444,0.8626506024096385,-0.4182061579651941
42,33,30,13053.0,12992,61.0,13166.0,13169,-3.0,13485.0,13428,57.0,3.312,3.304,0.008,1.00048864,1.00048864,0.0,0.5231481481481481,0.8119266055045872,-0.288778457356439
42,34,31,13485.0,13428,57.0,13587.0,13581,6.0,13915.0,13736,179.0,3.368,3.296,0.072,1.00048864,1.00048864,0.0,0.4744186046511628,0.9935064935064936,-0.5190878888553307
42,35,32,13915.0,13736,179.0,14007.0,14011,-4.0,14321.0,14271,50.0,3.36,3.44,-0.08,1.00048864,1.00048864,0.0,0.4532019704433497,0.97196261682243,-0.5187606463790801
42,36,33,14321.0,14271,50.0,14431.0,14437,-6.0,14746.0,14687,59.0,3.392,3.408,-0.016,1.00048864,1.00048864,0.0,0.5176470588235293,0.7980769230769231,-0.2804298642533938
42,37,34,14746.0,14687,59.0,14848.0,14849,-1.0,15208.0,15014,194.0,3.336,3.296,0.04,1.00048864,1.00048864,0.0,0.4415584415584416,0.9908256880733946,-0.549267246514953
42,38,35,15208.0,15014,194.0,15334.0,15341,-7.0,15681.0,15490,191.0,3.888,3.936,-0.048,1.00048864,1.00048864,0.0,0.53276955602537,0.6260504201680672,-0.0932808641426972
42,39,36,15681.0,15490,191.0,15780.0,15788,-8.0,16149.0,15938,211.0,3.568,3.576,-0.008,1.00048864,1.00048864,0.0,0.4230769230769231,0.6696428571428572,-0.246565934065934
42,40,37,16149.0,15938,211.0,16245.0,16256,-11.0,16612.0,16410,202.0,3.72,3.744,-0.024,1.00048864,1.00048864,0.0,0.4146868250539957,0.652542372881356,-0.2378555478273603
42,41,38,16612.0,16410,202.0,16703.0,16704,-1.0,16997.0,16853,144.0,3.664,3.584,0.08,1.00048864,1.00048864,0.0,0.4727272727272728,0.672686230248307,-0.1999589575210342
42,42,39,16997.0,16853,144.0,17109.0,17101,8.0,17442.0,17257,185.0,3.248,3.176,0.072,1.00048864,1.00048864,0.0,0.503370786516854,0.7722772277227723,-0.2689064412059183
42,43,40,17442.0,17257,185.0,17556.0,17552,4.0,17902.0,17721,181.0,3.576,3.608,-0.032,1.00048864,1.00048864,0.0,0.4956521739130435,0.728448275862069,-0.2327961019490254
42,45,41,17966.0,17721,245.0,18040.0,18051,-11.0,18367.0,18204,163.0,0.728,3.992,-3.264,1.00048864,1.00048864,0.0,0.3690773067331671,0.6335403726708074,-0.2644630659376403
42,46,42,18367.0,18204,163.0,18492.0,18499,-7.0,18821.0,18663,158.0,3.616,3.584,0.032,1.00048864,1.00048864,0.0,0.5506607929515419,0.7145969498910676,-0.1639361569395256
42,48,43,18885.0,18663,222.0,18966.0,18975,-9.0,19280.0,19177,103.0,0.944,3.808,-2.864,1.00048864,1.00048864,0.0,0.410126582278481,0.7859922178988327,-0.3758656356203517
42,50,44,19326.0,19177,149.0,19411.0,19421,-10.0,19730.0,19617,113.0,0.848,3.568,-2.72,1.00048864,1.00048864,0.0,0.4207920792079208,0.8909090909090909,-0.47011701170117
42,51,45,19730.0,19617,113.0,19862.0,19872,-10.0,20169.0,20108,61.0,3.608,3.608,0.0,1.00048864,1.00048864,0.0,0.601366742596811,0.9613034623217924,-0.3599367197249813
42,52,46,20169.0,20108,61.0,20285.0,20271,14.0,20547.0,20491,56.0,3.384,3.192,0.1919999999999997,1.00048864,1.00048864,0.0,0.6137566137566137,0.8511749347258486,-0.2374183209692348
42,53,47,20547.0,20491,56.0,20667.0,20681,-14.0,20990.0,20844,146.0,3.056,3.28,-0.2239999999999997,1.00048864,1.00048864,0.0,0.5417607223476297,0.923512747875354,-0.3817520255277243
42,54,48,20990.0,20844,146.0,21105.0,21110,-5.0,21415.0,21355,60.0,3.504,3.432,0.072,1.00048864,1.00048864,0.0,0.5411764705882354,0.9589041095890412,-0.4177276390008058
42,55,49,21415.0,21355,60.0,21511.0,21512,-1.0,21850.0,21670,180.0,3.248,3.216,0.032,1.00048864,1.00048864,0.0,0.4413793103448276,0.9968253968253968,-0.5554460864805693
42,56,50,21850.0,21670,180.0,21946.0,21947,-1.0,22227.0,22166,61.0,3.48,3.48,0.0,1.00048864,1.00048864,0.0,0.5092838196286472,0.8830645161290323,-0.373780696500385
42,57,51,22227.0,22166,61.0,22323.0,22320,3.0,22652.0,22472,180.0,3.016,2.984,0.032,1.00048864,1.00048864,0.0,0.4517647058823529,0.9934640522875816,-0.5416993464052288
42,58,52,22652.0,22472,180.0,22742.0,22748,-6.0,23050.0,22895,155.0,3.352,3.424,-0.072,1.00048864,1.00048864,0.0,0.4522613065326633,0.6950354609929078,-0.2427741544602445
42,59,53,23050.0,22895,155.0,23157.0,23160,-3.0,23494.0,23313,181.0,3.32,3.296,0.024,1.00048864,1.00048864,0.0,0.4819819819819819,0.7320574162679425,-0.2500754342859606
42,60,54,23494.0,23313,181.0,23620.0,23627,-7.0,23937.0,23880,57.0,3.704,3.736,-0.032,1.00048864,1.00048864,0.0,0.5688487584650113,0.8924162257495591,-0.3235674672845479
42,61,55,23937.0,23880,57.0,24055.0,24064,-9.0,24378.0,24321,57.0,3.48,3.496,-0.016,1.00048864,1.00048864,0.0,0.5351473922902494,0.8344671201814059,-0.2993197278911564
42,62,56,24378.0,24321,57.0,24491.0,24492,-1.0,24808.0,24748,60.0,3.488,3.424,0.064,1.00048864,1.00048864,0.0,0.5255813953488372,0.8009367681498829,-0.2753553728010457
42,63,57,24808.0,24748,60.0,24915.0,24910,5.0,25221.0,25084,137.0,3.392,3.344,0.048,1.00048864,1.00048864,0.0,0.5181598062953996,0.9642857142857144,-0.4461259079903147
42,64,58,25221.0,25084,137.0,25323.0,25328,-5.0,25613.0,25547,66.0,3.264,3.344,-0.08,1.00048864,1.00048864,0.0,0.5204081632653061,0.9460043196544276,-0.4255961563891215
42,65,59,25613.0,25547,66.0,25720.0,25730,-10.0,26061.0,26000,61.0,3.176,3.216,-0.04,1.00048864,1.00048864,0.0,0.4776785714285714,0.8079470198675497,-0.3302684484389783
42,66,60,26061.0,26000,61.0,26159.0,26175,-16.0,26498.0,26442,56.0,3.512,3.56,-0.048,1.00048864,1.00048864,0.0,0.448512585812357,0.7918552036199095,-0.3433426178075525
42,67,61,26498.0,26442,56.0,26588.0,26590,-2.0,26901.0,26737,164.0,3.432,3.32,0.1120000000000001,1.00048864,1.00048864,0.0,0.4466501240694789,0.9966101694915256,-0.5499600454220466
42,68,62,26901.0,26737,164.0,27009.0,27015,-6.0,27329.0,27176,153.0,3.368,3.4,-0.032,1.00048864,1.00048864,0.0,0.5046728971962617,0.7334851936218678,-0.228812296425606
42,69,63,27329.0,27176,153.0,27449.0,27458,-9.0,27792.0,27636,156.0,3.52,3.544,-0.024,1.00048864,1.00048864,0.0,0.5183585313174945,0.7739130434782608,-0.2555545121607663
42,71,64,27833.0,27636,197.0,27914.0,27924,-10.0,28285.0,28084,201.0,0.848,3.728,-2.8800000000000003,1.00048864,1.00048864,0.0,0.3584070796460177,0.7142857142857143,-0.3558786346396966
42,72,65,28285.0,28084,201.0,28373.0,28379,-6.0,28692.0,28559,133.0,3.672,3.64,0.032,1.00048864,1.00048864,0.0,0.4324324324324324,0.7578947368421053,-0.3254623044096728
42,74,66,28719.0,28559,160.0,28808.0,28813,-5.0,29144.0,29089,55.0,0.896,3.472,-2.576,1.00048864,1.00048864,0.0,0.4188235294117647,0.958490566037736,-0.5396670366259712
42,76,67,29165.0,29089,76.0,29255.0,29263,-8.0,29585.0,29413,172.0,0.88,3.6,-2.72,1.00048864,1.00048864,0.0,0.4285714285714286,0.925925925925926,-0.4973544973544973
42,77,68,29585.0,29413,172.0,29697.0,29703,-6.0,30015.0,29957,58.0,3.536,3.52,0.016,1.00048864,1.00048864,0.0,0.5209302325581395,0.9338235294117648,-0.4128932968536252
42,78,69,30015.0,29957,58.0,30130.0,30133,-3.0,30456.0,30397,59.0,3.464,3.44,0.024,1.00048864,1.00048864,0.0,0.5215419501133787,0.8,-0.2784580498866214
42,79,70,30456.0,30397,59.0,30571.0,30575,-4.0,30900.0,30733,167.0,3.528,3.536,-0.008,1.00048864,1.00048864,0.0,0.5180180180180181,0.9404761904761904,-0.4224581724581724
42,80,71,30900.0,30733,167.0,31013.0,31007,6.0,31341.0,31279,62.0,3.536,3.456,0.08,1.00048864,1.00048864,0.0,0.5124716553287982,0.9963369963369964,-0.4838653410081981
42,81,72,31341.0,31279,62.0,31429.0,31434,-5.0,31726.0,31662,64.0,3.328,3.416,-0.088,1.00048864,1.00048864,0.0,0.4571428571428572,0.8093994778067886,-0.3522566206639314
42,82,73,31726.0,31662,64.0,31838.0,31846,-8.0,32175.0,31998,177.0,3.272,3.296,-0.024,1.00048864,1.00048864,0.0,0.4988864142538975,0.9047619047619048,-0.4058754905080072
42,83,74,32175.0,31998,177.0,32294.0,32301,-7.0,32623.0,32455,168.0,3.648,3.64,0.008,1.00048864,1.00048864,0.0,0.53125,0.6739606126914661,-0.1427106126914661
42,84,75,32623.0,32455,168.0,32734.0,32740,-6.0,33056.0,32898,158.0,3.52,3.512,0.008,1.00048864,1.00048864,0.0,0.5127020785219399,0.7133182844243793,-0.2006162059024393
42,85,76,33056.0,32898,158.0,33147.0,33148,-1.0,33488.0,33294,194.0,3.304,3.264,0.04,1.00048864,1.00048864,0.0,0.4212962962962963,0.7373737373737373,-0.316077441077441
42,86,77,33488.0,33294,194.0,33578.0,33586,-8.0,33951.0,33738,213.0,3.448,3.504,-0.056,1.00048864,1.00048864,0.0,0.3887688984881209,0.6846846846846847,-0.2959157861965638
42,87,78,33951.0,33738,213.0,34043.0,34052,-9.0,34405.0,34221,184.0,3.72,3.728,-0.008,1.00048864,1.00048864,0.0,0.4052863436123348,0.6997929606625259,-0.2945066170501911
42,88,79,34405.0,34221,184.0,34519.0,34511,8.0,34844.0,34674,170.0,3.808,3.672,0.1359999999999996,1.00048864,1.00048864,0.0,0.5193621867881548,0.7196467991169978,-0.2002846123288429
42,89,80,34844.0,34674,170.0,34951.0,34953,-2.0,35300.0,35126,174.0,3.456,3.536,-0.08,1.00048864,1.00048864,0.0,0.4692982456140351,0.7654867256637168,-0.2961884800496817
42,90,81,35300.0,35126,174.0,35400.0,35402,-2.0,35748.0,35560,188.0,3.592,3.592,0.0,1.00048864,1.00048864,0.0,0.4464285714285714,0.728110599078341,-0.2816820276497696
42,91,82,35748.0,35560,188.0,35836.0,35840,-4.0,36203.0,35986,217.0,3.488,3.504,-0.016,1.00048864,1.00048864,0.0,0.3868131868131867,0.6854460093896714,-0.2986328225764846
42,92,83,36203.0,35986,217.0,36310.0,36309,1.0,36661.0,36464,197.0,3.792,3.752,0.04,1.00048864,1.00048864,0.0,0.4672489082969432,0.6485355648535565,-0.1812866565566132
42,93,84,36661.0,36464,197.0,36773.0,36766,7.0,37041.0,36940,101.0,3.704,3.656,0.048,1.00048864,1.00048864,0.0,0.5894736842105264,0.73109243697479,-0.1416187527642636
42,94,85,37041.0,36940,101.0,37164.0,37170,-6.0,37497.0,37329,168.0,3.128,3.232,-0.104,1.00048864,1.00048864,0.0,0.5394736842105263,0.8174807197943444,-0.2780070355838181
42,95,86,37497.0,37329,168.0,37629.0,37638,-9.0,37935.0,37856,79.0,3.72,3.744,-0.024,0.988517,1.00048864,-0.0119716399999999,0.6027397260273972,0.8273244781783682,-0.2245847521509709
42,96,87,37935.0,37856,79.0,38057.0,38064,-7.0,38375.0,38305,70.0,3.424,3.408,0.016,1.00048864,1.00048864,0.0,0.5545454545454546,0.9265033407572384,-0.3719578862117837
42,97,88,38375.0,38305,70.0,38474.0,38470,4.0,38812.0,38632,180.0,3.336,3.248,0.0879999999999996,1.00048864,1.00048864,0.0,0.4530892448512585,0.9908256880733946,-0.537736443222136
42,98,89,38812.0,38632,180.0,38898.0,38907,-9.0,39246.0,39066,180.0,3.392,3.496,-0.104,1.00048864,1.00048864,0.0,0.3963133640552995,0.7327188940092166,-0.3364055299539171
42,99,90,39246.0,39066,180.0,39333.0,39339,-6.0,39642.0,39570,72.0,3.48,3.456,0.024,1.00048864,1.00048864,0.0,0.4393939393939394,0.9166666666666666,-0.4772727272727272
42,100,91,39642.0,39570,72.0,39771.0,39780,-9.0,40093.0,39988,105.0,3.504,3.528,-0.024,1.00048864,1.00048864,0.0,0.5720620842572062,0.9952153110047848,-0.4231532267475785
42,102,92,40146.0,39988,158.0,40224.0,40232,-8.0,40550.0,40397,153.0,0.872,3.616,-2.744,1.00048864,1.00048864,0.0,0.3861386138613861,0.8068459657701712,-0.420707351908785
42,104,93,40578.0,40397,181.0,40669.0,40678,-9.0,40969.0,40909,60.0,0.808,3.568,-2.76,1.00048864,1.00048864,0.0,0.4654731457800511,0.90234375,-0.4368706042199488
42,105,94,40969.0,40909,60.0,41078.0,41073,5.0,41385.0,41321,64.0,3.272,3.16,0.1119999999999996,1.00048864,1.00048864,0.0,0.5240384615384616,0.7961165048543689,-0.2720780433159073
42,106,95,41385.0,41321,64.0,41480.0,41484,-4.0,41798.0,41739,59.0,3.216,3.288,-0.0719999999999996,1.00048864,1.00048864,0.0,0.4600484261501211,0.7799043062200957,-0.3198558800699745
42,107,96,41798.0,41739,59.0,41921.0,41929,-8.0,42263.0,42081,182.0,3.528,3.56,-0.032,1.00048864,1.00048864,0.0,0.5290322580645161,0.8888888888888888,-0.3598566308243727
42,108,97,42263.0,42081,182.0,42372.0,42381,-9.0,42736.0,42532,204.0,3.608,3.616,-0.008,1.00048864,1.00048864,0.0,0.4608879492600423,0.6696230598669624,-0.20873511060692
42,109,98,42736.0,42532,204.0,42832.0,42840,-8.0,43158.0,42999,159.0,3.68,3.672,0.008,1.00048864,1.00048864,0.0,0.4549763033175356,0.6809421841541756,-0.22596588083664
42,110,99,43158.0,42999,159.0,43269.0,43275,-6.0,43588.0,43421,167.0,3.496,3.48,0.016,1.00048864,1.00048864,0.0,0.5162790697674419,0.6919431279620853,-0.1756640581946434
42,111,100,43588.0,43421,167.0,43710.0,43721,-11.0,44029.0,43872,157.0,3.528,3.568,-0.04,1.00048864,1.00048864,0.0,0.5532879818594104,0.6696230598669624,-0.1163350780075519
42,112,101,44029.0,43872,157.0,44142.0,44140,2.0,44461.0,44294,167.0,3.456,3.352,0.104,1.00048864,1.00048864,0.0,0.5231481481481481,0.7298578199052133,-0.2067096717570651
42,113,102,44461.0,44294,167.0,44547.0,44554,-7.0,44904.0,44718,186.0,3.24,3.312,-0.0719999999999996,1.00048864,1.00048864,0.0,0.3882618510158013,0.7735849056603774,-0.385323054644576
42,114,103,44904.0,44718,186.0,44989.0,44996,-7.0,45287.0,45227,60.0,3.536,3.536,0.0,1.00048864,1.00048864,0.0,0.443864229765013,0.9076620825147348,-0.4637978527497217
42,115,104,45287.0,45227,60.0,45394.0,45379,15.0,45651.0,45584,67.0,3.24,3.064,0.1760000000000001,1.00048864,1.00048864,0.0,0.5879120879120879,0.8515406162464986,-0.2636285283344106
42,116,105,45651.0,45584,67.0,45771.0,45776,-5.0,46086.0,46025,61.0,3.016,3.176,-0.1600000000000001,1.00048864,1.00048864,0.0,0.5517241379310345,0.8707482993197279,-0.3190241613886934
42,117,106,46086.0,46025,61.0,46200.0,46197,3.0,46524.0,46461,63.0,3.432,3.368,0.064,1.00048864,1.00048864,0.0,0.5205479452054795,0.7889908256880733,-0.2684428804825938
42,118,107,46524.0,46461,63.0,46628.0,46624,4.0,46956.0,46792,164.0,3.424,3.416,0.008,1.00048864,1.00048864,0.0,0.4814814814814815,0.9848942598187312,-0.5034127783372496
42,119,108,46956.0,46792,164.0,47044.0,47048,-4.0,47347.0,47287,60.0,3.328,3.392,-0.064,1.00048864,1.00048864,0.0,0.4501278772378516,0.9656565656565655,-0.515528688418714
42,120,109,47347.0,47287,60.0,47466.0,47473,-7.0,47800.0,47631,169.0,3.376,3.4,-0.024,1.00048864,1.00048864,0.0,0.5253863134657837,0.9186046511627908,-0.393218337697007
42,121,110,47800.0,47631,169.0,47921.0,47928,-7.0,48220.0,48161,59.0,3.64,3.64,0.0,1.00048864,1.00048864,0.0,0.5761904761904761,0.879245283018868,-0.3030548068283918
42,122,111,48220.0,48161,59.0,48313.0,48313,0.0,48611.0,48561,50.0,3.136,3.08,0.056,1.00048864,1.00048864,0.0,0.4757033248081841,0.76,-0.2842966751918159
42,123,112,48611.0,48561,50.0,48733.0,48738,-5.0,49038.0,48975,63.0,3.36,3.4,-0.04,1.00048864,1.00048864,0.0,0.5714285714285714,0.855072463768116,-0.2836438923395445
42,124,113,49038.0,48975,63.0,49152.0,49157,-5.0,49463.0,49406,57.0,3.352,3.352,0.0,1.00048864,1.00048864,0.0,0.5364705882352941,0.8445475638051044,-0.3080769755698103
42,125,114,49463.0,49406,57.0,49557.0,49565,-8.0,49911.0,49720,191.0,3.24,3.264,-0.0239999999999995,1.00048864,1.00048864,0.0,0.4196428571428571,0.9872611464968152,-0.5676182893539582
42,126,115,49911.0,49720,191.0,50004.0,50015,-11.0,50367.0,50171,196.0,3.576,3.6,-0.024,1.00048864,1.00048864,0.0,0.4078947368421053,0.6917960088691796,-0.2839012720270742
42,127,116,50367.0,50171,196.0,50462.0,50469,-7.0,50793.0,50625,168.0,3.664,3.632,0.032,1.00048864,1.00048864,0.0,0.4460093896713615,0.6872246696035242,-0.2412152799321627
42,128,117,50793.0,50625,168.0,50902.0,50912,-10.0,51283.0,51064,219.0,3.52,3.544,-0.024,1.00048864,1.00048864,0.0,0.4448979591836735,0.6924829157175398,-0.2475849565338663
42,129,118,51283.0,51064,219.0,51378.0,51391,-13.0,51747.0,51559,188.0,3.808,3.832,-0.024,1.00048864,1.00048864,0.0,0.4094827586206896,0.6787878787878787,-0.2693051201671891
42,130,119,51747.0,51559,188.0,51866.0,51861,5.0,52119.0,52041,78.0,3.904,3.76,0.1440000000000001,1.00048864,1.00048864,0.0,0.6397849462365591,0.7468879668049793,-0.1071030205684201
42,131,120,52119.0,52041,78.0,52238.0,52244,-6.0,52556.0,52408,148.0,2.976,3.064,-0.088,1.00048864,1.00048864,0.0,0.5446224256292906,0.8937329700272479,-0.3491105443979573
42,132,121,52556.0,52408,148.0,52681.0,52690,-9.0,52998.0,52939,59.0,3.544,3.568,-0.024,1.00048864,1.00048864,0.0,0.5656108597285068,0.9378531073446328,-0.372242247616126
42,133,122,52998.0,52939,59.0,53107.0,53105,2.0,53435.0,53369,66.0,3.408,3.32,0.088,1.00048864,1.00048864,0.0,0.4988558352402745,0.772093023255814,-0.2732371880155394
42,134,123,53435.0,53369,66.0,53547.0,53545,2.0,53872.0,53813,59.0,3.52,3.52,0.0,1.00048864,1.00048864,0.0,0.5125858123569794,0.7927927927927928,-0.2802069804358134
42,135,124,53872.0,53813,59.0,53958.0,53966,-8.0,54328.0,54122,206.0,3.288,3.368,-0.08,1.00048864,1.00048864,0.0,0.3771929824561403,0.9902912621359224,-0.613098279679782
42,136,125,54328.0,54122,206.0,54429.0,54437,-8.0,54804.0,54608,196.0,3.768,3.768,0.0,1.00048864,1.00048864,0.0,0.4243697478991597,0.7037037037037037,-0.279333955804544
42,137,126,54804.0,54608,196.0,54927.0,54939,-12.0,55264.0,55091,173.0,3.984,4.016,-0.032,1.00048864,1.00048864,0.0,0.5347826086956522,0.629399585921325,-0.0946169772256728
42,138,127,55264.0,55091,173.0,55377.0,55383,-6.0,55678.0,55619,59.0,3.6,3.552,0.048,1.00048864,1.00048864,0.0,0.5458937198067633,0.8939393939393939,-0.3480456741326306
42,139,128,55678.0,55619,59.0,55778.0,55775,3.0,56089.0,55932,157.0,3.208,3.136,0.072,1.00048864,1.00048864,0.0,0.48661800486618,0.9968051118210862,-0.5101871069549062
42,140,129,56089.0,55932,157.0,56185.0,56189,-4.0,56477.0,56419,58.0,3.256,3.312,-0.056,1.00048864,1.00048864,0.0,0.4948453608247423,0.944558521560575,-0.4497131607358327
42,141,130,56477.0,56419,58.0,56566.0,56567,-1.0,56862.0,56803,59.0,3.048,3.024,0.024,1.00048864,1.00048864,0.0,0.4623376623376624,0.7708333333333334,-0.308495670995671
42,142,131,56862.0,56803,59.0,56982.0,56988,-6.0,57293.0,57234,59.0,3.328,3.368,-0.04,1.00048864,1.00048864,0.0,0.5568445475638051,0.8584686774941995,-0.3016241299303944
42,143,132,57293.0,57234,59.0,57405.0,57406,-1.0,57719.0,57563,156.0,3.384,3.344,0.04,1.00048864,1.00048864,0.0,0.5258215962441315,0.9544072948328268,-0.4285856985886952
42,144,133,57719.0,57563,156.0,57806.0,57820,-14.0,58178.0,57978,200.0,3.208,3.312,-0.1039999999999996,1.00048864,1.00048864,0.0,0.3790849673202614,0.7614457831325301,-0.3823608158122686
42,145,134,58178.0,57978,200.0,58295.0,58300,-5.0,58629.0,58470,159.0,3.912,3.84,0.072,1.00048864,1.00048864,0.0,0.5188470066518847,0.6910569105691057,-0.172209903917221
42,146,135,58629.0,58470,159.0,58744.0,58749,-5.0,59081.0,59022,59.0,3.592,3.592,0.0,1.00048864,1.00048864,0.0,0.5088495575221239,0.9891304347826086,-0.4802808772604847
42,147,136,59081.0,59022,59.0,59203.0,59212,-9.0,59520.0,59458,62.0,3.672,3.704,-0.032,1.00048864,1.00048864,0.0,0.5558086560364465,0.8715596330275229,-0.3157509769910764
42,148,137,59520.0,59458,62.0,59639.0,59645,-6.0,59969.0,59827,142.0,3.488,3.464,0.024,1.00048864,1.00048864,0.0,0.5300668151447662,0.986449864498645,-0.4563830493538788
43,3,1,431.0,291,140.0,568.0,553,15.0,862.0,728,134.0,3.648,3.608,0.04,0.938419,0.900296,0.038123,0.6357308584686775,0.8009153318077803,-0.1651844733391028
43,4,2,862.0,728,134.0,996.0,995,1.0,1291.0,1173,118.0,3.424,3.536,-0.1120000000000001,0.912999,0.928639,-0.0156400000000001,0.6247086247086246,0.8,-0.1752913752913754
43,5,3,1291.0,1173,118.0,1423.0,1448,-25.0,1789.0,1622,167.0,3.416,3.624,-0.2080000000000001,0.917889,0.933529,-0.0156400000000001,0.5301204819277108,0.7750556792873051,-0.2449351973595943
43,6,4,1789.0,1622,167.0,1914.0,1927,-13.0,2286.0,2109,177.0,3.928,3.832,0.096,0.89052,0.8944300000000001,-0.00391,0.5030181086519114,0.7474332648870636,-0.2444151562351522
43,7,5,2286.0,2109,177.0,2417.0,2424,-7.0,2711.0,2607,104.0,4.024,3.976,0.048,0.913001,0.913001,0.0,0.6164705882352941,0.7349397590361446,-0.1184691708008505
43,8,6,2711.0,2607,104.0,2839.0,2860,-21.0,3185.0,3041,144.0,3.376,3.488,-0.1120000000000001,0.900293,0.900293,0.0,0.5400843881856541,0.8341013824884793,-0.2940169943028252
43,10,7,3293.0,3041,252.0,3317.0,3321,-4.0,3694.0,3494,200.0,0.328,3.688,-3.3600000000000003,0.939394,0.89932,0.0400739999999999,0.1197007481296758,0.7637969094922737,-0.644096161362598
43,12,8,3795.0,3494,301.0,3823.0,3827,-4.0,4110.0,4014,96.0,0.368,4.048,-3.68,0.902248,0.939394,-0.037146,0.1777777777777778,0.7192307692307692,-0.5414529914529914
43,13,9,4110.0,4014,96.0,4249.0,4253,-4.0,4544.0,4443,101.0,3.408,3.408,0.0,0.915934,0.915934,0.0,0.6405529953917051,0.8857808857808858,-0.2452278903891807
43,14,10,4544.0,4443,101.0,4671.0,4683,-12.0,4963.0,4877,86.0,3.376,3.44,-0.064,0.907136,0.907136,0.0,0.6062052505966586,0.8940092165898618,-0.2878039659932031
43,15,11,4963.0,4877,86.0,5090.0,5100,-10.0,5386.0,5280,106.0,3.352,3.336,0.016,0.938416,0.938416,0.0,0.6004728132387707,0.8933002481389578,-0.2928274349001871
43,16,12,5386.0,5280,106.0,5523.0,5532,-9.0,5814.0,5700,114.0,3.464,3.456,0.008,0.925709,0.925709,0.0,0.6401869158878505,0.8,-0.1598130841121495
43,17,13,5814.0,5700,114.0,5938.0,5936,2.0,6232.0,6109,123.0,3.32,3.232,0.0879999999999996,0.955034,0.950147,0.004887,0.5933014354066986,0.8459657701711492,-0.2526643347644506
43,18,14,6232.0,6109,123.0,6358.0,6355,3.0,6656.0,6532,124.0,3.36,3.352,0.008,0.932551,0.955034,-0.022483,0.5943396226415094,0.8368794326241135,-0.242539809982604
43,19,15,6656.0,6532,124.0,6783.0,6785,-2.0,7079.0,6965,114.0,3.4,3.44,-0.04,0.914956,0.932551,-0.017595,0.6004728132387707,0.8314087759815243,-0.2309359627427536
43,20,16,7079.0,6965,114.0,7209.0,7224,-15.0,7478.0,7402,76.0,3.408,3.512,-0.104,0.933529,0.933529,0.0,0.6516290726817042,0.8146453089244852,-0.1630162362427809
43,22,17,7604.0,7402,202.0,7609.0,7587,22.0,7885.0,7763,122.0,0.352,2.904,-2.552,0.921794,0.921794,0.0,0.0355871886120996,0.9750692520775625,-0.9394820634654628
43,23,18,7885.0,7763,122.0,7994.0,7998,-4.0,8276.0,8246,30.0,3.08,3.288,-0.2079999999999997,0.9511199,0.9511199,0.0,0.5575447570332481,0.9730848861283644,-0.4155401290951163
43,24,19,8276.0,8246,30.0,8316.0,8343,-27.0,8624.0,8452,172.0,2.576,2.76,-0.1839999999999997,0.20039,0.292277,-0.091887,0.2298850574712644,0.941747572815534,-0.7118625153442696
43,25,20,8624.0,8452,172.0,8758.0,8769,-11.0,9062.0,8948,114.0,3.536,3.408,0.1280000000000001,0.893448,0.893448,0.0,0.6118721461187215,0.7217741935483871,-0.1099020474296655
43,26,21,9062.0,8948,114.0,9192.0,9214,-22.0,9533.0,9402,131.0,3.472,3.56,-0.088,0.88759,0.87879,0.0088,0.5520169851380042,0.8281938325991189,-0.2761768474611147
43,27,22,9533.0,9402,131.0,9655.0,9666,-11.0,9957.0,9857,100.0,3.704,3.616,0.088,0.909091,0.909091,0.0,0.5754716981132075,0.8395604395604396,-0.264088741447232
43,28,23,9957.0,9857,100.0,10092.0,10103,-11.0,10381.0,10284,97.0,3.496,3.496,0.0,0.945259,0.945259,0.0,0.6367924528301887,0.8477751756440282,-0.2109827228138394
43,29,24,10381.0,10284,97.0,10501.0,10507,-6.0,10759.0,10675,84.0,3.272,3.232,0.0399999999999995,0.907136,0.899316,0.0078199999999999,0.6349206349206349,0.8593350383631714,-0.2244144034425365
43,30,25,10759.0,10675,84.0,10887.0,10885,2.0,11151.0,11073,78.0,3.088,3.024,0.064,0.913978,0.942326,-0.028348,0.653061224489796,0.9447236180904522,-0.2916623936006562
43,31,26,11151.0,11073,78.0,11296.0,11296,0.0,11638.0,11467,171.0,3.272,3.288,-0.016,0.935484,0.913978,0.021506,0.5954825462012321,0.868020304568528,-0.2725377583672959
43,32,27,11638.0,11467,171.0,11764.0,11782,-18.0,12108.0,11969,139.0,3.744,3.888,-0.1439999999999996,0.916911,0.935484,-0.0185729999999999,0.5361702127659574,0.7450199203187251,-0.2088497075527676
43,33,28,12108.0,11969,139.0,12227.0,12248,-21.0,12533.0,12427,106.0,3.704,3.728,-0.024,0.81721,0.831868,-0.014658,0.56,0.7816593886462881,-0.2216593886462881
43,34,29,12533.0,12427,106.0,12660.0,12674,-14.0,13054.0,12859,195.0,3.464,3.408,0.056,0.911046,0.911046,0.0,0.4875239923224568,0.8564814814814815,-0.3689574891590247
43,35,30,13054.0,12859,195.0,13156.0,13184,-28.0,13480.0,13393,87.0,3.968,4.08,-0.1120000000000001,0.933529,0.917889,0.0156400000000001,0.4788732394366197,0.7827715355805244,-0.3038982961439046
43,36,31,13480.0,13393,87.0,13618.0,13613,5.0,13930.0,13805,125.0,3.696,3.432,0.2640000000000002,0.89932,0.933529,-0.034209,0.6133333333333333,0.9320388349514565,-0.318705501618123
43,37,32,13930.0,13805,125.0,14058.0,14064,-6.0,14378.0,14248,130.0,3.52,3.608,-0.088,0.88661,0.89932,-0.0127099999999999,0.5714285714285714,0.8306997742663657,-0.2592712028377942
43,39,33,14548.0,14248,300.0,14551.0,14551,0.0,14860.0,14737,123.0,0.432,3.896,-3.464,0.908113,0.89638,0.0117329999999999,0.0192307692307692,0.7607361963190185,-0.7415054270882492
43,40,34,14860.0,14737,123.0,14992.0,14999,-7.0,15289.0,15178,111.0,3.528,3.584,-0.056,0.932551,0.932551,0.0,0.6153846153846154,0.8117913832199546,-0.1964067678353391
43,41,35,15289.0,15178,111.0,15427.0,15419,8.0,15679.0,15599,80.0,3.48,3.36,0.1200000000000001,0.934501,0.926681,0.0078199999999999,0.7076923076923076,0.8551068883610451,-0.1474145806687374
43,42,36,15679.0,15599,80.0,15765.0,15802,-37.0,16050.0,15983,67.0,2.704,3.064,-0.3599999999999999,0.926686,0.936461,-0.0097749999999999,0.4636118598382749,0.9427083333333334,-0.4790964734950584
43,44,37,16216.0,15983,233.0,16225.0,16209,16.0,16475.0,16390,85.0,0.44,3.256,-2.816,0.908113,0.926686,-0.018573,0.0694980694980694,0.8894348894348895,-0.81993681993682
43,45,38,16475.0,16390,85.0,16615.0,16638,-23.0,16918.0,16817,101.0,3.12,3.432,-0.3119999999999998,0.974585,0.974585,0.0,0.6320541760722347,0.8384074941451991,-0.2063533180729644
43,46,39,16918.0,16817,101.0,17044.0,17055,-11.0,17277.0,17228,49.0,3.432,3.336,0.096,0.941349,0.940371,0.000978,0.701949860724234,0.8418491484184915,-0.1398992876942574
43,48,40,17336.0,17228,108.0,17457.0,17484,-27.0,17781.0,17672,109.0,1.4,3.432,-2.032,0.965787,0.965787,0.0,0.5438202247191011,0.8468468468468469,-0.3030266221277458
43,49,41,17781.0,17672,109.0,17910.0,17967,-57.0,18268.0,18165,103.0,3.624,3.864,-0.2399999999999997,0.925709,0.925709,0.0,0.5297741273100616,0.8032454361054766,-0.273471308795415
43,50,42,18268.0,18165,103.0,18388.0,18391,-3.0,18690.0,18568,122.0,3.824,3.392,0.4319999999999999,0.926686,0.908113,0.018573,0.5687203791469194,0.8784119106699751,-0.3096915315230557
43,52,43,18806.0,18568,238.0,18820.0,18808,12.0,19093.0,18985,108.0,0.4,3.336,-2.936,0.921799,0.926686,-0.0048869999999999,0.097560975609756,0.8489208633093526,-0.7513598876995965
43,53,44,19093.0,18985,108.0,19205.0,19221,-16.0,19590.0,19388,202.0,3.08,3.304,-0.2239999999999997,0.915934,0.921799,-0.005865,0.4507042253521126,0.8287841191066998,-0.3780798937545871
43,54,45,19590.0,19388,202.0,19679.0,19712,-33.0,20052.0,19902,150.0,3.792,3.928,-0.1360000000000001,0.89834,0.89541,0.0029299999999999,0.3852813852813853,0.7392996108949417,-0.3540182256135563
43,55,46,20052.0,19902,150.0,20175.0,20197,-22.0,20482.0,20375,107.0,3.968,3.88,0.088,0.938416,0.938416,0.0,0.5720930232558139,0.7526427061310782,-0.1805496828752643
43,56,47,20482.0,20375,107.0,20619.0,20615,4.0,20945.0,20787,158.0,3.552,3.344,0.2080000000000001,0.951124,0.89638,0.054744,0.5917926565874729,0.8349514563106796,-0.2431587997232066
43,58,48,21108.0,20787,321.0,21113.0,21109,4.0,21406.0,21297,109.0,0.36,3.952,-3.592,0.914956,0.951124,-0.0361679999999999,0.0335570469798657,0.7372549019607844,-0.7036978549809186
43,60,49,21518.0,21297,221.0,21535.0,21525,10.0,21842.0,21702,140.0,0.312,3.328,-3.016,0.907136,0.914956,-0.00782,0.1049382716049383,0.8740740740740741,-0.7691358024691358
43,62,50,21950.0,21702,248.0,21969.0,21965,4.0,22284.0,22139,145.0,0.312,3.52,-3.208,0.912023,0.907136,0.004887,0.1137724550898203,0.7963386727688787,-0.6825662176790583
43,63,51,22284.0,22139,145.0,22407.0,22422,-15.0,22703.0,22607,96.0,3.504,3.656,-0.1520000000000001,0.948192,0.948192,0.0,0.5871121718377088,0.7905982905982906,-0.2034861187605817
43,64,52,22703.0,22607,96.0,22831.0,22860,-29.0,23130.0,23052,78.0,3.392,3.504,-0.1120000000000001,0.89345,0.901271,-0.007821,0.5995316159250585,0.8629213483146068,-0.2633897323895482
43,65,53,23130.0,23052,78.0,23244.0,23271,-27.0,23531.0,23445,86.0,3.304,3.288,0.016,0.902248,0.902248,0.0,0.5685785536159601,0.8854961832061069,-0.3169176295901468
43,66,54,23531.0,23445,86.0,23656.0,23684,-28.0,23906.0,23860,46.0,3.296,3.304,-0.008,1.0,1.0,0.0,0.6666666666666667,0.8481927710843373,-0.1815261044176706
43,68,55,23973.0,23860,113.0,24083.0,24092,-9.0,24403.0,24268,135.0,1.336,3.264,-1.928,0.8690100000000001,1.0,-0.1309899999999999,0.5116279069767442,0.8627450980392157,-0.3511171910624715
43,69,56,24403.0,24268,135.0,24524.0,24515,9.0,24825.0,24734,91.0,3.528,3.384,0.1440000000000001,0.956012,0.956012,0.0,0.5734597156398105,0.9399141630901288,-0.3664544474503183
43,70,57,24825.0,24734,91.0,24952.0,24957,-5.0,25229.0,25135,94.0,3.424,3.536,-0.1120000000000001,0.913001,0.913001,0.0,0.6287128712871287,0.8877805486284289,-0.2590676773413002
43,71,58,25229.0,25135,94.0,25352.0,25372,-20.0,25659.0,25550,109.0,3.2,3.32,-0.1199999999999996,0.942326,0.942326,0.0,0.5720930232558139,0.8578313253012049,-0.2857383020453909
43,72,59,25659.0,25550,109.0,25787.0,25809,-22.0,26103.0,25999,104.0,3.48,3.496,-0.016,0.87488,0.902248,-0.0273679999999999,0.5765765765765766,0.846325167037862,-0.2697485904612854
43,73,60,26103.0,25999,104.0,26203.0,26233,-30.0,26510.0,26407,103.0,3.328,3.392,-0.064,0.859237,0.859237,0.0,0.4914004914004913,0.8529411764705882,-0.3615406850700968
43,75,61,26674.0,26407,267.0,26695.0,26683,12.0,26994.0,26854,140.0,0.624,3.6,-2.976,0.922776,0.904203,0.018573,0.1312499999999999,0.7651006711409396,-0.6338506711409396
43,76,62,26994.0,26854,140.0,27112.0,27112,0.0,27403.0,27295,108.0,3.336,3.432,-0.096,0.87586,0.922776,-0.046916,0.5770171149144254,0.8299319727891157,-0.2529148578746902
43,77,63,27403.0,27295,108.0,27527.0,27518,9.0,27703.0,27668,35.0,3.32,3.248,0.0719999999999996,1.0,1.0,0.0,0.8266666666666667,0.8042895442359249,0.0223771224307417
43,79,64,27862.0,27668,194.0,27958.0,27989,-31.0,28297.0,28215,82.0,1.576,3.768,-2.192,0.958944,1.0,-0.0410559999999999,0.4413793103448276,0.8263254113345521,-0.3849461009897245
43,80,65,28297.0,28215,82.0,28427.0,28441,-14.0,28725.0,28621,104.0,3.752,3.616,0.1359999999999996,0.929619,0.929619,0.0,0.6074766355140186,0.8866995073891626,-0.2792228718751439
43,81,66,28725.0,28621,104.0,28857.0,28856,1.0,29134.0,29028,106.0,3.44,3.32,0.1200000000000001,0.969697,0.969697,0.0,0.6454767726161369,0.8452088452088452,-0.1997320725927083
43,82,67,29134.0,29028,106.0,29264.0,29247,17.0,29565.0,29410,155.0,3.256,3.128,0.1279999999999996,0.916911,0.962854,-0.0459429999999999,0.6032482598607889,0.8534031413612566,-0.2501548815004677
43,83,68,29565.0,29410,155.0,29696.0,29699,-3.0,30006.0,29877,129.0,3.456,3.616,-0.1600000000000001,0.953079,0.950147,0.002932,0.5941043083900226,0.7623126338329764,-0.1682083254429538
43,84,69,30006.0,29877,129.0,30122.0,30113,9.0,30344.0,30280,64.0,3.408,3.312,0.096,0.88074,0.940369,-0.059629,0.6863905325443787,0.8287841191066998,-0.1423935865623211
43,85,70,30344.0,30280,64.0,30465.0,30488,-23.0,30802.0,30660,142.0,2.744,3.0,-0.2559999999999998,0.896381,0.896381,0.0,0.5283842794759825,0.9052631578947368,-0.3768788784187543
43,87,71,30923.0,30660,263.0,30942.0,30929,13.0,31262.0,31103,159.0,0.44,3.528,-3.088,0.923754,0.89638,0.027374,0.112094395280236,0.7855530474040632,-0.6734586521238272
43,89,72,31414.0,31103,311.0,31429.0,31412,17.0,31770.0,31582,188.0,0.36,3.864,-3.504,0.88954,0.923754,-0.0342139999999999,0.0842696629213483,0.7098121085594989,-0.6255424456381506
43,91,73,31901.0,31582,319.0,31908.0,31917,-9.0,32223.0,32103,120.0,0.128,4.04,-3.912,0.901271,0.901271,0.0,0.0434782608695651,0.7140115163147793,-0.6705332554452141
43,93,74,32376.0,32103,273.0,32380.0,32368,12.0,32685.0,32547,138.0,0.272,3.608,-3.3360000000000003,0.906158,0.89932,0.006838,0.0258899676375404,0.8063063063063063,-0.7804163386687658
43,94,75,32685.0,32547,138.0,32802.0,32821,-19.0,33091.0,33004,87.0,3.376,3.624,-0.2480000000000002,0.87683,0.906158,-0.029328,0.5763546798029557,0.8008752735229759,-0.2245205937200202
43,96,76,33258.0,33004,254.0,33263.0,33265,-2.0,33553.0,33445,108.0,0.392,3.552,-3.16,0.956989,0.939394,0.017595,0.0338983050847457,0.8163265306122449,-0.7824282255274991
43,97,77,33553.0,33445,108.0,33684.0,33693,-9.0,33982.0,33868,114.0,3.368,3.424,-0.056,0.926684,0.944279,-0.017595,0.6107226107226107,0.8274231678486997,-0.216700557126089
43,98,78,33982.0,33868,114.0,34104.0,34140,-36.0,34447.0,34338,109.0,3.36,3.576,-0.2160000000000002,0.926686,0.926686,0.0,0.5247311827956989,0.8425531914893617,-0.3178220086936628
43,99,79,34447.0,34338,109.0,34571.0,34588,-17.0,34908.0,34771,137.0,3.736,3.584,0.1520000000000001,0.861193,0.883676,-0.022483,0.5379609544468547,0.8452655889145496,-0.3073046344676949
43,101,80,35024.0,34771,253.0,35035.0,35044,-9.0,35345.0,35238,107.0,0.352,3.648,-3.2960000000000003,0.88465,0.88465,0.0,0.0685358255451713,0.8308351177730193,-0.762299292227848
43,102,81,35345.0,35238,107.0,35471.0,35469,2.0,35767.0,35639,128.0,3.488,3.4,0.088,0.936462,0.925709,0.010753,0.5971563981042654,0.8478802992518704,-0.250723901147605
43,103,82,35767.0,35639,128.0,35892.0,35921,-29.0,36196.0,36100,96.0,3.368,3.616,-0.2480000000000002,0.947214,0.948192,-0.000978,0.5827505827505828,0.7765726681127982,-0.1938220853622154
43,104,83,36196.0,36100,96.0,36331.0,36356,-25.0,36643.0,36533,110.0,3.512,3.48,0.032,0.969697,0.969697,0.0,0.6040268456375839,0.8175519630484989,-0.2135251174109149
43,105,84,36643.0,36533,110.0,36768.0,36802,-34.0,37034.0,36973,61.0,3.496,3.568,-0.072,0.944282,0.913978,0.0303039999999999,0.639386189258312,0.7772727272727273,-0.1378865380144153
43,107,85,37123.0,36973,150.0,37252.0,37258,-6.0,37543.0,37432,111.0,1.68,3.648,-1.968,0.931574,0.944282,-0.0127079999999999,0.6142857142857143,0.7581699346405228,-0.1438842203548085
43,108,86,37543.0,37432,111.0,37679.0,37678,1.0,37998.0,37844,154.0,3.416,3.36,0.056,0.917886,0.910066,0.00782,0.5978021978021978,0.8058252427184466,-0.2080230449162488
43,110,87,38195.0,37844,351.0,38199.0,38186,13.0,38461.0,38359,102.0,0.568,4.064,-3.496,0.953079,0.953079,0.0,0.0300751879699248,0.6718446601941748,-0.64176947222425
43,111,88,38461.0,38359,102.0,38614.0,38607,7.0,38897.0,38770,127.0,3.32,3.368,-0.048,0.908113,0.89932,0.0087929999999999,0.7018348623853211,0.7931873479318735,-0.0913524855465524
43,113,89,39017.0,38770,247.0,39028.0,39054,-26.0,39350.0,39227,123.0,0.368,3.576,-3.208,0.97263,0.934506,0.0381239999999999,0.066066066066066,0.7571115973741794,-0.6910455313081134
43,114,90,39350.0,39227,123.0,39483.0,39500,-17.0,39789.0,39674,115.0,3.64,3.568,0.072,0.949169,0.97263,-0.0234609999999999,0.6059225512528474,0.7785234899328859,-0.1726009386800384
43,115,91,39789.0,39674,115.0,39908.0,39928,-20.0,40217.0,40113,104.0,3.4,3.424,-0.024,0.930596,0.949169,-0.018573,0.5560747663551402,0.8428246013667426,-0.2867498350116024
43,116,92,40217.0,40113,104.0,40350.0,40374,-24.0,40641.0,40571,70.0,3.536,3.568,-0.032,0.908113,0.8944300000000001,0.0136829999999998,0.6273584905660378,0.8602620087336245,-0.2329035181675867
43,117,93,40641.0,40571,70.0,40767.0,40776,-9.0,41051.0,40953,98.0,3.336,3.216,0.1199999999999996,0.931574,0.931574,0.0,0.6146341463414634,0.9267015706806284,-0.3120674243391649
43,118,94,41051.0,40953,98.0,41177.0,41228,-51.0,41477.0,41409,68.0,3.28,3.616,-0.3360000000000003,0.939394,0.89052,0.0488739999999999,0.5915492957746479,0.793859649122807,-0.2023103533481591
43,120,95,41645.0,41409,236.0,41655.0,41646,9.0,41893.0,41823,70.0,0.44,3.344,-2.904,0.946237,0.939394,0.006843,0.0806451612903226,0.855072463768116,-0.7744273024777933
43,122,96,42043.0,41823,220.0,42059.0,42055,4.0,42327.0,42233,94.0,0.384,3.272,-2.888,0.959922,0.946237,0.0136849999999999,0.1126760563380281,0.8682926829268293,-0.7556166265888011
43,123,97,42327.0,42233,94.0,42460.0,42479,-19.0,42748.0,42662,86.0,3.208,3.392,-0.1839999999999997,0.963832,0.963832,0.0,0.6318289786223278,0.8531468531468531,-0.2213178745245253
43,124,98,42748.0,42662,86.0,42869.0,42884,-15.0,43151.0,43082,69.0,3.272,3.24,0.0319999999999995,0.906158,0.913001,-0.0068429999999999,0.6004962779156328,0.9428571428571428,-0.3423608649415101
43,125,99,43151.0,43082,69.0,43282.0,43298,-16.0,43553.0,43486,67.0,3.304,3.312,-0.008,0.919844,0.907136,0.012708,0.6517412935323383,0.9306930693069306,-0.2789517757745923
43,126,100,43553.0,43486,67.0,43668.0,43692,-24.0,44022.0,43890,132.0,3.088,3.152,-0.064,0.902248,0.919844,-0.017596,0.4904051172707889,0.9801980198019802,-0.4897929025311912
43,128,101,44130.0,43890,240.0,44154.0,44161,-7.0,44384.0,44338,46.0,0.36,3.752,-3.392,0.926684,0.920819,0.005865,0.1889763779527559,0.7901785714285714,-0.6012021934758155
43,130,102,44519.0,44338,181.0,44522.0,44539,-17.0,44542.0,44721,-179.0,0.12,3.024,-2.904,0.0557199999999999,0.931574,-0.875854,0.2608695652173913,0.9503916449086162,-0.6895220796912248
43,132,103,44837.0,44721,116.0,44963.0,44980,-17.0,45253.0,45169,84.0,3.248,3.528,-0.2799999999999998,0.941349,0.959922,-0.0185729999999999,0.6057692307692308,0.84375,-0.2379807692307691
43,133,104,45253.0,45169,84.0,45385.0,45396,-11.0,45671.0,45580,91.0,3.376,3.328,0.048,0.955034,0.955034,0.0,0.631578947368421,0.8953771289537713,-0.2637981815853503
43,134,105,45671.0,45580,91.0,45810.0,45816,-6.0,46084.0,45992,92.0,3.4,3.36,0.04,0.922776,0.922776,0.0,0.6731234866828086,0.854368932038835,-0.1812454453560263
43,135,106,46084.0,45992,92.0,46192.0,46230,-38.0,46395.0,46531,-136.0,3.056,3.312,-0.2559999999999998,0.67546,0.82991,-0.1544500000000001,0.6945337620578778,0.8831168831168831,-0.1885831210590053
43,137,107,46588.0,46531,57.0,46669.0,46680,-11.0,46900.0,46836,64.0,2.032,3.6,-1.568,0.7683248,0.691101,0.0772238,0.5192307692307692,0.9770491803278688,-0.4578184110970996
43,138,108,46900.0,46836,64.0,47047.0,47033,14.0,47283.0,47193,90.0,3.024,2.824,0.2000000000000001,0.860219,0.9247348,-0.0645158,0.7676240208877285,0.896358543417367,-0.1287345225296384
43,139,109,47283.0,47193,90.0,47414.0,47390,24.0,47648.0,47545,103.0,2.936,2.856,0.08,0.881721,0.881721,0.0,0.7178082191780821,0.8806818181818181,-0.162873599003736
43,140,110,47648.0,47545,103.0,47778.0,47758,20.0,48058.0,47916,142.0,2.912,2.944,-0.032,0.8817200000000001,0.88074,0.00098,0.6341463414634146,0.8517520215633423,-0.2176056800999276
43,141,111,48058.0,47916,142.0,48145.0,48166,-21.0,48417.0,48344,73.0,2.936,3.264,-0.3279999999999998,0.8123100000000001,0.8250200000000001,-0.0127099999999999,0.4846796657381615,0.8317757009345794,-0.3470960351964178
43,142,112,48417.0,48344,73.0,48537.0,48528,9.0,48762.0,48694,68.0,3.136,2.896,0.2400000000000002,0.89541,0.8690100000000001,0.0263999999999999,0.6956521739130435,0.9485714285714286,-0.2529192546583851
43,143,113,48762.0,48694,68.0,48889.0,48892,-3.0,49163.0,49064,99.0,2.816,2.912,-0.096,0.947214,0.947214,0.0,0.6334164588528679,0.9297297297297298,-0.2963132708768619
43,144,114,49163.0,49064,99.0,49284.0,49295,-11.0,49514.0,49462,52.0,3.16,3.224,-0.064,0.938416,0.946237,-0.0078209999999999,0.6894586894586894,0.8391959798994975,-0.149737290440808
43,145,115,49514.0,49462,52.0,49638.0,49635,3.0,49897.0,49801,96.0,2.832,2.72,0.1119999999999996,0.940371,0.938416,0.0019549999999999,0.6475195822454308,0.9793510324483776,-0.3318314502029468
43,146,116,49897.0,49801,96.0,50023.0,50015,8.0,50318.0,50186,132.0,3.08,3.04,0.04,0.912023,0.940371,-0.0283479999999999,0.5985748218527316,0.8883116883116883,-0.2897368664589567
43,147,117,50318.0,50186,132.0,50419.0,50431,-12.0,50703.0,50613,90.0,3.168,3.328,-0.1599999999999997,0.918866,0.912023,0.0068429999999999,0.5246753246753246,0.8524590163934427,-0.327783691718118
43,148,118,50703.0,50613,90.0,50818.0,50830,-12.0,51117.0,51021,96.0,3.192,3.192,0.0,0.917889,0.918866,-0.000977,0.5555555555555556,0.9362745098039216,-0.380718954248366
43,149,119,51117.0,51021,96.0,51240.0,51260,-20.0,51527.0,51451,76.0,3.376,3.44,-0.064,0.949169,0.949169,0.0,0.6,0.8883720930232558,-0.2883720930232558
43,150,120,51527.0,51451,76.0,51647.0,51654,-7.0,51929.0,51831,98.0,3.256,3.152,0.1039999999999996,0.959922,0.959922,0.0,0.5970149253731343,0.9315789473684212,-0.3345640219952868
43,151,121,51929.0,51831,98.0,52046.0,52055,-9.0,52320.0,52246,74.0,3.192,3.208,-0.016,0.960899,0.960899,0.0,0.59846547314578,0.9204819277108434,-0.3220164545650633
43,152,122,52320.0,52246,74.0,52435.0,52450,-15.0,52722.0,52633,89.0,3.112,3.16,-0.048,0.950147,0.950147,0.0,0.572139303482587,0.9457364341085271,-0.3735971306259401
43,153,123,52722.0,52633,89.0,52852.0,52903,-51.0,53156.0,53083,73.0,3.336,3.624,-0.2880000000000002,0.9931574,0.9931574,0.0,0.599078341013825,0.8,-0.2009216589861751
43,154,124,53156.0,53083,73.0,53253.0,53297,-44.0,53535.0,53474,61.0,3.208,3.152,0.056,0.969697,0.979472,-0.0097749999999999,0.5118733509234829,0.90537084398977,-0.393497493066287
43,155,125,53535.0,53474,61.0,53665.0,53700,-35.0,53940.0,53880,60.0,3.296,3.224,0.0719999999999996,0.963832,0.969697,-0.005865,0.6419753086419753,0.8866995073891626,-0.2447241987471873
43,157,126,53969.0,53880,89.0,54101.0,54102,-1.0,54377.0,54280,97.0,1.24,3.216,-1.976,0.938416,0.963832,-0.0254159999999999,0.6470588235294117,0.89,-0.2429411764705883
43,158,127,54377.0,54280,97.0,54494.0,54517,-23.0,54787.0,54703,84.0,3.144,3.32,-0.1759999999999997,0.971652,0.971652,0.0,0.5707317073170732,0.8794326241134752,-0.308700916796402
43,159,128,54787.0,54703,84.0,54906.0,54937,-31.0,55219.0,55139,80.0,3.296,3.36,-0.064,0.970674,0.960899,0.009775,0.5509259259259259,0.926605504587156,-0.37567957866123
43,161,129,55344.0,55139,205.0,55357.0,55351,6.0,55602.0,55534,68.0,0.344,3.312,-2.968,0.939394,0.970674,-0.03128,0.1007751937984495,0.9265822784810128,-0.8258070846825631
43,162,130,55602.0,55534,68.0,55720.0,55747,-27.0,56004.0,55932,72.0,2.904,3.168,-0.2640000000000002,0.964809,0.964809,0.0,0.5870646766169154,0.9296482412060302,-0.3425835645891147
43,163,131,56004.0,55932,72.0,56115.0,56140,-25.0,56397.0,56342,55.0,3.16,3.144,0.016,0.973607,0.951124,0.022483,0.5648854961832062,0.9853658536585366,-0.4204803574753304
43,164,132,56397.0,56342,55.0,56518.0,56565,-47.0,56841.0,56785,56.0,3.224,3.4,-0.1759999999999997,0.98827,0.973607,0.0146629999999999,0.545045045045045,0.9932279909706546,-0.4481829459256096
43,165,133,56841.0,56785,56.0,56975.0,57019,-44.0,57291.0,57215,76.0,3.656,3.632,0.024,0.979472,0.98827,-0.0087979999999999,0.5955555555555556,0.9116279069767442,-0.3160723514211886
43,166,134,57291.0,57215,76.0,57413.0,57435,-22.0,57701.0,57636,65.0,3.504,3.328,0.1760000000000001,0.952102,0.923754,0.028348,0.5951219512195122,0.9548693586698336,-0.3597474074503215
43,167,135,57701.0,57636,65.0,57835.0,57858,-23.0,58155.0,58061,94.0,3.376,3.384,-0.008,0.970674,0.970674,0.0,0.5903083700440528,0.9552941176470588,-0.364985747603006
43,168,136,58155.0,58061,94.0,58279.0,58292,-13.0,58562.0,58480,82.0,3.552,3.472,0.08,0.964809,0.964809,0.0,0.6093366093366093,0.8973747016706444,-0.2880380923340351
43,169,137,58562.0,58480,82.0,58685.0,58694,-9.0,58962.0,58881,81.0,3.248,3.216,0.032,0.942326,0.942326,0.0,0.615,0.9326683291770572,-0.3176683291770573
43,170,138,58962.0,58881,81.0,59084.0,59109,-25.0,59421.0,59300,121.0,3.192,3.32,-0.1279999999999996,0.936461,0.914956,0.0215049999999999,0.5315904139433552,0.9116945107398567,-0.3801040967965017
43,171,139,59421.0,59300,121.0,59544.0,59550,-6.0,59836.0,59739,97.0,3.68,3.528,0.1520000000000001,0.944282,0.944282,0.0,0.5927710843373494,0.8610478359908884,-0.268276751653539
44,3,1,551.0,406,145.0,587.0,645,-58.0,843.0,811,32.0,0.928,2.944,-2.016,0.605915,0.605915,0.0,0.2465753424657534,0.8197530864197531,-0.5731777439539997
44,5,2,951.0,811,140.0,990.0,1053,-63.0,1354.0,1275,79.0,0.88,3.264,-2.384,0.64573864,0.64573864,0.0,0.1935483870967742,0.956896551724138,-0.7633481646273637
44,9,4,1871.0,1723,148.0,1933.0,1945,-12.0,2222.0,2182,40.0,1.0,2.864,-1.864,0.800144,0.799899,0.0002449999999999,0.3532763532763533,0.9673202614379084,-0.6140439081615552
44,13,6,2828.0,2614,214.0,2848.0,2910,-62.0,3219.0,3060,159.0,1.264,3.488,-2.224,0.53115,0.617151,-0.086001,0.1023017902813299,0.6726457399103138,-0.5703439496289839
44,14,7,3219.0,3060,159.0,3253.0,3302,-49.0,3498.0,3478,20.0,3.24,3.136,0.104,0.5611999999999999,0.5611999999999999,0.0,0.2437275985663082,0.8421052631578947,-0.5983776645915865
44,17,9,4108.0,3931,177.0,4155.0,4189,-34.0,4380.0,4340,40.0,1.12,3.224,-2.104,0.61838,0.72489864,-0.10651864,0.3455882352941176,0.7383863080684596,-0.392798072774342
44,19,10,4504.0,4340,164.0,4543.0,4552,-9.0,4812.0,4775,37.0,1.032,2.904,-1.872,0.64622864,0.64622864,0.0,0.2532467532467533,0.9747126436781608,-0.7214658904314076
44,23,12,5369.0,5230,139.0,5408.0,5452,-44.0,5720.0,5684,36.0,0.752,2.776,-2.024,0.7185486400000001,0.7185486400000001,0.0,0.2222222222222222,0.9779735682819384,-0.7557513460597162
44,25,13,5931.0,5684,247.0,5955.0,6016,-61.0,6174.0,6151,23.0,1.768,4.512,-2.744,0.574149,0.6428025,-0.0686535,0.1975308641975308,0.5781584582441113,-0.3806275940465804
44,27,14,6352.0,6151,201.0,6374.0,6430,-56.0,6598.0,6578,20.0,1.392,3.312,-1.92,0.6992431,0.6992431,0.0,0.1788617886178861,0.6932084309133489,-0.5143466422954628
44,29,15,6741.0,6578,163.0,6780.0,6816,-36.0,7078.0,7042,36.0,1.16,3.088,-1.928,0.67725864,0.67725864,0.0,0.2314540059347181,0.9741379310344828,-0.7426839250997647
44,35,18,8069.0,7889,180.0,8096.0,8101,-5.0,8369.0,8341,28.0,0.528,3.176,-2.648,0.6581986400000001,0.6581986400000001,0.0,0.18,0.9380530973451328,-0.7580530973451327
44,42,23,10307.0,10152,155.0,10381.0,10416,-35.0,10596.0,10569,27.0,1.232,3.248,-2.016,0.649892,0.649892,0.0,0.5121107266435987,0.7338129496402878,-0.221702222996689
44,44,24,10711.0,10569,142.0,10788.0,10832,-44.0,11009.0,10986,23.0,1.208,3.328,-2.12,0.74321864,0.74321864,0.0,0.5167785234899329,0.7386091127098322,-0.2218305892198993
44,49,26,11652.0,11460,192.0,11694.0,11696,-2.0,12300.0,11833,467.0,0.472,2.952,-2.48,0.6765230000000001,0.7295400000000001,-0.0530169999999999,0.1296296296296296,0.7345844504021448,-0.6049548207725152
44,52,29,12960.0,12757,203.0,12991.0,13034,-43.0,13214.0,13186,28.0,1.208,4.272,-3.064,0.689956,0.7087686400000001,-0.01881264,0.2440944881889764,0.7086247086247086,-0.4645302204357322
44,54,30,13318.0,13186,132.0,13369.0,13392,-23.0,13660.0,13638,22.0,0.928,2.864,-1.936,0.46372,0.609094,-0.145374,0.2982456140350877,0.911504424778761,-0.6132588107436733
44,56,31,13807.0,13638,169.0,13836.0,13861,-25.0,14139.0,14095,44.0,1.136,3.752,-2.616,0.6002909,0.5883189999999999,0.0119719,0.1746987951807228,0.975929978118162,-0.8012311829374391
44,58,32,14247.0,14095,152.0,14299.0,14321,-22.0,14629.0,14571,58.0,0.928,3.68,-2.752,0.671875,0.6823809,-0.0105058999999999,0.2722513089005235,0.9495798319327732,-0.6773285230322496
44,64,36,16168.0,15908,260.0,16194.0,16187,7.0,16349.0,16308,41.0,1.704,3.44,-1.736,0.628386,0.628386,0.0,0.287292817679558,0.605,-0.3177071823204419
44,67,37,16502.0,16308,194.0,16517.0,16538,-21.0,16753.0,16736,17.0,0.392,2.808,-2.416,0.7708286400000001,0.7708286400000001,0.0,0.1195219123505976,0.9252336448598132,-0.8057117325092155
44,85,47,21054.0,20817,237.0,21089.0,21122,-33.0,21274.0,21255,19.0,1.424,3.536,-2.112,0.66063864,0.66063864,0.0,0.3181818181818182,0.6073059360730594,-0.2891241178912411
44,90,49,21963.0,21720,243.0,21991.0,22030,-39.0,22206.0,22173,33.0,0.728,3.648,-2.92,0.7036423,0.7036423,0.0,0.2304526748971193,0.6313465783664459,-0.4008939034693266
44,92,50,22346.0,22173,173.0,22416.0,22476,-60.0,22738.0,22654,84.0,1.464,3.568,-2.104,0.55045,0.741508,-0.1910579999999999,0.3571428571428571,0.7401247401247402,-0.382981882981883
44,95,52,23273.0,23042,231.0,23292.0,23346,-54.0,23523.0,23492,31.0,1.288,3.472,-2.184,0.598336,0.646222,-0.0478859999999999,0.152,0.6488888888888888,-0.4968888888888888
44,98,53,23728.0,23492,236.0,23742.0,23796,-54.0,23962.0,23938,24.0,0.64,3.6,-2.96,0.61763864,0.61763864,0.0,0.1196581196581196,0.6367713004484306,-0.5171131807903109
44,102,54,24166.0,23938,228.0,24208.0,24239,-31.0,24429.0,24400,29.0,0.72,3.544,-2.824,0.790125,0.84460864,-0.05448364,0.3193916349809885,0.696969696969697,-0.3775780619887084
44,106,56,25097.0,24837,260.0,25124.0,25163,-39.0,25331.0,25299,32.0,0.704,3.736,-3.032,0.7654489999999999,0.81406864,-0.04861964,0.2307692307692307,0.5887445887445888,-0.357975357975358
44,109,57,25534.0,25299,235.0,25559.0,25594,-35.0,25781.0,25740,41.0,0.68,3.448,-2.768,0.76422864,0.76422864,0.0,0.2024291497975708,0.6621315192743764,-0.4597023694768055
44,112,58,26006.0,25740,266.0,26025.0,26057,-32.0,26235.0,26200,35.0,0.68,3.704,-3.024,0.7845086400000001,0.7845086400000001,0.0,0.165938864628821,0.6217391304347826,-0.4558002658059615
44,115,59,26420.0,26200,220.0,26456.0,26515,-59.0,26674.0,26654,20.0,0.648,3.664,-3.016,0.80844864,0.80844864,0.0,0.2834645669291339,0.6123348017621145,-0.3288702348329806
44,117,60,26917.0,26654,263.0,26938.0,26962,-24.0,27162.0,27111,51.0,1.736,3.576,-1.84,0.807725,0.82433864,-0.0166136399999999,0.1714285714285713,0.6520787746170678,-0.4806502031884964
44,119,61,27302.0,27111,191.0,27354.0,27406,-52.0,27578.0,27545,33.0,1.232,3.552,-2.3200000000000003,0.76544864,0.76544864,0.0,0.3768115942028985,0.6405529953917051,-0.2637414011888065
44,122,62,27743.0,27545,198.0,27796.0,27842,-46.0,28090.0,28046,44.0,0.696,3.488,-2.792,0.99584864,0.99584864,0.0,0.3054755043227666,0.8143712574850299,-0.5088957531622633
44,125,63,28351.0,28046,305.0,28360.0,28368,-8.0,28688.0,28503,185.0,0.296,4.208,-3.912,0.809924,0.85658864,-0.04666464,0.0534124629080118,0.5908096280087527,-0.5373971651007409
44,127,64,28749.0,28503,246.0,28777.0,28811,-34.0,29021.0,28983,38.0,0.648,3.544,-2.896,0.79232864,0.79232864,0.0,0.2058823529411765,0.7166666666666667,-0.5107843137254902
44,130,65,29225.0,28983,242.0,29279.0,29322,-43.0,29492.0,29460,32.0,1.224,4.088,-2.864,0.90862864,0.90862864,0.0,0.4044943820224719,0.5786163522012578,-0.1741219701787859
44,133,66,29677.0,29460,217.0,29717.0,29767,-50.0,30013.0,29917,96.0,0.776,3.56,-2.784,0.8841886400000001,0.8841886400000001,0.0,0.2380952380952381,0.6564551422319476,-0.4183599041367094
44,135,68,30599.0,30370,229.0,30679.0,30696,-17.0,30855.0,30834,21.0,4.672,3.792,0.8799999999999999,0.8692886400000001,0.8692886400000001,0.0,0.625,0.5948275862068966,0.0301724137931034
44,137,69,31069.0,30834,235.0,31108.0,31157,-49.0,31350.0,31314,36.0,1.432,3.688,-2.256,0.8529186400000001,0.8529186400000001,0.0,0.2775800711743772,0.6541666666666667,-0.3765865954922894
44,140,70,31505.0,31314,191.0,31558.0,31611,-53.0,31778.0,31754,24.0,0.832,3.632,-2.8000000000000003,0.8695286400000001,0.8695286400000001,0.0,0.3882783882783882,0.65,-0.2617216117216118
44,143,71,31997.0,31754,243.0,32047.0,32075,-28.0,32261.0,32228,33.0,0.568,3.712,-3.144,0.99437864,0.99437864,0.0,0.3787878787878788,0.6455696202531646,-0.2667817414652857
44,145,72,32447.0,32228,219.0,32507.0,32537,-30.0,32701.0,32679,22.0,1.568,3.696,-2.128,0.95724864,0.95724864,0.0,0.4724409448818898,0.6297117516629711,-0.1572708067810813
44,147,73,32867.0,32679,188.0,32946.0,32995,-49.0,33194.0,33148,46.0,1.664,3.664,-2.0,0.92279864,0.92279864,0.0,0.4831804281345565,0.652452025586354,-0.1692715974517974
44,150,74,33326.0,33148,178.0,33407.0,33442,-35.0,33613.0,33594,19.0,0.872,3.576,-2.704,0.920845,0.99682864,-0.07598364,0.5644599303135889,0.6816143497757847,-0.1171544194621958
44,152,75,33787.0,33594,193.0,33838.0,33876,-38.0,34042.0,34013,29.0,1.68,3.472,-1.792,0.72684864,0.72684864,0.0,0.4,0.6539379474940334,-0.2539379474940334
44,155,76,34245.0,34013,232.0,34299.0,34328,-29.0,34517.0,34474,43.0,0.856,3.616,-2.76,0.90177864,0.90177864,0.0,0.3970588235294118,0.6334056399132322,-0.2363468163838203
44,158,77,34682.0,34474,208.0,34739.0,34779,-40.0,35084.0,34922,162.0,0.72,3.608,-2.888,0.905693,1.00048864,-0.0947956399999999,0.2835820895522388,0.6383928571428572,-0.3548107675906183
44,160,78,35151.0,34922,229.0,35184.0,35197,-13.0,35377.0,35343,34.0,0.344,3.344,-3.0,0.99901864,0.99901864,0.0,0.2920353982300885,0.6935866983372921,-0.4015513001072036
44,162,79,35520.0,35343,177.0,35632.0,35651,-19.0,35903.0,35798,105.0,1.776,3.632,-1.856,0.89958,1.00048864,-0.1009086399999998,0.5848563968668408,0.6461538461538461,-0.0612974492870053
44,164,80,35960.0,35798,162.0,36034.0,36067,-33.0,36233.0,36209,24.0,0.728,3.328,-2.6,0.89078864,0.89078864,0.0,0.5421245421245422,0.6909975669099757,-0.1488730247854335
44,166,81,36434.0,36209,225.0,36489.0,36529,-40.0,36719.0,36677,42.0,1.72,3.696,-1.976,0.84045864,0.84045864,0.0,0.3859649122807017,0.6324786324786325,-0.2465137201979307
44,168,82,36889.0,36677,212.0,36941.0,36986,-45.0,37127.0,37113,14.0,1.576,3.656,-2.08,0.775469,0.82408864,-0.04861964,0.4369747899159664,0.5825688073394495,-0.1455940174234831
44,170,83,37358.0,37113,245.0,37433.0,37445,-12.0,37814.0,37577,237.0,2.184,3.672,-1.488,0.57928,0.602,-0.0227199999999999,0.3289473684210526,0.5689655172413793,-0.2400181488203266
44,171,84,37814.0,37577,237.0,37868.0,37900,-32.0,38090.0,38035,55.0,3.48,3.64,-0.1600000000000001,0.747126,0.747126,0.0,0.3913043478260869,0.5895196506550218,-0.1982153028289348
44,173,85,38250.0,38035,215.0,38348.0,38353,-5.0,38664.0,38494,170.0,2.016,3.624,-1.608,0.7183,0.755438,-0.037138,0.4734299516908212,0.6143790849673203,-0.140949133276499
44,175,86,38737.0,38494,243.0,38738.0,38793,-55.0,38981.0,38929,52.0,0.296,3.52,-3.224,0.76129864,0.76129864,0.0,0.0081967213114754,0.6252873563218391,-0.6170906350103637
44,177,87,39100.0,38929,171.0,39196.0,39236,-40.0,39582.0,39388,194.0,1.36,3.544,-2.184,0.920599,0.941855,-0.021256,0.3983402489626556,0.6623093681917211,-0.2639691192290655
44,178,88,39582.0,39388,194.0,39646.0,39701,-55.0,40042.0,39838,204.0,3.6,3.72,-0.1200000000000001,0.7999069999999999,0.7999069999999999,0.0,0.2782608695652173,0.6088888888888888,-0.3306280193236715
44,179,89,40042.0,39838,204.0,40103.0,40125,-22.0,40326.0,40283,43.0,3.656,3.392,0.2640000000000002,0.8355686400000001,0.8355686400000001,0.0,0.4295774647887324,0.7101123595505618,-0.2805348947618294
44,182,90,40618.0,40283,335.0,40629.0,40611,18.0,40769.0,40738,31.0,0.384,3.888,-3.504,0.89371864,0.89371864,0.0,0.1456953642384105,0.5582417582417583,-0.4125463940033477
44,185,91,40978.0,40738,240.0,41022.0,41052,-30.0,41227.0,41194,33.0,0.744,3.528,-2.784,0.93060864,0.93060864,0.0,0.3534136546184738,0.6228070175438596,-0.2693933629253857
44,188,92,41445.0,41194,251.0,41471.0,41518,-47.0,41700.0,41669,31.0,0.528,3.728,-3.2,0.8196886400000001,0.8196886400000001,0.0,0.203921568627451,0.6357894736842105,-0.4318679050567594
44,191,93,41963.0,41669,294.0,41983.0,42023,-40.0,42213.0,42171,42.0,0.52,4.04,-3.52,0.92156864,0.92156864,0.0,0.16,0.5896414342629481,-0.4296414342629481
44,193,94,42377.0,42171,206.0,42435.0,42466,-31.0,42632.0,42604,28.0,1.496,3.544,-2.048,0.784515,0.811634,-0.027119,0.4549019607843138,0.6374133949191686,-0.1825114341348548
44,196,95,42803.0,42604,199.0,42865.0,42887,-22.0,43073.0,43041,32.0,0.632,3.368,-2.736,0.95748864,0.95748864,0.0,0.4592592592592592,0.7048054919908466,-0.2455462327315873
44,202,97,43755.0,43506,249.0,43784.0,43823,-39.0,44001.0,43959,42.0,0.864,3.68,-2.8160000000000003,0.74761864,0.74761864,0.0,0.2357723577235772,0.6004415011037527,-0.3646691433801755
44,205,98,44192.0,43959,233.0,44231.0,44292,-61.0,44466.0,44426,40.0,0.752,3.752,-3.0,0.8692886400000001,0.8692886400000001,0.0,0.2846715328467153,0.5738758029978587,-0.2892042701511433
44,207,99,44639.0,44426,213.0,44706.0,44738,-32.0,44925.0,44884,41.0,1.552,3.568,-2.016,0.94600864,0.94600864,0.0,0.4685314685314685,0.6375545851528384,-0.1690231166213698
44,209,100,45060.0,44884,176.0,45119.0,45165,-46.0,45364.0,45304,60.0,1.256,3.416,-2.16,0.81016,0.830438,-0.020278,0.3881578947368421,0.6619047619047619,-0.2737468671679197
44,212,101,45518.0,45304,214.0,45574.0,45623,-49.0,45983.0,45778,205.0,0.784,3.664,-2.88,0.93207864,0.93207864,0.0,0.2408602150537634,0.6540084388185654,-0.413148223764802
44,213,102,45983.0,45778,205.0,46063.0,46103,-40.0,46310.0,46252,58.0,3.912,3.84,0.072,0.943319,0.945029,-0.0017099999999999,0.4892966360856269,0.6286919831223629,-0.1393953470367359
44,220,104,46973.0,46704,269.0,46990.0,47024,-34.0,47242.0,47184,58.0,0.568,3.704,-3.136,0.8485199999999999,0.8727079999999999,-0.0241879999999999,0.1263940520446096,0.6666666666666667,-0.5402726146220571
44,223,105,47419.0,47184,235.0,47467.0,47487,-20.0,47671.0,47633,38.0,0.72,3.704,-2.984,0.96921864,0.96921864,0.0,0.3809523809523809,0.6503340757238307,-0.2693816947714498
44,229,107,48325.0,48072,253.0,48379.0,48383,-4.0,48523.0,48509,14.0,0.704,3.608,-2.904,0.91081864,0.91081864,0.0,0.5454545454545454,0.5766590389016018,-0.0312044934470563
44,234,109,49186.0,48991,195.0,49265.0,49290,-25.0,49462.0,49428,34.0,1.04,3.616,-2.576,0.88027864,0.88027864,0.0,0.572463768115942,0.631578947368421,-0.059115179252479
44,236,110,49611.0,49428,183.0,49703.0,49727,-24.0,49942.0,49900,42.0,1.624,3.496,-1.872,1.00048864,1.00048864,0.0,0.5558912386706949,0.7330508474576272,-0.1771596087869322
44,239,111,50127.0,49900,227.0,50215.0,50244,-29.0,50566.0,50400,166.0,1.096,4.136,-3.04,0.94063,0.9963352,-0.0557052,0.4009111617312073,0.624,-0.2230888382687926
44,240,112,50566.0,50400,166.0,50657.0,50719,-62.0,50900.0,50864,36.0,3.536,3.8,-0.2639999999999998,0.8998286400000001,0.8998286400000001,0.0,0.5449101796407185,0.625,-0.0800898203592814
44,243,113,51093.0,50864,229.0,51168.0,51173,-5.0,51377.0,51318,59.0,1.256,3.632,-2.3760000000000003,0.8370386400000001,0.8370386400000001,0.0,0.528169014084507,0.6387665198237886,-0.1105975057392816
44,245,114,51485.0,51318,167.0,51612.0,51658,-46.0,51828.0,51802,26.0,1.52,3.88,-2.36,0.965307,1.00048864,-0.0351816399999999,0.7405247813411079,0.5950413223140496,0.1454834590270582
44,247,115,51968.0,51802,166.0,52040.0,52063,-23.0,52242.0,52202,40.0,1.336,3.24,-1.904,0.793309,0.7989280000000001,-0.005619,0.5255474452554745,0.6950000000000001,-0.1694525547445255
44,250,116,52393.0,52202,191.0,52458.0,52505,-47.0,52703.0,52659,44.0,0.672,3.536,-2.864,0.99120864,0.99120864,0.0,0.4193548387096774,0.6739606126914661,-0.2546057739817887
44,255,118,53437.0,53132,305.0,53458.0,53457,1.0,53625.0,53596,29.0,0.408,3.792,-3.384,0.9953579,1.00048864,-0.0051307399999999,0.2234042553191489,0.5991379310344828,-0.3757336757153338
44,259,119,53892.0,53596,296.0,53901.0,53893,8.0,54080.0,54037,43.0,0.296,3.488,-3.192,0.95821864,0.95821864,0.0,0.0957446808510638,0.653061224489796,-0.5573165436387322
44,261,120,54245.0,54037,208.0,54337.0,54372,-35.0,54553.0,54518,35.0,1.784,3.832,-2.048,0.8961686400000001,0.8961686400000001,0.0,0.5974025974025974,0.6070686070686071,-0.0096660096660097
44,263,121,54742.0,54518,224.0,54801.0,54858,-57.0,55060.0,55016,44.0,1.512,3.888,-2.376,0.98655864,0.98655864,0.0,0.3710691823899371,0.6345381526104418,-0.2634689702205046
44,266,122,55284.0,55016,268.0,55342.0,55369,-27.0,55533.0,55508,25.0,0.528,4.088,-3.56,0.96334864,0.96334864,0.0,0.465863453815261,0.5650406504065041,-0.099177196591243
44,268,123,55753.0,55508,245.0,55805.0,55828,-23.0,55985.0,55961,24.0,1.816,3.672,-1.856,0.89102864,0.89102864,0.0,0.4482758620689655,0.58719646799117,-0.1389206059222044
44,270,124,56200.0,55961,239.0,56250.0,56283,-33.0,56465.0,56423,42.0,1.688,3.64,-1.952,0.83263864,0.83263864,0.0,0.3773584905660377,0.6060606060606061,-0.2287021154945683
44,272,125,56617.0,56423,194.0,56715.0,56762,-47.0,56959.0,56908,51.0,1.832,3.832,-2.0,1.00048864,1.00048864,0.0,0.5730994152046784,0.6020618556701032,-0.0289624404654247
44,274,126,57063.0,56908,155.0,57181.0,57233,-52.0,57405.0,57379,26.0,1.472,3.768,-2.296,0.95821864,0.95821864,0.0,0.6900584795321638,0.6199575371549894,0.0701009423771744
44,276,127,57582.0,57379,203.0,57643.0,57649,-6.0,57923.0,57826,97.0,1.48,3.328,-1.848,0.84217,1.00048864,-0.1583186399999999,0.3577712609970674,0.7919463087248322,-0.4341750477277647
44,277,128,57923.0,57826,97.0,57944.0,57943,1.0,58075.0,58046,29.0,2.408,2.352,0.056,0.3877386399999999,0.3877386399999999,0.0,0.2763157894736842,0.9363636363636364,-0.6600478468899522
44,279,129,58266.0,58046,220.0,58310.0,58330,-20.0,58487.0,58462,25.0,1.568,3.096,-1.528,0.7175686400000001,0.7175686400000001,0.0,0.3981900452488688,0.6346153846153846,-0.2364253393665157
44,282,130,58701.0,58462,239.0,58727.0,58761,-34.0,58938.0,58901,37.0,0.752,3.448,-2.696,0.7520186400000001,0.7520186400000001,0.0,0.2194092827004219,0.6378132118451025,-0.4184039291446806
44,287,132,59543.0,59337,206.0,59581.0,59617,-36.0,59784.0,59753,31.0,0.736,3.352,-2.616,0.85316864,0.85316864,0.0,0.3153526970954357,0.6538461538461539,-0.3384934567507182
45,3,7,3105.0,2975,130.0,3138.0,3196,-58.0,4064.0,3486,578.0,7.928,3.376,4.552,0.325806,0.325806,0.0,0.0688216892596454,0.8649706457925637,-0.7961489565329182
45,22,50,23614.0,23448,166.0,23626.0,23679,-53.0,24537.0,23954,583.0,3.84,3.496,0.3439999999999998,0.3393527,0.330323,0.0090296999999999,0.0260021668472372,0.9130434782608696,-0.8870413114136324
45,23,52,24537.0,24364,173.0,24550.0,24605,-55.0,24989.0,24805,184.0,7.392,3.408,3.984,0.302485,0.297965,0.0045199999999999,0.0575221238938052,0.90702947845805,-0.8495073545642446
46,1,1,212.0,143,69.0,294.0,299,-5.0,366.0,519,-153.0,,,,0.82971,1.00048864,-0.1707786399999999,0.935064935064935,0.8297872340425532,0.1052777010223818
46,4,2,827.0,519,308.0,892.0,913,-21.0,1006.0,1011,-5.0,0.952,4.912,-3.96,0.76936,1.00048864,-0.2311286399999998,0.7262569832402235,0.3983739837398373,0.3278829995003861
46,6,3,1060.0,1011,49.0,1093.0,1110,-17.0,1342.0,1282,60.0,0.624,1.576,-0.952,1.00048864,1.00048864,0.0,0.2340425531914893,0.7306273062730627,-0.4965847530815733
46,9,4,1471.0,1282,189.0,1572.0,1600,-28.0,1912.0,1840,72.0,1.296,3.92,-2.624,1.00048864,1.00048864,0.0,0.4580498866213152,0.8602150537634409,-0.4021651671421257
46,11,5,2038.0,1840,198.0,2079.0,2102,-23.0,2214.0,2205,9.0,0.8,4.016,-3.216,0.5915,1.00048864,-0.4089886399999999,0.4659090909090909,0.5643835616438356,-0.0984744707347446
46,13,6,2276.0,2205,71.0,2302.0,2338,-36.0,2641.0,2607,34.0,0.504,1.888,-1.384,0.84877,0.62521,0.2235599999999999,0.1424657534246575,0.6616915422885572,-0.5192257888638997
46,14,7,2641.0,2607,34.0,2689.0,2676,13.0,3028.0,2800,228.0,3.096,2.704,0.3919999999999999,1.00048864,1.00048864,0.0,0.2480620155038759,0.7150259067357513,-0.4669638912318753
46,16,8,3101.0,2800,301.0,3130.0,3163,-33.0,3176.0,3373,-197.0,0.56,3.896,-3.336,0.3141899999999999,0.57243864,-0.25824864,0.7733333333333333,0.7329842931937173,0.040349040139616
46,20,9,3527.0,3373,154.0,3584.0,3560,24.0,3687.0,3640,47.0,0.856,3.176,-2.3200000000000003,0.51917864,0.54727864,-0.0281,0.7125,0.599250936329588,0.1132490636704119
46,21,10,3687.0,3640,47.0,3749.0,3771,-22.0,3867.0,3993,-126.0,1.32,1.688,-0.3679999999999999,0.8460799999999999,1.00048864,-0.1544086399999999,0.6888888888888889,0.7422096317280453,-0.0533207428391564
46,30,12,5585.0,5545,40.0,5681.0,5669,12.0,5740.0,5770,-30.0,1.464,5.488,-4.024000000000001,0.72807,0.8846786400000001,-0.15660864,0.7612903225806451,0.8977777777777778,-0.1364874551971326
46,33,13,5956.0,5770,186.0,6002.0,6009,-7.0,6150.0,6124,26.0,0.928,2.72,-1.7920000000000005,1.00048864,1.00048864,0.0,0.4742268041237113,0.6497175141242938,-0.1754907100005824
46,34,14,6150.0,6124,26.0,6254.0,6224,30.0,6392.0,6342,50.0,2.016,1.72,0.296,0.96334864,0.96334864,0.0,0.859504132231405,0.9174311926605504,-0.0579270604291455
46,36,15,6449.0,6342,107.0,6508.0,6503,5.0,6598.0,6596,2.0,0.616,2.232,-1.616,0.366,0.70779864,-0.34179864,0.7919463087248322,0.7322834645669292,0.059662844157903
46,38,16,6654.0,6596,58.0,6708.0,6726,-18.0,7078.0,7002,76.0,0.8,1.784,-0.984,1.00048864,1.00048864,0.0,0.2547169811320755,0.6403940886699507,-0.3856771075378752
46,42,17,7365.0,7002,363.0,7389.0,7386,3.0,7687.0,7604,83.0,0.6,5.28,-4.680000000000001,0.7344286400000001,0.83801864,-0.1035899999999999,0.1490683229813664,0.7242524916943522,-0.5751841687129858
46,44,18,7920.0,7604,316.0,7923.0,7909,14.0,8220.0,8152,68.0,1.496,4.184,-2.688,0.39823864,0.39823864,0.0,0.02,0.8868613138686131,-0.8668613138686131
46,46,19,8405.0,8152,253.0,8465.0,8506,-41.0,8700.0,8665,35.0,1.304,4.776,-3.4719999999999995,1.00048864,1.00048864,0.0,0.4067796610169492,0.6198830409356726,-0.2131033799187234
46,50,20,9273.0,9213,60.0,9335.0,9361,-26.0,9665.0,9611,54.0,3.264,1.768,1.4959999999999998,0.89592,1.00048864,-0.1045686399999998,0.3163265306122449,0.7437185929648241,-0.4273920623525792
46,54,21,9940.0,9611,329.0,9985.0,9980,5.0,10161.0,10112,49.0,0.872,4.952,-4.08,1.00048864,1.00048864,0.0,0.4072398190045249,0.5269461077844311,-0.1197062887799061
46,55,22,10161.0,10112,49.0,10288.0,10273,15.0,10411.0,10381,30.0,2.424,2.344,0.08,1.00048864,1.00048864,0.0,0.984,0.8029739776951673,0.1810260223048326
46,58,23,10951.0,10887,64.0,11018.0,11054,-36.0,11370.0,11234,136.0,2.96,2.976,-0.016,1.00048864,1.00048864,0.0,0.3198090692124105,0.962536023054755,-0.6427269538423446
46,60,24,11569.0,11234,335.0,11614.0,11625,-11.0,11730.0,12118,-388.0,1.808,4.568,-2.76,0.20254,0.36720864,-0.1646686399999999,0.5590062111801242,0.8846153846153846,-0.3256091734352604
46,65,26,12848.0,12618,230.0,12870.0,12915,-45.0,13206.0,13122,84.0,1.072,3.864,-2.792,0.7239186400000001,0.7239186400000001,0.0,0.1229050279329608,0.8214285714285714,-0.6985235434956105
46,68,27,13423.0,13122,301.0,13431.0,13420,11.0,13666.0,13588,78.0,0.432,4.04,-3.608,0.6994859999999999,0.785731,-0.086245,0.0658436213991769,0.721030042918455,-0.655186421519278
46,73,29,14353.0,14058,295.0,14389.0,14364,25.0,14819.0,14516,303.0,0.968,3.696,-2.728,1.00048864,1.00048864,0.0,0.1545064377682403,0.6637554585152838,-0.5092490207470435
46,74,30,14819.0,14516,303.0,14922.0,14951,-29.0,15253.0,15161,92.0,4.264,4.696,-0.4319999999999995,0.90446864,0.90446864,0.0,0.4746543778801844,0.6511627906976745,-0.17650841281749
46,78,31,15729.0,15161,568.0,15767.0,15783,-16.0,16019.0,16094,-75.0,0.664,6.656,-5.992,0.61886,0.79916864,-0.18030864,0.2620689655172413,0.6666666666666667,-0.4045977011494254
46,80,32,16143.0,16094,49.0,16234.0,16244,-10.0,16647.0,16512,135.0,1.52,3.688,-2.168,0.52627,0.62424,-0.09797,0.3611111111111111,0.7177033492822966,-0.3565922381711854
46,81,33,16647.0,16512,135.0,16670.0,16687,-17.0,17079.0,16997,82.0,3.488,3.544,-0.056,0.62521864,0.62521864,0.0,0.1064814814814815,0.7216494845360825,-0.615168003054601
46,85,34,17268.0,16997,271.0,17319.0,17367,-48.0,17677.0,17602,75.0,0.584,5.44,-4.856000000000001,0.965795,1.00048864,-0.0346936399999999,0.2493887530562347,0.7768595041322314,-0.5274707510759966
46,87,35,17765.0,17602,163.0,17822.0,17840,-18.0,18073.0,18022,51.0,0.768,3.784,-3.016,1.00048864,0.988517,0.0119716399999999,0.3701298701298701,0.8666666666666667,-0.4965367965367966
46,91,36,18359.0,18296,63.0,18365.0,18395,-30.0,18703.0,18573,130.0,1.056,4.44,-3.3840000000000003,0.74591,0.74591,0.0,0.0348837209302325,0.7148014440433212,-0.6799177231130887
46,94,37,18822.0,18573,249.0,18874.0,18865,9.0,19202.0,19109,93.0,0.528,3.76,-3.232,0.88273,0.88273,0.0,0.2736842105263157,0.9104477611940298,-0.6367635506677141
46,98,38,19416.0,19343,73.0,19467.0,19457,10.0,19608.0,19566,42.0,0.72,4.736,-4.016,0.72612,0.6701699999999999,0.05595,0.53125,0.9775784753363228,-0.4463284753363229
46,99,39,19608.0,19566,42.0,19650.0,19662,-12.0,20199.0,20122,77.0,1.464,1.64,-0.1759999999999999,0.6256986400000001,0.6256986400000001,0.0,0.1421319796954314,0.3453237410071942,-0.2031917613117627
46,102,40,20366.0,20122,244.0,20413.0,20464,-51.0,20806.0,20683,123.0,0.496,6.416,-5.92,0.6017600000000001,1.00048864,-0.3987286399999998,0.2136363636363636,0.7807486631016043,-0.5671122994652407
46,103,41,20806.0,20683,123.0,20844.0,20859,-15.0,21164.0,21092,72.0,3.448,3.16,0.2879999999999998,0.6618620000000001,0.6618620000000001,0.0,0.2122905027932961,0.8606356968215159,-0.6483451940282198
46,106,42,21420.0,21386,34.0,21467.0,21469,-2.0,21668.0,21742,-74.0,1.08,4.88,-3.8,0.60273864,0.60273864,0.0,0.3790322580645161,0.4662921348314607,-0.0872598767669445
46,109,43,21873.0,21742,131.0,21900.0,21874,26.0,21949.0,22041,-92.0,0.624,3.24,-2.616,0.7229386400000001,0.7229386400000001,0.0,0.7105263157894737,0.882943143812709,-0.1724168280232353
46,113,44,22151.0,22041,110.0,22254.0,22247,7.0,22417.0,22392,25.0,1.312,2.984,-1.672,0.94209864,0.94209864,0.0,0.7744360902255639,0.8262108262108262,-0.0517747359852622
46,114,45,22417.0,22392,25.0,22459.0,22471,-12.0,22700.0,22626,74.0,1.64,1.792,-0.1520000000000001,0.27363864,0.27363864,0.0,0.2968197879858657,0.6752136752136753,-0.3783938872278095
46,116,46,22842.0,22626,216.0,22884.0,22887,-3.0,23522.0,23015,507.0,0.736,3.328,-2.592,1.00048864,1.00048864,0.0,0.1235294117647058,0.6580976863753214,-0.5345682746106155
46,117,47,23522.0,23015,507.0,23557.0,23543,14.0,23956.0,23655,301.0,5.384,5.248,0.1360000000000001,0.25408864,0.25408864,0.0,0.1612903225806451,0.35,-0.1887096774193548
46,118,48,23956.0,23655,301.0,23972.0,23975,-3.0,24181.0,24075,106.0,3.32,3.456,-0.1360000000000001,0.205474,0.22159864,-0.01612464,0.1422222222222222,0.4761904761904761,-0.3339682539682539
46,119,49,24181.0,24075,106.0,24192.0,24184,8.0,24370.0,24299,71.0,1.76,1.672,0.088,0.25775864,0.25775864,0.0,0.1164021164021164,0.9732142857142856,-0.8568121693121693
46,121,50,24792.0,24299,493.0,24820.0,24814,6.0,25010.0,24958,52.0,3.512,5.04,-1.528,0.33251864,0.33251864,0.0,0.2568807339449541,0.4370257966616084,-0.1801450627166543
46,123,51,25065.0,24958,107.0,25130.0,25114,16.0,25328.0,25255,73.0,0.672,2.4,-1.7279999999999998,0.81871864,0.81871864,0.0,0.494296577946768,0.9494949494949496,-0.4551983715481814
46,124,52,25328.0,25255,73.0,25369.0,25351,18.0,25543.0,25452,91.0,1.912,1.896,0.016,0.5235786400000001,0.5235786400000001,0.0,0.3813953488372092,0.9746192893401016,-0.5932239405028923
46,127,53,25641.0,25452,189.0,25674.0,25668,6.0,25833.0,25933,-100.0,0.712,2.536,-1.824,0.489621,0.51722864,-0.02760764,0.34375,0.8981288981288982,-0.5543788981288982
46,129,54,25977.0,25933,44.0,26029.0,26073,-44.0,26533.0,26445,88.0,1.24,3.24,-2.0,0.56877864,0.56877864,0.0,0.1870503597122301,0.546875,-0.3598246402877698
46,130,55,26533.0,26445,88.0,26576.0,26555,21.0,26685.0,26640,45.0,4.376,3.856,0.5200000000000005,0.7368686400000001,0.7368686400000001,0.0,0.5657894736842105,0.8717948717948718,-0.3060053981106613
46,133,57,27365.0,27156,209.0,27464.0,27477,-13.0,27608.0,27749,-141.0,4.704,3.8,0.904,0.84266,1.00048864,-0.1578286399999999,0.8148148148148149,0.9173693086003372,-0.1025544937855224
46,135,58,27898.0,27749,149.0,27937.0,27920,17.0,28052.0,28003,49.0,2.456,3.544,-1.088,0.3591486399999999,0.3591486399999999,0.0,0.5064935064935066,0.6535433070866141,-0.1470498005931075
46,138,59,28353.0,28003,350.0,28434.0,28436,-2.0,28485.0,28521,-36.0,1.12,4.128,-3.008,0.42268,0.70950864,-0.28682864,0.7727272727272727,0.3281853281853282,0.4445419445419445
46,141,60,28626.0,28521,105.0,28629.0,28637,-8.0,28760.0,29048,-288.0,0.52,1.608,-1.088,0.35793,0.49792,-0.13999,0.044776119402985,0.4402277039848197,-0.3954515845818346
46,144,61,29165.0,29048,117.0,29215.0,29188,27.0,29378.0,29315,63.0,0.84,4.408,-3.5680000000000005,0.89371864,0.89371864,0.0,0.4694835680751174,0.951310861423221,-0.4818272933481036
46,145,62,29378.0,29315,63.0,29481.0,29470,11.0,29589.0,29576,13.0,2.128,2.256,-0.1279999999999996,1.00048864,1.00048864,0.0,0.976303317535545,0.8122605363984674,0.1640427811370776
46,149,63,30244.0,30214,30.0,30301.0,30330,-29.0,30668.0,30593,75.0,1.176,1.648,-0.472,1.00048864,1.00048864,0.0,0.2688679245283019,0.6121372031662269,-0.343269278637925
46,151,64,30724.0,30593,131.0,30760.0,30749,11.0,30988.0,30895,93.0,0.464,3.352,-2.888,0.4744719999999999,0.52064864,-0.04617664,0.2727272727272727,0.9668874172185432,-0.6941601444912704
46,153,65,31173.0,30895,278.0,31175.0,31138,37.0,31447.0,31366,81.0,0.832,3.112,-2.28,0.723674,0.723674,0.0,0.0145985401459853,0.9681528662420382,-0.9535543260960528
46,161,68,32647.0,32354,293.0,32670.0,32664,6.0,32872.0,32822,50.0,0.496,4.12,-3.624,0.940627,0.936229,0.004398,0.2044444444444444,0.6752136752136753,-0.4707692307692308
46,163,69,32999.0,32822,177.0,33052.0,33082,-30.0,33284.0,33231,53.0,0.568,3.344,-2.776,1.00048864,1.00048864,0.0,0.3719298245614035,0.7286063569682152,-0.3566765324068116
46,165,70,33373.0,33231,142.0,33459.0,33478,-19.0,33779.0,33697,82.0,1.048,3.168,-2.12,1.00048864,1.00048864,0.0,0.4236453201970444,0.9399141630901288,-0.5162688428930844
46,166,71,33779.0,33697,82.0,33836.0,33861,-25.0,34198.0,34124,74.0,3.016,3.064,-0.048,1.00048864,1.00048864,0.0,0.2720763723150358,0.7681498829039812,-0.4960735105889454
46,167,72,34198.0,34124,74.0,34252.0,34280,-28.0,34775.0,34710,65.0,3.328,3.352,-0.024,1.00048864,1.00048864,0.0,0.1871750433275563,0.5324232081911262,-0.3452481648635699
46,168,73,34775.0,34710,65.0,34928.0,34976,-48.0,35251.0,35196,55.0,5.408,5.568,-0.1599999999999992,0.984608,1.00048864,-0.0158806399999998,0.6428571428571428,0.9053497942386832,-0.2624926513815403
46,172,75,35939.0,35707,232.0,35964.0,35997,-33.0,36223.0,36183,40.0,0.48,4.192,-3.712,0.939409,0.913022,0.026387,0.176056338028169,0.7815126050420168,-0.6054562670138478
46,175,76,36360.0,36183,177.0,36400.0,36461,-61.0,36726.0,36651,75.0,0.456,3.712,-3.256,1.00048864,1.00048864,0.0,0.2185792349726776,0.811965811965812,-0.5933865769931344
46,177,77,36800.0,36651,149.0,36883.0,36870,13.0,37029.0,36982,47.0,0.896,3.272,-2.376,0.7857286400000001,0.7857286400000001,0.0,0.7248908296943232,0.676737160120846,0.0481536695734772
46,178,78,37029.0,36982,47.0,37088.0,37088,0.0,37291.0,37253,38.0,1.64,1.744,-0.104,0.960421,0.98289864,-0.02247764,0.4503816793893129,0.7822878228782288,-0.3319061434889159
46,179,79,37291.0,37253,38.0,37450.0,37478,-28.0,37838.0,37784,54.0,2.896,3.12,-0.2240000000000002,0.82775,0.978011,-0.1502609999999999,0.5813528336380256,0.847457627118644,-0.2661047934806184
46,183,81,38476.0,38240,236.0,38483.0,38467,16.0,38757.0,38697,60.0,0.392,3.256,-2.864,0.82311,0.972148,-0.149038,0.0498220640569394,0.9934354485776804,-0.9436133845207412
46,186,82,38898.0,38697,201.0,38922.0,38950,-28.0,39261.0,39219,42.0,0.432,3.864,-3.432,0.942829,0.93159,0.0112389999999999,0.1322314049586777,0.9693486590038314,-0.8371172540451537
46,190,83,39464.0,39219,245.0,39509.0,39523,-14.0,39698.0,39670,28.0,0.768,4.584,-3.816,0.97703864,0.97703864,0.0,0.3846153846153846,0.6518847006651884,-0.2672693160498038
46,192,84,39825.0,39670,155.0,39853.0,39846,7.0,40018.0,39978,40.0,0.408,2.584,-2.176,0.8876086400000001,0.8876086400000001,0.0,0.2901554404145078,0.8571428571428572,-0.5669874167283494
46,194,86,40543.0,40468,75.0,40611.0,40587,24.0,40736.0,40682,54.0,3.816,2.856,0.96,0.8167586400000001,0.8167586400000001,0.0,0.7046632124352332,0.8878504672897196,-0.1831872548544864
46,195,87,40736.0,40682,54.0,40792.0,40811,-19.0,40958.0,40926,32.0,1.448,1.792,-0.3440000000000001,1.00048864,1.00048864,0.0,0.5045045045045045,0.9426229508196722,-0.4381184463151677
46,200,89,41874.0,41582,292.0,41903.0,41871,32.0,42101.0,42025,76.0,1.08,3.616,-2.536,0.7209886400000001,0.7209886400000001,0.0,0.2555066079295154,0.6952595936794582,-0.4397529857499428
46,201,90,42101.0,42025,76.0,42163.0,42190,-27.0,42686.0,42641,45.0,2.08,2.552,-0.472,1.00048864,1.00048864,0.0,0.211965811965812,0.5357142857142857,-0.3237484737484737
46,202,91,42686.0,42641,45.0,42764.0,42781,-17.0,43187.0,43564,-377.0,4.808,4.728,0.08,0.83313,1.00048864,-0.1673586399999999,0.311377245508982,0.3033586132177681,0.0080186322912139
46,207,92,43866.0,43564,302.0,43895.0,43869,26.0,44105.0,44034,71.0,0.552,8.704,-8.152000000000001,0.85584864,0.85584864,0.0,0.2426778242677824,0.7021276595744681,-0.4594498353066857
46,210,93,44298.0,44034,264.0,44333.0,44352,-19.0,44599.0,44556,43.0,0.56,3.864,-3.304,1.00048864,1.00048864,0.0,0.2325581395348837,0.7816091954022988,-0.5490510558674151
46,215,95,45303.0,45035,268.0,45322.0,45337,-15.0,45575.0,45505,70.0,0.68,3.808,-3.128,0.98533864,0.98533864,0.0,0.1397058823529411,0.7148936170212765,-0.5751877346683354
46,218,97,46151.0,45973,178.0,46194.0,46227,-33.0,46514.0,46403,111.0,0.568,3.232,-2.664,1.00048864,1.00048864,0.0,0.2369146005509641,0.8186046511627907,-0.5816900506118265
46,219,98,46514.0,46403,111.0,46633.0,46661,-28.0,46984.0,46938,46.0,3.512,3.472,0.04,0.912045,1.00048864,-0.0884436399999999,0.5063829787234042,0.9644859813084112,-0.458103002585007
46,226,102,48627.0,48388,239.0,48646.0,48700,-54.0,48924.0,48869,55.0,0.568,4.016,-3.448,0.96212864,0.96212864,0.0,0.1279461279461279,0.7027027027027026,-0.5747565747565747
46,228,103,49125.0,48869,256.0,49148.0,49178,-30.0,49382.0,49329,53.0,1.096,3.824,-2.728,1.00048864,1.00048864,0.0,0.178988326848249,0.6565217391304348,-0.4775334122821857
46,232,105,49966.0,49782,184.0,50014.0,50025,-11.0,50217.0,50166,51.0,0.488,3.248,-2.76,1.00048864,1.00048864,0.0,0.3824701195219123,0.734375,-0.3519048804780876
46,235,106,50822.0,50778,44.0,50935.0,50955,-20.0,51345.0,51295,50.0,3.896,3.032,0.8639999999999999,0.86172,0.86172,0.0,0.4321223709369025,0.6847195357833655,-0.252597164846463
46,239,107,51528.0,51295,233.0,51539.0,51563,-24.0,51801.0,51746,55.0,0.48,4.864,-4.384,0.86317864,0.86317864,0.0,0.0805860805860806,0.811529933481153,-0.7309438528950724
46,243,108,52027.0,51746,281.0,52031.0,52027,4.0,52307.0,52245,62.0,0.496,3.712,-3.216,0.89177,0.900566,-0.008796,0.0285714285714285,0.87374749498998,-0.8451760664185514
46,246,109,52526.0,52245,281.0,52531.0,52541,-10.0,52817.0,52763,54.0,0.488,4.112,-3.624,0.96408864,0.96408864,0.0,0.0343642611683848,0.8571428571428572,-0.8227785959744723
46,249,110,53020.0,52763,257.0,53041.0,53075,-34.0,53316.0,53264,52.0,0.584,4.272,-3.688,1.00048864,1.00048864,0.0,0.1418918918918918,0.7544910179640718,-0.6125991260721799
46,252,111,53518.0,53264,254.0,53542.0,53575,-33.0,53810.0,53749,61.0,0.512,4.0,-3.488,1.00048864,1.00048864,0.0,0.1643835616438356,0.7175257731958763,-0.5531422115520407
46,255,112,54016.0,53749,267.0,54019.0,54046,-27.0,54281.0,54225,56.0,0.336,3.768,-3.432,0.9924261,1.00048864,-0.0080625399999999,0.0226415094339622,0.7521008403361344,-0.7294593309021722
46,257,113,54447.0,54225,222.0,54477.0,54525,-48.0,54763.0,54711,52.0,1.024,3.832,-2.808,1.00048864,0.9924261,0.0080625399999999,0.189873417721519,0.7654320987654322,-0.5755586810439132
46,260,114,54944.0,54711,233.0,54975.0,55005,-30.0,55234.0,55189,45.0,0.608,3.84,-3.232,1.00048864,1.00048864,0.0,0.2137931034482758,0.7698744769874477,-0.5560813735391719
46,263,115,55441.0,55189,252.0,55468.0,55480,-12.0,55713.0,55660,53.0,0.576,3.8,-3.224,0.977274,0.99168864,-0.01441464,0.1985294117647058,0.7643312101910829,-0.565801798426377
46,266,116,55872.0,55660,212.0,55891.0,55930,-39.0,56144.0,56084,60.0,0.584,3.6,-3.016,0.863914,0.891034,-0.02712,0.1397058823529411,0.7264150943396226,-0.5867092119866815
46,270,118,56757.0,56565,192.0,56808.0,56831,-23.0,57143.0,57070,73.0,0.888,3.76,-2.872,1.00048864,1.00048864,0.0,0.2642487046632125,0.9465346534653464,-0.682285948802134
46,275,120,57912.0,57629,283.0,57925.0,57921,4.0,58196.0,58129,67.0,0.552,4.248,-3.696,0.77963,0.77034,0.00929,0.0915492957746478,0.832,-0.7404507042253521
46,281,122,58903.0,58617,286.0,58922.0,58926,-4.0,59186.0,59123,63.0,0.576,4.136,-3.56,0.85853864,0.833618,0.02492064,0.1342756183745582,0.7786561264822134,-0.6443805081076551
46,285,123,59408.0,59123,285.0,59418.0,59416,2.0,59661.0,59591,70.0,0.536,3.92,-3.384,0.838501,0.8519386400000001,-0.01343764,0.0790513833992094,0.7478632478632479,-0.6688118644640384
47,2,1,380.0,314,66.0,492.0,469,23.0,728.0,644,84.0,2.744,2.688,0.056,0.9609,0.9609,0.0,0.6436781609195402,0.9393939393939394,-0.2957157784743992
47,3,2,728.0,644,84.0,803.0,806,-3.0,1073.0,989,84.0,2.488,2.696,-0.2080000000000001,0.73549,0.73549,0.0,0.4347826086956522,0.9391304347826088,-0.5043478260869565
47,4,3,1073.0,989,84.0,1152.0,1150,2.0,1413.0,1338,75.0,2.792,2.752,0.04,0.83507,0.84789,-0.01282,0.4647058823529412,0.9226361031518624,-0.4579302207989213
47,5,4,1413.0,1338,75.0,1507.0,1496,11.0,1744.0,1681,63.0,2.84,2.768,0.072,0.95785,0.9438,0.0140500000000001,0.5679758308157099,0.9212827988338192,-0.3533069680181093
47,6,5,1744.0,1681,63.0,1851.0,1836,15.0,2086.0,2018,68.0,2.752,2.72,0.0319999999999995,0.92914,0.92792,0.0012199999999999,0.6257309941520468,0.9198813056379822,-0.2941503114859354
47,7,6,2086.0,2018,68.0,2196.0,2176,20.0,2430.0,2348,82.0,2.76,2.72,0.0399999999999995,0.93097,0.93097,0.0,0.6395348837209303,0.9575757575757576,-0.3180408738548272
47,8,7,2430.0,2348,82.0,2536.0,2519,17.0,2778.0,2705,73.0,2.72,2.744,-0.024,0.94074,0.94074,0.0,0.6091954022988506,0.957983193277311,-0.3487877909784603
47,9,8,2778.0,2705,73.0,2858.0,2857,1.0,3117.0,3041,76.0,2.576,2.704,-0.1280000000000001,0.87294,0.87294,0.0,0.471976401179941,0.9047619047619048,-0.4327855035819637
47,10,9,3117.0,3041,76.0,3207.0,3197,10.0,3446.0,3376,70.0,2.792,2.72,0.0719999999999996,0.8906499999999999,0.89615,-0.0055,0.547112462006079,0.9313432835820896,-0.3842308215760105
47,11,10,3446.0,3376,70.0,3558.0,3541,17.0,3792.0,3720,72.0,2.808,2.752,0.056,0.92853,0.96274,-0.0342099999999999,0.6473988439306358,0.9593023255813954,-0.3119034816507595
47,12,11,3792.0,3720,72.0,3895.0,3880,15.0,4140.0,4069,71.0,2.696,2.712,-0.016,0.97556,0.97556,0.0,0.5919540229885057,0.9169054441260744,-0.3249514211375687
47,13,12,4140.0,4069,71.0,4215.0,4217,-2.0,4477.0,4404,73.0,2.56,2.696,-0.1360000000000001,0.89676,0.89676,0.0,0.4451038575667656,0.8835820895522388,-0.4384782319854732
47,14,13,4477.0,4404,73.0,4570.0,4559,11.0,4810.0,4730,80.0,2.84,2.736,0.1039999999999996,0.89554,0.91814,-0.0225999999999999,0.5585585585585586,0.950920245398773,-0.3923616868402143
47,15,14,4810.0,4730,80.0,4917.0,4900,17.0,5106.0,5071,35.0,2.776,2.728,0.0479999999999996,0.93708,0.93708,0.0,0.722972972972973,0.997067448680352,-0.2740944757073789
47,17,15,5150.0,5071,79.0,5246.0,5257,-11.0,5272.0,5496,-224.0,1.008,2.856,-1.848,0.841786,1.36408,-0.5222939999999999,0.4262295081967213,0.8752941176470588,-0.4490646094503374
47,20,16,5542.0,5496,46.0,5632.0,5620,12.0,5770.0,5729,41.0,1.432,2.904,-1.472,0.99267,1.18204,-0.1893699999999999,0.7894736842105263,0.9356223175965666,-0.1461486333860402
47,22,17,5871.0,5729,142.0,5966.0,5947,19.0,6100.0,6065,35.0,1.224,2.616,-1.392,1.2975,1.34942,-0.0519200000000001,0.8296943231441047,0.7023809523809523,0.1273133707631524
47,23,18,6100.0,6065,35.0,6195.0,6220,-25.0,6259.0,6346,-87.0,1.832,2.184,-0.3520000000000001,0.89554,1.12645,-0.2309099999999999,0.8050314465408805,0.896797153024911,-0.0917657064840304
47,25,19,6360.0,6346,14.0,6458.0,6447,11.0,6683.0,6582,101.0,1.536,1.816,-0.28,0.536349,0.67746,-0.141111,0.6068111455108359,0.8559322033898304,-0.2491210578789945
47,26,20,6683.0,6582,101.0,6787.0,6774,13.0,7032.0,6969,63.0,2.632,2.616,0.016,1.09896,1.09896,0.0,0.5959885386819483,0.992248062015504,-0.3962595233335555
47,27,21,7032.0,6969,63.0,7131.0,7122,9.0,7374.0,7313,61.0,2.752,2.784,-0.032,0.90837,0.90837,0.0,0.5789473684210527,0.8895348837209303,-0.3105875152998776
47,28,22,7374.0,7313,61.0,7475.0,7465,10.0,7715.0,7651,64.0,2.752,2.744,0.0079999999999995,0.86989,0.87416,-0.0042699999999999,0.5923753665689149,0.8994082840236687,-0.3070329174547538
47,29,23,7715.0,7651,64.0,7817.0,7807,10.0,8050.0,7992,58.0,2.736,2.736,0.0,0.8876000000000001,0.8992100000000001,-0.01161,0.6089552238805971,0.9149560117302052,-0.3060007878496081
47,30,24,8050.0,7992,58.0,8160.0,8148,12.0,8392.0,8331,61.0,2.744,2.728,0.016,0.89371,0.90043,-0.0067199999999999,0.6432748538011697,0.9203539823008848,-0.2770791284997153
47,31,25,8392.0,8331,61.0,8503.0,8487,16.0,8733.0,8665,68.0,2.744,2.712,0.032,0.8894299999999999,0.87477,0.0146599999999998,0.6510263929618768,0.934131736526946,-0.2831053435650693
47,32,26,8733.0,8665,68.0,8847.0,8828,19.0,9075.0,9010,65.0,2.752,2.728,0.0239999999999995,0.89615,0.91509,-0.0189399999999999,0.6666666666666667,0.944927536231884,-0.2782608695652173
47,33,27,9075.0,9010,65.0,9191.0,9170,21.0,9421.0,9354,67.0,2.752,2.736,0.0159999999999995,0.9267,0.9267,0.0,0.6705202312138728,0.9302325581395348,-0.259712326925662
47,34,28,9421.0,9354,67.0,9530.0,9510,20.0,9768.0,9685,83.0,2.712,2.72,-0.008,0.86316,0.86316,0.0,0.6282420749279538,0.9425981873111784,-0.3143561123832245
47,35,29,9768.0,9685,83.0,9854.0,9851,3.0,10102.0,10033,69.0,2.592,2.728,-0.1360000000000001,0.7556499999999999,0.7617499999999999,-0.0060999999999999,0.5149700598802396,0.9540229885057472,-0.4390529286255076
47,36,30,10102.0,10033,69.0,10201.0,10190,11.0,10438.0,10371,67.0,2.776,2.712,0.0639999999999996,0.90836,0.91508,-0.0067199999999999,0.5892857142857143,0.9289940828402368,-0.3397083685545223
47,37,31,10438.0,10371,67.0,10552.0,10534,18.0,10782.0,10715,67.0,2.808,2.752,0.056,0.9493,0.96273,-0.01343,0.6627906976744187,0.9476744186046512,-0.2848837209302325
47,38,32,10782.0,10715,67.0,10892.0,10871,21.0,11128.0,11052,76.0,2.72,2.696,0.024,0.95724,0.95724,0.0,0.6358381502890174,0.9258160237388724,-0.289977873449855
47,39,33,11128.0,11052,76.0,11203.0,11203,0.0,11435.0,11406,29.0,2.488,2.656,-0.1680000000000001,1.31032,1.31032,0.0,0.4885993485342019,0.8531073446327684,-0.3645079960985664
47,40,34,11435.0,11406,29.0,11552.0,11542,10.0,11783.0,11746,37.0,2.792,2.712,0.0799999999999996,1.13745,1.34636,-0.2089099999999999,0.6724137931034483,0.8,-0.1275862068965517
47,47,35,12821.0,12765,56.0,12882.0,12903,-21.0,12929.0,13037,-108.0,2.376,2.64,-0.2640000000000002,0.44475,1.51927,-1.07452,0.8703703703703703,0.9852941176470588,-0.1149237472766885
47,49,36,13056.0,13037,19.0,13171.0,13160,11.0,13399.0,13341,58.0,1.776,2.056,-0.28,1.03726,1.26634,-0.2290799999999999,0.6705539358600583,0.8092105263157895,-0.1386565904557312
47,50,37,13399.0,13341,58.0,13506.0,13493,13.0,13742.0,13685,57.0,2.68,2.664,0.016,1.32381,1.32381,0.0,0.6239067055393586,0.8837209302325582,-0.2598142246931996
47,51,38,13742.0,13685,57.0,13849.0,13837,12.0,14079.0,14021,58.0,2.744,2.752,-0.0079999999999995,1.22724,1.2193,0.0079399999999998,0.6350148367952522,0.9047619047619048,-0.2697470679666526
47,52,39,14079.0,14021,58.0,14192.0,14175,17.0,14420.0,14345,75.0,2.744,2.704,0.04,1.15639,1.15639,0.0,0.6627565982404693,0.9506172839506172,-0.287860685710148
47,53,40,14420.0,14345,75.0,14538.0,14520,18.0,14763.0,14699,64.0,2.768,2.76,0.008,1.18204,1.27001,-0.0879700000000001,0.6880466472303207,0.9887005649717514,-0.3006539177414307
47,54,41,14763.0,14699,64.0,14883.0,14862,21.0,15110.0,15050,60.0,2.76,2.736,0.0239999999999995,1.29139,1.29444,-0.0030499999999999,0.6916426512968299,0.9287749287749288,-0.2371322774780988
47,55,42,15110.0,15050,60.0,15219.0,15199,20.0,15451.0,15377,74.0,2.688,2.696,-0.008,1.25473,1.25473,0.0,0.6392961876832844,0.91131498470948,-0.2720187970261957
47,56,43,15451.0,15377,74.0,15555.0,15540,15.0,15784.0,15717,67.0,2.688,2.728,-0.04,1.16615,1.16615,0.0,0.6246246246246246,0.9588235294117649,-0.3341989047871401
47,57,44,15784.0,15717,67.0,15895.0,15884,11.0,16126.0,16073,53.0,2.72,2.752,-0.0319999999999995,1.22297,1.292,-0.0690299999999999,0.6491228070175439,0.9382022471910112,-0.2890794401734673
47,58,45,16126.0,16073,53.0,16238.0,16224,14.0,16468.0,16407,61.0,2.744,2.72,0.024,1.29867,1.27302,0.0256499999999999,0.6549707602339181,0.9041916167664672,-0.249220856532549
47,59,46,16468.0,16407,61.0,16583.0,16562,21.0,16811.0,16735,76.0,2.76,2.704,0.0559999999999996,1.27306,1.27306,0.0,0.6705539358600583,0.945121951219512,-0.2745680153594538
47,60,47,16811.0,16735,76.0,16929.0,16907,22.0,17157.0,17092,65.0,2.768,2.76,0.008,1.22236,1.28894,-0.0665799999999998,0.6820809248554913,0.9635854341736696,-0.2815045093181781
47,61,48,17157.0,17092,65.0,17260.0,17247,13.0,17491.0,17436,55.0,2.648,2.72,-0.072,1.2193,1.2193,0.0,0.6167664670658682,0.9011627906976744,-0.2843963236318062
47,62,49,17491.0,17436,55.0,17599.0,17586,13.0,17828.0,17768,60.0,2.712,2.712,0.0,1.20587,1.19365,0.0122200000000001,0.6409495548961424,0.9036144578313252,-0.2626649029351829
47,63,50,17828.0,17768,60.0,17946.0,17928,18.0,18174.0,18112,62.0,2.776,2.736,0.0399999999999995,1.28408,1.32074,-0.0366599999999999,0.6820809248554913,0.9302325581395348,-0.2481516332840435
47,64,51,18174.0,18112,62.0,18291.0,18269,22.0,18519.0,18453,66.0,2.76,2.728,0.0319999999999995,1.2962399999999998,1.2962399999999998,0.0,0.6782608695652175,0.9208211143695014,-0.2425602448042839
47,65,52,18519.0,18453,66.0,18630.0,18609,21.0,18859.0,18785,74.0,2.712,2.72,-0.008,1.25779,1.25779,0.0,0.6529411764705882,0.9397590361445785,-0.2868178596739901
47,66,53,18859.0,18785,74.0,18961.0,18950,11.0,19194.0,19128,66.0,2.648,2.728,-0.08,1.11729,1.15455,-0.03726,0.6089552238805971,0.9620991253644317,-0.3531439014838344
47,67,54,19194.0,19128,66.0,19305.0,19292,13.0,19533.0,19475,58.0,2.752,2.736,0.0159999999999995,1.21503,1.26817,-0.0531399999999999,0.6548672566371682,0.9452449567723344,-0.2903777001351662
47,68,55,19533.0,19475,58.0,19651.0,19634,17.0,19879.0,19818,61.0,2.768,2.736,0.0319999999999995,1.35066,1.33478,0.0158799999999998,0.6820809248554913,0.9271137026239068,-0.2450327777684153
47,69,56,19879.0,19818,61.0,19994.0,19972,22.0,20221.0,20146,75.0,2.744,2.704,0.04,1.3091,1.3091,0.0,0.672514619883041,0.9390243902439024,-0.2665097703608614
47,70,57,20221.0,20146,75.0,20334.0,20315,19.0,20561.0,20495,66.0,2.72,2.744,-0.024,1.22113,1.22908,-0.0079499999999999,0.6647058823529413,0.968481375358166,-0.3037754930052249
47,71,58,20561.0,20495,66.0,20669.0,20657,12.0,20898.0,20842,56.0,2.68,2.736,-0.056,1.19304,1.22969,-0.03665,0.6409495548961424,0.9337175792507204,-0.292768024354578
47,72,59,20898.0,20842,56.0,21010.0,20995,15.0,21240.0,21178,62.0,2.728,2.704,0.024,1.29199,1.2669499999999998,0.0250400000000001,0.6549707602339181,0.9107142857142856,-0.2557435254803676
47,73,60,21240.0,21178,62.0,21357.0,21336,21.0,21584.0,21510,74.0,2.776,2.728,0.0479999999999996,1.27,1.27,0.0,0.6802325581395349,0.9518072289156626,-0.2715746707761277
47,74,61,21584.0,21510,74.0,21702.0,21681,21.0,21930.0,21875,55.0,2.76,2.76,0.0,1.2296900000000002,1.27184,-0.0421499999999999,0.6820809248554913,0.936986301369863,-0.2549053765143717
47,75,62,21930.0,21875,55.0,22035.0,22020,15.0,22263.0,22199,64.0,2.664,2.712,-0.048,1.18938,1.18938,0.0,0.6306306306306306,0.8950617283950617,-0.2644310977644311
47,76,63,22263.0,22199,64.0,22370.0,22358,12.0,22603.0,22549,54.0,2.68,2.704,-0.024,1.135,1.146,-0.0109999999999998,0.6294117647058823,0.9085714285714286,-0.2791596638655462
47,77,64,22603.0,22549,54.0,22714.0,22697,17.0,22941.0,22870,71.0,2.752,2.712,0.0399999999999995,1.15211,1.15089,0.0012199999999999,0.6568047337278107,0.9221183800623052,-0.2653136463344946
47,78,65,22941.0,22870,71.0,23061.0,23040,21.0,23288.0,23222,66.0,2.776,2.744,0.0319999999999995,1.26021,1.30481,-0.0445999999999999,0.6916426512968299,0.9659090909090908,-0.274266439612261
47,79,66,23288.0,23222,66.0,23404.0,23381,23.0,23633.0,23557,76.0,2.744,2.728,0.016,1.29505,1.29505,0.0,0.672463768115942,0.9492537313432836,-0.2767899632273416
47,80,67,23633.0,23557,76.0,23739.0,23721,18.0,23970.0,23892,78.0,2.68,2.72,-0.04,1.17899,1.17899,0.0,0.629080118694362,0.9791044776119404,-0.3500243589175783
47,81,68,23970.0,23892,78.0,24075.0,24064,11.0,24305.0,24244,61.0,2.688,2.744,-0.056,1.12706,1.18754,-0.06048,0.6268656716417911,0.9772727272727272,-0.3504070556309362
47,82,69,24305.0,24244,61.0,24421.0,24407,14.0,24650.0,24594,56.0,2.768,2.744,0.0239999999999995,1.23887,1.3072899999999998,-0.0684199999999999,0.672463768115942,0.9314285714285714,-0.2589648033126294
47,83,70,24650.0,24594,56.0,24765.0,24746,19.0,24993.0,24927,66.0,2.752,2.712,0.0399999999999995,1.30242,1.30242,0.0,0.6705539358600583,0.9129129129129128,-0.2423589770528545
47,84,71,24993.0,24927,66.0,25109.0,25087,22.0,25337.0,25266,71.0,2.752,2.728,0.0239999999999995,1.25351,1.25351,0.0,0.6744186046511628,0.943952802359882,-0.2695341977087192
47,85,72,25337.0,25266,71.0,25452.0,25433,19.0,25682.0,25613,69.0,2.744,2.768,-0.0239999999999995,1.25351,1.25351,0.0,0.6666666666666667,0.962536023054755,-0.2958693563880883
47,86,73,25682.0,25613,69.0,25777.0,25769,8.0,26012.0,25950,62.0,2.6,2.688,-0.088,1.09591,1.09408,0.0018299999999999,0.5757575757575757,0.9258160237388724,-0.3500584479812967
47,87,74,26012.0,25950,62.0,26121.0,26107,14.0,26352.0,26288,64.0,2.752,2.704,0.0479999999999996,1.18631,1.16921,0.0170999999999998,0.6411764705882352,0.9289940828402368,-0.2878176122520014
47,88,75,26352.0,26288,64.0,26469.0,26451,18.0,26696.0,26630,66.0,2.784,2.752,0.032,1.16921,1.1857,-0.0164899999999998,0.6802325581395349,0.953216374269006,-0.272983816129471
47,89,76,26696.0,26630,66.0,26814.0,26793,21.0,27043.0,26980,63.0,2.76,2.736,0.0239999999999995,1.17104,1.18693,-0.0158899999999999,0.6801152737752161,0.9314285714285714,-0.2513132976533553
47,90,77,27043.0,26980,63.0,27149.0,27132,17.0,27380.0,27314,66.0,2.68,2.712,-0.032,1.21564,1.21564,0.0,0.629080118694362,0.9101796407185628,-0.2810995220242008
47,91,78,27380.0,27314,66.0,27482.0,27471,11.0,27711.0,27649,62.0,2.664,2.712,-0.048,1.10263,1.10935,-0.00672,0.6163141993957704,0.9373134328358208,-0.3209992334400505
47,92,79,27711.0,27649,62.0,27828.0,27814,14.0,28058.0,27999,59.0,2.768,2.744,0.0239999999999995,1.21198,1.2639,-0.0519199999999999,0.6743515850144093,0.9428571428571428,-0.2685055578427335
47,93,80,28058.0,27999,59.0,28175.0,28156,19.0,28403.0,28338,65.0,2.776,2.736,0.0399999999999995,1.26578,1.27372,-0.00794,0.6782608695652175,0.9262536873156342,-0.2479928177504167
47,94,81,28403.0,28338,65.0,28517.0,28498,19.0,28749.0,28691,58.0,2.736,2.736,0.0,1.22786,1.22786,0.0,0.6589595375722543,0.906515580736544,-0.2475560431642895
47,95,82,28749.0,28691,58.0,28848.0,28837,11.0,29084.0,29025,59.0,2.648,2.712,-0.064,1.13317,1.13317,0.0,0.591044776119403,0.874251497005988,-0.283206720886585
47,96,83,29084.0,29025,59.0,29189.0,29177,12.0,29418.0,29356,62.0,2.728,2.72,0.008,1.18021,1.19242,-0.01221,0.6287425149700598,0.918429003021148,-0.2896864880510882
47,97,84,29418.0,29356,62.0,29535.0,29516,19.0,29763.0,29693,70.0,2.768,2.712,0.0559999999999996,1.22663,1.2431299999999998,-0.0164999999999997,0.6782608695652175,0.9495548961424332,-0.2712940265772158
47,98,85,29763.0,29693,70.0,29881.0,29859,22.0,30109.0,30038,71.0,2.768,2.744,0.0239999999999995,1.25412,1.25412,0.0,0.6820809248554913,0.9623188405797102,-0.2802379157242188
47,99,86,30109.0,30038,71.0,30219.0,30200,19.0,30451.0,30382,69.0,2.704,2.728,-0.024,1.21686,1.21686,0.0,0.6432748538011697,0.9418604651162792,-0.2985856113151094
47,100,87,30451.0,30382,69.0,30552.0,30543,9.0,30783.0,30727,56.0,2.664,2.744,-0.08,1.16494,1.16188,0.00306,0.608433734939759,0.9333333333333332,-0.3248995983935743
47,101,88,30783.0,30727,56.0,30897.0,30881,16.0,31127.0,31066,61.0,2.76,2.704,0.0559999999999996,1.24313,1.24802,-0.0048899999999998,0.6627906976744187,0.9085545722713864,-0.2457638745969678
47,102,89,31127.0,31066,61.0,31244.0,31223,21.0,31472.0,31402,70.0,2.776,2.736,0.0399999999999995,1.27187,1.27431,-0.0024399999999999,0.6782608695652175,0.9345238095238096,-0.256262939958592
47,103,90,31472.0,31402,70.0,31584.0,31563,21.0,31817.0,31743,74.0,2.72,2.72,0.0,1.25718,1.25718,0.0,0.6492753623188405,0.9442815249266864,-0.2950061626078457
47,104,91,31817.0,31743,74.0,31914.0,31904,10.0,32150.0,32084,66.0,2.64,2.728,-0.088,1.14722,1.14722,0.0,0.5825825825825826,0.9442815249266864,-0.3616989423441037
47,105,92,32150.0,32084,66.0,32258.0,32245,13.0,32488.0,32427,61.0,2.752,2.728,0.0239999999999995,1.18815,1.26146,-0.0733099999999999,0.6390532544378698,0.9387755102040816,-0.2997222557662119
47,106,93,32488.0,32427,61.0,32606.0,32588,18.0,32833.0,32773,60.0,2.784,2.744,0.0399999999999995,1.3115,1.34204,-0.03054,0.6840579710144927,0.930635838150289,-0.2465778671357963
47,107,94,32833.0,32773,60.0,32949.0,32927,22.0,33177.0,33105,72.0,2.744,2.712,0.032,1.29991,1.29991,0.0,0.6744186046511628,0.927710843373494,-0.2532922387223312
47,108,95,33177.0,33105,72.0,33287.0,33267,20.0,33520.0,33440,80.0,2.704,2.72,-0.016,1.23274,1.23274,0.0,0.641399416909621,0.9671641791044776,-0.3257647621948566
47,109,96,33520.0,33440,80.0,33620.0,33610,10.0,33851.0,33794,57.0,2.664,2.744,-0.08,1.20586,1.2467899999999998,-0.0409299999999999,0.6042296072507554,0.96045197740113,-0.3562223701503746
47,110,97,33851.0,33794,57.0,33966.0,33950,16.0,34196.0,34135,61.0,2.768,2.72,0.0479999999999996,1.29689,1.29322,0.00367,0.6666666666666667,0.9149560117302052,-0.2482893450635385
47,111,98,34196.0,34135,61.0,34312.0,34289,23.0,34540.0,34462,78.0,2.768,2.712,0.0559999999999996,1.29811,1.29811,0.0,0.6744186046511628,0.9418960244648318,-0.267477419813669
47,112,99,34540.0,34462,78.0,34652.0,34632,20.0,34886.0,34810,76.0,2.72,2.744,-0.024,1.23702,1.23702,0.0,0.6473988439306358,0.9770114942528736,-0.3296126503222377
47,113,100,34886.0,34810,76.0,34985.0,34973,12.0,35224.0,35156,68.0,2.664,2.728,-0.064,1.15639,1.15639,0.0,0.5857988165680473,0.9421965317919077,-0.3563977152238602
47,114,101,35224.0,35156,68.0,35323.0,35313,10.0,35556.0,35496,60.0,2.704,2.72,-0.016,1.18204,1.17777,0.0042699999999999,0.5963855421686747,0.923529411764706,-0.3271438695960312
47,115,102,35556.0,35496,60.0,35668.0,35654,14.0,35898.0,35838,60.0,2.76,2.728,0.0319999999999995,1.21686,1.22663,-0.0097699999999998,0.6549707602339181,0.9239766081871346,-0.2690058479532164
47,116,103,35898.0,35838,60.0,36015.0,35996,19.0,36243.0,36173,70.0,2.776,2.736,0.0399999999999995,1.23213,1.26756,-0.03543,0.6782608695652175,0.9432835820895522,-0.2650227125243347
47,117,104,36243.0,36173,70.0,36359.0,36337,22.0,36590.0,36522,68.0,2.752,2.728,0.0239999999999995,1.27,1.27,0.0,0.6685878962536023,0.9398280802292264,-0.2712401839756241
47,118,105,36590.0,36522,68.0,36693.0,36676,17.0,36929.0,36854,75.0,2.672,2.712,-0.04,1.17105,1.17105,0.0,0.6076696165191741,0.927710843373494,-0.3200412268543199
47,119,106,36929.0,36854,75.0,37028.0,37018,10.0,37261.0,37196,65.0,2.68,2.736,-0.056,1.13683,1.15088,-0.0140499999999998,0.5963855421686747,0.95906432748538,-0.3626787853167054
47,120,107,37261.0,37196,65.0,37374.0,37361,13.0,37604.0,37545,59.0,2.768,2.744,0.0239999999999995,1.22296,1.25595,-0.0329899999999998,0.6588921282798834,0.9455587392550144,-0.2866666109751309
47,121,108,37604.0,37545,59.0,37720.0,37700,20.0,37948.0,37877,71.0,2.768,2.712,0.0559999999999996,1.26084,1.26084,0.0,0.6744186046511628,0.933734939759036,-0.2593163351078733
47,122,109,37948.0,37877,71.0,38062.0,38040,22.0,38295.0,38220,75.0,2.736,2.72,0.016,1.21869,1.21869,0.0,0.6570605187319885,0.9504373177842566,-0.2933767990522681
47,123,110,38295.0,38220,75.0,38392.0,38383,9.0,38631.0,38574,57.0,2.64,2.744,-0.104,1.146,1.146,0.0,0.5773809523809523,0.9209039548022598,-0.3435230024213075
47,124,111,38631.0,38574,57.0,38734.0,38723,11.0,38967.0,38906,61.0,2.736,2.72,0.016,1.15272,1.17593,-0.0232100000000001,0.6130952380952381,0.8975903614457832,-0.284495123350545
47,125,112,38967.0,38906,61.0,39079.0,39064,15.0,39309.0,39246,63.0,2.76,2.728,0.0319999999999995,1.24679,1.25351,-0.00672,0.6549707602339181,0.9294117647058824,-0.2744410044719643
47,126,113,39309.0,39246,63.0,39425.0,39404,21.0,39652.0,39578,74.0,2.768,2.72,0.0479999999999996,1.26573,1.26573,0.0,0.6763848396501457,0.9518072289156626,-0.2754223892655169
47,127,114,39652.0,39578,74.0,39769.0,39747,22.0,39997.0,39927,70.0,2.752,2.744,0.0079999999999995,1.24435,1.25596,-0.0116099999999998,0.6782608695652175,0.968481375358166,-0.2902205057929486
47,128,115,39997.0,39927,70.0,40103.0,40091,12.0,40346.0,40295,51.0,2.672,2.752,-0.0799999999999996,1.15271,1.17898,-0.0262700000000002,0.6074498567335244,0.8913043478260869,-0.2838544910925625
47,129,116,40346.0,40295,51.0,40436.0,40428,8.0,40672.0,40619,53.0,2.664,2.696,-0.032,1.1453799999999998,1.1453799999999998,0.0,0.5521472392638036,0.8209876543209876,-0.268840415057184
47,130,117,40672.0,40619,53.0,40781.0,40767,14.0,41010.0,40942,68.0,2.76,2.712,0.0479999999999996,1.14783,1.2077,-0.05987,0.6449704142011834,0.9164086687306502,-0.2714382545294668
47,131,118,41010.0,40942,68.0,41127.0,41109,18.0,41355.0,41287,68.0,2.768,2.736,0.0319999999999995,1.21625,1.25229,-0.0360399999999998,0.6782608695652175,0.9681159420289857,-0.289855072463768
47,132,119,41355.0,41287,68.0,41473.0,41452,21.0,41703.0,41635,68.0,2.768,2.744,0.0239999999999995,1.24985,1.24985,0.0,0.6781609195402298,0.9482758620689656,-0.2701149425287357
47,133,120,41703.0,41635,68.0,41806.0,41790,16.0,42039.0,41970,69.0,2.664,2.704,-0.04,1.19793,1.19793,0.0,0.6130952380952381,0.9253731343283582,-0.3122778962331201
47,134,121,42039.0,41970,69.0,42141.0,42130,11.0,42372.0,42305,67.0,2.68,2.72,-0.04,1.12645,1.1631,-0.03665,0.6126126126126126,0.9552238805970148,-0.3426112679844023
47,135,122,42372.0,42305,67.0,42489.0,42474,15.0,42718.0,42655,63.0,2.784,2.752,0.032,1.1851,1.26085,-0.0757499999999999,0.676300578034682,0.9657142857142856,-0.2894137076796037
47,136,123,42718.0,42655,63.0,42835.0,42814,21.0,43063.0,42998,65.0,2.768,2.72,0.0479999999999996,1.27675,1.27675,0.0,0.6782608695652175,0.9271137026239068,-0.2488528330586892
47,137,124,43063.0,42998,65.0,43174.0,43153,21.0,43408.0,43329,79.0,2.712,2.712,0.0,1.22663,1.22663,0.0,0.6434782608695653,0.9365558912386708,-0.2930776303691054
47,138,125,43408.0,43329,79.0,43504.0,43494,10.0,43746.0,43672,74.0,2.64,2.728,-0.088,1.10873,1.10873,0.0,0.5680473372781065,0.9620991253644317,-0.394051788086325
47,139,126,43746.0,43672,74.0,43847.0,43836,11.0,44079.0,44019,60.0,2.744,2.736,0.008,1.11912,1.17043,-0.0513099999999999,0.6066066066066066,0.9452449567723344,-0.3386383501657277
47,140,127,44079.0,44019,60.0,44192.0,44176,16.0,44423.0,44359,64.0,2.76,2.72,0.0399999999999995,1.21502,1.22358,-0.0085600000000001,0.6569767441860466,0.923529411764706,-0.2665526675786593
47,141,128,44423.0,44359,64.0,44537.0,44517,20.0,44765.0,44694,71.0,2.76,2.728,0.0319999999999995,1.23152,1.23152,0.0,0.6666666666666667,0.9432835820895522,-0.2766169154228854
47,142,129,44765.0,44694,71.0,44880.0,44859,21.0,45111.0,45039,72.0,2.744,2.736,0.008,1.1954699999999998,1.1954699999999998,0.0,0.6647398843930636,0.9565217391304348,-0.2917818547373711
47,143,130,45111.0,45039,72.0,45215.0,45201,14.0,45453.0,45388,65.0,2.68,2.736,-0.056,1.15944,1.15944,0.0,0.6081871345029239,0.9283667621776504,-0.3201796276747265
47,144,131,45453.0,45388,65.0,45550.0,45540,10.0,45785.0,45722,63.0,2.68,2.712,-0.032,1.12951,1.12401,0.0055,0.5843373493975903,0.9101796407185628,-0.3258422913209725
47,145,132,45785.0,45722,63.0,45895.0,45880,15.0,46126.0,46057,69.0,2.76,2.72,0.0399999999999995,1.17471,1.18754,-0.0128299999999998,0.6451612903225806,0.9432835820895522,-0.2981222917669716
47,146,133,46126.0,46057,69.0,46242.0,46222,20.0,46471.0,46397,74.0,2.776,2.736,0.0399999999999995,1.2248,1.2248,0.0,0.672463768115942,0.9705882352941176,-0.2981244671781756
47,147,134,46471.0,46397,74.0,46587.0,46566,21.0,46818.0,46750,68.0,2.76,2.752,0.008,1.2278600000000002,1.2278600000000002,0.0,0.6685878962536023,0.9575070821529744,-0.2889191858993722
47,148,135,46818.0,46750,68.0,46913.0,46904,9.0,47152.0,47087,65.0,2.608,2.704,-0.096,1.09774,1.09774,0.0,0.5688622754491017,0.913946587537092,-0.3450843120879903
47,149,136,47152.0,47087,65.0,47256.0,47243,13.0,47488.0,47421,67.0,2.744,2.712,0.032,1.15944,1.17532,-0.0158799999999998,0.6190476190476191,0.934131736526946,-0.3150841174793271
47,150,137,47488.0,47421,67.0,47604.0,47585,19.0,47834.0,47764,70.0,2.784,2.736,0.0479999999999996,1.20281,1.2303,-0.02749,0.6705202312138728,0.956268221574344,-0.2857479903604711
47,151,138,47834.0,47764,70.0,47950.0,47929,21.0,48180.0,48113,67.0,2.768,2.752,0.016,1.2523,1.2523,0.0,0.6705202312138728,0.9455587392550144,-0.2750385080411415
47,152,139,48180.0,48113,67.0,48283.0,48267,16.0,48523.0,48445,78.0,2.664,2.704,-0.04,1.16005,1.16005,0.0,0.6005830903790088,0.927710843373494,-0.3271277529944851
47,153,140,48523.0,48445,78.0,48616.0,48607,9.0,48852.0,48781,71.0,2.664,2.72,-0.056,1.08002,1.09163,-0.0116099999999998,0.5653495440729484,0.9642857142857144,-0.3989361702127659
47,154,141,48852.0,48781,71.0,48965.0,48949,16.0,49195.0,49129,66.0,2.792,2.736,0.0559999999999996,1.17716,1.24985,-0.0726899999999999,0.6588921282798834,0.9655172413793104,-0.3066251130994269
47,155,142,49195.0,49129,66.0,49312.0,49292,20.0,49541.0,49473,68.0,2.776,2.744,0.0319999999999995,1.23885,1.23885,0.0,0.676300578034682,0.9476744186046512,-0.2713738405699691
47,156,143,49541.0,49473,68.0,49650.0,49631,19.0,49886.0,49810,76.0,2.704,2.712,-0.008,1.17105,1.17105,0.0,0.6318840579710145,0.9376854599406528,-0.3058014019696382
47,157,144,49886.0,49810,76.0,49979.0,49971,8.0,50217.0,50150,67.0,2.632,2.72,-0.088,1.08063,1.07697,0.0036599999999999,0.5619335347432024,0.9470588235294116,-0.3851252887862093
47,158,145,50217.0,50150,67.0,50327.0,50314,13.0,50559.0,50497,62.0,2.784,2.744,0.0399999999999995,1.15516,1.21014,-0.05498,0.6432748538011697,0.9452449567723344,-0.3019701029711646
47,159,146,50559.0,50497,62.0,50674.0,50655,19.0,50904.0,50836,68.0,2.776,2.728,0.0479999999999996,1.22419,1.22419,0.0,0.6666666666666667,0.9321533923303836,-0.2654867256637168
47,160,147,50904.0,50836,68.0,51016.0,50996,20.0,51251.0,51181,70.0,2.736,2.728,0.008,1.19854,1.19854,0.0,0.6455331412103746,0.927536231884058,-0.2820030906736833
47,161,148,51251.0,51181,70.0,51344.0,51335,9.0,51583.0,51517,66.0,2.624,2.712,-0.088,1.07513,1.07452,0.0006099999999999,0.5602409638554218,0.9166666666666666,-0.3564257028112448
47,162,149,51583.0,51517,66.0,51692.0,51677,15.0,51922.0,51857,65.0,2.784,2.736,0.0479999999999996,1.1404999999999998,1.1967,-0.0562,0.6430678466076696,0.9411764705882352,-0.2981086239805657
47,163,150,51922.0,51857,65.0,52038.0,52018,20.0,52268.0,52198,70.0,2.768,2.728,0.0399999999999995,1.24007,1.24007,0.0,0.6705202312138728,0.9442815249266864,-0.2737612937128134
47,164,151,52268.0,52198,70.0,52380.0,52359,21.0,52613.0,52537,76.0,2.736,2.728,0.008,1.18876,1.18876,0.0,0.6492753623188405,0.9498525073746312,-0.3005771450557907
47,165,152,52613.0,52537,76.0,52708.0,52700,8.0,52949.0,52883,66.0,2.624,2.728,-0.104,1.08979,1.08979,0.0,0.5654761904761905,0.9421965317919077,-0.3767203413157171
47,166,153,52949.0,52883,66.0,53052.0,53041,11.0,53285.0,53222,63.0,2.752,2.728,0.0239999999999995,1.13134,1.1796,-0.0482599999999999,0.6130952380952381,0.9321533923303836,-0.3190581542351454
47,167,154,53285.0,53222,63.0,53401.0,53383,18.0,53630.0,53565,65.0,2.792,2.736,0.0559999999999996,1.19487,1.2077,-0.0128299999999998,0.672463768115942,0.9387755102040816,-0.2663117420881397
47,168,155,53630.0,53565,65.0,53744.0,53723,21.0,53977.0,53907,70.0,2.744,2.72,0.024,1.2132,1.2132,0.0,0.6570605187319885,0.9239766081871346,-0.2669160894551461
47,169,156,53977.0,53907,70.0,54071.0,54062,9.0,54307.0,54245,62.0,2.616,2.712,-0.096,1.09652,1.09102,0.0055,0.5696969696969697,0.9171597633136096,-0.3474627936166398
47,170,157,54307.0,54245,62.0,54419.0,54404,15.0,54650.0,54586,64.0,2.784,2.736,0.0479999999999996,1.15455,1.19304,-0.0384899999999999,0.653061224489796,0.932551319648094,-0.2794900951582979
47,171,158,54650.0,54586,64.0,54767.0,54747,20.0,54995.0,54928,67.0,2.784,2.744,0.0399999999999995,1.20219,1.20219,0.0,0.6782608695652175,0.9415204678362572,-0.2632595982710398
47,172,159,54995.0,54928,67.0,55107.0,55086,21.0,55341.0,55268,73.0,2.72,2.712,0.008,1.18082,1.18082,0.0,0.6473988439306358,0.9294117647058824,-0.2820129207752465
47,173,160,55341.0,55268,73.0,55434.0,55426,8.0,55677.0,55608,69.0,2.616,2.72,-0.104,1.06964,1.06964,0.0,0.5535714285714286,0.9294117647058824,-0.3758403361344538
47,174,161,55677.0,55608,69.0,55778.0,55768,10.0,56011.0,55952,59.0,2.752,2.736,0.0159999999999995,1.13195,1.18509,-0.0531399999999999,0.6047904191616766,0.9302325581395348,-0.3254421389778582
47,175,162,56011.0,55952,59.0,56128.0,56110,18.0,56358.0,56303,55.0,2.8,2.736,0.0639999999999996,1.20158,1.21014,-0.0085599999999999,0.6743515850144093,0.9002849002849003,-0.225933315270491
47,176,163,56358.0,56303,55.0,56472.0,56450,22.0,56706.0,56647,59.0,2.752,2.72,0.0319999999999995,1.12339,1.13683,-0.0134399999999998,0.6551724137931034,0.8546511627906976,-0.1994787489975942
47,177,164,56706.0,56647,59.0,56800.0,56789,11.0,57042.0,56972,70.0,2.624,2.712,-0.088,1.05987,1.05987,0.0,0.5595238095238095,0.8738461538461538,-0.3143223443223443
47,178,165,57042.0,56972,70.0,57141.0,57131,10.0,57374.0,57315,59.0,2.728,2.736,-0.008,1.09591,1.1289,-0.03299,0.5963855421686747,0.9271137026239068,-0.330728160455232
47,179,166,57374.0,57315,59.0,57488.0,57472,16.0,57719.0,57655,64.0,2.776,2.728,0.0479999999999996,1.17715,1.20342,-0.0262699999999997,0.6608695652173913,0.923529411764706,-0.2626598465473146
47,180,167,57719.0,57655,64.0,57834.0,57813,21.0,58062.0,57997,65.0,2.768,2.728,0.0399999999999995,1.18449,1.18449,0.0,0.6705539358600583,0.9239766081871346,-0.2534226723270762
47,181,168,58062.0,57997,65.0,58176.0,58155,21.0,58408.0,58334,74.0,2.736,2.736,0.0,1.16005,1.16005,0.0,0.6589595375722543,0.9376854599406528,-0.2787259223683984
47,182,169,58408.0,58334,74.0,58508.0,58496,12.0,58749.0,58681,68.0,2.656,2.728,-0.072,1.11118,1.11118,0.0,0.5865102639296187,0.9337175792507204,-0.3472073153211017
47,183,170,58749.0,58681,68.0,58847.0,58837,10.0,59080.0,59024,56.0,2.712,2.728,-0.016,1.14294,1.13867,0.0042699999999999,0.5921450151057401,0.9096209912536444,-0.3174759761479042
47,184,171,59080.0,59024,56.0,59194.0,59178,16.0,59426.0,59354,72.0,2.776,2.728,0.0479999999999996,1.18021,1.18021,0.0,0.6589595375722543,0.9333333333333332,-0.274373795761079
47,185,172,59426.0,59354,72.0,59540.0,59520,20.0,59772.0,59703,69.0,2.768,2.736,0.0319999999999995,1.15027,1.17593,-0.02566,0.6589595375722543,0.9512893982808024,-0.2923298607085479
48,2,1,426.0,345,81.0,490.0,476,14.0,551.0,694,-143.0,3.256,2.96,0.2959999999999998,0.68556,1.00048864,-0.31492864,0.976,0.7507163323782235,0.2252836676217764
48,4,2,839.0,694,145.0,873.0,856,17.0,1129.0,1058,71.0,2.224,3.04,-0.8159999999999998,0.51526864,0.51526864,0.0,0.2344827586206896,0.8901098901098901,-0.6556271314892004
48,5,3,1129.0,1058,71.0,1189.0,1177,12.0,1515.0,1296,219.0,2.528,2.568,-0.04,0.4722686399999999,0.4722686399999999,0.0,0.310880829015544,1.0,-0.689119170984456
48,6,4,1515.0,1296,219.0,1544.0,1537,7.0,1771.0,1663,108.0,2.84,2.88,-0.04,0.20742864,0.20742864,0.0,0.2265625,0.6866485013623977,-0.4600860013623977
48,8,5,1981.0,1663,318.0,1990.0,1991,-1.0,2970.0,2168,802.0,1.584,3.632,-2.048,0.4515099999999999,0.54678864,-0.09527864,0.0182002022244691,0.700990099009901,-0.6827898967854318
48,9,7,2970.0,2664,306.0,2987.0,3024,-37.0,3415.0,3146,269.0,7.976,3.944,4.032,0.18568,0.5541100000000001,-0.36843,0.0764044943820224,0.5062240663900415,-0.429819572008019
48,10,8,3415.0,3146,269.0,3474.0,3505,-31.0,3850.0,3814,36.0,3.896,3.848,0.048,0.3528,0.51234,-0.15954,0.271264367816092,0.9251497005988024,-0.6538853327827104
48,11,9,3850.0,3814,36.0,3876.0,3914,-38.0,4080.0,4301,-221.0,3.216,3.272,-0.0559999999999996,0.20547,0.7679,-0.56243,0.2260869565217391,0.4106776180698152,-0.184590661548076
48,19,12,6224.0,6155,69.0,6255.0,6308,-53.0,6684.0,6496,188.0,3.88,3.472,0.4079999999999999,0.219891,0.27558864,-0.0556976399999999,0.1347826086956521,0.8973607038123167,-0.7625780951166645
48,23,14,7227.0,6977,250.0,7307.0,7283,24.0,7560.0,7515,45.0,1.128,3.808,-2.68,0.98973864,0.982409,0.00732964,0.4804804804804805,0.862453531598513,-0.3819730511180325
48,24,15,7560.0,7515,45.0,7706.0,7745,-39.0,7992.0,7928,64.0,3.192,3.696,-0.504,1.00048864,1.00048864,0.0,0.6759259259259259,0.8861985472154964,-0.2102726212895704
48,25,16,7992.0,7928,64.0,8111.0,8130,-19.0,8396.0,8304,92.0,3.24,3.08,0.1600000000000001,1.00048864,1.00048864,0.0,0.5891089108910892,0.925531914893617,-0.3364230040025278
48,27,17,8492.0,8304,188.0,8563.0,8562,1.0,8894.0,8758,136.0,0.728,3.456,-2.728,0.98925,1.00048864,-0.0112386399999999,0.3532338308457711,0.8634361233480177,-0.5102022925022466
48,28,18,8894.0,8758,136.0,9014.0,9042,-28.0,9369.0,9250,119.0,3.608,3.84,-0.2319999999999997,0.914488,0.98925,-0.074762,0.5052631578947369,0.8455284552845528,-0.3402652973898159
48,29,19,9369.0,9250,119.0,9488.0,9515,-27.0,9876.0,9699,177.0,3.792,3.784,0.008,1.00048864,1.00048864,0.0,0.4694280078895463,0.8195991091314031,-0.3501711012418568
48,32,21,10419.0,10275,144.0,10478.0,10478,0.0,10900.0,10656,244.0,0.632,3.792,-3.16,0.777176,0.7735110000000001,0.0036649999999999,0.2453222453222453,0.9343832020997376,-0.6890609567774922
48,33,22,10900.0,10656,244.0,10935.0,10945,-10.0,11238.0,11108,130.0,3.656,3.736,-0.08,0.6674800000000001,0.738576,-0.0710959999999999,0.2071005917159762,0.7212389380530974,-0.5141383463371211
48,34,23,11238.0,11108,130.0,11370.0,11392,-22.0,11680.0,11621,59.0,3.48,3.576,-0.096,0.973858,0.937699,0.036159,0.5972850678733032,0.8927875243664718,-0.2955024564931686
48,35,24,11680.0,11621,59.0,11810.0,11848,-38.0,12124.0,12059,65.0,3.52,3.648,-0.1280000000000001,1.00048864,1.00048864,0.0,0.5855855855855856,0.9634703196347032,-0.3778847340491176
48,36,25,12124.0,12059,65.0,12247.0,12272,-25.0,12577.0,12525,52.0,3.496,3.392,0.104,1.00048864,1.00048864,0.0,0.543046357615894,0.9141630901287554,-0.3711167325128613
48,37,26,12577.0,12525,52.0,12686.0,12715,-29.0,13056.0,12994,62.0,3.512,3.544,-0.032,1.00048864,1.00048864,0.0,0.4551148225469729,0.8102345415778252,-0.3551197190308522
48,38,27,13056.0,12994,62.0,13185.0,13195,-10.0,13548.0,13477,71.0,3.992,3.84,0.1520000000000001,1.00048864,1.00048864,0.0,0.524390243902439,0.8322981366459627,-0.3079078927435237
48,39,28,13548.0,13477,71.0,13702.0,13697,5.0,13994.0,13923,71.0,4.136,4.016,0.1200000000000001,0.95871,1.00048864,-0.0417786399999999,0.6905829596412556,0.9865470852017936,-0.2959641255605381
48,41,29,14062.0,13923,139.0,14120.0,14147,-27.0,14433.0,14315,118.0,0.544,3.6,-3.056,0.724651,0.76081,-0.0361589999999999,0.3126684636118598,0.8571428571428572,-0.5444743935309974
48,42,30,14433.0,14315,118.0,14583.0,14610,-27.0,14849.0,14786,63.0,3.704,3.704,0.0,1.00048864,1.00048864,0.0,0.7211538461538461,0.7473460721868366,-0.0261922260329904
48,43,31,14849.0,14786,63.0,14985.0,15001,-16.0,15264.0,15191,73.0,3.216,3.128,0.088,1.00048864,1.00048864,0.0,0.655421686746988,0.9382716049382716,-0.2828499181912836
48,44,32,15264.0,15191,73.0,15400.0,15419,-19.0,15687.0,15627,60.0,3.32,3.344,-0.024,0.88957,1.00048864,-0.1109186399999999,0.6430260047281324,0.9541284403669724,-0.3111024356388401
48,45,33,15687.0,15627,60.0,15829.0,15831,-2.0,16105.0,16043,62.0,3.432,3.296,0.1360000000000001,0.87931,0.88957,-0.0102599999999999,0.6794258373205742,0.9807692307692308,-0.3013433934486565
48,46,34,16105.0,16043,62.0,16259.0,16281,-22.0,16545.0,16494,51.0,3.44,3.6,-0.1600000000000001,0.957977,0.952846,0.0051309999999999,0.7,0.9445676274944568,-0.2445676274944568
48,47,35,16545.0,16494,51.0,16708.0,16696,12.0,16968.0,16894,74.0,3.592,3.32,0.2720000000000002,0.96042,0.957977,0.002443,0.7706855791962175,0.99,-0.2193144208037825
48,48,36,16968.0,16894,74.0,17130.0,17127,3.0,17412.0,17326,86.0,3.376,3.448,-0.072,0.93159,0.9548,-0.02321,0.7297297297297297,0.9212962962962964,-0.1915665665665665
48,50,37,17483.0,17326,157.0,17550.0,17551,-1.0,17823.0,17749,74.0,0.6,3.392,-2.792,0.746637,0.75641,-0.009773,0.3941176470588236,0.9361702127659576,-0.5420525657071339
48,53,38,17969.0,17749,220.0,17985.0,17969,16.0,18233.0,18151,82.0,0.56,3.344,-2.784,0.631319,0.655507,-0.0241879999999999,0.1212121212121212,0.9054726368159204,-0.7842605156037992
48,55,39,18299.0,18151,148.0,18389.0,18393,-4.0,18623.0,18572,51.0,0.816,3.392,-2.576,0.873201,0.852189,0.021012,0.5555555555555556,0.850356294536817,-0.2948007389812614
48,56,40,18623.0,18572,51.0,18753.0,18770,-17.0,19022.0,18971,51.0,2.912,3.016,-0.104,0.954312,0.924261,0.030051,0.6516290726817042,0.9924812030075189,-0.3408521303258145
48,57,41,19022.0,18971,51.0,19147.0,19173,-26.0,19422.0,19371,51.0,3.152,3.224,-0.072,0.89665,0.954312,-0.0576620000000001,0.625,0.99,-0.365
48,58,42,19422.0,19371,51.0,19554.0,19569,-15.0,19840.0,19773,67.0,3.256,3.168,0.0879999999999996,0.974346,0.956267,0.018079,0.631578947368421,0.9850746268656716,-0.3534956794972506
48,59,43,19840.0,19773,67.0,19993.0,19996,-3.0,20265.0,20188,77.0,3.512,3.416,0.096,0.962133,0.948206,0.0139269999999999,0.72,0.9253012048192772,-0.2053012048192771
48,60,44,20265.0,20188,77.0,20416.0,20414,2.0,20708.0,20651,57.0,3.384,3.344,0.04,0.962375,0.983143,-0.020768,0.6817155756207676,0.976241900647948,-0.2945263250271805
48,61,45,20708.0,20651,57.0,20864.0,20861,3.0,21130.0,21062,68.0,3.584,3.576,0.008,0.962619,0.967505,-0.0048859999999999,0.7393364928909952,0.978102189781022,-0.2387656968900267
48,62,46,21130.0,21062,68.0,21271.0,21289,-18.0,21572.0,21500,72.0,3.256,3.424,-0.1680000000000001,0.958221,0.962619,-0.004398,0.6380090497737556,0.9634703196347032,-0.3254612698609476
48,65,47,21720.0,21500,220.0,21766.0,21745,21.0,21990.0,21937,53.0,0.528,3.648,-3.12,0.79599,0.859511,-0.063521,0.3407407407407408,0.8787185354691076,-0.5379777947283668
48,66,48,21990.0,21937,53.0,22101.0,22120,-19.0,22383.0,22333,50.0,2.68,3.0,-0.3199999999999998,0.89152,0.8947,-0.00318,0.5648854961832062,0.9242424242424242,-0.359356928059218
48,67,49,22383.0,22333,50.0,22500.0,22504,-4.0,22752.0,22698,54.0,3.192,3.072,0.1200000000000001,0.96042,0.905448,0.054972,0.6341463414634146,0.936986301369863,-0.3028399599064484
48,68,50,22752.0,22698,54.0,22881.0,22902,-21.0,23188.0,23115,73.0,3.048,3.184,-0.1360000000000001,1.00048864,1.00048864,0.0,0.591743119266055,0.9784172661870504,-0.3866741469209953
48,69,51,23188.0,23115,73.0,23332.0,23333,-1.0,23593.0,23528,65.0,3.608,3.448,0.1600000000000001,0.926948,0.96090864,-0.0339606399999999,0.7111111111111111,0.9443099273607748,-0.2331988162496636
48,70,52,23593.0,23528,65.0,23733.0,23745,-12.0,24017.0,23952,65.0,3.208,3.296,-0.0879999999999996,0.949426,0.966528,-0.017102,0.6603773584905661,0.9764150943396226,-0.3160377358490565
48,71,53,24017.0,23952,65.0,24161.0,24172,-11.0,24456.0,24392,64.0,3.424,3.416,0.008,0.939164,0.949426,-0.0102619999999999,0.6560364464692483,1.0,-0.3439635535307517
48,72,54,24456.0,24392,64.0,24589.0,24619,-30.0,24895.0,24837,58.0,3.424,3.576,-0.1520000000000001,0.914488,0.939164,-0.024676,0.6059225512528474,0.9797752808988764,-0.373852729646029
48,73,55,24895.0,24837,58.0,25021.0,25040,-19.0,25309.0,25256,53.0,3.456,3.368,0.088,0.916687,0.914488,0.002199,0.6086956521739131,0.9689737470167064,-0.3602780948427934
48,74,56,25309.0,25256,53.0,25466.0,25461,5.0,25738.0,25677,61.0,3.56,3.368,0.1920000000000001,0.948449,0.943318,0.0051309999999999,0.7319347319347319,0.973871733966746,-0.2419370020320139
48,75,57,25738.0,25677,61.0,25885.0,25892,-7.0,25902.0,26099,-197.0,3.352,3.448,-0.096,0.74908,0.965307,-0.216227,0.2073170731707316,0.981042654028436,-0.7737255808577044
48,77,58,26159.0,26099,60.0,26304.0,26317,-13.0,26595.0,26531,64.0,3.176,3.4,-0.2239999999999997,1.00024432,0.987051,0.0131933199999999,0.6651376146788991,0.9907407407407408,-0.3256031260618416
48,78,59,26595.0,26531,64.0,26721.0,26743,-22.0,27035.0,26968,67.0,3.336,3.408,-0.072,0.983875,1.00024432,-0.0163693199999999,0.5727272727272728,0.9702517162471396,-0.3975244435198668
48,79,60,27035.0,26968,67.0,27165.0,27183,-18.0,27472.0,27418,54.0,3.552,3.52,0.032,0.901295,0.971903,-0.070608,0.5949656750572083,0.9555555555555556,-0.3605898804983473
48,80,61,27472.0,27418,54.0,27592.0,27615,-23.0,27886.0,27842,44.0,3.416,3.456,-0.04,0.88664,0.901295,-0.0146549999999999,0.5797101449275363,0.929245283018868,-0.3495351380913316
48,82,62,28019.0,27842,177.0,28039.0,28040,-1.0,28327.0,28271,56.0,0.224,3.4,-3.176,0.977523,0.952602,0.024921,0.1298701298701299,0.9230769230769232,-0.7932067932067932
48,83,63,28327.0,28271,56.0,28503.0,28497,6.0,28764.0,28714,50.0,3.712,3.656,0.056,0.975568,0.977523,-0.001955,0.8054919908466819,0.979683972911964,-0.1741919820652819
48,84,64,28764.0,28714,50.0,28894.0,28913,-19.0,29221.0,29148,73.0,3.128,3.328,-0.1999999999999997,1.00048864,0.99975568,0.0007329599999998,0.5689277899343546,0.9170506912442395,-0.3481229013098851
48,85,65,29221.0,29148,73.0,29333.0,29365,-32.0,29714.0,29584,130.0,3.512,3.616,-0.104,0.956511,1.00048864,-0.0439776399999999,0.4543610547667343,0.9954128440366972,-0.541051789269963
48,86,66,29714.0,29584,130.0,29877.0,29908,-31.0,30237.0,30155,82.0,4.352,4.344,0.008,0.928414,0.956267,-0.027853,0.6233269598470363,0.8651488616462346,-0.2418219017991982
48,87,67,30237.0,30155,82.0,30377.0,30382,-5.0,30672.0,30604,68.0,4.0,3.792,0.2080000000000001,0.918642,0.928414,-0.009772,0.6436781609195402,0.9888641425389756,-0.3451859816194352
48,89,68,30686.0,30604,82.0,30827.0,30829,-2.0,31107.0,31039,68.0,1.2,3.576,-2.3760000000000003,0.952846,0.943318,0.0095279999999999,0.669833729216152,0.9655172413793104,-0.2956835121631583
48,90,69,31107.0,31039,68.0,31237.0,31237,0.0,31518.0,31454,64.0,3.28,3.264,0.016,0.7957500000000001,0.818716,-0.0229659999999999,0.6326034063260341,0.9542168674698795,-0.3216134611438455
48,91,70,31518.0,31454,64.0,31657.0,31671,-14.0,31969.0,31896,73.0,3.36,3.472,-0.1120000000000001,0.94967,0.94967,0.0,0.6164079822616408,0.9819004524886876,-0.3654924702270469
48,92,71,31969.0,31896,73.0,32118.0,32135,-17.0,32399.0,32344,55.0,3.688,3.712,-0.024,0.85536,0.941363,-0.0860029999999999,0.6930232558139535,0.9330357142857144,-0.2400124584717607
48,93,72,32399.0,32344,55.0,32526.0,32542,-16.0,32810.0,32760,50.0,3.264,3.256,0.008,0.88346,0.85536,0.0281,0.6180048661800487,0.9519230769230768,-0.3339182107430282
48,94,73,32810.0,32760,50.0,32938.0,32949,-11.0,33214.0,33159,55.0,3.296,3.256,0.04,0.906426,0.89421,0.012216,0.6336633663366337,0.9473684210526316,-0.3137050547159979
48,95,74,33214.0,33159,55.0,33364.0,33357,7.0,33603.0,33549,54.0,3.408,3.264,0.1440000000000001,1.00048864,0.982898,0.0175906399999998,0.7712082262210797,0.9846153846153848,-0.213407158394305
48,96,75,33603.0,33549,54.0,33753.0,33752,1.0,34042.0,33969,73.0,3.112,3.16,-0.048,1.00048864,1.00048864,0.0,0.683371298405467,0.9666666666666668,-0.2832953682611997
48,97,76,34042.0,33969,73.0,34210.0,34228,-18.0,34488.0,34441,47.0,3.656,3.808,-0.1519999999999997,1.00048864,1.00048864,0.0,0.7533632286995515,0.902542372881356,-0.1491791441818044
48,98,77,34488.0,34441,47.0,34575.0,34602,-27.0,34840.0,34772,68.0,2.92,2.992,-0.072,1.00048864,1.00048864,0.0,0.4943181818181817,0.972809667673716,-0.4784914858555342
48,99,78,34840.0,34772,68.0,34899.0,34911,-12.0,35172.0,35057,115.0,2.592,2.472,0.1200000000000001,1.00048864,1.00048864,0.0,0.3554216867469879,0.975438596491228,-0.6200169097442402
48,100,79,35172.0,35057,115.0,35268.0,35252,16.0,35476.0,35398,78.0,2.952,2.728,0.2239999999999997,0.98240864,0.98240864,0.0,0.631578947368421,0.8563049853372434,-0.2247260379688224
48,101,80,35476.0,35398,78.0,35600.0,35628,-28.0,35918.0,35805,113.0,2.656,3.008,-0.3519999999999998,1.00048864,1.00048864,0.0,0.5610859728506787,0.8697788697788698,-0.308692896928191
48,102,81,35918.0,35805,113.0,36041.0,36074,-33.0,36354.0,36247,107.0,3.528,3.568,-0.04,1.00048864,1.00048864,0.0,0.5642201834862386,0.7828054298642534,-0.2185852463780148
48,103,82,36354.0,36247,107.0,36489.0,36486,3.0,36764.0,36649,115.0,3.584,3.296,0.2880000000000002,1.00048864,1.00048864,0.0,0.6585365853658536,0.8109452736318408,-0.1524086882659872
48,104,83,36764.0,36649,115.0,36895.0,36917,-22.0,37201.0,37090,111.0,3.248,3.448,-0.1999999999999997,1.00048864,1.00048864,0.0,0.5995423340961099,0.7845804988662132,-0.1850381647701032
48,105,84,37201.0,37090,111.0,37355.0,37382,-27.0,37632.0,37557,75.0,3.68,3.72,-0.04,1.00048864,1.00048864,0.0,0.7146171693735499,0.7494646680942184,-0.0348474987206685
48,106,85,37632.0,37557,75.0,37777.0,37787,-10.0,38032.0,37957,75.0,3.376,3.24,0.1359999999999996,1.00048864,1.00048864,0.0,0.725,0.85,-0.125
48,107,86,38032.0,37957,75.0,38173.0,38206,-33.0,38470.0,38383,87.0,3.168,3.352,-0.1839999999999997,1.00048864,1.00048864,0.0,0.6438356164383562,0.8309859154929577,-0.1871502990546015
48,108,87,38470.0,38383,87.0,38620.0,38640,-20.0,38884.0,38812,72.0,3.576,3.472,0.104,1.00048864,1.00048864,0.0,0.7246376811594203,0.8018648018648018,-0.0772271207053815
48,109,88,38884.0,38812,72.0,39030.0,39065,-35.0,39336.0,39243,93.0,3.28,3.4,-0.1200000000000001,1.00048864,1.00048864,0.0,0.6460176991150443,0.8259860788863109,-0.1799683797712666
48,110,89,39336.0,39243,93.0,39471.0,39508,-37.0,39750.0,39686,64.0,3.528,3.544,-0.016,1.00048864,1.00048864,0.0,0.6521739130434783,0.8036117381489842,-0.1514378251055059
48,111,90,39750.0,39686,64.0,39871.0,39933,-62.0,40148.0,40100,48.0,3.2,3.4,-0.1999999999999997,1.00048864,1.00048864,0.0,0.6080402010050252,0.8067632850241546,-0.1987230840191294
48,112,91,40148.0,40100,48.0,40263.0,40303,-40.0,40517.0,40467,50.0,3.136,2.96,0.1760000000000001,1.00048864,1.00048864,0.0,0.6233062330623307,0.8937329700272479,-0.2704267369649172
48,113,92,40517.0,40467,50.0,40645.0,40650,-5.0,40868.0,40811,57.0,3.056,2.776,0.2800000000000002,1.00048864,1.00048864,0.0,0.7293447293447293,0.936046511627907,-0.2067017822831777
48,114,93,40868.0,40811,57.0,40991.0,41028,-37.0,41284.0,41212,72.0,2.768,3.024,-0.2560000000000002,1.00048864,1.00048864,0.0,0.5913461538461539,0.917705735660848,-0.326359581814694
48,115,94,41284.0,41212,72.0,41404.0,41442,-38.0,41698.0,41622,76.0,3.304,3.312,-0.008,1.00048864,1.00048864,0.0,0.5797101449275363,0.8780487804878049,-0.2983386355602686
48,116,95,41698.0,41622,76.0,41820.0,41845,-25.0,42101.0,42027,74.0,3.328,3.224,0.1039999999999996,1.00048864,1.00048864,0.0,0.6054590570719602,0.8987654320987655,-0.2933063750268052
48,117,96,42101.0,42027,74.0,42219.0,42240,-21.0,42490.0,42414,76.0,3.192,3.16,0.032,1.00048864,1.00048864,0.0,0.6066838046272494,0.8992248062015504,-0.2925410015743011
48,118,97,42490.0,42414,76.0,42617.0,42640,-23.0,42852.0,42808,44.0,3.184,3.2,-0.016,0.983875,1.00048864,-0.0166136399999998,0.7016574585635359,0.8527918781725888,-0.1511344196090529
48,119,98,42852.0,42808,44.0,42983.0,43026,-43.0,43257.0,43203,54.0,2.928,3.088,-0.1600000000000001,1.00048864,1.00048864,0.0,0.6469135802469136,0.8962025316455696,-0.249288951398656
48,120,99,43257.0,43203,54.0,43390.0,43430,-40.0,43661.0,43605,56.0,3.256,3.232,0.0239999999999995,1.00048864,1.00048864,0.0,0.6584158415841583,0.8706467661691543,-0.2122309245849959
48,121,100,43661.0,43605,56.0,43810.0,43843,-33.0,44074.0,44019,55.0,3.36,3.304,0.056,1.00048864,1.00048864,0.0,0.7215496368038741,0.8502415458937198,-0.1286919090898457
48,122,101,44074.0,44019,55.0,44206.0,44238,-32.0,44455.0,44404,51.0,3.168,3.16,0.008,1.00048864,1.00048864,0.0,0.6929133858267716,0.8623376623376624,-0.1694242765108907
48,123,102,44455.0,44404,51.0,44582.0,44624,-42.0,44862.0,44800,62.0,3.008,3.088,-0.08,1.00048864,1.00048864,0.0,0.624078624078624,0.8888888888888888,-0.2648102648102648
48,124,103,44862.0,44800,62.0,44987.0,45030,-43.0,45264.0,45205,59.0,3.24,3.248,-0.008,1.00048864,1.00048864,0.0,0.6218905472636815,0.8641975308641976,-0.242306983600516
48,125,104,45264.0,45205,59.0,45401.0,45443,-42.0,45674.0,45615,59.0,3.312,3.304,0.008,1.00048864,1.00048864,0.0,0.6682926829268292,0.8390243902439024,-0.1707317073170732
48,126,105,45674.0,45615,59.0,45798.0,45827,-29.0,46052.0,45996,56.0,3.176,3.072,0.104,1.00048864,1.00048864,0.0,0.656084656084656,0.8871391076115486,-0.2310544515268925
48,127,106,46052.0,45996,56.0,46178.0,46211,-33.0,46450.0,46388,62.0,3.04,3.072,-0.032,1.00048864,1.00048864,0.0,0.6331658291457287,0.903061224489796,-0.2698953953440672
48,128,107,46450.0,46388,62.0,46573.0,46612,-39.0,46825.0,46778,47.0,3.16,3.208,-0.048,1.00048864,1.00048864,0.0,0.656,0.8512820512820513,-0.1952820512820512
48,129,108,46825.0,46778,47.0,46943.0,46970,-27.0,47207.0,47145,62.0,2.96,2.864,0.096,1.00048864,1.00048864,0.0,0.6178010471204188,0.9536784741144414,-0.3358774269940225
48,130,109,47207.0,47145,62.0,47327.0,47367,-40.0,47581.0,47532,49.0,3.072,3.176,-0.104,1.00048864,1.00048864,0.0,0.6417112299465241,0.8527131782945736,-0.2110019483480495
48,131,110,47581.0,47532,49.0,47695.0,47727,-32.0,47964.0,47902,62.0,2.944,2.88,0.064,1.00048864,1.00048864,0.0,0.5953002610966057,0.945945945945946,-0.3506456848493402
48,132,111,47964.0,47902,62.0,48070.0,48097,-27.0,48349.0,48274,75.0,3.0,2.96,0.04,1.00048864,1.00048864,0.0,0.5506493506493506,0.9516129032258064,-0.4009635525764559
48,133,112,48349.0,48274,75.0,48469.0,48500,-31.0,48740.0,48677,63.0,3.192,3.224,-0.032,1.00048864,1.00048864,0.0,0.6138107416879796,0.8784119106699751,-0.2646011689819956
48,134,113,48740.0,48677,63.0,48864.0,48887,-23.0,49125.0,49059,66.0,3.16,3.096,0.064,1.00048864,1.00048864,0.0,0.6441558441558441,0.9005235602094241,-0.25636771605358
48,135,114,49125.0,49059,66.0,49251.0,49295,-44.0,49532.0,49470,62.0,3.096,3.264,-0.1679999999999997,1.00048864,1.00048864,0.0,0.6191646191646192,0.851581508515815,-0.2324168893511958
48,136,115,49532.0,49470,62.0,49637.0,49671,-34.0,49910.0,49843,67.0,3.088,3.008,0.08,1.00048864,1.00048864,0.0,0.5555555555555556,0.9222520107238604,-0.3666964551683049
48,137,116,49910.0,49843,67.0,50040.0,50036,4.0,50225.0,50183,42.0,3.224,2.92,0.3040000000000002,0.9914488,1.00048864,-0.0090398399999999,0.8253968253968254,0.8647058823529412,-0.0393090569561158
48,138,117,50225.0,50183,42.0,50348.0,50363,-15.0,50582.0,50526,56.0,2.464,2.616,-0.1520000000000001,0.9968239,0.9968239,0.0,0.6890756302521008,0.9504373177842566,-0.2613616875321557
48,139,118,50582.0,50526,56.0,50716.0,50729,-13.0,50935.0,50893,42.0,2.944,2.928,0.016,0.968971,0.9941363,-0.0251652999999999,0.7592067988668555,0.8937329700272479,-0.1345261711603924
48,140,119,50935.0,50893,42.0,51062.0,51087,-25.0,51321.0,51263,58.0,2.768,2.864,-0.096,1.00048864,1.00048864,0.0,0.6580310880829016,0.9513513513513514,-0.2933202632684498
48,141,120,51321.0,51263,58.0,51466.0,51504,-38.0,51733.0,51676,57.0,3.232,3.336,-0.1039999999999996,1.00048864,1.00048864,0.0,0.7038834951456311,0.8329297820823245,-0.1290462869366934
48,142,121,51733.0,51676,57.0,51853.0,51876,-23.0,52099.0,52045,54.0,3.096,2.976,0.1200000000000001,1.00048864,1.00048864,0.0,0.6557377049180328,0.9159891598915988,-0.260251454973566
48,143,122,52099.0,52045,54.0,52241.0,52274,-33.0,52503.0,52445,58.0,3.104,3.184,-0.08,1.00048864,1.00048864,0.0,0.7029702970297029,0.855,-0.152029702970297
48,144,123,52503.0,52445,58.0,52629.0,52661,-32.0,52862.0,52821,41.0,3.104,3.096,0.008,1.00048864,1.00048864,0.0,0.701949860724234,0.851063829787234,-0.149113969063
48,145,124,52862.0,52821,41.0,52973.0,53010,-37.0,53234.0,53184,50.0,2.752,2.792,-0.04,1.00048864,1.00048864,0.0,0.5967741935483871,0.9586776859504132,-0.3619034924020261
48,146,125,53234.0,53184,50.0,53351.0,53405,-54.0,53621.0,53575,46.0,3.024,3.16,-0.1360000000000001,1.00048864,1.00048864,0.0,0.6046511627906976,0.8695652173913043,-0.2649140546006067
48,147,126,53621.0,53575,46.0,53742.0,53782,-40.0,54009.0,53954,55.0,3.128,3.016,0.1120000000000001,1.00048864,1.00048864,0.0,0.6237113402061856,0.907651715039578,-0.2839403748333923
48,148,127,54009.0,53954,55.0,54152.0,54176,-24.0,54444.0,54344,100.0,3.28,3.152,0.1279999999999996,1.00048864,1.00048864,0.0,0.6574712643678161,0.8615384615384616,-0.2040671971706454
48,150,128,54563.0,54344,219.0,54618.0,54610,8.0,54821.0,54769,52.0,1.048,3.472,-2.424,0.71195,0.80747864,-0.09552864,0.4263565891472868,0.7482352941176471,-0.3218787049703603
48,151,129,54821.0,54769,52.0,54945.0,54969,-24.0,55410.0,55527,-117.0,2.616,2.872,-0.2559999999999998,0.73613,1.00048864,-0.26435864,0.4210526315789473,0.5277044854881267,-0.1066518539091793
48,153,130,55671.0,55527,144.0,55709.0,55678,31.0,55780.0,55738,42.0,2.232,5.672,-3.4399999999999995,0.75421864,0.75421864,0.0,0.6972477064220184,0.5687203791469194,0.1285273272750989
48,155,131,55952.0,55738,214.0,56004.0,56009,-5.0,56132.0,56102,30.0,1.248,2.648,-1.4,1.00048864,1.00048864,0.0,0.5777777777777777,0.510989010989011,0.0667887667887667
48,158,132,56336.0,56102,234.0,56374.0,56360,14.0,56500.0,56678,-178.0,0.696,2.808,-2.112,0.5575399999999999,1.00048864,-0.44294864,0.4634146341463414,0.8958333333333334,-0.4324186991869919
48,162,133,56821.0,56678,143.0,56896.0,56882,14.0,57206.0,57033,173.0,0.68,4.176,-3.496,0.720985,0.77546864,-0.05448364,0.3896103896103896,0.8507042253521127,-0.461093835741723
48,165,134,57296.0,57033,263.0,57311.0,57301,10.0,57604.0,57489,115.0,0.496,3.352,-2.856,0.5636479999999999,0.5968749999999999,-0.033227,0.0974025974025973,0.8245614035087719,-0.7271588061061746
48,167,136,57982.0,57851,131.0,58017.0,58062,-45.0,58291.0,58229,62.0,3.152,2.968,0.1840000000000001,0.492544,0.4502799999999999,0.042264,0.2265372168284789,0.8835978835978836,-0.6570606667694047
48,168,137,58291.0,58229,62.0,58402.0,58453,-51.0,58666.0,58609,57.0,3.08,3.128,-0.048,1.00048864,1.00048864,0.0,0.5920000000000001,0.8210526315789474,-0.2290526315789472
48,169,138,58666.0,58609,57.0,58736.0,58760,-24.0,58987.0,58923,64.0,2.672,2.456,0.2160000000000002,1.00048864,1.00048864,0.0,0.4361370716510904,0.961783439490446,-0.5256463678393555
48,170,139,58987.0,58923,64.0,59057.0,59056,1.0,59325.0,59190,135.0,2.568,2.368,0.2000000000000001,1.00048864,1.00048864,0.0,0.4142011834319526,0.99625468164794,-0.5820534982159874
48,171,140,59325.0,59190,135.0,59409.0,59404,5.0,59634.0,59549,85.0,2.816,2.784,0.032,0.6366986400000001,0.6366986400000001,0.0,0.5436893203883495,0.807799442896936,-0.2641101225085864
48,172,141,59634.0,59549,85.0,59703.0,59725,-22.0,59936.0,59866,70.0,2.352,2.568,-0.2160000000000002,0.436595,0.49278864,-0.0561936399999999,0.4569536423841059,0.889589905362776,-0.4326362629786701
49,6,4,1649.0,1543,106.0,1711.0,1763,-52.0,2551.0,1995,556.0,0.688,3.68,-2.992,0.57381,0.589446,-0.0156359999999999,0.1374722838137472,0.9734513274336284,-0.8359790436198811
49,8,6,2614.0,2457,157.0,2646.0,2649,-3.0,2924.0,2889,35.0,0.552,3.864,-3.312,0.56696,0.57087,-0.0039099999999999,0.2064516129032257,0.8888888888888888,-0.6824372759856631
49,10,7,2979.0,2889,90.0,3024.0,3053,-29.0,3354.0,3311,43.0,0.536,3.232,-2.696,0.50245,0.4995199999999999,0.0029299999999999,0.24,0.7772511848341233,-0.5372511848341233
49,13,9,3955.0,3834,121.0,3988.0,4007,-19.0,4301.0,4246,55.0,0.432,4.072,-3.64,0.45455,0.45455,0.0,0.1907514450867051,0.8398058252427184,-0.6490543801560132
49,16,11,4840.0,4692,148.0,4859.0,4873,-14.0,5172.0,5114,58.0,0.608,3.52,-2.912,0.48388,0.4868099999999999,-0.0029299999999999,0.1144578313253011,0.8578199052132701,-0.7433620738879689
49,18,12,5269.0,5114,155.0,5299.0,5310,-11.0,5717.0,5679,38.0,0.696,3.496,-2.8,0.5689110000000001,0.5689110000000001,0.0,0.1339285714285714,0.6938053097345133,-0.5598767383059419
49,22,14,6243.0,6112,131.0,6254.0,6276,-22.0,6666.0,6551,115.0,0.584,3.104,-2.52,0.424243,0.437929,-0.0136859999999999,0.0520094562647753,0.7471526195899771,-0.6951431633252018
49,23,15,6666.0,6551,115.0,6704.0,6765,-61.0,7103.0,7021,82.0,3.6,3.912,-0.3119999999999998,0.5532779999999999,0.5532779999999999,0.0,0.1739130434782608,0.9106382978723404,-0.7367252543940795
49,25,16,7186.0,7021,165.0,7206.0,7213,-7.0,7542.0,7485,57.0,0.56,3.584,-3.024,0.564024,0.5513159999999999,0.012708,0.1123595505617978,0.8275862068965517,-0.7152266563347539
49,27,17,7653.0,7485,168.0,7679.0,7699,-20.0,7976.0,7933,43.0,0.824,3.888,-3.064,0.4877859999999999,0.4926739999999999,-0.004888,0.1609907120743033,0.9553571428571428,-0.7943664307828395
49,29,18,8074.0,7933,141.0,8097.0,8111,-14.0,8428.0,8343,85.0,0.648,3.296,-2.648,0.4222899999999999,0.4868059999999999,-0.064516,0.1299435028248587,0.8682926829268293,-0.7383491801019705
49,31,19,8513.0,8343,170.0,8538.0,8564,-26.0,8942.0,8888,54.0,0.608,3.624,-3.016,0.552296,0.51222,0.040076,0.1165501165501166,0.8110091743119265,-0.6944590577618099
49,33,20,9020.0,8888,132.0,9071.0,9085,-14.0,9461.0,9393,68.0,0.688,4.168,-3.4800000000000004,0.50831,0.648096,-0.1397859999999999,0.2312925170068027,0.7801980198019802,-0.5489055027951775
49,34,21,9461.0,9393,68.0,9523.0,9550,-27.0,9901.0,9847,54.0,3.616,3.72,-0.104,0.769302,0.735089,0.034213,0.2818181818181818,0.6916299559471366,-0.4098117741289547
49,36,22,10018.0,9847,171.0,10028.0,10043,-15.0,10381.0,10333,48.0,0.456,3.944,-3.488,0.587486,0.659822,-0.072336,0.0550964187327823,0.8065843621399177,-0.7514879434071353
49,38,23,10430.0,10333,97.0,10472.0,10516,-44.0,10873.0,10794,79.0,0.608,3.784,-3.176,0.47996,0.525906,-0.0459459999999999,0.1896162528216703,0.7939262472885033,-0.6043099944668329
49,39,24,10873.0,10794,79.0,10928.0,10974,-46.0,11264.0,11223,41.0,3.648,3.664,-0.016,0.65299,0.65103,0.0019599999999999,0.2813299232736572,0.8391608391608392,-0.5578309158871819
49,41,25,11330.0,11223,107.0,11369.0,11397,-28.0,11770.0,11712,58.0,0.664,3.384,-2.72,0.5435,0.53177,0.01173,0.1772727272727272,0.7116564417177914,-0.5343837144450642
49,43,26,11849.0,11712,137.0,11893.0,11913,-20.0,12220.0,12166,54.0,0.696,4.128,-3.4320000000000004,0.4916899999999999,0.57478,-0.08309,0.2371967654986523,0.8854625550660793,-0.648265789567427
49,47,28,12835.0,12679,156.0,12866.0,12870,-4.0,13201.0,13158,43.0,0.624,3.744,-3.12,0.555229,0.6217,-0.066471,0.1693989071038251,0.7974947807933195,-0.6280958736894944
49,49,29,13268.0,13158,110.0,13314.0,13338,-24.0,13698.0,13625,73.0,0.68,3.744,-3.064,0.53373,0.556209,-0.0224789999999999,0.213953488372093,0.7708779443254818,-0.5569244559533888
49,50,30,13698.0,13625,73.0,13829.0,13823,6.0,14178.0,14124,54.0,4.12,3.88,0.2400000000000002,0.6432100000000001,0.7634500000000001,-0.12024,0.5458333333333334,0.7935871743486974,-0.247753841015364
49,51,31,14178.0,14124,54.0,14242.0,14292,-50.0,14593.0,14550,43.0,3.304,3.752,-0.4479999999999999,0.46335,0.45357,0.00978,0.308433734939759,0.7887323943661972,-0.4802986594264382
49,53,32,14676.0,14550,126.0,14727.0,14757,-30.0,15109.0,15041,68.0,0.752,3.72,-2.968,0.76637,0.76637,0.0,0.2355658198614318,0.8431771894093687,-0.6076113695479368
49,55,33,15214.0,15041,173.0,15240.0,15238,2.0,15557.0,15485,72.0,0.608,3.848,-3.24,0.55816,0.651999,-0.093839,0.151603498542274,0.8873873873873874,-0.7357838888451134
49,57,34,15653.0,15485,168.0,15688.0,15699,-11.0,15983.0,15903,80.0,0.992,3.688,-2.696,0.5268780000000001,0.5190600000000001,0.0078179999999999,0.2121212121212121,0.9760765550239234,-0.7639553429027113
49,59,35,16081.0,15903,178.0,16107.0,16112,-5.0,16423.0,16332,91.0,0.6,3.304,-2.704,0.56501,0.584558,-0.019548,0.1520467836257309,0.9743589743589745,-0.8223121907332434
49,61,36,16511.0,16332,179.0,16533.0,16537,-4.0,16865.0,16768,97.0,0.504,3.4,-2.896,0.5874900000000001,0.60606,-0.0185699999999999,0.1242937853107344,0.9403669724770642,-0.8160731871663298
49,62,37,16865.0,16768,97.0,16907.0,16962,-55.0,17229.0,17165,64.0,2.992,3.4,-0.4079999999999999,0.54545,0.54057,0.0048799999999999,0.2307692307692307,0.9773299748110832,-0.7465607440418524
49,64,38,17299.0,17165,134.0,17350.0,17369,-19.0,17646.0,17574,72.0,0.736,3.256,-2.52,0.56403,0.57282,-0.0087899999999999,0.2939481268011528,0.9975550122249388,-0.7036068854237861
49,66,39,17718.0,17574,144.0,17763.0,17770,-7.0,18077.0,17971,106.0,0.712,3.208,-2.4960000000000004,0.5523,0.5610999999999999,-0.0087999999999999,0.2506963788300835,0.9874055415617128,-0.7367091627316293
49,67,40,18077.0,17971,106.0,18141.0,18155,-14.0,18454.0,18391,63.0,3.024,3.08,-0.056,0.60117,0.5610900000000001,0.0400799999999998,0.3395225464190982,0.8761904761904762,-0.536667929771378
49,68,41,18454.0,18391,63.0,18577.0,18597,-20.0,18973.0,18879,94.0,3.488,3.536,-0.048,0.66765,0.6872,-0.01955,0.4739884393063583,0.8442622950819672,-0.3702738557756088
49,70,42,19067.0,18879,188.0,19104.0,19099,5.0,19417.0,19332,85.0,0.56,4.016,-3.456,0.70674,0.73216,-0.0254199999999999,0.2114285714285714,0.9713024282560706,-0.7598738568274992
49,71,43,19417.0,19332,85.0,19478.0,19524,-46.0,19879.0,19823,56.0,2.992,3.4,-0.4079999999999999,0.60899,0.59628,0.0127099999999999,0.2640692640692641,0.7820773930753564,-0.5180081290060923
49,73,44,19959.0,19823,136.0,19998.0,20007,-9.0,20255.0,20174,81.0,0.576,3.864,-3.288,0.48582,0.60899,-0.12317,0.2635135135135135,0.9515669515669516,-0.6880534380534381
49,78,45,20953.0,20814,139.0,20985.0,21032,-47.0,21194.0,21131,63.0,0.712,4.096,-3.3840000000000003,0.23558,0.4956,-0.26002,0.2655601659751037,0.6246056782334385,-0.3590455122583348
49,79,46,21194.0,21131,63.0,21250.0,21237,13.0,21495.0,21372,123.0,2.12,1.64,0.4800000000000002,0.759528,0.759528,0.0,0.3720930232558139,0.8796680497925311,-0.5075750265367172
49,80,47,21495.0,21372,123.0,21527.0,21540,-13.0,21917.0,21858,59.0,2.216,2.424,-0.2079999999999997,0.356794,0.31085,0.0459439999999999,0.1516587677725118,0.691358024691358,-0.5396992569188461
49,82,48,22028.0,21858,170.0,22053.0,22047,6.0,22376.0,22310,66.0,0.584,4.056,-3.472,0.5738,0.640274,-0.066474,0.1436781609195402,0.8362831858407079,-0.6926050249211677
49,84,49,22459.0,22310,149.0,22501.0,22516,-15.0,22811.0,22728,83.0,0.496,3.752,-3.256,0.61583,0.64711,-0.0312799999999999,0.2386363636363636,0.985645933014354,-0.7470095693779905
49,87,51,23264.0,23129,135.0,23300.0,23338,-38.0,23609.0,23524,85.0,0.76,3.344,-2.584,0.50831,0.50831,0.0,0.208695652173913,0.9417721518987342,-0.7330764997248211
49,89,52,23705.0,23524,181.0,23710.0,23731,-21.0,23995.0,23935,60.0,0.52,3.144,-2.624,0.5483830000000001,0.5161300000000001,0.0322529999999999,0.0344827586206896,0.9927007299270072,-0.9582179713063176
49,91,53,24045.0,23935,110.0,24086.0,24141,-55.0,24396.0,24338,58.0,0.624,3.28,-2.656,0.52689,0.543503,-0.0166129999999999,0.2336182336182336,0.977667493796526,-0.7440492601782924
49,93,54,24488.0,24338,150.0,24510.0,24523,-13.0,24773.0,24718,55.0,0.56,3.056,-2.496,0.53177,0.53666,-0.00489,0.1543859649122807,0.9736842105263158,-0.8192982456140351
49,95,55,24834.0,24718,116.0,24889.0,24907,-18.0,25079.0,25033,46.0,0.64,3.072,-2.432,0.4457399999999999,0.57771,-0.1319699999999999,0.4489795918367347,0.8,-0.3510204081632653
49,96,56,25079.0,25033,46.0,25130.0,25140,-10.0,25373.0,25315,58.0,1.928,1.864,0.0639999999999998,0.48192,0.44672,0.0352,0.3469387755102041,0.7588652482269503,-0.4119264727167462
49,98,57,25454.0,25315,139.0,25488.0,25509,-21.0,25788.0,25716,72.0,0.576,2.952,-2.376,0.56208,0.56208,0.0,0.2035928143712575,0.9675810473815462,-0.7639882330102886
49,99,58,25788.0,25716,72.0,25841.0,25901,-60.0,26170.0,26119,51.0,2.824,3.136,-0.3120000000000003,0.54057,0.5327500000000001,0.0078199999999999,0.2774869109947644,0.9181141439205956,-0.6406272329258311
49,101,59,26229.0,26119,110.0,26282.0,26304,-22.0,26681.0,26492,189.0,0.672,3.224,-2.552,0.56696,0.57478,-0.0078199999999999,0.2345132743362832,0.9919571045576407,-0.7574438302213575
49,102,60,26681.0,26492,189.0,26707.0,26709,-2.0,27022.0,26944,78.0,3.4,3.24,0.1599999999999997,0.4301,0.4301,0.0,0.1524926686217008,0.9601769911504424,-0.8076843225287417
49,104,61,27136.0,26944,192.0,27153.0,27152,1.0,27411.0,27349,62.0,0.616,3.544,-2.928,0.56598,0.5904200000000001,-0.02444,0.1236363636363636,0.9728395061728397,-0.8492031425364759
49,106,62,27478.0,27349,129.0,27513.0,27550,-37.0,27859.0,27777,82.0,0.648,3.184,-2.536,0.5210100000000001,0.5210100000000001,0.0,0.1837270341207348,0.9392523364485982,-0.7555253023278633
49,108,63,27912.0,27777,135.0,27954.0,27989,-35.0,28141.0,28276,-135.0,0.416,3.512,-3.096,0.42718,0.53275,-0.1055699999999999,0.3668122270742358,0.8496993987975952,-0.4828871717233594
49,111,64,28454.0,28276,178.0,28490.0,28486,4.0,28831.0,28799,32.0,0.816,3.976,-3.16,0.6089899999999999,0.6089899999999999,0.0,0.1909814323607427,0.8030592734225621,-0.6120778410618194
49,113,65,28899.0,28799,100.0,28925.0,28934,-9.0,29245.0,29154,91.0,0.576,3.584,-3.008,0.41447,0.42718,-0.0127099999999999,0.1502890173410405,0.7605633802816901,-0.6102743629406496
49,114,66,29245.0,29154,91.0,29307.0,29340,-33.0,29699.0,29625,74.0,3.056,3.248,-0.1920000000000001,0.684264,0.65396,0.0303039999999999,0.2731277533039647,0.7898089171974523,-0.5166811638934875
49,117,68,30136.0,29978,158.0,30173.0,30168,5.0,30507.0,30428,79.0,0.576,2.648,-2.072,0.6607999999999999,0.6607999999999999,0.0,0.1994609164420485,0.8444444444444444,-0.6449835280023959
49,120,69,30675.0,30428,247.0,30695.0,30684,11.0,31043.0,30889,154.0,0.704,4.128,-3.4240000000000004,0.65005,0.6353800000000001,0.0146699999999999,0.108695652173913,0.8893709327548807,-0.7806752805809676
49,123,70,31178.0,30889,289.0,31208.0,31210,-2.0,31530.0,31454,76.0,0.56,4.208,-3.648,0.66373,0.7008800000000001,-0.03715,0.1704545454545454,0.863716814159292,-0.6932622687047466
49,125,71,31629.0,31454,175.0,31656.0,31658,-2.0,31960.0,31866,94.0,0.576,3.584,-3.008,0.703811,0.68817,0.015641,0.1631419939577039,0.9902912621359224,-0.8271492681782184
49,127,72,32057.0,31866,191.0,32069.0,32068,1.0,32337.0,32283,54.0,0.416,3.28,-2.864,0.64907,0.687191,-0.0381209999999999,0.0857142857142857,0.9688249400479616,-0.8831106543336759
49,129,73,32407.0,32283,124.0,32451.0,32474,-23.0,32776.0,32695,81.0,0.648,3.248,-2.6,0.5786899999999999,0.5786899999999999,0.0,0.2384823848238482,0.9271844660194176,-0.6887020811955693
49,130,74,32776.0,32695,81.0,32891.0,32919,-28.0,33230.0,33149,81.0,3.52,3.56,-0.04,0.6715599999999999,0.67742,-0.00586,0.5066079295154184,0.986784140969163,-0.4801762114537445
49,132,75,33389.0,33149,240.0,33415.0,33404,11.0,33742.0,33672,70.0,0.64,3.88,-3.24,0.72141,0.78104,-0.0596299999999999,0.1473087818696884,0.9751434034416826,-0.8278346215719942
49,135,77,34452.0,34208,244.0,34468.0,34465,3.0,34832.0,34682,150.0,1.168,4.472,-3.3040000000000003,0.61681,0.61681,0.0,0.0842105263157895,0.9156118143459916,-0.8314012880302021
49,137,78,34902.0,34682,220.0,34945.0,34989,-44.0,35439.0,35322,117.0,0.696,4.192,-3.4960000000000004,0.6305000000000001,0.65884,-0.0283399999999999,0.1601489757914339,0.959375,-0.799226024208566
49,139,79,35530.0,35322,208.0,35562.0,35561,1.0,35815.0,35768,47.0,0.68,4.576,-3.896,0.6324500000000001,0.63832,-0.0058699999999999,0.2245614035087719,0.9282511210762332,-0.7036897175674612
49,141,80,35883.0,35768,115.0,35944.0,35966,-22.0,36239.0,36168,71.0,0.88,3.24,-2.3600000000000003,0.61779,0.59824,0.0195499999999999,0.3426966292134831,0.99,-0.6473033707865169
49,143,81,36315.0,36168,147.0,36403.0,36411,-8.0,36849.0,36584,265.0,0.952,3.56,-2.608,0.987292,0.987292,0.0,0.3295880149812734,0.8317307692307692,-0.5021427542494957
49,144,82,36849.0,36584,265.0,36928.0,36939,-11.0,37206.0,37155,51.0,4.2,4.224,-0.024,0.57771,0.706742,-0.129032,0.4425770308123249,0.7565674255691769,-0.313990394756852
49,145,83,37206.0,37155,51.0,37319.0,37322,-3.0,37596.0,37546,50.0,3.128,3.064,0.064,0.63636,0.63245,0.00391,0.5794871794871794,0.8542199488491049,-0.2747327693619255
49,147,84,37641.0,37546,95.0,37703.0,37712,-9.0,38006.0,37945,61.0,0.64,3.12,-2.48,0.6178,0.6119300000000001,0.0058699999999999,0.3397260273972603,0.8320802005012531,-0.4923541731039927
49,149,85,38094.0,37945,149.0,38112.0,38116,-4.0,38394.0,38324,70.0,0.232,3.232,-3.0,0.58064,0.58651,-0.0058699999999999,0.12,0.9023746701846964,-0.7823746701846965
49,151,86,38449.0,38324,125.0,38503.0,38511,-8.0,38716.0,38663,53.0,0.64,3.16,-2.52,0.5913999999999999,0.5826,0.0087999999999999,0.4044943820224719,0.8967551622418879,-0.492260780219416
49,152,87,38716.0,38663,53.0,38776.0,38781,-5.0,38846.0,38937,-91.0,2.184,2.16,0.024,0.48974,0.66667,-0.1769299999999999,0.9230769230769232,0.8613138686131387,0.0617630544637843
49,154,88,38993.0,38937,56.0,39112.0,39116,-4.0,39419.0,39329,90.0,2.088,2.68,-0.5920000000000001,0.930596,0.930596,0.0,0.5586854460093897,0.9132653061224488,-0.3545798601130592
49,155,89,39419.0,39329,90.0,39548.0,39542,6.0,39860.0,39787,73.0,3.488,3.408,0.08,0.85826,0.902248,-0.0439879999999999,0.5850340136054422,0.9301310043668124,-0.3450969907613701
49,156,90,39860.0,39787,73.0,39972.0,39963,9.0,40258.0,40202,56.0,3.392,3.368,0.024,0.6979500000000001,0.6705800000000001,0.02737,0.5628140703517588,0.8481927710843373,-0.2853787007325785
49,157,91,40258.0,40202,56.0,40374.0,40381,-7.0,40687.0,40621,66.0,3.216,3.344,-0.1279999999999996,0.67449,0.6881700000000001,-0.01368,0.5407925407925408,0.8544152744630071,-0.3136227336704663
49,159,92,40743.0,40621,122.0,40804.0,40803,1.0,41127.0,41046,81.0,0.608,3.376,-2.768,0.6617799999999999,0.67058,-0.0088,0.3177083333333333,0.8564705882352941,-0.5387622549019607
49,161,93,41198.0,41046,152.0,41238.0,41234,4.0,41581.0,41459,122.0,0.504,3.448,-2.944,0.5806399999999999,0.56402,0.0166199999999999,0.2088772845953003,0.910411622276029,-0.7015343376807287
49,162,94,41581.0,41459,122.0,41689.0,41687,2.0,42011.0,41926,85.0,3.608,3.624,-0.016,0.61877,0.63441,-0.0156399999999999,0.5023255813953489,0.9764453961456104,-0.4741198147502614
49,163,95,42011.0,41926,85.0,42081.0,42111,-30.0,42479.0,42379,100.0,3.136,3.392,-0.2559999999999998,0.64223,0.64321,-0.0009799999999999,0.2991452991452992,0.8167770419426048,-0.5176317427973056
49,164,96,42479.0,42379,100.0,42545.0,42570,-25.0,42867.0,42801,66.0,3.712,3.672,0.04,0.5738000000000001,0.60801,-0.0342099999999999,0.3402061855670103,0.90521327014218,-0.5650070845751698
49,166,97,42931.0,42801,130.0,42961.0,42996,-35.0,43296.0,43207,89.0,0.6,3.408,-2.808,0.544473,0.544473,0.0,0.1643835616438356,0.9605911330049262,-0.7962075713610905
49,168,98,43401.0,43207,194.0,43425.0,43418,7.0,43759.0,43692,67.0,0.592,3.376,-2.784,0.6041,0.660798,-0.056698,0.1340782122905027,0.8701030927835052,-0.7360248804930024
49,171,100,44207.0,44069,138.0,44260.0,44282,-22.0,44585.0,44503,82.0,0.704,3.08,-2.3760000000000003,0.6041099999999999,0.59824,0.0058699999999999,0.2804232804232804,0.9815668202764976,-0.7011435398532172
49,173,101,44656.0,44503,153.0,44701.0,44704,-3.0,45009.0,44927,82.0,0.552,3.376,-2.824,0.66472,0.66178,0.0029399999999999,0.2549575070821529,0.9481132075471698,-0.6931557004650168
49,174,102,45009.0,44927,82.0,45076.0,45111,-35.0,45397.0,45334,63.0,3.0,3.256,-0.2559999999999998,0.6187699999999999,0.6314799999999999,-0.0127099999999999,0.345360824742268,0.9041769041769042,-0.5588160794346362
49,176,103,45454.0,45334,120.0,45514.0,45520,-6.0,45837.0,45766,71.0,0.576,3.272,-2.696,0.64516,0.64516,0.0,0.3133159268929504,0.8611111111111112,-0.5477951842181608
49,177,104,45837.0,45766,71.0,45939.0,45924,15.0,46212.0,46181,31.0,3.4,3.232,0.1679999999999997,0.671557,0.671557,0.0,0.544,0.7614457831325301,-0.21744578313253
49,179,105,46288.0,46181,107.0,46410.0,46412,-2.0,46726.0,46674,52.0,1.496,3.904,-2.408,0.64321,0.800589,-0.157379,0.5570776255707763,0.9371196754563894,-0.3800420498856131
49,181,106,46785.0,46674,111.0,46841.0,46839,2.0,47148.0,47080,68.0,0.632,3.416,-2.784,0.63636,0.6324500000000001,0.0039099999999999,0.3085399449035813,0.812807881773399,-0.5042679368698177
49,182,107,47148.0,47080,68.0,47276.0,47262,14.0,47685.0,47583,102.0,3.48,3.384,0.096,0.7478,0.74193,0.00587,0.4767225325884544,0.7236580516898609,-0.2469355191014064
49,183,108,47685.0,47583,102.0,47733.0,47769,-36.0,48087.0,48048,39.0,3.656,4.056,-0.3999999999999999,0.5914,0.5914,0.0,0.2388059701492537,0.8,-0.5611940298507463
49,184,109,48087.0,48048,39.0,48199.0,48227,-28.0,48986.0,48483,503.0,3.728,3.664,0.064,0.69501,0.84653,-0.15152,0.2491657397107898,0.8229885057471265,-0.5738227660363366
49,187,111,49124.0,48919,205.0,49147.0,49144,3.0,49400.0,49334,66.0,0.496,3.584,-3.088,0.59726,0.63734,-0.04008,0.1666666666666666,0.9156626506024096,-0.7489959839357431
49,189,112,49481.0,49334,147.0,49525.0,49525,0.0,49773.0,49719,54.0,0.664,3.048,-2.384,0.67351,0.64907,0.02444,0.3013698630136986,0.9922077922077922,-0.6908379291940936
49,191,113,49832.0,49719,113.0,49901.0,49917,-16.0,50210.0,50141,69.0,0.72,3.136,-2.4160000000000004,0.6784,0.68133,-0.0029299999999999,0.3650793650793651,0.9383886255924172,-0.573309260513052
49,193,114,50279.0,50141,138.0,50334.0,50335,-1.0,50659.0,50570,89.0,0.736,3.344,-2.608,0.6393,0.6334299999999999,0.00587,0.2894736842105263,0.9044289044289044,-0.6149552202183781
49,195,115,50736.0,50570,166.0,50773.0,50815,-42.0,51131.0,51059,72.0,0.688,3.84,-3.152,0.50831,0.53666,-0.0283499999999999,0.1873417721518987,0.9979550102249488,-0.8106132380730502
49,196,116,51131.0,51059,72.0,51242.0,51241,1.0,51641.0,51554,87.0,3.752,3.408,0.3439999999999998,0.6588499999999999,0.65983,-0.00098,0.4352941176470588,0.7353535353535354,-0.3000594177064766
49,198,117,51733.0,51554,179.0,51744.0,51743,1.0,52086.0,52024,62.0,0.216,4.016,-3.8,0.66764,0.6715500000000001,-0.00391,0.0623229461756373,0.8042553191489361,-0.7419323729732987
49,200,118,52183.0,52024,159.0,52204.0,52195,9.0,52554.0,52478,76.0,0.304,3.616,-3.3120000000000003,0.64125,0.6617799999999999,-0.0205299999999999,0.1132075471698113,0.7533039647577092,-0.6400964175878979
49,201,119,52554.0,52478,76.0,52617.0,52642,-25.0,52954.0,52899,55.0,3.304,3.576,-0.2720000000000002,0.55621,0.522,0.0342099999999999,0.3149999999999999,0.7790973871733967,-0.4640973871733967
49,203,120,53005.0,52899,106.0,53058.0,53081,-23.0,53367.0,53275,92.0,0.6,3.512,-2.912,0.4477,0.51026,-0.06256,0.2928176795580111,0.9680851063829788,-0.6752674268249677
49,204,121,53367.0,53275,92.0,53433.0,53468,-35.0,53744.0,53689,55.0,3.0,3.096,-0.096,0.6608,0.65004,0.0107600000000001,0.3501326259946949,0.932367149758454,-0.5822345237637592
49,206,122,53812.0,53689,123.0,53867.0,53883,-16.0,54191.0,54122,69.0,0.712,3.32,-2.608,0.59531,0.5992200000000001,-0.00391,0.2902374670184696,0.8960739030023095,-0.6058364359838398
49,208,123,54255.0,54122,133.0,54309.0,54320,-11.0,54611.0,54544,67.0,0.728,3.496,-2.768,0.61291,0.60802,0.0048899999999999,0.3033707865168539,0.9383886255924172,-0.6350178390755632
49,209,124,54611.0,54544,67.0,54725.0,54727,-2.0,55051.0,54957,94.0,3.328,3.256,0.072,0.62659,0.61193,0.01466,0.5181818181818182,0.8861985472154964,-0.3680167290336782
49,210,125,55051.0,54957,94.0,55127.0,55136,-9.0,55495.0,55401,94.0,3.216,3.272,-0.0559999999999996,0.58749,0.6031299999999999,-0.0156399999999999,0.3423423423423423,0.8063063063063063,-0.463963963963964
49,211,126,55495.0,55401,94.0,55553.0,55568,-15.0,55879.0,55819,60.0,3.408,3.456,-0.048,0.44282,0.47019,-0.02737,0.3020833333333333,0.799043062200957,-0.4969597288676236
49,213,127,55953.0,55819,134.0,56004.0,56013,-9.0,56325.0,56238,87.0,0.688,3.56,-2.872,0.65005,0.65005,0.0,0.2741935483870967,0.9260143198090692,-0.6518207714219725
49,215,128,56403.0,56238,165.0,56451.0,56467,-16.0,56781.0,56695,86.0,0.632,3.632,-3.0,0.5865100000000001,0.61877,-0.0322599999999999,0.2539682539682539,0.9978118161925602,-0.7438435622243063
49,217,129,56868.0,56695,173.0,56881.0,56900,-19.0,57223.0,57142,81.0,0.512,3.464,-2.952,0.4525899999999999,0.45748,-0.00489,0.0732394366197183,0.9172259507829976,-0.8439865141632794
49,219,130,57307.0,57142,165.0,57336.0,57333,3.0,57671.0,57584,87.0,0.528,3.464,-2.936,0.5874900000000001,0.5874900000000001,0.0,0.1593406593406593,0.8642533936651584,-0.7049127343244991
49,221,131,57774.0,57584,190.0,57787.0,57780,7.0,58143.0,57978,165.0,0.472,3.576,-3.104,0.51124,0.55132,-0.04008,0.0704607046070461,0.9949238578680204,-0.9244631532609742
49,223,132,58222.0,57978,244.0,58260.0,58274,-14.0,58587.0,58500,87.0,0.68,3.952,-3.272,0.5659799999999999,0.5659799999999999,0.0,0.2082191780821918,0.8659003831417624,-0.6576812050595706
49,225,133,58668.0,58500,168.0,58707.0,58718,-11.0,59035.0,58945,90.0,0.56,3.552,-2.992,0.62855,0.62855,0.0,0.2125340599455041,0.9797752808988764,-0.7672412209533723
49,227,134,59126.0,58945,181.0,59164.0,59154,10.0,59479.0,59418,61.0,0.624,3.488,-2.864,0.6744829999999999,0.6744829999999999,0.0,0.2152974504249292,0.8837209302325582,-0.668423479807629
49,228,135,59479.0,59418,61.0,59534.0,59562,-28.0,59837.0,59796,41.0,2.96,3.264,-0.3039999999999998,0.51222,0.5044000000000001,0.0078199999999999,0.3072625698324022,0.7619047619047619,-0.4546421920723597
50,1,1,311.0,211,100.0,417.0,445,-28.0,754.0,680,74.0,,,,1.0,1.0,0.0,0.4785553047404063,0.997867803837953,-0.5193124990975467
50,2,2,754.0,680,74.0,872.0,913,-41.0,1249.0,1137,112.0,3.64,3.744,-0.104,1.0,1.0,0.0,0.4767676767676767,0.9803063457330417,-0.5035386689653648
50,3,3,1249.0,1137,112.0,1383.0,1411,-28.0,1748.0,1657,91.0,4.088,3.984,0.104,1.0,1.0,0.0,0.5370741482965932,0.946153846153846,-0.4090796978572529
50,4,4,1748.0,1657,91.0,1883.0,1911,-28.0,2299.0,2136,163.0,4.0,4.0,0.0,1.0,1.0,0.0,0.4900181488203267,0.9394572025052192,-0.4494390536848925
50,5,5,2299.0,2136,163.0,2389.0,2416,-27.0,2819.0,2659,160.0,4.048,4.04,0.008,1.0,1.0,0.0,0.3461538461538461,0.9292543021032504,-0.5831004559494043
50,6,6,2819.0,2659,160.0,2957.0,2985,-28.0,3373.0,3288,85.0,4.544,4.552,-0.008,1.0,1.0,0.0,0.4981949458483754,0.9634340222575516,-0.4652390764091763
50,7,7,3373.0,3288,85.0,3470.0,3498,-28.0,3879.0,3818,61.0,4.104,4.104,0.0,1.0,1.0,0.0,0.383399209486166,0.7924528301886793,-0.4090536207025133
50,8,8,3879.0,3818,61.0,3982.0,4023,-41.0,4361.0,4291,70.0,4.096,4.2,-0.104,1.0,1.0,0.0,0.4273858921161826,0.8668076109936576,-0.4394217188774749
50,9,9,4361.0,4291,70.0,4459.0,4503,-44.0,4841.0,4778,63.0,3.816,3.84,-0.024,1.0,1.0,0.0,0.4083333333333333,0.8706365503080082,-0.4623032169746749
50,10,10,4841.0,4778,63.0,4941.0,4968,-27.0,5320.0,5247,73.0,3.856,3.72,0.1359999999999996,1.0,1.0,0.0,0.4175365344467641,0.8102345415778252,-0.392698007131061
50,11,11,5320.0,5247,73.0,5415.0,5458,-43.0,5795.0,5730,65.0,3.792,3.92,-0.1280000000000001,1.0,1.0,0.0,0.4,0.8737060041407867,-0.4737060041407867
50,12,12,5795.0,5730,65.0,5889.0,5934,-45.0,6265.0,6198,67.0,3.792,3.808,-0.016,1.0,1.0,0.0,0.4,0.8717948717948718,-0.4717948717948718
50,13,13,6265.0,6198,67.0,6353.0,6375,-22.0,6732.0,6652,80.0,3.712,3.528,0.1840000000000001,1.0,1.0,0.0,0.3768736616702355,0.7797356828193833,-0.4028620211491478
50,14,14,6732.0,6652,80.0,6826.0,6853,-27.0,7175.0,7096,79.0,3.784,3.824,-0.04,1.0,1.0,0.0,0.4243792325056433,0.9054054054054054,-0.481026172899762
50,15,15,7175.0,7096,79.0,7296.0,7327,-31.0,7668.0,7549,119.0,3.76,3.792,-0.032,1.0,1.0,0.0,0.4908722109533469,0.9801324503311258,-0.4892602393777789
50,17,16,7735.0,7549,186.0,7816.0,7846,-30.0,8225.0,8075,150.0,1.048,4.152,-3.104,1.0,1.0,0.0,0.3306122448979591,0.870722433460076,-0.5401101885621169
50,18,17,8225.0,8075,150.0,8318.0,8340,-22.0,8733.0,8665,68.0,4.016,3.952,0.064,1.0,1.0,0.0,0.3661417322834646,0.8983050847457628,-0.5321633524622982
50,19,18,8733.0,8665,68.0,8840.0,8881,-41.0,9195.0,9127,68.0,4.176,4.328,-0.1520000000000001,1.0,1.0,0.0,0.4632034632034632,0.935064935064935,-0.4718614718614718
50,20,19,9195.0,9127,68.0,9303.0,9324,-21.0,9661.0,9593,68.0,3.704,3.544,0.1600000000000001,1.0,1.0,0.0,0.463519313304721,0.8454935622317596,-0.3819742489270386
50,21,20,9661.0,9593,68.0,9755.0,9781,-26.0,10121.0,10027,94.0,3.616,3.656,-0.04,1.0,1.0,0.0,0.408695652173913,0.8663594470046083,-0.4576637948306953
50,22,21,10121.0,10027,94.0,10225.0,10251,-26.0,10579.0,10498,81.0,3.76,3.76,0.0,1.0,1.0,0.0,0.4541484716157205,0.951167728237792,-0.4970192566220714
50,23,22,10579.0,10498,81.0,10703.0,10736,-33.0,11049.0,10982,67.0,3.824,3.88,-0.056,1.0,1.0,0.0,0.5276595744680851,0.9834710743801652,-0.4558114999120802
50,24,23,11049.0,10982,67.0,11147.0,11167,-20.0,11519.0,11452,67.0,3.552,3.448,0.104,1.0,1.0,0.0,0.4170212765957447,0.7872340425531915,-0.3702127659574468
50,25,24,11519.0,11452,67.0,11614.0,11640,-26.0,11971.0,11894,77.0,3.736,3.784,-0.0479999999999996,1.0,1.0,0.0,0.4203539823008849,0.8506787330316742,-0.4303247507307892
50,26,25,11971.0,11894,77.0,12085.0,12115,-30.0,12449.0,12374,75.0,3.768,3.8,-0.032,1.0,1.0,0.0,0.4769874476987448,0.9208333333333334,-0.4438458856345886
50,27,26,12449.0,12374,75.0,12565.0,12609,-44.0,12937.0,12865,72.0,3.84,3.952,-0.1120000000000001,1.0,1.0,0.0,0.4754098360655737,0.9572301425661914,-0.4818203065006177
50,28,27,12937.0,12865,72.0,13037.0,13078,-41.0,13373.0,13300,73.0,3.776,3.752,0.024,1.0,1.0,0.0,0.4587155963302752,0.9793103448275862,-0.5205947484973109
50,29,28,13373.0,13300,73.0,13478.0,13504,-26.0,13847.0,13763,84.0,3.528,3.408,0.1200000000000001,1.0,1.0,0.0,0.4430379746835443,0.8812095032397408,-0.4381715285561964
50,30,29,13847.0,13763,84.0,13955.0,13981,-26.0,14317.0,14240,77.0,3.816,3.816,0.0,1.0,1.0,0.0,0.4595744680851064,0.9140461215932912,-0.4544716535081849
50,31,30,14317.0,14240,77.0,14434.0,14465,-31.0,14803.0,14745,58.0,3.832,3.872,-0.04,1.0,1.0,0.0,0.4814814814814815,0.8910891089108911,-0.4096076274294096
50,32,31,14803.0,14745,58.0,14914.0,14940,-26.0,15377.0,15317,60.0,3.84,3.8,0.04,1.0,1.0,0.0,0.3867595818815331,0.6818181818181819,-0.2950585999366487
50,33,32,15377.0,15317,60.0,15483.0,15512,-29.0,15883.0,15822,61.0,4.552,4.576,-0.024,1.0,1.0,0.0,0.4189723320158103,0.7722772277227723,-0.353304895706962
50,34,33,15883.0,15822,61.0,16004.0,16035,-31.0,16471.0,16274,197.0,4.168,4.184,-0.016,1.0,1.0,0.0,0.4115646258503401,0.9424778761061948,-0.5309132502558546
50,35,34,16471.0,16274,197.0,16581.0,16604,-23.0,17039.0,16879,160.0,4.616,4.552,0.064,1.0,1.0,0.0,0.3873239436619718,0.9090909090909092,-0.5217669654289372
50,36,35,17039.0,16879,160.0,17151.0,17171,-20.0,17540.0,17448,92.0,4.56,4.536,0.024,1.0,1.0,0.0,0.4471057884231537,0.9736379613356766,-0.5265321729125229
50,37,36,17540.0,17448,92.0,17655.0,17678,-23.0,18048.0,17979,69.0,4.032,4.056,-0.024,1.0,1.0,0.0,0.452755905511811,0.8662900188323917,-0.4135341133205806
50,38,37,18048.0,17979,69.0,18159.0,18194,-35.0,18562.0,18501,61.0,4.032,4.128,-0.096,1.0,1.0,0.0,0.4319066147859922,0.8237547892720307,-0.3918481744860385
50,39,38,18562.0,18501,61.0,18689.0,18715,-26.0,19154.0,19101,53.0,4.24,4.168,0.072,1.0,1.0,0.0,0.429054054054054,0.7133333333333334,-0.2842792792792793
50,40,39,19154.0,19101,53.0,19277.0,19303,-26.0,19699.0,19640,59.0,4.704,4.704,0.0,1.0,1.0,0.0,0.4513761467889908,0.7495361781076066,-0.2981600313186158
50,41,40,19699.0,19640,59.0,19790.0,19810,-20.0,20173.0,20095,78.0,4.104,4.056,0.048,1.0,1.0,0.0,0.3839662447257383,0.7472527472527473,-0.3632865025270089
50,42,41,20173.0,20095,78.0,20267.0,20293,-26.0,20641.0,20562,79.0,3.816,3.864,-0.048,1.0,1.0,0.0,0.4017094017094017,0.8479657387580299,-0.4462563370486282
50,43,42,20641.0,20562,79.0,20747.0,20772,-25.0,21114.0,21039,75.0,3.84,3.832,0.008,1.0,1.0,0.0,0.4482029598308668,0.8805031446540881,-0.4323001848232213
50,44,43,21114.0,21039,75.0,21238.0,21270,-32.0,21630.0,21509,121.0,3.928,3.984,-0.056,1.0,1.0,0.0,0.4806201550387596,0.9829787234042552,-0.5023585683654956
50,45,44,21630.0,21509,121.0,21741.0,21766,-25.0,22197.0,22138,59.0,4.024,3.968,0.056,1.0,1.0,0.0,0.3915343915343915,0.8171701112877583,-0.4256357197533668
50,46,45,22197.0,22138,59.0,22325.0,22359,-34.0,22764.0,22699,65.0,4.672,4.744,-0.072,1.0,1.0,0.0,0.4514991181657848,0.7878787878787878,-0.336379669713003
50,47,46,22764.0,22699,65.0,22868.0,22883,-15.0,23296.0,23235,61.0,4.344,4.192,0.1520000000000001,1.0,1.0,0.0,0.3909774436090225,0.6865671641791045,-0.2955897205700819
50,48,47,23296.0,23235,61.0,23422.0,23445,-23.0,23898.0,23845,53.0,4.432,4.496,-0.064,1.0,1.0,0.0,0.4186046511627906,0.6885245901639344,-0.2699199390011437
50,49,48,23898.0,23845,53.0,24027.0,24051,-24.0,24466.0,24402,64.0,4.84,4.848,-0.008,1.0,1.0,0.0,0.454225352112676,0.7396768402154399,-0.2854514881027639
50,50,49,24466.0,24402,64.0,24576.0,24604,-28.0,24981.0,24912,69.0,4.392,4.424,-0.032,1.0,1.0,0.0,0.4271844660194175,0.792156862745098,-0.3649723967256805
50,51,50,24981.0,24912,69.0,25113.0,25146,-33.0,25513.0,25449,64.0,4.296,4.336,-0.04,1.0,1.0,0.0,0.4962406015037593,0.8715083798882681,-0.3752677783845087
50,52,51,25513.0,25449,64.0,25619.0,25642,-23.0,26071.0,25895,176.0,4.048,3.968,0.08,1.0,1.0,0.0,0.3799283154121864,0.8654708520179373,-0.4855425366057508
50,53,52,26071.0,25895,176.0,26193.0,26219,-26.0,26576.0,26505,71.0,4.592,4.616,-0.024,1.0,1.0,0.0,0.4831683168316831,0.9377049180327868,-0.4545366012011037
50,54,53,26576.0,26505,71.0,26688.0,26718,-30.0,27086.0,27023,63.0,3.96,3.992,-0.032,1.0,1.0,0.0,0.4392156862745098,0.8223938223938224,-0.3831781361193126
50,55,54,27086.0,27023,63.0,27179.0,27207,-28.0,27533.0,27461,72.0,3.928,3.912,0.016,1.0,1.0,0.0,0.4161073825503355,0.8401826484018264,-0.4240752658514909
50,56,55,27533.0,27461,72.0,27630.0,27663,-33.0,28006.0,27936,70.0,3.608,3.648,-0.04,1.0,1.0,0.0,0.4101479915433403,0.8505263157894737,-0.4403783242461333
50,57,56,28006.0,27936,70.0,28097.0,28118,-21.0,28530.0,28471,59.0,3.736,3.64,0.096,1.0,1.0,0.0,0.3473282442748091,0.6803738317757009,-0.3330455875008917
50,58,57,28530.0,28471,59.0,28633.0,28656,-23.0,29048.0,28988,60.0,4.288,4.304,-0.016,1.0,1.0,0.0,0.3976833976833976,0.7156673114119922,-0.3179839137285946
50,59,58,29048.0,28988,60.0,29138.0,29165,-27.0,29507.0,29429,78.0,4.04,4.072,-0.032,1.0,1.0,0.0,0.3921568627450981,0.8027210884353742,-0.410564225690276
50,60,59,29507.0,29429,78.0,29607.0,29631,-24.0,29965.0,29895,70.0,3.752,3.728,0.0239999999999995,1.0,1.0,0.0,0.4366812227074236,0.8669527896995708,-0.4302715669921472
50,61,60,29965.0,29895,70.0,30060.0,30076,-16.0,30437.0,30270,167.0,3.624,3.56,0.064,1.0,1.0,0.0,0.4025423728813559,0.9653333333333334,-0.5627909604519774
50,62,61,30437.0,30270,167.0,30545.0,30574,-29.0,30906.0,30779,127.0,3.88,3.984,-0.104,1.0,1.0,0.0,0.4605543710021321,0.805500982318271,-0.3449466113161389
50,63,62,30906.0,30779,127.0,31016.0,31055,-39.0,31384.0,31313,71.0,3.768,3.848,-0.08,1.0,1.0,0.0,0.4602510460251046,0.9662921348314608,-0.5060410888063561
50,64,63,31384.0,31313,71.0,31490.0,31536,-46.0,31868.0,31795,73.0,3.792,3.848,-0.056,1.0,1.0,0.0,0.4380165289256198,0.925311203319502,-0.4872946743938823
50,65,64,31868.0,31795,73.0,31975.0,31997,-22.0,32288.0,32223,65.0,3.88,3.688,0.1919999999999997,1.0,1.0,0.0,0.5095238095238095,0.9439252336448598,-0.4344014241210503
50,66,65,32288.0,32223,65.0,32420.0,32453,-33.0,32765.0,32685,80.0,3.56,3.648,-0.088,1.0,1.0,0.0,0.5534591194968553,0.9956709956709956,-0.4422118761741404
50,67,66,32765.0,32685,80.0,32882.0,32909,-27.0,33186.0,33130,56.0,3.696,3.648,0.048,1.0,1.0,0.0,0.5558194774346794,0.9932584269662922,-0.4374389495316128
50,68,67,33186.0,33130,56.0,33325.0,33354,-29.0,33688.0,33574,114.0,3.544,3.56,-0.016,0.9931574,1.0,-0.0068426,0.5537848605577689,0.990990990990991,-0.4372061304332221
50,70,68,33745.0,33574,171.0,33832.0,33862,-30.0,34191.0,34086,105.0,0.816,4.064,-3.248,0.98045,0.98045,0.0,0.3901345291479821,0.875,-0.4848654708520179
50,72,69,34279.0,34086,193.0,34392.0,34436,-44.0,34792.0,34681,111.0,1.52,4.592,-3.072,0.981427,0.981427,0.0,0.4405458089668616,0.8235294117647058,-0.3829836027978442
50,73,70,34792.0,34681,111.0,34929.0,34959,-30.0,35292.0,35226,66.0,4.296,4.184,0.1120000000000001,1.0,1.0,0.0,0.548,0.9798165137614678,-0.4318165137614678
50,74,71,35292.0,35226,66.0,35423.0,35452,-29.0,35869.0,35692,177.0,3.952,3.944,0.008,1.0,1.0,0.0,0.4540727902946274,0.9699570815450644,-0.5158842912504369
50,75,72,35869.0,35692,177.0,35984.0,36006,-22.0,36435.0,36361,74.0,4.488,4.432,0.056,1.0,1.0,0.0,0.4063604240282685,0.938714499252616,-0.5323540752243473
50,76,73,36435.0,36361,74.0,36550.0,36573,-23.0,36929.0,36860,69.0,4.528,4.536,-0.008,1.0,1.0,0.0,0.4655870445344129,0.8496993987975952,-0.3841123542631822
50,77,74,36929.0,36860,69.0,37044.0,37067,-23.0,37493.0,37350,143.0,3.952,3.952,0.0,1.0,1.0,0.0,0.4078014184397163,0.8448979591836735,-0.4370965407439572
50,79,75,37514.0,37350,164.0,37610.0,37637,-27.0,38059.0,37999,60.0,0.84,4.56,-3.72,1.0,1.0,0.0,0.3522935779816514,0.884437596302003,-0.5321440183203516
50,80,76,38059.0,37999,60.0,38197.0,38228,-31.0,38658.0,38591,67.0,4.696,4.728,-0.032,1.0,1.0,0.0,0.4607679465776294,0.7736486486486487,-0.3128807020710192
50,81,77,38658.0,38591,67.0,38800.0,38832,-32.0,39162.0,39114,48.0,4.824,4.832,-0.008,1.0,1.0,0.0,0.5634920634920635,0.9216061185468452,-0.3581140550547816
50,82,78,39162.0,39114,48.0,39296.0,39326,-30.0,39708.0,39639,69.0,3.968,3.952,0.016,1.0,1.0,0.0,0.4908424908424909,0.8076190476190477,-0.3167765567765568
50,83,79,39708.0,39639,69.0,39820.0,39839,-19.0,40223.0,40156,67.0,4.192,4.104,0.088,1.0,1.0,0.0,0.4349514563106796,0.7736943907156673,-0.3387429344049876
50,84,80,40223.0,40156,67.0,40329.0,40347,-18.0,40806.0,40620,186.0,4.072,4.064,0.008,1.0,1.0,0.0,0.3636363636363636,0.8232758620689655,-0.4596394984326019
50,85,81,40806.0,40620,186.0,40892.0,40924,-32.0,41296.0,41235,61.0,4.504,4.616,-0.1120000000000001,1.0,1.0,0.0,0.3510204081632653,0.9886178861788618,-0.6375974780155965
50,86,82,41296.0,41235,61.0,41393.0,41414,-21.0,41756.0,41688,68.0,4.008,3.92,0.088,1.0,1.0,0.0,0.4217391304347826,0.7902869757174393,-0.3685478452826567
50,87,83,41756.0,41688,68.0,41851.0,41875,-24.0,42220.0,42165,55.0,3.664,3.688,-0.024,1.0,1.0,0.0,0.4094827586206896,0.7840670859538784,-0.3745843273331888
50,88,84,42220.0,42165,55.0,42316.0,42343,-27.0,42662.0,42580,82.0,3.72,3.744,-0.024,1.0,1.0,0.0,0.4343891402714932,0.8578313253012049,-0.4234421850297116
50,89,85,42662.0,42580,82.0,42788.0,42816,-28.0,43123.0,43052,71.0,3.776,3.784,-0.008,1.0,1.0,0.0,0.5466377440347072,1.0,-0.4533622559652928
50,90,86,43123.0,43052,71.0,43239.0,43280,-41.0,43573.0,43496,77.0,3.608,3.712,-0.104,1.0,1.0,0.0,0.5155555555555555,0.972972972972973,-0.4574174174174175
50,91,87,43573.0,43496,77.0,43687.0,43716,-29.0,44032.0,43955,77.0,3.584,3.488,0.096,1.0,1.0,0.0,0.4967320261437908,0.9586056644880174,-0.4618736383442265
50,92,88,44032.0,43955,77.0,44171.0,44201,-30.0,44522.0,44437,85.0,3.872,3.88,-0.008,1.0,1.0,0.0,0.5673469387755101,0.979253112033195,-0.4119061732576848
50,93,89,44522.0,44437,85.0,44661.0,44690,-29.0,44934.0,44906,28.0,3.92,3.912,0.008,0.978495,0.98827,-0.0097749999999999,0.674757281553398,0.9211087420042644,-0.2463514604508664
50,95,90,44998.0,44906,92.0,45112.0,45123,-11.0,45431.0,45351,80.0,1.336,3.464,-2.128,0.942326,0.975562,-0.033236,0.5265588914549654,0.9752808988764043,-0.4487220074214391
50,97,91,45519.0,45351,168.0,45645.0,45679,-34.0,46010.0,45920,90.0,1.608,4.448,-2.8400000000000003,0.965787,0.965787,0.0,0.5132382892057026,0.8471001757469244,-0.3338618865412218
50,98,92,46010.0,45920,90.0,46130.0,46179,-49.0,46506.0,46422,84.0,3.88,4.0,-0.1200000000000001,0.9970675,0.9970675,0.0,0.4838709677419355,0.9681274900398408,-0.4842565222979051
50,99,93,46506.0,46422,84.0,46643.0,46685,-42.0,47017.0,46961,56.0,4.104,4.048,0.056,1.0,0.97263,0.02737,0.5362035225048924,0.9758812615955472,-0.4396777390906549
50,100,94,47017.0,46961,56.0,47168.0,47201,-33.0,47612.0,47473,139.0,4.2,4.128,0.072,1.0,1.0,0.0,0.507563025210084,0.9375,-0.429936974789916
50,101,95,47612.0,47473,139.0,47747.0,47789,-42.0,48097.0,48027,70.0,4.632,4.704,-0.072,1.0,1.0,0.0,0.5567010309278351,0.8592057761732852,-0.3025047452454501
50,102,96,48097.0,48027,70.0,48202.0,48264,-62.0,48555.0,48465,90.0,3.64,3.8,-0.1599999999999997,1.0,1.0,0.0,0.4585152838427947,0.9178082191780822,-0.4592929353352875
50,103,97,48555.0,48465,90.0,48663.0,48689,-26.0,49012.0,48927,85.0,3.688,3.4,0.2880000000000002,1.0,1.0,0.0,0.4726477024070021,0.9696969696969696,-0.4970492672899675
50,104,98,49012.0,48927,85.0,49125.0,49153,-28.0,49495.0,49391,104.0,3.696,3.712,-0.016,1.0,1.0,0.0,0.4679089026915114,0.9741379310344828,-0.5062290283429713
50,105,99,49495.0,49391,104.0,49615.0,49644,-29.0,49957.0,49888,69.0,3.92,3.928,-0.008,1.0,1.0,0.0,0.5194805194805194,0.9818913480885312,-0.4624108286080117
50,106,100,49957.0,49888,69.0,50098.0,50125,-27.0,50441.0,50356,85.0,3.864,3.848,0.016,0.9960899,1.0,-0.0039101,0.5826446280991735,0.9871794871794872,-0.4045348590803137
50,107,101,50441.0,50356,85.0,50567.0,50598,-31.0,50945.0,50839,106.0,3.752,3.784,-0.032,0.9960899,0.9960899,0.0,0.5,0.9979296066252588,-0.4979296066252587
50,108,102,50945.0,50839,106.0,51084.0,51116,-32.0,51454.0,51374,80.0,4.136,4.144,-0.008,0.985337,0.987292,-0.0019549999999999,0.5461689587426326,0.9644859813084112,-0.4183170225657786
50,110,103,51520.0,51374,146.0,51636.0,51663,-27.0,52012.0,51935,77.0,1.328,4.376,-3.048,1.0,1.0,0.0,0.4715447154471545,0.9696969696969696,-0.4981522542498152
50,112,105,52505.0,52435,70.0,52625.0,52683,-58.0,53011.0,52931,80.0,3.968,3.904,0.064,1.0,1.0,0.0,0.4743083003952569,1.0,-0.525691699604743
50,113,106,53011.0,52931,80.0,53143.0,53174,-31.0,53520.0,53417,103.0,4.144,3.928,0.2160000000000002,1.0,1.0,0.0,0.518664047151277,1.0,-0.481335952848723
50,114,107,53520.0,53417,103.0,53643.0,53673,-30.0,54080.0,54015,65.0,4.0,3.992,0.008,1.0,1.0,0.0,0.4392857142857143,0.8561872909698997,-0.4169015766841853
50,115,108,54080.0,54015,65.0,54203.0,54242,-39.0,54594.0,54535,59.0,4.48,4.552,-0.0719999999999991,1.0,1.0,0.0,0.4785992217898832,0.8730769230769231,-0.3944777012870398
50,116,109,54594.0,54535,59.0,54742.0,54774,-32.0,55156.0,55061,95.0,4.312,4.256,0.056,1.0,1.0,0.0,0.5266903914590748,0.908745247148289,-0.3820548556892141
50,117,110,55156.0,55061,95.0,55277.0,55329,-52.0,55679.0,55617,62.0,4.28,4.44,-0.1600000000000001,1.0,1.0,0.0,0.4627151051625239,0.9640287769784172,-0.5013136718158934
50,118,111,55679.0,55617,62.0,55819.0,55848,-29.0,56172.0,56105,67.0,4.336,4.152,0.1840000000000001,1.0,1.0,0.0,0.5679513184584178,0.9467213114754098,-0.378769993016992
50,119,112,56172.0,56105,67.0,56304.0,56335,-31.0,56712.0,56623,89.0,3.88,3.896,-0.016,1.0,1.0,0.0,0.4888888888888889,0.888030888030888,-0.3991419991419991
50,120,113,56712.0,56623,89.0,56828.0,56850,-22.0,57259.0,57197,62.0,4.192,4.12,0.072,1.0,1.0,0.0,0.4241316270566727,0.7909407665505226,-0.3668091394938498
50,121,114,57259.0,57197,62.0,57400.0,57430,-30.0,57847.0,57781,66.0,4.576,4.64,-0.064,1.0,1.0,0.0,0.4795918367346938,0.797945205479452,-0.3183533687447581
50,122,115,57847.0,57781,66.0,57982.0,58015,-33.0,58379.0,58277,102.0,4.656,4.68,-0.024,1.0,1.0,0.0,0.5075187969924813,0.9435483870967742,-0.436029590104293
50,124,116,58410.0,58277,133.0,58514.0,58537,-23.0,58944.0,58874,70.0,0.968,4.176,-3.208,1.0,1.0,0.0,0.3895131086142321,0.8710217755443886,-0.4815086669301565
50,125,117,58944.0,58874,70.0,59083.0,59115,-32.0,59511.0,59423,88.0,4.552,4.624,-0.072,1.0,1.0,0.0,0.4902998236331569,0.877959927140255,-0.387660103507098
51,1,1,468.0,389,79.0,585.0,565,20.0,873.0,789,84.0,,,,0.82885,0.82885,0.0,0.5777777777777777,0.88,-0.3022222222222223
51,2,2,873.0,789,84.0,991.0,970,21.0,1243.0,1195,48.0,3.248,3.24,0.008,0.95599,0.9731,-0.0171099999999999,0.6378378378378378,0.8916256157635468,-0.253787777925709
51,3,3,1243.0,1195,48.0,1357.0,1361,-4.0,1660.0,1593,67.0,2.928,3.128,-0.2000000000000001,0.91198,0.91198,0.0,0.5467625899280575,0.8341708542713568,-0.2874082643432993
51,4,4,1660.0,1593,67.0,1776.0,1778,-2.0,2072.0,2028,44.0,3.352,3.336,0.016,0.93887,0.93887,0.0,0.5631067961165048,0.8505747126436781,-0.2874679165271733
51,6,5,2134.0,2028,106.0,2261.0,2240,21.0,2575.0,2423,152.0,1.336,3.696,-2.3600000000000003,0.93154,1.03667,-0.1051299999999999,0.5759637188208617,0.9265822784810128,-0.350618559660151
51,7,6,2575.0,2423,152.0,2688.0,2694,-6.0,3038.0,2872,166.0,3.416,3.632,-0.2160000000000002,0.86552,0.86552,0.0,0.488120950323974,0.7928730512249443,-0.3047521009009702
51,8,7,3038.0,2872,166.0,3121.0,3132,-11.0,3130.0,3324,-194.0,3.464,3.504,-0.04,0.547675,0.91687,-0.3691949999999999,0.1956521739130434,0.8495575221238938,-0.6539053482108503
51,10,8,3393.0,3324,69.0,3513.0,3497,16.0,3821.0,3680,141.0,2.872,2.92,-0.048,0.84841,0.84352,0.0048899999999999,0.5607476635514019,0.9719101123595506,-0.4111624488081487
51,11,9,3821.0,3680,141.0,3946.0,3931,15.0,4176.0,4110,66.0,3.464,3.472,-0.008,0.93887,0.94132,-0.0024499999999999,0.704225352112676,0.8325581395348838,-0.1283327874222077
51,12,10,4176.0,4110,66.0,4293.0,4304,-11.0,4593.0,4512,81.0,2.776,2.984,-0.2080000000000001,0.87775,0.87775,0.0,0.5611510791366907,0.965174129353234,-0.4040230502165431
51,13,11,4593.0,4512,81.0,4712.0,4701,11.0,5008.0,4876,132.0,3.352,3.176,0.1759999999999997,0.84352,0.81418,0.02934,0.5734939759036144,0.9615384615384616,-0.3880444856348471
51,14,12,5008.0,4876,132.0,5131.0,5115,16.0,5425.0,5320,105.0,3.352,3.312,0.04,1.02201,1.03668,-0.0146700000000001,0.5899280575539568,0.9234234234234234,-0.3334953658694666
51,15,13,5425.0,5320,105.0,5546.0,5533,13.0,5848.0,5716,132.0,3.32,3.344,-0.024,0.99022,0.98044,0.00978,0.5721040189125295,0.9242424242424242,-0.3521384053298947
51,16,14,5848.0,5716,132.0,5971.0,5968,3.0,6249.0,6174,75.0,3.4,3.48,-0.08,0.86797,0.8802,-0.0122299999999999,0.6134663341645885,0.8995633187772926,-0.286096984612704
51,17,15,6249.0,6174,75.0,6364.0,6350,14.0,6662.0,6567,95.0,3.144,3.056,0.088,0.91442,0.91442,0.0,0.5569007263922519,0.8956743002544529,-0.3387735738622011
51,18,16,6662.0,6567,95.0,6781.0,6772,9.0,7077.0,7009,68.0,3.336,3.376,-0.04,0.92909,0.92909,0.0,0.5734939759036144,0.9276018099547512,-0.3541078340511367
51,19,17,7077.0,7009,68.0,7200.0,7188,12.0,7498.0,7387,111.0,3.352,3.328,0.024,0.9242,0.91198,0.0122199999999998,0.5843230403800475,0.9470899470899472,-0.3627669067098996
51,20,18,7498.0,7387,111.0,7625.0,7613,12.0,7925.0,7850,75.0,3.4,3.4,0.0,0.97799,0.98288,-0.00489,0.594847775175644,0.976241900647948,-0.3813941254723041
51,21,19,7925.0,7850,75.0,8019.0,8020,-1.0,8346.0,8256,90.0,3.152,3.256,-0.1039999999999996,0.72127,0.72127,0.0,0.4465558194774347,0.8374384236453202,-0.3908826041678854
51,22,20,8346.0,8256,90.0,8463.0,8450,13.0,8763.0,8668,95.0,3.552,3.44,0.1120000000000001,0.83863,0.83863,0.0,0.5611510791366907,0.941747572815534,-0.3805964936788433
51,23,21,8763.0,8668,95.0,8885.0,8867,18.0,9130.0,9070,60.0,3.376,3.336,0.04,0.87041,0.84841,0.022,0.6648501362397821,0.9900497512437813,-0.3251996150039991
51,25,22,9148.0,9070,78.0,9231.0,9235,-4.0,9533.0,9407,126.0,0.792,2.944,-2.152,0.65526,0.65281,0.0024499999999999,0.4311688311688312,0.9792284866468842,-0.548059655478053
51,26,23,9533.0,9407,126.0,9652.0,9639,13.0,9897.0,9840,57.0,3.368,3.232,0.1359999999999996,0.88019,0.87775,0.0024399999999999,0.6538461538461539,0.928406466512702,-0.2745603126665482
51,27,24,9897.0,9840,57.0,10015.0,10015,0.0,10309.0,10192,117.0,2.904,3.008,-0.104,0.84841,0.84841,0.0,0.5728155339805825,0.9943181818181818,-0.4215026478375993
51,28,25,10309.0,10192,117.0,10427.0,10425,2.0,10723.0,10620,103.0,3.296,3.28,0.016,0.84352,0.84352,0.0,0.5700483091787439,0.911214953271028,-0.3411666440922841
51,29,26,10723.0,10620,103.0,10848.0,10846,2.0,11151.0,11041,110.0,3.368,3.368,0.0,0.87775,0.91687,-0.0391199999999999,0.5841121495327103,0.9263657957244656,-0.3422536461917552
51,30,27,11151.0,11041,110.0,11274.0,11268,6.0,11630.0,11453,177.0,3.408,3.376,0.032,0.93399,0.91932,0.01467,0.5135699373695198,0.8980582524271845,-0.3844883150576647
51,31,28,11630.0,11453,177.0,11693.0,11707,-14.0,11991.0,11897,94.0,3.352,3.512,-0.1600000000000001,0.58924,0.59169,-0.00245,0.3490304709141274,0.8558558558558559,-0.5068253849417285
51,32,29,11991.0,11897,94.0,12096.0,12079,17.0,12349.0,12238,111.0,3.224,2.976,0.2480000000000002,0.7188300000000001,0.7188300000000001,0.0,0.5865921787709497,0.932551319648094,-0.3459591408771442
51,33,30,12349.0,12238,111.0,12460.0,12449,11.0,12747.0,12662,85.0,2.912,2.96,-0.048,0.80929,0.82152,-0.01223,0.5577889447236181,0.9952830188679244,-0.4374940741443064
51,34,31,12747.0,12662,85.0,12822.0,12816,6.0,13118.0,13054,64.0,2.896,2.936,-0.04,0.7481599999999999,0.7481599999999999,0.0,0.4043126684636119,0.7857142857142857,-0.3814016172506738
51,35,32,13118.0,13054,64.0,13237.0,13221,16.0,13537.0,13460,77.0,3.32,3.24,0.0799999999999996,0.92421,0.92421,0.0,0.568019093078759,0.8226600985221675,-0.2546410054434085
51,36,33,13537.0,13460,77.0,13659.0,13637,22.0,13974.0,13816,158.0,3.376,3.328,0.048,1.022,1.01467,0.00733,0.5583524027459954,0.99438202247191,-0.4360296197259147
51,37,34,13974.0,13816,158.0,14102.0,14084,18.0,14336.0,14281,55.0,3.544,3.576,-0.032,0.96821,0.95354,0.01467,0.7071823204419889,0.8473118279569892,-0.1401295075150003
51,38,35,14336.0,14281,55.0,14453.0,14448,5.0,14756.0,14639,117.0,2.808,2.912,-0.104,0.93154,0.93154,0.0,0.5571428571428572,0.9329608938547486,-0.3758180367118914
51,39,36,14756.0,14639,117.0,14870.0,14864,6.0,15153.0,15057,96.0,3.336,3.328,0.008,0.9022,0.89975,0.0024499999999999,0.5743073047858942,0.9234449760765552,-0.3491376712906608
51,40,37,15153.0,15057,96.0,15265.0,15242,23.0,15528.0,15468,60.0,3.16,3.024,0.1360000000000001,0.84108,0.87042,-0.0293399999999999,0.5973333333333333,0.9002433090024331,-0.3029099756690998
51,41,38,15528.0,15468,60.0,15644.0,15642,2.0,15946.0,15820,126.0,3.032,3.2,-0.1680000000000001,0.93887,0.93643,0.0024400000000001,0.5550239234449761,0.9886363636363636,-0.4336124401913875
51,42,39,15946.0,15820,126.0,16068.0,16069,-1.0,16397.0,16275,122.0,3.392,3.416,-0.024,1.02445,1.02445,0.0,0.541019955654102,0.9054945054945056,-0.3644745498404035
51,43,40,16397.0,16275,122.0,16488.0,16511,-23.0,16529.0,16683,-154.0,3.36,3.536,-0.1760000000000001,0.603915,0.8508600000000001,-0.246945,0.6212121212121212,0.8431372549019608,-0.2219251336898395
51,45,41,16847.0,16683,164.0,16960.0,16938,22.0,17211.0,17139,72.0,3.4,3.416,-0.016,0.97066,0.97066,0.0,0.6208791208791209,0.881578947368421,-0.2606998264893001
51,46,42,17211.0,17139,72.0,17332.0,17329,3.0,17619.0,17537,82.0,2.976,3.128,-0.1520000000000001,0.94621,0.94621,0.0,0.5931372549019608,0.9547738693467336,-0.3616366144447729
51,47,43,17619.0,17537,82.0,17738.0,17726,12.0,18042.0,17923,119.0,3.248,3.176,0.072,0.90464,0.89731,0.00733,0.5626477541371158,0.9792746113989638,-0.416626857261848
51,48,44,18042.0,17923,119.0,18158.0,18171,-13.0,18537.0,18361,176.0,3.36,3.56,-0.2000000000000001,0.87286,0.8850800000000001,-0.0122200000000001,0.4686868686868687,0.8675799086757991,-0.3988930399889304
51,49,45,18537.0,18361,176.0,18658.0,18651,7.0,18960.0,18834,126.0,4.0,3.84,0.1600000000000001,0.94377,0.94377,0.0,0.5721040189125295,0.773784355179704,-0.2016803362671745
51,50,46,18960.0,18834,126.0,19104.0,19087,17.0,19366.0,19288,78.0,3.568,3.488,0.08,0.92421,0.92421,0.0,0.7093596059113301,0.8854625550660793,-0.1761029491547492
51,51,47,19366.0,19288,78.0,19473.0,19459,14.0,19726.0,19659,67.0,2.952,2.976,-0.024,0.7970600000000001,0.78973,0.00733,0.5944444444444444,0.921832884097035,-0.3273884396525905
51,52,48,19726.0,19659,67.0,19833.0,19838,-5.0,20128.0,20046,82.0,2.88,3.032,-0.1520000000000001,0.98533,0.98533,0.0,0.5323383084577115,0.925064599483204,-0.3927262910254926
51,53,49,20128.0,20046,82.0,20241.0,20249,-8.0,20255.0,20423,-168.0,3.264,3.288,-0.024,0.74572,0.96822,-0.2225,0.2204724409448819,0.9230769230769232,-0.7026044821320412
51,55,50,20590.0,20423,167.0,20712.0,20696,16.0,20993.0,20916,77.0,3.552,3.576,-0.024,0.97799,0.98288,-0.00489,0.6054590570719602,0.8924949290060852,-0.2870358719341249
51,56,51,20993.0,20916,77.0,21115.0,21095,20.0,21406.0,21280,126.0,3.224,3.192,0.032,0.97066,0.9291,0.04156,0.5907990314769975,0.9835164835164836,-0.3927174520394859
51,57,52,21406.0,21280,126.0,21530.0,21513,17.0,21829.0,21696,133.0,3.32,3.344,-0.024,0.97311,0.96088,0.0122299999999999,0.5862884160756501,0.8798076923076923,-0.2935192762320422
51,58,53,21829.0,21696,133.0,21954.0,21953,1.0,22234.0,22164,70.0,3.392,3.52,-0.1280000000000001,0.99267,0.99756,-0.00489,0.617283950617284,0.9017094017094016,-0.2844254510921177
51,59,54,22234.0,22164,70.0,22351.0,22345,6.0,22645.0,22548,97.0,3.176,3.136,0.04,0.87286,0.87286,0.0,0.5693430656934306,0.9427083333333334,-0.3733652676399027
51,60,55,22645.0,22548,97.0,22762.0,22758,4.0,23054.0,22961,93.0,3.288,3.304,-0.016,0.98289,0.98289,0.0,0.5721271393643033,0.9830508474576272,-0.4109237080933239
51,61,56,23054.0,22961,93.0,23173.0,23175,-2.0,23480.0,23420,60.0,3.288,3.336,-0.048,0.89486,0.92665,-0.0317899999999999,0.5586854460093897,0.9324618736383442,-0.3737764276289544
51,62,57,23480.0,23420,60.0,23596.0,23607,-11.0,23885.0,23805,80.0,3.384,3.456,-0.072,0.91931,0.91931,0.0,0.5728395061728395,0.9714285714285714,-0.3985890652557319
51,63,58,23885.0,23805,80.0,24004.0,24007,-3.0,24295.0,24195,100.0,3.264,3.2,0.0639999999999996,0.93399,0.93399,0.0,0.5804878048780489,0.964102564102564,-0.3836147592245152
51,64,59,24295.0,24195,100.0,24417.0,24418,-1.0,24709.0,24613,96.0,3.304,3.288,0.016,0.87286,0.87286,0.0,0.5893719806763285,0.9330143540669856,-0.3436423733906572
51,65,60,24709.0,24613,96.0,24830.0,24826,4.0,25129.0,25019,110.0,3.304,3.264,0.04,0.91443,0.91443,0.0,0.5761904761904761,0.9507389162561576,-0.3745484400656814
51,66,61,25129.0,25019,110.0,25247.0,25253,-6.0,25546.0,25456,90.0,3.336,3.416,-0.08,0.91687,0.91687,0.0,0.565947242206235,0.9290617848970252,-0.3631145426907901
51,67,62,25546.0,25456,90.0,25664.0,25667,-3.0,25967.0,25870,97.0,3.336,3.312,0.024,0.84841,0.84841,0.0,0.5605700712589073,0.9806763285024156,-0.4201062572435081
51,68,63,25967.0,25870,97.0,26083.0,26085,-2.0,26360.0,26282,78.0,3.352,3.344,0.008,0.78973,0.78973,0.0,0.5903307888040712,0.9563106796116504,-0.3659798908075793
51,69,64,26360.0,26282,78.0,26478.0,26458,20.0,26769.0,26679,90.0,3.16,2.984,0.1760000000000001,0.89486,0.89486,0.0,0.5770171149144254,0.8866498740554156,-0.3096327591409902
51,70,65,26769.0,26679,90.0,26884.0,26863,21.0,27129.0,27066,63.0,3.248,3.24,0.008,0.8802000000000001,0.8826400000000001,-0.0024399999999999,0.6388888888888888,0.9509043927648578,-0.312015503875969
51,71,66,27129.0,27066,63.0,27243.0,27245,-2.0,27546.0,27429,117.0,2.872,3.056,-0.1840000000000001,0.85575,0.85575,0.0,0.5467625899280575,0.9862258953168044,-0.4394633053887469
51,72,67,27546.0,27429,117.0,27661.0,27664,-3.0,27954.0,27851,103.0,3.344,3.352,-0.008,0.78973,0.8092900000000001,-0.01956,0.5637254901960784,0.8862559241706162,-0.3225304339745377
51,73,68,27954.0,27851,103.0,28073.0,28074,-1.0,28434.0,28241,193.0,3.296,3.28,0.016,0.90709,0.8875299999999999,0.01956,0.4958333333333333,0.8564102564102565,-0.3605769230769231
51,74,69,28434.0,28241,193.0,28556.0,28549,7.0,28870.0,28737,133.0,3.864,3.8,0.064,0.93399,0.93399,0.0,0.5596330275229358,0.7580645161290323,-0.1984314886060965
51,75,70,28870.0,28737,133.0,28989.0,28992,-3.0,29273.0,29207,66.0,3.464,3.544,-0.08,0.90953,0.93643,-0.0269,0.5905707196029777,0.9148936170212766,-0.3243228974182989
51,76,71,29273.0,29207,66.0,29397.0,29401,-4.0,29680.0,29616,64.0,3.264,3.272,-0.008,0.99511,0.99266,0.0024499999999999,0.6093366093366093,0.9486552567237164,-0.3393186473871071
51,77,72,29680.0,29616,64.0,29802.0,29795,7.0,30082.0,30001,81.0,3.24,3.152,0.088,0.93399,0.93399,0.0,0.6069651741293532,0.9298701298701298,-0.3229049557407766
51,78,73,30082.0,30001,81.0,30205.0,30184,21.0,30486.0,30393,93.0,3.224,3.112,0.1120000000000001,0.91198,0.90709,0.0048899999999999,0.6089108910891089,0.9336734693877552,-0.3247625782986462
51,79,74,30486.0,30393,93.0,30544.0,30547,-3.0,30912.0,30820,92.0,2.712,2.904,-0.1919999999999997,0.53789,0.5794600000000001,-0.0415700000000001,0.2723004694835681,0.7213114754098361,-0.4490110059262679
51,80,75,30912.0,30820,92.0,30966.0,30975,-9.0,31253.0,31202,51.0,3.376,3.424,-0.048,0.7017100000000001,0.6405799999999999,0.0611300000000001,0.3167155425219942,0.8115183246073299,-0.4948027820853357
51,82,76,31320.0,31202,118.0,31379.0,31369,10.0,31614.0,31532,82.0,0.648,3.152,-2.504,0.57457,0.84597,-0.2714,0.4013605442176871,0.987878787878788,-0.5865182436611008
51,83,77,31614.0,31532,82.0,31661.0,31695,-34.0,31968.0,31908,60.0,2.256,2.608,-0.3520000000000003,0.5232300000000001,0.5061100000000001,0.01712,0.2655367231638418,0.8670212765957447,-0.6014845534319029
51,84,78,31968.0,31908,60.0,32073.0,32058,15.0,32325.0,32269,56.0,3.296,2.904,0.3919999999999999,0.68704,0.66993,0.0171099999999999,0.5882352941176471,0.8310249307479225,-0.2427896366302754
51,85,79,32325.0,32269,56.0,32435.0,32424,11.0,32729.0,32592,137.0,2.896,2.928,-0.032,0.8044,0.79706,0.00734,0.5445544554455446,0.959752321981424,-0.4151978665358795
51,86,80,32729.0,32592,137.0,32848.0,32826,22.0,33158.0,33001,157.0,3.304,3.216,0.0879999999999996,1.00489,0.98533,0.0195600000000001,0.5547785547785548,0.8557457212713937,-0.3009671664928389
51,87,81,33158.0,33001,157.0,33284.0,33265,19.0,33580.0,33500,80.0,3.488,3.512,-0.024,1.08313,1.08313,0.0,0.5971563981042654,0.9418837675350702,-0.3447273694308048
51,88,82,33580.0,33500,80.0,33706.0,33689,17.0,34011.0,33945,66.0,3.376,3.392,-0.016,1.10269,1.10269,0.0,0.5846867749419953,0.849438202247191,-0.2647514273051957
51,89,83,34011.0,33945,66.0,34128.0,34119,9.0,34419.0,34337,82.0,3.376,3.44,-0.064,1.03179,1.03179,0.0,0.5735294117647058,0.8877551020408163,-0.3142256902761104
51,90,84,34419.0,34337,82.0,34547.0,34539,8.0,34843.0,34738,105.0,3.352,3.36,-0.008,1.0489,1.0489,0.0,0.6037735849056604,0.9925187032418952,-0.3887451183362349
51,91,85,34843.0,34738,105.0,34964.0,34966,-2.0,35299.0,35209,90.0,3.336,3.416,-0.08,0.94621,0.94621,0.0,0.5307017543859649,0.9681528662420382,-0.4374511118560733
51,92,86,35299.0,35209,90.0,35407.0,35390,17.0,35725.0,35654,71.0,3.544,3.392,0.1520000000000001,0.98288,0.98288,0.0,0.5070422535211268,0.8134831460674157,-0.3064408925462889
51,93,87,35725.0,35654,71.0,35848.0,35825,23.0,36145.0,36060,85.0,3.528,3.48,0.048,1.04401,1.04401,0.0,0.5857142857142856,0.8423645320197044,-0.2566502463054187
51,94,88,36145.0,36060,85.0,36266.0,36259,7.0,36554.0,36470,84.0,3.344,3.472,-0.1280000000000001,0.8606400000000001,0.8606400000000001,0.0,0.5916870415647921,0.9707317073170731,-0.379044665752281
51,95,89,36554.0,36470,84.0,36672.0,36659,13.0,36963.0,36878,85.0,3.248,3.2,0.048,0.88508,0.88508,0.0,0.5770171149144254,0.9264705882352942,-0.3494534733208687
51,96,90,36963.0,36878,85.0,37031.0,37038,-7.0,37303.0,37221,82.0,2.872,3.032,-0.1600000000000001,0.6357,0.6357,0.0,0.4,0.932944606413994,-0.5329446064139941
51,97,91,37303.0,37221,82.0,37425.0,37425,0.0,37725.0,37604,121.0,3.152,3.096,0.056,0.8068500000000001,0.8068500000000001,0.0,0.5781990521327014,0.9347258485639688,-0.3565267964312673
51,98,92,37725.0,37604,121.0,37842.0,37845,-3.0,38132.0,38070,62.0,3.336,3.36,-0.024,0.8484099999999999,0.8826399999999999,-0.0342299999999999,0.5749385749385749,0.965665236051502,-0.3907266611129272
51,99,93,38132.0,38070,62.0,38247.0,38248,-1.0,38585.0,38484,101.0,3.24,3.224,0.016,0.84597,0.83863,0.00734,0.5077262693156732,0.8599033816425121,-0.3521771123268389
51,100,94,38585.0,38484,101.0,38663.0,38681,-18.0,38675.0,38887,-212.0,3.328,3.464,-0.1360000000000001,0.5354549999999999,0.9022,-0.3667450000000001,0.2666666666666667,0.977667493796526,-0.7110008271298593
51,102,95,38949.0,38887,62.0,39065.0,39065,0.0,39341.0,39257,84.0,2.872,3.072,-0.2000000000000001,0.84597,0.84597,0.0,0.5918367346938775,0.962162162162162,-0.3703254274682845
51,103,96,39341.0,39257,84.0,39465.0,39457,8.0,39769.0,39653,116.0,3.2,3.136,0.064,0.95843,0.95843,0.0,0.5794392523364487,0.98989898989899,-0.4104597375625413
51,104,97,39769.0,39653,116.0,39884.0,39891,-7.0,40166.0,40098,68.0,3.352,3.472,-0.1200000000000001,0.91442,0.94621,-0.0317899999999999,0.579345088161209,0.9303370786516854,-0.3509919904904763
51,105,98,40166.0,40098,68.0,40284.0,40271,13.0,40574.0,40469,105.0,3.2,3.04,0.1600000000000001,0.8802,0.8802,0.0,0.5784313725490196,0.9326145552560648,-0.3541831827070452
51,106,99,40574.0,40469,105.0,40698.0,40689,9.0,40989.0,40913,76.0,3.312,3.344,-0.032,0.89487,0.90465,-0.0097799999999999,0.5975903614457831,0.990990990990991,-0.3934006295452078
51,107,100,40989.0,40913,76.0,41108.0,41100,8.0,41396.0,41325,71.0,3.28,3.288,-0.008,0.91442,0.91442,0.0,0.5847665847665848,0.9077669902912622,-0.3230004055246773
51,108,101,41396.0,41325,71.0,41513.0,41506,7.0,41789.0,41712,77.0,3.24,3.248,-0.008,0.86063,0.86063,0.0,0.5954198473282443,0.9354005167958656,-0.3399806694676214
51,109,102,41789.0,41712,77.0,41911.0,41898,13.0,42218.0,42094,124.0,3.184,3.136,0.048,0.96577,0.96332,0.00245,0.5687645687645688,0.9738219895287958,-0.405057420764227
51,110,103,42218.0,42094,124.0,42339.0,42343,-4.0,42349.0,42560,-211.0,3.424,3.56,-0.1360000000000001,0.73105,0.97555,-0.2444999999999999,0.1526717557251908,0.9313304721030042,-0.7786587163778134
51,112,104,42628.0,42560,68.0,42745.0,42746,-1.0,43036.0,42934,102.0,3.056,3.224,-0.1680000000000001,0.9291,0.9291,0.0,0.5735294117647058,0.9946524064171124,-0.4211229946524064
51,113,105,43036.0,42934,102.0,43160.0,43155,5.0,43445.0,43377,68.0,3.32,3.272,0.048,0.90465,0.90465,0.0,0.6063569682151589,0.9977426636568848,-0.3913856954417259
51,114,106,43445.0,43377,68.0,43563.0,43562,1.0,43907.0,43749,158.0,3.224,3.256,-0.0319999999999995,0.88998,0.88998,0.0,0.5108225108225108,0.9946236559139784,-0.4838011450914676
51,115,107,43907.0,43749,158.0,44021.0,43998,23.0,44280.0,44204,76.0,3.664,3.488,0.1760000000000001,0.90464,0.92176,-0.01712,0.6112600536193029,0.9054945054945056,-0.2942344518752026
51,116,108,44280.0,44204,76.0,44390.0,44401,-11.0,44735.0,44571,164.0,2.952,3.224,-0.2720000000000002,0.8092900000000001,0.8092900000000001,0.0,0.4835164835164834,0.9264305177111716,-0.4429140341946882
51,117,109,44735.0,44571,164.0,44812.0,44828,-16.0,44839.0,45042,-203.0,3.376,3.416,-0.04,0.555015,0.87775,-0.322735,0.5192307692307692,0.9087048832271762,-0.3894741139964071
51,119,110,45115.0,45042,73.0,45233.0,45236,-3.0,45528.0,45428,100.0,3.096,3.264,-0.1679999999999997,0.84841,0.84841,0.0,0.5714285714285714,0.9948186528497408,-0.4233900814211695
51,120,111,45528.0,45428,100.0,45649.0,45641,8.0,45937.0,45826,111.0,3.328,3.24,0.0879999999999996,0.75795,0.7555000000000001,0.0024499999999999,0.5916870415647921,0.9296482412060302,-0.337961199641238
51,121,112,45937.0,45826,111.0,46060.0,46046,14.0,46335.0,46252,83.0,3.288,3.24,0.0479999999999996,0.82152,0.82641,-0.0048899999999999,0.6180904522613065,0.9671361502347418,-0.3490456979734352
51,122,113,46335.0,46252,83.0,46451.0,46429,22.0,46717.0,46640,77.0,3.128,3.064,0.064,0.87775,0.86308,0.01467,0.6073298429319371,0.9123711340206184,-0.3050412910886814
51,123,114,46717.0,46640,77.0,46811.0,46819,-8.0,47148.0,47019,129.0,2.88,3.12,-0.2400000000000002,0.89486,0.89486,0.0,0.4361948955916473,0.9445910290237468,-0.5083961334320993
51,124,115,47148.0,47019,129.0,47270.0,47246,24.0,47549.0,47457,92.0,3.672,3.416,0.2560000000000002,0.96333,0.95844,0.0048899999999999,0.6084788029925188,0.9634703196347032,-0.3549915166421844
51,125,116,47549.0,47457,92.0,47671.0,47647,24.0,47971.0,47909,62.0,3.208,3.208,0.0,0.90465,0.9291,-0.0244499999999999,0.5781990521327014,0.8407079646017699,-0.2625089124690685
51,126,117,47971.0,47909,62.0,48093.0,48079,14.0,48380.0,48293,87.0,3.376,3.456,-0.08,0.91443,0.91443,0.0,0.5965770171149144,0.8854166666666666,-0.2888396495517522
51,127,118,48380.0,48293,87.0,48503.0,48486,17.0,48719.0,48668,51.0,3.28,3.256,0.024,0.88997,0.8655200000000001,0.0244499999999999,0.7256637168141593,0.9706666666666668,-0.2450029498525073
51,128,119,48719.0,48668,51.0,48834.0,48825,9.0,49108.0,49025,83.0,2.648,2.712,-0.064,0.7432799999999999,0.7432799999999999,0.0,0.5912596401028278,0.8795518207282913,-0.2882921806254634
51,129,120,49108.0,49025,83.0,49223.0,49199,24.0,49473.0,49367,106.0,3.112,2.992,0.1200000000000001,0.84108,0.8533,-0.0122199999999998,0.6301369863013699,0.9824561403508772,-0.3523191540495072
51,130,121,49473.0,49367,106.0,49591.0,49594,-3.0,49897.0,49825,72.0,2.944,3.16,-0.2160000000000002,0.82885,0.82885,0.0,0.5566037735849056,0.9912663755458516,-0.4346626019609458
51,131,122,49897.0,49825,72.0,50004.0,50003,1.0,50291.0,50216,75.0,3.304,3.272,0.032,0.8312900000000001,0.8312900000000001,0.0,0.5431472081218274,0.9104859335038364,-0.3673387253820089
51,132,123,50291.0,50216,75.0,50408.0,50397,11.0,50692.0,50625,67.0,3.232,3.152,0.08,0.85086,0.85086,0.0,0.5835411471321696,0.8850855745721271,-0.3015444274399574
51,133,124,50692.0,50625,67.0,50806.0,50788,18.0,51079.0,51003,76.0,3.184,3.128,0.056,0.90953,0.90953,0.0,0.5891472868217054,0.8624338624338624,-0.2732865756121571
51,134,125,51079.0,51003,76.0,51167.0,51170,-3.0,51178.0,51390,-212.0,2.888,3.056,-0.1680000000000001,0.6259199999999999,0.89975,-0.2738300000000001,0.2222222222222222,0.8630490956072352,-0.640826873385013
51,136,126,51489.0,51390,99.0,51579.0,51583,-4.0,51591.0,51785,-194.0,3.144,3.304,-0.1599999999999997,0.5867950000000001,0.85086,-0.2640649999999999,0.2352941176470588,0.9772151898734176,-0.7419210722263588
51,138,127,51869.0,51785,84.0,51979.0,51992,-13.0,52209.0,52161,48.0,3.04,3.272,-0.2319999999999997,0.71638,0.71393,0.00245,0.6470588235294117,0.898936170212766,-0.2518773466833542
51,139,128,52209.0,52161,48.0,52314.0,52312,2.0,52573.0,52487,86.0,2.68,2.56,0.1200000000000001,0.71883,0.70416,0.0146699999999999,0.5769230769230769,0.9263803680981596,-0.3494572911750826
51,140,129,52573.0,52487,86.0,52651.0,52658,-7.0,52978.0,52826,152.0,2.696,2.768,-0.0719999999999996,0.7579400000000001,0.7579400000000001,0.0,0.3851851851851852,0.991150442477876,-0.6059652572926909
51,141,130,52978.0,52826,152.0,53064.0,53066,-2.0,53351.0,53277,74.0,3.304,3.264,0.04,0.84352,0.89486,-0.0513399999999999,0.4611260053619302,0.9356984478935698,-0.4745724425316395
51,142,131,53351.0,53277,74.0,53462.0,53467,-5.0,53750.0,53652,98.0,3.184,3.208,-0.024,0.8044,0.8044,0.0,0.5563909774436091,0.9866666666666668,-0.4302756892230576
51,143,132,53750.0,53652,98.0,53869.0,53861,8.0,54153.0,54072,81.0,3.256,3.152,0.1039999999999996,0.89242,0.89242,0.0,0.5905707196029777,0.9952380952380953,-0.4046673756351175
51,144,133,54153.0,54072,81.0,54273.0,54257,16.0,54566.0,54464,102.0,3.232,3.168,0.064,0.88019,0.88019,0.0,0.5811138014527846,0.9438775510204082,-0.3627637495676236
51,145,134,54566.0,54464,102.0,54683.0,54666,17.0,54979.0,54877,102.0,3.28,3.272,0.008,0.86308,0.8679699999999999,-0.0048899999999999,0.5665859564164648,0.9782082324455206,-0.4116222760290557
51,146,135,54979.0,54877,102.0,55095.0,55078,17.0,55393.0,55308,85.0,3.296,3.296,0.0,0.85574,0.86797,-0.01223,0.5603864734299517,0.9327146171693736,-0.3723281437394218
51,147,136,55393.0,55308,85.0,55513.0,55500,13.0,55821.0,55752,69.0,3.344,3.376,-0.032,0.9022,0.9022,0.0,0.5607476635514019,0.8648648648648649,-0.304117201313463
51,148,137,55821.0,55752,69.0,55941.0,55942,-1.0,56297.0,56143,154.0,3.424,3.536,-0.1120000000000001,0.88753,0.88753,0.0,0.5042016806722689,0.9718670076726342,-0.4676653270003653
51,149,138,56297.0,56143,154.0,56356.0,56367,-11.0,56653.0,56518,135.0,3.32,3.4,-0.08,0.69193,0.66259,0.02934,0.3314606741573034,0.8053333333333333,-0.4738726591760299
51,150,139,56653.0,56518,135.0,56768.0,56763,5.0,57069.0,56984,85.0,3.296,3.168,0.1279999999999996,0.7970700000000001,0.85575,-0.0586799999999999,0.5528846153846154,0.9484978540772532,-0.3956132386926377
51,151,140,57069.0,56984,85.0,57185.0,57178,7.0,57570.0,57381,189.0,3.336,3.32,0.016,0.89242,0.89242,0.0,0.4630738522954092,0.9773299748110832,-0.5142561225156739
51,153,141,57632.0,57381,251.0,57674.0,57692,-18.0,57986.0,57913,73.0,0.584,4.112,-3.528,0.53789,0.57212,-0.0342299999999999,0.2372881355932203,0.8308270676691729,-0.5935389320759525
51,154,142,57986.0,57913,73.0,58090.0,58074,16.0,58343.0,58278,65.0,3.328,3.056,0.2719999999999998,0.66748,0.6577,0.00978,0.5826330532212884,0.8821917808219178,-0.2995587276006294
51,155,143,58343.0,58278,65.0,58447.0,58439,8.0,58751.0,58625,126.0,2.856,2.92,-0.064,0.64059,0.61125,0.02934,0.5098039215686274,0.9279538904899136,-0.4181499689212861
51,156,144,58751.0,58625,126.0,58817.0,58837,-20.0,59117.0,59050,67.0,2.96,3.184,-0.2240000000000002,0.68215,0.68215,0.0,0.360655737704918,0.9976470588235294,-0.6369913211186115
51,157,145,59117.0,59050,67.0,59234.0,59224,10.0,59516.0,59442,74.0,3.336,3.096,0.2399999999999997,0.91932,0.91932,0.0,0.5864661654135339,0.8877551020408163,-0.3012889366272824
51,158,146,59516.0,59442,74.0,59639.0,59616,23.0,59929.0,59836,93.0,3.24,3.136,0.104,1.03423,1.01712,0.0171099999999999,0.5956416464891041,0.883248730964467,-0.2876070844753629
52,1,1,291.0,209,82.0,442.0,457,-15.0,728.0,638,90.0,,,,0.916443,0.917176,-0.0007329999999999,0.6910755148741419,0.8438228438228438,-0.1527473289487019
52,3,2,851.0,638,213.0,896.0,892,4.0,1140.0,1063,77.0,0.592,3.48,-2.888,0.82018,0.8634240000000001,-0.043244,0.3114186851211072,0.8047058823529412,-0.4932871972318339
52,4,3,1140.0,1063,77.0,1296.0,1291,5.0,1542.0,1466,76.0,3.2,3.192,0.008,0.886142,0.886142,0.0,0.7761194029850746,0.8684863523573201,-0.0923669493722454
52,6,4,1624.0,1466,158.0,1693.0,1707,-14.0,1976.0,1881,95.0,0.656,3.328,-2.672,0.8881009999999999,0.87613,0.0119709999999999,0.3920454545454546,0.8385542168674699,-0.4465087623220153
52,8,5,2038.0,1881,157.0,2141.0,2139,2.0,2384.0,2298,86.0,0.928,3.456,-2.528,0.835574,0.838751,-0.0031769999999999,0.5953757225433526,0.762589928057554,-0.1672142055142014
52,9,6,2384.0,2298,86.0,2547.0,2536,11.0,2805.0,2694,111.0,3.248,3.176,0.072,0.85634,0.85634,0.0,0.7743467933491687,0.797979797979798,-0.0236330046306293
52,10,7,2805.0,2694,111.0,2951.0,2944,7.0,3194.0,3102,92.0,3.232,3.264,-0.0319999999999995,0.908624,0.918397,-0.009773,0.7506426735218509,0.7745098039215687,-0.0238671303997177
52,11,8,3194.0,3102,92.0,3346.0,3348,-2.0,3624.0,3519,105.0,3.16,3.232,-0.072,0.871,0.88493,-0.0139299999999999,0.7069767441860465,0.8201438848920863,-0.1131671407060398
52,12,9,3624.0,3519,105.0,3773.0,3782,-9.0,4059.0,3961,98.0,3.416,3.472,-0.056,0.87735,0.8732,0.0041499999999999,0.6850574712643678,0.8099547511312217,-0.1248972798668539
52,13,10,4059.0,3961,98.0,4207.0,4204,3.0,4456.0,4372,84.0,3.472,3.376,0.096,0.900806,0.87857,0.022236,0.7455919395465995,0.8175182481751825,-0.0719263086285829
52,14,11,4456.0,4372,84.0,4604.0,4608,-4.0,4901.0,4765,136.0,3.176,3.232,-0.056,0.8881,0.900806,-0.0127059999999999,0.6651685393258426,0.7989821882951654,-0.1338136489693228
52,15,12,4901.0,4765,136.0,5051.0,5057,-6.0,5237.0,5198,39.0,3.576,3.592,-0.016,0.939409,0.939409,0.0,0.8928571428571429,0.6512702078521939,0.241586935004949
52,16,13,5237.0,5198,39.0,5338.0,5328,10.0,5595.0,5496,99.0,2.296,2.168,0.1279999999999996,1.00048864,1.00048864,0.0,0.5642458100558659,0.87248322147651,-0.3082374114206441
52,17,14,5595.0,5496,99.0,5696.0,5713,-17.0,5984.0,5893,91.0,2.864,3.08,-0.2160000000000002,1.00048864,1.00048864,0.0,0.519280205655527,0.906801007556675,-0.387520801901148
52,18,15,5984.0,5893,91.0,6120.0,6118,2.0,6436.0,6314,122.0,3.392,3.24,0.1519999999999997,0.80723,1.00048864,-0.1932586399999999,0.6017699115044248,0.9311163895486936,-0.3293464780442687
52,20,16,6499.0,6314,185.0,6539.0,6568,-29.0,6861.0,6789,72.0,0.44,3.6,-3.16,0.66968,0.66968,0.0,0.2209944751381215,0.9305263157894736,-0.7095318406513521
52,21,17,6861.0,6789,72.0,7008.0,7039,-31.0,7257.0,7202,55.0,3.752,3.768,-0.016,0.868798,0.868798,0.0,0.7424242424242424,0.7893462469733656,-0.0469220045491232
52,23,18,7390.0,7202,188.0,7401.0,7443,-42.0,7700.0,7622,78.0,0.4,3.232,-2.8320000000000003,0.907156,0.90569,0.0014659999999999,0.0709677419354838,0.8523809523809524,-0.7814132104454685
52,24,19,7700.0,7622,78.0,7816.0,7851,-35.0,8104.0,8025,79.0,3.32,3.264,0.056,0.7806,0.839726,-0.059126,0.5742574257425743,0.8635235732009925,-0.2892661474584181
52,26,20,8239.0,8025,214.0,8260.0,8256,4.0,8488.0,8415,73.0,0.504,3.24,-2.736,0.8192079999999999,0.8192079999999999,0.0,0.1686746987951807,0.8153846153846154,-0.6467099165894347
52,27,21,8488.0,8415,73.0,8659.0,8676,-17.0,8939.0,8840,99.0,3.192,3.36,-0.1679999999999997,0.923772,0.923772,0.0,0.7583148558758315,0.7717647058823529,-0.0134498500065214
52,29,22,9023.0,8840,183.0,9082.0,9094,-12.0,9378.0,9240,138.0,0.656,3.344,-2.688,0.945272,0.945272,0.0,0.3323943661971831,0.73,-0.3976056338028169
52,32,23,9494.0,9240,254.0,9532.0,9539,-7.0,9779.0,9688,91.0,0.464,3.56,-3.096,0.873931,0.876374,-0.0024429999999999,0.2666666666666667,0.6651785714285714,-0.3985119047619047
52,33,24,9779.0,9688,91.0,9915.0,9923,-8.0,10085.0,10051,34.0,3.064,3.072,-0.008,1.00048864,1.00048864,0.0,0.8888888888888888,0.7052341597796143,0.1836547291092745
52,34,25,10085.0,10051,34.0,10170.0,10180,-10.0,10433.0,10372,61.0,2.04,2.056,-0.016,1.00048864,1.00048864,0.0,0.4885057471264368,0.8037383177570093,-0.3152325706305725
52,35,26,10433.0,10372,61.0,10525.0,10547,-22.0,10851.0,10793,58.0,2.84,2.936,-0.096,0.8451,1.00048864,-0.1553886399999999,0.4401913875598086,0.831353919239905,-0.3911625316800964
52,36,27,10851.0,10793,58.0,10895.0,10927,-32.0,11284.0,11218,66.0,2.96,3.04,-0.08,0.55094,0.52749,0.0234499999999999,0.2032332563510392,0.6305882352941177,-0.4273549789430784
52,37,28,11284.0,11218,66.0,11360.0,11368,-8.0,11717.0,11609,108.0,3.72,3.528,0.1920000000000001,0.43269,0.43269,0.0,0.3510392609699769,0.7672634271099744,-0.4162241661399974
52,39,30,12144.0,12010,134.0,12270.0,12268,2.0,12535.0,12430,105.0,4.104,3.448,0.6560000000000001,0.69166,0.69166,0.0,0.6445012787723785,0.7714285714285715,-0.1269272926561929
52,40,31,12535.0,12430,105.0,12675.0,12669,6.0,12961.0,12857,104.0,3.24,3.208,0.032,0.71512,0.73662,-0.0215,0.6572769953051643,0.8805620608899297,-0.2232850655847654
52,41,32,12961.0,12857,104.0,13070.0,13062,8.0,13333.0,13248,85.0,3.16,3.144,0.016,0.6147100000000001,0.61178,0.00293,0.586021505376344,0.9514066496163684,-0.3653851442400243
52,42,33,13333.0,13248,85.0,13404.0,13435,-31.0,13748.0,13616,132.0,2.672,2.984,-0.3119999999999998,0.527,0.5543600000000001,-0.02736,0.3421686746987952,0.9836956521739132,-0.6415269774751179
52,43,34,13748.0,13616,132.0,13796.0,13843,-47.0,14133.0,14008,125.0,3.136,3.264,-0.1279999999999996,0.44882,0.44882,0.0,0.2493506493506493,0.8418367346938775,-0.5924860853432282
52,45,35,14232.0,14008,224.0,14253.0,14267,-14.0,14610.0,14430,180.0,0.432,3.392,-2.96,0.59614,0.65062,-0.0544799999999999,0.1111111111111111,0.7725118483412322,-0.661400737230121
52,46,36,14610.0,14430,180.0,14708.0,14698,10.0,14999.0,14885,114.0,3.64,3.448,0.1920000000000001,0.6538,0.6538,0.0,0.5038560411311054,0.8219780219780219,-0.3181219808469165
52,48,37,15084.0,14885,199.0,15108.0,15106,2.0,15423.0,15250,173.0,0.456,3.264,-2.808,0.66601,0.61568,0.0503299999999999,0.1415929203539823,0.7890410958904109,-0.6474481755364286
52,50,38,15537.0,15250,287.0,15552.0,15536,16.0,15847.0,15679,168.0,0.28,3.44,-3.16,0.59345,0.64842,-0.0549699999999999,0.0967741935483871,0.6666666666666667,-0.5698924731182796
52,52,39,15939.0,15679,260.0,15946.0,15933,13.0,16208.0,16080,128.0,0.32,3.176,-2.8560000000000003,0.60933,0.5861200000000001,0.0232099999999999,0.0520446096654274,0.7331670822942644,-0.681122472628837
52,53,40,16208.0,16080,128.0,16300.0,16320,-20.0,16640.0,16466,174.0,2.832,3.096,-0.2640000000000002,0.59565,0.6257,-0.03005,0.4259259259259259,0.7564766839378239,-0.3305507580118979
52,55,41,16711.0,16466,245.0,16753.0,16760,-7.0,17052.0,16915,137.0,0.544,3.52,-2.976,0.602,0.60444,-0.0024399999999999,0.2463343108504398,0.6904231625835189,-0.444088851733079
52,58,42,17174.0,16915,259.0,17188.0,17174,14.0,17485.0,17409,76.0,0.328,3.312,-2.984,0.6279,0.62765,0.0002499999999999,0.090032154340836,0.951417004048583,-0.861384849707747
52,59,43,17485.0,17409,76.0,17588.0,17571,17.0,17884.0,17712,172.0,3.2,3.176,0.024,0.6547799999999999,0.63596,0.0188199999999999,0.5162907268170427,0.9306930693069306,-0.4144023424898879
52,61,44,17957.0,17712,245.0,17978.0,17968,10.0,18277.0,18108,169.0,0.264,3.176,-2.912,0.57122,0.56145,0.0097699999999999,0.1312499999999999,0.7070707070707071,-0.5758207070707071
52,62,45,18277.0,18108,169.0,18318.0,18349,-31.0,18668.0,18481,187.0,2.72,3.048,-0.3279999999999998,0.55876,0.55876,0.0,0.2097186700767263,0.707774798927614,-0.4980561288508877
52,63,46,18668.0,18481,187.0,18825.0,18815,10.0,19130.0,18965,165.0,4.056,3.728,0.3279999999999998,0.88444,0.87491,0.00953,0.6796536796536796,0.6198347107438016,0.059818968909878
52,64,47,19130.0,18965,165.0,19249.0,19238,11.0,19528.0,19376,152.0,3.392,3.384,0.008,0.64598,0.65673,-0.01075,0.5979899497487438,0.6715328467153285,-0.0735428969665847
52,65,48,19528.0,19376,152.0,19634.0,19616,18.0,19892.0,19854,38.0,3.08,3.024,0.056,0.716341,0.716341,0.0,0.5824175824175823,0.99581589958159,-0.4133983171640076
52,66,49,19892.0,19854,38.0,20004.0,19987,17.0,20252.0,20115,137.0,2.96,2.968,-0.008,0.5196700000000001,0.596387,-0.0767169999999999,0.6222222222222222,0.9808429118773946,-0.3586206896551723
52,68,50,20296.0,20115,181.0,20350.0,20345,5.0,20634.0,20577,57.0,0.656,2.864,-2.208,0.49817,0.51625,-0.0180799999999999,0.3195266272189349,0.9956709956709956,-0.6761443684520608
52,70,51,20705.0,20577,128.0,20717.0,20704,13.0,20956.0,20895,61.0,0.376,2.872,-2.496,0.5277270000000001,0.43684,0.090887,0.0956175298804781,0.7987421383647799,-0.7031246084843018
52,72,52,21080.0,20895,185.0,21112.0,21097,15.0,21401.0,21342,59.0,0.36,3.144,-2.7840000000000003,0.7341799999999999,0.843637,-0.109457,0.1993769470404984,0.9038031319910514,-0.704426184950553
52,73,53,21401.0,21342,59.0,21446.0,21503,-57.0,21818.0,21649,169.0,2.672,3.248,-0.5760000000000001,0.585638,0.584172,0.0014659999999999,0.2158273381294964,0.9511400651465798,-0.7353127270170834
52,74,54,21818.0,21649,169.0,21906.0,21928,-22.0,22254.0,22077,177.0,3.68,3.4,0.2800000000000002,0.61349,0.6440279999999999,-0.0305379999999999,0.4036697247706422,0.6962616822429907,-0.2925919574723484
52,75,55,22254.0,22077,177.0,22372.0,22368,4.0,22708.0,22508,200.0,3.728,3.52,0.2080000000000001,0.6020099999999999,0.65747,-0.05546,0.5198237885462555,0.6496519721577726,-0.129828183611517
52,76,56,22708.0,22508,200.0,22807.0,22792,15.0,23086.0,22933,153.0,3.48,3.392,0.088,0.63352,0.6103099999999999,0.02321,0.5238095238095238,0.6635294117647059,-0.1397198879551821
52,77,57,23086.0,22933,153.0,23218.0,23206,12.0,23516.0,23353,163.0,3.288,3.312,-0.024,0.71756,0.74395,-0.02639,0.613953488372093,0.7,-0.086046511627907
52,78,58,23516.0,23353,163.0,23634.0,23618,16.0,23915.0,23753,162.0,3.328,3.296,0.032,0.64427,0.64427,0.0,0.5914786967418546,0.675,-0.0835213032581454
52,79,59,23915.0,23753,162.0,24021.0,24005,16.0,24281.0,24232,49.0,3.096,3.096,0.0,0.62521,0.65942,-0.0342099999999999,0.5792349726775956,0.9478079331941544,-0.3685729605165588
52,80,60,24281.0,24232,49.0,24413.0,24398,15.0,24726.0,24657,69.0,3.136,3.144,-0.008,0.65966,0.69313,-0.03347,0.5932584269662922,0.7811764705882354,-0.1879180436219432
52,81,61,24726.0,24657,69.0,24833.0,24828,5.0,25131.0,25074,57.0,3.36,3.44,-0.08,0.6362000000000001,0.6071300000000001,0.02907,0.528395061728395,0.8201438848920863,-0.2917488231636913
52,82,62,25131.0,25074,57.0,25229.0,25249,-20.0,25537.0,25399,138.0,3.168,3.368,-0.1999999999999997,0.6770099999999999,0.6665,0.0105099999999999,0.4827586206896551,0.9230769230769232,-0.440318302387268
52,83,63,25537.0,25399,138.0,25614.0,25640,-26.0,25976.0,25786,190.0,3.08,3.128,-0.048,0.5824609999999999,0.5824609999999999,0.0,0.3507972665148063,0.7545219638242894,-0.403724697309483
52,85,64,26032.0,25786,246.0,26072.0,26057,15.0,26349.0,26186,163.0,0.408,3.336,-2.928,0.5306700000000001,0.6002970000000001,-0.069627,0.252365930599369,0.645,-0.3926340694006309
52,86,65,26349.0,26186,163.0,26475.0,26461,14.0,26755.0,26610,145.0,3.224,3.232,-0.008,0.72905,0.75593,-0.02688,0.6206896551724138,0.7028301886792453,-0.0821405335068314
52,87,66,26755.0,26610,145.0,26872.0,26858,14.0,27155.0,26994,161.0,3.176,3.176,0.0,0.73296,0.6960599999999999,0.0369,0.585,0.7083333333333333,-0.1233333333333333
52,88,67,27155.0,26994,161.0,27287.0,27268,19.0,27565.0,27409,156.0,3.32,3.28,0.04,0.731,0.71781,0.01319,0.6439024390243903,0.6795180722891566,-0.0356156332647663
52,89,68,27565.0,27409,156.0,27688.0,27669,19.0,27940.0,27811,129.0,3.208,3.208,0.0,0.6152,0.65502,-0.03982,0.656,0.7064676616915423,-0.0504676616915422
52,90,69,27940.0,27811,129.0,28046.0,28053,-7.0,28056.0,28196,-140.0,2.864,3.072,-0.2080000000000001,0.46201,0.67701,-0.2149999999999999,0.1724137931034483,0.7428571428571429,-0.5704433497536946
52,92,70,28384.0,28196,188.0,28477.0,28460,17.0,28746.0,28588,158.0,3.256,3.256,0.0,0.57464,0.59981,-0.0251699999999999,0.5138121546961326,0.653061224489796,-0.1392490697936633
52,93,71,28746.0,28588,158.0,28859.0,28843,16.0,29156.0,29091,65.0,3.056,3.064,-0.008,0.5805,0.62228,-0.04178,0.551219512195122,0.9860834990059644,-0.4348639868108422
52,94,72,29156.0,29091,65.0,29267.0,29271,-4.0,29612.0,29430,182.0,3.264,3.424,-0.1600000000000001,0.7207399999999999,0.69338,0.0273599999999999,0.4868421052631578,0.9380530973451328,-0.4512109920819749
52,96,73,29699.0,29430,269.0,29708.0,29713,-5.0,29994.0,29943,51.0,0.376,3.536,-3.16,0.605183,0.5888140000000001,0.0163689999999999,0.0610169491525424,0.8966861598440545,-0.8356692106915121
52,97,74,29994.0,29943,51.0,30043.0,30102,-59.0,30390.0,30238,152.0,2.68,3.112,-0.4319999999999999,0.47031,0.503293,-0.0329829999999999,0.2474747474747475,0.9220338983050848,-0.6745591508303372
52,98,75,30390.0,30238,152.0,30520.0,30512,8.0,30815.0,30667,148.0,3.816,3.28,0.536,0.64989,0.75886,-0.10897,0.611764705882353,0.7226107226107226,-0.1108460167283695
52,99,76,30815.0,30667,148.0,30943.0,30925,18.0,31235.0,31169,66.0,3.384,3.304,0.08,0.68996,0.6757900000000001,0.0141699999999999,0.6095238095238096,0.9721115537848606,-0.362587744261051
52,100,77,31235.0,31169,66.0,31349.0,31347,2.0,31649.0,31592,57.0,3.248,3.376,-0.1279999999999996,0.7627609999999999,0.7139,0.0488609999999999,0.5507246376811594,0.8416075650118203,-0.2908829273306609
52,102,78,31690.0,31592,98.0,31743.0,31762,-19.0,32089.0,31896,193.0,0.592,3.32,-2.728,0.57073,0.589541,-0.018811,0.2656641604010025,0.881578947368421,-0.6159147869674185
52,103,79,32089.0,31896,193.0,32194.0,32190,4.0,32485.0,32338,147.0,3.608,3.424,0.1840000000000001,0.65991,0.65991,0.0,0.5303030303030303,0.6696832579185521,-0.1393802276155218
52,104,80,32485.0,32338,147.0,32587.0,32595,-8.0,32928.0,32741,187.0,3.144,3.24,-0.096,0.56095,0.6494,-0.08845,0.4604966139954853,0.7245657568238213,-0.2640691428283359
52,105,81,32928.0,32741,187.0,33029.0,33014,15.0,33288.0,33221,67.0,3.536,3.352,0.1840000000000001,0.60005,0.59956,0.0004899999999999,0.5611111111111111,0.8625,-0.3013888888888889
52,106,82,33288.0,33221,67.0,33410.0,33394,16.0,33700.0,33649,51.0,3.048,3.04,0.008,0.67432,0.66431,0.01001,0.5922330097087378,0.8084112149532711,-0.2161782052445332
52,107,83,33700.0,33649,51.0,33822.0,33812,10.0,34124.0,33978,146.0,3.296,3.344,-0.048,0.74811,0.71952,0.02859,0.5754716981132075,0.9908814589665652,-0.4154097608533578
52,108,84,34124.0,33978,146.0,34213.0,34228,-15.0,34515.0,34372,143.0,3.128,3.328,-0.1999999999999997,0.6042,0.6042,0.0,0.4552429667519181,0.7309644670050761,-0.275721500253158
52,109,85,34515.0,34372,143.0,34606.0,34624,-18.0,34948.0,34773,175.0,3.144,3.168,-0.024,0.69094,0.68972,0.0012199999999999,0.4203233256351039,0.743142144638404,-0.3228188190033001
52,111,86,35013.0,34773,240.0,35056.0,35044,12.0,35325.0,35182,143.0,0.416,3.36,-2.944,0.5392199999999999,0.5370199999999999,0.0021999999999999,0.2756410256410256,0.6748166259168704,-0.3991756002758447
52,112,87,35325.0,35182,143.0,35453.0,35443,10.0,35803.0,35601,202.0,3.176,3.192,-0.016,0.7322299999999999,0.7512899999999999,-0.0190599999999999,0.5355648535564854,0.7541766109785203,-0.2186117574220348
52,113,88,35803.0,35601,202.0,35900.0,35883,17.0,36184.0,36128,56.0,3.576,3.52,0.056,0.58368,0.5912499999999999,-0.0075699999999999,0.5091863517060368,0.9297912713472486,-0.4206049196412118
52,114,89,36184.0,36128,56.0,36280.0,36263,17.0,36568.0,36394,174.0,3.04,3.04,0.0,0.5392100000000001,0.5372600000000001,0.00195,0.5,0.9849624060150376,-0.4849624060150376
52,115,90,36568.0,36394,174.0,36629.0,36647,-18.0,36639.0,36896,-257.0,2.792,3.072,-0.2800000000000002,0.28609,0.6486700000000001,-0.36258,0.2816901408450704,0.9920318725099602,-0.7103417316648898
52,117,91,36958.0,36896,62.0,37065.0,37046,19.0,37352.0,37302,50.0,3.192,3.192,0.0,0.6242300000000001,0.64451,-0.0202799999999999,0.5431472081218274,0.7389162561576355,-0.195769048035808
52,118,92,37352.0,37302,50.0,37474.0,37462,12.0,37753.0,37702,51.0,3.272,3.328,-0.056,0.72466,0.7204999999999999,0.00416,0.6084788029925188,0.8,-0.1915211970074812
52,119,93,37753.0,37702,51.0,37863.0,37854,9.0,38130.0,38073,57.0,3.112,3.136,-0.024,0.5528899999999999,0.60103,-0.04814,0.583554376657825,0.8194070080862533,-0.2358526314284283
52,120,94,38130.0,38073,57.0,38235.0,38223,12.0,38533.0,38494,39.0,2.976,2.952,0.024,0.61031,0.61031,0.0,0.5210918114143921,0.7125890736342042,-0.1914972622198121
52,121,95,38533.0,38494,39.0,38633.0,38648,-15.0,38974.0,38915,59.0,3.184,3.4,-0.2159999999999997,0.69435,0.68996,0.00439,0.4535147392290249,0.7315914489311164,-0.2780767097020914
52,122,96,38974.0,38915,59.0,39090.0,39079,11.0,39368.0,39229,139.0,3.656,3.448,0.2080000000000001,0.61227,0.65038,-0.0381099999999999,0.5888324873096447,0.9554140127388536,-0.3665815254292088
52,124,97,39441.0,39229,212.0,39475.0,39475,0.0,39833.0,39613,220.0,0.464,3.168,-2.704,0.59688,0.59688,0.0,0.173469387755102,0.71875,-0.545280612244898
52,125,98,39833.0,39613,220.0,39941.0,39936,5.0,40212.0,40143,69.0,3.728,3.688,0.04,0.61519,0.60811,0.0070799999999999,0.5699208443271768,0.7811320754716982,-0.2112112311445213
52,126,99,40212.0,40143,69.0,40325.0,40321,4.0,40672.0,40467,205.0,3.072,3.08,-0.008,0.52113,0.58929,-0.06816,0.491304347826087,0.9012345679012346,-0.4099302200751475
52,128,100,40733.0,40467,266.0,40769.0,40753,16.0,41054.0,40888,166.0,0.528,3.456,-2.928,0.6044499999999999,0.6044499999999999,0.0,0.2242990654205607,0.6413301662707839,-0.4170311008502231
52,129,101,41054.0,40888,166.0,41166.0,41167,-1.0,41442.0,41367,75.0,3.176,3.312,-0.1359999999999996,0.6606400000000001,0.66039,0.00025,0.5773195876288659,0.8350730688935282,-0.2577534812646622
52,131,102,41569.0,41367,202.0,41581.0,41568,13.0,41818.0,41737,81.0,0.224,3.208,-2.984,0.7744899999999999,0.75544,0.0190499999999999,0.0963855421686746,0.9135135135135136,-0.8171279713448388
52,132,103,41818.0,41737,81.0,41941.0,41931,10.0,42165.0,42115,50.0,2.88,2.904,-0.024,0.66235,0.7407699999999999,-0.0784199999999999,0.7089337175792507,0.9735449735449736,-0.2646112559657227
52,133,104,42165.0,42115,50.0,42268.0,42268,0.0,42512.0,42476,36.0,2.616,2.696,-0.08,0.906426,0.906426,0.0,0.5936599423631124,0.8476454293628809,-0.2539854869997685
52,134,105,42512.0,42476,36.0,42635.0,42644,-9.0,43009.0,42937,72.0,2.936,3.008,-0.072,0.80454,0.89274,-0.0881999999999999,0.4949698189134809,0.7288503253796095,-0.2338805064661285
52,135,106,43009.0,42937,72.0,43052.0,43049,3.0,43370.0,43283,87.0,3.336,3.24,0.0959999999999996,0.525286,0.525286,0.0,0.2382271468144043,0.6473988439306358,-0.4091716971162314
52,137,107,43463.0,43283,180.0,43470.0,43467,3.0,43819.0,43726,93.0,0.296,3.344,-3.048,0.4957199999999999,0.5484979999999999,-0.0527779999999999,0.0393258426966292,0.8306997742663657,-0.7913739315697365
52,140,110,44743.0,44495,248.0,44782.0,44803,-21.0,45131.0,44939,192.0,0.456,3.608,-3.152,0.47202,0.55118,-0.0791599999999999,0.2010309278350515,0.6126126126126126,-0.4115816847775611
52,141,111,45131.0,44939,192.0,45223.0,45202,21.0,45482.0,45437,45.0,3.528,3.192,0.3359999999999998,0.81578,0.81578,0.0,0.5242165242165242,0.9437751004016064,-0.4195585761850822
52,143,112,45525.0,45437,88.0,45603.0,45584,19.0,45903.0,45721,182.0,0.936,3.056,-2.12,0.56414,0.5609599999999999,0.00318,0.4126984126984127,0.9647887323943662,-0.5520903196959536
52,145,113,45982.0,45721,261.0,46015.0,46016,-1.0,46365.0,46296,69.0,0.456,3.456,-3.0,0.4949899999999999,0.55265,-0.05766,0.1723237597911227,0.9739130434782608,-0.8015892836871382
52,147,114,46431.0,46296,135.0,46476.0,46484,-8.0,46763.0,46706,57.0,0.536,3.744,-3.208,0.56267,0.57831,-0.0156399999999999,0.2710843373493976,0.9170731707317074,-0.6459888333823097
52,149,115,46810.0,46706,104.0,46858.0,46884,-26.0,47221.0,47143,78.0,0.456,3.2,-2.744,0.61397,0.61495,-0.0009799999999999,0.2335766423357664,0.8146453089244852,-0.5810686665887187
52,150,116,47221.0,47143,78.0,47316.0,47311,5.0,47617.0,47464,153.0,3.664,3.416,0.2480000000000002,0.56267,0.52871,0.0339599999999999,0.4797979797979798,0.9532710280373832,-0.4734730482394034
52,152,117,47661.0,47464,197.0,47703.0,47719,-16.0,48052.0,47857,195.0,0.592,3.264,-2.672,0.4554199999999999,0.51234,-0.05692,0.2148337595907928,0.7022900763358779,-0.487456316745085
52,153,118,48052.0,47857,195.0,48085.0,48147,-62.0,48455.0,48298,157.0,3.056,3.424,-0.3679999999999999,0.48644,0.48644,0.0,0.1637717121588089,0.6848072562358276,-0.5210355440770187
52,155,119,48518.0,48298,220.0,48581.0,48567,14.0,48896.0,48723,173.0,0.888,3.36,-2.472,0.59027,0.5658399999999999,0.02443,0.3333333333333333,0.7341176470588235,-0.4007843137254901
52,157,120,48960.0,48723,237.0,48982.0,48965,17.0,49258.0,49106,152.0,0.376,3.184,-2.8080000000000003,0.51674,0.56071,-0.04397,0.1476510067114094,0.7362924281984334,-0.588641421487024
52,158,121,49258.0,49106,152.0,49388.0,49370,18.0,49679.0,49617,62.0,3.248,3.24,0.008,0.6279,0.7007099999999999,-0.0728099999999999,0.6175771971496438,0.9667318982387476,-0.3491547010891038
52,159,122,49679.0,49617,62.0,49723.0,49732,-9.0,49942.0,49868,74.0,2.68,2.896,-0.2159999999999997,0.539702,0.539702,0.0,0.3346007604562737,0.9163346613545816,-0.5817339008983079
52,160,123,49942.0,49868,74.0,50038.0,50037,1.0,50247.0,50203,44.0,2.52,2.44,0.08,1.00048864,1.00048864,0.0,0.6295081967213114,0.991044776119403,-0.3615365793980916
52,161,124,50247.0,50203,44.0,50365.0,50352,13.0,50657.0,50586,71.0,2.616,2.52,0.096,0.61324,0.76569864,-0.1524586399999999,0.575609756097561,0.7780678851174935,-0.2024581290199324
52,162,125,50657.0,50586,71.0,50721.0,50721,0.0,51549.0,51003,546.0,2.848,2.952,-0.104,0.510142,0.5064770000000001,0.0036649999999999,0.1434977578475336,0.6474820143884892,-0.5039842565409556
52,163,127,51549.0,51437,112.0,51580.0,51606,-26.0,51926.0,51857,69.0,6.872,3.56,3.312,0.40801,0.4712899999999999,-0.0632799999999999,0.1644562334217506,0.8047619047619048,-0.6403056713401541
52,164,128,51926.0,51857,69.0,51973.0,52020,-47.0,52336.0,52161,175.0,3.144,3.312,-0.1679999999999997,0.4844799999999999,0.46909,0.0153899999999999,0.2292682926829268,0.9276315789473684,-0.6983632862644416
52,165,129,52336.0,52161,175.0,52430.0,52443,-13.0,52751.0,52684,67.0,3.656,3.384,0.2720000000000002,0.55118,0.54776,0.0034199999999999,0.4530120481927711,0.9216061185468452,-0.4685940703540741
52,167,130,52846.0,52684,162.0,52876.0,52871,5.0,53236.0,53135,101.0,0.544,3.424,-2.88,0.53506,0.54947,-0.01441,0.1538461538461538,0.8292682926829268,-0.6754221388367729
52,169,131,53295.0,53135,160.0,53317.0,53300,17.0,53576.0,53523,53.0,0.352,3.432,-3.08,0.5646300000000001,0.57147,-0.0068399999999999,0.1565836298932384,0.8505154639175257,-0.6939318340242873
52,172,132,53697.0,53523,174.0,53706.0,53697,9.0,54077.0,53860,217.0,0.36,3.176,-2.8160000000000003,0.60029,0.59785,0.0024399999999999,0.0473684210526316,0.9673590504451038,-0.9199906293924722
52,173,133,54077.0,53860,217.0,54103.0,54127,-24.0,54425.0,54373,52.0,3.176,3.44,-0.2639999999999998,0.46934,0.44906,0.02028,0.1494252873563218,0.95906432748538,-0.8096390401290582
52,174,134,54425.0,54373,52.0,54494.0,54526,-32.0,54847.0,54803,44.0,3.128,3.192,-0.064,0.54459,0.54459,0.0,0.3270142180094787,0.7116279069767442,-0.3846136889672654
52,175,135,54847.0,54803,44.0,54957.0,54955,2.0,55310.0,55231,79.0,3.704,3.432,0.2720000000000002,0.53017,0.57269,-0.04252,0.4751619870410367,0.7102803738317758,-0.235118386790739
52,177,136,55363.0,55231,132.0,55402.0,55391,11.0,55698.0,55525,173.0,0.624,3.488,-2.864,0.5423899999999999,0.5277299999999999,0.01466,0.2328358208955223,0.91156462585034,-0.6787288049548178
52,179,137,55758.0,55525,233.0,55802.0,55807,-5.0,56529.0,56051,478.0,0.64,3.328,-2.688,0.50696,0.52162,-0.01466,0.1141374837872892,0.9277566539923956,-0.8136191702051062
52,181,139,56601.0,56457,144.0,56622.0,56620,2.0,56934.0,56759,175.0,0.384,3.296,-2.912,0.54508,0.5247999999999999,0.02028,0.1261261261261261,0.9205298013245032,-0.7944036751983772
52,182,140,56934.0,56759,175.0,57045.0,57029,16.0,57300.0,57165,135.0,3.384,3.272,0.1120000000000001,0.61667,0.61716,-0.0004899999999999,0.6065573770491803,0.6699507389162562,-0.0633933618670758
52,183,141,57300.0,57165,135.0,57409.0,57396,13.0,57572.0,57523,49.0,2.912,2.936,-0.024,0.62351,0.7903800000000001,-0.16687,0.8014705882352942,0.7094972067039106,0.0919733815313835
52,184,142,57572.0,57523,49.0,57624.0,57657,-33.0,57952.0,57832,120.0,1.72,2.088,-0.3680000000000001,0.93378864,0.9311011,0.00268754,0.2736842105263157,0.8673139158576052,-0.5936297053312894
52,185,143,57952.0,57832,120.0,58088.0,58083,5.0,58427.0,58373,54.0,3.712,3.408,0.3040000000000002,0.923039,1.00048864,-0.0774496399999999,0.5726315789473684,0.9279112754158964,-0.3552796964685281
52,187,145,58877.0,58648,229.0,58903.0,58952,-49.0,59731.0,59132,599.0,3.656,3.504,0.1520000000000001,0.4224299999999999,0.4248699999999999,-0.0024399999999999,0.0608899297423887,0.743801652892562,-0.6829117231501732
53,1,1,109.0,68,41.0,215.0,208,7.0,438.0,400,38.0,,,,0.6450060000000001,0.7033986400000001,-0.0583926399999999,0.6443768996960486,0.8433734939759037,-0.198996594279855
53,2,2,438.0,400,38.0,526.0,533,-7.0,798.0,759,39.0,2.488,2.6,-0.1120000000000001,0.63303,0.701926,-0.068896,0.4888888888888889,0.7409470752089137,-0.2520581863200247
53,4,3,936.0,759,177.0,954.0,926,28.0,1096.0,1062,34.0,0.512,3.144,-2.632,0.6980200000000001,0.81408,-0.1160599999999999,0.2249999999999999,0.8976897689768977,-0.6726897689768977
53,5,4,1096.0,1062,34.0,1176.0,1177,-1.0,1316.0,1277,39.0,1.776,2.008,-0.2319999999999999,0.45908,0.6489100000000001,-0.18983,0.7272727272727273,0.9302325581395348,-0.2029598308668075
53,6,5,1316.0,1277,39.0,1394.0,1372,22.0,1494.0,1469,25.0,1.744,1.56,0.1839999999999999,0.63108,0.63108,0.0,0.8764044943820225,0.9895833333333334,-0.1131788389513108
53,8,6,1561.0,1469,92.0,1583.0,1578,5.0,1922.0,1868,54.0,0.288,1.648,-1.36,0.8863886400000001,0.8863886400000001,0.0,0.1218836565096952,0.5463659147869675,-0.4244822582772722
53,9,7,1922.0,1868,54.0,2017.0,2002,15.0,2235.0,2170,65.0,3.472,3.392,0.08,0.8196954,0.82213864,-0.00244324,0.6070287539936102,0.8874172185430463,-0.2803884645494361
53,10,8,2235.0,2170,65.0,2306.0,2315,-9.0,2550.0,2489,61.0,2.312,2.504,-0.1920000000000001,0.614461,0.6271654,-0.0127043999999999,0.4507936507936507,0.9090909090909092,-0.4582972582972583
53,12,9,2697.0,2489,208.0,2771.0,2773,-2.0,2930.0,2900,30.0,1.272,3.664,-2.3920000000000003,1.00048864,1.00048864,0.0,0.6351931330472103,0.6180048661800487,0.0171882668671615
53,13,10,2930.0,2900,30.0,3010.0,3022,-12.0,3046.0,3146,-100.0,1.912,1.992,-0.08,0.81407,1.00048864,-0.1864186399999999,0.6206896551724138,0.991869918699187,-0.3711802635267731
53,19,11,3929.0,3868,61.0,4041.0,4035,6.0,4294.0,4250,44.0,3.792,3.896,-0.104,0.83997,0.87441864,-0.03444864,0.6136986301369862,0.8743455497382199,-0.2606469196012336
53,20,12,4294.0,4250,44.0,4409.0,4408,1.0,4707.0,4659,48.0,2.944,2.984,-0.04,0.7842690000000001,0.7786500000000001,0.005619,0.5569007263922519,0.7726161369193154,-0.2157154105270635
53,21,13,4707.0,4659,48.0,4805.0,4805,0.0,5059.0,5011,48.0,3.168,3.176,-0.008,0.616908,0.6757890000000001,-0.058881,0.5568181818181819,0.8295454545454546,-0.2727272727272727
53,22,14,5059.0,5011,48.0,5169.0,5163,6.0,5396.0,5360,36.0,2.912,2.864,0.048,0.7466389999999999,0.740287,0.0063519999999999,0.6528189910979229,0.8710601719197708,-0.2182411808218479
53,23,15,5396.0,5360,36.0,5478.0,5488,-10.0,5752.0,5714,38.0,2.472,2.6,-0.1280000000000001,0.51625,0.5717089999999999,-0.0554589999999999,0.4606741573033708,0.7231638418079096,-0.2624896845045388
53,24,16,5752.0,5714,38.0,5861.0,5853,8.0,6098.0,6057,41.0,3.064,2.92,0.1440000000000001,0.67163,0.67163,0.0,0.630057803468208,0.8104956268221575,-0.1804378233539494
53,25,17,6098.0,6057,41.0,6206.0,6222,-16.0,6495.0,6450,45.0,2.76,2.952,-0.1920000000000001,0.721967,0.721234,0.0007329999999999,0.544080604534005,0.8396946564885497,-0.2956140519545447
53,26,18,6495.0,6450,45.0,6592.0,6591,1.0,6887.0,6836,51.0,3.088,2.952,0.1360000000000001,0.671639,0.665287,0.006352,0.4948979591836735,0.7305699481865284,-0.2356719890028549
53,27,19,6887.0,6836,51.0,7016.0,6997,19.0,7224.0,7183,41.0,3.392,3.248,0.1439999999999996,0.75202,0.763259,-0.0112389999999999,0.7655786350148368,0.9279538904899136,-0.1623752554750767
53,28,20,7224.0,7183,41.0,7332.0,7337,-5.0,7591.0,7545,46.0,2.528,2.72,-0.1920000000000001,0.6435339999999999,0.64671,-0.003176,0.5885558583106267,0.850828729281768,-0.2622728709711412
53,29,21,7591.0,7545,46.0,7700.0,7693,7.0,7987.0,7950,37.0,2.944,2.848,0.096,0.8526710000000001,0.8526710000000001,0.0,0.5505050505050505,0.7308641975308642,-0.1803591470258136
53,30,22,7987.0,7950,37.0,8088.0,8111,-23.0,8370.0,8335,35.0,3.104,3.344,-0.2399999999999997,0.7275809999999999,0.7449279999999999,-0.017347,0.5274151436031331,0.8363636363636364,-0.3089484927605033
53,31,23,8370.0,8335,35.0,8489.0,8495,-6.0,8761.0,8722,39.0,3.208,3.072,0.1360000000000001,0.739796,0.730512,0.0092839999999999,0.6086956521739131,0.82687338501292,-0.2181777328390068
53,32,24,8761.0,8722,39.0,8876.0,8878,-2.0,9164.0,9118,46.0,3.096,3.064,0.032,0.609332,0.641826,-0.032494,0.5707196029776676,0.7878787878787878,-0.2171591849011203
53,33,25,9164.0,9118,46.0,9269.0,9285,-16.0,9570.0,9531,39.0,3.144,3.256,-0.1119999999999996,0.6953349999999999,0.688983,0.0063519999999999,0.5172413793103448,0.8087167070217918,-0.291475327711447
53,34,26,9570.0,9531,39.0,9678.0,9696,-18.0,9979.0,9938,41.0,3.272,3.288,-0.016,0.649397,0.7019249999999999,-0.0525279999999999,0.5281173594132029,0.8108108108108107,-0.2826934513976078
53,35,27,9979.0,9938,41.0,10077.0,10082,-5.0,10348.0,10310,38.0,3.192,3.088,0.104,0.637429,0.637429,0.0,0.5311653116531165,0.7741935483870968,-0.2430282367339802
53,36,28,10348.0,10310,38.0,10452.0,10474,-22.0,10697.0,10649,48.0,3.0,3.136,-0.1360000000000001,0.72563,0.791351,-0.065721,0.5959885386819483,0.967551622418879,-0.3715630837369307
53,37,29,10697.0,10649,48.0,10799.0,10790,9.0,11073.0,11032,41.0,2.776,2.528,0.2479999999999997,0.75861,0.757144,0.0014659999999999,0.5425531914893618,0.7362924281984334,-0.1937392367090716
53,38,30,11073.0,11032,41.0,11201.0,11207,-6.0,11513.0,11462,51.0,3.216,3.336,-0.1199999999999996,0.7275820000000001,0.75177,-0.0241879999999999,0.5818181818181818,0.813953488372093,-0.2321353065539112
53,39,31,11513.0,11462,51.0,11598.0,11623,-25.0,11885.0,11839,46.0,3.176,3.328,-0.1519999999999997,0.6530670000000001,0.683362,-0.0302949999999999,0.456989247311828,0.8541114058355438,-0.3971221585237158
53,40,32,11885.0,11839,46.0,11968.0,11997,-29.0,12271.0,12235,36.0,2.96,2.992,-0.032,0.7422460000000001,0.740291,0.001955,0.4300518134715025,0.797979797979798,-0.3679279845082954
53,41,33,12271.0,12235,36.0,12358.0,12384,-26.0,12646.0,12599,47.0,3.12,3.096,0.024,0.6181300000000001,0.7112160000000001,-0.093086,0.4639999999999999,0.8186813186813187,-0.3546813186813187
53,42,34,12646.0,12599,47.0,12726.0,12752,-26.0,13014.0,12971,43.0,2.944,2.944,0.0,0.695337,0.670417,0.0249199999999999,0.4347826086956522,0.8225806451612903,-0.387798036465638
53,43,35,13014.0,12971,43.0,13123.0,13116,7.0,13344.0,13299,45.0,3.176,2.912,0.2640000000000002,0.574153,0.604937,-0.0307839999999999,0.6606060606060606,0.8841463414634146,-0.223540280857354
53,44,36,13344.0,13299,45.0,13412.0,13446,-34.0,13735.0,13686,49.0,2.312,2.64,-0.3280000000000003,0.659661,0.659661,0.0,0.3478260869565217,0.7596899224806202,-0.4118638355240984
53,45,37,13735.0,13686,49.0,13808.0,13843,-35.0,14128.0,14071,57.0,3.168,3.176,-0.008,0.58392,0.614216,-0.0302959999999999,0.371501272264631,0.8155844155844156,-0.4440831433197846
53,46,38,14128.0,14071,57.0,14198.0,14226,-28.0,14516.0,14469,47.0,3.12,3.064,0.056,0.665771,0.665771,0.0,0.3608247422680413,0.778894472361809,-0.4180697300937677
53,47,39,14516.0,14469,47.0,14606.0,14626,-20.0,14889.0,14839,50.0,3.264,3.2,0.0639999999999996,0.5616899999999999,0.600783,-0.039093,0.4825737265415549,0.8486486486486486,-0.3660749221070937
53,49,40,14986.0,14839,147.0,15013.0,14993,20.0,15221.0,15186,35.0,0.488,2.936,-2.448,0.6831210000000001,0.6831210000000001,0.0,0.2297872340425532,0.8876080691642652,-0.657820835121712
53,50,41,15221.0,15186,35.0,15327.0,15338,-11.0,15562.0,15520,42.0,2.512,2.76,-0.2479999999999997,0.55802,0.6110410000000001,-0.053021,0.6217008797653959,0.9101796407185628,-0.2884787609531669
53,51,42,15562.0,15520,42.0,15651.0,15692,-41.0,15977.0,15930,47.0,2.592,2.832,-0.2399999999999997,0.728319,0.694114,0.034205,0.4289156626506024,0.8390243902439024,-0.4101087275932999
53,52,43,15977.0,15930,47.0,16068.0,16100,-32.0,16362.0,16313,49.0,3.336,3.264,0.072,0.702177,0.696069,0.006108,0.4727272727272728,0.8877284595300261,-0.4150011868027533
53,53,44,16362.0,16313,49.0,16487.0,16495,-8.0,16764.0,16717,47.0,3.352,3.16,0.1919999999999997,0.728316,0.729537,-0.001221,0.6218905472636815,0.900990099009901,-0.2790995517462195
53,54,45,16764.0,16717,47.0,16916.0,16897,19.0,17123.0,17086,37.0,3.432,3.216,0.2159999999999997,0.8302,0.894946,-0.0647459999999999,0.8467966573816156,0.975609756097561,-0.1288130987159453
53,55,46,17123.0,17086,37.0,17220.0,17230,-10.0,17489.0,17438,51.0,2.432,2.664,-0.2320000000000002,0.6511100000000001,0.63523,0.0158800000000001,0.5300546448087431,0.8181818181818181,-0.288127173373075
53,56,47,17489.0,17438,51.0,17614.0,17609,5.0,17840.0,17796,44.0,3.152,3.032,0.1200000000000001,0.7248990000000001,0.6865410000000001,0.038358,0.7122507122507122,0.9553072625698324,-0.2430565503191202
53,57,48,17840.0,17796,44.0,17951.0,17967,-16.0,18195.0,18156,39.0,2.696,2.864,-0.1679999999999997,0.691664,0.691664,0.0,0.6253521126760564,0.95,-0.3246478873239435
53,58,49,18195.0,18156,39.0,18287.0,18329,-42.0,18565.0,18519,46.0,2.688,2.896,-0.2079999999999997,0.695092,0.744444,-0.0493519999999999,0.4972972972972973,0.953168044077135,-0.4558707467798376
53,59,50,18565.0,18519,46.0,18648.0,18678,-30.0,18926.0,18883,43.0,2.888,2.792,0.096,0.7376018,0.701442,0.0361597999999999,0.4598337950138504,0.8736263736263736,-0.4137925786125231
53,60,51,18926.0,18883,43.0,19037.0,19053,-16.0,19327.0,19271,56.0,3.112,3.0,0.1120000000000001,0.671875,0.7503018,-0.0784268,0.5536159600997506,0.8762886597938144,-0.3226726996940638
53,62,52,19423.0,19271,152.0,19464.0,19440,24.0,19647.0,19611,36.0,0.464,3.096,-2.632,0.83215,0.836792,-0.004642,0.3660714285714286,0.9941176470588236,-0.628046218487395
53,63,53,19647.0,19611,36.0,19773.0,19754,19.0,20034.0,19971,63.0,2.472,2.512,-0.04,0.797464,0.797464,0.0,0.6511627906976745,0.7944444444444445,-0.14328165374677
53,64,54,20034.0,19971,63.0,20176.0,20157,19.0,20386.0,20338,48.0,3.224,3.224,0.0,0.7916,0.881261,-0.0896609999999999,0.8068181818181819,0.9863760217983653,-0.1795578399801832
53,65,55,20386.0,20338,48.0,20472.0,20487,-15.0,20765.0,20713,52.0,2.368,2.64,-0.2720000000000002,0.6691900000000001,0.6684570000000001,0.0007329999999999,0.4538258575197889,0.7946666666666666,-0.3408408091468777
53,66,56,20765.0,20713,52.0,20888.0,20900,-12.0,21160.0,21103,57.0,3.328,3.304,0.024,0.7104820000000001,0.7398,-0.0293179999999999,0.6227848101265823,0.958974358974359,-0.3361895488477767
53,67,57,21160.0,21103,57.0,21255.0,21273,-18.0,21569.0,21506,63.0,2.936,2.984,-0.048,0.776689,0.776689,0.0,0.4645476772616137,0.8436724565756824,-0.3791247793140686
53,68,58,21569.0,21506,63.0,21683.0,21697,-14.0,21943.0,21893,50.0,3.424,3.392,0.032,0.74566,0.783774,-0.0381139999999999,0.6096256684491979,0.9870801033591732,-0.3774544349099753
53,69,59,21943.0,21893,50.0,22071.0,22054,17.0,22336.0,22276,60.0,3.104,2.856,0.2480000000000002,0.82703,0.82703,0.0,0.6513994910941476,0.8407310704960835,-0.1893315794019359
53,70,60,22336.0,22276,60.0,22466.0,22452,14.0,22653.0,22618,35.0,3.16,3.184,-0.024,0.787201,0.787201,0.0,0.8201892744479495,0.9707602339181288,-0.1505709594701791
53,71,61,22653.0,22618,35.0,22740.0,22768,-28.0,23019.0,22962,57.0,2.192,2.528,-0.3359999999999998,0.679695,0.664792,0.014903,0.4754098360655737,0.872093023255814,-0.3966831871902402
53,72,62,23019.0,22962,57.0,23151.0,23149,2.0,23391.0,23341,50.0,3.288,3.048,0.2399999999999997,0.78671,0.8343550000000001,-0.047645,0.7096774193548387,0.9868073878627968,-0.2771299685079581
53,74,63,23510.0,23341,169.0,23536.0,23507,29.0,23800.0,23728,72.0,0.576,2.864,-2.288,0.710721,0.710721,0.0,0.1793103448275862,0.8578811369509044,-0.6785707921233182
53,76,64,23896.0,23728,168.0,23946.0,23937,9.0,24155.0,24114,41.0,0.68,3.44,-2.76,0.80601,0.8722219999999999,-0.0662119999999999,0.3861003861003861,0.917098445595855,-0.5309980594954689
53,77,65,24155.0,24114,41.0,24258.0,24276,-18.0,24554.0,24489,65.0,2.496,2.712,-0.2160000000000002,0.6503749999999999,0.626921,0.0234539999999999,0.5162907268170427,0.864,-0.3477092731829573
53,78,66,24554.0,24489,65.0,24679.0,24670,9.0,24945.0,24889,56.0,3.368,3.152,0.2159999999999997,0.8328840000000001,0.8328840000000001,0.0,0.639386189258312,0.905,-0.265613810741688
53,80,67,25068.0,24889,179.0,25089.0,25072,17.0,25334.0,25289,45.0,0.352,3.216,-2.8640000000000003,0.843394,0.853899,-0.0105049999999999,0.1578947368421053,0.915,-0.7571052631578947
53,82,68,25460.0,25289,171.0,25494.0,25478,16.0,25757.0,25688,69.0,0.512,3.248,-2.736,0.80601,0.8819940000000001,-0.075984,0.2289562289562289,0.9473684210526316,-0.7184121920964027
53,84,69,25870.0,25688,182.0,25895.0,25881,14.0,26100.0,26048,52.0,0.504,3.224,-2.72,0.7439600000000001,0.7227,0.02126,0.217391304347826,0.9277777777777778,-0.7103864734299518
53,86,70,26239.0,26048,191.0,26250.0,26223,27.0,26454.0,26410,44.0,0.576,2.736,-2.16,0.760081,0.7317400000000001,0.0283409999999999,0.1023255813953488,0.9668508287292816,-0.8645252473339329
53,88,71,26612.0,26410,202.0,26632.0,26601,31.0,26866.0,26801,65.0,0.632,3.024,-2.392,0.754946,0.785731,-0.0307849999999999,0.1574803149606299,0.9769820971867008,-0.8195017822260708
53,89,72,26866.0,26801,65.0,26998.0,27000,-2.0,27230.0,27188,42.0,2.928,3.192,-0.2640000000000002,0.81236,0.840456,-0.028096,0.7252747252747253,0.9715762273901808,-0.2463015021154556
53,90,73,27230.0,27188,42.0,27326.0,27361,-35.0,27603.0,27549,54.0,2.624,2.888,-0.2639999999999998,0.630835,0.63621,-0.005375,0.514745308310992,0.9584487534626038,-0.4437034451516118
53,92,74,27729.0,27549,180.0,27758.0,27734,24.0,28010.0,27950,60.0,0.568,2.984,-2.416,0.793548,0.793548,0.0,0.2064056939501779,0.9226932668329176,-0.7162875728827398
53,93,75,28010.0,27950,60.0,28148.0,28143,5.0,28413.0,28345,68.0,3.12,3.272,-0.1519999999999997,0.8162699999999999,0.8763749999999999,-0.0601049999999999,0.684863523573201,0.9772151898734176,-0.2923516663002167
53,95,76,28496.0,28345,151.0,28555.0,28538,17.0,28809.0,28744,65.0,0.72,3.16,-2.4400000000000004,0.843877,0.843877,0.0,0.3769968051118211,0.9674185463659148,-0.5904217412540937
53,97,77,28944.0,28744,200.0,28969.0,28943,26.0,29199.0,29137,62.0,0.576,3.24,-2.664,0.785245,0.75177,0.0334749999999999,0.196078431372549,0.9872773536895676,-0.7911989223170185
53,99,78,29298.0,29137,161.0,29346.0,29335,11.0,29636.0,29556,80.0,0.632,3.136,-2.504,0.830438,0.8585349999999999,-0.0280969999999999,0.2840236686390532,0.9451073985680192,-0.6610837299289658
53,100,79,29636.0,29556,80.0,29747.0,29738,9.0,30041.0,29961,80.0,3.208,3.224,-0.016,0.75959,0.7551899999999999,0.0044,0.5481481481481482,0.8987654320987655,-0.3506172839506173
53,102,80,30111.0,29961,150.0,30167.0,30162,5.0,30435.0,30377,58.0,0.672,3.392,-2.72,0.77816,0.78695,-0.00879,0.345679012345679,0.966346153846154,-0.6206671415004749
53,104,81,30510.0,30377,133.0,30563.0,30562,1.0,30819.0,30767,52.0,0.696,3.2,-2.5040000000000004,0.69412,0.7026699999999999,-0.0085499999999999,0.343042071197411,0.9487179487179488,-0.6056758775205376
53,106,82,30896.0,30767,129.0,30947.0,30943,4.0,31246.0,31145,101.0,0.792,3.048,-2.256,0.744687,0.744687,0.0,0.2914285714285715,0.9312169312169312,-0.6397883597883597
53,107,83,31246.0,31145,101.0,31358.0,31343,15.0,31608.0,31563,45.0,3.288,3.2,0.0879999999999996,0.769853,0.769853,0.0,0.6187845303867403,0.9473684210526316,-0.3285838906658913
53,110,84,31736.0,31563,173.0,31784.0,31770,14.0,32053.0,31987,66.0,0.8,3.416,-2.616,0.762279,0.77816,-0.0158809999999999,0.3028391167192429,0.9764150943396226,-0.6735759776203797
53,112,85,32140.0,31987,153.0,32193.0,32177,16.0,32393.0,32349,44.0,0.608,3.256,-2.648,0.7464,0.810654,-0.064254,0.4189723320158103,0.9502762430939228,-0.5313039110781124
53,114,86,32476.0,32349,127.0,32503.0,32547,-44.0,32778.0,32721,57.0,0.416,2.96,-2.544,0.72196,0.70291,0.01905,0.1788079470198675,0.935483870967742,-0.7566759239478744
53,115,87,32778.0,32721,57.0,32847.0,32884,-37.0,33172.0,33128,44.0,2.752,2.696,0.0559999999999996,0.717809,0.7016830000000001,0.0161259999999999,0.350253807106599,0.800982800982801,-0.4507289938762019
53,116,88,33172.0,33128,44.0,33332.0,33308,24.0,33590.0,33541,49.0,3.88,3.392,0.488,0.887124,0.942829,-0.055705,0.7655502392344498,0.8716707021791767,-0.1061204629447269
53,117,89,33590.0,33541,49.0,33694.0,33737,-43.0,33992.0,33944,48.0,2.896,3.432,-0.536,0.739313,0.72441,0.014903,0.5174129353233831,0.9727047146401984,-0.4552917793168154
53,118,90,33992.0,33944,48.0,34095.0,34103,-8.0,34332.0,34293,39.0,3.208,2.928,0.2800000000000002,0.712684,0.707553,0.0051309999999999,0.6058823529411765,0.9111747851002864,-0.3052924321591099
53,119,91,34332.0,34293,39.0,34417.0,34449,-32.0,34758.0,34667,91.0,2.576,2.768,-0.1919999999999997,0.659176,0.694114,-0.034938,0.3990610328638497,0.8342245989304813,-0.4351635660666315
53,120,92,34758.0,34667,91.0,34894.0,34873,21.0,35136.0,35074,62.0,3.816,3.392,0.4239999999999999,0.88712,0.88199,0.0051299999999999,0.7195767195767195,0.9877149877149876,-0.2681382681382681
53,121,93,35136.0,35074,62.0,35275.0,35253,22.0,35540.0,35473,67.0,3.048,3.04,0.008,0.91376,0.91376,0.0,0.6881188118811881,0.8972431077694236,-0.2091242958882355
53,123,94,35639.0,35473,166.0,35688.0,35666,22.0,35932.0,35881,51.0,0.632,3.304,-2.672,0.908869,0.908869,0.0,0.3344709897610921,0.946078431372549,-0.6116074416114569
53,125,95,36024.0,35881,143.0,36067.0,36044,23.0,36329.0,36262,67.0,0.544,3.024,-2.48,0.8600099999999999,0.8600099999999999,0.0,0.2819672131147541,0.8556430446194225,-0.5736758315046684
53,127,96,36438.0,36262,176.0,36486.0,36464,22.0,36749.0,36678,71.0,0.448,3.36,-2.912,0.910335,0.923528,-0.013193,0.3086816720257235,0.971153846153846,-0.6624721741281226
53,128,97,36749.0,36678,71.0,36836.0,36866,-30.0,37169.0,37104,65.0,2.8,3.216,-0.4160000000000003,0.7063200000000001,0.7139,-0.0075799999999999,0.4142857142857142,0.8826291079812206,-0.4683433936955063
53,130,98,37263.0,37104,159.0,37286.0,37269,17.0,37565.0,37486,79.0,0.416,3.224,-2.8080000000000003,0.681407,0.681407,0.0,0.152317880794702,0.8638743455497382,-0.7115564647550362
53,132,99,37662.0,37486,176.0,37701.0,37676,25.0,37929.0,37888,41.0,0.496,3.256,-2.76,0.849746,0.82849,0.021256,0.2921348314606742,0.945273631840796,-0.6531388003801218
53,133,100,37929.0,37888,41.0,38057.0,38058,-1.0,38334.0,38271,63.0,2.848,3.056,-0.2080000000000001,0.748598,0.795996,-0.047398,0.6320987654320988,0.8877284595300261,-0.2556296940979273
53,135,101,38461.0,38271,190.0,38484.0,38463,21.0,38767.0,38724,43.0,0.496,3.24,-2.744,0.808693,0.808693,0.0,0.1503267973856209,0.847682119205298,-0.6973553218196771
53,138,102,38890.0,38724,166.0,38942.0,38930,12.0,39212.0,39159,53.0,0.488,3.736,-3.248,0.7583599999999999,0.859023,-0.100663,0.3229813664596274,0.9471264367816092,-0.6241450703219819
53,140,103,39285.0,39159,126.0,39357.0,39340,17.0,39627.0,39557,70.0,0.656,3.28,-2.624,0.903982,0.903982,0.0,0.4210526315789473,0.9095477386934674,-0.48849510711452
53,142,104,39716.0,39557,159.0,39763.0,39744,19.0,40044.0,39980,64.0,0.616,3.232,-2.616,0.881501,0.881501,0.0,0.2865853658536585,0.884160756501182,-0.5975753906475234
53,144,105,40179.0,39980,199.0,40194.0,40170,24.0,40434.0,40387,47.0,0.584,3.408,-2.824,0.8038099999999999,0.765941,0.0378689999999999,0.1176470588235294,0.9336609336609336,-0.8160138748374042
53,145,106,40434.0,40387,47.0,40580.0,40576,4.0,40880.0,40829,51.0,3.088,3.248,-0.1600000000000001,0.839968,0.84632,-0.0063519999999999,0.6547085201793722,0.8552036199095022,-0.20049509973013
53,146,107,40880.0,40829,51.0,40989.0,41020,-31.0,41364.0,41305,59.0,3.272,3.552,-0.2800000000000002,0.808698,0.808698,0.0,0.4504132231404959,0.8025210084033614,-0.3521077852628654
53,147,108,41364.0,41305,59.0,41484.0,41510,-26.0,41920.0,41853,67.0,3.96,3.92,0.04,0.8881,0.951869,-0.0637689999999999,0.4316546762589928,0.7481751824817517,-0.3165205062227589
53,149,109,41993.0,41853,140.0,42043.0,42027,16.0,42329.0,42259,70.0,0.488,4.136,-3.648,0.73051,0.73051,0.0,0.2976190476190476,0.8571428571428572,-0.5595238095238095
53,151,110,42469.0,42259,210.0,42485.0,42460,25.0,42720.0,42663,57.0,0.536,3.464,-2.928,0.67041,0.66113,0.0092799999999999,0.1274900398406374,0.995049504950495,-0.8675594651098576
53,153,111,42794.0,42663,131.0,42825.0,42810,15.0,43143.0,43068,75.0,0.416,2.8,-2.384,0.66846,0.66846,0.0,0.1776504297994269,0.7259259259259259,-0.548275496126499
53,155,112,43223.0,43068,155.0,43271.0,43266,5.0,43485.0,43454,31.0,0.584,3.648,-3.064,0.7635,0.7720499999999999,-0.0085499999999999,0.366412213740458,0.9740932642487048,-0.6076810505082466
53,157,113,43547.0,43454,93.0,43606.0,43605,1.0,43892.0,43860,32.0,0.616,2.712,-2.096,0.774244,0.774244,0.0,0.3420289855072463,0.7438423645320197,-0.4018133790247733
53,159,114,43945.0,43860,85.0,44023.0,44041,-18.0,44302.0,44260,42.0,0.712,3.488,-2.776,0.63841,0.681412,-0.0430019999999999,0.4369747899159664,0.905,-0.4680252100840336
53,161,115,44366.0,44260,106.0,44431.0,44428,3.0,44718.0,44683,35.0,0.68,3.096,-2.416,0.800638,0.800149,0.0004889999999999,0.3693181818181817,0.7943262411347518,-0.42500805931657
53,162,116,44718.0,44683,35.0,44838.0,44852,-14.0,45123.0,45073,50.0,3.256,3.392,-0.1360000000000001,0.57562,0.663088,-0.0874679999999999,0.5925925925925926,0.8666666666666667,-0.2740740740740741
53,164,117,45195.0,45073,122.0,45244.0,45236,8.0,45637.0,45492,145.0,0.648,3.072,-2.424,0.696311,0.696311,0.0,0.2217194570135746,0.7780429594272076,-0.5563235024136329
53,165,118,45637.0,45492,145.0,45697.0,45688,9.0,46022.0,45930,92.0,3.624,3.616,0.008,0.753236,0.753236,0.0,0.3116883116883117,0.8949771689497716,-0.58328885726146
53,166,119,46022.0,45930,92.0,46076.0,46094,-18.0,46355.0,46337,18.0,3.032,3.248,-0.2160000000000002,0.650379,0.650379,0.0,0.3243243243243243,0.8058968058968059,-0.4815724815724815
53,168,120,46435.0,46337,98.0,46494.0,46499,-5.0,46836.0,46752,84.0,1.016,3.24,-2.224,0.6950890000000001,0.6950890000000001,0.0,0.2942643391521197,0.7807228915662651,-0.4864585524141454
53,169,121,46836.0,46752,84.0,46901.0,46904,-3.0,47162.0,47075,87.0,3.256,3.24,0.0159999999999995,0.6415799999999999,0.743953,-0.102373,0.3987730061349693,0.9411764705882352,-0.5424034644532659
53,170,122,47162.0,47075,87.0,47222.0,47218,4.0,47599.0,47491,108.0,2.568,2.512,0.056,0.74517,0.74517,0.0,0.2745995423340961,0.6875,-0.4129004576659039
53,171,123,47599.0,47491,108.0,47663.0,47664,-1.0,48022.0,47866,156.0,3.528,3.568,-0.04,0.6699299999999999,0.6706599999999999,-0.00073,0.3026004728132387,0.9226666666666666,-0.6200661938534279
53,172,124,48022.0,47866,156.0,48095.0,48091,4.0,48371.0,48266,105.0,3.456,3.416,0.04,0.710729,0.710729,0.0,0.4183381088825215,0.875,-0.4566618911174784
53,174,125,48447.0,48266,181.0,48495.0,48484,11.0,48801.0,48660,141.0,0.608,3.144,-2.536,0.89079,0.89079,0.0,0.2711864406779661,0.8934010152284264,-0.6222145745504603
53,175,126,48801.0,48660,141.0,48892.0,48894,-2.0,49111.0,49071,40.0,3.176,3.28,-0.1039999999999996,0.7378499999999999,0.7649699999999999,-0.02712,0.5870967741935484,0.8613138686131387,-0.2742170944195903
53,177,127,49230.0,49071,159.0,49269.0,49251,18.0,49457.0,49412,45.0,0.576,2.856,-2.28,0.7937940000000001,0.7718100000000001,0.021984,0.3436123348017621,0.9442815249266864,-0.6006691901249241
53,178,128,49457.0,49412,45.0,49584.0,49570,14.0,49818.0,49762,56.0,2.52,2.552,-0.032,0.823845,0.81676,0.007085,0.7036011080332409,0.9028571428571428,-0.1992560348239018
53,180,129,49948.0,49762,186.0,49990.0,49965,25.0,50215.0,50145,70.0,0.584,3.16,-2.576,0.907404,0.906915,0.0004889999999999,0.3146067415730337,0.9399477806788512,-0.6253410391058175
53,181,130,50215.0,50145,70.0,50354.0,50353,1.0,50599.0,50522,77.0,2.912,3.104,-0.1920000000000001,0.731004,0.741754,-0.01075,0.7239583333333333,0.896551724137931,-0.1725933908045978
53,183,131,50711.0,50522,189.0,50753.0,50730,23.0,50983.0,50928,55.0,0.632,3.016,-2.384,0.8817470000000001,0.8407,0.041047,0.3088235294117647,0.9753694581280788,-0.6665459287163141
53,184,132,50983.0,50928,55.0,51129.0,51138,-9.0,51510.0,51307,203.0,3.008,3.264,-0.2559999999999998,0.67896,0.752257,-0.0732969999999999,0.5540796963946869,0.8918205804749341,-0.3377408840802471
53,185,133,51510.0,51307,203.0,51565.0,51576,-11.0,51849.0,51790,59.0,3.488,3.504,-0.016,0.59712,0.61202,-0.0149,0.3244837758112094,0.8861283643892339,-0.5616445885780245
53,187,134,51943.0,51790,153.0,51999.0,52002,-3.0,52271.0,52158,113.0,1.048,3.408,-2.36,0.6735899999999999,0.6586799999999999,0.0149099999999999,0.3414634146341463,0.8478260869565217,-0.5063626723223754
53,189,135,52363.0,52158,205.0,52432.0,52419,13.0,52709.0,52572,137.0,1.136,3.336,-2.2,0.7442,0.74445,-0.0002499999999999,0.3988439306358381,0.7391304347826086,-0.3402865041467705
53,190,136,52709.0,52572,137.0,52764.0,52759,5.0,53020.0,52951,69.0,2.656,2.72,-0.064,0.625707,0.625707,0.0,0.3536977491961415,0.9868073878627968,-0.6331096386666554
53,192,137,53097.0,52951,146.0,53163.0,53152,11.0,53503.0,53370,133.0,0.688,3.144,-2.4560000000000004,0.927437,0.927437,0.0,0.3251231527093596,0.9594272076372315,-0.6343040549278719
53,193,138,53503.0,53370,133.0,53565.0,53568,-3.0,53828.0,53786,42.0,3.216,3.328,-0.1119999999999996,0.6953320000000001,0.677252,0.01808,0.3815384615384615,0.9519230769230768,-0.5703846153846154
53,194,139,53828.0,53786,42.0,53973.0,53957,16.0,54210.0,54128,82.0,3.264,3.112,0.1519999999999997,0.85194,0.918882,-0.066942,0.7591623036649214,1.0,-0.2408376963350785
53,196,140,54293.0,54128,165.0,54349.0,54339,10.0,54607.0,54515,92.0,0.784,3.056,-2.272,0.920594,0.902514,0.0180799999999999,0.356687898089172,0.909560723514212,-0.5528728254250399
53,198,141,54707.0,54515,192.0,54760.0,54761,-1.0,55030.0,54950,80.0,0.84,3.376,-2.536,0.8656269999999999,0.8666039999999999,-0.000977,0.3281733746130031,0.8689655172413793,-0.5407921426283762
53,199,142,55030.0,54950,80.0,55170.0,55169,1.0,55541.0,55354,187.0,3.28,3.264,0.016,0.84169,0.84169,0.0,0.547945205479452,0.915841584158416,-0.3678963786789638
53,200,143,55541.0,55354,187.0,55599.0,55589,10.0,55848.0,55787,61.0,3.432,3.36,0.072,0.80772,0.77449,0.0332299999999999,0.3778501628664494,0.9145496535796768,-0.5366994907132272
53,202,144,55963.0,55787,176.0,56015.0,56010,5.0,56348.0,56235,113.0,0.712,3.368,-2.656,0.83606,0.86734,-0.0312799999999999,0.2701298701298701,0.9955357142857144,-0.7254058441558442
53,203,145,56348.0,56235,113.0,56411.0,56397,14.0,56654.0,56585,69.0,3.168,3.096,0.072,0.7471300000000001,0.75153,-0.0043999999999999,0.4117647058823529,0.9257142857142856,-0.5139495798319328
53,206,146,56742.0,56585,157.0,56796.0,56778,18.0,57151.0,57029,122.0,0.64,3.048,-2.408,0.8355699999999999,0.8355699999999999,0.0,0.2640586797066014,0.8693693693693694,-0.6053106896627679
53,207,147,57151.0,57029,122.0,57212.0,57213,-1.0,57566.0,57440,126.0,3.328,3.48,-0.1520000000000001,0.6577,0.6814,-0.0237,0.2939759036144578,0.8953771289537713,-0.6014012253393135
53,208,148,57566.0,57440,126.0,57624.0,57624,0.0,57870.0,57796,74.0,3.296,3.288,0.008,0.6999759999999999,0.6999759999999999,0.0,0.381578947368421,0.9662921348314608,-0.5847131874630397
53,211,149,58002.0,57796,206.0,58041.0,58016,25.0,58270.0,58204,66.0,0.448,3.136,-2.688,0.8517,0.87149,-0.0197899999999999,0.2910447761194029,0.9215686274509804,-0.6305238513315775
53,212,150,58270.0,58204,66.0,58379.0,58399,-20.0,58692.0,58606,86.0,2.704,3.064,-0.3599999999999999,0.826535,0.826535,0.0,0.5165876777251185,0.9701492537313432,-0.4535615760062248
53,214,151,58789.0,58606,183.0,58862.0,58846,16.0,59247.0,59063,184.0,0.96,3.576,-2.616,0.86904,0.915465,-0.0464249999999999,0.3187772925764192,0.949671772428884,-0.6308944798524648
53,215,152,59247.0,59063,184.0,59297.0,59295,2.0,59471.0,59426,45.0,3.48,3.592,-0.1120000000000001,0.63645,0.73857,-0.1021199999999999,0.4464285714285714,0.721763085399449,-0.2753345139708776
53,217,153,59544.0,59426,118.0,59590.0,59586,4.0,59869.0,59793,76.0,0.488,2.328,-1.84,0.825554,0.825554,0.0,0.2830769230769231,0.8719346049046321,-0.588857681827709
