subject,method,annotator,kind,peak_index
2,featuregraph,ann1,detector_only,20357
2,featuregraph,ann1,detector_only,40202
2,featuregraph,ann1,detector_only,40207
2,featuregraph,ann1,detector_only,40212
2,featuregraph,ann1,detector_only,40218
2,featuregraph,ann1,detector_only,40223
2,featuregraph,ann1,detector_only,40228
2,featuregraph,ann1,detector_only,40234
2,featuregraph,ann1,detector_only,40238
2,featuregraph,ann1,detector_only,45761
2,featuregraph,ann1,detector_only,56743
2,featuregraph,ann2,detector_only,20357
2,featuregraph,ann2,detector_only,40202
2,featuregraph,ann2,detector_only,40207
2,featuregraph,ann2,detector_only,40212
2,featuregraph,ann2,detector_only,40218
2,featuregraph,ann2,detector_only,40223
2,featuregraph,ann2,detector_only,40228
2,featuregraph,ann2,detector_only,40234
2,featuregraph,ann2,detector_only,40238
2,featuregraph,ann2,detector_only,45761
2,featuregraph,ann2,detector_only,56743
2,llm_selected_baseline,ann1,detector_only,20367
2,llm_selected_baseline,ann1,detector_only,45785
2,llm_selected_baseline,ann2,detector_only,20367
2,llm_selected_baseline,ann2,detector_only,45785
3,featuregraph,ann1,detector_only,18756
3,featuregraph,ann1,detector_only,25366
3,featuregraph,ann1,reference_only,25437
3,featuregraph,ann1,reference_only,59887
3,featuregraph,ann2,reference_only,59920
3,llm_selected_baseline,ann1,detector_only,12970
3,llm_selected_baseline,ann1,detector_only,18757
3,llm_selected_baseline,ann1,reference_only,59887
3,llm_selected_baseline,ann2,detector_only,12970
3,llm_selected_baseline,ann2,reference_only,59920
4,featuregraph,ann1,detector_only,2456
4,featuregraph,ann1,detector_only,20400
4,featuregraph,ann1,detector_only,22572
4,featuregraph,ann1,detector_only,24740
4,featuregraph,ann1,detector_only,24742
4,featuregraph,ann1,detector_only,24744
4,featuregraph,ann1,detector_only,24746
4,featuregraph,ann1,detector_only,24748
4,featuregraph,ann1,detector_only,24750
4,featuregraph,ann1,detector_only,24752
4,featuregraph,ann1,detector_only,24754
4,featuregraph,ann1,detector_only,24756
4,featuregraph,ann1,detector_only,24758
4,featuregraph,ann1,detector_only,24760
4,featuregraph,ann1,detector_only,24762
4,featuregraph,ann1,detector_only,24764
4,featuregraph,ann1,detector_only,25867
4,featuregraph,ann1,detector_only,31767
4,featuregraph,ann1,detector_only,32327
4,featuregraph,ann1,detector_only,32726
4,featuregraph,ann1,detector_only,37289
4,featuregraph,ann1,detector_only,39647
4,featuregraph,ann1,detector_only,46466
4,featuregraph,ann1,detector_only,47007
4,featuregraph,ann1,detector_only,48923
4,featuregraph,ann1,detector_only,48936
4,featuregraph,ann1,detector_only,48945
4,featuregraph,ann1,detector_only,52566
4,featuregraph,ann1,detector_only,58184
4,featuregraph,ann1,detector_only,58186
4,featuregraph,ann2,detector_only,2456
4,featuregraph,ann2,detector_only,20400
4,featuregraph,ann2,detector_only,22572
4,featuregraph,ann2,detector_only,24740
4,featuregraph,ann2,detector_only,24742
4,featuregraph,ann2,detector_only,24744
4,featuregraph,ann2,detector_only,24746
4,featuregraph,ann2,detector_only,24748
4,featuregraph,ann2,detector_only,24750
4,featuregraph,ann2,detector_only,24752
4,featuregraph,ann2,detector_only,24754
4,featuregraph,ann2,detector_only,24756
4,featuregraph,ann2,detector_only,24758
4,featuregraph,ann2,detector_only,24760
4,featuregraph,ann2,detector_only,24762
4,featuregraph,ann2,detector_only,24764
4,featuregraph,ann2,detector_only,25867
4,featuregraph,ann2,detector_only,31767
4,featuregraph,ann2,detector_only,32327
4,featuregraph,ann2,detector_only,32726
4,featuregraph,ann2,detector_only,37289
4,featuregraph,ann2,detector_only,39647
4,featuregraph,ann2,detector_only,46466
4,featuregraph,ann2,detector_only,47007
4,featuregraph,ann2,detector_only,48923
4,featuregraph,ann2,detector_only,48936
4,featuregraph,ann2,detector_only,48945
4,featuregraph,ann2,detector_only,52566
4,featuregraph,ann2,detector_only,58184
4,featuregraph,ann2,detector_only,58186
5,featuregraph,ann1,detector_only,695
5,featuregraph,ann1,detector_only,851
5,featuregraph,ann1,detector_only,1917
5,featuregraph,ann1,detector_only,2075
5,featuregraph,ann1,detector_only,3369
5,featuregraph,ann1,detector_only,4297
5,featuregraph,ann1,detector_only,4597
5,featuregraph,ann1,detector_only,4757
5,featuregraph,ann1,detector_only,5593
5,featuregraph,ann1,detector_only,5742
5,featuregraph,ann1,detector_only,6969
5,featuregraph,ann1,detector_only,7122
5,featuregraph,ann1,detector_only,7280
5,featuregraph,ann1,detector_only,7332
5,featuregraph,ann1,detector_only,7335
5,featuregraph,ann1,detector_only,7338
5,featuregraph,ann1,detector_only,7340
5,featuregraph,ann1,detector_only,7343
5,featuregraph,ann1,detector_only,7346
5,featuregraph,ann1,detector_only,7349
5,featuregraph,ann1,detector_only,7352
5,featuregraph,ann1,detector_only,7355
5,featuregraph,ann1,detector_only,7358
5,featuregraph,ann1,detector_only,7361
5,featuregraph,ann1,detector_only,7364
5,featuregraph,ann1,detector_only,7367
5,featuregraph,ann1,detector_only,7370
5,featuregraph,ann1,detector_only,7372
5,featuregraph,ann1,detector_only,7375
5,featuregraph,ann1,detector_only,7378
5,featuregraph,ann1,detector_only,7381
5,featuregraph,ann1,detector_only,8349
5,featuregraph,ann1,detector_only,9575
5,featuregraph,ann1,detector_only,9729
5,featuregraph,ann1,detector_only,10949
5,featuregraph,ann1,detector_only,11797
5,featuregraph,ann1,detector_only,13025
5,featuregraph,ann1,detector_only,13182
5,featuregraph,ann1,detector_only,14488
5,featuregraph,ann1,detector_only,15393
5,featuregraph,ann1,detector_only,15625
5,featuregraph,ann1,detector_only,16778
5,featuregraph,ann1,detector_only,17018
5,featuregraph,ann1,detector_only,17171
5,featuregraph,ann1,detector_only,18093
5,featuregraph,ann1,detector_only,18294
5,featuregraph,ann1,detector_only,19471
5,featuregraph,ann1,detector_only,19624
5,featuregraph,ann1,detector_only,19778
5,featuregraph,ann1,detector_only,19930
5,featuregraph,ann1,detector_only,20162
5,featuregraph,ann1,detector_only,21234
5,featuregraph,ann1,detector_only,21543
5,featuregraph,ann1,detector_only,22457
5,featuregraph,ann1,detector_only,22611
5,featuregraph,ann1,detector_only,25338
5,featuregraph,ann1,detector_only,25661
5,featuregraph,ann1,detector_only,26802
5,featuregraph,ann1,detector_only,26963
5,featuregraph,ann1,detector_only,28115
5,featuregraph,ann1,detector_only,28425
5,featuregraph,ann1,detector_only,28651
5,featuregraph,ann1,detector_only,29693
5,featuregraph,ann1,detector_only,30608
5,featuregraph,ann1,detector_only,30762
5,featuregraph,ann1,detector_only,31074
5,featuregraph,ann1,detector_only,32147
5,featuregraph,ann1,detector_only,32951
5,featuregraph,ann1,detector_only,33191
5,featuregraph,ann1,detector_only,33927
5,featuregraph,ann1,detector_only,34169
5,featuregraph,ann1,detector_only,35314
5,featuregraph,ann1,detector_only,36389
5,featuregraph,ann1,detector_only,36778
5,featuregraph,ann1,detector_only,38077
5,featuregraph,ann1,detector_only,38386
5,featuregraph,ann1,detector_only,39689
5,featuregraph,ann1,detector_only,40147
5,featuregraph,ann1,detector_only,41208
5,featuregraph,ann1,detector_only,42197
5,featuregraph,ann1,detector_only,42336
5,featuregraph,ann1,detector_only,42513
5,featuregraph,ann1,detector_only,43657
5,featuregraph,ann1,detector_only,43811
5,featuregraph,ann1,detector_only,44727
5,featuregraph,ann1,detector_only,44877
5,featuregraph,ann1,detector_only,45847
5,featuregraph,ann1,detector_only,45995
5,featuregraph,ann1,detector_only,46099
5,featuregraph,ann1,detector_only,46309
5,featuregraph,ann1,detector_only,46493
5,featuregraph,ann1,detector_only,46693
5,featuregraph,ann1,detector_only,47498
5,featuregraph,ann1,detector_only,47808
5,featuregraph,ann1,detector_only,48879
5,featuregraph,ann1,detector_only,49267
5,featuregraph,ann1,detector_only,50119
5,featuregraph,ann1,detector_only,50240
5,featuregraph,ann1,detector_only,50308
5,featuregraph,ann1,detector_only,50317
5,featuregraph,ann1,detector_only,50325
5,featuregraph,ann1,detector_only,50334
5,featuregraph,ann1,detector_only,51020
5,featuregraph,ann1,detector_only,51330
5,featuregraph,ann1,detector_only,52218
5,featuregraph,ann1,detector_only,52439
5,featuregraph,ann1,detector_only,52771
5,featuregraph,ann1,detector_only,53839
5,featuregraph,ann1,detector_only,54148
5,featuregraph,ann1,detector_only,55047
5,featuregraph,ann1,detector_only,55209
5,featuregraph,ann1,detector_only,55357
5,featuregraph,ann1,detector_only,56457
5,featuregraph,ann1,detector_only,56537
5,featuregraph,ann1,detector_only,57541
5,featuregraph,ann1,detector_only,58618
5,featuregraph,ann1,detector_only,59511
5,featuregraph,ann1,detector_only,59830
5,featuregraph,ann1,reference_only,67
5,featuregraph,ann2,detector_only,695
5,featuregraph,ann2,detector_only,851
5,featuregraph,ann2,detector_only,1917
5,featuregraph,ann2,detector_only,2075
5,featuregraph,ann2,detector_only,3369
5,featuregraph,ann2,detector_only,4297
5,featuregraph,ann2,detector_only,4597
5,featuregraph,ann2,detector_only,4757
5,featuregraph,ann2,detector_only,5593
5,featuregraph,ann2,detector_only,5742
5,featuregraph,ann2,detector_only,6969
5,featuregraph,ann2,detector_only,7122
5,featuregraph,ann2,detector_only,7280
5,featuregraph,ann2,detector_only,7332
5,featuregraph,ann2,detector_only,7335
5,featuregraph,ann2,detector_only,7338
5,featuregraph,ann2,detector_only,7340
5,featuregraph,ann2,detector_only,7343
5,featuregraph,ann2,detector_only,7346
5,featuregraph,ann2,detector_only,7349
5,featuregraph,ann2,detector_only,7352
5,featuregraph,ann2,detector_only,7355
5,featuregraph,ann2,detector_only,7358
5,featuregraph,ann2,detector_only,7361
5,featuregraph,ann2,detector_only,7364
5,featuregraph,ann2,detector_only,7367
5,featuregraph,ann2,detector_only,7370
5,featuregraph,ann2,detector_only,7372
5,featuregraph,ann2,detector_only,7375
5,featuregraph,ann2,detector_only,7378
5,featuregraph,ann2,detector_only,7381
5,featuregraph,ann2,detector_only,8349
5,featuregraph,ann2,detector_only,9575
5,featuregraph,ann2,detector_only,9729
5,featuregraph,ann2,detector_only,10949
5,featuregraph,ann2,detector_only,11797
5,featuregraph,ann2,detector_only,13025
5,featuregraph,ann2,detector_only,13182
5,featuregraph,ann2,detector_only,14488
5,featuregraph,ann2,detector_only,15393
5,featuregraph,ann2,detector_only,15625
5,featuregraph,ann2,detector_only,16778
5,featuregraph,ann2,detector_only,17018
5,featuregraph,ann2,detector_only,17171
5,featuregraph,ann2,detector_only,18093
5,featuregraph,ann2,detector_only,18294
5,featuregraph,ann2,detector_only,19471
5,featuregraph,ann2,detector_only,19624
5,featuregraph,ann2,detector_only,19778
5,featuregraph,ann2,detector_only,19930
5,featuregraph,ann2,detector_only,20162
5,featuregraph,ann2,detector_only,21234
5,featuregraph,ann2,detector_only,21543
5,featuregraph,ann2,detector_only,22457
5,featuregraph,ann2,detector_only,22611
5,featuregraph,ann2,detector_only,25338
5,featuregraph,ann2,detector_only,25661
5,featuregraph,ann2,detector_only,26802
5,featuregraph,ann2,detector_only,26963
5,featuregraph,ann2,detector_only,28115
5,featuregraph,ann2,detector_only,28425
5,featuregraph,ann2,detector_only,28651
5,featuregraph,ann2,detector_only,29693
5,featuregraph,ann2,detector_only,30608
5,featuregraph,ann2,detector_only,30762
5,featuregraph,ann2,detector_only,31074
5,featuregraph,ann2,detector_only,32147
5,featuregraph,ann2,detector_only,32951
5,featuregraph,ann2,detector_only,33191
5,featuregraph,ann2,detector_only,33927
5,featuregraph,ann2,detector_only,34169
5,featuregraph,ann2,detector_only,35314
5,featuregraph,ann2,detector_only,36389
5,featuregraph,ann2,detector_only,36778
5,featuregraph,ann2,detector_only,38077
5,featuregraph,ann2,detector_only,38386
5,featuregraph,ann2,detector_only,39689
5,featuregraph,ann2,detector_only,40147
5,featuregraph,ann2,detector_only,41208
5,featuregraph,ann2,detector_only,42197
5,featuregraph,ann2,detector_only,42336
5,featuregraph,ann2,detector_only,42513
5,featuregraph,ann2,detector_only,43657
5,featuregraph,ann2,detector_only,43811
5,featuregraph,ann2,detector_only,44727
5,featuregraph,ann2,detector_only,44877
5,featuregraph,ann2,detector_only,45847
5,featuregraph,ann2,detector_only,45995
5,featuregraph,ann2,detector_only,46099
5,featuregraph,ann2,detector_only,46309
5,featuregraph,ann2,detector_only,46493
5,featuregraph,ann2,detector_only,46693
5,featuregraph,ann2,detector_only,47498
5,featuregraph,ann2,detector_only,47808
5,featuregraph,ann2,detector_only,48879
5,featuregraph,ann2,detector_only,49267
5,featuregraph,ann2,detector_only,50119
5,featuregraph,ann2,detector_only,50240
5,featuregraph,ann2,detector_only,50308
5,featuregraph,ann2,detector_only,50317
5,featuregraph,ann2,detector_only,50325
5,featuregraph,ann2,detector_only,50334
5,featuregraph,ann2,detector_only,51020
5,featuregraph,ann2,detector_only,51330
5,featuregraph,ann2,detector_only,52218
5,featuregraph,ann2,detector_only,52439
5,featuregraph,ann2,detector_only,52771
5,featuregraph,ann2,detector_only,53839
5,featuregraph,ann2,detector_only,54148
5,featuregraph,ann2,detector_only,55047
5,featuregraph,ann2,detector_only,55209
5,featuregraph,ann2,detector_only,55357
5,featuregraph,ann2,detector_only,56457
5,featuregraph,ann2,detector_only,56537
5,featuregraph,ann2,detector_only,57541
5,featuregraph,ann2,detector_only,58618
5,featuregraph,ann2,detector_only,59511
5,featuregraph,ann2,detector_only,59830
5,featuregraph,ann2,reference_only,55
5,llm_selected_baseline,ann1,detector_only,827
5,llm_selected_baseline,ann1,detector_only,2092
5,llm_selected_baseline,ann1,detector_only,3315
5,llm_selected_baseline,ann1,detector_only,4757
5,llm_selected_baseline,ann1,detector_only,8361
5,llm_selected_baseline,ann1,detector_only,9715
5,llm_selected_baseline,ann1,detector_only,10914
5,llm_selected_baseline,ann1,detector_only,14455
5,llm_selected_baseline,ann1,detector_only,14972
5,llm_selected_baseline,ann1,detector_only,17198
5,llm_selected_baseline,ann1,detector_only,18350
5,llm_selected_baseline,ann1,detector_only,21231
5,llm_selected_baseline,ann1,detector_only,22439
5,llm_selected_baseline,ann1,detector_only,22906
5,llm_selected_baseline,ann1,detector_only,25623
5,llm_selected_baseline,ann1,detector_only,27002
5,llm_selected_baseline,ann1,detector_only,28649
5,llm_selected_baseline,ann1,detector_only,29660
5,llm_selected_baseline,ann1,detector_only,31103
5,llm_selected_baseline,ann1,detector_only,34152
5,llm_selected_baseline,ann1,detector_only,35297
5,llm_selected_baseline,ann1,detector_only,38502
5,llm_selected_baseline,ann1,detector_only,40170
5,llm_selected_baseline,ann1,detector_only,41178
5,llm_selected_baseline,ann1,detector_only,42528
5,llm_selected_baseline,ann1,detector_only,43784
5,llm_selected_baseline,ann1,detector_only,44859
5,llm_selected_baseline,ann1,detector_only,46675
5,llm_selected_baseline,ann1,detector_only,47875
5,llm_selected_baseline,ann1,detector_only,49253
5,llm_selected_baseline,ann1,detector_only,51297
5,llm_selected_baseline,ann1,detector_only,52428
5,llm_selected_baseline,ann1,detector_only,53811
5,llm_selected_baseline,ann1,detector_only,55217
5,llm_selected_baseline,ann1,reference_only,67
5,llm_selected_baseline,ann1,reference_only,14904
5,llm_selected_baseline,ann1,reference_only,22841
5,llm_selected_baseline,ann2,detector_only,827
5,llm_selected_baseline,ann2,detector_only,2092
5,llm_selected_baseline,ann2,detector_only,3315
5,llm_selected_baseline,ann2,detector_only,4757
5,llm_selected_baseline,ann2,detector_only,8361
5,llm_selected_baseline,ann2,detector_only,9715
5,llm_selected_baseline,ann2,detector_only,10914
5,llm_selected_baseline,ann2,detector_only,14455
5,llm_selected_baseline,ann2,detector_only,17198
5,llm_selected_baseline,ann2,detector_only,18350
5,llm_selected_baseline,ann2,detector_only,21231
5,llm_selected_baseline,ann2,detector_only,22439
5,llm_selected_baseline,ann2,detector_only,25623
5,llm_selected_baseline,ann2,detector_only,27002
5,llm_selected_baseline,ann2,detector_only,28649
5,llm_selected_baseline,ann2,detector_only,29660
5,llm_selected_baseline,ann2,detector_only,31103
5,llm_selected_baseline,ann2,detector_only,34152
5,llm_selected_baseline,ann2,detector_only,35297
5,llm_selected_baseline,ann2,detector_only,38502
5,llm_selected_baseline,ann2,detector_only,38873
5,llm_selected_baseline,ann2,detector_only,40170
5,llm_selected_baseline,ann2,detector_only,41178
5,llm_selected_baseline,ann2,detector_only,42528
5,llm_selected_baseline,ann2,detector_only,43784
5,llm_selected_baseline,ann2,detector_only,44859
5,llm_selected_baseline,ann2,detector_only,45342
5,llm_selected_baseline,ann2,detector_only,46675
5,llm_selected_baseline,ann2,detector_only,47875
5,llm_selected_baseline,ann2,detector_only,49253
5,llm_selected_baseline,ann2,detector_only,51297
5,llm_selected_baseline,ann2,detector_only,52428
5,llm_selected_baseline,ann2,detector_only,53811
5,llm_selected_baseline,ann2,detector_only,55217
5,llm_selected_baseline,ann2,reference_only,55
5,llm_selected_baseline,ann2,reference_only,38796
5,llm_selected_baseline,ann2,reference_only,45277
6,featuregraph,ann1,detector_only,12230
6,featuregraph,ann1,reference_only,49087
6,featuregraph,ann1,reference_only,59996
6,featuregraph,ann2,detector_only,12230
6,featuregraph,ann2,detector_only,12371
6,featuregraph,ann2,reference_only,12303
6,featuregraph,ann2,reference_only,59989
6,llm_selected_baseline,ann1,detector_only,11227
6,llm_selected_baseline,ann1,detector_only,12255
6,llm_selected_baseline,ann1,reference_only,11163
6,llm_selected_baseline,ann1,reference_only,12339
6,llm_selected_baseline,ann1,reference_only,49087
6,llm_selected_baseline,ann1,reference_only,59996
6,llm_selected_baseline,ann2,reference_only,59989
7,featuregraph,ann1,detector_only,47671
7,featuregraph,ann2,detector_only,47671
7,llm_selected_baseline,ann1,detector_only,47672
7,llm_selected_baseline,ann2,detector_only,47672
8,featuregraph,ann1,detector_only,6807
8,featuregraph,ann1,detector_only,13850
8,featuregraph,ann1,detector_only,16261
8,featuregraph,ann1,detector_only,18733
8,featuregraph,ann1,detector_only,21359
8,featuregraph,ann1,detector_only,21734
8,featuregraph,ann1,detector_only,35019
8,featuregraph,ann1,detector_only,36016
8,featuregraph,ann1,detector_only,36756
8,featuregraph,ann1,detector_only,52077
8,featuregraph,ann1,detector_only,52900
8,featuregraph,ann1,reference_only,59991
8,featuregraph,ann2,detector_only,6807
8,featuregraph,ann2,detector_only,13850
8,featuregraph,ann2,detector_only,16261
8,featuregraph,ann2,detector_only,18733
8,featuregraph,ann2,detector_only,21359
8,featuregraph,ann2,detector_only,21734
8,featuregraph,ann2,detector_only,35019
8,featuregraph,ann2,detector_only,36016
8,featuregraph,ann2,detector_only,36756
8,featuregraph,ann2,detector_only,52077
8,featuregraph,ann2,detector_only,52900
8,featuregraph,ann2,reference_only,59989
8,llm_selected_baseline,ann1,reference_only,59991
8,llm_selected_baseline,ann2,reference_only,59989
9,featuregraph,ann1,detector_only,19987
9,featuregraph,ann1,detector_only,19992
9,featuregraph,ann1,detector_only,19997
9,featuregraph,ann1,detector_only,20001
9,featuregraph,ann1,detector_only,20006
9,featuregraph,ann1,reference_only,59952
9,featuregraph,ann2,detector_only,19987
9,featuregraph,ann2,detector_only,19992
9,featuregraph,ann2,detector_only,19997
9,featuregraph,ann2,detector_only,20001
9,featuregraph,ann2,detector_only,20006
9,featuregraph,ann2,reference_only,44340
9,featuregraph,ann2,reference_only,59936
9,llm_selected_baseline,ann1,reference_only,59952
9,llm_selected_baseline,ann2,reference_only,44340
9,llm_selected_baseline,ann2,reference_only,59936
10,featuregraph,ann1,detector_only,874
10,featuregraph,ann1,detector_only,31184
10,featuregraph,ann1,detector_only,36697
10,featuregraph,ann1,detector_only,37603
10,featuregraph,ann1,detector_only,47165
10,featuregraph,ann1,detector_only,53847
10,featuregraph,ann1,detector_only,56945
10,featuregraph,ann1,detector_only,59151
10,featuregraph,ann1,reference_only,47241
10,featuregraph,ann2,detector_only,874
10,featuregraph,ann2,detector_only,37603
10,featuregraph,ann2,reference_only,20563
10,llm_selected_baseline,ann1,detector_only,56952
10,llm_selected_baseline,ann1,detector_only,59150
10,llm_selected_baseline,ann2,reference_only,20563
10,llm_selected_baseline,ann2,reference_only,31153
10,llm_selected_baseline,ann2,reference_only,36703
10,llm_selected_baseline,ann2,reference_only,53848
11,featuregraph,ann1,detector_only,1503
11,featuregraph,ann1,detector_only,1825
11,featuregraph,ann1,detector_only,3305
11,featuregraph,ann1,detector_only,3975
11,featuregraph,ann1,detector_only,5138
11,featuregraph,ann1,detector_only,15745
11,featuregraph,ann1,detector_only,18107
11,featuregraph,ann1,detector_only,18112
11,featuregraph,ann1,detector_only,18116
11,featuregraph,ann1,detector_only,18127
11,featuregraph,ann1,detector_only,24117
11,featuregraph,ann1,detector_only,26391
11,featuregraph,ann1,detector_only,37331
11,featuregraph,ann1,detector_only,41123
11,featuregraph,ann1,detector_only,45607
11,featuregraph,ann1,detector_only,46246
11,featuregraph,ann1,detector_only,48120
11,featuregraph,ann1,detector_only,57180
11,featuregraph,ann1,detector_only,57770
11,featuregraph,ann1,detector_only,59197
11,featuregraph,ann1,reference_only,4048
11,featuregraph,ann1,reference_only,26461
11,featuregraph,ann1,reference_only,59113
11,featuregraph,ann2,detector_only,1503
11,featuregraph,ann2,detector_only,1825
11,featuregraph,ann2,detector_only,5008
11,featuregraph,ann2,detector_only,7876
11,featuregraph,ann2,detector_only,15745
11,featuregraph,ann2,detector_only,18107
11,featuregraph,ann2,detector_only,18112
11,featuregraph,ann2,detector_only,18116
11,featuregraph,ann2,detector_only,18127
11,featuregraph,ann2,detector_only,20274
11,featuregraph,ann2,detector_only,24117
11,featuregraph,ann2,detector_only,29768
11,featuregraph,ann2,detector_only,37331
11,featuregraph,ann2,detector_only,45607
11,featuregraph,ann2,detector_only,57180
11,featuregraph,ann2,detector_only,57770
11,featuregraph,ann2,reference_only,7809
11,featuregraph,ann2,reference_only,20199
11,featuregraph,ann2,reference_only,29693
11,llm_selected_baseline,ann1,detector_only,3301
11,llm_selected_baseline,ann1,detector_only,5155
11,llm_selected_baseline,ann1,detector_only,41111
11,llm_selected_baseline,ann1,detector_only,48117
11,llm_selected_baseline,ann1,reference_only,5017
11,llm_selected_baseline,ann2,reference_only,46243
12,featuregraph,ann1,detector_only,52510
12,featuregraph,ann1,reference_only,124
12,featuregraph,ann1,reference_only,59970
12,featuregraph,ann2,reference_only,119
12,featuregraph,ann2,reference_only,59973
12,llm_selected_baseline,ann1,detector_only,52514
12,llm_selected_baseline,ann1,reference_only,59970
12,llm_selected_baseline,ann2,reference_only,59973
13,featuregraph,ann1,detector_only,6099
13,featuregraph,ann1,detector_only,8357
13,featuregraph,ann1,detector_only,13069
13,featuregraph,ann1,detector_only,13409
13,featuregraph,ann1,detector_only,14989
13,featuregraph,ann1,detector_only,15587
13,featuregraph,ann1,detector_only,15619
13,featuregraph,ann1,detector_only,16236
13,featuregraph,ann1,detector_only,16464
13,featuregraph,ann1,detector_only,19182
13,featuregraph,ann1,detector_only,21546
13,featuregraph,ann1,detector_only,21863
13,featuregraph,ann1,detector_only,21867
13,featuregraph,ann1,detector_only,22446
13,featuregraph,ann1,detector_only,22674
13,featuregraph,ann1,detector_only,24362
13,featuregraph,ann1,detector_only,24700
13,featuregraph,ann1,detector_only,25149
13,featuregraph,ann1,detector_only,25377
13,featuregraph,ann1,detector_only,25938
13,featuregraph,ann1,detector_only,26273
13,featuregraph,ann1,detector_only,27057
13,featuregraph,ann1,detector_only,27506
13,featuregraph,ann1,detector_only,29182
13,featuregraph,ann1,detector_only,29966
13,featuregraph,ann1,detector_only,31204
13,featuregraph,ann1,detector_only,32325
13,featuregraph,ann1,detector_only,32889
13,featuregraph,ann1,detector_only,33226
13,featuregraph,ann1,detector_only,33457
13,featuregraph,ann1,detector_only,33463
13,featuregraph,ann1,detector_only,33469
13,featuregraph,ann1,detector_only,33474
13,featuregraph,ann1,detector_only,33479
13,featuregraph,ann1,detector_only,33485
13,featuregraph,ann1,detector_only,33490
13,featuregraph,ann1,detector_only,33495
13,featuregraph,ann1,detector_only,33501
13,featuregraph,ann1,detector_only,33506
13,featuregraph,ann1,detector_only,33511
13,featuregraph,ann1,detector_only,33517
13,featuregraph,ann1,detector_only,33527
13,featuregraph,ann1,detector_only,33533
13,featuregraph,ann1,detector_only,33538
13,featuregraph,ann1,detector_only,33543
13,featuregraph,ann1,detector_only,33549
13,featuregraph,ann1,detector_only,33554
13,featuregraph,ann1,detector_only,33561
13,featuregraph,ann1,detector_only,34574
13,featuregraph,ann1,detector_only,36699
13,featuregraph,ann1,detector_only,37597
13,featuregraph,ann1,detector_only,37937
13,featuregraph,ann1,detector_only,38390
13,featuregraph,ann1,detector_only,38734
13,featuregraph,ann1,detector_only,39074
13,featuregraph,ann1,detector_only,39413
13,featuregraph,ann1,detector_only,39752
13,featuregraph,ann1,detector_only,40091
13,featuregraph,ann1,detector_only,40429
13,featuregraph,ann1,detector_only,40765
13,featuregraph,ann1,detector_only,41101
13,featuregraph,ann1,detector_only,41437
13,featuregraph,ann1,detector_only,41774
13,featuregraph,ann1,detector_only,42329
13,featuregraph,ann1,detector_only,42781
13,featuregraph,ann1,detector_only,43114
13,featuregraph,ann1,detector_only,43449
13,featuregraph,ann1,detector_only,43787
13,featuregraph,ann1,detector_only,44458
13,featuregraph,ann1,detector_only,44796
13,featuregraph,ann1,detector_only,45016
13,featuregraph,ann1,detector_only,45915
13,featuregraph,ann1,detector_only,46587
13,featuregraph,ann1,detector_only,46921
13,featuregraph,ann1,detector_only,47146
13,featuregraph,ann1,detector_only,47480
13,featuregraph,ann1,detector_only,48039
13,featuregraph,ann1,detector_only,48372
13,featuregraph,ann1,detector_only,48709
13,featuregraph,ann1,detector_only,49836
13,featuregraph,ann1,detector_only,50176
13,featuregraph,ann1,detector_only,51642
13,featuregraph,ann1,detector_only,52537
13,featuregraph,ann1,detector_only,53548
13,featuregraph,ann1,detector_only,54222
13,featuregraph,ann1,detector_only,55569
13,featuregraph,ann1,detector_only,55906
13,featuregraph,ann1,detector_only,57256
13,featuregraph,ann1,detector_only,58495
13,featuregraph,ann1,detector_only,59738
13,featuregraph,ann1,reference_only,19252
13,featuregraph,ann1,reference_only,25450
13,featuregraph,ann1,reference_only,47550
13,featuregraph,ann1,reference_only,50100
13,featuregraph,ann2,detector_only,165
13,featuregraph,ann2,detector_only,6099
13,featuregraph,ann2,detector_only,7227
13,featuregraph,ann2,detector_only,8466
13,featuregraph,ann2,detector_only,13182
13,featuregraph,ann2,detector_only,13521
13,featuregraph,ann2,detector_only,15587
13,featuregraph,ann2,detector_only,15619
13,featuregraph,ann2,detector_only,16236
13,featuregraph,ann2,detector_only,16576
13,featuregraph,ann2,detector_only,21657
13,featuregraph,ann2,detector_only,21863
13,featuregraph,ann2,detector_only,21867
13,featuregraph,ann2,detector_only,22446
13,featuregraph,ann2,detector_only,22786
13,featuregraph,ann2,detector_only,24362
13,featuregraph,ann2,detector_only,24700
13,featuregraph,ann2,detector_only,25149
13,featuregraph,ann2,detector_only,25938
13,featuregraph,ann2,detector_only,26273
13,featuregraph,ann2,detector_only,27057
13,featuregraph,ann2,detector_only,27506
13,featuregraph,ann2,detector_only,29297
13,featuregraph,ann2,detector_only,30081
13,featuregraph,ann2,detector_only,30862
13,featuregraph,ann2,detector_only,31314
13,featuregraph,ann2,detector_only,31650
13,featuregraph,ann2,detector_only,32438
13,featuregraph,ann2,detector_only,32889
13,featuregraph,ann2,detector_only,33226
13,featuregraph,ann2,detector_only,33463
13,featuregraph,ann2,detector_only,33469
13,featuregraph,ann2,detector_only,33474
13,featuregraph,ann2,detector_only,33479
13,featuregraph,ann2,detector_only,33485
13,featuregraph,ann2,detector_only,33490
13,featuregraph,ann2,detector_only,33495
13,featuregraph,ann2,detector_only,33501
13,featuregraph,ann2,detector_only,33506
13,featuregraph,ann2,detector_only,33511
13,featuregraph,ann2,detector_only,33517
13,featuregraph,ann2,detector_only,33522
13,featuregraph,ann2,detector_only,33527
13,featuregraph,ann2,detector_only,33533
13,featuregraph,ann2,detector_only,33538
13,featuregraph,ann2,detector_only,33543
13,featuregraph,ann2,detector_only,33549
13,featuregraph,ann2,detector_only,33554
13,featuregraph,ann2,detector_only,33561
13,featuregraph,ann2,detector_only,34689
13,featuregraph,ann2,detector_only,36699
13,featuregraph,ann2,detector_only,37708
13,featuregraph,ann2,detector_only,38050
13,featuregraph,ann2,detector_only,38390
13,featuregraph,ann2,detector_only,38734
13,featuregraph,ann2,detector_only,39074
13,featuregraph,ann2,detector_only,39413
13,featuregraph,ann2,detector_only,39752
13,featuregraph,ann2,detector_only,40091
13,featuregraph,ann2,detector_only,40429
13,featuregraph,ann2,detector_only,40765
13,featuregraph,ann2,detector_only,41101
13,featuregraph,ann2,detector_only,41323
13,featuregraph,ann2,detector_only,41437
13,featuregraph,ann2,detector_only,41774
13,featuregraph,ann2,detector_only,42445
13,featuregraph,ann2,detector_only,42781
13,featuregraph,ann2,detector_only,43114
13,featuregraph,ann2,detector_only,43449
13,featuregraph,ann2,detector_only,43787
13,featuregraph,ann2,detector_only,44458
13,featuregraph,ann2,detector_only,44796
13,featuregraph,ann2,detector_only,45129
13,featuregraph,ann2,detector_only,45470
13,featuregraph,ann2,detector_only,45915
13,featuregraph,ann2,detector_only,46250
13,featuregraph,ann2,detector_only,46587
13,featuregraph,ann2,detector_only,46921
13,featuregraph,ann2,detector_only,47257
13,featuregraph,ann2,detector_only,48039
13,featuregraph,ann2,detector_only,48372
13,featuregraph,ann2,detector_only,48709
13,featuregraph,ann2,detector_only,49049
13,featuregraph,ann2,detector_only,49836
13,featuregraph,ann2,detector_only,50176
13,featuregraph,ann2,detector_only,50514
13,featuregraph,ann2,detector_only,50853
13,featuregraph,ann2,detector_only,51642
13,featuregraph,ann2,detector_only,53658
13,featuregraph,ann2,detector_only,53995
13,featuregraph,ann2,detector_only,54222
13,featuregraph,ann2,detector_only,54442
13,featuregraph,ann2,detector_only,54781
13,featuregraph,ann2,detector_only,55569
13,featuregraph,ann2,detector_only,55906
13,featuregraph,ann2,detector_only,56580
13,featuregraph,ann2,detector_only,57368
13,featuregraph,ann2,detector_only,57705
13,featuregraph,ann2,detector_only,58495
13,featuregraph,ann2,detector_only,59506
13,featuregraph,ann2,detector_only,59845
13,featuregraph,ann2,reference_only,61
13,featuregraph,ann2,reference_only,277
13,featuregraph,ann2,reference_only,1069
13,featuregraph,ann2,reference_only,7125
13,featuregraph,ann2,reference_only,7468
13,featuregraph,ann2,reference_only,30757
13,featuregraph,ann2,reference_only,31544
13,featuregraph,ann2,reference_only,41212
13,featuregraph,ann2,reference_only,45372
13,featuregraph,ann2,reference_only,46142
13,featuregraph,ann2,reference_only,48943
13,featuregraph,ann2,reference_only,50056
13,featuregraph,ann2,reference_only,50404
13,featuregraph,ann2,reference_only,50742
13,featuregraph,ann2,reference_only,53896
13,featuregraph,ann2,reference_only,54334
13,featuregraph,ann2,reference_only,54687
13,featuregraph,ann2,reference_only,56480
13,featuregraph,ann2,reference_only,57588
13,featuregraph,ann2,reference_only,59419
13,llm_selected_baseline,ann1,detector_only,52537
13,llm_selected_baseline,ann1,reference_only,120
13,llm_selected_baseline,ann1,reference_only,6383
13,llm_selected_baseline,ann1,reference_only,7204
13,llm_selected_baseline,ann1,reference_only,7607
13,llm_selected_baseline,ann1,reference_only,8428
13,llm_selected_baseline,ann1,reference_only,11124
13,llm_selected_baseline,ann1,reference_only,13126
13,llm_selected_baseline,ann1,reference_only,14191
13,llm_selected_baseline,ann1,reference_only,14661
13,llm_selected_baseline,ann1,reference_only,15072
13,llm_selected_baseline,ann1,reference_only,15454
13,llm_selected_baseline,ann1,reference_only,16172
13,llm_selected_baseline,ann1,reference_only,16533
13,llm_selected_baseline,ann1,reference_only,22387
13,llm_selected_baseline,ann1,reference_only,23493
13,llm_selected_baseline,ann1,reference_only,24598
13,llm_selected_baseline,ann1,reference_only,26987
13,llm_selected_baseline,ann1,reference_only,29643
13,llm_selected_baseline,ann1,reference_only,30072
13,llm_selected_baseline,ann1,reference_only,31272
13,llm_selected_baseline,ann1,reference_only,33524
13,llm_selected_baseline,ann1,reference_only,36622
13,llm_selected_baseline,ann1,reference_only,37663
13,llm_selected_baseline,ann1,reference_only,38007
13,llm_selected_baseline,ann1,reference_only,38272
13,llm_selected_baseline,ann1,reference_only,38663
13,llm_selected_baseline,ann1,reference_only,38976
13,llm_selected_baseline,ann1,reference_only,39315
13,llm_selected_baseline,ann1,reference_only,39685
13,llm_selected_baseline,ann1,reference_only,39993
13,llm_selected_baseline,ann1,reference_only,40341
13,llm_selected_baseline,ann1,reference_only,40698
13,llm_selected_baseline,ann1,reference_only,41037
13,llm_selected_baseline,ann1,reference_only,42722
13,llm_selected_baseline,ann1,reference_only,43026
13,llm_selected_baseline,ann1,reference_only,43700
13,llm_selected_baseline,ann1,reference_only,47550
13,llm_selected_baseline,ann1,reference_only,47902
13,llm_selected_baseline,ann1,reference_only,48646
13,llm_selected_baseline,ann1,reference_only,49387
13,llm_selected_baseline,ann1,reference_only,49770
13,llm_selected_baseline,ann1,reference_only,50100
13,llm_selected_baseline,ann1,reference_only,51139
13,llm_selected_baseline,ann1,reference_only,51557
13,llm_selected_baseline,ann1,reference_only,51870
13,llm_selected_baseline,ann1,reference_only,53620
13,llm_selected_baseline,ann1,reference_only,53972
13,llm_selected_baseline,ann1,reference_only,54385
13,llm_selected_baseline,ann1,reference_only,55441
13,llm_selected_baseline,ann1,reference_only,55820
13,llm_selected_baseline,ann1,reference_only,56557
13,llm_selected_baseline,ann1,reference_only,56965
13,llm_selected_baseline,ann1,reference_only,58422
13,llm_selected_baseline,ann1,reference_only,59096
13,llm_selected_baseline,ann1,reference_only,59843
13,llm_selected_baseline,ann2,detector_only,21631
13,llm_selected_baseline,ann2,detector_only,22762
13,llm_selected_baseline,ann2,detector_only,29260
13,llm_selected_baseline,ann2,detector_only,30842
13,llm_selected_baseline,ann2,detector_only,31644
13,llm_selected_baseline,ann2,detector_only,34672
13,llm_selected_baseline,ann2,detector_only,41304
13,llm_selected_baseline,ann2,detector_only,44429
13,llm_selected_baseline,ann2,detector_only,45113
13,llm_selected_baseline,ann2,detector_only,45468
13,llm_selected_baseline,ann2,detector_only,46223
13,llm_selected_baseline,ann2,detector_only,47231
13,llm_selected_baseline,ann2,detector_only,48343
13,llm_selected_baseline,ann2,detector_only,49045
13,llm_selected_baseline,ann2,detector_only,50505
13,llm_selected_baseline,ann2,detector_only,50837
13,llm_selected_baseline,ann2,detector_only,54777
13,llm_selected_baseline,ann2,detector_only,57348
13,llm_selected_baseline,ann2,detector_only,57689
13,llm_selected_baseline,ann2,detector_only,59488
13,llm_selected_baseline,ann2,reference_only,61
13,llm_selected_baseline,ann2,reference_only,277
13,llm_selected_baseline,ann2,reference_only,1069
13,llm_selected_baseline,ann2,reference_only,6328
13,llm_selected_baseline,ann2,reference_only,7125
13,llm_selected_baseline,ann2,reference_only,7468
13,llm_selected_baseline,ann2,reference_only,7566
13,llm_selected_baseline,ann2,reference_only,8363
13,llm_selected_baseline,ann2,reference_only,11107
13,llm_selected_baseline,ann2,reference_only,13063
13,llm_selected_baseline,ann2,reference_only,14208
13,llm_selected_baseline,ann2,reference_only,14656
13,llm_selected_baseline,ann2,reference_only,14994
13,llm_selected_baseline,ann2,reference_only,15108
13,llm_selected_baseline,ann2,reference_only,15425
13,llm_selected_baseline,ann2,reference_only,16127
13,llm_selected_baseline,ann2,reference_only,16475
13,llm_selected_baseline,ann2,reference_only,21544
13,llm_selected_baseline,ann2,reference_only,22341
13,llm_selected_baseline,ann2,reference_only,22682
13,llm_selected_baseline,ann2,reference_only,23474
13,llm_selected_baseline,ann2,reference_only,24577
13,llm_selected_baseline,ann2,reference_only,26949
13,llm_selected_baseline,ann2,reference_only,29187
13,llm_selected_baseline,ann2,reference_only,29641
13,llm_selected_baseline,ann2,reference_only,29968
13,llm_selected_baseline,ann2,reference_only,30757
13,llm_selected_baseline,ann2,reference_only,31216
13,llm_selected_baseline,ann2,reference_only,31544
13,llm_selected_baseline,ann2,reference_only,33459
13,llm_selected_baseline,ann2,reference_only,34592
13,llm_selected_baseline,ann2,reference_only,36597
13,llm_selected_baseline,ann2,reference_only,37598
13,llm_selected_baseline,ann2,reference_only,37951
13,llm_selected_baseline,ann2,reference_only,38278
13,llm_selected_baseline,ann2,reference_only,38632
13,llm_selected_baseline,ann2,reference_only,38959
13,llm_selected_baseline,ann2,reference_only,39307
13,llm_selected_baseline,ann2,reference_only,39645
13,llm_selected_baseline,ann2,reference_only,39988
13,llm_selected_baseline,ann2,reference_only,40315
13,llm_selected_baseline,ann2,reference_only,40653
13,llm_selected_baseline,ann2,reference_only,40991
13,llm_selected_baseline,ann2,reference_only,41212
13,llm_selected_baseline,ann2,reference_only,42672
13,llm_selected_baseline,ann2,reference_only,42999
13,llm_selected_baseline,ann2,reference_only,43670
13,llm_selected_baseline,ann2,reference_only,44350
13,llm_selected_baseline,ann2,reference_only,45010
13,llm_selected_baseline,ann2,reference_only,45372
13,llm_selected_baseline,ann2,reference_only,46142
13,llm_selected_baseline,ann2,reference_only,47156
13,llm_selected_baseline,ann2,reference_only,47483
13,llm_selected_baseline,ann2,reference_only,47852
13,llm_selected_baseline,ann2,reference_only,48264
13,llm_selected_baseline,ann2,reference_only,48591
13,llm_selected_baseline,ann2,reference_only,48943
13,llm_selected_baseline,ann2,reference_only,49386
13,llm_selected_baseline,ann2,reference_only,49739
13,llm_selected_baseline,ann2,reference_only,50056
13,llm_selected_baseline,ann2,reference_only,50404
13,llm_selected_baseline,ann2,reference_only,50742
13,llm_selected_baseline,ann2,reference_only,51090
13,llm_selected_baseline,ann2,reference_only,51528
13,llm_selected_baseline,ann2,reference_only,51882
13,llm_selected_baseline,ann2,reference_only,53553
13,llm_selected_baseline,ann2,reference_only,53896
13,llm_selected_baseline,ann2,reference_only,54334
13,llm_selected_baseline,ann2,reference_only,54687
13,llm_selected_baseline,ann2,reference_only,55468
13,llm_selected_baseline,ann2,reference_only,55806
13,llm_selected_baseline,ann2,reference_only,56480
13,llm_selected_baseline,ann2,reference_only,56918
13,llm_selected_baseline,ann2,reference_only,57266
13,llm_selected_baseline,ann2,reference_only,57588
13,llm_selected_baseline,ann2,reference_only,58390
13,llm_selected_baseline,ann2,reference_only,59060
13,llm_selected_baseline,ann2,reference_only,59419
13,llm_selected_baseline,ann2,reference_only,59751
14,featuregraph,ann1,detector_only,579
14,featuregraph,ann1,detector_only,2183
14,featuregraph,ann1,detector_only,2831
14,featuregraph,ann1,detector_only,3373
14,featuregraph,ann1,detector_only,4944
14,featuregraph,ann1,detector_only,6603
14,featuregraph,ann1,detector_only,8591
14,featuregraph,ann1,detector_only,9212
14,featuregraph,ann1,detector_only,9845
14,featuregraph,ann1,detector_only,11712
14,featuregraph,ann1,detector_only,12204
14,featuregraph,ann1,detector_only,14244
14,featuregraph,ann1,detector_only,14417
14,featuregraph,ann1,detector_only,15833
14,featuregraph,ann1,detector_only,16196
14,featuregraph,ann1,detector_only,16758
14,featuregraph,ann1,detector_only,17875
14,featuregraph,ann1,detector_only,18503
14,featuregraph,ann1,detector_only,19535
14,featuregraph,ann1,detector_only,20158
14,featuregraph,ann1,detector_only,20800
14,featuregraph,ann1,detector_only,21361
14,featuregraph,ann1,detector_only,27689
14,featuregraph,ann1,detector_only,28481
14,featuregraph,ann1,detector_only,29118
14,featuregraph,ann1,detector_only,30195
14,featuregraph,ann1,detector_only,31366
14,featuregraph,ann1,detector_only,31938
14,featuregraph,ann1,detector_only,33125
14,featuregraph,ann1,detector_only,33674
14,featuregraph,ann1,detector_only,34462
14,featuregraph,ann1,detector_only,34853
14,featuregraph,ann1,detector_only,35400
14,featuregraph,ann1,detector_only,36505
14,featuregraph,ann1,detector_only,36899
14,featuregraph,ann1,detector_only,37102
14,featuregraph,ann1,detector_only,38084
14,featuregraph,ann1,detector_only,39017
14,featuregraph,ann1,detector_only,39563
14,featuregraph,ann1,detector_only,40125
14,featuregraph,ann1,detector_only,40441
14,featuregraph,ann1,detector_only,40652
14,featuregraph,ann1,detector_only,40913
14,featuregraph,ann1,detector_only,41782
14,featuregraph,ann1,detector_only,42408
14,featuregraph,ann1,detector_only,42979
14,featuregraph,ann1,detector_only,43207
14,featuregraph,ann1,detector_only,43363
14,featuregraph,ann1,detector_only,43583
14,featuregraph,ann1,detector_only,44074
14,featuregraph,ann1,detector_only,44306
14,featuregraph,ann1,detector_only,44617
14,featuregraph,ann1,detector_only,44997
14,featuregraph,ann1,detector_only,47415
14,featuregraph,ann1,detector_only,47728
14,featuregraph,ann1,detector_only,48290
14,featuregraph,ann1,detector_only,49481
14,featuregraph,ann1,detector_only,49965
14,featuregraph,ann1,detector_only,51700
14,featuregraph,ann1,detector_only,52080
14,featuregraph,ann1,detector_only,53425
14,featuregraph,ann1,detector_only,53663
14,featuregraph,ann1,detector_only,54029
14,featuregraph,ann1,detector_only,54605
14,featuregraph,ann1,detector_only,55966
14,featuregraph,ann1,detector_only,56253
14,featuregraph,ann1,detector_only,56413
14,featuregraph,ann1,detector_only,56851
14,featuregraph,ann1,detector_only,57297
14,featuregraph,ann1,detector_only,57932
14,featuregraph,ann1,detector_only,58601
14,featuregraph,ann1,detector_only,59224
14,featuregraph,ann1,reference_only,4865
14,featuregraph,ann1,reference_only,6535
14,featuregraph,ann1,reference_only,14174
14,featuregraph,ann1,reference_only,15898
14,featuregraph,ann1,reference_only,27587
14,featuregraph,ann1,reference_only,34570
14,featuregraph,ann1,reference_only,36809
14,featuregraph,ann1,reference_only,40367
14,featuregraph,ann1,reference_only,40989
14,featuregraph,ann1,reference_only,43274
14,featuregraph,ann1,reference_only,44370
14,featuregraph,ann1,reference_only,44896
14,featuregraph,ann1,reference_only,47324
14,featuregraph,ann1,reference_only,52009
14,featuregraph,ann1,reference_only,53728
14,featuregraph,ann2,detector_only,579
14,featuregraph,ann2,detector_only,901
14,featuregraph,ann2,detector_only,2183
14,featuregraph,ann2,detector_only,2831
14,featuregraph,ann2,detector_only,3201
14,featuregraph,ann2,detector_only,3373
14,featuregraph,ann2,detector_only,8591
14,featuregraph,ann2,detector_only,9212
14,featuregraph,ann2,detector_only,9845
14,featuregraph,ann2,detector_only,11712
14,featuregraph,ann2,detector_only,12204
14,featuregraph,ann2,detector_only,14417
14,featuregraph,ann2,detector_only,16196
14,featuregraph,ann2,detector_only,16758
14,featuregraph,ann2,detector_only,17875
14,featuregraph,ann2,detector_only,18503
14,featuregraph,ann2,detector_only,19535
14,featuregraph,ann2,detector_only,20158
14,featuregraph,ann2,detector_only,20800
14,featuregraph,ann2,detector_only,21361
14,featuregraph,ann2,detector_only,28481
14,featuregraph,ann2,detector_only,29118
14,featuregraph,ann2,detector_only,30195
14,featuregraph,ann2,detector_only,31366
14,featuregraph,ann2,detector_only,31938
14,featuregraph,ann2,detector_only,33125
14,featuregraph,ann2,detector_only,33674
14,featuregraph,ann2,detector_only,34853
14,featuregraph,ann2,detector_only,35400
14,featuregraph,ann2,detector_only,36505
14,featuregraph,ann2,detector_only,37102
14,featuregraph,ann2,detector_only,38084
14,featuregraph,ann2,detector_only,39017
14,featuregraph,ann2,detector_only,39563
14,featuregraph,ann2,detector_only,40125
14,featuregraph,ann2,detector_only,40652
14,featuregraph,ann2,detector_only,41782
14,featuregraph,ann2,detector_only,42408
14,featuregraph,ann2,detector_only,42979
14,featuregraph,ann2,detector_only,43363
14,featuregraph,ann2,detector_only,43583
14,featuregraph,ann2,detector_only,44074
14,featuregraph,ann2,detector_only,44617
14,featuregraph,ann2,detector_only,47728
14,featuregraph,ann2,detector_only,48290
14,featuregraph,ann2,detector_only,49481
14,featuregraph,ann2,detector_only,49965
14,featuregraph,ann2,detector_only,51700
14,featuregraph,ann2,detector_only,52080
14,featuregraph,ann2,detector_only,52561
14,featuregraph,ann2,detector_only,53425
14,featuregraph,ann2,detector_only,54029
14,featuregraph,ann2,detector_only,54605
14,featuregraph,ann2,detector_only,54924
14,featuregraph,ann2,detector_only,56413
14,featuregraph,ann2,detector_only,56851
14,featuregraph,ann2,detector_only,57297
14,featuregraph,ann2,detector_only,57932
14,featuregraph,ann2,detector_only,58601
14,featuregraph,ann2,detector_only,59224
14,featuregraph,ann2,reference_only,826
14,featuregraph,ann2,reference_only,3137
14,featuregraph,ann2,reference_only,52014
14,featuregraph,ann2,reference_only,52489
14,featuregraph,ann2,reference_only,54856
14,llm_selected_baseline,ann1,detector_only,9198
14,llm_selected_baseline,ann1,detector_only,9833
14,llm_selected_baseline,ann1,detector_only,11532
14,llm_selected_baseline,ann1,detector_only,11727
14,llm_selected_baseline,ann1,detector_only,12731
14,llm_selected_baseline,ann1,detector_only,15580
14,llm_selected_baseline,ann1,detector_only,15819
14,llm_selected_baseline,ann1,detector_only,16751
14,llm_selected_baseline,ann1,detector_only,17856
14,llm_selected_baseline,ann1,detector_only,20144
14,llm_selected_baseline,ann1,detector_only,20792
14,llm_selected_baseline,ann1,detector_only,27663
14,llm_selected_baseline,ann1,detector_only,30183
14,llm_selected_baseline,ann1,detector_only,31920
14,llm_selected_baseline,ann1,detector_only,32472
14,llm_selected_baseline,ann1,detector_only,33151
14,llm_selected_baseline,ann1,detector_only,33681
14,llm_selected_baseline,ann1,detector_only,34872
14,llm_selected_baseline,ann1,detector_only,36507
14,llm_selected_baseline,ann1,detector_only,37399
14,llm_selected_baseline,ann1,detector_only,38992
14,llm_selected_baseline,ann1,detector_only,39544
14,llm_selected_baseline,ann1,detector_only,40115
14,llm_selected_baseline,ann1,detector_only,40641
14,llm_selected_baseline,ann1,detector_only,41777
14,llm_selected_baseline,ann1,detector_only,42395
14,llm_selected_baseline,ann1,detector_only,42985
14,llm_selected_baseline,ann1,detector_only,43196
14,llm_selected_baseline,ann1,detector_only,43569
14,llm_selected_baseline,ann1,detector_only,44992
14,llm_selected_baseline,ann1,detector_only,46173
14,llm_selected_baseline,ann1,detector_only,47443
14,llm_selected_baseline,ann1,detector_only,48287
14,llm_selected_baseline,ann1,detector_only,50561
14,llm_selected_baseline,ann1,detector_only,53409
14,llm_selected_baseline,ann1,detector_only,53627
14,llm_selected_baseline,ann1,detector_only,54012
14,llm_selected_baseline,ann1,detector_only,54585
14,llm_selected_baseline,ann1,detector_only,55969
14,llm_selected_baseline,ann1,detector_only,56221
14,llm_selected_baseline,ann1,detector_only,56436
14,llm_selected_baseline,ann1,detector_only,56865
14,llm_selected_baseline,ann1,detector_only,57317
14,llm_selected_baseline,ann1,detector_only,57942
14,llm_selected_baseline,ann1,detector_only,59225
14,llm_selected_baseline,ann1,reference_only,11861
14,llm_selected_baseline,ann1,reference_only,15898
14,llm_selected_baseline,ann1,reference_only,27587
14,llm_selected_baseline,ann1,reference_only,37326
14,llm_selected_baseline,ann1,reference_only,43274
14,llm_selected_baseline,ann1,reference_only,44896
14,llm_selected_baseline,ann1,reference_only,46107
14,llm_selected_baseline,ann1,reference_only,47324
14,llm_selected_baseline,ann1,reference_only,53728
14,llm_selected_baseline,ann2,detector_only,9198
14,llm_selected_baseline,ann2,detector_only,9833
14,llm_selected_baseline,ann2,detector_only,11532
14,llm_selected_baseline,ann2,detector_only,11727
14,llm_selected_baseline,ann2,detector_only,12731
14,llm_selected_baseline,ann2,detector_only,15580
14,llm_selected_baseline,ann2,detector_only,16751
14,llm_selected_baseline,ann2,detector_only,17856
14,llm_selected_baseline,ann2,detector_only,20144
14,llm_selected_baseline,ann2,detector_only,20792
14,llm_selected_baseline,ann2,detector_only,30183
14,llm_selected_baseline,ann2,detector_only,31920
14,llm_selected_baseline,ann2,detector_only,32472
14,llm_selected_baseline,ann2,detector_only,33151
14,llm_selected_baseline,ann2,detector_only,33681
14,llm_selected_baseline,ann2,detector_only,34612
14,llm_selected_baseline,ann2,detector_only,34872
14,llm_selected_baseline,ann2,detector_only,36507
14,llm_selected_baseline,ann2,detector_only,38992
14,llm_selected_baseline,ann2,detector_only,39544
14,llm_selected_baseline,ann2,detector_only,40115
14,llm_selected_baseline,ann2,detector_only,40641
14,llm_selected_baseline,ann2,detector_only,41777
14,llm_selected_baseline,ann2,detector_only,42395
14,llm_selected_baseline,ann2,detector_only,42985
14,llm_selected_baseline,ann2,detector_only,43569
14,llm_selected_baseline,ann2,detector_only,44392
14,llm_selected_baseline,ann2,detector_only,48287
14,llm_selected_baseline,ann2,detector_only,50561
14,llm_selected_baseline,ann2,detector_only,53409
14,llm_selected_baseline,ann2,detector_only,54012
14,llm_selected_baseline,ann2,detector_only,54585
14,llm_selected_baseline,ann2,detector_only,54943
14,llm_selected_baseline,ann2,detector_only,56436
14,llm_selected_baseline,ann2,detector_only,56865
14,llm_selected_baseline,ann2,detector_only,57317
14,llm_selected_baseline,ann2,detector_only,57942
14,llm_selected_baseline,ann2,detector_only,59225
14,llm_selected_baseline,ann2,reference_only,11881
14,llm_selected_baseline,ann2,reference_only,34465
14,llm_selected_baseline,ann2,reference_only,44308
14,llm_selected_baseline,ann2,reference_only,54856
15,featuregraph,ann1,detector_only,246
15,featuregraph,ann1,detector_only,522
15,featuregraph,ann1,detector_only,4250
15,featuregraph,ann1,detector_only,5482
15,featuregraph,ann1,detector_only,8729
15,featuregraph,ann1,detector_only,9349
15,featuregraph,ann1,detector_only,9901
15,featuregraph,ann1,detector_only,12922
15,featuregraph,ann1,detector_only,13136
15,featuregraph,ann1,detector_only,17863
15,featuregraph,ann1,detector_only,21797
15,featuregraph,ann1,detector_only,24202
15,featuregraph,ann1,detector_only,24344
15,featuregraph,ann1,detector_only,25805
15,featuregraph,ann1,detector_only,27975
15,featuregraph,ann1,detector_only,37891
15,featuregraph,ann1,detector_only,44217
15,featuregraph,ann1,detector_only,46941
15,featuregraph,ann1,detector_only,48079
15,featuregraph,ann1,detector_only,48375
15,featuregraph,ann1,detector_only,49801
15,featuregraph,ann1,detector_only,50333
15,featuregraph,ann1,detector_only,50904
15,featuregraph,ann1,detector_only,51739
15,featuregraph,ann1,detector_only,51959
15,featuregraph,ann1,detector_only,52396
15,featuregraph,ann1,detector_only,52745
15,featuregraph,ann1,detector_only,53596
15,featuregraph,ann1,detector_only,53803
15,featuregraph,ann1,detector_only,54451
15,featuregraph,ann1,detector_only,55723
15,featuregraph,ann1,detector_only,56072
15,featuregraph,ann1,detector_only,56075
15,featuregraph,ann1,detector_only,56077
15,featuregraph,ann1,detector_only,56293
15,featuregraph,ann1,detector_only,56436
15,featuregraph,ann1,detector_only,56714
15,featuregraph,ann1,detector_only,56970
15,featuregraph,ann1,detector_only,57490
15,featuregraph,ann1,detector_only,57910
15,featuregraph,ann1,detector_only,58187
15,featuregraph,ann1,detector_only,58399
15,featuregraph,ann1,detector_only,59594
15,featuregraph,ann1,reference_only,620
15,featuregraph,ann1,reference_only,9450
15,featuregraph,ann1,reference_only,10011
15,featuregraph,ann1,reference_only,17976
15,featuregraph,ann1,reference_only,21865
15,featuregraph,ann1,reference_only,25911
15,featuregraph,ann1,reference_only,28057
15,featuregraph,ann1,reference_only,44152
15,featuregraph,ann1,reference_only,50400
15,featuregraph,ann1,reference_only,50830
15,featuregraph,ann1,reference_only,52811
15,featuregraph,ann1,reference_only,57400
15,featuregraph,ann1,reference_only,58296
15,featuregraph,ann1,reference_only,59526
15,featuregraph,ann2,detector_only,522
15,featuregraph,ann2,detector_only,4250
15,featuregraph,ann2,detector_only,5482
15,featuregraph,ann2,detector_only,8729
15,featuregraph,ann2,detector_only,12922
15,featuregraph,ann2,detector_only,13136
15,featuregraph,ann2,detector_only,24344
15,featuregraph,ann2,detector_only,37891
15,featuregraph,ann2,detector_only,48375
15,featuregraph,ann2,detector_only,51739
15,featuregraph,ann2,detector_only,53596
15,featuregraph,ann2,detector_only,56072
15,featuregraph,ann2,detector_only,56075
15,featuregraph,ann2,detector_only,56077
15,featuregraph,ann2,detector_only,56293
15,featuregraph,ann2,detector_only,56714
15,featuregraph,ann2,detector_only,56970
15,featuregraph,ann2,detector_only,57910
15,featuregraph,ann2,detector_only,58399
15,featuregraph,ann2,reference_only,599
15,featuregraph,ann2,reference_only,13015
15,featuregraph,ann2,reference_only,56228
15,featuregraph,ann2,reference_only,59952
15,llm_selected_baseline,ann1,detector_only,9366
15,llm_selected_baseline,ann1,detector_only,9920
15,llm_selected_baseline,ann1,detector_only,12713
15,llm_selected_baseline,ann1,detector_only,12954
15,llm_selected_baseline,ann1,detector_only,17886
15,llm_selected_baseline,ann1,detector_only,21792
15,llm_selected_baseline,ann1,detector_only,24350
15,llm_selected_baseline,ann1,detector_only,25266
15,llm_selected_baseline,ann1,detector_only,25828
15,llm_selected_baseline,ann1,detector_only,27988
15,llm_selected_baseline,ann1,detector_only,37893
15,llm_selected_baseline,ann1,detector_only,45136
15,llm_selected_baseline,ann1,detector_only,46920
15,llm_selected_baseline,ann1,detector_only,48062
15,llm_selected_baseline,ann1,detector_only,49795
15,llm_selected_baseline,ann1,detector_only,50901
15,llm_selected_baseline,ann1,detector_only,51985
15,llm_selected_baseline,ann1,detector_only,52391
15,llm_selected_baseline,ann1,detector_only,53605
15,llm_selected_baseline,ann1,detector_only,54475
15,llm_selected_baseline,ann1,detector_only,56433
15,llm_selected_baseline,ann1,detector_only,58188
15,llm_selected_baseline,ann1,detector_only,58848
15,llm_selected_baseline,ann1,detector_only,59593
15,llm_selected_baseline,ann1,reference_only,9450
15,llm_selected_baseline,ann1,reference_only,10011
15,llm_selected_baseline,ann1,reference_only,12648
15,llm_selected_baseline,ann1,reference_only,17976
15,llm_selected_baseline,ann1,reference_only,21865
15,llm_selected_baseline,ann1,reference_only,25333
15,llm_selected_baseline,ann1,reference_only,25911
15,llm_selected_baseline,ann1,reference_only,28057
15,llm_selected_baseline,ann1,reference_only,45215
15,llm_selected_baseline,ann1,reference_only,50830
15,llm_selected_baseline,ann1,reference_only,58296
15,llm_selected_baseline,ann1,reference_only,58778
15,llm_selected_baseline,ann1,reference_only,59526
15,llm_selected_baseline,ann2,detector_only,24350
15,llm_selected_baseline,ann2,detector_only,37893
15,llm_selected_baseline,ann2,detector_only,39954
15,llm_selected_baseline,ann2,detector_only,52816
15,llm_selected_baseline,ann2,detector_only,53605
15,llm_selected_baseline,ann2,reference_only,251
15,llm_selected_baseline,ann2,reference_only,24207
15,llm_selected_baseline,ann2,reference_only,40020
15,llm_selected_baseline,ann2,reference_only,52740
15,llm_selected_baseline,ann2,reference_only,53811
15,llm_selected_baseline,ann2,reference_only,55727
15,llm_selected_baseline,ann2,reference_only,56228
15,llm_selected_baseline,ann2,reference_only,59952
16,featuregraph,ann1,detector_only,26037
16,featuregraph,ann1,detector_only,32456
16,featuregraph,ann1,reference_only,32520
16,featuregraph,ann2,detector_only,24883
16,featuregraph,ann2,detector_only,26037
16,llm_selected_baseline,ann1,detector_only,16795
16,llm_selected_baseline,ann2,detector_only,16795
16,llm_selected_baseline,ann2,detector_only,24863
16,llm_selected_baseline,ann2,detector_only,32518
16,llm_selected_baseline,ann2,reference_only,32451
17,featuregraph,ann1,detector_only,9802
17,featuregraph,ann1,detector_only,10464
17,featuregraph,ann1,detector_only,10841
17,featuregraph,ann1,detector_only,25227
17,featuregraph,ann1,detector_only,45960
17,featuregraph,ann1,detector_only,58175
17,featuregraph,ann1,reference_only,33
17,featuregraph,ann1,reference_only,9867
17,featuregraph,ann1,reference_only,10941
17,featuregraph,ann2,detector_only,10464
17,featuregraph,ann2,detector_only,25227
17,featuregraph,ann2,detector_only,45960
17,featuregraph,ann2,reference_only,40
17,llm_selected_baseline,ann1,detector_only,10863
17,llm_selected_baseline,ann1,detector_only,25222
17,llm_selected_baseline,ann1,detector_only,58178
17,llm_selected_baseline,ann1,reference_only,33
17,llm_selected_baseline,ann1,reference_only,10941
17,llm_selected_baseline,ann2,detector_only,25222
17,llm_selected_baseline,ann2,reference_only,40
18,featuregraph,ann1,detector_only,6988
18,featuregraph,ann1,reference_only,76
18,featuregraph,ann2,detector_only,6988
18,featuregraph,ann2,reference_only,82
19,featuregraph,ann1,detector_only,515
19,featuregraph,ann1,detector_only,519
19,featuregraph,ann1,detector_only,522
19,featuregraph,ann1,detector_only,525
19,featuregraph,ann1,detector_only,529
19,featuregraph,ann1,detector_only,532
19,featuregraph,ann1,detector_only,535
19,featuregraph,ann1,detector_only,542
19,featuregraph,ann1,detector_only,545
19,featuregraph,ann1,detector_only,548
19,featuregraph,ann1,detector_only,552
19,featuregraph,ann1,detector_only,555
19,featuregraph,ann1,detector_only,558
19,featuregraph,ann1,detector_only,565
19,featuregraph,ann1,detector_only,568
19,featuregraph,ann1,detector_only,571
19,featuregraph,ann1,detector_only,575
19,featuregraph,ann1,detector_only,578
19,featuregraph,ann1,detector_only,581
19,featuregraph,ann1,detector_only,588
19,featuregraph,ann1,detector_only,591
19,featuregraph,ann1,detector_only,594
19,featuregraph,ann1,detector_only,598
19,featuregraph,ann1,detector_only,1013
19,featuregraph,ann1,detector_only,1932
19,featuregraph,ann1,detector_only,5168
19,featuregraph,ann1,detector_only,5347
19,featuregraph,ann1,detector_only,5586
19,featuregraph,ann1,detector_only,6223
19,featuregraph,ann1,detector_only,6424
19,featuregraph,ann1,detector_only,6735
19,featuregraph,ann1,detector_only,6939
19,featuregraph,ann1,detector_only,7148
19,featuregraph,ann1,detector_only,7353
19,featuregraph,ann1,detector_only,8884
19,featuregraph,ann1,detector_only,9070
19,featuregraph,ann1,detector_only,9298
19,featuregraph,ann1,detector_only,9815
19,featuregraph,ann1,detector_only,10234
19,featuregraph,ann1,detector_only,10771
19,featuregraph,ann1,detector_only,11585
19,featuregraph,ann1,detector_only,14386
19,featuregraph,ann1,detector_only,15908
19,featuregraph,ann1,detector_only,16102
19,featuregraph,ann1,detector_only,16984
19,featuregraph,ann1,detector_only,17216
19,featuregraph,ann1,detector_only,18067
19,featuregraph,ann1,detector_only,18475
19,featuregraph,ann1,detector_only,22189
19,featuregraph,ann1,detector_only,22451
19,featuregraph,ann1,detector_only,22691
19,featuregraph,ann1,detector_only,23629
19,featuregraph,ann1,detector_only,24548
19,featuregraph,ann1,detector_only,25060
19,featuregraph,ann1,detector_only,25978
19,featuregraph,ann1,detector_only,26382
19,featuregraph,ann1,detector_only,26896
19,featuregraph,ann1,detector_only,26901
19,featuregraph,ann1,detector_only,26904
19,featuregraph,ann1,detector_only,26907
19,featuregraph,ann1,detector_only,26910
19,featuregraph,ann1,detector_only,26913
19,featuregraph,ann1,detector_only,26916
19,featuregraph,ann1,detector_only,26919
19,featuregraph,ann1,detector_only,26922
19,featuregraph,ann1,detector_only,26925
19,featuregraph,ann1,detector_only,26928
19,featuregraph,ann1,detector_only,26931
19,featuregraph,ann1,detector_only,26934
19,featuregraph,ann1,detector_only,26937
19,featuregraph,ann1,detector_only,26940
19,featuregraph,ann1,detector_only,26943
19,featuregraph,ann1,detector_only,26946
19,featuregraph,ann1,detector_only,26949
19,featuregraph,ann1,detector_only,26952
19,featuregraph,ann1,detector_only,27831
19,featuregraph,ann1,detector_only,28037
19,featuregraph,ann1,detector_only,29295
19,featuregraph,ann1,detector_only,29701
19,featuregraph,ann1,detector_only,30211
19,featuregraph,ann1,detector_only,30617
19,featuregraph,ann1,detector_only,32999
19,featuregraph,ann1,detector_only,33155
19,featuregraph,ann1,detector_only,33632
19,featuregraph,ann1,detector_only,34296
19,featuregraph,ann1,detector_only,34725
19,featuregraph,ann1,detector_only,35796
19,featuregraph,ann1,detector_only,38139
19,featuregraph,ann1,detector_only,39718
19,featuregraph,ann1,detector_only,40735
19,featuregraph,ann1,detector_only,42173
19,featuregraph,ann1,detector_only,42284
19,featuregraph,ann1,detector_only,42889
19,featuregraph,ann1,detector_only,44218
19,featuregraph,ann1,detector_only,44408
19,featuregraph,ann1,detector_only,45147
19,featuregraph,ann1,detector_only,46157
19,featuregraph,ann1,detector_only,46752
19,featuregraph,ann1,detector_only,47572
19,featuregraph,ann1,detector_only,48677
19,featuregraph,ann1,detector_only,50244
19,featuregraph,ann1,detector_only,51559
19,featuregraph,ann1,detector_only,52905
19,featuregraph,ann1,detector_only,57109
19,featuregraph,ann1,detector_only,57612
19,featuregraph,ann1,detector_only,57815
19,featuregraph,ann1,reference_only,6339
19,featuregraph,ann1,reference_only,22763
19,featuregraph,ann1,reference_only,47480
19,featuregraph,ann1,reference_only,50309
19,featuregraph,ann1,reference_only,57743
19,featuregraph,ann2,detector_only,515
19,featuregraph,ann2,detector_only,519
19,featuregraph,ann2,detector_only,522
19,featuregraph,ann2,detector_only,525
19,featuregraph,ann2,detector_only,529
19,featuregraph,ann2,detector_only,532
19,featuregraph,ann2,detector_only,535
19,featuregraph,ann2,detector_only,542
19,featuregraph,ann2,detector_only,545
19,featuregraph,ann2,detector_only,548
19,featuregraph,ann2,detector_only,552
19,featuregraph,ann2,detector_only,555
19,featuregraph,ann2,detector_only,558
19,featuregraph,ann2,detector_only,565
19,featuregraph,ann2,detector_only,568
19,featuregraph,ann2,detector_only,571
19,featuregraph,ann2,detector_only,575
19,featuregraph,ann2,detector_only,578
19,featuregraph,ann2,detector_only,581
19,featuregraph,ann2,detector_only,588
19,featuregraph,ann2,detector_only,591
19,featuregraph,ann2,detector_only,594
19,featuregraph,ann2,detector_only,598
19,featuregraph,ann2,detector_only,1013
19,featuregraph,ann2,detector_only,1932
19,featuregraph,ann2,detector_only,5168
19,featuregraph,ann2,detector_only,5347
19,featuregraph,ann2,detector_only,5586
19,featuregraph,ann2,detector_only,6424
19,featuregraph,ann2,detector_only,6735
19,featuregraph,ann2,detector_only,7353
19,featuregraph,ann2,detector_only,8884
19,featuregraph,ann2,detector_only,9070
19,featuregraph,ann2,detector_only,9298
19,featuregraph,ann2,detector_only,9815
19,featuregraph,ann2,detector_only,10234
19,featuregraph,ann2,detector_only,10771
19,featuregraph,ann2,detector_only,11585
19,featuregraph,ann2,detector_only,14386
19,featuregraph,ann2,detector_only,15908
19,featuregraph,ann2,detector_only,17216
19,featuregraph,ann2,detector_only,18067
19,featuregraph,ann2,detector_only,18475
19,featuregraph,ann2,detector_only,22189
19,featuregraph,ann2,detector_only,23629
19,featuregraph,ann2,detector_only,24548
19,featuregraph,ann2,detector_only,25060
19,featuregraph,ann2,detector_only,25978
19,featuregraph,ann2,detector_only,26382
19,featuregraph,ann2,detector_only,26896
19,featuregraph,ann2,detector_only,26901
19,featuregraph,ann2,detector_only,26904
19,featuregraph,ann2,detector_only,26907
19,featuregraph,ann2,detector_only,26910
19,featuregraph,ann2,detector_only,26913
19,featuregraph,ann2,detector_only,26916
19,featuregraph,ann2,detector_only,26919
19,featuregraph,ann2,detector_only,26922
19,featuregraph,ann2,detector_only,26925
19,featuregraph,ann2,detector_only,26928
19,featuregraph,ann2,detector_only,26931
19,featuregraph,ann2,detector_only,26934
19,featuregraph,ann2,detector_only,26937
19,featuregraph,ann2,detector_only,26940
19,featuregraph,ann2,detector_only,26943
19,featuregraph,ann2,detector_only,26946
19,featuregraph,ann2,detector_only,26949
19,featuregraph,ann2,detector_only,26952
19,featuregraph,ann2,detector_only,29295
19,featuregraph,ann2,detector_only,29701
19,featuregraph,ann2,detector_only,30211
19,featuregraph,ann2,detector_only,30617
19,featuregraph,ann2,detector_only,33155
19,featuregraph,ann2,detector_only,34296
19,featuregraph,ann2,detector_only,34725
19,featuregraph,ann2,detector_only,35796
19,featuregraph,ann2,detector_only,38139
19,featuregraph,ann2,detector_only,39718
19,featuregraph,ann2,detector_only,40735
19,featuregraph,ann2,detector_only,42173
19,featuregraph,ann2,detector_only,42889
19,featuregraph,ann2,detector_only,44218
19,featuregraph,ann2,detector_only,45147
19,featuregraph,ann2,detector_only,46157
19,featuregraph,ann2,detector_only,46547
19,featuregraph,ann2,detector_only,46752
19,featuregraph,ann2,detector_only,48677
19,featuregraph,ann2,detector_only,50244
19,featuregraph,ann2,detector_only,51559
19,featuregraph,ann2,detector_only,52905
19,featuregraph,ann2,detector_only,57109
19,featuregraph,ann2,detector_only,57612
19,featuregraph,ann2,reference_only,50352
19,llm_selected_baseline,ann1,detector_only,6252
19,llm_selected_baseline,ann1,detector_only,7173
19,llm_selected_baseline,ann1,detector_only,8861
19,llm_selected_baseline,ann1,detector_only,16113
19,llm_selected_baseline,ann1,detector_only,22208
19,llm_selected_baseline,ann1,detector_only,22459
19,llm_selected_baseline,ann1,detector_only,27824
19,llm_selected_baseline,ann1,detector_only,33619
19,llm_selected_baseline,ann1,detector_only,42303
19,llm_selected_baseline,ann1,detector_only,44380
19,llm_selected_baseline,ann1,detector_only,57818
19,llm_selected_baseline,ann1,reference_only,6339
19,llm_selected_baseline,ann1,reference_only,22763
19,llm_selected_baseline,ann1,reference_only,35974
19,llm_selected_baseline,ann1,reference_only,43104
19,llm_selected_baseline,ann1,reference_only,46576
19,llm_selected_baseline,ann1,reference_only,56352
19,llm_selected_baseline,ann1,reference_only,57743
19,llm_selected_baseline,ann2,detector_only,8861
19,llm_selected_baseline,ann2,detector_only,22208
19,llm_selected_baseline,ann2,reference_only,6951
19,llm_selected_baseline,ann2,reference_only,16997
19,llm_selected_baseline,ann2,reference_only,22693
19,llm_selected_baseline,ann2,reference_only,28042
19,llm_selected_baseline,ann2,reference_only,33000
19,llm_selected_baseline,ann2,reference_only,36001
19,llm_selected_baseline,ann2,reference_only,43105
19,llm_selected_baseline,ann2,reference_only,56369
20,featuregraph,ann1,detector_only,9497
20,featuregraph,ann1,detector_only,24433
20,featuregraph,ann1,detector_only,27936
20,featuregraph,ann1,detector_only,31625
20,featuregraph,ann1,detector_only,32377
20,featuregraph,ann1,detector_only,36398
20,featuregraph,ann1,detector_only,39385
20,featuregraph,ann1,detector_only,40833
20,featuregraph,ann1,detector_only,41406
20,featuregraph,ann1,detector_only,43417
20,featuregraph,ann1,detector_only,48101
20,featuregraph,ann1,detector_only,48964
20,featuregraph,ann1,detector_only,50492
20,featuregraph,ann1,detector_only,51011
20,featuregraph,ann1,detector_only,53222
20,featuregraph,ann1,detector_only,55322
20,featuregraph,ann1,reference_only,150
20,featuregraph,ann1,reference_only,19626
20,featuregraph,ann1,reference_only,31711
20,featuregraph,ann1,reference_only,48167
20,featuregraph,ann2,detector_only,9497
20,featuregraph,ann2,detector_only,24433
20,featuregraph,ann2,detector_only,27936
20,featuregraph,ann2,detector_only,32377
20,featuregraph,ann2,detector_only,36398
20,featuregraph,ann2,detector_only,38883
20,featuregraph,ann2,detector_only,39385
20,featuregraph,ann2,detector_only,40833
20,featuregraph,ann2,detector_only,41406
20,featuregraph,ann2,detector_only,43417
20,featuregraph,ann2,detector_only,48964
20,featuregraph,ann2,detector_only,50492
20,featuregraph,ann2,detector_only,51011
20,featuregraph,ann2,detector_only,53222
20,featuregraph,ann2,detector_only,55322
20,featuregraph,ann2,reference_only,145
20,llm_selected_baseline,ann1,detector_only,4545
20,llm_selected_baseline,ann1,detector_only,9490
20,llm_selected_baseline,ann1,detector_only,27931
20,llm_selected_baseline,ann1,detector_only,32387
20,llm_selected_baseline,ann1,detector_only,41386
20,llm_selected_baseline,ann1,detector_only,48989
20,llm_selected_baseline,ann1,detector_only,50501
20,llm_selected_baseline,ann1,detector_only,53429
20,llm_selected_baseline,ann1,detector_only,55315
20,llm_selected_baseline,ann1,detector_only,59278
20,llm_selected_baseline,ann1,reference_only,4443
20,llm_selected_baseline,ann1,reference_only,19626
20,llm_selected_baseline,ann1,reference_only,53498
20,llm_selected_baseline,ann1,reference_only,59204
20,llm_selected_baseline,ann2,detector_only,9490
20,llm_selected_baseline,ann2,detector_only,27931
20,llm_selected_baseline,ann2,detector_only,32387
20,llm_selected_baseline,ann2,detector_only,38889
20,llm_selected_baseline,ann2,detector_only,41386
20,llm_selected_baseline,ann2,detector_only,48989
20,llm_selected_baseline,ann2,detector_only,50501
20,llm_selected_baseline,ann2,detector_only,55315
20,llm_selected_baseline,ann2,detector_only,59278
20,llm_selected_baseline,ann2,reference_only,59155
21,featuregraph,ann1,detector_only,121
21,featuregraph,ann1,detector_only,6279
21,featuregraph,ann1,detector_only,6407
21,featuregraph,ann1,detector_only,7073
21,featuregraph,ann1,detector_only,12836
21,featuregraph,ann1,detector_only,14594
21,featuregraph,ann1,detector_only,15926
21,featuregraph,ann1,detector_only,20188
21,featuregraph,ann1,detector_only,20917
21,featuregraph,ann1,detector_only,26908
21,featuregraph,ann1,detector_only,27678
21,featuregraph,ann1,detector_only,28040
21,featuregraph,ann1,detector_only,30647
21,featuregraph,ann1,detector_only,32093
21,featuregraph,ann1,detector_only,32266
21,featuregraph,ann1,detector_only,33607
21,featuregraph,ann1,detector_only,52576
21,featuregraph,ann1,reference_only,27604
21,featuregraph,ann2,detector_only,121
21,featuregraph,ann2,detector_only,6279
21,featuregraph,ann2,detector_only,6407
21,featuregraph,ann2,detector_only,7073
21,featuregraph,ann2,detector_only,12836
21,featuregraph,ann2,detector_only,14594
21,featuregraph,ann2,detector_only,15926
21,featuregraph,ann2,detector_only,20188
21,featuregraph,ann2,detector_only,20917
21,featuregraph,ann2,detector_only,26908
21,featuregraph,ann2,detector_only,27678
21,featuregraph,ann2,detector_only,30647
21,featuregraph,ann2,detector_only,32093
21,featuregraph,ann2,detector_only,32266
21,featuregraph,ann2,detector_only,33607
21,featuregraph,ann2,detector_only,52576
21,featuregraph,ann2,reference_only,27609
21,llm_selected_baseline,ann1,detector_only,6255
21,llm_selected_baseline,ann1,detector_only,6847
21,llm_selected_baseline,ann1,detector_only,13057
21,llm_selected_baseline,ann1,detector_only,14604
21,llm_selected_baseline,ann1,detector_only,21507
21,llm_selected_baseline,ann1,detector_only,21931
21,llm_selected_baseline,ann1,detector_only,22129
21,llm_selected_baseline,ann1,detector_only,26931
21,llm_selected_baseline,ann1,detector_only,27325
21,llm_selected_baseline,ann1,detector_only,28039
21,llm_selected_baseline,ann1,detector_only,32148
21,llm_selected_baseline,ann1,reference_only,6704
21,llm_selected_baseline,ann1,reference_only,12991
21,llm_selected_baseline,ann1,reference_only,22043
21,llm_selected_baseline,ann1,reference_only,59913
21,llm_selected_baseline,ann2,detector_only,6255
21,llm_selected_baseline,ann2,detector_only,6847
21,llm_selected_baseline,ann2,detector_only,14604
21,llm_selected_baseline,ann2,detector_only,21507
21,llm_selected_baseline,ann2,detector_only,21931
21,llm_selected_baseline,ann2,detector_only,26931
21,llm_selected_baseline,ann2,detector_only,27325
21,llm_selected_baseline,ann2,detector_only,32148
21,llm_selected_baseline,ann2,reference_only,6687
21,llm_selected_baseline,ann2,reference_only,59920
22,featuregraph,ann1,detector_only,4722
22,featuregraph,ann1,reference_only,67
22,featuregraph,ann2,detector_only,4722
22,featuregraph,ann2,reference_only,77
22,llm_selected_baseline,ann1,detector_only,4726
22,llm_selected_baseline,ann2,detector_only,4726
23,featuregraph,ann1,detector_only,2775
23,featuregraph,ann1,detector_only,3222
23,featuregraph,ann1,detector_only,5304
23,featuregraph,ann1,detector_only,6143
23,featuregraph,ann1,detector_only,6988
23,featuregraph,ann1,detector_only,7811
23,featuregraph,ann1,detector_only,12406
23,featuregraph,ann1,detector_only,12775
23,featuregraph,ann1,detector_only,14062
23,featuregraph,ann1,detector_only,14911
23,featuregraph,ann1,detector_only,15281
23,featuregraph,ann1,detector_only,16137
23,featuregraph,ann1,detector_only,16998
23,featuregraph,ann1,detector_only,21139
23,featuregraph,ann1,detector_only,30775
23,featuregraph,ann1,detector_only,30969
23,featuregraph,ann1,detector_only,33939
23,featuregraph,ann1,detector_only,34777
23,featuregraph,ann1,detector_only,35159
23,featuregraph,ann1,detector_only,35162
23,featuregraph,ann1,detector_only,35166
23,featuregraph,ann1,detector_only,35170
23,featuregraph,ann1,detector_only,35174
23,featuregraph,ann1,detector_only,35178
23,featuregraph,ann1,detector_only,35182
23,featuregraph,ann1,detector_only,35186
23,featuregraph,ann1,detector_only,35190
23,featuregraph,ann1,detector_only,35193
23,featuregraph,ann1,detector_only,35197
23,featuregraph,ann1,detector_only,35201
23,featuregraph,ann1,detector_only,35205
23,featuregraph,ann1,detector_only,37409
23,featuregraph,ann1,detector_only,38108
23,featuregraph,ann1,detector_only,38939
23,featuregraph,ann1,detector_only,39765
23,featuregraph,ann1,detector_only,40597
23,featuregraph,ann1,detector_only,43466
23,featuregraph,ann1,detector_only,47257
23,featuregraph,ann1,detector_only,48090
23,featuregraph,ann1,detector_only,49751
23,featuregraph,ann1,detector_only,50587
23,featuregraph,ann1,detector_only,51421
23,featuregraph,ann1,detector_only,52255
23,featuregraph,ann1,detector_only,53088
23,featuregraph,ann1,detector_only,53907
23,featuregraph,ann1,detector_only,55577
23,featuregraph,ann1,detector_only,56415
23,featuregraph,ann1,detector_only,57243
23,featuregraph,ann1,detector_only,58090
23,featuregraph,ann1,detector_only,58929
23,featuregraph,ann1,reference_only,59952
23,featuregraph,ann2,detector_only,2775
23,featuregraph,ann2,detector_only,3222
23,featuregraph,ann2,detector_only,4071
23,featuregraph,ann2,detector_only,5304
23,featuregraph,ann2,detector_only,6143
23,featuregraph,ann2,detector_only,6988
23,featuregraph,ann2,detector_only,7811
23,featuregraph,ann2,detector_only,12406
23,featuregraph,ann2,detector_only,12775
23,featuregraph,ann2,detector_only,14062
23,featuregraph,ann2,detector_only,14911
23,featuregraph,ann2,detector_only,15281
23,featuregraph,ann2,detector_only,16137
23,featuregraph,ann2,detector_only,16998
23,featuregraph,ann2,detector_only,21139
23,featuregraph,ann2,detector_only,30775
23,featuregraph,ann2,detector_only,33939
23,featuregraph,ann2,detector_only,34777
23,featuregraph,ann2,detector_only,35159
23,featuregraph,ann2,detector_only,35162
23,featuregraph,ann2,detector_only,35166
23,featuregraph,ann2,detector_only,35170
23,featuregraph,ann2,detector_only,35174
23,featuregraph,ann2,detector_only,35178
23,featuregraph,ann2,detector_only,35182
23,featuregraph,ann2,detector_only,35186
23,featuregraph,ann2,detector_only,35190
23,featuregraph,ann2,detector_only,35193
23,featuregraph,ann2,detector_only,35197
23,featuregraph,ann2,detector_only,35201
23,featuregraph,ann2,detector_only,35205
23,featuregraph,ann2,detector_only,37409
23,featuregraph,ann2,detector_only,38108
23,featuregraph,ann2,detector_only,38939
23,featuregraph,ann2,detector_only,39765
23,featuregraph,ann2,detector_only,40597
23,featuregraph,ann2,detector_only,43466
23,featuregraph,ann2,detector_only,47257
23,featuregraph,ann2,detector_only,48090
23,featuregraph,ann2,detector_only,49751
23,featuregraph,ann2,detector_only,50587
23,featuregraph,ann2,detector_only,51421
23,featuregraph,ann2,detector_only,52255
23,featuregraph,ann2,detector_only,53088
23,featuregraph,ann2,detector_only,53907
23,featuregraph,ann2,detector_only,55577
23,featuregraph,ann2,detector_only,56415
23,featuregraph,ann2,detector_only,57243
23,featuregraph,ann2,detector_only,58090
23,featuregraph,ann2,detector_only,58929
23,featuregraph,ann2,reference_only,4154
23,featuregraph,ann2,reference_only,59952
23,llm_selected_baseline,ann1,detector_only,3232
23,llm_selected_baseline,ann1,detector_only,12799
23,llm_selected_baseline,ann1,detector_only,14052
23,llm_selected_baseline,ann1,detector_only,30763
23,llm_selected_baseline,ann1,detector_only,30963
23,llm_selected_baseline,ann1,detector_only,31166
23,llm_selected_baseline,ann1,detector_only,37460
23,llm_selected_baseline,ann1,reference_only,59952
23,llm_selected_baseline,ann2,detector_only,3232
23,llm_selected_baseline,ann2,detector_only,4061
23,llm_selected_baseline,ann2,detector_only,12799
23,llm_selected_baseline,ann2,detector_only,14052
23,llm_selected_baseline,ann2,detector_only,30763
23,llm_selected_baseline,ann2,detector_only,31166
23,llm_selected_baseline,ann2,detector_only,37460
23,llm_selected_baseline,ann2,reference_only,4154
23,llm_selected_baseline,ann2,reference_only,59952
24,featuregraph,ann1,reference_only,98
24,featuregraph,ann2,reference_only,103
25,featuregraph,ann1,detector_only,312
25,featuregraph,ann1,detector_only,8154
25,featuregraph,ann1,detector_only,45619
25,featuregraph,ann1,detector_only,45633
25,featuregraph,ann1,detector_only,45637
25,featuregraph,ann1,detector_only,45640
25,featuregraph,ann1,detector_only,45643
25,featuregraph,ann1,detector_only,45647
25,featuregraph,ann1,detector_only,45650
25,featuregraph,ann1,detector_only,45653
25,featuregraph,ann1,detector_only,45657
25,featuregraph,ann1,detector_only,45660
25,featuregraph,ann1,detector_only,45664
25,featuregraph,ann1,detector_only,45667
25,featuregraph,ann1,detector_only,45670
25,featuregraph,ann1,detector_only,45674
25,featuregraph,ann1,detector_only,45677
25,featuregraph,ann1,detector_only,45680
25,featuregraph,ann1,detector_only,45684
25,featuregraph,ann1,detector_only,45687
25,featuregraph,ann1,detector_only,45691
25,featuregraph,ann1,detector_only,45694
25,featuregraph,ann1,detector_only,45697
25,featuregraph,ann1,detector_only,45701
25,featuregraph,ann1,detector_only,45704
25,featuregraph,ann1,detector_only,45707
25,featuregraph,ann1,detector_only,45711
25,featuregraph,ann1,detector_only,45714
25,featuregraph,ann1,detector_only,45717
25,featuregraph,ann1,detector_only,45721
25,featuregraph,ann1,detector_only,45724
25,featuregraph,ann1,detector_only,45728
25,featuregraph,ann1,reference_only,63
25,featuregraph,ann1,reference_only,59939
25,featuregraph,ann2,detector_only,312
25,featuregraph,ann2,detector_only,8154
25,featuregraph,ann2,detector_only,45619
25,featuregraph,ann2,detector_only,45633
25,featuregraph,ann2,detector_only,45637
25,featuregraph,ann2,detector_only,45640
25,featuregraph,ann2,detector_only,45643
25,featuregraph,ann2,detector_only,45647
25,featuregraph,ann2,detector_only,45650
25,featuregraph,ann2,detector_only,45653
25,featuregraph,ann2,detector_only,45657
25,featuregraph,ann2,detector_only,45660
25,featuregraph,ann2,detector_only,45664
25,featuregraph,ann2,detector_only,45667
25,featuregraph,ann2,detector_only,45670
25,featuregraph,ann2,detector_only,45674
25,featuregraph,ann2,detector_only,45677
25,featuregraph,ann2,detector_only,45680
25,featuregraph,ann2,detector_only,45684
25,featuregraph,ann2,detector_only,45687
25,featuregraph,ann2,detector_only,45691
25,featuregraph,ann2,detector_only,45694
25,featuregraph,ann2,detector_only,45697
25,featuregraph,ann2,detector_only,45701
25,featuregraph,ann2,detector_only,45704
25,featuregraph,ann2,detector_only,45707
25,featuregraph,ann2,detector_only,45711
25,featuregraph,ann2,detector_only,45714
25,featuregraph,ann2,detector_only,45717
25,featuregraph,ann2,detector_only,45721
25,featuregraph,ann2,detector_only,45724
25,featuregraph,ann2,detector_only,45728
25,featuregraph,ann2,reference_only,71
25,featuregraph,ann2,reference_only,59936
25,llm_selected_baseline,ann1,reference_only,59939
25,llm_selected_baseline,ann2,reference_only,59936
26,featuregraph,ann1,detector_only,594
26,featuregraph,ann1,detector_only,805
26,featuregraph,ann1,detector_only,1514
26,featuregraph,ann1,detector_only,3636
26,featuregraph,ann1,detector_only,6418
26,featuregraph,ann1,detector_only,6586
26,featuregraph,ann1,detector_only,7842
26,featuregraph,ann1,detector_only,8657
26,featuregraph,ann1,detector_only,11344
26,featuregraph,ann1,detector_only,16141
26,featuregraph,ann1,detector_only,16554
26,featuregraph,ann1,detector_only,16964
26,featuregraph,ann1,detector_only,19566
26,featuregraph,ann1,detector_only,27702
26,featuregraph,ann1,detector_only,29766
26,featuregraph,ann1,detector_only,33567
26,featuregraph,ann1,detector_only,38450
26,featuregraph,ann1,detector_only,39080
26,featuregraph,ann1,detector_only,39605
26,featuregraph,ann1,detector_only,43504
26,featuregraph,ann1,detector_only,49805
26,featuregraph,ann1,detector_only,50159
26,featuregraph,ann1,detector_only,50696
26,featuregraph,ann1,detector_only,51447
26,featuregraph,ann1,detector_only,51803
26,featuregraph,ann1,detector_only,52032
26,featuregraph,ann1,detector_only,52192
26,featuregraph,ann1,detector_only,53063
26,featuregraph,ann1,detector_only,53775
26,featuregraph,ann1,detector_only,58056
26,featuregraph,ann1,detector_only,59888
26,featuregraph,ann1,reference_only,59
26,featuregraph,ann1,reference_only,6487
26,featuregraph,ann1,reference_only,7728
26,featuregraph,ann1,reference_only,7989
26,featuregraph,ann1,reference_only,53859
26,featuregraph,ann1,reference_only,58126
26,featuregraph,ann2,detector_only,3636
26,featuregraph,ann2,detector_only,6586
26,featuregraph,ann2,detector_only,7842
26,featuregraph,ann2,detector_only,8657
26,featuregraph,ann2,detector_only,11510
26,featuregraph,ann2,detector_only,16141
26,featuregraph,ann2,detector_only,16554
26,featuregraph,ann2,detector_only,16964
26,featuregraph,ann2,detector_only,19566
26,featuregraph,ann2,detector_only,27702
26,featuregraph,ann2,detector_only,29766
26,featuregraph,ann2,detector_only,33567
26,featuregraph,ann2,detector_only,38450
26,featuregraph,ann2,detector_only,39080
26,featuregraph,ann2,detector_only,39605
26,featuregraph,ann2,detector_only,43504
26,featuregraph,ann2,detector_only,49805
26,featuregraph,ann2,detector_only,50159
26,featuregraph,ann2,detector_only,50696
26,featuregraph,ann2,detector_only,51447
26,featuregraph,ann2,detector_only,51803
26,featuregraph,ann2,detector_only,52192
26,featuregraph,ann2,detector_only,53063
26,featuregraph,ann2,detector_only,59888
26,featuregraph,ann2,reference_only,66
26,featuregraph,ann2,reference_only,7756
26,featuregraph,ann2,reference_only,7967
26,featuregraph,ann2,reference_only,18832
26,featuregraph,ann2,reference_only,26316
26,llm_selected_baseline,ann1,detector_only,603
26,llm_selected_baseline,ann1,detector_only,795
26,llm_selected_baseline,ann1,detector_only,1547
26,llm_selected_baseline,ann1,detector_only,8629
26,llm_selected_baseline,ann1,detector_only,11373
26,llm_selected_baseline,ann1,detector_only,16972
26,llm_selected_baseline,ann1,detector_only,19594
26,llm_selected_baseline,ann1,detector_only,25893
26,llm_selected_baseline,ann1,detector_only,26303
26,llm_selected_baseline,ann1,detector_only,27733
26,llm_selected_baseline,ann1,detector_only,28865
26,llm_selected_baseline,ann1,detector_only,29726
26,llm_selected_baseline,ann1,detector_only,33597
26,llm_selected_baseline,ann1,detector_only,43471
26,llm_selected_baseline,ann1,detector_only,48157
26,llm_selected_baseline,ann1,detector_only,50146
26,llm_selected_baseline,ann1,detector_only,52040
26,llm_selected_baseline,ann1,reference_only,59
26,llm_selected_baseline,ann1,reference_only,11452
26,llm_selected_baseline,ann1,reference_only,19665
26,llm_selected_baseline,ann1,reference_only,25828
26,llm_selected_baseline,ann1,reference_only,26228
26,llm_selected_baseline,ann2,detector_only,8629
26,llm_selected_baseline,ann2,detector_only,14399
26,llm_selected_baseline,ann2,detector_only,16972
26,llm_selected_baseline,ann2,detector_only,19594
26,llm_selected_baseline,ann2,detector_only,24734
26,llm_selected_baseline,ann2,detector_only,27733
26,llm_selected_baseline,ann2,detector_only,28865
26,llm_selected_baseline,ann2,detector_only,29726
26,llm_selected_baseline,ann2,detector_only,33597
26,llm_selected_baseline,ann2,detector_only,43471
26,llm_selected_baseline,ann2,detector_only,48157
26,llm_selected_baseline,ann2,detector_only,50146
26,llm_selected_baseline,ann2,detector_only,57723
26,llm_selected_baseline,ann2,reference_only,66
26,llm_selected_baseline,ann2,reference_only,14329
26,llm_selected_baseline,ann2,reference_only,18832
26,llm_selected_baseline,ann2,reference_only,19703
26,llm_selected_baseline,ann2,reference_only,24650
26,llm_selected_baseline,ann2,reference_only,26239
26,llm_selected_baseline,ann2,reference_only,57646
27,featuregraph,ann1,detector_only,3637
27,featuregraph,ann1,detector_only,5624
27,featuregraph,ann1,detector_only,9641
27,featuregraph,ann1,detector_only,10442
27,featuregraph,ann1,detector_only,10975
27,featuregraph,ann1,detector_only,11142
27,featuregraph,ann1,detector_only,13939
27,featuregraph,ann1,detector_only,16829
27,featuregraph,ann1,detector_only,17291
27,featuregraph,ann1,detector_only,17944
27,featuregraph,ann1,detector_only,18875
27,featuregraph,ann1,detector_only,19619
27,featuregraph,ann1,detector_only,20172
27,featuregraph,ann1,detector_only,21431
27,featuregraph,ann1,detector_only,21621
27,featuregraph,ann1,detector_only,21952
27,featuregraph,ann1,detector_only,22220
27,featuregraph,ann1,detector_only,22663
27,featuregraph,ann1,detector_only,22708
27,featuregraph,ann1,detector_only,22710
27,featuregraph,ann1,detector_only,22712
27,featuregraph,ann1,detector_only,22715
27,featuregraph,ann1,detector_only,22717
27,featuregraph,ann1,detector_only,22719
27,featuregraph,ann1,detector_only,22721
27,featuregraph,ann1,detector_only,22723
27,featuregraph,ann1,detector_only,23324
27,featuregraph,ann1,detector_only,23939
27,featuregraph,ann1,detector_only,24146
27,featuregraph,ann1,detector_only,24533
27,featuregraph,ann1,detector_only,25514
27,featuregraph,ann1,detector_only,26737
27,featuregraph,ann1,detector_only,26947
27,featuregraph,ann1,detector_only,27631
27,featuregraph,ann1,detector_only,28105
27,featuregraph,ann1,detector_only,28779
27,featuregraph,ann1,detector_only,28855
27,featuregraph,ann1,detector_only,28859
27,featuregraph,ann1,detector_only,28862
27,featuregraph,ann1,detector_only,28867
27,featuregraph,ann1,detector_only,28872
27,featuregraph,ann1,detector_only,28876
27,featuregraph,ann1,detector_only,29009
27,featuregraph,ann1,detector_only,30825
27,featuregraph,ann1,detector_only,30853
27,featuregraph,ann1,detector_only,31498
27,featuregraph,ann1,detector_only,32407
27,featuregraph,ann1,detector_only,33785
27,featuregraph,ann1,detector_only,34332
27,featuregraph,ann1,detector_only,34587
27,featuregraph,ann1,detector_only,35248
27,featuregraph,ann1,detector_only,35483
27,featuregraph,ann1,detector_only,36731
27,featuregraph,ann1,detector_only,36874
27,featuregraph,ann1,detector_only,37347
27,featuregraph,ann1,detector_only,37828
27,featuregraph,ann1,detector_only,38080
27,featuregraph,ann1,detector_only,38415
27,featuregraph,ann1,detector_only,38768
27,featuregraph,ann1,detector_only,39024
27,featuregraph,ann1,detector_only,39397
27,featuregraph,ann1,detector_only,39706
27,featuregraph,ann1,detector_only,40242
27,featuregraph,ann1,detector_only,41672
27,featuregraph,ann1,detector_only,42365
27,featuregraph,ann1,detector_only,42570
27,featuregraph,ann1,detector_only,43810
27,featuregraph,ann1,detector_only,45406
27,featuregraph,ann1,detector_only,45892
27,featuregraph,ann1,detector_only,46590
27,featuregraph,ann1,detector_only,46793
27,featuregraph,ann1,detector_only,48152
27,featuregraph,ann1,detector_only,50354
27,featuregraph,ann1,detector_only,55210
27,featuregraph,ann1,detector_only,57554
27,featuregraph,ann1,detector_only,57733
27,featuregraph,ann1,detector_only,57937
27,featuregraph,ann1,detector_only,58292
27,featuregraph,ann1,detector_only,58507
27,featuregraph,ann1,detector_only,58873
27,featuregraph,ann1,detector_only,58882
27,featuregraph,ann1,detector_only,58994
27,featuregraph,ann1,detector_only,59237
27,featuregraph,ann1,detector_only,59459
27,featuregraph,ann1,detector_only,59816
27,featuregraph,ann1,reference_only,3563
27,featuregraph,ann1,reference_only,5696
27,featuregraph,ann1,reference_only,10533
27,featuregraph,ann1,reference_only,11072
27,featuregraph,ann1,reference_only,13870
27,featuregraph,ann1,reference_only,16759
27,featuregraph,ann1,reference_only,20100
27,featuregraph,ann1,reference_only,21539
27,featuregraph,ann1,reference_only,22135
27,featuregraph,ann1,reference_only,24067
27,featuregraph,ann1,reference_only,25398
27,featuregraph,ann1,reference_only,26865
27,featuregraph,ann1,reference_only,27552
27,featuregraph,ann1,reference_only,32311
27,featuregraph,ann1,reference_only,34470
27,featuregraph,ann1,reference_only,35339
27,featuregraph,ann1,reference_only,36796
27,featuregraph,ann1,reference_only,37413
27,featuregraph,ann1,reference_only,38924
27,featuregraph,ann1,reference_only,39641
27,featuregraph,ann1,reference_only,41757
27,featuregraph,ann1,reference_only,42483
27,featuregraph,ann1,reference_only,45320
27,featuregraph,ann1,reference_only,46707
27,featuregraph,ann1,reference_only,48237
27,featuregraph,ann1,reference_only,50270
27,featuregraph,ann1,reference_only,55359
27,featuregraph,ann2,detector_only,6313
27,featuregraph,ann2,detector_only,9641
27,featuregraph,ann2,detector_only,10975
27,featuregraph,ann2,detector_only,17291
27,featuregraph,ann2,detector_only,17944
27,featuregraph,ann2,detector_only,18653
27,featuregraph,ann2,detector_only,19619
27,featuregraph,ann2,detector_only,21431
27,featuregraph,ann2,detector_only,21952
27,featuregraph,ann2,detector_only,22663
27,featuregraph,ann2,detector_only,22708
27,featuregraph,ann2,detector_only,22710
27,featuregraph,ann2,detector_only,22712
27,featuregraph,ann2,detector_only,22715
27,featuregraph,ann2,detector_only,22717
27,featuregraph,ann2,detector_only,22719
27,featuregraph,ann2,detector_only,22721
27,featuregraph,ann2,detector_only,22723
27,featuregraph,ann2,detector_only,23324
27,featuregraph,ann2,detector_only,23939
27,featuregraph,ann2,detector_only,24533
27,featuregraph,ann2,detector_only,26737
27,featuregraph,ann2,detector_only,28105
27,featuregraph,ann2,detector_only,28779
27,featuregraph,ann2,detector_only,28855
27,featuregraph,ann2,detector_only,28859
27,featuregraph,ann2,detector_only,28862
27,featuregraph,ann2,detector_only,28867
27,featuregraph,ann2,detector_only,28872
27,featuregraph,ann2,detector_only,28876
27,featuregraph,ann2,detector_only,28879
27,featuregraph,ann2,detector_only,30825
27,featuregraph,ann2,detector_only,30853
27,featuregraph,ann2,detector_only,31498
27,featuregraph,ann2,detector_only,33657
27,featuregraph,ann2,detector_only,33785
27,featuregraph,ann2,detector_only,34332
27,featuregraph,ann2,detector_only,35248
27,featuregraph,ann2,detector_only,36074
27,featuregraph,ann2,detector_only,36731
27,featuregraph,ann2,detector_only,37347
27,featuregraph,ann2,detector_only,37828
27,featuregraph,ann2,detector_only,38080
27,featuregraph,ann2,detector_only,38768
27,featuregraph,ann2,detector_only,39397
27,featuregraph,ann2,detector_only,40242
27,featuregraph,ann2,detector_only,41103
27,featuregraph,ann2,detector_only,41672
27,featuregraph,ann2,detector_only,42365
27,featuregraph,ann2,detector_only,43810
27,featuregraph,ann2,detector_only,45892
27,featuregraph,ann2,detector_only,46021
27,featuregraph,ann2,detector_only,46590
27,featuregraph,ann2,detector_only,49598
27,featuregraph,ann2,detector_only,52523
27,featuregraph,ann2,detector_only,56775
27,featuregraph,ann2,detector_only,57733
27,featuregraph,ann2,detector_only,58507
27,featuregraph,ann2,detector_only,58873
27,featuregraph,ann2,detector_only,58882
27,featuregraph,ann2,detector_only,59816
27,featuregraph,ann2,reference_only,6381
27,featuregraph,ann2,reference_only,33863
27,featuregraph,ann2,reference_only,36175
27,featuregraph,ann2,reference_only,37561
27,featuregraph,ann2,reference_only,41263
27,featuregraph,ann2,reference_only,41875
27,featuregraph,ann2,reference_only,46111
27,featuregraph,ann2,reference_only,49666
27,featuregraph,ann2,reference_only,52619
27,featuregraph,ann2,reference_only,56643
27,llm_selected_baseline,ann1,detector_only,10455
27,llm_selected_baseline,ann1,detector_only,11159
27,llm_selected_baseline,ann1,detector_only,14004
27,llm_selected_baseline,ann1,detector_only,16847
27,llm_selected_baseline,ann1,detector_only,18904
27,llm_selected_baseline,ann1,detector_only,21617
27,llm_selected_baseline,ann1,detector_only,22248
27,llm_selected_baseline,ann1,detector_only,24162
27,llm_selected_baseline,ann1,detector_only,24588
27,llm_selected_baseline,ann1,detector_only,25533
27,llm_selected_baseline,ann1,detector_only,27002
27,llm_selected_baseline,ann1,detector_only,27647
27,llm_selected_baseline,ann1,detector_only,29018
27,llm_selected_baseline,ann1,detector_only,31044
27,llm_selected_baseline,ann1,detector_only,31705
27,llm_selected_baseline,ann1,detector_only,32398
27,llm_selected_baseline,ann1,detector_only,33787
27,llm_selected_baseline,ann1,detector_only,34338
27,llm_selected_baseline,ann1,detector_only,35259
27,llm_selected_baseline,ann1,detector_only,36719
27,llm_selected_baseline,ann1,detector_only,38371
27,llm_selected_baseline,ann1,detector_only,39058
27,llm_selected_baseline,ann1,detector_only,39802
27,llm_selected_baseline,ann1,detector_only,40500
27,llm_selected_baseline,ann1,detector_only,41639
27,llm_selected_baseline,ann1,detector_only,42347
27,llm_selected_baseline,ann1,detector_only,44762
27,llm_selected_baseline,ann1,detector_only,45440
27,llm_selected_baseline,ann1,detector_only,45898
27,llm_selected_baseline,ann1,detector_only,46781
27,llm_selected_baseline,ann1,detector_only,50377
27,llm_selected_baseline,ann1,detector_only,53390
27,llm_selected_baseline,ann1,detector_only,55198
27,llm_selected_baseline,ann1,detector_only,56123
27,llm_selected_baseline,ann1,detector_only,56748
27,llm_selected_baseline,ann1,detector_only,57706
27,llm_selected_baseline,ann1,detector_only,57915
27,llm_selected_baseline,ann1,detector_only,58294
27,llm_selected_baseline,ann1,detector_only,58995
27,llm_selected_baseline,ann1,detector_only,59228
27,llm_selected_baseline,ann1,detector_only,59448
27,llm_selected_baseline,ann1,detector_only,59846
27,llm_selected_baseline,ann1,reference_only,10533
27,llm_selected_baseline,ann1,reference_only,11072
27,llm_selected_baseline,ann1,reference_only,13870
27,llm_selected_baseline,ann1,reference_only,16759
27,llm_selected_baseline,ann1,reference_only,18707
27,llm_selected_baseline,ann1,reference_only,21539
27,llm_selected_baseline,ann1,reference_only,22135
27,llm_selected_baseline,ann1,reference_only,24067
27,llm_selected_baseline,ann1,reference_only,24759
27,llm_selected_baseline,ann1,reference_only,25398
27,llm_selected_baseline,ann1,reference_only,26865
27,llm_selected_baseline,ann1,reference_only,27552
27,llm_selected_baseline,ann1,reference_only,28935
27,llm_selected_baseline,ann1,reference_only,30933
27,llm_selected_baseline,ann1,reference_only,31628
27,llm_selected_baseline,ann1,reference_only,32311
27,llm_selected_baseline,ann1,reference_only,33698
27,llm_selected_baseline,ann1,reference_only,34470
27,llm_selected_baseline,ann1,reference_only,35339
27,llm_selected_baseline,ann1,reference_only,36796
27,llm_selected_baseline,ann1,reference_only,38924
27,llm_selected_baseline,ann1,reference_only,39641
27,llm_selected_baseline,ann1,reference_only,40411
27,llm_selected_baseline,ann1,reference_only,41757
27,llm_selected_baseline,ann1,reference_only,42483
27,llm_selected_baseline,ann1,reference_only,44661
27,llm_selected_baseline,ann1,reference_only,45320
27,llm_selected_baseline,ann1,reference_only,46037
27,llm_selected_baseline,ann1,reference_only,46707
27,llm_selected_baseline,ann1,reference_only,50270
27,llm_selected_baseline,ann1,reference_only,53324
27,llm_selected_baseline,ann1,reference_only,55359
27,llm_selected_baseline,ann1,reference_only,56054
27,llm_selected_baseline,ann1,reference_only,56835
27,llm_selected_baseline,ann2,detector_only,5731
27,llm_selected_baseline,ann2,detector_only,24588
27,llm_selected_baseline,ann2,detector_only,31044
27,llm_selected_baseline,ann2,detector_only,33787
27,llm_selected_baseline,ann2,detector_only,34338
27,llm_selected_baseline,ann2,detector_only,35259
27,llm_selected_baseline,ann2,detector_only,36075
27,llm_selected_baseline,ann2,detector_only,36719
27,llm_selected_baseline,ann2,detector_only,37387
27,llm_selected_baseline,ann2,detector_only,39802
27,llm_selected_baseline,ann2,detector_only,41091
27,llm_selected_baseline,ann2,detector_only,41639
27,llm_selected_baseline,ann2,detector_only,42347
27,llm_selected_baseline,ann2,detector_only,44762
27,llm_selected_baseline,ann2,detector_only,45898
27,llm_selected_baseline,ann2,detector_only,48258
27,llm_selected_baseline,ann2,detector_only,52551
27,llm_selected_baseline,ann2,detector_only,56748
27,llm_selected_baseline,ann2,detector_only,57706
27,llm_selected_baseline,ann2,detector_only,59846
27,llm_selected_baseline,ann2,reference_only,5626
27,llm_selected_baseline,ann2,reference_only,24840
27,llm_selected_baseline,ann2,reference_only,30963
27,llm_selected_baseline,ann2,reference_only,33863
27,llm_selected_baseline,ann2,reference_only,34650
27,llm_selected_baseline,ann2,reference_only,35478
27,llm_selected_baseline,ann2,reference_only,36175
27,llm_selected_baseline,ann2,reference_only,36877
27,llm_selected_baseline,ann2,reference_only,37561
27,llm_selected_baseline,ann2,reference_only,39714
27,llm_selected_baseline,ann2,reference_only,41263
27,llm_selected_baseline,ann2,reference_only,41875
27,llm_selected_baseline,ann2,reference_only,42625
27,llm_selected_baseline,ann2,reference_only,44667
27,llm_selected_baseline,ann2,reference_only,46111
27,llm_selected_baseline,ann2,reference_only,48153
27,llm_selected_baseline,ann2,reference_only,52619
27,llm_selected_baseline,ann2,reference_only,56643
27,llm_selected_baseline,ann2,reference_only,57556
28,featuregraph,ann1,detector_only,19749
28,featuregraph,ann1,detector_only,21340
28,featuregraph,ann1,detector_only,39532
28,featuregraph,ann2,detector_only,4764
28,featuregraph,ann2,detector_only,19749
28,featuregraph,ann2,detector_only,21340
28,featuregraph,ann2,detector_only,39532
28,llm_selected_baseline,ann1,detector_only,19755
28,llm_selected_baseline,ann2,detector_only,4768
28,llm_selected_baseline,ann2,detector_only,19755
29,featuregraph,ann1,detector_only,1016
29,featuregraph,ann1,detector_only,2249
29,featuregraph,ann1,detector_only,2385
29,featuregraph,ann1,detector_only,10676
29,featuregraph,ann1,detector_only,11097
29,featuregraph,ann1,detector_only,14578
29,featuregraph,ann1,detector_only,17081
29,featuregraph,ann1,detector_only,17228
29,featuregraph,ann1,detector_only,20055
29,featuregraph,ann1,detector_only,21501
29,featuregraph,ann1,detector_only,22134
29,featuregraph,ann1,detector_only,27422
29,featuregraph,ann1,detector_only,27808
29,featuregraph,ann1,detector_only,28945
29,featuregraph,ann1,detector_only,29335
29,featuregraph,ann1,detector_only,32249
29,featuregraph,ann1,detector_only,41280
29,featuregraph,ann1,detector_only,44142
29,featuregraph,ann1,detector_only,44369
29,featuregraph,ann1,detector_only,45461
29,featuregraph,ann1,detector_only,46619
29,featuregraph,ann1,detector_only,52059
29,featuregraph,ann1,detector_only,55599
29,featuregraph,ann1,detector_only,56533
29,featuregraph,ann1,reference_only,1089
29,featuregraph,ann1,reference_only,2320
29,featuregraph,ann1,reference_only,10607
29,featuregraph,ann1,reference_only,11020
29,featuregraph,ann1,reference_only,14674
29,featuregraph,ann1,reference_only,17154
29,featuregraph,ann1,reference_only,21570
29,featuregraph,ann1,reference_only,22222
29,featuregraph,ann1,reference_only,27487
29,featuregraph,ann1,reference_only,27874
29,featuregraph,ann1,reference_only,29417
29,featuregraph,ann1,reference_only,41348
29,featuregraph,ann1,reference_only,46541
29,featuregraph,ann1,reference_only,55689
29,featuregraph,ann1,reference_only,56635
29,featuregraph,ann2,detector_only,2249
29,featuregraph,ann2,detector_only,10676
29,featuregraph,ann2,detector_only,17081
29,featuregraph,ann2,detector_only,20182
29,featuregraph,ann2,detector_only,29074
29,featuregraph,ann2,detector_only,32116
29,featuregraph,ann2,detector_only,39715
29,featuregraph,ann2,detector_only,40524
29,featuregraph,ann2,detector_only,44142
29,featuregraph,ann2,detector_only,45461
29,featuregraph,ann2,detector_only,47372
29,featuregraph,ann2,detector_only,51942
29,featuregraph,ann2,reference_only,10590
29,featuregraph,ann2,reference_only,39640
29,featuregraph,ann2,reference_only,40453
29,featuregraph,ann2,reference_only,47298
29,llm_selected_baseline,ann1,detector_only,29353
29,llm_selected_baseline,ann1,detector_only,44366
29,llm_selected_baseline,ann1,detector_only,49548
29,llm_selected_baseline,ann1,detector_only,49898
29,llm_selected_baseline,ann1,detector_only,55618
29,llm_selected_baseline,ann1,detector_only,56561
29,llm_selected_baseline,ann1,detector_only,57094
29,llm_selected_baseline,ann1,reference_only,11752
29,llm_selected_baseline,ann1,reference_only,29417
29,llm_selected_baseline,ann1,reference_only,49474
29,llm_selected_baseline,ann1,reference_only,49974
29,llm_selected_baseline,ann1,reference_only,55689
29,llm_selected_baseline,ann1,reference_only,56635
29,llm_selected_baseline,ann1,reference_only,57026
29,llm_selected_baseline,ann2,detector_only,3805
29,llm_selected_baseline,ann2,detector_only,9841
29,llm_selected_baseline,ann2,detector_only,14676
29,llm_selected_baseline,ann2,detector_only,22208
29,llm_selected_baseline,ann2,detector_only,27875
29,llm_selected_baseline,ann2,detector_only,33391
29,llm_selected_baseline,ann2,detector_only,34987
29,llm_selected_baseline,ann2,detector_only,37629
29,llm_selected_baseline,ann2,detector_only,38464
29,llm_selected_baseline,ann2,detector_only,47410
29,llm_selected_baseline,ann2,detector_only,49102
29,llm_selected_baseline,ann2,detector_only,49548
29,llm_selected_baseline,ann2,reference_only,3739
29,llm_selected_baseline,ann2,reference_only,9772
29,llm_selected_baseline,ann2,reference_only,11749
29,llm_selected_baseline,ann2,reference_only,14582
29,llm_selected_baseline,ann2,reference_only,22141
29,llm_selected_baseline,ann2,reference_only,27804
29,llm_selected_baseline,ann2,reference_only,33285
29,llm_selected_baseline,ann2,reference_only,34919
29,llm_selected_baseline,ann2,reference_only,37555
29,llm_selected_baseline,ann2,reference_only,38394
29,llm_selected_baseline,ann2,reference_only,47298
29,llm_selected_baseline,ann2,reference_only,49032
29,llm_selected_baseline,ann2,reference_only,49449
30,featuregraph,ann1,detector_only,7318
30,featuregraph,ann1,detector_only,12925
30,featuregraph,ann1,detector_only,30683
30,featuregraph,ann2,detector_only,7318
30,featuregraph,ann2,detector_only,12925
30,featuregraph,ann2,detector_only,30683
30,llm_selected_baseline,ann1,detector_only,7320
30,llm_selected_baseline,ann1,detector_only,30661
30,llm_selected_baseline,ann2,detector_only,7320
30,llm_selected_baseline,ann2,detector_only,30661
30,llm_selected_baseline,ann2,detector_only,46801
30,llm_selected_baseline,ann2,reference_only,46734
31,featuregraph,ann1,detector_only,1622
31,featuregraph,ann1,detector_only,6839
31,featuregraph,ann1,detector_only,14382
31,featuregraph,ann1,detector_only,15185
31,featuregraph,ann1,detector_only,16079
31,featuregraph,ann1,detector_only,17326
31,featuregraph,ann1,detector_only,18860
31,featuregraph,ann1,detector_only,22198
31,featuregraph,ann1,detector_only,22660
31,featuregraph,ann1,detector_only,23113
31,featuregraph,ann1,detector_only,25177
31,featuregraph,ann1,detector_only,26803
31,featuregraph,ann1,detector_only,31584
31,featuregraph,ann1,detector_only,33311
31,featuregraph,ann1,detector_only,40684
31,featuregraph,ann1,detector_only,42312
31,featuregraph,ann2,detector_only,1622
31,featuregraph,ann2,detector_only,2208
31,featuregraph,ann2,detector_only,6839
31,featuregraph,ann2,detector_only,14382
31,featuregraph,ann2,detector_only,15185
31,featuregraph,ann2,detector_only,16079
31,featuregraph,ann2,detector_only,17326
31,featuregraph,ann2,detector_only,18860
31,featuregraph,ann2,detector_only,22198
31,featuregraph,ann2,detector_only,22660
31,featuregraph,ann2,detector_only,23113
31,featuregraph,ann2,detector_only,25177
31,featuregraph,ann2,detector_only,26803
31,featuregraph,ann2,detector_only,31584
31,featuregraph,ann2,detector_only,33311
31,featuregraph,ann2,detector_only,40684
31,featuregraph,ann2,detector_only,42312
31,llm_selected_baseline,ann1,detector_only,11118
31,llm_selected_baseline,ann1,detector_only,17343
31,llm_selected_baseline,ann1,detector_only,18859
31,llm_selected_baseline,ann1,detector_only,22668
31,llm_selected_baseline,ann1,detector_only,25175
31,llm_selected_baseline,ann1,detector_only,26405
31,llm_selected_baseline,ann1,detector_only,33326
31,llm_selected_baseline,ann2,detector_only,2188
31,llm_selected_baseline,ann2,detector_only,11118
31,llm_selected_baseline,ann2,detector_only,17343
31,llm_selected_baseline,ann2,detector_only,18859
31,llm_selected_baseline,ann2,detector_only,22668
31,llm_selected_baseline,ann2,detector_only,25175
31,llm_selected_baseline,ann2,detector_only,26405
31,llm_selected_baseline,ann2,detector_only,33326
32,featuregraph,ann1,reference_only,85
32,featuregraph,ann2,reference_only,82
33,featuregraph,ann1,detector_only,460
33,featuregraph,ann1,detector_only,1003
33,featuregraph,ann1,detector_only,1532
33,featuregraph,ann1,detector_only,2542
33,featuregraph,ann1,detector_only,4259
33,featuregraph,ann1,detector_only,4885
33,featuregraph,ann1,detector_only,5436
33,featuregraph,ann1,detector_only,5995
33,featuregraph,ann1,detector_only,7465
33,featuregraph,ann1,detector_only,7947
33,featuregraph,ann1,detector_only,8500
33,featuregraph,ann1,detector_only,9025
33,featuregraph,ann1,detector_only,9585
33,featuregraph,ann1,detector_only,10159
33,featuregraph,ann1,detector_only,11236
33,featuregraph,ann1,detector_only,11774
33,featuregraph,ann1,detector_only,12344
33,featuregraph,ann1,detector_only,12919
33,featuregraph,ann1,detector_only,13942
33,featuregraph,ann1,detector_only,14503
33,featuregraph,ann1,detector_only,17735
33,featuregraph,ann1,detector_only,18297
33,featuregraph,ann1,detector_only,18861
33,featuregraph,ann1,detector_only,19419
33,featuregraph,ann1,detector_only,20004
33,featuregraph,ann1,detector_only,20631
33,featuregraph,ann1,detector_only,22445
33,featuregraph,ann1,detector_only,24511
33,featuregraph,ann1,detector_only,25687
33,featuregraph,ann1,detector_only,26234
33,featuregraph,ann1,detector_only,26851
33,featuregraph,ann1,detector_only,27552
33,featuregraph,ann1,detector_only,28013
33,featuregraph,ann1,detector_only,29329
33,featuregraph,ann1,detector_only,29704
33,featuregraph,ann1,detector_only,30338
33,featuregraph,ann1,detector_only,31244
33,featuregraph,ann1,detector_only,33900
33,featuregraph,ann1,detector_only,35005
33,featuregraph,ann1,detector_only,37091
33,featuregraph,ann1,detector_only,38728
33,featuregraph,ann1,detector_only,41476
33,featuregraph,ann1,detector_only,42471
33,featuregraph,ann1,detector_only,42963
33,featuregraph,ann1,detector_only,43360
33,featuregraph,ann1,detector_only,43505
33,featuregraph,ann1,detector_only,43951
33,featuregraph,ann1,detector_only,44512
33,featuregraph,ann1,detector_only,45028
33,featuregraph,ann1,detector_only,46012
33,featuregraph,ann1,detector_only,48179
33,featuregraph,ann1,detector_only,48743
33,featuregraph,ann1,detector_only,51521
33,featuregraph,ann1,detector_only,52017
33,featuregraph,ann1,detector_only,53193
33,featuregraph,ann1,detector_only,53636
33,featuregraph,ann1,detector_only,54171
33,featuregraph,ann1,detector_only,54729
33,featuregraph,ann1,detector_only,55236
33,featuregraph,ann1,detector_only,57149
33,featuregraph,ann1,detector_only,57327
33,featuregraph,ann1,detector_only,57791
33,featuregraph,ann1,detector_only,58424
33,featuregraph,ann1,detector_only,59155
33,featuregraph,ann1,detector_only,59831
33,featuregraph,ann1,reference_only,102
33,featuregraph,ann1,reference_only,3711
33,featuregraph,ann1,reference_only,57230
33,featuregraph,ann2,detector_only,460
33,featuregraph,ann2,detector_only,1003
33,featuregraph,ann2,detector_only,1532
33,featuregraph,ann2,detector_only,2542
33,featuregraph,ann2,detector_only,4259
33,featuregraph,ann2,detector_only,4885
33,featuregraph,ann2,detector_only,5436
33,featuregraph,ann2,detector_only,5995
33,featuregraph,ann2,detector_only,7305
33,featuregraph,ann2,detector_only,7947
33,featuregraph,ann2,detector_only,8500
33,featuregraph,ann2,detector_only,9025
33,featuregraph,ann2,detector_only,9585
33,featuregraph,ann2,detector_only,10159
33,featuregraph,ann2,detector_only,11236
33,featuregraph,ann2,detector_only,11774
33,featuregraph,ann2,detector_only,12344
33,featuregraph,ann2,detector_only,12919
33,featuregraph,ann2,detector_only,13942
33,featuregraph,ann2,detector_only,14503
33,featuregraph,ann2,detector_only,17735
33,featuregraph,ann2,detector_only,18297
33,featuregraph,ann2,detector_only,18861
33,featuregraph,ann2,detector_only,19419
33,featuregraph,ann2,detector_only,20004
33,featuregraph,ann2,detector_only,20631
33,featuregraph,ann2,detector_only,21397
33,featuregraph,ann2,detector_only,22445
33,featuregraph,ann2,detector_only,23165
33,featuregraph,ann2,detector_only,24511
33,featuregraph,ann2,detector_only,25687
33,featuregraph,ann2,detector_only,26234
33,featuregraph,ann2,detector_only,26851
33,featuregraph,ann2,detector_only,27377
33,featuregraph,ann2,detector_only,28013
33,featuregraph,ann2,detector_only,29329
33,featuregraph,ann2,detector_only,29704
33,featuregraph,ann2,detector_only,30338
33,featuregraph,ann2,detector_only,31244
33,featuregraph,ann2,detector_only,33900
33,featuregraph,ann2,detector_only,35005
33,featuregraph,ann2,detector_only,37091
33,featuregraph,ann2,detector_only,38728
33,featuregraph,ann2,detector_only,41476
33,featuregraph,ann2,detector_only,42471
33,featuregraph,ann2,detector_only,42963
33,featuregraph,ann2,detector_only,43360
33,featuregraph,ann2,detector_only,43505
33,featuregraph,ann2,detector_only,43951
33,featuregraph,ann2,detector_only,44512
33,featuregraph,ann2,detector_only,45028
33,featuregraph,ann2,detector_only,46012
33,featuregraph,ann2,detector_only,48179
33,featuregraph,ann2,detector_only,48743
33,featuregraph,ann2,detector_only,51521
33,featuregraph,ann2,detector_only,52017
33,featuregraph,ann2,detector_only,52882
33,featuregraph,ann2,detector_only,53193
33,featuregraph,ann2,detector_only,53636
33,featuregraph,ann2,detector_only,54171
33,featuregraph,ann2,detector_only,54729
33,featuregraph,ann2,detector_only,55236
33,featuregraph,ann2,detector_only,55933
33,featuregraph,ann2,detector_only,56532
33,featuregraph,ann2,detector_only,57149
33,featuregraph,ann2,detector_only,57791
33,featuregraph,ann2,detector_only,58424
33,featuregraph,ann2,detector_only,59155
33,featuregraph,ann2,detector_only,59831
33,featuregraph,ann2,reference_only,98
33,featuregraph,ann2,reference_only,21465
33,featuregraph,ann2,reference_only,23231
33,featuregraph,ann2,reference_only,56012
33,featuregraph,ann2,reference_only,56617
33,featuregraph,ann2,reference_only,59994
33,llm_selected_baseline,ann1,detector_only,7461
33,llm_selected_baseline,ann1,detector_only,27549
33,llm_selected_baseline,ann1,detector_only,28020
33,llm_selected_baseline,ann1,detector_only,44522
33,llm_selected_baseline,ann1,detector_only,47248
33,llm_selected_baseline,ann1,detector_only,52002
33,llm_selected_baseline,ann1,detector_only,53660
33,llm_selected_baseline,ann1,detector_only,54197
33,llm_selected_baseline,ann1,detector_only,55877
33,llm_selected_baseline,ann1,detector_only,57344
33,llm_selected_baseline,ann1,detector_only,57791
33,llm_selected_baseline,ann1,detector_only,58432
33,llm_selected_baseline,ann1,detector_only,59828
33,llm_selected_baseline,ann1,reference_only,3711
33,llm_selected_baseline,ann1,reference_only,7339
33,llm_selected_baseline,ann1,reference_only,27404
33,llm_selected_baseline,ann1,reference_only,47176
33,llm_selected_baseline,ann1,reference_only,55959
33,llm_selected_baseline,ann1,reference_only,57230
33,llm_selected_baseline,ann2,detector_only,17103
33,llm_selected_baseline,ann2,detector_only,23537
33,llm_selected_baseline,ann2,detector_only,28020
33,llm_selected_baseline,ann2,detector_only,44522
33,llm_selected_baseline,ann2,detector_only,52002
33,llm_selected_baseline,ann2,detector_only,52891
33,llm_selected_baseline,ann2,detector_only,53660
33,llm_selected_baseline,ann2,detector_only,54197
33,llm_selected_baseline,ann2,detector_only,55877
33,llm_selected_baseline,ann2,detector_only,57791
33,llm_selected_baseline,ann2,detector_only,58432
33,llm_selected_baseline,ann2,detector_only,59828
33,llm_selected_baseline,ann2,reference_only,17235
33,llm_selected_baseline,ann2,reference_only,23616
33,llm_selected_baseline,ann2,reference_only,56012
33,llm_selected_baseline,ann2,reference_only,59994
34,featuregraph,ann1,detector_only,2453
34,featuregraph,ann1,detector_only,11301
34,featuregraph,ann1,detector_only,11667
34,featuregraph,ann1,detector_only,12587
34,featuregraph,ann1,detector_only,12943
34,featuregraph,ann1,detector_only,13165
34,featuregraph,ann1,detector_only,13390
34,featuregraph,ann1,detector_only,17753
34,featuregraph,ann1,detector_only,23475
34,featuregraph,ann1,detector_only,42747
34,featuregraph,ann1,detector_only,52127
34,featuregraph,ann2,detector_only,2453
34,featuregraph,ann2,detector_only,11667
34,featuregraph,ann2,detector_only,17753
34,featuregraph,ann2,detector_only,23475
34,featuregraph,ann2,detector_only,42747
34,featuregraph,ann2,detector_only,52127
34,llm_selected_baseline,ann1,detector_only,11311
34,llm_selected_baseline,ann1,detector_only,12590
34,llm_selected_baseline,ann1,detector_only,12941
34,llm_selected_baseline,ann1,detector_only,13153
34,llm_selected_baseline,ann1,detector_only,13408
34,llm_selected_baseline,ann1,detector_only,17736
34,llm_selected_baseline,ann1,detector_only,23468
34,llm_selected_baseline,ann1,reference_only,11167
34,llm_selected_baseline,ann2,detector_only,17736
34,llm_selected_baseline,ann2,detector_only,23468
34,llm_selected_baseline,ann2,reference_only,11149
35,featuregraph,ann1,detector_only,5004
35,featuregraph,ann1,detector_only,6541
35,featuregraph,ann1,reference_only,4835
35,featuregraph,ann1,reference_only,5109
35,featuregraph,ann1,reference_only,49952
35,featuregraph,ann2,detector_only,4618
35,featuregraph,ann2,detector_only,5004
35,featuregraph,ann2,detector_only,6541
35,featuregraph,ann2,reference_only,4856
35,featuregraph,ann2,reference_only,5093
35,llm_selected_baseline,ann1,detector_only,5043
35,llm_selected_baseline,ann1,detector_only,6022
35,llm_selected_baseline,ann1,detector_only,6520
35,llm_selected_baseline,ann1,detector_only,8135
35,llm_selected_baseline,ann1,detector_only,8633
35,llm_selected_baseline,ann1,detector_only,11825
35,llm_selected_baseline,ann1,detector_only,19505
35,llm_selected_baseline,ann1,detector_only,21486
35,llm_selected_baseline,ann1,detector_only,22522
35,llm_selected_baseline,ann1,detector_only,23969
35,llm_selected_baseline,ann1,detector_only,24641
35,llm_selected_baseline,ann1,detector_only,26457
35,llm_selected_baseline,ann1,detector_only,27390
35,llm_selected_baseline,ann1,detector_only,29008
35,llm_selected_baseline,ann1,detector_only,30684
35,llm_selected_baseline,ann1,detector_only,33939
35,llm_selected_baseline,ann1,detector_only,37917
35,llm_selected_baseline,ann1,detector_only,43775
35,llm_selected_baseline,ann1,detector_only,56567
35,llm_selected_baseline,ann1,detector_only,59433
35,llm_selected_baseline,ann1,reference_only,4617
35,llm_selected_baseline,ann1,reference_only,5109
35,llm_selected_baseline,ann1,reference_only,49952
35,llm_selected_baseline,ann2,detector_only,6022
35,llm_selected_baseline,ann2,detector_only,6520
35,llm_selected_baseline,ann2,detector_only,8135
35,llm_selected_baseline,ann2,detector_only,8633
35,llm_selected_baseline,ann2,detector_only,11825
35,llm_selected_baseline,ann2,detector_only,19505
35,llm_selected_baseline,ann2,detector_only,21486
35,llm_selected_baseline,ann2,detector_only,22522
35,llm_selected_baseline,ann2,detector_only,23969
35,llm_selected_baseline,ann2,detector_only,24641
35,llm_selected_baseline,ann2,detector_only,26457
35,llm_selected_baseline,ann2,detector_only,27390
35,llm_selected_baseline,ann2,detector_only,29008
35,llm_selected_baseline,ann2,detector_only,30684
35,llm_selected_baseline,ann2,detector_only,33939
35,llm_selected_baseline,ann2,detector_only,37917
35,llm_selected_baseline,ann2,detector_only,43775
35,llm_selected_baseline,ann2,detector_only,56567
35,llm_selected_baseline,ann2,detector_only,59433
36,featuregraph,ann1,detector_only,45761
36,featuregraph,ann2,detector_only,6217
36,featuregraph,ann2,detector_only,45761
36,llm_selected_baseline,ann1,reference_only,6230
37,featuregraph,ann1,detector_only,4549
37,featuregraph,ann1,detector_only,29470
37,featuregraph,ann1,detector_only,30735
37,featuregraph,ann1,detector_only,30903
37,featuregraph,ann1,detector_only,32041
37,featuregraph,ann1,detector_only,39489
37,featuregraph,ann1,detector_only,40898
37,featuregraph,ann1,detector_only,43512
37,featuregraph,ann1,detector_only,45947
37,featuregraph,ann1,detector_only,46781
37,featuregraph,ann1,detector_only,53456
37,featuregraph,ann1,detector_only,53461
37,featuregraph,ann1,detector_only,53467
37,featuregraph,ann1,detector_only,53472
37,featuregraph,ann1,detector_only,53477
37,featuregraph,ann1,detector_only,53483
37,featuregraph,ann1,detector_only,53488
37,featuregraph,ann1,detector_only,53671
37,featuregraph,ann1,detector_only,53676
37,featuregraph,ann1,detector_only,53681
37,featuregraph,ann1,detector_only,53687
37,featuregraph,ann1,detector_only,53692
37,featuregraph,ann1,detector_only,53697
37,featuregraph,ann1,detector_only,53703
37,featuregraph,ann1,detector_only,53708
37,featuregraph,ann1,detector_only,53713
37,featuregraph,ann1,detector_only,53719
37,featuregraph,ann1,detector_only,53724
37,featuregraph,ann1,detector_only,53728
37,featuregraph,ann1,detector_only,58675
37,featuregraph,ann1,reference_only,59
37,featuregraph,ann1,reference_only,30802
37,featuregraph,ann1,reference_only,40963
37,featuregraph,ann1,reference_only,43578
37,featuregraph,ann2,detector_only,4549
37,featuregraph,ann2,detector_only,29470
37,featuregraph,ann2,detector_only,30145
37,featuregraph,ann2,detector_only,30903
37,featuregraph,ann2,detector_only,32041
37,featuregraph,ann2,detector_only,33728
37,featuregraph,ann2,detector_only,39489
37,featuregraph,ann2,detector_only,43512
37,featuregraph,ann2,detector_only,45947
37,featuregraph,ann2,detector_only,46623
37,featuregraph,ann2,detector_only,46781
37,featuregraph,ann2,detector_only,47121
37,featuregraph,ann2,detector_only,53456
37,featuregraph,ann2,detector_only,53461
37,featuregraph,ann2,detector_only,53467
37,featuregraph,ann2,detector_only,53472
37,featuregraph,ann2,detector_only,53477
37,featuregraph,ann2,detector_only,53483
37,featuregraph,ann2,detector_only,53488
37,featuregraph,ann2,detector_only,53671
37,featuregraph,ann2,detector_only,53676
37,featuregraph,ann2,detector_only,53681
37,featuregraph,ann2,detector_only,53687
37,featuregraph,ann2,detector_only,53692
37,featuregraph,ann2,detector_only,53697
37,featuregraph,ann2,detector_only,53703
37,featuregraph,ann2,detector_only,53708
37,featuregraph,ann2,detector_only,53713
37,featuregraph,ann2,detector_only,53719
37,featuregraph,ann2,detector_only,53724
37,featuregraph,ann2,detector_only,53728
37,featuregraph,ann2,detector_only,58675
37,featuregraph,ann2,reference_only,61
37,featuregraph,ann2,reference_only,30077
37,featuregraph,ann2,reference_only,33805
37,featuregraph,ann2,reference_only,43596
37,featuregraph,ann2,reference_only,46712
37,featuregraph,ann2,reference_only,47034
37,llm_selected_baseline,ann1,detector_only,4544
37,llm_selected_baseline,ann1,detector_only,29279
37,llm_selected_baseline,ann1,detector_only,34873
37,llm_selected_baseline,ann1,detector_only,39499
37,llm_selected_baseline,ann1,detector_only,45409
37,llm_selected_baseline,ann1,detector_only,45973
37,llm_selected_baseline,ann1,detector_only,46358
37,llm_selected_baseline,ann1,detector_only,46761
37,llm_selected_baseline,ann1,detector_only,53952
37,llm_selected_baseline,ann1,detector_only,58690
37,llm_selected_baseline,ann1,reference_only,29357
37,llm_selected_baseline,ann1,reference_only,34939
37,llm_selected_baseline,ann1,reference_only,45476
37,llm_selected_baseline,ann1,reference_only,46289
37,llm_selected_baseline,ann1,reference_only,46685
37,llm_selected_baseline,ann1,reference_only,53776
37,llm_selected_baseline,ann2,detector_only,4544
37,llm_selected_baseline,ann2,detector_only,39499
37,llm_selected_baseline,ann2,detector_only,45973
37,llm_selected_baseline,ann2,detector_only,46358
37,llm_selected_baseline,ann2,detector_only,47124
37,llm_selected_baseline,ann2,detector_only,53952
37,llm_selected_baseline,ann2,detector_only,58690
37,llm_selected_baseline,ann2,reference_only,46280
37,llm_selected_baseline,ann2,reference_only,47034
37,llm_selected_baseline,ann2,reference_only,53774
38,featuregraph,ann1,detector_only,1592
38,featuregraph,ann1,detector_only,22634
38,featuregraph,ann1,detector_only,22967
38,featuregraph,ann1,detector_only,23152
38,featuregraph,ann1,detector_only,24457
38,featuregraph,ann1,detector_only,25234
38,featuregraph,ann1,detector_only,25440
38,featuregraph,ann1,detector_only,31575
38,featuregraph,ann1,detector_only,39397
38,featuregraph,ann1,detector_only,39755
38,featuregraph,ann1,detector_only,41373
38,featuregraph,ann1,detector_only,43254
38,featuregraph,ann1,detector_only,44066
38,featuregraph,ann1,detector_only,44244
38,featuregraph,ann1,detector_only,49491
38,featuregraph,ann1,detector_only,52556
38,featuregraph,ann1,detector_only,54039
38,featuregraph,ann1,detector_only,54216
38,featuregraph,ann1,detector_only,55429
38,featuregraph,ann1,detector_only,56285
38,featuregraph,ann1,detector_only,57594
38,featuregraph,ann1,reference_only,24528
38,featuregraph,ann1,reference_only,31641
38,featuregraph,ann1,reference_only,43330
38,featuregraph,ann1,reference_only,44343
38,featuregraph,ann1,reference_only,57661
38,featuregraph,ann2,detector_only,1592
38,featuregraph,ann2,detector_only,23152
38,featuregraph,ann2,detector_only,25234
38,featuregraph,ann2,detector_only,30733
38,featuregraph,ann2,detector_only,39397
38,featuregraph,ann2,detector_only,39755
38,featuregraph,ann2,detector_only,41373
38,featuregraph,ann2,detector_only,44066
38,featuregraph,ann2,detector_only,49094
38,featuregraph,ann2,detector_only,49491
38,featuregraph,ann2,detector_only,56285
38,featuregraph,ann2,reference_only,49212
38,llm_selected_baseline,ann1,detector_only,1563
38,llm_selected_baseline,ann1,detector_only,21826
38,llm_selected_baseline,ann1,detector_only,22639
38,llm_selected_baseline,ann1,detector_only,22976
38,llm_selected_baseline,ann1,detector_only,23573
38,llm_selected_baseline,ann1,detector_only,25267
38,llm_selected_baseline,ann1,detector_only,25457
38,llm_selected_baseline,ann1,detector_only,31570
38,llm_selected_baseline,ann1,detector_only,36731
38,llm_selected_baseline,ann1,detector_only,37666
38,llm_selected_baseline,ann1,detector_only,44072
38,llm_selected_baseline,ann1,detector_only,47931
38,llm_selected_baseline,ann1,detector_only,49017
38,llm_selected_baseline,ann1,detector_only,49513
38,llm_selected_baseline,ann1,detector_only,52564
38,llm_selected_baseline,ann1,detector_only,54016
38,llm_selected_baseline,ann1,detector_only,54224
38,llm_selected_baseline,ann1,detector_only,55055
38,llm_selected_baseline,ann1,detector_only,55437
38,llm_selected_baseline,ann1,detector_only,56579
38,llm_selected_baseline,ann1,detector_only,57568
38,llm_selected_baseline,ann1,detector_only,59522
38,llm_selected_baseline,ann1,reference_only,23480
38,llm_selected_baseline,ann1,reference_only,31641
38,llm_selected_baseline,ann1,reference_only,36817
38,llm_selected_baseline,ann1,reference_only,37737
38,llm_selected_baseline,ann1,reference_only,48011
38,llm_selected_baseline,ann1,reference_only,49083
38,llm_selected_baseline,ann1,reference_only,55137
38,llm_selected_baseline,ann1,reference_only,56652
38,llm_selected_baseline,ann1,reference_only,57661
38,llm_selected_baseline,ann2,detector_only,1563
38,llm_selected_baseline,ann2,detector_only,21826
38,llm_selected_baseline,ann2,detector_only,23573
38,llm_selected_baseline,ann2,detector_only,25267
38,llm_selected_baseline,ann2,detector_only,30761
38,llm_selected_baseline,ann2,detector_only,43322
38,llm_selected_baseline,ann2,detector_only,44072
38,llm_selected_baseline,ann2,detector_only,47931
38,llm_selected_baseline,ann2,detector_only,49017
38,llm_selected_baseline,ann2,detector_only,49513
38,llm_selected_baseline,ann2,detector_only,58720
38,llm_selected_baseline,ann2,detector_only,59522
38,llm_selected_baseline,ann2,reference_only,23495
38,llm_selected_baseline,ann2,reference_only,43258
38,llm_selected_baseline,ann2,reference_only,47995
38,llm_selected_baseline,ann2,reference_only,49212
38,llm_selected_baseline,ann2,reference_only,58643
39,featuregraph,ann1,reference_only,128
39,featuregraph,ann2,reference_only,140
39,llm_selected_baseline,ann1,detector_only,912
39,llm_selected_baseline,ann1,detector_only,2946
39,llm_selected_baseline,ann1,detector_only,3470
39,llm_selected_baseline,ann1,detector_only,4969
39,llm_selected_baseline,ann1,detector_only,6080
39,llm_selected_baseline,ann1,detector_only,6580
39,llm_selected_baseline,ann1,detector_only,6807
39,llm_selected_baseline,ann1,detector_only,7152
39,llm_selected_baseline,ann1,detector_only,7693
39,llm_selected_baseline,ann1,detector_only,11164
39,llm_selected_baseline,ann1,detector_only,12097
39,llm_selected_baseline,ann1,detector_only,13207
39,llm_selected_baseline,ann1,detector_only,13754
39,llm_selected_baseline,ann1,detector_only,14275
39,llm_selected_baseline,ann1,detector_only,14797
39,llm_selected_baseline,ann1,detector_only,15316
39,llm_selected_baseline,ann1,detector_only,17312
39,llm_selected_baseline,ann1,detector_only,17845
39,llm_selected_baseline,ann1,detector_only,18390
39,llm_selected_baseline,ann1,detector_only,18924
39,llm_selected_baseline,ann1,detector_only,19452
39,llm_selected_baseline,ann1,detector_only,20468
39,llm_selected_baseline,ann1,detector_only,20992
39,llm_selected_baseline,ann1,detector_only,21980
39,llm_selected_baseline,ann1,detector_only,22518
39,llm_selected_baseline,ann1,detector_only,23062
39,llm_selected_baseline,ann1,detector_only,24058
39,llm_selected_baseline,ann1,detector_only,24572
39,llm_selected_baseline,ann1,detector_only,25102
39,llm_selected_baseline,ann1,detector_only,25600
39,llm_selected_baseline,ann1,detector_only,26105
39,llm_selected_baseline,ann1,detector_only,26626
39,llm_selected_baseline,ann1,detector_only,27171
39,llm_selected_baseline,ann1,detector_only,27702
39,llm_selected_baseline,ann1,detector_only,28209
39,llm_selected_baseline,ann1,detector_only,28713
39,llm_selected_baseline,ann1,detector_only,29210
39,llm_selected_baseline,ann1,detector_only,29700
39,llm_selected_baseline,ann1,detector_only,30193
39,llm_selected_baseline,ann1,detector_only,30680
39,llm_selected_baseline,ann1,detector_only,31212
39,llm_selected_baseline,ann1,detector_only,31754
39,llm_selected_baseline,ann1,detector_only,32276
39,llm_selected_baseline,ann1,detector_only,32789
39,llm_selected_baseline,ann1,detector_only,33345
39,llm_selected_baseline,ann1,detector_only,34352
39,llm_selected_baseline,ann1,detector_only,35391
39,llm_selected_baseline,ann1,detector_only,35927
39,llm_selected_baseline,ann1,detector_only,36475
39,llm_selected_baseline,ann1,detector_only,37004
39,llm_selected_baseline,ann1,detector_only,37518
39,llm_selected_baseline,ann1,detector_only,38036
39,llm_selected_baseline,ann1,detector_only,38559
39,llm_selected_baseline,ann1,detector_only,39086
39,llm_selected_baseline,ann1,detector_only,39612
39,llm_selected_baseline,ann1,detector_only,42018
39,llm_selected_baseline,ann1,detector_only,42558
39,llm_selected_baseline,ann1,detector_only,43475
39,llm_selected_baseline,ann1,detector_only,43985
39,llm_selected_baseline,ann1,detector_only,46296
39,llm_selected_baseline,ann1,detector_only,51645
39,llm_selected_baseline,ann1,detector_only,52554
39,llm_selected_baseline,ann1,detector_only,53131
39,llm_selected_baseline,ann1,detector_only,53704
39,llm_selected_baseline,ann1,detector_only,54271
39,llm_selected_baseline,ann1,detector_only,56050
39,llm_selected_baseline,ann1,detector_only,56602
39,llm_selected_baseline,ann1,detector_only,58772
39,llm_selected_baseline,ann1,reference_only,6878
39,llm_selected_baseline,ann1,reference_only,51713
39,llm_selected_baseline,ann2,detector_only,912
39,llm_selected_baseline,ann2,detector_only,2946
39,llm_selected_baseline,ann2,detector_only,3470
39,llm_selected_baseline,ann2,detector_only,4969
39,llm_selected_baseline,ann2,detector_only,6080
39,llm_selected_baseline,ann2,detector_only,6580
39,llm_selected_baseline,ann2,detector_only,7152
39,llm_selected_baseline,ann2,detector_only,7693
39,llm_selected_baseline,ann2,detector_only,11164
39,llm_selected_baseline,ann2,detector_only,12097
39,llm_selected_baseline,ann2,detector_only,13207
39,llm_selected_baseline,ann2,detector_only,13754
39,llm_selected_baseline,ann2,detector_only,14275
39,llm_selected_baseline,ann2,detector_only,14797
39,llm_selected_baseline,ann2,detector_only,15316
39,llm_selected_baseline,ann2,detector_only,17312
39,llm_selected_baseline,ann2,detector_only,17845
39,llm_selected_baseline,ann2,detector_only,18390
39,llm_selected_baseline,ann2,detector_only,18924
39,llm_selected_baseline,ann2,detector_only,19452
39,llm_selected_baseline,ann2,detector_only,20468
39,llm_selected_baseline,ann2,detector_only,20992
39,llm_selected_baseline,ann2,detector_only,21980
39,llm_selected_baseline,ann2,detector_only,22518
39,llm_selected_baseline,ann2,detector_only,23062
39,llm_selected_baseline,ann2,detector_only,24058
39,llm_selected_baseline,ann2,detector_only,24572
39,llm_selected_baseline,ann2,detector_only,25102
39,llm_selected_baseline,ann2,detector_only,25600
39,llm_selected_baseline,ann2,detector_only,26105
39,llm_selected_baseline,ann2,detector_only,26626
39,llm_selected_baseline,ann2,detector_only,27171
39,llm_selected_baseline,ann2,detector_only,27702
39,llm_selected_baseline,ann2,detector_only,28209
39,llm_selected_baseline,ann2,detector_only,28713
39,llm_selected_baseline,ann2,detector_only,29210
39,llm_selected_baseline,ann2,detector_only,29700
39,llm_selected_baseline,ann2,detector_only,30193
39,llm_selected_baseline,ann2,detector_only,30680
39,llm_selected_baseline,ann2,detector_only,31212
39,llm_selected_baseline,ann2,detector_only,31754
39,llm_selected_baseline,ann2,detector_only,32276
39,llm_selected_baseline,ann2,detector_only,32789
39,llm_selected_baseline,ann2,detector_only,33345
39,llm_selected_baseline,ann2,detector_only,34352
39,llm_selected_baseline,ann2,detector_only,35391
39,llm_selected_baseline,ann2,detector_only,35927
39,llm_selected_baseline,ann2,detector_only,36475
39,llm_selected_baseline,ann2,detector_only,37004
39,llm_selected_baseline,ann2,detector_only,37518
39,llm_selected_baseline,ann2,detector_only,38036
39,llm_selected_baseline,ann2,detector_only,38559
39,llm_selected_baseline,ann2,detector_only,39086
39,llm_selected_baseline,ann2,detector_only,39612
39,llm_selected_baseline,ann2,detector_only,42018
39,llm_selected_baseline,ann2,detector_only,42558
39,llm_selected_baseline,ann2,detector_only,43475
39,llm_selected_baseline,ann2,detector_only,43985
39,llm_selected_baseline,ann2,detector_only,46296
39,llm_selected_baseline,ann2,detector_only,52554
39,llm_selected_baseline,ann2,detector_only,53131
39,llm_selected_baseline,ann2,detector_only,53704
39,llm_selected_baseline,ann2,detector_only,54271
39,llm_selected_baseline,ann2,detector_only,56050
39,llm_selected_baseline,ann2,detector_only,56602
39,llm_selected_baseline,ann2,detector_only,58772
40,featuregraph,ann1,detector_only,7802
40,featuregraph,ann1,detector_only,11458
40,featuregraph,ann1,detector_only,11816
40,featuregraph,ann1,detector_only,12101
40,featuregraph,ann1,detector_only,18125
40,featuregraph,ann1,detector_only,24445
40,featuregraph,ann1,detector_only,25835
40,featuregraph,ann1,detector_only,26737
40,featuregraph,ann1,detector_only,27275
40,featuregraph,ann1,detector_only,29023
40,featuregraph,ann1,detector_only,29971
40,featuregraph,ann1,detector_only,33367
40,featuregraph,ann1,detector_only,33515
40,featuregraph,ann1,detector_only,36403
40,featuregraph,ann1,detector_only,36583
40,featuregraph,ann1,detector_only,37091
40,featuregraph,ann1,detector_only,37243
40,featuregraph,ann1,detector_only,38945
40,featuregraph,ann1,detector_only,41159
40,featuregraph,ann1,detector_only,41313
40,featuregraph,ann1,detector_only,41727
40,featuregraph,ann1,detector_only,44149
40,featuregraph,ann1,detector_only,46260
40,featuregraph,ann1,detector_only,53754
40,featuregraph,ann1,detector_only,56977
40,featuregraph,ann1,reference_only,89
40,featuregraph,ann1,reference_only,29274
40,featuregraph,ann1,reference_only,56909
40,featuregraph,ann1,reference_only,59952
40,featuregraph,ann2,detector_only,7802
40,featuregraph,ann2,detector_only,11816
40,featuregraph,ann2,detector_only,12101
40,featuregraph,ann2,detector_only,18125
40,featuregraph,ann2,detector_only,18545
40,featuregraph,ann2,detector_only,19571
40,featuregraph,ann2,detector_only,21434
40,featuregraph,ann2,detector_only,24445
40,featuregraph,ann2,detector_only,25835
40,featuregraph,ann2,detector_only,26737
40,featuregraph,ann2,detector_only,27275
40,featuregraph,ann2,detector_only,29971
40,featuregraph,ann2,detector_only,33515
40,featuregraph,ann2,detector_only,36583
40,featuregraph,ann2,detector_only,37091
40,featuregraph,ann2,detector_only,41313
40,featuregraph,ann2,detector_only,41727
40,featuregraph,ann2,detector_only,44149
40,featuregraph,ann2,detector_only,53464
40,featuregraph,ann2,detector_only,53754
40,featuregraph,ann2,reference_only,66
40,featuregraph,ann2,reference_only,11722
40,featuregraph,ann2,reference_only,11954
40,featuregraph,ann2,reference_only,53600
40,featuregraph,ann2,reference_only,59957
40,llm_selected_baseline,ann1,detector_only,4365
40,llm_selected_baseline,ann1,detector_only,11460
40,llm_selected_baseline,ann1,detector_only,11715
40,llm_selected_baseline,ann1,detector_only,11921
40,llm_selected_baseline,ann1,detector_only,18145
40,llm_selected_baseline,ann1,detector_only,24480
40,llm_selected_baseline,ann1,detector_only,25841
40,llm_selected_baseline,ann1,detector_only,26760
40,llm_selected_baseline,ann1,detector_only,27255
40,llm_selected_baseline,ann1,detector_only,28249
40,llm_selected_baseline,ann1,detector_only,28994
40,llm_selected_baseline,ann1,detector_only,29991
40,llm_selected_baseline,ann1,detector_only,33503
40,llm_selected_baseline,ann1,detector_only,36400
40,llm_selected_baseline,ann1,detector_only,37272
40,llm_selected_baseline,ann1,detector_only,38605
40,llm_selected_baseline,ann1,detector_only,38942
40,llm_selected_baseline,ann1,detector_only,41169
40,llm_selected_baseline,ann1,detector_only,41728
40,llm_selected_baseline,ann1,detector_only,42266
40,llm_selected_baseline,ann1,detector_only,43082
40,llm_selected_baseline,ann1,detector_only,44160
40,llm_selected_baseline,ann1,detector_only,46259
40,llm_selected_baseline,ann1,detector_only,56975
40,llm_selected_baseline,ann1,reference_only,19422
40,llm_selected_baseline,ann1,reference_only,28335
40,llm_selected_baseline,ann1,reference_only,29274
40,llm_selected_baseline,ann1,reference_only,38680
40,llm_selected_baseline,ann1,reference_only,56909
40,llm_selected_baseline,ann1,reference_only,59952
40,llm_selected_baseline,ann2,detector_only,4365
40,llm_selected_baseline,ann2,detector_only,18145
40,llm_selected_baseline,ann2,detector_only,18568
40,llm_selected_baseline,ann2,detector_only,19580
40,llm_selected_baseline,ann2,detector_only,21437
40,llm_selected_baseline,ann2,detector_only,24480
40,llm_selected_baseline,ann2,detector_only,25841
40,llm_selected_baseline,ann2,detector_only,26760
40,llm_selected_baseline,ann2,detector_only,27255
40,llm_selected_baseline,ann2,detector_only,29991
40,llm_selected_baseline,ann2,detector_only,33503
40,llm_selected_baseline,ann2,detector_only,41728
40,llm_selected_baseline,ann2,detector_only,42266
40,llm_selected_baseline,ann2,detector_only,43082
40,llm_selected_baseline,ann2,detector_only,44160
40,llm_selected_baseline,ann2,detector_only,53468
40,llm_selected_baseline,ann2,reference_only,19433
40,llm_selected_baseline,ann2,reference_only,33369
40,llm_selected_baseline,ann2,reference_only,53600
40,llm_selected_baseline,ann2,reference_only,59957
41,featuregraph,ann1,detector_only,9978
41,featuregraph,ann1,detector_only,10029
41,featuregraph,ann1,detector_only,10035
41,featuregraph,ann1,detector_only,10040
41,featuregraph,ann1,detector_only,10046
41,featuregraph,ann1,detector_only,10051
41,featuregraph,ann1,detector_only,10057
41,featuregraph,ann1,detector_only,10063
41,featuregraph,ann1,detector_only,10068
41,featuregraph,ann1,detector_only,10074
41,featuregraph,ann1,detector_only,10079
41,featuregraph,ann1,detector_only,10127
41,featuregraph,ann1,detector_only,16025
41,featuregraph,ann1,detector_only,37476
41,featuregraph,ann1,detector_only,40742
41,featuregraph,ann1,detector_only,52513
41,featuregraph,ann1,detector_only,57588
41,featuregraph,ann2,detector_only,9978
41,featuregraph,ann2,detector_only,10029
41,featuregraph,ann2,detector_only,10035
41,featuregraph,ann2,detector_only,10040
41,featuregraph,ann2,detector_only,10046
41,featuregraph,ann2,detector_only,10051
41,featuregraph,ann2,detector_only,10057
41,featuregraph,ann2,detector_only,10063
41,featuregraph,ann2,detector_only,10068
41,featuregraph,ann2,detector_only,10074
41,featuregraph,ann2,detector_only,10079
41,featuregraph,ann2,detector_only,10127
41,featuregraph,ann2,detector_only,16025
41,featuregraph,ann2,detector_only,34909
41,featuregraph,ann2,detector_only,37476
41,featuregraph,ann2,detector_only,40742
41,featuregraph,ann2,detector_only,57588
41,llm_selected_baseline,ann1,detector_only,16032
41,llm_selected_baseline,ann1,detector_only,40701
41,llm_selected_baseline,ann1,detector_only,52517
41,llm_selected_baseline,ann1,detector_only,57583
41,llm_selected_baseline,ann2,detector_only,16032
41,llm_selected_baseline,ann2,detector_only,34915
41,llm_selected_baseline,ann2,detector_only,40701
41,llm_selected_baseline,ann2,detector_only,57583
43,featuregraph,ann1,detector_only,8337
43,featuregraph,ann1,detector_only,27739
43,featuregraph,ann1,detector_only,46409
43,featuregraph,ann1,reference_only,59961
43,featuregraph,ann2,detector_only,8337
43,featuregraph,ann2,detector_only,27739
43,featuregraph,ann2,detector_only,46409
43,featuregraph,ann2,reference_only,59968
43,llm_selected_baseline,ann1,detector_only,8343
43,llm_selected_baseline,ann1,reference_only,59961
43,llm_selected_baseline,ann2,detector_only,8343
43,llm_selected_baseline,ann2,reference_only,59968
44,featuregraph,ann1,detector_only,291
44,featuregraph,ann1,detector_only,627
44,featuregraph,ann1,detector_only,1037
44,featuregraph,ann1,detector_only,1607
44,featuregraph,ann1,detector_only,1921
44,featuregraph,ann1,detector_only,2423
44,featuregraph,ann1,detector_only,2876
44,featuregraph,ann1,detector_only,3322
44,featuregraph,ann1,detector_only,3737
44,featuregraph,ann1,detector_only,4148
44,featuregraph,ann1,detector_only,4533
44,featuregraph,ann1,detector_only,5127
44,featuregraph,ann1,detector_only,5461
44,featuregraph,ann1,detector_only,6034
44,featuregraph,ann1,detector_only,6437
44,featuregraph,ann1,detector_only,6825
44,featuregraph,ann1,detector_only,7341
44,featuregraph,ann1,detector_only,7674
44,featuregraph,ann1,detector_only,8083
44,featuregraph,ann1,detector_only,8647
44,featuregraph,ann1,detector_only,9060
44,featuregraph,ann1,detector_only,9556
44,featuregraph,ann1,detector_only,10018
44,featuregraph,ann1,detector_only,10370
44,featuregraph,ann1,detector_only,10779
44,featuregraph,ann1,detector_only,11195
44,featuregraph,ann1,detector_only,11357
44,featuregraph,ann1,detector_only,11687
44,featuregraph,ann1,detector_only,12087
44,featuregraph,ann1,detector_only,12496
44,featuregraph,ann1,detector_only,12989
44,featuregraph,ann1,detector_only,13377
44,featuregraph,ann1,detector_only,13865
44,featuregraph,ann1,detector_only,14307
44,featuregraph,ann1,detector_only,14891
44,featuregraph,ann1,detector_only,15749
44,featuregraph,ann1,detector_only,16196
44,featuregraph,ann1,detector_only,16527
44,featuregraph,ann1,detector_only,17027
44,featuregraph,ann1,detector_only,17433
44,featuregraph,ann1,detector_only,17889
44,featuregraph,ann1,detector_only,18327
44,featuregraph,ann1,detector_only,18836
44,featuregraph,ann1,detector_only,19329
44,featuregraph,ann1,detector_only,19821
44,featuregraph,ann1,detector_only,20250
44,featuregraph,ann1,detector_only,20649
44,featuregraph,ann1,detector_only,21143
44,featuregraph,ann1,detector_only,21531
44,featuregraph,ann1,detector_only,22014
44,featuregraph,ann1,detector_only,22523
44,featuregraph,ann1,detector_only,22940
44,featuregraph,ann1,detector_only,23363
44,featuregraph,ann1,detector_only,23789
44,featuregraph,ann1,detector_only,24197
44,featuregraph,ann1,detector_only,24709
44,featuregraph,ann1,detector_only,25201
44,featuregraph,ann1,detector_only,25575
44,featuregraph,ann1,detector_only,26025
44,featuregraph,ann1,detector_only,26524
44,featuregraph,ann1,detector_only,26937
44,featuregraph,ann1,detector_only,27433
44,featuregraph,ann1,detector_only,27854
44,featuregraph,ann1,detector_only,28360
44,featuregraph,ann1,detector_only,28771
44,featuregraph,ann1,detector_only,29334
44,featuregraph,ann1,detector_only,29751
44,featuregraph,ann1,detector_only,30193
44,featuregraph,ann1,detector_only,30693
44,featuregraph,ann1,detector_only,31093
44,featuregraph,ann1,detector_only,31619
44,featuregraph,ann1,detector_only,32033
44,featuregraph,ann1,detector_only,32537
44,featuregraph,ann1,detector_only,33035
44,featuregraph,ann1,detector_only,33455
44,featuregraph,ann1,detector_only,33879
44,featuregraph,ann1,detector_only,34353
44,featuregraph,ann1,detector_only,34792
44,featuregraph,ann1,detector_only,35207
44,featuregraph,ann1,detector_only,35667
44,featuregraph,ann1,detector_only,36105
44,featuregraph,ann1,detector_only,36535
44,featuregraph,ann1,detector_only,37001
44,featuregraph,ann1,detector_only,37248
44,featuregraph,ann1,detector_only,37472
44,featuregraph,ann1,detector_only,37929
44,featuregraph,ann1,detector_only,38352
44,featuregraph,ann1,detector_only,38828
44,featuregraph,ann1,detector_only,39241
44,featuregraph,ann1,detector_only,39703
44,featuregraph,ann1,detector_only,40080
44,featuregraph,ann1,detector_only,40630
44,featuregraph,ann1,detector_only,41051
44,featuregraph,ann1,detector_only,41471
44,featuregraph,ann1,detector_only,42022
44,featuregraph,ann1,detector_only,42487
44,featuregraph,ann1,detector_only,42885
44,featuregraph,ann1,detector_only,43336
44,featuregraph,ann1,detector_only,43839
44,featuregraph,ann1,detector_only,44325
44,featuregraph,ann1,detector_only,44757
44,featuregraph,ann1,detector_only,45200
44,featuregraph,ann1,detector_only,45623
44,featuregraph,ann1,detector_only,46135
44,featuregraph,ann1,detector_only,46566
44,featuregraph,ann1,detector_only,47046
44,featuregraph,ann1,detector_only,47471
44,featuregraph,ann1,detector_only,47929
44,featuregraph,ann1,detector_only,48413
44,featuregraph,ann1,detector_only,48854
44,featuregraph,ann1,detector_only,49297
44,featuregraph,ann1,detector_only,49701
44,featuregraph,ann1,detector_only,50246
44,featuregraph,ann1,detector_only,50741
44,featuregraph,ann1,detector_only,51165
44,featuregraph,ann1,detector_only,51680
44,featuregraph,ann1,detector_only,52031
44,featuregraph,ann1,detector_only,52512
44,featuregraph,ann1,detector_only,52970
44,featuregraph,ann1,detector_only,53483
44,featuregraph,ann1,detector_only,53900
44,featuregraph,ann1,detector_only,54331
44,featuregraph,ann1,detector_only,54845
44,featuregraph,ann1,detector_only,55363
44,featuregraph,ann1,detector_only,55844
44,featuregraph,ann1,detector_only,56301
44,featuregraph,ann1,detector_only,56764
44,featuregraph,ann1,detector_only,57241
44,featuregraph,ann1,detector_only,57639
44,featuregraph,ann1,detector_only,57965
44,featuregraph,ann1,detector_only,58325
44,featuregraph,ann1,detector_only,58750
44,featuregraph,ann1,detector_only,59219
44,featuregraph,ann1,detector_only,59649
44,featuregraph,ann1,reference_only,393
44,featuregraph,ann1,reference_only,802
44,featuregraph,ann1,reference_only,1250
44,featuregraph,ann1,reference_only,1720
44,featuregraph,ann1,reference_only,2185
44,featuregraph,ann1,reference_only,2624
44,featuregraph,ann1,reference_only,3037
44,featuregraph,ann1,reference_only,3463
44,featuregraph,ann1,reference_only,3935
44,featuregraph,ann1,reference_only,4326
44,featuregraph,ann1,reference_only,4774
44,featuregraph,ann1,reference_only,5217
44,featuregraph,ann1,reference_only,5678
44,featuregraph,ann1,reference_only,6148
44,featuregraph,ann1,reference_only,6565
44,featuregraph,ann1,reference_only,7030
44,featuregraph,ann1,reference_only,7439
44,featuregraph,ann1,reference_only,7872
44,featuregraph,ann1,reference_only,8328
44,featuregraph,ann1,reference_only,8785
44,featuregraph,ann1,reference_only,9233
44,featuregraph,ann1,reference_only,9663
44,featuregraph,ann1,reference_only,10133
44,featuregraph,ann1,reference_only,10554
44,featuregraph,ann1,reference_only,10972
44,featuregraph,ann1,reference_only,11443
44,featuregraph,ann1,reference_only,11826
44,featuregraph,ann1,reference_only,12252
44,featuregraph,ann1,reference_only,12774
44,featuregraph,ann1,reference_only,13165
44,featuregraph,ann1,reference_only,14113
44,featuregraph,ann1,reference_only,14548
44,featuregraph,ann1,reference_only,15015
44,featuregraph,ann1,reference_only,15893
44,featuregraph,ann1,reference_only,16285
44,featuregraph,ann1,reference_only,16724
44,featuregraph,ann1,reference_only,17150
44,featuregraph,ann1,reference_only,17611
44,featuregraph,ann1,reference_only,18063
44,featuregraph,ann1,reference_only,18541
44,featuregraph,ann1,reference_only,18991
44,featuregraph,ann1,reference_only,19461
44,featuregraph,ann1,reference_only,19930
44,featuregraph,ann1,reference_only,20352
44,featuregraph,ann1,reference_only,20813
44,featuregraph,ann1,reference_only,21243
44,featuregraph,ann1,reference_only,21691
44,featuregraph,ann1,reference_only,22161
44,featuregraph,ann1,reference_only,22689
44,featuregraph,ann1,reference_only,23028
44,featuregraph,ann1,reference_only,23480
44,featuregraph,ann1,reference_only,23924
44,featuregraph,ann1,reference_only,24389
44,featuregraph,ann1,reference_only,24828
44,featuregraph,ann1,reference_only,25302
44,featuregraph,ann1,reference_only,25724
44,featuregraph,ann1,reference_only,26185
44,featuregraph,ann1,reference_only,26648
44,featuregraph,ann1,reference_only,27100
44,featuregraph,ann1,reference_only,27526
44,featuregraph,ann1,reference_only,28048
44,featuregraph,ann1,reference_only,28474
44,featuregraph,ann1,reference_only,28970
44,featuregraph,ann1,reference_only,29448
44,featuregraph,ann1,reference_only,29896
44,featuregraph,ann1,reference_only,30346
44,featuregraph,ann1,reference_only,30824
44,featuregraph,ann1,reference_only,31311
44,featuregraph,ann1,reference_only,31728
44,featuregraph,ann1,reference_only,32211
44,featuregraph,ann1,reference_only,32659
44,featuregraph,ann1,reference_only,33141
44,featuregraph,ann1,reference_only,33576
44,featuregraph,ann1,reference_only,33991
44,featuregraph,ann1,reference_only,34457
44,featuregraph,ann1,reference_only,34917
44,featuregraph,ann1,reference_only,35330
44,featuregraph,ann1,reference_only,35778
44,featuregraph,ann1,reference_only,36187
44,featuregraph,ann1,reference_only,36678
44,featuregraph,ann1,reference_only,37087
44,featuregraph,ann1,reference_only,37580
44,featuregraph,ann1,reference_only,38020
44,featuregraph,ann1,reference_only,38476
44,featuregraph,ann1,reference_only,38915
44,featuregraph,ann1,reference_only,39376
44,featuregraph,ann1,reference_only,39824
44,featuregraph,ann1,reference_only,40276
44,featuregraph,ann1,reference_only,40728
44,featuregraph,ann1,reference_only,41172
44,featuregraph,ann1,reference_only,41657
44,featuregraph,ann1,reference_only,42157
44,featuregraph,ann1,reference_only,42591
44,featuregraph,ann1,reference_only,43043
44,featuregraph,ann1,reference_only,43483
44,featuregraph,ann1,reference_only,43961
44,featuregraph,ann1,reference_only,44404
44,featuregraph,ann1,reference_only,44865
44,featuregraph,ann1,reference_only,45280
44,featuregraph,ann1,reference_only,45759
44,featuregraph,ann1,reference_only,46228
44,featuregraph,ann1,reference_only,46680
44,featuregraph,ann1,reference_only,47207
44,featuregraph,ann1,reference_only,47624
44,featuregraph,ann1,reference_only,48063
44,featuregraph,ann1,reference_only,48511
44,featuregraph,ann1,reference_only,48983
44,featuregraph,ann1,reference_only,49417
44,featuregraph,ann1,reference_only,49887
44,featuregraph,ann1,reference_only,50370
44,featuregraph,ann1,reference_only,50843
44,featuregraph,ann1,reference_only,51304
44,featuregraph,ann1,reference_only,51787
44,featuregraph,ann1,reference_only,52183
44,featuregraph,ann1,reference_only,52654
44,featuregraph,ann1,reference_only,53141
44,featuregraph,ann1,reference_only,53589
44,featuregraph,ann1,reference_only,54033
44,featuregraph,ann1,reference_only,54515
44,featuregraph,ann1,reference_only,55015
44,featuregraph,ann1,reference_only,55493
44,featuregraph,ann1,reference_only,55941
44,featuregraph,ann1,reference_only,56426
44,featuregraph,ann1,reference_only,56887
44,featuregraph,ann1,reference_only,57374
44,featuregraph,ann1,reference_only,58039
44,featuregraph,ann1,reference_only,58439
44,featuregraph,ann1,reference_only,58900
44,featuregraph,ann1,reference_only,59339
44,featuregraph,ann1,reference_only,59757
44,featuregraph,ann2,detector_only,3322
44,featuregraph,ann2,detector_only,11357
44,featuregraph,ann2,detector_only,13568
44,featuregraph,ann2,detector_only,37248
44,featuregraph,ann2,detector_only,57965
44,featuregraph,ann2,reference_only,3253
44,llm_selected_baseline,ann1,detector_only,277
44,llm_selected_baseline,ann1,detector_only,645
44,llm_selected_baseline,ann1,detector_only,1053
44,llm_selected_baseline,ann1,detector_only,1587
44,llm_selected_baseline,ann1,detector_only,1945
44,llm_selected_baseline,ann1,detector_only,2474
44,llm_selected_baseline,ann1,detector_only,2910
44,llm_selected_baseline,ann1,detector_only,3302
44,llm_selected_baseline,ann1,detector_only,3786
44,llm_selected_baseline,ann1,detector_only,4189
44,llm_selected_baseline,ann1,detector_only,4552
44,llm_selected_baseline,ann1,detector_only,5105
44,llm_selected_baseline,ann1,detector_only,5452
44,llm_selected_baseline,ann1,detector_only,6016
44,llm_selected_baseline,ann1,detector_only,6430
44,llm_selected_baseline,ann1,detector_only,6816
44,llm_selected_baseline,ann1,detector_only,7319
44,llm_selected_baseline,ann1,detector_only,7704
44,llm_selected_baseline,ann1,detector_only,8101
44,llm_selected_baseline,ann1,detector_only,8651
44,llm_selected_baseline,ann1,detector_only,9107
44,llm_selected_baseline,ann1,detector_only,9546
44,llm_selected_baseline,ann1,detector_only,10010
44,llm_selected_baseline,ann1,detector_only,10416
44,llm_selected_baseline,ann1,detector_only,10832
44,llm_selected_baseline,ann1,detector_only,11327
44,llm_selected_baseline,ann1,detector_only,11696
44,llm_selected_baseline,ann1,detector_only,12116
44,llm_selected_baseline,ann1,detector_only,12500
44,llm_selected_baseline,ann1,detector_only,13034
44,llm_selected_baseline,ann1,detector_only,13392
44,llm_selected_baseline,ann1,detector_only,13861
44,llm_selected_baseline,ann1,detector_only,14321
44,llm_selected_baseline,ann1,detector_only,14892
44,llm_selected_baseline,ann1,detector_only,15327
44,llm_selected_baseline,ann1,detector_only,15757
44,llm_selected_baseline,ann1,detector_only,16187
44,llm_selected_baseline,ann1,detector_only,16538
44,llm_selected_baseline,ann1,detector_only,17039
44,llm_selected_baseline,ann1,detector_only,17458
44,llm_selected_baseline,ann1,detector_only,17946
44,llm_selected_baseline,ann1,detector_only,18399
44,llm_selected_baseline,ann1,detector_only,18872
44,llm_selected_baseline,ann1,detector_only,19347
44,llm_selected_baseline,ann1,detector_only,19798
44,llm_selected_baseline,ann1,detector_only,20248
44,llm_selected_baseline,ann1,detector_only,20680
44,llm_selected_baseline,ann1,detector_only,21122
44,llm_selected_baseline,ann1,detector_only,21574
44,llm_selected_baseline,ann1,detector_only,22030
44,llm_selected_baseline,ann1,detector_only,22476
44,llm_selected_baseline,ann1,detector_only,22912
44,llm_selected_baseline,ann1,detector_only,23346
44,llm_selected_baseline,ann1,detector_only,23796
44,llm_selected_baseline,ann1,detector_only,24239
44,llm_selected_baseline,ann1,detector_only,24696
44,llm_selected_baseline,ann1,detector_only,25163
44,llm_selected_baseline,ann1,detector_only,25594
44,llm_selected_baseline,ann1,detector_only,26057
44,llm_selected_baseline,ann1,detector_only,26515
44,llm_selected_baseline,ann1,detector_only,26962
44,llm_selected_baseline,ann1,detector_only,27406
44,llm_selected_baseline,ann1,detector_only,27842
44,llm_selected_baseline,ann1,detector_only,28368
44,llm_selected_baseline,ann1,detector_only,28811
44,llm_selected_baseline,ann1,detector_only,29322
44,llm_selected_baseline,ann1,detector_only,29767
44,llm_selected_baseline,ann1,detector_only,30222
44,llm_selected_baseline,ann1,detector_only,30696
44,llm_selected_baseline,ann1,detector_only,31157
44,llm_selected_baseline,ann1,detector_only,31611
44,llm_selected_baseline,ann1,detector_only,32075
44,llm_selected_baseline,ann1,detector_only,32537
44,llm_selected_baseline,ann1,detector_only,32995
44,llm_selected_baseline,ann1,detector_only,33442
44,llm_selected_baseline,ann1,detector_only,33876
44,llm_selected_baseline,ann1,detector_only,34328
44,llm_selected_baseline,ann1,detector_only,34779
44,llm_selected_baseline,ann1,detector_only,35197
44,llm_selected_baseline,ann1,detector_only,35651
44,llm_selected_baseline,ann1,detector_only,36067
44,llm_selected_baseline,ann1,detector_only,36529
44,llm_selected_baseline,ann1,detector_only,36986
44,llm_selected_baseline,ann1,detector_only,37445
44,llm_selected_baseline,ann1,detector_only,37900
44,llm_selected_baseline,ann1,detector_only,38353
44,llm_selected_baseline,ann1,detector_only,38793
44,llm_selected_baseline,ann1,detector_only,39236
44,llm_selected_baseline,ann1,detector_only,39701
44,llm_selected_baseline,ann1,detector_only,40125
44,llm_selected_baseline,ann1,detector_only,40611
44,llm_selected_baseline,ann1,detector_only,41052
44,llm_selected_baseline,ann1,detector_only,41518
44,llm_selected_baseline,ann1,detector_only,42023
44,llm_selected_baseline,ann1,detector_only,42466
44,llm_selected_baseline,ann1,detector_only,42887
44,llm_selected_baseline,ann1,detector_only,43363
44,llm_selected_baseline,ann1,detector_only,43823
44,llm_selected_baseline,ann1,detector_only,44292
44,llm_selected_baseline,ann1,detector_only,44738
44,llm_selected_baseline,ann1,detector_only,45165
44,llm_selected_baseline,ann1,detector_only,45623
44,llm_selected_baseline,ann1,detector_only,46103
44,llm_selected_baseline,ann1,detector_only,46561
44,llm_selected_baseline,ann1,detector_only,47024
44,llm_selected_baseline,ann1,detector_only,47487
44,llm_selected_baseline,ann1,detector_only,47932
44,llm_selected_baseline,ann1,detector_only,48383
44,llm_selected_baseline,ann1,detector_only,48838
44,llm_selected_baseline,ann1,detector_only,49290
44,llm_selected_baseline,ann1,detector_only,49727
44,llm_selected_baseline,ann1,detector_only,50244
44,llm_selected_baseline,ann1,detector_only,50719
44,llm_selected_baseline,ann1,detector_only,51173
44,llm_selected_baseline,ann1,detector_only,51658
44,llm_selected_baseline,ann1,detector_only,52063
44,llm_selected_baseline,ann1,detector_only,52505
44,llm_selected_baseline,ann1,detector_only,52983
44,llm_selected_baseline,ann1,detector_only,53457
44,llm_selected_baseline,ann1,detector_only,53893
44,llm_selected_baseline,ann1,detector_only,54372
44,llm_selected_baseline,ann1,detector_only,54858
44,llm_selected_baseline,ann1,detector_only,55369
44,llm_selected_baseline,ann1,detector_only,55828
44,llm_selected_baseline,ann1,detector_only,56283
44,llm_selected_baseline,ann1,detector_only,56762
44,llm_selected_baseline,ann1,detector_only,57233
44,llm_selected_baseline,ann1,detector_only,57649
44,llm_selected_baseline,ann1,detector_only,57943
44,llm_selected_baseline,ann1,detector_only,58330
44,llm_selected_baseline,ann1,detector_only,58761
44,llm_selected_baseline,ann1,detector_only,59198
44,llm_selected_baseline,ann1,detector_only,59617
44,llm_selected_baseline,ann1,reference_only,393
44,llm_selected_baseline,ann1,reference_only,802
44,llm_selected_baseline,ann1,reference_only,1250
44,llm_selected_baseline,ann1,reference_only,1720
44,llm_selected_baseline,ann1,reference_only,2185
44,llm_selected_baseline,ann1,reference_only,2624
44,llm_selected_baseline,ann1,reference_only,3037
44,llm_selected_baseline,ann1,reference_only,3463
44,llm_selected_baseline,ann1,reference_only,3935
44,llm_selected_baseline,ann1,reference_only,4326
44,llm_selected_baseline,ann1,reference_only,4774
44,llm_selected_baseline,ann1,reference_only,5217
44,llm_selected_baseline,ann1,reference_only,5678
44,llm_selected_baseline,ann1,reference_only,6148
44,llm_selected_baseline,ann1,reference_only,6565
44,llm_selected_baseline,ann1,reference_only,7030
44,llm_selected_baseline,ann1,reference_only,7439
44,llm_selected_baseline,ann1,reference_only,7872
44,llm_selected_baseline,ann1,reference_only,8328
44,llm_selected_baseline,ann1,reference_only,8785
44,llm_selected_baseline,ann1,reference_only,9233
44,llm_selected_baseline,ann1,reference_only,9663
44,llm_selected_baseline,ann1,reference_only,10133
44,llm_selected_baseline,ann1,reference_only,10554
44,llm_selected_baseline,ann1,reference_only,10972
44,llm_selected_baseline,ann1,reference_only,11443
44,llm_selected_baseline,ann1,reference_only,11826
44,llm_selected_baseline,ann1,reference_only,12252
44,llm_selected_baseline,ann1,reference_only,12774
44,llm_selected_baseline,ann1,reference_only,13165
44,llm_selected_baseline,ann1,reference_only,13609
44,llm_selected_baseline,ann1,reference_only,14113
44,llm_selected_baseline,ann1,reference_only,14548
44,llm_selected_baseline,ann1,reference_only,15015
44,llm_selected_baseline,ann1,reference_only,15428
44,llm_selected_baseline,ann1,reference_only,15893
44,llm_selected_baseline,ann1,reference_only,16285
44,llm_selected_baseline,ann1,reference_only,16724
44,llm_selected_baseline,ann1,reference_only,17150
44,llm_selected_baseline,ann1,reference_only,17611
44,llm_selected_baseline,ann1,reference_only,18063
44,llm_selected_baseline,ann1,reference_only,18541
44,llm_selected_baseline,ann1,reference_only,18991
44,llm_selected_baseline,ann1,reference_only,19461
44,llm_selected_baseline,ann1,reference_only,19930
44,llm_selected_baseline,ann1,reference_only,20352
44,llm_selected_baseline,ann1,reference_only,20813
44,llm_selected_baseline,ann1,reference_only,21243
44,llm_selected_baseline,ann1,reference_only,21691
44,llm_selected_baseline,ann1,reference_only,22161
44,llm_selected_baseline,ann1,reference_only,22689
44,llm_selected_baseline,ann1,reference_only,23028
44,llm_selected_baseline,ann1,reference_only,23480
44,llm_selected_baseline,ann1,reference_only,23924
44,llm_selected_baseline,ann1,reference_only,24389
44,llm_selected_baseline,ann1,reference_only,24828
44,llm_selected_baseline,ann1,reference_only,25302
44,llm_selected_baseline,ann1,reference_only,25724
44,llm_selected_baseline,ann1,reference_only,26185
44,llm_selected_baseline,ann1,reference_only,26648
44,llm_selected_baseline,ann1,reference_only,27100
44,llm_selected_baseline,ann1,reference_only,27526
44,llm_selected_baseline,ann1,reference_only,28048
44,llm_selected_baseline,ann1,reference_only,28474
44,llm_selected_baseline,ann1,reference_only,28970
44,llm_selected_baseline,ann1,reference_only,29448
44,llm_selected_baseline,ann1,reference_only,29896
44,llm_selected_baseline,ann1,reference_only,30346
44,llm_selected_baseline,ann1,reference_only,30824
44,llm_selected_baseline,ann1,reference_only,31311
44,llm_selected_baseline,ann1,reference_only,31728
44,llm_selected_baseline,ann1,reference_only,32211
44,llm_selected_baseline,ann1,reference_only,32659
44,llm_selected_baseline,ann1,reference_only,33141
44,llm_selected_baseline,ann1,reference_only,33576
44,llm_selected_baseline,ann1,reference_only,33991
44,llm_selected_baseline,ann1,reference_only,34457
44,llm_selected_baseline,ann1,reference_only,34917
44,llm_selected_baseline,ann1,reference_only,35330
44,llm_selected_baseline,ann1,reference_only,35778
44,llm_selected_baseline,ann1,reference_only,36187
44,llm_selected_baseline,ann1,reference_only,36678
44,llm_selected_baseline,ann1,reference_only,37087
44,llm_selected_baseline,ann1,reference_only,37580
44,llm_selected_baseline,ann1,reference_only,38020
44,llm_selected_baseline,ann1,reference_only,38476
44,llm_selected_baseline,ann1,reference_only,38915
44,llm_selected_baseline,ann1,reference_only,39376
44,llm_selected_baseline,ann1,reference_only,39824
44,llm_selected_baseline,ann1,reference_only,40276
44,llm_selected_baseline,ann1,reference_only,40728
44,llm_selected_baseline,ann1,reference_only,41172
44,llm_selected_baseline,ann1,reference_only,41657
44,llm_selected_baseline,ann1,reference_only,42157
44,llm_selected_baseline,ann1,reference_only,42591
44,llm_selected_baseline,ann1,reference_only,43043
44,llm_selected_baseline,ann1,reference_only,43483
44,llm_selected_baseline,ann1,reference_only,43961
44,llm_selected_baseline,ann1,reference_only,44404
44,llm_selected_baseline,ann1,reference_only,44865
44,llm_selected_baseline,ann1,reference_only,45280
44,llm_selected_baseline,ann1,reference_only,45759
44,llm_selected_baseline,ann1,reference_only,46228
44,llm_selected_baseline,ann1,reference_only,46680
44,llm_selected_baseline,ann1,reference_only,47207
44,llm_selected_baseline,ann1,reference_only,47624
44,llm_selected_baseline,ann1,reference_only,48063
44,llm_selected_baseline,ann1,reference_only,48511
44,llm_selected_baseline,ann1,reference_only,48983
44,llm_selected_baseline,ann1,reference_only,49417
44,llm_selected_baseline,ann1,reference_only,49887
44,llm_selected_baseline,ann1,reference_only,50370
44,llm_selected_baseline,ann1,reference_only,50843
44,llm_selected_baseline,ann1,reference_only,51304
44,llm_selected_baseline,ann1,reference_only,51787
44,llm_selected_baseline,ann1,reference_only,52183
44,llm_selected_baseline,ann1,reference_only,52654
44,llm_selected_baseline,ann1,reference_only,53141
44,llm_selected_baseline,ann1,reference_only,53589
44,llm_selected_baseline,ann1,reference_only,54033
44,llm_selected_baseline,ann1,reference_only,54515
44,llm_selected_baseline,ann1,reference_only,55015
44,llm_selected_baseline,ann1,reference_only,55493
44,llm_selected_baseline,ann1,reference_only,55941
44,llm_selected_baseline,ann1,reference_only,56426
44,llm_selected_baseline,ann1,reference_only,56887
44,llm_selected_baseline,ann1,reference_only,57374
44,llm_selected_baseline,ann1,reference_only,58039
44,llm_selected_baseline,ann1,reference_only,58439
44,llm_selected_baseline,ann1,reference_only,58900
44,llm_selected_baseline,ann1,reference_only,59339
44,llm_selected_baseline,ann1,reference_only,59757
44,llm_selected_baseline,ann2,detector_only,11327
44,llm_selected_baseline,ann2,detector_only,18399
44,llm_selected_baseline,ann2,detector_only,57943
44,llm_selected_baseline,ann2,reference_only,11202
44,llm_selected_baseline,ann2,reference_only,18327
45,featuregraph,ann1,detector_only,16072
45,featuregraph,ann1,detector_only,21405
45,featuregraph,ann2,detector_only,10465
45,featuregraph,ann2,detector_only,16072
45,featuregraph,ann2,detector_only,21515
45,featuregraph,ann2,detector_only,32165
45,featuregraph,ann2,reference_only,10558
45,featuregraph,ann2,reference_only,32256
46,featuregraph,ann1,detector_only,313
46,featuregraph,ann1,detector_only,1004
46,featuregraph,ann1,detector_only,1601
46,featuregraph,ann1,detector_only,2325
46,featuregraph,ann1,detector_only,3186
46,featuregraph,ann1,detector_only,3462
46,featuregraph,ann1,detector_only,3575
46,featuregraph,ann1,detector_only,3803
46,featuregraph,ann1,detector_only,4716
46,featuregraph,ann1,detector_only,5260
46,featuregraph,ann1,detector_only,5480
46,featuregraph,ann1,detector_only,5670
46,featuregraph,ann1,detector_only,6238
46,featuregraph,ann1,detector_only,6506
46,featuregraph,ann1,detector_only,7100
46,featuregraph,ann1,detector_only,7296
46,featuregraph,ann1,detector_only,7412
46,featuregraph,ann1,detector_only,7718
46,featuregraph,ann1,detector_only,7922
46,featuregraph,ann1,detector_only,9136
46,featuregraph,ann1,detector_only,9877
46,featuregraph,ann1,detector_only,10269
46,featuregraph,ann1,detector_only,10466
46,featuregraph,ann1,detector_only,11474
46,featuregraph,ann1,detector_only,11600
46,featuregraph,ann1,detector_only,11728
46,featuregraph,ann1,detector_only,12000
46,featuregraph,ann1,detector_only,12420
46,featuregraph,ann1,detector_only,15320
46,featuregraph,ann1,detector_only,15458
46,featuregraph,ann1,detector_only,16028
46,featuregraph,ann1,detector_only,18216
46,featuregraph,ann1,detector_only,19278
46,featuregraph,ann1,detector_only,19690
46,featuregraph,ann1,detector_only,19906
46,featuregraph,ann1,detector_only,21170
46,featuregraph,ann1,detector_only,21316
46,featuregraph,ann1,detector_only,21446
46,featuregraph,ann1,detector_only,21888
46,featuregraph,ann1,detector_only,23316
46,featuregraph,ann1,detector_only,23540
46,featuregraph,ann1,detector_only,23966
46,featuregraph,ann1,detector_only,24194
46,featuregraph,ann1,detector_only,24376
46,featuregraph,ann1,detector_only,24806
46,featuregraph,ann1,detector_only,25350
46,featuregraph,ann1,detector_only,25656
46,featuregraph,ann1,detector_only,25856
46,featuregraph,ann1,detector_only,26091
46,featuregraph,ann1,detector_only,26556
46,featuregraph,ann1,detector_only,27916
46,featuregraph,ann1,detector_only,28060
46,featuregraph,ann1,detector_only,28272
46,featuregraph,ann1,detector_only,28418
46,featuregraph,ann1,detector_only,28680
46,featuregraph,ann1,detector_only,28822
46,featuregraph,ann1,detector_only,28952
46,featuregraph,ann1,detector_only,29666
46,featuregraph,ann1,detector_only,30146
46,featuregraph,ann1,detector_only,31176
46,featuregraph,ann1,detector_only,31662
46,featuregraph,ann1,detector_only,32154
46,featuregraph,ann1,detector_only,34394
46,featuregraph,ann1,detector_only,40596
46,featuregraph,ann1,detector_only,41233
46,featuregraph,ann1,detector_only,41902
46,featuregraph,ann1,detector_only,43394
46,featuregraph,ann1,detector_only,50238
46,featuregraph,ann1,reference_only,31093
46,featuregraph,ann1,reference_only,31589
46,featuregraph,ann1,reference_only,32224
46,featuregraph,ann1,reference_only,34483
46,featuregraph,ann1,reference_only,37589
46,featuregraph,ann1,reference_only,41089
46,featuregraph,ann1,reference_only,41370
46,featuregraph,ann2,detector_only,3462
46,featuregraph,ann2,detector_only,3803
46,featuregraph,ann2,detector_only,4716
46,featuregraph,ann2,detector_only,5260
46,featuregraph,ann2,detector_only,5480
46,featuregraph,ann2,detector_only,6506
46,featuregraph,ann2,detector_only,7100
46,featuregraph,ann2,detector_only,7296
46,featuregraph,ann2,detector_only,7412
46,featuregraph,ann2,detector_only,7922
46,featuregraph,ann2,detector_only,9136
46,featuregraph,ann2,detector_only,9877
46,featuregraph,ann2,detector_only,10466
46,featuregraph,ann2,detector_only,11474
46,featuregraph,ann2,detector_only,11728
46,featuregraph,ann2,detector_only,12000
46,featuregraph,ann2,detector_only,12928
46,featuregraph,ann2,detector_only,15320
46,featuregraph,ann2,detector_only,15458
46,featuregraph,ann2,detector_only,16028
46,featuregraph,ann2,detector_only,18216
46,featuregraph,ann2,detector_only,19278
46,featuregraph,ann2,detector_only,19690
46,featuregraph,ann2,detector_only,19906
46,featuregraph,ann2,detector_only,21170
46,featuregraph,ann2,detector_only,21316
46,featuregraph,ann2,detector_only,23316
46,featuregraph,ann2,detector_only,23966
46,featuregraph,ann2,detector_only,24376
46,featuregraph,ann2,detector_only,27916
46,featuregraph,ann2,detector_only,28060
46,featuregraph,ann2,detector_only,28272
46,featuregraph,ann2,detector_only,28680
46,featuregraph,ann2,detector_only,28822
46,featuregraph,ann2,detector_only,28952
46,featuregraph,ann2,detector_only,29666
46,featuregraph,ann2,detector_only,30146
46,featuregraph,ann2,detector_only,43394
46,featuregraph,ann2,detector_only,50238
46,featuregraph,ann2,reference_only,2113
46,featuregraph,ann2,reference_only,2678
46,featuregraph,ann2,reference_only,3734
46,featuregraph,ann2,reference_only,7199
46,featuregraph,ann2,reference_only,9978
46,featuregraph,ann2,reference_only,12857
46,llm_selected_baseline,ann1,detector_only,299
46,llm_selected_baseline,ann1,detector_only,913
46,llm_selected_baseline,ann1,detector_only,1110
46,llm_selected_baseline,ann1,detector_only,1600
46,llm_selected_baseline,ann1,detector_only,2102
46,llm_selected_baseline,ann1,detector_only,2338
46,llm_selected_baseline,ann1,detector_only,2676
46,llm_selected_baseline,ann1,detector_only,3163
46,llm_selected_baseline,ann1,detector_only,3560
46,llm_selected_baseline,ann1,detector_only,3771
46,llm_selected_baseline,ann1,detector_only,4486
46,llm_selected_baseline,ann1,detector_only,4729
46,llm_selected_baseline,ann1,detector_only,5669
46,llm_selected_baseline,ann1,detector_only,6224
46,llm_selected_baseline,ann1,detector_only,6503
46,llm_selected_baseline,ann1,detector_only,7386
46,llm_selected_baseline,ann1,detector_only,7909
46,llm_selected_baseline,ann1,detector_only,9140
46,llm_selected_baseline,ann1,detector_only,9980
46,llm_selected_baseline,ann1,detector_only,10273
46,llm_selected_baseline,ann1,detector_only,10468
46,llm_selected_baseline,ann1,detector_only,11625
46,llm_selected_baseline,ann1,detector_only,12432
46,llm_selected_baseline,ann1,detector_only,19662
46,llm_selected_baseline,ann1,detector_only,21469
46,llm_selected_baseline,ann1,detector_only,21874
46,llm_selected_baseline,ann1,detector_only,22471
46,llm_selected_baseline,ann1,detector_only,23543
46,llm_selected_baseline,ann1,detector_only,23975
46,llm_selected_baseline,ann1,detector_only,24184
46,llm_selected_baseline,ann1,detector_only,24814
46,llm_selected_baseline,ann1,detector_only,25351
46,llm_selected_baseline,ann1,detector_only,25668
46,llm_selected_baseline,ann1,detector_only,26073
46,llm_selected_baseline,ann1,detector_only,26555
46,llm_selected_baseline,ann1,detector_only,27477
46,llm_selected_baseline,ann1,detector_only,27920
46,llm_selected_baseline,ann1,detector_only,28436
46,llm_selected_baseline,ann1,detector_only,28637
46,llm_selected_baseline,ann1,detector_only,30124
46,llm_selected_baseline,ann1,detector_only,30330
46,llm_selected_baseline,ann1,detector_only,32149
46,llm_selected_baseline,ann1,detector_only,34280
46,llm_selected_baseline,ann1,detector_only,40587
46,llm_selected_baseline,ann1,detector_only,41871
46,llm_selected_baseline,ann1,detector_only,42190
46,llm_selected_baseline,ann1,detector_only,42781
46,llm_selected_baseline,ann1,detector_only,47730
46,llm_selected_baseline,ann1,detector_only,50244
46,llm_selected_baseline,ann1,detector_only,50955
46,llm_selected_baseline,ann1,detector_only,52541
46,llm_selected_baseline,ann1,detector_only,57390
46,llm_selected_baseline,ann1,reference_only,4422
46,llm_selected_baseline,ann1,reference_only,27600
46,llm_selected_baseline,ann1,reference_only,30398
46,llm_selected_baseline,ann1,reference_only,32224
46,llm_selected_baseline,ann1,reference_only,34483
46,llm_selected_baseline,ann1,reference_only,37589
46,llm_selected_baseline,ann1,reference_only,41089
46,llm_selected_baseline,ann1,reference_only,42309
46,llm_selected_baseline,ann1,reference_only,42891
46,llm_selected_baseline,ann1,reference_only,47654
46,llm_selected_baseline,ann1,reference_only,51057
46,llm_selected_baseline,ann1,reference_only,52465
46,llm_selected_baseline,ann1,reference_only,57309
46,llm_selected_baseline,ann2,detector_only,913
46,llm_selected_baseline,ann2,detector_only,1110
46,llm_selected_baseline,ann2,detector_only,4729
46,llm_selected_baseline,ann2,detector_only,6503
46,llm_selected_baseline,ann2,detector_only,7386
46,llm_selected_baseline,ann2,detector_only,7909
46,llm_selected_baseline,ann2,detector_only,9140
46,llm_selected_baseline,ann2,detector_only,10468
46,llm_selected_baseline,ann2,detector_only,19662
46,llm_selected_baseline,ann2,detector_only,22471
46,llm_selected_baseline,ann2,detector_only,23975
46,llm_selected_baseline,ann2,detector_only,27920
46,llm_selected_baseline,ann2,detector_only,28637
46,llm_selected_baseline,ann2,detector_only,30124
46,llm_selected_baseline,ann2,detector_only,34280
46,llm_selected_baseline,ann2,detector_only,41419
46,llm_selected_baseline,ann2,detector_only,42190
46,llm_selected_baseline,ann2,detector_only,42781
46,llm_selected_baseline,ann2,detector_only,50244
46,llm_selected_baseline,ann2,detector_only,52541
46,llm_selected_baseline,ann2,detector_only,57390
46,llm_selected_baseline,ann2,reference_only,1005
46,llm_selected_baseline,ann2,reference_only,7199
46,llm_selected_baseline,ann2,reference_only,7730
46,llm_selected_baseline,ann2,reference_only,25869
46,llm_selected_baseline,ann2,reference_only,34391
46,llm_selected_baseline,ann2,reference_only,41218
46,llm_selected_baseline,ann2,reference_only,42287
46,llm_selected_baseline,ann2,reference_only,42947
46,llm_selected_baseline,ann2,reference_only,52473
46,llm_selected_baseline,ann2,reference_only,57324
47,featuregraph,ann1,detector_only,11809
47,featuregraph,ann1,reference_only,5796
47,featuregraph,ann2,detector_only,11809
47,featuregraph,ann2,detector_only,12357
47,featuregraph,ann2,detector_only,12933
47,featuregraph,ann2,reference_only,12867
47,llm_selected_baseline,ann1,detector_only,11829
47,llm_selected_baseline,ann1,reference_only,5796
47,llm_selected_baseline,ann2,detector_only,11829
47,llm_selected_baseline,ann2,detector_only,12351
48,featuregraph,ann1,detector_only,294
48,featuregraph,ann1,detector_only,3204
48,featuregraph,ann1,detector_only,3591
48,featuregraph,ann1,detector_only,3907
48,featuregraph,ann1,detector_only,4091
48,featuregraph,ann1,detector_only,4772
48,featuregraph,ann1,detector_only,5480
48,featuregraph,ann1,detector_only,55175
48,featuregraph,ann1,detector_only,55690
48,featuregraph,ann1,detector_only,56104
48,featuregraph,ann1,reference_only,55328
48,featuregraph,ann1,reference_only,55872
48,featuregraph,ann1,reference_only,55993
48,featuregraph,ann1,reference_only,56172
48,featuregraph,ann2,detector_only,294
48,featuregraph,ann2,detector_only,3204
48,featuregraph,ann2,detector_only,4091
48,featuregraph,ann2,detector_only,4772
48,featuregraph,ann2,detector_only,5480
48,featuregraph,ann2,detector_only,55690
48,featuregraph,ann2,detector_only,56104
48,featuregraph,ann2,reference_only,77
48,featuregraph,ann2,reference_only,55991
48,llm_selected_baseline,ann1,detector_only,106
48,llm_selected_baseline,ann1,detector_only,3505
48,llm_selected_baseline,ann1,detector_only,3914
48,llm_selected_baseline,ann1,detector_only,4769
48,llm_selected_baseline,ann1,detector_only,54969
48,llm_selected_baseline,ann1,detector_only,55678
48,llm_selected_baseline,ann1,detector_only,56360
48,llm_selected_baseline,ann1,reference_only,55328
48,llm_selected_baseline,ann1,reference_only,55872
48,llm_selected_baseline,ann1,reference_only,56172
48,llm_selected_baseline,ann2,detector_only,3505
48,llm_selected_baseline,ann2,detector_only,4769
48,llm_selected_baseline,ann2,detector_only,54969
48,llm_selected_baseline,ann2,detector_only,55678
48,llm_selected_baseline,ann2,detector_only,56360
48,llm_selected_baseline,ann2,reference_only,3596
48,llm_selected_baseline,ann2,reference_only,55162
49,featuregraph,ann1,detector_only,14234
49,featuregraph,ann1,detector_only,21785
49,featuregraph,ann1,reference_only,28157
49,featuregraph,ann1,reference_only,59978
49,featuregraph,ann2,detector_only,14234
49,featuregraph,ann2,detector_only,21785
49,featuregraph,ann2,reference_only,59978
49,llm_selected_baseline,ann1,reference_only,28157
49,llm_selected_baseline,ann1,reference_only,59978
49,llm_selected_baseline,ann2,detector_only,14292
49,llm_selected_baseline,ann2,reference_only,14356
49,llm_selected_baseline,ann2,reference_only,59978
51,featuregraph,ann1,reference_only,80
51,featuregraph,ann2,reference_only,77
51,llm_selected_baseline,ann1,reference_only,80
51,llm_selected_baseline,ann2,reference_only,77
52,featuregraph,ann1,detector_only,54737
52,featuregraph,ann1,detector_only,56819
52,featuregraph,ann1,reference_only,37
52,featuregraph,ann2,detector_only,54737
52,featuregraph,ann2,detector_only,56819
52,featuregraph,ann2,reference_only,40
52,llm_selected_baseline,ann1,reference_only,37
52,llm_selected_baseline,ann2,reference_only,40
53,featuregraph,ann1,detector_only,33746
53,featuregraph,ann1,reference_only,3376
53,featuregraph,ann1,reference_only,3441
53,llm_selected_baseline,ann1,detector_only,33737
53,llm_selected_baseline,ann1,reference_only,3376
53,llm_selected_baseline,ann1,reference_only,3441
