episode_id,subject,featuregraph_object_id,discordance_type,temporal_pattern,burst_id,burst_size,previous_featuregraph_object_id,next_featuregraph_object_id,start_index,start_time_seconds,peak_index,peak_time_seconds,end_index,end_time_seconds,peak_detection_index,peak_detection_time_seconds,peak_detection_latency_samples,peak_detection_latency_seconds,period_seconds,full_excursion,temporal_symmetry,annotation_status,excluded_by_ann1,excluded_by_ann2,excluded_by_both_annotators,retained_by_one_or_both_annotators,plateau_boundary_ambiguous,clinical_interpretation,sampling_rate_hz,construction,construction_version,comparator,is_complete,transition_complete,plateau_invalidated_complete,start_trough_transition_index,start_trough_start_index,start_trough_end_index,peak_transition_index,peak_start_index,peak_end_index,end_trough_transition_index,end_trough_start_index,end_trough_end_index,burst_number
bidmc-02-fg-0001,2,1,featuregraph_only,isolated,bidmc-02-burst-001,1,0,2,98.0,0.784,318.0,2.544,509.0,4.072,453,3.624,135.0,1.08,,1.16856,0.9294403892944039,retained_by_both,False,False,False,True,False,unassigned,125,envelope_plateau,envelope_plateau_v1,frozen_llm_scipy_find_peaks,True,True,False,98,98,98,283,283,353,509,509,509,1
bidmc-02-fg-0043,2,43,featuregraph_only,burst,bidmc-02-burst-002,2,42,44,20324.0,162.592,20357.0,162.856,20475.0,163.8,20457,163.656,100.0,0.8,1.864,0.179579,0.4370860927152318,excluded_by_both,True,True,True,False,False,unassigned,125,envelope_plateau,envelope_plateau_v1,frozen_llm_scipy_find_peaks,True,True,False,20324,20324,20324,20357,20357,20357,20475,20475,20475,2
bidmc-02-fg-0044,2,44,featuregraph_only,burst,bidmc-02-burst-002,2,43,45,20475.0,163.8,20805.0,166.44,20975.0,167.8,20931,167.448,126.0,1.008,3.584,1.25835,0.6799999999999999,retained_by_both,False,False,False,True,False,unassigned,125,envelope_plateau,envelope_plateau_v1,frozen_llm_scipy_find_peaks,True,True,False,20475,20475,20475,20779,20779,20831,20975,20975,20975,2
bidmc-02-fg-0084,2,84,featuregraph_only,burst,bidmc-02-burst-003,7,83,85,40199.0,321.592,40202.0,321.616,40204.0,321.632,40303,322.424,101.0,0.808,0.888,0.02460000000000001,0.8,excluded_by_both,True,True,True,False,False,unassigned,125,envelope_plateau,envelope_plateau_v1,frozen_llm_scipy_find_peaks,True,True,False,40200,40199,40200,40201,40201,40203,40205,40204,40205,3
bidmc-02-fg-0085,2,85,featuregraph_only,burst,bidmc-02-burst-003,7,84,86,40204.0,321.632,40207.0,321.656,40209.0,321.672,40308,322.464,101.0,0.808,0.04,0.019680000000000003,0.8,excluded_by_both,True,True,True,False,False,unassigned,125,envelope_plateau,envelope_plateau_v1,frozen_llm_scipy_find_peaks,True,True,False,40205,40204,40205,40206,40206,40208,40210,40209,40210,3
bidmc-02-fg-0086,2,86,featuregraph_only,burst,bidmc-02-burst-003,7,85,87,40209.0,321.672,40212.0,321.696,40215.0,321.72,40313,322.504,101.0,0.808,0.04,0.019680000000000003,1.0,excluded_by_both,True,True,True,False,False,unassigned,125,envelope_plateau,envelope_plateau_v1,frozen_llm_scipy_find_peaks,True,True,False,40210,40209,40210,40211,40211,40213,40216,40214,40216,3
bidmc-02-fg-0087,2,87,featuregraph_only,burst,bidmc-02-burst-003,7,86,88,40215.0,321.72,40218.0,321.744,40220.0,321.76,40319,322.552,101.0,0.808,0.048,0.018449000000000007,0.8,excluded_by_both,True,True,True,False,False,unassigned,125,envelope_plateau,envelope_plateau_v1,frozen_llm_scipy_find_peaks,True,True,False,40216,40214,40216,40217,40217,40219,40221,40220,40221,3
bidmc-02-fg-0088,2,88,featuregraph_only,burst,bidmc-02-burst-003,7,87,89,40220.0,321.76,40223.0,321.784,40225.0,321.8,40324,322.592,101.0,0.808,0.04,0.01722,0.8,excluded_by_both,True,True,True,False,False,unassigned,125,envelope_plateau,envelope_plateau_v1,frozen_llm_scipy_find_peaks,True,True,False,40221,40220,40221,40222,40222,40224,40226,40225,40226,3
bidmc-02-fg-0089,2,89,featuregraph_only,burst,bidmc-02-burst-003,7,88,90,40225.0,321.8,40228.0,321.824,40231.0,321.848,40329,322.632,101.0,0.808,0.04,0.02706100000000001,1.0,excluded_by_both,True,True,True,False,False,unassigned,125,envelope_plateau,envelope_plateau_v1,frozen_llm_scipy_find_peaks,True,True,False,40226,40225,40226,40227,40227,40229,40232,40230,40232,3
bidmc-02-fg-0090,2,90,featuregraph_only,burst,bidmc-02-burst-003,7,89,91,40231.0,321.848,40234.0,321.872,40236.0,321.888,40335,322.68,101.0,0.808,0.048,0.017219999999999996,0.8,excluded_by_both,True,True,True,False,False,unassigned,125,envelope_plateau,envelope_plateau_v1,frozen_llm_scipy_find_peaks,True,True,False,40232,40230,40232,40233,40233,40235,40237,40236,40237,3
bidmc-02-fg-0127,2,127,featuregraph_only,isolated,bidmc-02-burst-004,1,126,128,56702.0,453.616,56743.0,453.944,56764.0,454.112,56845,454.76,102.0,0.816,1.976,0.09840000000000002,0.6774193548387097,excluded_by_both,True,True,True,False,False,unassigned,125,envelope_plateau,envelope_plateau_v1,frozen_llm_scipy_find_peaks,True,True,False,56703,56702,56703,56741,56741,56745,56765,56764,56765,4
bidmc-03-fg-0001,3,1,featuregraph_only,isolated,bidmc-03-burst-001,1,0,2,98.0,0.784,311.0,2.488,497.0,3.976,413,3.304,102.0,0.816,,0.49266999999999994,0.9323308270676691,retained_by_both,False,False,False,True,False,unassigned,125,envelope_plateau,envelope_plateau_v1,frozen_llm_scipy_find_peaks,True,True,False,98,98,98,309,309,313,498,497,498,1
bidmc-03-fg-0030,3,30,featuregraph_only,isolated,bidmc-03-burst-002,1,29,31,12468.0,99.744,12703.0,101.624,12902.0,103.216,12806,102.448,103.0,0.824,3.744,0.4174,0.9170506912442397,retained_by_both,False,False,False,True,False,unassigned,125,envelope_plateau,envelope_plateau_v1,frozen_llm_scipy_find_peaks,True,True,False,12468,12468,12468,12701,12701,12706,12902,12902,12902,2
bidmc-04-fg-0001,4,1,featuregraph_only,isolated,bidmc-04-burst-001,1,0,2,98.0,0.784,199.0,1.592,392.0,3.136,299,2.392,100.0,0.8,,0.47892,0.6870748299319728,retained_by_both,False,False,False,True,False,unassigned,125,envelope_plateau,envelope_plateau_v1,frozen_llm_scipy_find_peaks,True,True,False,98,98,98,199,199,199,393,392,393,1
bidmc-04-fg-0007,4,7,featuregraph_only,isolated,bidmc-04-burst-002,1,6,8,2455.0,19.64,2456.0,19.648,2457.0,19.656,2556,20.448,100.0,0.8,1.976,0.0,1.0,excluded_by_both,True,True,True,False,False,unassigned,125,envelope_plateau,envelope_plateau_v1,frozen_llm_scipy_find_peaks,True,True,False,2455,2455,2455,2456,2456,2456,2457,2457,2457,2
bidmc-04-fg-0054,4,54,featuregraph_only,isolated,bidmc-04-burst-003,1,53,55,22521.0,180.168,22572.0,180.576,22629.0,181.032,22675,181.4,103.0,0.824,2.048,0.04819000000000001,0.9444444444444444,excluded_by_both,True,True,True,False,False,unassigned,125,envelope_plateau,envelope_plateau_v1,frozen_llm_scipy_find_peaks,True,True,False,22521,22521,22521,22569,22569,22575,22629,22629,22629,3
bidmc-04-fg-0060,4,60,featuregraph_only,burst,bidmc-04-burst-004,13,59,61,24736.0,197.888,24740.0,197.92,24741.0,197.928,24840,198.72,100.0,0.8,1.568,0.0,0.4,excluded_by_both,True,True,True,False,False,unassigned,125,envelope_plateau,envelope_plateau_v1,frozen_llm_scipy_find_peaks,True,True,False,24739,24733,24739,24740,24740,24740,24741,24741,24741,4
bidmc-04-fg-0061,4,61,featuregraph_only,burst,bidmc-04-burst-004,13,60,62,24741.0,197.928,24742.0,197.936,24743.0,197.944,24842,198.736,100.0,0.8,0.016,0.0030100000000000127,1.0,excluded_by_both,True,True,True,False,False,unassigned,125,envelope_plateau,envelope_plateau_v1,frozen_llm_scipy_find_peaks,True,True,False,24741,24741,24741,24742,24742,24742,24743,24743,24743,4
bidmc-04-fg-0062,4,62,featuregraph_only,burst,bidmc-04-burst-004,13,61,63,24743.0,197.944,24744.0,197.952,24745.0,197.96,24844,198.752,100.0,0.8,0.016,0.0,1.0,excluded_by_both,True,True,True,False,False,unassigned,125,envelope_plateau,envelope_plateau_v1,frozen_llm_scipy_find_peaks,True,True,False,24743,24743,24743,24744,24744,24744,24745,24745,24745,4
bidmc-04-fg-0063,4,63,featuregraph_only,burst,bidmc-04-burst-004,13,62,64,24745.0,197.96,24746.0,197.968,24747.0,197.976,24846,198.768,100.0,0.8,0.016,0.0,1.0,excluded_by_both,True,True,True,False,False,unassigned,125,envelope_plateau,envelope_plateau_v1,frozen_llm_scipy_find_peaks,True,True,False,24745,24745,24745,24746,24746,24746,24747,24747,24747,4
bidmc-04-fg-0064,4,64,featuregraph_only,burst,bidmc-04-burst-004,13,63,65,24747.0,197.976,24748.0,197.984,24749.0,197.992,24848,198.784,100.0,0.8,0.016,0.0,1.0,excluded_by_both,True,True,True,False,False,unassigned,125,envelope_plateau,envelope_plateau_v1,frozen_llm_scipy_find_peaks,True,True,False,24747,24747,24747,24748,24748,24748,24749,24749,24749,4
bidmc-04-fg-0065,4,65,featuregraph_only,burst,bidmc-04-burst-004,13,64,66,24749.0,197.992,24750.0,198.0,24751.0,198.008,24850,198.8,100.0,0.8,0.016,0.0,1.0,excluded_by_both,True,True,True,False,False,unassigned,125,envelope_plateau,envelope_plateau_v1,frozen_llm_scipy_find_peaks,True,True,False,24749,24749,24749,24750,24750,24750,24751,24751,24751,4
bidmc-04-fg-0066,4,66,featuregraph_only,burst,bidmc-04-burst-004,13,65,67,24751.0,198.008,24752.0,198.016,24753.0,198.024,24852,198.816,100.0,0.8,0.016,0.0030100000000000127,1.0,excluded_by_both,True,True,True,False,False,unassigned,125,envelope_plateau,envelope_plateau_v1,frozen_llm_scipy_find_peaks,True,True,False,24751,24751,24751,24752,24752,24752,24753,24753,24753,4
bidmc-04-fg-0067,4,67,featuregraph_only,burst,bidmc-04-burst-004,13,66,68,24753.0,198.024,24754.0,198.032,24755.0,198.04,24854,198.832,100.0,0.8,0.016,0.0,1.0,excluded_by_both,True,True,True,False,False,unassigned,125,envelope_plateau,envelope_plateau_v1,frozen_llm_scipy_find_peaks,True,True,False,24753,24753,24753,24754,24754,24754,24755,24755,24755,4
bidmc-04-fg-0068,4,68,featuregraph_only,burst,bidmc-04-burst-004,13,67,69,24755.0,198.04,24756.0,198.048,24757.0,198.056,24856,198.848,100.0,0.8,0.016,0.0,1.0,excluded_by_both,True,True,True,False,False,unassigned,125,envelope_plateau,envelope_plateau_v1,frozen_llm_scipy_find_peaks,True,True,False,24755,24755,24755,24756,24756,24756,24757,24757,24757,4
bidmc-04-fg-0069,4,69,featuregraph_only,burst,bidmc-04-burst-004,13,68,70,24757.0,198.056,24758.0,198.064,24759.0,198.072,24858,198.864,100.0,0.8,0.016,0.0,1.0,excluded_by_both,True,True,True,False,False,unassigned,125,envelope_plateau,envelope_plateau_v1,frozen_llm_scipy_find_peaks,True,True,False,24757,24757,24757,24758,24758,24758,24759,24759,24759,4
bidmc-04-fg-0070,4,70,featuregraph_only,burst,bidmc-04-burst-004,13,69,71,24759.0,198.072,24760.0,198.08,24761.0,198.088,24860,198.88,100.0,0.8,0.016,0.0,1.0,excluded_by_both,True,True,True,False,False,unassigned,125,envelope_plateau,envelope_plateau_v1,frozen_llm_scipy_find_peaks,True,True,False,24759,24759,24759,24760,24760,24760,24761,24761,24761,4
bidmc-04-fg-0071,4,71,featuregraph_only,burst,bidmc-04-burst-004,13,70,72,24761.0,198.088,24762.0,198.096,24763.0,198.104,24862,198.896,100.0,0.8,0.016,0.0,1.0,excluded_by_both,True,True,True,False,False,unassigned,125,envelope_plateau,envelope_plateau_v1,frozen_llm_scipy_find_peaks,True,True,False,24761,24761,24761,24762,24762,24762,24763,24763,24763,4
bidmc-04-fg-0072,4,72,featuregraph_only,burst,bidmc-04-burst-004,13,71,73,24763.0,198.104,24764.0,198.112,24768.0,198.144,24864,198.912,100.0,0.8,0.016,0.00602999999999998,0.4,excluded_by_both,True,True,True,False,False,unassigned,125,envelope_plateau,envelope_plateau_v1,frozen_llm_scipy_find_peaks,True,True,False,24763,24763,24763,24764,24764,24764,24772,24765,24772,4
bidmc-04-fg-0075,4,75,featuregraph_only,isolated,bidmc-04-burst-005,1,74,76,25816.0,206.528,25867.0,206.936,25912.0,207.296,25969,207.752,102.0,0.816,1.936,0.04216000000000003,0.9375,excluded_by_both,True,True,True,False,False,unassigned,125,envelope_plateau,envelope_plateau_v1,frozen_llm_scipy_find_peaks,True,True,False,25817,25816,25817,25865,25865,25869,25912,25912,25912,5
bidmc-04-fg-0089,4,89,featuregraph_only,isolated,bidmc-04-burst-006,1,88,90,31603.0,252.824,31767.0,254.136,31780.0,254.24,31869,254.952,102.0,0.816,3.048,0.06627,0.14689265536723162,excluded_by_both,True,True,True,False,False,unassigned,125,envelope_plateau,envelope_plateau_v1,frozen_llm_scipy_find_peaks,True,True,False,31625,31582,31625,31765,31765,31769,31781,31780,31781,6
bidmc-04-fg-0093,4,93,featuregraph_only,isolated,bidmc-04-burst-007,1,92,94,32670.0,261.36,32726.0,261.808,32753.0,262.024,32828,262.624,102.0,0.816,1.872,0.05421999999999999,0.6506024096385542,excluded_by_both,True,True,True,False,False,unassigned,125,envelope_plateau,envelope_plateau_v1,frozen_llm_scipy_find_peaks,True,True,False,32671,32670,32671,32725,32725,32728,32754,32753,32754,7
bidmc-04-fg-0104,4,104,featuregraph_only,isolated,bidmc-04-burst-008,1,103,105,37233.0,297.864,37289.0,298.312,37324.0,298.592,37389,299.112,100.0,0.8,1.96,0.05723,0.7692307692307692,excluded_by_both,True,True,True,False,False,unassigned,125,envelope_plateau,envelope_plateau_v1,frozen_llm_scipy_find_peaks,True,True,False,37234,37233,37234,37289,37289,37289,37325,37323,37325,8
bidmc-04-fg-0127,4,127,featuregraph_only,isolated,bidmc-04-burst-009,1,126,128,46361.0,370.888,46466.0,371.728,46483.0,371.864,46567,372.536,101.0,0.808,2.424,0.060240000000000016,0.2786885245901639,excluded_by_both,True,True,True,False,False,unassigned,125,envelope_plateau,envelope_plateau_v1,frozen_llm_scipy_find_peaks,True,True,False,46361,46361,46361,46465,46465,46467,46484,46482,46484,9
bidmc-04-fg-0129,4,129,featuregraph_only,isolated,bidmc-04-burst-010,1,128,130,46951.0,375.608,47007.0,376.056,47035.0,376.28,47107,376.856,100.0,0.8,1.968,0.05120000000000002,0.6666666666666667,excluded_by_both,True,True,True,False,False,unassigned,125,envelope_plateau,envelope_plateau_v1,frozen_llm_scipy_find_peaks,True,True,False,46952,46951,46952,47007,47007,47007,47035,47035,47035,10
bidmc-04-fg-0134,4,134,featuregraph_only,burst,bidmc-04-burst-011,2,133,135,48917.0,391.336,48923.0,391.384,48930.0,391.44,49027,392.216,104.0,0.832,1.904,0.0030100000000000127,0.9230769230769231,excluded_by_both,True,True,True,False,False,unassigned,125,envelope_plateau,envelope_plateau_v1,frozen_llm_scipy_find_peaks,True,True,False,48919,48916,48919,48920,48920,48927,48932,48928,48932,11
bidmc-04-fg-0135,4,135,featuregraph_only,burst,bidmc-04-burst-011,2,134,136,48930.0,391.44,48936.0,391.488,48942.0,391.536,49040,392.32,104.0,0.832,0.104,0.015060000000000018,1.0,excluded_by_both,True,True,True,False,False,unassigned,125,envelope_plateau,envelope_plateau_v1,frozen_llm_scipy_find_peaks,True,True,False,48932,48928,48932,48933,48933,48940,48944,48941,48944,11
bidmc-04-fg-0145,4,145,featuregraph_only,isolated,bidmc-04-burst-012,1,144,146,52499.0,419.992,52566.0,420.528,52583.0,420.664,52669,421.352,103.0,0.824,2.184,0.08433999999999997,0.40476190476190477,excluded_by_both,True,True,True,False,False,unassigned,125,envelope_plateau,envelope_plateau_v1,frozen_llm_scipy_find_peaks,True,True,False,52500,52499,52500,52563,52563,52569,52583,52583,52583,12
bidmc-04-fg-0158,4,158,featuregraph_only,burst,bidmc-04-burst-013,2,157,159,58183.0,465.464,58184.0,465.472,58185.0,465.48,58284,466.272,100.0,0.8,1.808,0.0,1.0,excluded_by_both,True,True,True,False,False,unassigned,125,envelope_plateau,envelope_plateau_v1,frozen_llm_scipy_find_peaks,True,True,False,58183,58183,58183,58184,58184,58184,58185,58185,58185,13
bidmc-04-fg-0159,4,159,featuregraph_only,burst,bidmc-04-burst-013,2,158,160,58185.0,465.48,58186.0,465.488,58187.0,465.496,58286,466.288,100.0,0.8,0.016,0.0,1.0,excluded_by_both,True,True,True,False,False,unassigned,125,envelope_plateau,envelope_plateau_v1,frozen_llm_scipy_find_peaks,True,True,False,58185,58185,58185,58186,58186,58186,58187,58187,58187,13
bidmc-05-fg-0001,5,1,featuregraph_only,isolated,bidmc-05-burst-001,1,0,2,284.0,2.272,695.0,5.56,737.0,5.896,795,6.36,100.0,0.8,,0.24145,0.1854304635761589,excluded_by_both,True,True,True,False,False,unassigned,125,envelope_plateau,envelope_plateau_v1,frozen_llm_scipy_find_peaks,True,True,False,324,244,324,695,695,695,738,737,738,1
bidmc-05-fg-0004,5,4,featuregraph_only,isolated,bidmc-05-burst-002,1,3,5,1552.0,12.416,1917.0,15.336,1932.0,15.456,2019,16.152,102.0,0.816,5.192,0.23069,0.07894736842105265,excluded_by_both,True,True,True,False,False,unassigned,125,envelope_plateau,envelope_plateau_v1,frozen_llm_scipy_find_peaks,True,True,False,1593,1512,1593,1916,1916,1919,1932,1932,1932,2
bidmc-05-fg-0009,5,9,featuregraph_only,burst,bidmc-05-burst-003,2,8,10,4078.0,32.624,4297.0,34.376,4319.0,34.552,4399,35.192,102.0,0.816,3.92,0.18377,0.18257261410788383,excluded_by_both,True,True,True,False,False,unassigned,125,envelope_plateau,envelope_plateau_v1,frozen_llm_scipy_find_peaks,True,True,False,4120,4036,4120,4296,4296,4299,4320,4319,4320,3
bidmc-05-fg-0010,5,10,featuregraph_only,burst,bidmc-05-burst-003,2,9,11,4319.0,34.552,4597.0,36.776,4645.0,37.16,4697,37.576,100.0,0.8,2.4,0.09384,0.29447852760736193,excluded_by_both,True,True,True,False,False,unassigned,125,envelope_plateau,envelope_plateau_v1,frozen_llm_scipy_find_peaks,True,True,False,4320,4319,4320,4597,4597,4597,4645,4645,4645,3
bidmc-05-fg-0013,5,13,featuregraph_only,burst,bidmc-05-burst-004,2,12,14,5327.0,42.616,5593.0,44.744,5605.0,44.84,5697,45.576,104.0,0.832,4.416,0.19257,0.08633093525179858,excluded_by_both,True,True,True,False,False,unassigned,125,envelope_plateau,envelope_plateau_v1,frozen_llm_scipy_find_peaks,True,True,False,5367,5288,5367,5589,5589,5597,5605,5605,5605,4
bidmc-05-fg-0014,5,14,featuregraph_only,burst,bidmc-05-burst-004,2,13,15,5605.0,44.84,5742.0,45.936,5768.0,46.144,5843,46.744,101.0,0.808,1.192,0.07918,0.3190184049079755,excluded_by_both,True,True,True,False,False,unassigned,125,envelope_plateau,envelope_plateau_v1,frozen_llm_scipy_find_peaks,True,True,False,5605,5605,5605,5741,5741,5743,5768,5768,5768,4
bidmc-05-fg-0016,5,16,featuregraph_only,burst,bidmc-05-burst-005,21,15,17,6371.0,50.968,6969.0,55.752,7077.0,56.616,7069,56.552,100.0,0.8,6.928,0.24829,0.30594900849858353,excluded_by_both,True,True,True,False,False,unassigned,125,envelope_plateau,envelope_plateau_v1,frozen_llm_scipy_find_peaks,True,True,False,6408,6334,6408,6969,6969,6969,7077,7077,7077,5
bidmc-05-fg-0017,5,17,featuregraph_only,burst,bidmc-05-burst-005,21,16,18,7077.0,56.616,7122.0,56.976,7169.0,57.352,7223,57.784,101.0,0.808,1.224,0.04887,0.9782608695652174,excluded_by_both,True,True,True,False,False,unassigned,125,envelope_plateau,envelope_plateau_v1,frozen_llm_scipy_find_peaks,True,True,False,7077,7077,7077,7121,7121,7123,7169,7169,7169,5
bidmc-05-fg-0018,5,18,featuregraph_only,burst,bidmc-05-burst-005,21,17,19,7169.0,57.352,7280.0,58.24,7330.0,58.64,7382,59.056,102.0,0.816,1.264,0.10751999999999998,0.6211180124223603,excluded_by_both,True,True,True,False,False,unassigned,125,envelope_plateau,envelope_plateau_v1,frozen_llm_scipy_find_peaks,True,True,False,7169,7169,7169,7279,7279,7282,7331,7330,7331,5
bidmc-05-fg-0019,5,19,featuregraph_only,burst,bidmc-05-burst-005,21,18,20,7330.0,58.64,7332.0,58.656,7333.0,58.664,7432,59.456,100.0,0.8,0.416,0.0009800000000000086,0.6666666666666667,excluded_by_both,True,True,True,False,False,unassigned,125,envelope_plateau,envelope_plateau_v1,frozen_llm_scipy_find_peaks,True,True,False,7331,7330,7331,7332,7332,7332,7334,7333,7334,5
bidmc-05-fg-0020,5,20,featuregraph_only,burst,bidmc-05-burst-005,21,19,21,7333.0,58.664,7335.0,58.68,7336.0,58.688,7435,59.48,100.0,0.8,0.024,0.0009699999999999986,0.6666666666666667,excluded_by_both,True,True,True,False,False,unassigned,125,envelope_plateau,envelope_plateau_v1,frozen_llm_scipy_find_peaks,True,True,False,7334,7333,7334,7335,7335,7335,7337,7336,7337,5
bidmc-05-fg-0021,5,21,featuregraph_only,burst,bidmc-05-burst-005,21,20,22,7336.0,58.688,7338.0,58.704,7339.0,58.712,7438,59.504,100.0,0.8,0.024,0.0019600000000000173,0.6666666666666667,excluded_by_both,True,True,True,False,False,unassigned,125,envelope_plateau,envelope_plateau_v1,frozen_llm_scipy_find_peaks,True,True,False,7337,7336,7337,7338,7338,7338,7339,7339,7339,5
bidmc-05-fg-0022,5,22,featuregraph_only,burst,bidmc-05-burst-005,21,21,23,7339.0,58.712,7340.0,58.72,7341.0,58.728,7440,59.52,100.0,0.8,0.016,0.002929999999999988,1.0,excluded_by_both,True,True,True,False,False,unassigned,125,envelope_plateau,envelope_plateau_v1,frozen_llm_scipy_find_peaks,True,True,False,7339,7339,7339,7340,7340,7340,7342,7341,7342,5
bidmc-05-fg-0023,5,23,featuregraph_only,burst,bidmc-05-burst-005,21,22,24,7341.0,58.728,7343.0,58.744,7344.0,58.752,7443,59.544,100.0,0.8,0.024,0.0048900000000000055,0.6666666666666667,excluded_by_both,True,True,True,False,False,unassigned,125,envelope_plateau,envelope_plateau_v1,frozen_llm_scipy_find_peaks,True,True,False,7342,7341,7342,7343,7343,7343,7345,7344,7345,5
bidmc-05-fg-0024,5,24,featuregraph_only,burst,bidmc-05-burst-005,21,23,25,7344.0,58.752,7346.0,58.768,7347.0,58.776,7446,59.568,100.0,0.8,0.024,0.003909999999999997,0.6666666666666667,excluded_by_both,True,True,True,False,False,unassigned,125,envelope_plateau,envelope_plateau_v1,frozen_llm_scipy_find_peaks,True,True,False,7345,7344,7345,7346,7346,7346,7348,7347,7348,5
bidmc-05-fg-0025,5,25,featuregraph_only,burst,bidmc-05-burst-005,21,24,26,7347.0,58.776,7349.0,58.792,7350.0,58.8,7449,59.592,100.0,0.8,0.024,0.002929999999999988,0.6666666666666667,excluded_by_both,True,True,True,False,False,unassigned,125,envelope_plateau,envelope_plateau_v1,frozen_llm_scipy_find_peaks,True,True,False,7348,7347,7348,7349,7349,7349,7351,7350,7351,5
bidmc-05-fg-0026,5,26,featuregraph_only,burst,bidmc-05-burst-005,21,25,27,7350.0,58.8,7352.0,58.816,7353.0,58.824,7452,59.616,100.0,0.8,0.024,0.0019500000000000073,0.6666666666666667,excluded_by_both,True,True,True,False,False,unassigned,125,envelope_plateau,envelope_plateau_v1,frozen_llm_scipy_find_peaks,True,True,False,7351,7350,7351,7352,7352,7352,7354,7353,7354,5
bidmc-05-fg-0027,5,27,featuregraph_only,burst,bidmc-05-burst-005,21,26,28,7353.0,58.824,7355.0,58.84,7356.0,58.848,7455,59.64,100.0,0.8,0.024,0.0019600000000000173,0.6666666666666667,excluded_by_both,True,True,True,False,False,unassigned,125,envelope_plateau,envelope_plateau_v1,frozen_llm_scipy_find_peaks,True,True,False,7354,7353,7354,7355,7355,7355,7357,7356,7357,5
bidmc-05-fg-0028,5,28,featuregraph_only,burst,bidmc-05-burst-005,21,27,29,7356.0,58.848,7358.0,58.864,7359.0,58.872,7458,59.664,100.0,0.8,0.024,0.0009699999999999986,0.6666666666666667,excluded_by_both,True,True,True,False,False,unassigned,125,envelope_plateau,envelope_plateau_v1,frozen_llm_scipy_find_peaks,True,True,False,7357,7356,7357,7358,7358,7358,7360,7359,7360,5
bidmc-05-fg-0029,5,29,featuregraph_only,burst,bidmc-05-burst-005,21,28,30,7359.0,58.872,7361.0,58.888,7362.0,58.896,7461,59.688,100.0,0.8,0.024,0.0009800000000000086,0.6666666666666667,excluded_by_both,True,True,True,False,False,unassigned,125,envelope_plateau,envelope_plateau_v1,frozen_llm_scipy_find_peaks,True,True,False,7360,7359,7360,7361,7361,7361,7363,7362,7363,5
bidmc-05-fg-0030,5,30,featuregraph_only,burst,bidmc-05-burst-005,21,29,31,7362.0,58.896,7364.0,58.912,7365.0,58.92,7464,59.712,100.0,0.8,0.024,0.0019500000000000073,0.6666666666666667,excluded_by_both,True,True,True,False,False,unassigned,125,envelope_plateau,envelope_plateau_v1,frozen_llm_scipy_find_peaks,True,True,False,7363,7362,7363,7364,7364,7364,7366,7365,7366,5
bidmc-05-fg-0031,5,31,featuregraph_only,burst,bidmc-05-burst-005,21,30,32,7365.0,58.92,7367.0,58.936,7368.0,58.944,7467,59.736,100.0,0.8,0.024,0.0009799999999999809,0.6666666666666667,excluded_by_both,True,True,True,False,False,unassigned,125,envelope_plateau,envelope_plateau_v1,frozen_llm_scipy_find_peaks,True,True,False,7366,7365,7366,7367,7367,7367,7369,7368,7369,5
bidmc-05-fg-0032,5,32,featuregraph_only,burst,bidmc-05-burst-005,21,31,33,7368.0,58.944,7370.0,58.96,7371.0,58.968,7470,59.76,100.0,0.8,0.024,0.0009800000000000086,0.6666666666666667,excluded_by_both,True,True,True,False,False,unassigned,125,envelope_plateau,envelope_plateau_v1,frozen_llm_scipy_find_peaks,True,True,False,7369,7368,7369,7370,7370,7370,7371,7371,7371,5
bidmc-05-fg-0033,5,33,featuregraph_only,burst,bidmc-05-burst-005,21,32,34,7371.0,58.968,7372.0,58.976,7373.0,58.984,7472,59.776,100.0,0.8,0.016,0.0019499999999999795,1.0,excluded_by_both,True,True,True,False,False,unassigned,125,envelope_plateau,envelope_plateau_v1,frozen_llm_scipy_find_peaks,True,True,False,7371,7371,7371,7372,7372,7372,7374,7373,7374,5
bidmc-05-fg-0034,5,34,featuregraph_only,burst,bidmc-05-burst-005,21,33,35,7373.0,58.984,7375.0,59.0,7376.0,59.008,7475,59.8,100.0,0.8,0.024,0.0009800000000000086,0.6666666666666667,excluded_by_both,True,True,True,False,False,unassigned,125,envelope_plateau,envelope_plateau_v1,frozen_llm_scipy_find_peaks,True,True,False,7374,7373,7374,7375,7375,7375,7377,7376,7377,5
bidmc-05-fg-0035,5,35,featuregraph_only,burst,bidmc-05-burst-005,21,34,36,7376.0,59.008,7378.0,59.024,7379.0,59.032,7478,59.824,100.0,0.8,0.024,0.0009699999999999986,0.6666666666666667,excluded_by_both,True,True,True,False,False,unassigned,125,envelope_plateau,envelope_plateau_v1,frozen_llm_scipy_find_peaks,True,True,False,7377,7376,7377,7378,7378,7378,7380,7379,7380,5
bidmc-05-fg-0036,5,36,featuregraph_only,burst,bidmc-05-burst-005,21,35,37,7379.0,59.032,7381.0,59.048,7382.0,59.056,7481,59.848,100.0,0.8,0.024,0.0009800000000000086,0.6666666666666667,excluded_by_both,True,True,True,False,False,unassigned,125,envelope_plateau,envelope_plateau_v1,frozen_llm_scipy_find_peaks,True,True,False,7380,7379,7380,7381,7381,7381,7382,7382,7382,5
bidmc-05-fg-0040,5,40,featuregraph_only,isolated,bidmc-05-burst-006,1,39,41,9166.0,73.328,9575.0,76.6,9626.0,77.008,9677,77.416,102.0,0.816,5.624,0.25709,0.22173913043478266,excluded_by_both,True,True,True,False,False,unassigned,125,envelope_plateau,envelope_plateau_v1,frozen_llm_scipy_find_peaks,True,True,False,9208,9124,9208,9574,9574,9577,9626,9626,9626,6
bidmc-05-fg-0045,5,45,featuregraph_only,isolated,bidmc-05-burst-007,1,44,46,11573.0,92.584,11797.0,94.376,11851.0,94.808,11897,95.176,100.0,0.8,4.032,0.21603,0.38848920863309355,excluded_by_both,True,True,True,False,False,unassigned,125,envelope_plateau,envelope_plateau_v1,frozen_llm_scipy_find_peaks,True,True,False,11612,11534,11612,11797,11797,11797,11851,11851,11851,7
bidmc-05-fg-0047,5,47,featuregraph_only,burst,bidmc-05-burst-008,2,46,48,12536.0,100.288,13025.0,104.2,13143.0,105.144,13128,105.024,103.0,0.824,6.008,0.25122,0.38879736408566723,excluded_by_both,True,True,True,False,False,unassigned,125,envelope_plateau,envelope_plateau_v1,frozen_llm_scipy_find_peaks,True,True,False,12576,12496,12576,13023,13023,13028,13143,13143,13143,8
bidmc-05-fg-0048,5,48,featuregraph_only,burst,bidmc-05-burst-008,2,47,49,13143.0,105.144,13182.0,105.456,13229.0,105.832,13283,106.264,101.0,0.808,1.256,0.04691999999999999,0.9069767441860466,excluded_by_both,True,True,True,False,False,unassigned,125,envelope_plateau,envelope_plateau_v1,frozen_llm_scipy_find_peaks,True,True,False,13143,13143,13143,13181,13181,13183,13229,13229,13229,8
bidmc-05-fg-0052,5,52,featuregraph_only,burst,bidmc-05-burst-009,2,51,53,15190.0,121.52,15393.0,123.144,15409.0,123.272,15495,123.96,102.0,0.816,3.8,0.1652,0.1461187214611872,excluded_by_both,True,True,True,False,False,unassigned,125,envelope_plateau,envelope_plateau_v1,frozen_llm_scipy_find_peaks,True,True,False,15220,15160,15220,15391,15391,15395,15409,15409,15409,9
bidmc-05-fg-0053,5,53,featuregraph_only,burst,bidmc-05-burst-009,2,52,54,15409.0,123.272,15625.0,125.0,15809.0,126.472,15727,125.816,102.0,0.816,1.856,0.10752999999999999,0.92,excluded_by_both,True,True,True,False,False,unassigned,125,envelope_plateau,envelope_plateau_v1,frozen_llm_scipy_find_peaks,True,True,False,15409,15409,15409,15624,15624,15627,15809,15809,15809,9
bidmc-05-fg-0055,5,55,featuregraph_only,burst,bidmc-05-burst-010,2,54,56,16345.0,130.76,16778.0,134.224,16931.0,135.448,16881,135.048,103.0,0.824,5.808,0.2434,0.5221843003412969,excluded_by_both,True,True,True,False,False,unassigned,125,envelope_plateau,envelope_plateau_v1,frozen_llm_scipy_find_peaks,True,True,False,16386,16304,16386,16775,16775,16781,16932,16931,16932,10
bidmc-05-fg-0056,5,56,featuregraph_only,burst,bidmc-05-burst-010,2,55,57,16931.0,135.448,17018.0,136.144,17064.0,136.512,17120,136.96,102.0,0.816,1.92,0.030299999999999994,0.6917293233082706,excluded_by_both,True,True,True,False,False,unassigned,125,envelope_plateau,envelope_plateau_v1,frozen_llm_scipy_find_peaks,True,True,False,16932,16931,16932,17017,17017,17020,17065,17064,17065,10
bidmc-05-fg-0059,5,59,featuregraph_only,isolated,bidmc-05-burst-011,1,58,60,17770.0,142.16,18093.0,144.744,18115.0,144.92,18195,145.56,102.0,0.816,4.896,0.24438,0.12753623188405794,excluded_by_both,True,True,True,False,False,unassigned,125,envelope_plateau,envelope_plateau_v1,frozen_llm_scipy_find_peaks,True,True,False,17808,17732,17808,18091,18091,18095,18116,18115,18116,11
bidmc-05-fg-0062,5,62,featuregraph_only,burst,bidmc-05-burst-012,6,61,63,18928.0,151.424,19471.0,155.768,19519.0,156.152,19571,156.568,100.0,0.8,6.608,0.23851,0.1624365482233503,excluded_by_both,True,True,True,False,False,unassigned,125,envelope_plateau,envelope_plateau_v1,frozen_llm_scipy_find_peaks,True,True,False,18966,18890,18966,19471,19471,19471,19519,19519,19519,12
bidmc-05-fg-0063,5,63,featuregraph_only,burst,bidmc-05-burst-012,6,62,64,19519.0,156.152,19624.0,156.992,19773.0,158.184,19727,157.816,103.0,0.824,1.224,0.041059999999999985,0.8267716535433071,excluded_by_both,True,True,True,False,False,unassigned,125,envelope_plateau,envelope_plateau_v1,frozen_llm_scipy_find_peaks,True,True,False,19519,19519,19519,19622,19622,19627,19773,19773,19773,12
bidmc-05-fg-0064,5,64,featuregraph_only,burst,bidmc-05-burst-012,6,63,65,19773.0,158.184,19778.0,158.224,19818.0,158.544,19879,159.032,101.0,0.808,1.232,0.012709999999999999,0.2222222222222222,excluded_by_both,True,True,True,False,False,unassigned,125,envelope_plateau,envelope_plateau_v1,frozen_llm_scipy_find_peaks,True,True,False,19773,19773,19773,19777,19777,19779,19818,19818,19818,12
bidmc-05-fg-0065,5,65,featuregraph_only,burst,bidmc-05-burst-012,6,64,66,19818.0,158.544,19930.0,159.44,20050.0,160.4,20032,160.256,102.0,0.816,1.216,0.04593999999999998,0.9655172413793104,excluded_by_both,True,True,True,False,False,unassigned,125,envelope_plateau,envelope_plateau_v1,frozen_llm_scipy_find_peaks,True,True,False,19818,19818,19818,19929,19929,19932,20050,20050,20050,12
bidmc-05-fg-0066,5,66,featuregraph_only,burst,bidmc-05-burst-012,6,65,67,20050.0,160.4,20162.0,161.296,20203.0,161.624,20263,162.104,101.0,0.808,1.856,0.03616999999999998,0.5359477124183006,excluded_by_both,True,True,True,False,False,unassigned,125,envelope_plateau,envelope_plateau_v1,frozen_llm_scipy_find_peaks,True,True,False,20050,20050,20050,20161,20161,20163,20203,20203,20203,12
bidmc-05-fg-0067,5,67,featuregraph_only,burst,bidmc-05-burst-012,6,66,68,20203.0,161.624,20458.0,163.664,20758.0,166.064,20669,165.352,211.0,1.688,2.368,1.0,0.9189189189189189,retained_by_both,False,False,False,True,False,unassigned,125,envelope_plateau,envelope_plateau_v1,frozen_llm_scipy_find_peaks,True,True,False,20203,20203,20203,20347,20347,20569,20794,20722,20794,12
bidmc-05-fg-0069,5,69,featuregraph_only,isolated,bidmc-05-burst-013,1,68,70,21426.0,171.408,21543.0,172.344,21550.0,172.4,21645,173.16,102.0,0.816,2.472,0.06548999999999999,0.11290322580645162,excluded_by_both,True,True,True,False,False,unassigned,125,envelope_plateau,envelope_plateau_v1,frozen_llm_scipy_find_peaks,True,True,False,21427,21426,21427,21542,21542,21545,21550,21550,21550,13
bidmc-05-fg-0072,5,72,featuregraph_only,isolated,bidmc-05-burst-014,1,71,73,22568.0,180.544,22611.0,180.888,22619.0,180.952,22713,181.704,102.0,0.816,1.232,0.027370000000000005,0.3137254901960784,excluded_by_both,True,True,True,False,False,unassigned,125,envelope_plateau,envelope_plateau_v1,frozen_llm_scipy_find_peaks,True,True,False,22568,22568,22568,22610,22610,22613,22620,22619,22620,14
bidmc-05-fg-0076,5,76,featuregraph_only,isolated,bidmc-05-burst-015,1,75,77,25087.0,200.696,25338.0,202.704,25446.0,203.568,25440,203.52,102.0,0.816,4.248,0.22483,0.6016713091922006,excluded_by_both,True,True,True,False,False,unassigned,125,envelope_plateau,envelope_plateau_v1,frozen_llm_scipy_find_peaks,True,True,False,25124,25050,25124,25337,25337,25340,25446,25446,25446,15
bidmc-05-fg-0079,5,79,featuregraph_only,isolated,bidmc-05-burst-016,1,78,80,26313.0,210.504,26802.0,214.416,26850.0,214.8,26903,215.224,101.0,0.808,6.16,0.2434,0.17877094972067042,excluded_by_both,True,True,True,False,False,unassigned,125,envelope_plateau,envelope_plateau_v1,frozen_llm_scipy_find_peaks,True,True,False,26350,26276,26350,26801,26801,26803,26851,26850,26851,16
bidmc-05-fg-0082,5,82,featuregraph_only,burst,bidmc-05-burst-017,2,81,83,27719.0,221.752,28115.0,224.92,28218.0,225.744,28217,225.736,102.0,0.816,5.48,0.23754,0.4128256513026052,excluded_by_both,True,True,True,False,False,unassigned,125,envelope_plateau,envelope_plateau_v1,frozen_llm_scipy_find_peaks,True,True,False,27756,27682,27756,28113,28113,28117,28218,28218,28218,17
bidmc-05-fg-0083,5,83,featuregraph_only,burst,bidmc-05-burst-017,2,82,84,28218.0,225.744,28425.0,227.4,28527.0,228.216,28525,228.2,100.0,0.8,2.48,0.03811999999999999,0.6601941747572815,excluded_by_both,True,True,True,False,False,unassigned,125,envelope_plateau,envelope_plateau_v1,frozen_llm_scipy_find_peaks,True,True,False,28218,28218,28218,28425,28425,28425,28527,28527,28527,17
bidmc-05-fg-0088,5,88,featuregraph_only,burst,bidmc-05-burst-018,2,87,89,30344.0,242.752,30608.0,244.864,30625.0,245.0,30710,245.68,102.0,0.816,4.288,0.20919,0.12099644128113884,excluded_by_both,True,True,True,False,False,unassigned,125,envelope_plateau,envelope_plateau_v1,frozen_llm_scipy_find_peaks,True,True,False,30380,30308,30380,30607,30607,30610,30625,30625,30625,18
bidmc-05-fg-0089,5,89,featuregraph_only,burst,bidmc-05-burst-018,2,88,90,30625.0,245.0,30762.0,246.096,30885.0,247.08,30863,246.904,101.0,0.808,1.232,0.07527,0.9461538461538461,excluded_by_both,True,True,True,False,False,unassigned,125,envelope_plateau,envelope_plateau_v1,frozen_llm_scipy_find_peaks,True,True,False,30625,30625,30625,30761,30761,30763,30885,30885,30885,18
bidmc-05-fg-0092,5,92,featuregraph_only,isolated,bidmc-05-burst-019,1,91,93,31689.0,253.512,32147.0,257.176,32234.0,257.872,32249,257.992,102.0,0.816,5.88,0.24145,0.3192660550458716,excluded_by_both,True,True,True,False,False,unassigned,125,envelope_plateau,envelope_plateau_v1,frozen_llm_scipy_find_peaks,True,True,False,31728,31650,31728,32145,32145,32149,32234,32234,32234,19
bidmc-05-fg-0094,5,94,featuregraph_only,isolated,bidmc-05-burst-020,1,93,95,32693.0,261.544,32951.0,263.608,33055.0,264.44,33051,264.408,100.0,0.8,3.92,0.23069,0.574585635359116,excluded_by_both,True,True,True,False,False,unassigned,125,envelope_plateau,envelope_plateau_v1,frozen_llm_scipy_find_peaks,True,True,False,32712,32674,32712,32951,32951,32951,33056,33055,33056,20
bidmc-05-fg-0097,5,97,featuregraph_only,isolated,bidmc-05-burst-021,1,96,98,33696.0,269.568,33927.0,271.416,33976.0,271.808,34029,272.232,102.0,0.816,4.016,0.19746,0.35,excluded_by_both,True,True,True,False,False,unassigned,125,envelope_plateau,envelope_plateau_v1,frozen_llm_scipy_find_peaks,True,True,False,33730,33662,33730,33925,33925,33929,33976,33976,33976,21
bidmc-05-fg-0102,5,102,featuregraph_only,burst,bidmc-05-burst-022,2,101,103,35987.0,287.896,36389.0,291.112,36511.0,292.088,36489,291.912,100.0,0.8,5.352,0.24536,0.46564885496183206,excluded_by_both,True,True,True,False,False,unassigned,125,envelope_plateau,envelope_plateau_v1,frozen_llm_scipy_find_peaks,True,True,False,36028,35946,36028,36389,36389,36389,36511,36511,36511,22
bidmc-05-fg-0103,5,103,featuregraph_only,burst,bidmc-05-burst-022,2,102,104,36511.0,292.088,36778.0,294.224,36883.0,295.064,36879,295.032,101.0,0.808,3.112,0.11144000000000001,0.564516129032258,excluded_by_both,True,True,True,False,False,unassigned,125,envelope_plateau,envelope_plateau_v1,frozen_llm_scipy_find_peaks,True,True,False,36511,36511,36511,36777,36777,36779,36883,36883,36883,22
bidmc-05-fg-0105,5,105,featuregraph_only,burst,bidmc-05-burst-023,4,104,106,37449.0,299.592,38077.0,304.616,38185.0,305.48,38178,305.424,101.0,0.808,7.336,0.24633,0.2934782608695652,excluded_by_both,True,True,True,False,False,unassigned,125,envelope_plateau,envelope_plateau_v1,frozen_llm_scipy_find_peaks,True,True,False,37488,37410,37488,38077,38077,38078,38185,38185,38185,23
bidmc-05-fg-0106,5,106,featuregraph_only,burst,bidmc-05-burst-023,4,105,107,38185.0,305.48,38386.0,307.088,38439.0,307.512,38487,307.896,101.0,0.808,2.472,0.05181000000000002,0.4173228346456693,excluded_by_both,True,True,True,False,False,unassigned,125,envelope_plateau,envelope_plateau_v1,frozen_llm_scipy_find_peaks,True,True,False,38185,38185,38185,38385,38385,38387,38439,38439,38439,23
bidmc-05-fg-0107,5,107,featuregraph_only,burst,bidmc-05-burst-023,4,106,108,38439.0,307.512,38799.0,310.392,39112.0,312.896,39031,312.248,232.0,1.856,3.304,1.0,0.9301634472511144,retained_by_both,False,False,False,True,False,unassigned,125,envelope_plateau,envelope_plateau_v1,frozen_llm_scipy_find_peaks,True,True,False,38439,38439,38439,38667,38667,38931,39156,39068,39156,23
bidmc-05-fg-0108,5,108,featuregraph_only,burst,bidmc-05-burst-023,4,107,109,39112.0,312.896,39689.0,317.512,39962.0,319.696,39791,318.328,102.0,0.816,7.12,0.25709,0.6423529411764706,excluded_by_both,True,True,True,False,False,unassigned,125,envelope_plateau,envelope_plateau_v1,frozen_llm_scipy_find_peaks,True,True,False,39156,39068,39156,39687,39687,39691,39962,39962,39962,23
bidmc-05-fg-0113,5,113,featuregraph_only,burst,bidmc-05-burst-024,2,112,114,41877.0,335.016,42197.0,337.576,42218.0,337.744,42298,338.384,101.0,0.808,4.856,0.22483,0.12316715542521994,excluded_by_both,True,True,True,False,False,unassigned,125,envelope_plateau,envelope_plateau_v1,frozen_llm_scipy_find_peaks,True,True,False,41912,41842,41912,42196,42196,42198,42218,42218,42218,24
bidmc-05-fg-0114,5,114,featuregraph_only,burst,bidmc-05-burst-024,2,113,115,42218.0,337.744,42336.0,338.688,42391.0,339.128,42443,339.544,107.0,0.856,1.112,0.08211000000000002,0.6358381502890174,excluded_by_both,True,True,True,False,False,unassigned,125,envelope_plateau,envelope_plateau_v1,frozen_llm_scipy_find_peaks,True,True,False,42218,42218,42218,42329,42329,42343,42392,42391,42392,24
bidmc-05-fg-0117,5,117,featuregraph_only,isolated,bidmc-05-burst-025,1,116,118,43184.0,345.472,43657.0,349.256,43671.0,349.368,43757,350.056,100.0,0.8,6.104,0.24536,0.05749486652977409,excluded_by_both,True,True,True,False,False,unassigned,125,envelope_plateau,envelope_plateau_v1,frozen_llm_scipy_find_peaks,True,True,False,43222,43146,43222,43657,43657,43657,43672,43671,43672,25
bidmc-05-fg-0120,5,120,featuregraph_only,isolated,bidmc-05-burst-026,1,119,121,44428.0,355.424,44727.0,357.816,44744.0,357.952,44829,358.632,102.0,0.816,4.456,0.2346,0.10759493670886078,excluded_by_both,True,True,True,False,False,unassigned,125,envelope_plateau,envelope_plateau_v1,frozen_llm_scipy_find_peaks,True,True,False,44454,44402,44454,44726,44726,44729,44745,44744,44745,26
bidmc-05-fg-0123,5,123,featuregraph_only,burst,bidmc-05-burst-027,5,122,124,45572.0,364.576,45847.0,366.776,45870.0,366.96,45949,367.592,102.0,0.816,4.52,0.20821,0.15436241610738255,excluded_by_both,True,True,True,False,False,unassigned,125,envelope_plateau,envelope_plateau_v1,frozen_llm_scipy_find_peaks,True,True,False,45608,45536,45608,45845,45845,45849,45870,45870,45870,27
bidmc-05-fg-0124,5,124,featuregraph_only,burst,bidmc-05-burst-027,5,123,125,45870.0,366.96,45995.0,367.96,45997.0,367.976,46095,368.76,100.0,0.8,1.184,0.07526,0.03149606299212604,excluded_by_both,True,True,True,False,False,unassigned,125,envelope_plateau,envelope_plateau_v1,frozen_llm_scipy_find_peaks,True,True,False,45870,45870,45870,45995,45995,45995,45997,45997,45997,27
bidmc-05-fg-0125,5,125,featuregraph_only,burst,bidmc-05-burst-027,5,124,126,45997.0,367.976,46099.0,368.792,46289.0,370.312,46201,369.608,102.0,0.816,0.832,0.07331000000000001,0.6986301369863014,excluded_by_both,True,True,True,False,False,unassigned,125,envelope_plateau,envelope_plateau_v1,frozen_llm_scipy_find_peaks,True,True,False,45997,45997,45997,46097,46097,46101,46289,46289,46289,27
bidmc-05-fg-0126,5,126,featuregraph_only,burst,bidmc-05-burst-027,5,125,127,46289.0,370.312,46309.0,370.472,46352.0,370.816,46409,371.272,100.0,0.8,1.68,0.017600000000000005,0.6349206349206349,excluded_by_both,True,True,True,False,False,unassigned,125,envelope_plateau,envelope_plateau_v1,frozen_llm_scipy_find_peaks,True,True,False,46289,46289,46289,46309,46309,46309,46353,46352,46353,27
bidmc-05-fg-0127,5,127,featuregraph_only,burst,bidmc-05-burst-027,5,126,128,46352.0,370.816,46493.0,371.944,46591.0,372.728,46593,372.744,100.0,0.8,1.472,0.06939999999999999,0.8200836820083682,excluded_by_both,True,True,True,False,False,unassigned,125,envelope_plateau,envelope_plateau_v1,frozen_llm_scipy_find_peaks,True,True,False,46353,46352,46353,46493,46493,46493,46591,46591,46591,27
bidmc-05-fg-0130,5,130,featuregraph_only,burst,bidmc-05-burst-028,2,129,131,47252.0,378.016,47498.0,379.984,47549.0,380.392,47600,380.8,102.0,0.816,4.336,0.22287,0.3434343434343434,excluded_by_both,True,True,True,False,False,unassigned,125,envelope_plateau,envelope_plateau_v1,frozen_llm_scipy_find_peaks,True,True,False,47290,47214,47290,47496,47496,47500,47550,47549,47550,28
bidmc-05-fg-0131,5,131,featuregraph_only,burst,bidmc-05-burst-028,2,130,132,47549.0,380.392,47808.0,382.464,47925.0,383.4,47911,383.288,103.0,0.824,2.48,0.08894999999999997,0.6223404255319149,excluded_by_both,True,True,True,False,False,unassigned,125,envelope_plateau,envelope_plateau_v1,frozen_llm_scipy_find_peaks,True,True,False,47550,47549,47550,47806,47806,47811,47925,47925,47925,28
bidmc-05-fg-0133,5,133,featuregraph_only,isolated,bidmc-05-burst-029,1,132,134,48434.0,387.472,48879.0,391.032,49067.0,392.536,48981,391.848,102.0,0.816,5.736,0.24731,0.5939968404423381,excluded_by_both,True,True,True,False,False,unassigned,125,envelope_plateau,envelope_plateau_v1,frozen_llm_scipy_find_peaks,True,True,False,48466,48402,48466,48877,48877,48881,49068,49067,49068,29
bidmc-05-fg-0135,5,135,featuregraph_only,isolated,bidmc-05-burst-030,1,134,136,49282.0,394.256,49530.0,396.24,49822.0,398.576,49753,398.024,223.0,1.784,2.104,1.0,0.9185185185185185,retained_by_both,False,False,False,True,False,unassigned,125,envelope_plateau,envelope_plateau_v1,frozen_llm_scipy_find_peaks,True,True,False,49282,49282,49282,49407,49407,49653,49856,49788,49856,30
bidmc-05-fg-0137,5,137,featuregraph_only,burst,bidmc-05-burst-031,5,136,138,50119.0,400.952,50240.0,401.92,50305.0,402.44,50341,402.728,101.0,0.808,0.968,0.05376,0.6989247311827957,excluded_by_both,True,True,True,False,False,unassigned,125,envelope_plateau,envelope_plateau_v1,frozen_llm_scipy_find_peaks,True,True,False,50130,50108,50130,50239,50239,50241,50306,50305,50306,31
bidmc-05-fg-0138,5,138,featuregraph_only,burst,bidmc-05-burst-031,5,137,139,50305.0,402.44,50308.0,402.464,50312.0,402.496,50410,403.28,102.0,0.816,0.544,0.0019500000000000073,0.8571428571428572,excluded_by_both,True,True,True,False,False,unassigned,125,envelope_plateau,envelope_plateau_v1,frozen_llm_scipy_find_peaks,True,True,False,50306,50305,50306,50307,50307,50310,50314,50311,50314,31
bidmc-05-fg-0139,5,139,featuregraph_only,burst,bidmc-05-burst-031,5,138,140,50312.0,402.496,50317.0,402.536,50321.0,402.568,50419,403.352,102.0,0.816,0.072,0.0009799999999999809,0.8888888888888888,excluded_by_both,True,True,True,False,False,unassigned,125,envelope_plateau,envelope_plateau_v1,frozen_llm_scipy_find_peaks,True,True,False,50314,50311,50314,50315,50315,50319,50323,50320,50323,31
bidmc-05-fg-0140,5,140,featuregraph_only,burst,bidmc-05-burst-031,5,139,141,50321.0,402.568,50325.0,402.6,50329.0,402.632,50427,403.416,102.0,0.816,0.064,0.003909999999999997,1.0,excluded_by_both,True,True,True,False,False,unassigned,125,envelope_plateau,envelope_plateau_v1,frozen_llm_scipy_find_peaks,True,True,False,50323,50320,50323,50324,50324,50327,50331,50328,50331,31
bidmc-05-fg-0141,5,141,featuregraph_only,burst,bidmc-05-burst-031,5,140,142,50329.0,402.632,50334.0,402.672,50338.0,402.704,50436,403.488,102.0,0.816,0.072,0.005860000000000004,0.8888888888888888,excluded_by_both,True,True,True,False,False,unassigned,125,envelope_plateau,envelope_plateau_v1,frozen_llm_scipy_find_peaks,True,True,False,50331,50328,50331,50332,50332,50336,50340,50337,50340,31
bidmc-05-fg-0143,5,143,featuregraph_only,isolated,bidmc-05-burst-032,1,142,144,50831.0,406.648,51020.0,408.16,51041.0,408.328,51121,408.968,101.0,0.808,3.448,0.20235,0.19999999999999996,excluded_by_both,True,True,True,False,False,unassigned,125,envelope_plateau,envelope_plateau_v1,frozen_llm_scipy_find_peaks,True,True,False,50864,50798,50864,51019,51019,51021,51041,51041,51041,32
bidmc-05-fg-0146,5,146,featuregraph_only,isolated,bidmc-05-burst-033,1,145,147,51985.0,415.88,52218.0,417.744,52260.0,418.08,52319,418.552,101.0,0.808,4.12,0.20039,0.3054545454545454,excluded_by_both,True,True,True,False,False,unassigned,125,envelope_plateau,envelope_plateau_v1,frozen_llm_scipy_find_peaks,True,True,False,52022,51948,52022,52218,52218,52219,52260,52260,52260,33
bidmc-05-fg-0148,5,148,featuregraph_only,isolated,bidmc-05-burst-034,1,147,149,52574.0,420.592,52771.0,422.168,52808.0,422.464,52873,422.984,102.0,0.816,2.656,0.06450999999999998,0.3162393162393162,excluded_by_both,True,True,True,False,False,unassigned,125,envelope_plateau,envelope_plateau_v1,frozen_llm_scipy_find_peaks,True,True,False,52574,52574,52574,52769,52769,52773,52808,52808,52808,34
bidmc-05-fg-0151,5,151,featuregraph_only,isolated,bidmc-05-burst-035,1,150,152,54023.0,432.184,54148.0,433.184,54261.0,434.088,54249,433.992,101.0,0.808,2.472,0.07330999999999999,0.9495798319327731,excluded_by_both,True,True,True,False,False,unassigned,125,envelope_plateau,envelope_plateau_v1,frozen_llm_scipy_find_peaks,True,True,False,54023,54023,54023,54147,54147,54149,54261,54261,54261,35
bidmc-05-fg-0153,5,153,featuregraph_only,isolated,bidmc-05-burst-036,1,152,154,54791.0,438.328,55047.0,440.376,55070.0,440.56,55151,441.208,104.0,0.832,4.296,0.18573,0.16487455197132617,excluded_by_both,True,True,True,False,False,unassigned,125,envelope_plateau,envelope_plateau_v1,frozen_llm_scipy_find_peaks,True,True,False,54828,54754,54828,55043,55043,55051,55070,55070,55070,36
bidmc-05-fg-0155,5,155,featuregraph_only,isolated,bidmc-05-burst-037,1,154,156,55326.0,442.608,55357.0,442.856,55442.0,443.536,55458,443.664,101.0,0.808,1.184,0.04593999999999998,0.5344827586206897,excluded_by_both,True,True,True,False,False,unassigned,125,envelope_plateau,envelope_plateau_v1,frozen_llm_scipy_find_peaks,True,True,False,55326,55326,55326,55357,55357,55358,55442,55442,55442,37
bidmc-05-fg-0157,5,157,featuregraph_only,burst,bidmc-05-burst-038,2,156,158,55980.0,447.84,56457.0,451.656,56535.0,452.28,56597,452.776,140.0,1.12,6.096,0.2434,0.2810810810810811,excluded_by_both,True,True,True,False,False,unassigned,125,envelope_plateau,envelope_plateau_v1,frozen_llm_scipy_find_peaks,True,True,False,56012,55948,56012,56417,56417,56497,56536,56535,56536,38
bidmc-05-fg-0158,5,158,featuregraph_only,burst,bidmc-05-burst-038,2,157,159,56535.0,452.28,56537.0,452.296,56538.0,452.304,56637,453.096,100.0,0.8,0.64,0.0009800000000000086,0.6666666666666667,excluded_by_both,True,True,True,False,False,unassigned,125,envelope_plateau,envelope_plateau_v1,frozen_llm_scipy_find_peaks,True,True,False,56536,56535,56536,56537,56537,56537,56539,56538,56539,38
bidmc-05-fg-0160,5,160,featuregraph_only,isolated,bidmc-05-burst-039,1,159,161,57155.0,457.24,57541.0,460.328,57584.0,460.672,57643,461.144,102.0,0.816,5.424,0.23851,0.20046620046620045,excluded_by_both,True,True,True,False,False,unassigned,125,envelope_plateau,envelope_plateau_v1,frozen_llm_scipy_find_peaks,True,True,False,57204,57106,57204,57539,57539,57543,57585,57584,57585,39
bidmc-05-fg-0162,5,162,featuregraph_only,isolated,bidmc-05-burst-040,1,161,163,58212.0,465.696,58618.0,468.944,58625.0,469.0,58719,469.752,101.0,0.808,5.576,0.22776,0.03389830508474578,excluded_by_both,True,True,True,False,False,unassigned,125,envelope_plateau,envelope_plateau_v1,frozen_llm_scipy_find_peaks,True,True,False,58254,58170,58254,58617,58617,58619,58626,58624,58626,40
bidmc-05-fg-0164,5,164,featuregraph_only,burst,bidmc-05-burst-041,2,163,165,59247.0,473.976,59511.0,476.088,59544.0,476.352,59613,476.904,102.0,0.816,4.36,0.20137,0.2222222222222222,excluded_by_both,True,True,True,False,False,unassigned,125,envelope_plateau,envelope_plateau_v1,frozen_llm_scipy_find_peaks,True,True,False,59290,59204,59290,59510,59510,59513,59545,59544,59545,41
bidmc-05-fg-0165,5,165,featuregraph_only,burst,bidmc-05-burst-041,2,164,166,59544.0,476.352,59830.0,478.64,59840.0,478.72,59931,479.448,101.0,0.808,2.552,0.09090999999999999,0.06756756756756754,excluded_by_both,True,True,True,False,False,unassigned,125,envelope_plateau,envelope_plateau_v1,frozen_llm_scipy_find_peaks,True,True,False,59545,59544,59545,59829,59829,59831,59840,59840,59840,41
bidmc-06-fg-0034,6,34,featuregraph_only,isolated,bidmc-06-burst-001,1,33,35,12296.0,98.368,12371.0,98.968,12570.0,100.56,12485,99.88,114.0,0.912,1.128,0.964809,0.5474452554744526,excluded_by_ann2,False,True,False,True,False,unassigned,125,envelope_plateau,envelope_plateau_v1,frozen_llm_scipy_find_peaks,True,True,False,12335,12257,12335,12357,12357,12385,12570,12570,12570,1
bidmc-07-fg-0001,7,1,featuregraph_only,isolated,bidmc-07-burst-001,1,0,2,98.0,0.784,177.0,1.416,369.0,2.952,312,2.496,135.0,1.08,,0.9921799,0.5830258302583026,retained_by_both,False,False,False,True,False,unassigned,125,envelope_plateau,envelope_plateau_v1,frozen_llm_scipy_find_peaks,True,True,False,98,98,98,142,142,212,369,369,369,1
bidmc-07-fg-0127,7,127,featuregraph_only,burst,bidmc-07-burst-002,2,126,128,47241.0,377.928,47424.0,379.392,47646.0,381.168,47552,380.416,128.0,1.024,3.072,1.0,0.9037037037037037,retained_by_both,False,False,False,True,False,unassigned,125,envelope_plateau,envelope_plateau_v1,frozen_llm_scipy_find_peaks,True,True,False,47241,47241,47241,47396,47396,47452,47646,47646,47646,2
bidmc-07-fg-0128,7,128,featuregraph_only,burst,bidmc-07-burst-002,2,127,129,47646.0,381.168,47671.0,381.368,47713.0,381.704,47772,382.176,101.0,0.808,1.976,0.129029,0.7462686567164178,excluded_by_both,True,True,True,False,False,unassigned,125,envelope_plateau,envelope_plateau_v1,frozen_llm_scipy_find_peaks,True,True,False,47646,47646,47646,47670,47670,47672,47713,47713,47713,2
bidmc-08-fg-0001,8,1,featuregraph_only,isolated,bidmc-08-burst-001,1,0,2,98.0,0.784,253.0,2.024,369.0,2.952,354,2.832,101.0,0.808,,0.25513,0.8560885608856088,retained_by_both,False,False,False,True,False,unassigned,125,envelope_plateau,envelope_plateau_v1,frozen_llm_scipy_find_peaks,True,True,False,98,98,98,252,252,254,369,369,369,1
bidmc-08-fg-0020,8,20,featuregraph_only,isolated,bidmc-08-burst-002,1,19,21,6732.0,53.856,6807.0,54.456,6831.0,54.648,6908,55.264,101.0,0.808,1.816,0.08994000000000002,0.48484848484848486,excluded_by_both,True,True,True,False,False,unassigned,125,envelope_plateau,envelope_plateau_v1,frozen_llm_scipy_find_peaks,True,True,False,6732,6732,6732,6806,6806,6808,6832,6831,6832,2
bidmc-08-fg-0041,8,41,featuregraph_only,isolated,bidmc-08-burst-003,1,40,42,13826.0,110.608,13850.0,110.8,13866.0,110.928,13951,111.608,101.0,0.808,1.472,0.029320000000000013,0.8,excluded_by_both,True,True,True,False,False,unassigned,125,envelope_plateau,envelope_plateau_v1,frozen_llm_scipy_find_peaks,True,True,False,13826,13826,13826,13849,13849,13851,13866,13866,13866,3
bidmc-08-fg-0049,8,49,featuregraph_only,isolated,bidmc-08-burst-004,1,48,50,16236.0,129.888,16261.0,130.088,16293.0,130.344,16361,130.888,100.0,0.8,1.568,0.04692000000000002,0.8771929824561404,excluded_by_both,True,True,True,False,False,unassigned,125,envelope_plateau,envelope_plateau_v1,frozen_llm_scipy_find_peaks,True,True,False,16236,16236,16236,16261,16261,16261,16293,16293,16293,4
bidmc-08-fg-0057,8,57,featuregraph_only,isolated,bidmc-08-burst-005,1,56,58,18717.0,149.736,18733.0,149.864,18759.0,150.072,18833,150.664,100.0,0.8,1.384,0.04985000000000003,0.7619047619047619,excluded_by_both,True,True,True,False,False,unassigned,125,envelope_plateau,envelope_plateau_v1,frozen_llm_scipy_find_peaks,True,True,False,18717,18717,18717,18733,18733,18733,18759,18759,18759,5
bidmc-08-fg-0065,8,65,featuregraph_only,isolated,bidmc-08-burst-006,1,64,66,21266.0,170.128,21359.0,170.872,21382.0,171.056,21461,171.688,102.0,0.816,1.968,0.07625000000000001,0.39655172413793105,excluded_by_both,True,True,True,False,False,unassigned,125,envelope_plateau,envelope_plateau_v1,frozen_llm_scipy_find_peaks,True,True,False,21266,21266,21266,21358,21358,21361,21382,21382,21382,6
bidmc-08-fg-0067,8,67,featuregraph_only,isolated,bidmc-08-burst-007,1,66,68,21717.0,173.736,21734.0,173.872,21749.0,173.992,21835,174.68,101.0,0.808,1.544,0.025409999999999988,0.9375,excluded_by_both,True,True,True,False,False,unassigned,125,envelope_plateau,envelope_plateau_v1,frozen_llm_scipy_find_peaks,True,True,False,21717,21717,21717,21733,21733,21735,21749,21749,21749,7
bidmc-08-fg-0106,8,106,featuregraph_only,isolated,bidmc-08-burst-008,1,105,107,34998.0,279.984,35019.0,280.152,35045.0,280.36,35119,280.952,100.0,0.8,1.504,0.050829999999999986,0.8936170212765957,excluded_by_both,True,True,True,False,False,unassigned,125,envelope_plateau,envelope_plateau_v1,frozen_llm_scipy_find_peaks,True,True,False,34998,34998,34998,35019,35019,35019,35045,35045,35045,8
bidmc-08-fg-0110,8,110,featuregraph_only,isolated,bidmc-08-burst-009,1,109,111,36015.0,288.12,36016.0,288.128,36017.0,288.136,36116,288.928,100.0,0.8,1.424,0.0019600000000000173,1.0,excluded_by_both,True,True,True,False,False,unassigned,125,envelope_plateau,envelope_plateau_v1,frozen_llm_scipy_find_peaks,True,True,False,36015,36015,36015,36016,36016,36016,36017,36017,36017,9
bidmc-08-fg-0113,8,113,featuregraph_only,isolated,bidmc-08-burst-010,1,112,114,36741.0,293.928,36756.0,294.048,36791.0,294.328,36857,294.856,101.0,0.808,1.368,0.037150000000000016,0.6,excluded_by_both,True,True,True,False,False,unassigned,125,envelope_plateau,envelope_plateau_v1,frozen_llm_scipy_find_peaks,True,True,False,36741,36741,36741,36755,36755,36757,36791,36791,36791,10
bidmc-08-fg-0157,8,157,featuregraph_only,isolated,bidmc-08-burst-011,1,156,158,52052.0,416.416,52077.0,416.616,52113.0,416.904,52177,417.416,100.0,0.8,1.496,0.04495999999999997,0.819672131147541,excluded_by_both,True,True,True,False,False,unassigned,125,envelope_plateau,envelope_plateau_v1,frozen_llm_scipy_find_peaks,True,True,False,52052,52052,52052,52077,52077,52077,52113,52113,52113,11
bidmc-08-fg-0160,8,160,featuregraph_only,isolated,bidmc-08-burst-012,1,159,161,52841.0,422.728,52900.0,423.2,52920.0,423.36,53002,424.016,102.0,0.816,1.848,0.06647000000000003,0.5063291139240507,excluded_by_both,True,True,True,False,False,unassigned,125,envelope_plateau,envelope_plateau_v1,frozen_llm_scipy_find_peaks,True,True,False,52842,52841,52842,52899,52899,52902,52920,52920,52920,12
bidmc-09-fg-0001,9,1,featuregraph_only,isolated,bidmc-09-burst-001,1,0,2,131.0,1.048,317.0,2.536,497.0,3.976,418,3.344,101.0,0.808,,0.28054999999999997,0.9836065573770492,retained_by_both,False,False,False,True,False,unassigned,125,envelope_plateau,envelope_plateau_v1,frozen_llm_scipy_find_peaks,True,True,False,131,131,131,317,317,318,497,497,497,1
bidmc-09-fg-0054,9,54,featuregraph_only,burst,bidmc-09-burst-002,5,53,55,19985.0,159.88,19987.0,159.896,19989.0,159.912,20087,160.696,100.0,0.8,1.36,0.0,1.0,excluded_by_both,True,True,True,False,False,unassigned,125,envelope_plateau,envelope_plateau_v1,frozen_llm_scipy_find_peaks,True,True,False,19986,19985,19986,19987,19987,19987,19991,19988,19991,2
bidmc-09-fg-0055,9,55,featuregraph_only,burst,bidmc-09-burst-002,5,54,56,19989.0,159.912,19992.0,159.936,19994.0,159.952,20092,160.736,100.0,0.8,0.04,0.0009800000000000086,0.8,excluded_by_both,True,True,True,False,False,unassigned,125,envelope_plateau,envelope_plateau_v1,frozen_llm_scipy_find_peaks,True,True,False,19991,19988,19991,19992,19992,19992,19996,19993,19996,2
bidmc-09-fg-0056,9,56,featuregraph_only,burst,bidmc-09-burst-002,5,55,57,19994.0,159.952,19997.0,159.976,19999.0,159.992,20097,160.776,100.0,0.8,0.04,0.0,0.8,excluded_by_both,True,True,True,False,False,unassigned,125,envelope_plateau,envelope_plateau_v1,frozen_llm_scipy_find_peaks,True,True,False,19996,19993,19996,19997,19997,19997,20000,19998,20000,2
bidmc-09-fg-0057,9,57,featuregraph_only,burst,bidmc-09-burst-002,5,56,58,19999.0,159.992,20001.0,160.008,20003.0,160.024,20101,160.808,100.0,0.8,0.032,0.0009800000000000086,1.0,excluded_by_both,True,True,True,False,False,unassigned,125,envelope_plateau,envelope_plateau_v1,frozen_llm_scipy_find_peaks,True,True,False,20000,19998,20000,20001,20001,20001,20005,20002,20005,2
bidmc-09-fg-0058,9,58,featuregraph_only,burst,bidmc-09-burst-002,5,57,59,20003.0,160.024,20006.0,160.048,20008.0,160.064,20106,160.848,100.0,0.8,0.04,0.0009800000000000086,0.8,excluded_by_both,True,True,True,False,False,unassigned,125,envelope_plateau,envelope_plateau_v1,frozen_llm_scipy_find_peaks,True,True,False,20005,20002,20005,20006,20006,20006,20009,20007,20009,2
bidmc-10-fg-0003,10,3,featuregraph_only,isolated,bidmc-10-burst-001,1,2,4,837.0,6.696,874.0,6.992,915.0,7.32,978,7.824,104.0,0.832,1.52,0.14563000000000004,0.9487179487179487,excluded_by_both,True,True,True,False,False,unassigned,125,envelope_plateau,envelope_plateau_v1,frozen_llm_scipy_find_peaks,True,True,False,837,837,837,870,870,878,916,915,916,1
bidmc-10-fg-0080,10,80,featuregraph_only,isolated,bidmc-10-burst-002,1,79,81,31098.0,248.784,31184.0,249.472,31285.0,250.28,31319,250.552,135.0,1.08,3.272,0.0368932,0.9197860962566845,excluded_by_ann1,True,False,False,True,False,unassigned,125,envelope_plateau,envelope_plateau_v1,frozen_llm_scipy_find_peaks,True,True,False,31099,31097,31099,31149,31149,31219,31285,31285,31285,2
bidmc-10-fg-0094,10,94,featuregraph_only,isolated,bidmc-10-burst-003,1,93,95,36694.0,293.552,36697.0,293.576,36810.0,294.48,36799,294.392,102.0,0.816,1.296,0.355337,0.051724137931034475,excluded_by_ann1,True,False,False,True,False,unassigned,125,envelope_plateau,envelope_plateau_v1,frozen_llm_scipy_find_peaks,True,True,False,36694,36694,36694,36696,36696,36699,36810,36810,36810,3
bidmc-10-fg-0097,10,97,featuregraph_only,isolated,bidmc-10-burst-004,1,96,98,37445.0,299.56,37603.0,300.824,37638.0,301.104,37705,301.64,102.0,0.816,3.0,0.095144,0.36269430051813467,excluded_by_both,True,True,True,False,False,unassigned,125,envelope_plateau,envelope_plateau_v1,frozen_llm_scipy_find_peaks,True,True,False,37446,37445,37446,37601,37601,37605,37639,37638,37639,4
bidmc-10-fg-0138,10,138,featuregraph_only,isolated,bidmc-10-burst-005,1,137,139,53820.0,430.56,53847.0,430.776,53964.0,431.712,53949,431.592,102.0,0.816,3.056,0.069902,0.375,excluded_by_ann1,True,False,False,True,False,unassigned,125,envelope_plateau,envelope_plateau_v1,frozen_llm_scipy_find_peaks,True,True,False,53821,53820,53821,53846,53846,53849,53965,53964,53965,5
bidmc-11-fg-0003,11,3,featuregraph_only,isolated,bidmc-11-burst-001,1,2,4,1274.0,10.192,1503.0,12.024,1532.0,12.256,1607,12.856,104.0,0.832,4.024,0.51833,0.22480620155038755,excluded_by_both,True,True,True,False,False,unassigned,125,envelope_plateau,envelope_plateau_v1,frozen_llm_scipy_find_peaks,True,True,False,1274,1274,1274,1500,1500,1507,1532,1532,1532,1
bidmc-11-fg-0005,11,5,featuregraph_only,isolated,bidmc-11-burst-002,1,4,6,1815.0,14.52,1825.0,14.6,1929.0,15.432,1925,15.4,100.0,0.8,1.232,0.18826500000000002,0.17543859649122806,excluded_by_both,True,True,True,False,False,unassigned,125,envelope_plateau,envelope_plateau_v1,frozen_llm_scipy_find_peaks,True,True,False,1815,1815,1815,1825,1825,1825,1929,1929,1929,2
bidmc-11-fg-0008,11,8,featuregraph_only,burst,bidmc-11-burst-003,2,7,9,2793.0,22.344,2993.0,23.944,3192.0,25.536,3095,24.76,102.0,0.816,3.712,0.79462,0.9974937343358397,retained_by_both,False,False,False,True,False,unassigned,125,envelope_plateau,envelope_plateau_v1,frozen_llm_scipy_find_peaks,True,True,False,2793,2793,2793,2991,2991,2995,3192,3192,3192,3
bidmc-11-fg-0009,11,9,featuregraph_only,burst,bidmc-11-burst-003,2,8,10,3192.0,25.536,3305.0,26.44,3379.0,27.032,3407,27.256,102.0,0.816,2.496,0.40586,0.7914438502673797,excluded_by_ann1,True,False,False,True,False,unassigned,125,envelope_plateau,envelope_plateau_v1,frozen_llm_scipy_find_peaks,True,True,False,3192,3192,3192,3303,3303,3307,3379,3379,3379,3
bidmc-11-fg-0036,11,36,featuregraph_only,isolated,bidmc-11-burst-004,1,35,37,15706.0,125.648,15745.0,125.96,15861.0,126.888,15845,126.76,100.0,0.8,1.344,0.5843499999999999,0.5032258064516129,excluded_by_both,True,True,True,False,False,unassigned,125,envelope_plateau,envelope_plateau_v1,frozen_llm_scipy_find_peaks,True,True,False,15706,15706,15706,15745,15745,15745,15861,15861,15861,4
bidmc-11-fg-0041,11,41,featuregraph_only,burst,bidmc-11-burst-005,2,40,42,18105.0,144.84,18107.0,144.856,18110.0,144.88,18209,145.672,102.0,0.816,2.424,0.0,0.8,excluded_by_both,True,True,True,False,False,unassigned,125,envelope_plateau,envelope_plateau_v1,frozen_llm_scipy_find_peaks,True,True,False,18105,18105,18105,18106,18106,18109,18110,18110,18110,5
bidmc-11-fg-0042,11,42,featuregraph_only,burst,bidmc-11-burst-005,2,41,43,18110.0,144.88,18112.0,144.896,18115.0,144.92,18214,145.712,102.0,0.816,0.04,0.0,0.8,excluded_by_both,True,True,True,False,False,unassigned,125,envelope_plateau,envelope_plateau_v1,frozen_llm_scipy_find_peaks,True,True,False,18110,18110,18110,18111,18111,18114,18115,18115,18115,5
bidmc-11-fg-0044,11,44,featuregraph_only,isolated,bidmc-11-burst-006,1,43,45,18116.0,144.928,18127.0,145.016,18147.0,145.176,18229,145.832,102.0,0.816,0.088,0.029340000000000005,0.7096774193548387,excluded_by_both,True,True,True,False,False,unassigned,125,envelope_plateau,envelope_plateau_v1,frozen_llm_scipy_find_peaks,True,True,False,18117,18116,18117,18125,18125,18129,18148,18147,18148,6
bidmc-11-fg-0057,11,57,featuregraph_only,isolated,bidmc-11-burst-007,1,56,58,24082.0,192.656,24117.0,192.936,24147.0,193.176,24219,193.752,102.0,0.816,2.32,0.05623,0.9230769230769231,excluded_by_both,True,True,True,False,False,unassigned,125,envelope_plateau,envelope_plateau_v1,frozen_llm_scipy_find_peaks,True,True,False,24083,24081,24083,24116,24116,24119,24147,24147,24147,7
bidmc-11-fg-0083,11,83,featuregraph_only,isolated,bidmc-11-burst-008,1,82,84,37283.0,298.264,37331.0,298.648,37376.0,299.008,37435,299.48,104.0,0.832,1.952,0.061125,0.967741935483871,excluded_by_both,True,True,True,False,False,unassigned,125,envelope_plateau,envelope_plateau_v1,frozen_llm_scipy_find_peaks,True,True,False,37284,37283,37284,37327,37327,37335,37377,37376,37377,8
bidmc-11-fg-0101,11,101,featuregraph_only,isolated,bidmc-11-burst-009,1,100,102,45594.0,364.752,45607.0,364.856,45790.0,366.32,45710,365.68,103.0,0.824,1.312,1.3912,0.13265306122448983,excluded_by_both,True,True,True,False,False,unassigned,125,envelope_plateau,envelope_plateau_v1,frozen_llm_scipy_find_peaks,True,True,False,45594,45594,45594,45605,45605,45610,45790,45790,45790,9
bidmc-11-fg-0103,11,103,featuregraph_only,isolated,bidmc-11-burst-010,1,102,104,46125.0,369.0,46246.0,369.968,46360.0,370.88,46347,370.776,101.0,0.808,2.016,0.74083,0.9702127659574468,excluded_by_ann1,True,False,False,True,False,unassigned,125,envelope_plateau,envelope_plateau_v1,frozen_llm_scipy_find_peaks,True,True,False,46125,46125,46125,46245,46245,46247,46360,46360,46360,10
bidmc-11-fg-0129,11,129,featuregraph_only,isolated,bidmc-11-burst-011,1,128,130,57690.0,461.52,57770.0,462.16,57795.0,462.36,57872,462.976,102.0,0.816,2.536,0.07335000000000001,0.47619047619047616,excluded_by_both,True,True,True,False,False,unassigned,125,envelope_plateau,envelope_plateau_v1,frozen_llm_scipy_find_peaks,True,True,False,57690,57690,57690,57769,57769,57772,57795,57795,57795,11
bidmc-13-fg-0001,13,1,featuregraph_only,isolated,bidmc-13-burst-001,1,0,2,98.0,0.784,165.0,1.32,366.0,2.928,267,2.136,102.0,0.816,,0.15347,0.5,excluded_by_ann2,False,True,False,True,False,unassigned,125,envelope_plateau,envelope_plateau_v1,frozen_llm_scipy_find_peaks,True,True,False,98,98,98,163,163,167,366,366,366,1
bidmc-13-fg-0017,13,17,featuregraph_only,burst,bidmc-13-burst-002,2,16,18,6097.0,48.776,6099.0,48.792,6212.0,49.696,6200,49.6,101.0,0.808,0.912,0.11143999999999998,0.034782608695652195,excluded_by_both,True,True,True,False,False,unassigned,125,envelope_plateau,envelope_plateau_v1,frozen_llm_scipy_find_peaks,True,True,False,6097,6097,6097,6099,6099,6100,6212,6212,6212,2
bidmc-13-fg-0018,13,18,featuregraph_only,burst,bidmc-13-burst-002,2,17,19,6212.0,49.696,6328.0,50.624,6638.0,53.104,6429,51.432,101.0,0.808,1.832,0.16715999999999998,0.5446009389671361,retained_by_both,False,False,False,True,False,unassigned,125,envelope_plateau,envelope_plateau_v1,frozen_llm_scipy_find_peaks,True,True,False,6212,6212,6212,6327,6327,6329,6638,6638,6638,2
bidmc-13-fg-0020,13,20,featuregraph_only,burst,bidmc-13-burst-003,2,19,21,6999.0,55.992,7227.0,57.816,7355.0,58.84,7329,58.632,102.0,0.816,3.6,0.13587,0.7191011235955056,excluded_by_ann2,False,True,False,True,False,unassigned,125,envelope_plateau,envelope_plateau_v1,frozen_llm_scipy_find_peaks,True,True,False,6999,6999,6999,7226,7226,7229,7356,7355,7356,3
bidmc-13-fg-0021,13,21,featuregraph_only,burst,bidmc-13-burst-003,2,20,22,7355.0,58.84,7567.0,60.536,7790.0,62.32,7667,61.336,100.0,0.8,2.72,0.11925000000000002,0.9747126436781609,retained_by_both,False,False,False,True,False,unassigned,125,envelope_plateau,envelope_plateau_v1,frozen_llm_scipy_find_peaks,True,True,False,7356,7355,7356,7567,7567,7567,7790,7790,7790,3
bidmc-13-fg-0023,13,23,featuregraph_only,burst,bidmc-13-burst-004,2,22,24,8237.0,65.896,8357.0,66.856,8461.0,67.688,8457,67.656,100.0,0.8,2.712,0.12707000000000002,0.9285714285714286,excluded_by_ann1,True,False,False,True,False,unassigned,125,envelope_plateau,envelope_plateau_v1,frozen_llm_scipy_find_peaks,True,True,False,8237,8237,8237,8357,8357,8357,8461,8461,8461,4
bidmc-13-fg-0024,13,24,featuregraph_only,burst,bidmc-13-burst-004,2,23,25,8461.0,67.688,8466.0,67.728,8675.0,69.4,8567,68.536,101.0,0.808,0.872,0.13294,0.04672897196261683,excluded_by_ann2,False,True,False,True,False,unassigned,125,envelope_plateau,envelope_plateau_v1,frozen_llm_scipy_find_peaks,True,True,False,8461,8461,8461,8465,8465,8467,8675,8675,8675,4
bidmc-13-fg-0031,13,31,featuregraph_only,isolated,bidmc-13-burst-005,1,30,32,10946.0,87.568,11161.0,89.288,11357.0,90.856,11262,90.096,101.0,0.808,3.52,0.12805,0.9537712895377128,retained_by_both,False,False,False,True,False,unassigned,125,envelope_plateau,envelope_plateau_v1,frozen_llm_scipy_find_peaks,True,True,False,10946,10946,10946,11160,11160,11162,11357,11357,11357,5
bidmc-13-fg-0036,13,36,featuregraph_only,burst,bidmc-13-burst-006,2,35,37,12954.0,103.632,13069.0,104.552,13180.0,105.44,13169,105.352,100.0,0.8,2.688,0.13979,0.9823008849557522,excluded_by_ann1,True,False,False,True,False,unassigned,125,envelope_plateau,envelope_plateau_v1,frozen_llm_scipy_find_peaks,True,True,False,12954,12954,12954,13069,13069,13069,13180,13180,13180,6
bidmc-13-fg-0037,13,37,featuregraph_only,burst,bidmc-13-burst-006,2,36,38,13180.0,105.44,13182.0,105.456,13292.0,106.336,13283,106.264,101.0,0.808,0.904,0.12024000000000001,0.0357142857142857,excluded_by_ann2,False,True,False,True,False,unassigned,125,envelope_plateau,envelope_plateau_v1,frozen_llm_scipy_find_peaks,True,True,False,13180,13180,13180,13181,13181,13183,13292,13292,13292,6
bidmc-13-fg-0039,13,39,featuregraph_only,isolated,bidmc-13-burst-007,1,38,40,13517.0,108.136,13521.0,108.168,13731.0,109.848,13621,108.968,100.0,0.8,0.896,0.17106,0.03738317757009346,excluded_by_ann2,False,True,False,True,False,unassigned,125,envelope_plateau,envelope_plateau_v1,frozen_llm_scipy_find_peaks,True,True,False,13517,13517,13517,13521,13521,13521,13732,13731,13732,7
bidmc-13-fg-0041,13,41,featuregraph_only,burst,bidmc-13-burst-008,7,40,42,14078.0,112.624,14197.0,113.576,14424.0,115.392,14299,114.392,102.0,0.816,2.704,0.11339000000000002,0.6878612716763006,retained_by_both,False,False,False,True,False,unassigned,125,envelope_plateau,envelope_plateau_v1,frozen_llm_scipy_find_peaks,True,True,False,14078,14078,14078,14196,14196,14199,14424,14424,14424,8
bidmc-13-fg-0042,13,42,featuregraph_only,burst,bidmc-13-burst-008,7,41,43,14424.0,115.392,14649.0,117.192,14871.0,118.968,14750,118.0,101.0,0.808,3.616,0.16032,0.9932885906040269,retained_by_both,False,False,False,True,False,unassigned,125,envelope_plateau,envelope_plateau_v1,frozen_llm_scipy_find_peaks,True,True,False,14424,14424,14424,14648,14648,14650,14871,14871,14871,8
bidmc-13-fg-0043,13,43,featuregraph_only,burst,bidmc-13-burst-008,7,42,44,14871.0,118.968,14989.0,119.912,14993.0,119.944,15090,120.72,101.0,0.808,2.72,0.12121000000000001,0.06557377049180324,excluded_by_ann1,True,False,False,True,False,unassigned,125,envelope_plateau,envelope_plateau_v1,frozen_llm_scipy_find_peaks,True,True,False,14871,14871,14871,14988,14988,14990,14993,14993,14993,8
bidmc-13-fg-0044,13,44,featuregraph_only,burst,bidmc-13-burst-008,7,43,45,14993.0,119.944,15099.0,120.792,15213.0,121.704,15200,121.6,101.0,0.808,0.88,0.10557,0.9636363636363636,retained_by_both,False,False,False,True,False,unassigned,125,envelope_plateau,envelope_plateau_v1,frozen_llm_scipy_find_peaks,True,True,False,14993,14993,14993,15099,15099,15100,15213,15213,15213,8
bidmc-13-fg-0045,13,45,featuregraph_only,burst,bidmc-13-burst-008,7,44,46,15213.0,121.704,15438.0,123.504,15572.0,124.576,15540,124.32,102.0,0.816,2.712,0.13588,0.7465181058495822,retained_by_both,False,False,False,True,False,unassigned,125,envelope_plateau,envelope_plateau_v1,frozen_llm_scipy_find_peaks,True,True,False,15213,15213,15213,15437,15437,15440,15574,15570,15574,8
bidmc-13-fg-0046,13,46,featuregraph_only,burst,bidmc-13-burst-008,7,45,47,15572.0,124.576,15587.0,124.696,15603.0,124.824,15699,125.592,112.0,0.896,1.192,0.016620000000000024,0.967741935483871,excluded_by_both,True,True,True,False,False,unassigned,125,envelope_plateau,envelope_plateau_v1,frozen_llm_scipy_find_peaks,True,True,False,15574,15570,15574,15575,15575,15599,15606,15600,15606,8
bidmc-13-fg-0047,13,47,featuregraph_only,burst,bidmc-13-burst-008,7,46,48,15603.0,124.824,15619.0,124.952,15634.0,125.072,15731,125.848,112.0,0.896,0.256,0.02052000000000001,0.967741935483871,excluded_by_both,True,True,True,False,False,unassigned,125,envelope_plateau,envelope_plateau_v1,frozen_llm_scipy_find_peaks,True,True,False,15606,15600,15606,15607,15607,15631,15637,15632,15637,8
bidmc-13-fg-0049,13,49,featuregraph_only,burst,bidmc-13-burst-009,4,48,50,16001.0,128.008,16118.0,128.944,16226.0,129.808,16219,129.752,101.0,0.808,2.712,0.10069,0.96,retained_by_both,False,False,False,True,False,unassigned,125,envelope_plateau,envelope_plateau_v1,frozen_llm_scipy_find_peaks,True,True,False,16001,16001,16001,16117,16117,16119,16227,16226,16227,9
bidmc-13-fg-0050,13,50,featuregraph_only,burst,bidmc-13-burst-009,4,49,51,16226.0,129.808,16236.0,129.888,16344.0,130.752,16337,130.696,101.0,0.808,0.944,0.09285999999999997,0.1694915254237288,excluded_by_both,True,True,True,False,False,unassigned,125,envelope_plateau,envelope_plateau_v1,frozen_llm_scipy_find_peaks,True,True,False,16227,16226,16227,16235,16235,16237,16344,16344,16344,9
bidmc-13-fg-0051,13,51,featuregraph_only,burst,bidmc-13-burst-009,4,50,52,16344.0,130.752,16464.0,131.712,16571.0,132.568,16566,132.528,102.0,0.816,1.824,0.14467000000000002,0.9427312775330396,excluded_by_ann1,True,False,False,True,False,unassigned,125,envelope_plateau,envelope_plateau_v1,frozen_llm_scipy_find_peaks,True,True,False,16344,16344,16344,16463,16463,16466,16571,16571,16571,9
bidmc-13-fg-0052,13,52,featuregraph_only,burst,bidmc-13-burst-009,4,51,53,16571.0,132.568,16576.0,132.608,16697.0,133.576,16677,133.416,101.0,0.808,0.896,0.10558000000000001,0.07936507936507942,excluded_by_ann2,False,True,False,True,False,unassigned,125,envelope_plateau,envelope_plateau_v1,frozen_llm_scipy_find_peaks,True,True,False,16571,16571,16571,16575,16575,16577,16697,16697,16697,9
bidmc-13-fg-0067,13,67,featuregraph_only,burst,bidmc-13-burst-010,2,66,68,21861.0,174.888,21863.0,174.904,21865.0,174.92,21963,175.704,100.0,0.8,1.648,0.006840000000000013,1.0,excluded_by_both,True,True,True,False,False,unassigned,125,envelope_plateau,envelope_plateau_v1,frozen_llm_scipy_find_peaks,True,True,False,21862,21861,21862,21863,21863,21863,21866,21864,21866,10
bidmc-13-fg-0068,13,68,featuregraph_only,burst,bidmc-13-burst-010,2,67,69,21865.0,174.92,21867.0,174.936,21869.0,174.952,21967,175.736,100.0,0.8,0.032,0.005869999999999986,1.0,excluded_by_both,True,True,True,False,False,unassigned,125,envelope_plateau,envelope_plateau_v1,frozen_llm_scipy_find_peaks,True,True,False,21866,21864,21866,21867,21867,21867,21870,21868,21870,10
bidmc-13-fg-0070,13,70,featuregraph_only,burst,bidmc-13-burst-011,2,69,71,22219.0,177.752,22335.0,178.68,22443.0,179.544,22437,179.496,102.0,0.816,2.688,0.11828,0.9642857142857143,retained_by_both,False,False,False,True,False,unassigned,125,envelope_plateau,envelope_plateau_v1,frozen_llm_scipy_find_peaks,True,True,False,22219,22219,22219,22333,22333,22337,22443,22443,22443,11
bidmc-13-fg-0071,13,71,featuregraph_only,burst,bidmc-13-burst-011,2,70,72,22443.0,179.544,22446.0,179.568,22560.0,180.48,22548,180.384,102.0,0.816,0.888,0.10460000000000003,0.05128205128205132,excluded_by_both,True,True,True,False,False,unassigned,125,envelope_plateau,envelope_plateau_v1,frozen_llm_scipy_find_peaks,True,True,False,22443,22443,22443,22445,22445,22448,22560,22560,22560,11
bidmc-13-fg-0075,13,75,featuregraph_only,isolated,bidmc-13-burst-012,1,74,76,23348.0,186.784,23467.0,187.736,23678.0,189.424,23568,188.544,101.0,0.808,2.728,0.13588,0.7212121212121212,retained_by_both,False,False,False,True,False,unassigned,125,envelope_plateau,envelope_plateau_v1,frozen_llm_scipy_find_peaks,True,True,False,23348,23348,23348,23467,23467,23468,23679,23678,23679,12
bidmc-13-fg-0078,13,78,featuregraph_only,burst,bidmc-13-burst-013,3,77,79,24359.0,194.872,24362.0,194.896,24465.0,195.72,24463,195.704,101.0,0.808,0.912,0.10851,0.05660377358490565,excluded_by_both,True,True,True,False,False,unassigned,125,envelope_plateau,envelope_plateau_v1,frozen_llm_scipy_find_peaks,True,True,False,24359,24359,24359,24361,24361,24363,24465,24465,24465,13
bidmc-13-fg-0079,13,79,featuregraph_only,burst,bidmc-13-burst-013,3,78,80,24465.0,195.72,24581.0,196.648,24697.0,197.576,24681,197.448,100.0,0.8,1.752,0.12805,1.0,retained_by_both,False,False,False,True,False,unassigned,125,envelope_plateau,envelope_plateau_v1,frozen_llm_scipy_find_peaks,True,True,False,24465,24465,24465,24581,24581,24581,24697,24697,24697,13
bidmc-13-fg-0080,13,80,featuregraph_only,burst,bidmc-13-burst-013,3,79,81,24697.0,197.576,24700.0,197.6,24880.0,199.04,24801,198.408,101.0,0.808,0.952,0.12512,0.032786885245901676,excluded_by_both,True,True,True,False,False,unassigned,125,envelope_plateau,envelope_plateau_v1,frozen_llm_scipy_find_peaks,True,True,False,24697,24697,24697,24700,24700,24701,24881,24880,24881,13
bidmc-13-fg-0082,13,82,featuregraph_only,isolated,bidmc-13-burst-014,1,81,83,25147.0,201.176,25149.0,201.192,25260.0,202.08,25251,202.008,102.0,0.816,0.96,0.11046000000000003,0.03539823008849563,excluded_by_both,True,True,True,False,False,unassigned,125,envelope_plateau,envelope_plateau_v1,frozen_llm_scipy_find_peaks,True,True,False,25147,25147,25147,25148,25148,25151,25260,25260,25260,14
bidmc-13-fg-0085,13,85,featuregraph_only,isolated,bidmc-13-burst-015,1,84,86,25935.0,207.48,25938.0,207.504,26044.0,208.352,26039,208.312,101.0,0.808,0.896,0.11340000000000003,0.05504587155963303,excluded_by_both,True,True,True,False,False,unassigned,125,envelope_plateau,envelope_plateau_v1,frozen_llm_scipy_find_peaks,True,True,False,25935,25935,25935,25937,25937,25939,26044,26044,26044,15
bidmc-13-fg-0087,13,87,featuregraph_only,isolated,bidmc-13-burst-016,1,86,88,26266.0,210.128,26273.0,210.184,26481.0,211.848,26373,210.984,100.0,0.8,0.912,0.13685,0.06511627906976747,excluded_by_both,True,True,True,False,False,unassigned,125,envelope_plateau,envelope_plateau_v1,frozen_llm_scipy_find_peaks,True,True,False,26266,26266,26266,26273,26273,26273,26481,26481,26481,16
bidmc-13-fg-0089,13,89,featuregraph_only,burst,bidmc-13-burst-017,2,88,90,26829.0,214.632,26948.0,215.584,27052.0,216.416,27049,216.392,101.0,0.808,2.696,0.11241000000000001,0.9327354260089686,retained_by_both,False,False,False,True,False,unassigned,125,envelope_plateau,envelope_plateau_v1,frozen_llm_scipy_find_peaks,True,True,False,26830,26829,26830,26948,26948,26949,27053,27052,27053,17
bidmc-13-fg-0090,13,90,featuregraph_only,burst,bidmc-13-burst-017,2,89,91,27052.0,216.416,27057.0,216.456,27163.0,217.304,27157,217.256,100.0,0.8,0.872,0.11729999999999999,0.09009009009009006,excluded_by_both,True,True,True,False,False,unassigned,125,envelope_plateau,envelope_plateau_v1,frozen_llm_scipy_find_peaks,True,True,False,27053,27052,27053,27057,27057,27057,27163,27163,27163,17
bidmc-13-fg-0092,13,92,featuregraph_only,isolated,bidmc-13-burst-018,1,91,93,27503.0,220.024,27506.0,220.048,27555.0,220.44,27607,220.856,101.0,0.808,1.776,0.09580000000000002,0.11538461538461542,excluded_by_both,True,True,True,False,False,unassigned,125,envelope_plateau,envelope_plateau_v1,frozen_llm_scipy_find_peaks,True,True,False,27503,27503,27503,27505,27505,27507,27555,27555,27555,18
bidmc-13-fg-0097,13,97,featuregraph_only,isolated,bidmc-13-burst-019,1,96,98,29070.0,232.56,29182.0,233.456,29188.0,233.504,29283,234.264,101.0,0.808,2.632,0.13391999999999998,0.10169491525423724,excluded_by_ann1,True,False,False,True,False,unassigned,125,envelope_plateau,envelope_plateau_v1,frozen_llm_scipy_find_peaks,True,True,False,29070,29070,29070,29182,29182,29183,29188,29188,29188,19
bidmc-13-fg-0099,13,99,featuregraph_only,burst,bidmc-13-burst-020,3,98,100,29512.0,236.096,29636.0,237.088,29852.0,238.816,29738,237.904,102.0,0.816,2.712,0.12512999999999996,0.7294117647058824,retained_by_both,False,False,False,True,False,unassigned,125,envelope_plateau,envelope_plateau_v1,frozen_llm_scipy_find_peaks,True,True,False,29512,29512,29512,29635,29635,29638,29852,29852,29852,20
bidmc-13-fg-0100,13,100,featuregraph_only,burst,bidmc-13-burst-020,3,99,101,29852.0,238.816,29966.0,239.728,29971.0,239.768,30068,240.544,102.0,0.816,2.64,0.10850000000000001,0.08403361344537819,excluded_by_ann1,True,False,False,True,False,unassigned,125,envelope_plateau,envelope_plateau_v1,frozen_llm_scipy_find_peaks,True,True,False,29852,29852,29852,29965,29965,29968,29972,29971,29972,20
bidmc-13-fg-0101,13,101,featuregraph_only,burst,bidmc-13-burst-020,3,100,102,29971.0,239.768,30081.0,240.648,30202.0,241.616,30181,241.448,100.0,0.8,0.92,0.10556999999999997,0.9523809523809523,excluded_by_ann2,False,True,False,True,False,unassigned,125,envelope_plateau,envelope_plateau_v1,frozen_llm_scipy_find_peaks,True,True,False,29972,29971,29972,30081,30081,30081,30203,30202,30203,20
bidmc-13-fg-0104,13,104,featuregraph_only,burst,bidmc-13-burst-021,2,103,105,31085.0,248.68,31204.0,249.632,31311.0,250.488,31305,250.44,101.0,0.808,2.736,0.09971000000000002,0.9469026548672567,excluded_by_ann1,True,False,False,True,False,unassigned,125,envelope_plateau,envelope_plateau_v1,frozen_llm_scipy_find_peaks,True,True,False,31085,31085,31085,31203,31203,31205,31311,31311,31311,21
bidmc-13-fg-0105,13,105,featuregraph_only,burst,bidmc-13-burst-021,2,104,106,31311.0,250.488,31314.0,250.512,31426.0,251.408,31416,251.328,102.0,0.816,0.88,0.10557,0.05217391304347829,excluded_by_ann2,False,True,False,True,False,unassigned,125,envelope_plateau,envelope_plateau_v1,frozen_llm_scipy_find_peaks,True,True,False,31311,31311,31311,31312,31312,31316,31426,31426,31426,21
bidmc-13-fg-0109,13,109,featuregraph_only,isolated,bidmc-13-burst-022,1,108,110,32436.0,259.488,32438.0,259.504,32558.0,260.464,32540,260.32,102.0,0.816,0.904,0.11338999999999999,0.032786885245901676,excluded_by_ann2,False,True,False,True,False,unassigned,125,envelope_plateau,envelope_plateau_v1,frozen_llm_scipy_find_peaks,True,True,False,32436,32436,32436,32437,32437,32440,32558,32558,32558,22
bidmc-13-fg-0111,13,111,featuregraph_only,isolated,bidmc-13-burst-023,1,110,112,32886.0,263.088,32889.0,263.112,32994.0,263.952,32990,263.92,101.0,0.808,0.88,0.11730000000000002,0.05555555555555558,excluded_by_both,True,True,True,False,False,unassigned,125,envelope_plateau,envelope_plateau_v1,frozen_llm_scipy_find_peaks,True,True,False,32886,32886,32886,32889,32889,32890,32994,32994,32994,23
bidmc-13-fg-0113,13,113,featuregraph_only,burst,bidmc-13-burst-024,21,112,114,33221.0,265.768,33226.0,265.808,33338.0,266.704,33327,266.616,101.0,0.808,0.904,0.10166000000000003,0.0854700854700855,excluded_by_both,True,True,True,False,False,unassigned,125,envelope_plateau,envelope_plateau_v1,frozen_llm_scipy_find_peaks,True,True,False,33221,33221,33221,33225,33225,33227,33338,33338,33338,24
bidmc-13-fg-0114,13,114,featuregraph_only,burst,bidmc-13-burst-024,21,113,115,33338.0,266.704,33457.0,267.656,33461.0,267.688,33557,268.456,100.0,0.8,1.848,0.13587000000000002,0.06504065040650409,excluded_by_ann1,True,False,False,True,False,unassigned,125,envelope_plateau,envelope_plateau_v1,frozen_llm_scipy_find_peaks,True,True,False,33338,33338,33338,33457,33457,33457,33461,33461,33461,24
bidmc-13-fg-0115,13,115,featuregraph_only,burst,bidmc-13-burst-024,21,114,116,33461.0,267.688,33463.0,267.704,33466.0,267.728,33565,268.52,102.0,0.816,0.048,0.014670000000000016,0.8,excluded_by_both,True,True,True,False,False,unassigned,125,envelope_plateau,envelope_plateau_v1,frozen_llm_scipy_find_peaks,True,True,False,33461,33461,33461,33462,33462,33465,33467,33466,33467,24
bidmc-13-fg-0116,13,116,featuregraph_only,burst,bidmc-13-burst-024,21,115,117,33466.0,267.728,33469.0,267.752,33471.0,267.768,33570,268.56,101.0,0.808,0.048,0.012709999999999999,0.8,excluded_by_both,True,True,True,False,False,unassigned,125,envelope_plateau,envelope_plateau_v1,frozen_llm_scipy_find_peaks,True,True,False,33467,33466,33467,33468,33468,33470,33472,33471,33472,24
bidmc-13-fg-0117,13,117,featuregraph_only,burst,bidmc-13-burst-024,21,116,118,33471.0,267.768,33474.0,267.792,33477.0,267.816,33576,268.608,102.0,0.816,0.04,0.011730000000000018,1.0,excluded_by_both,True,True,True,False,False,unassigned,125,envelope_plateau,envelope_plateau_v1,frozen_llm_scipy_find_peaks,True,True,False,33472,33471,33472,33473,33473,33476,33477,33477,33477,24
bidmc-13-fg-0118,13,118,featuregraph_only,burst,bidmc-13-burst-024,21,117,119,33477.0,267.816,33479.0,267.832,33482.0,267.856,33581,268.648,102.0,0.816,0.04,0.011730000000000018,0.8,excluded_by_both,True,True,True,False,False,unassigned,125,envelope_plateau,envelope_plateau_v1,frozen_llm_scipy_find_peaks,True,True,False,33477,33477,33477,33478,33478,33481,33483,33482,33483,24
bidmc-13-fg-0119,13,119,featuregraph_only,burst,bidmc-13-burst-024,21,118,120,33482.0,267.856,33485.0,267.88,33487.0,267.896,33586,268.688,101.0,0.808,0.048,0.0048799999999999955,0.8,excluded_by_both,True,True,True,False,False,unassigned,125,envelope_plateau,envelope_plateau_v1,frozen_llm_scipy_find_peaks,True,True,False,33483,33482,33483,33484,33484,33486,33488,33487,33488,24
bidmc-13-fg-0120,13,120,featuregraph_only,burst,bidmc-13-burst-024,21,119,121,33487.0,267.896,33490.0,267.92,33493.0,267.944,33592,268.736,102.0,0.816,0.04,0.0048900000000000055,1.0,excluded_by_both,True,True,True,False,False,unassigned,125,envelope_plateau,envelope_plateau_v1,frozen_llm_scipy_find_peaks,True,True,False,33488,33487,33488,33489,33489,33492,33493,33493,33493,24
bidmc-13-fg-0121,13,121,featuregraph_only,burst,bidmc-13-burst-024,21,120,122,33493.0,267.944,33495.0,267.96,33498.0,267.984,33597,268.776,102.0,0.816,0.04,0.0048799999999999955,0.8,excluded_by_both,True,True,True,False,False,unassigned,125,envelope_plateau,envelope_plateau_v1,frozen_llm_scipy_find_peaks,True,True,False,33493,33493,33493,33494,33494,33497,33499,33498,33499,24
bidmc-13-fg-0122,13,122,featuregraph_only,burst,bidmc-13-burst-024,21,121,123,33498.0,267.984,33501.0,268.008,33503.0,268.024,33602,268.816,101.0,0.808,0.048,0.0019600000000000173,0.8,excluded_by_both,True,True,True,False,False,unassigned,125,envelope_plateau,envelope_plateau_v1,frozen_llm_scipy_find_peaks,True,True,False,33499,33498,33499,33500,33500,33502,33504,33503,33504,24
bidmc-13-fg-0123,13,123,featuregraph_only,burst,bidmc-13-burst-024,21,122,124,33503.0,268.024,33506.0,268.048,33509.0,268.072,33608,268.864,102.0,0.816,0.04,0.0009799999999999809,1.0,excluded_by_both,True,True,True,False,False,unassigned,125,envelope_plateau,envelope_plateau_v1,frozen_llm_scipy_find_peaks,True,True,False,33504,33503,33504,33505,33505,33508,33509,33509,33509,24
bidmc-13-fg-0124,13,124,featuregraph_only,burst,bidmc-13-burst-024,21,123,125,33509.0,268.072,33511.0,268.088,33514.0,268.112,33613,268.904,102.0,0.816,0.04,0.0009799999999999809,0.8,excluded_by_both,True,True,True,False,False,unassigned,125,envelope_plateau,envelope_plateau_v1,frozen_llm_scipy_find_peaks,True,True,False,33509,33509,33509,33510,33510,33513,33515,33514,33515,24
bidmc-13-fg-0125,13,125,featuregraph_only,burst,bidmc-13-burst-024,21,124,126,33514.0,268.112,33517.0,268.136,33519.0,268.152,33618,268.944,101.0,0.808,0.048,0.003910000000000025,0.8,excluded_by_both,True,True,True,False,False,unassigned,125,envelope_plateau,envelope_plateau_v1,frozen_llm_scipy_find_peaks,True,True,False,33515,33514,33515,33516,33516,33518,33520,33519,33520,24
bidmc-13-fg-0126,13,126,featuregraph_only,burst,bidmc-13-burst-024,21,125,127,33519.0,268.152,33522.0,268.176,33525.0,268.2,33624,268.992,102.0,0.816,0.04,0.006849999999999967,1.0,excluded_by_ann2,False,True,False,True,False,unassigned,125,envelope_plateau,envelope_plateau_v1,frozen_llm_scipy_find_peaks,True,True,False,33520,33519,33520,33521,33521,33524,33525,33525,33525,24
bidmc-13-fg-0127,13,127,featuregraph_only,burst,bidmc-13-burst-024,21,126,128,33525.0,268.2,33527.0,268.216,33530.0,268.24,33629,269.032,102.0,0.816,0.04,0.009780000000000011,0.8,excluded_by_both,True,True,True,False,False,unassigned,125,envelope_plateau,envelope_plateau_v1,frozen_llm_scipy_find_peaks,True,True,False,33525,33525,33525,33526,33526,33529,33531,33530,33531,24
bidmc-13-fg-0128,13,128,featuregraph_only,burst,bidmc-13-burst-024,21,127,129,33530.0,268.24,33533.0,268.264,33535.0,268.28,33634,269.072,101.0,0.808,0.048,0.007819999999999994,0.8,excluded_by_both,True,True,True,False,False,unassigned,125,envelope_plateau,envelope_plateau_v1,frozen_llm_scipy_find_peaks,True,True,False,33531,33530,33531,33532,33532,33534,33536,33535,33536,24
bidmc-13-fg-0129,13,129,featuregraph_only,burst,bidmc-13-burst-024,21,128,130,33535.0,268.28,33538.0,268.304,33541.0,268.328,33640,269.12,102.0,0.816,0.04,0.005869999999999986,1.0,excluded_by_both,True,True,True,False,False,unassigned,125,envelope_plateau,envelope_plateau_v1,frozen_llm_scipy_find_peaks,True,True,False,33536,33535,33536,33537,33537,33540,33541,33541,33541,24
bidmc-13-fg-0130,13,130,featuregraph_only,burst,bidmc-13-burst-024,21,129,131,33541.0,268.328,33543.0,268.344,33546.0,268.368,33645,269.16,102.0,0.816,0.04,0.01368999999999998,0.8,excluded_by_both,True,True,True,False,False,unassigned,125,envelope_plateau,envelope_plateau_v1,frozen_llm_scipy_find_peaks,True,True,False,33541,33541,33541,33542,33542,33545,33547,33546,33547,24
bidmc-13-fg-0131,13,131,featuregraph_only,burst,bidmc-13-burst-024,21,130,132,33546.0,268.368,33549.0,268.392,33551.0,268.408,33650,269.2,101.0,0.808,0.048,0.010759999999999992,0.8,excluded_by_both,True,True,True,False,False,unassigned,125,envelope_plateau,envelope_plateau_v1,frozen_llm_scipy_find_peaks,True,True,False,33547,33546,33547,33548,33548,33550,33552,33551,33552,24
bidmc-13-fg-0132,13,132,featuregraph_only,burst,bidmc-13-burst-024,21,131,133,33551.0,268.408,33554.0,268.432,33557.0,268.456,33656,269.248,102.0,0.816,0.04,0.009780000000000011,1.0,excluded_by_both,True,True,True,False,False,unassigned,125,envelope_plateau,envelope_plateau_v1,frozen_llm_scipy_find_peaks,True,True,False,33552,33551,33552,33553,33553,33556,33557,33557,33557,24
bidmc-13-fg-0133,13,133,featuregraph_only,burst,bidmc-13-burst-024,21,132,134,33557.0,268.456,33561.0,268.488,33683.0,269.464,33661,269.288,100.0,0.8,0.056,0.11241000000000001,0.06349206349206349,excluded_by_both,True,True,True,False,False,unassigned,125,envelope_plateau,envelope_plateau_v1,frozen_llm_scipy_find_peaks,True,True,False,33557,33557,33557,33561,33561,33561,33683,33683,33683,24
bidmc-13-fg-0136,13,136,featuregraph_only,isolated,bidmc-13-burst-025,1,135,137,34457.0,275.656,34574.0,276.592,34585.0,276.68,34676,277.408,102.0,0.816,2.68,0.14174,0.171875,excluded_by_ann1,True,False,False,True,False,unassigned,125,envelope_plateau,envelope_plateau_v1,frozen_llm_scipy_find_peaks,True,True,False,34457,34457,34457,34573,34573,34576,34586,34585,34586,25
bidmc-13-fg-0142,13,142,featuregraph_only,burst,bidmc-13-burst-026,2,141,143,36468.0,291.744,36589.0,292.712,36590.0,292.72,36689,293.512,100.0,0.8,2.768,0.13001000000000001,0.016393442622950838,retained_by_both,False,False,False,True,False,unassigned,125,envelope_plateau,envelope_plateau_v1,frozen_llm_scipy_find_peaks,True,True,False,36468,36468,36468,36589,36589,36589,36591,36590,36591,26
bidmc-13-fg-0143,13,143,featuregraph_only,burst,bidmc-13-burst-026,2,142,144,36590.0,292.72,36699.0,293.592,36796.0,294.368,36800,294.4,101.0,0.808,0.88,0.09482000000000002,0.941747572815534,excluded_by_both,True,True,True,False,False,unassigned,125,envelope_plateau,envelope_plateau_v1,frozen_llm_scipy_find_peaks,True,True,False,36591,36590,36591,36699,36699,36700,36796,36796,36796,26
bidmc-13-fg-0146,13,146,featuregraph_only,burst,bidmc-13-burst-027,22,145,147,37483.0,299.864,37597.0,300.776,37699.0,301.592,37697,301.576,100.0,0.8,2.712,0.10752999999999999,0.9444444444444444,excluded_by_ann1,True,False,False,True,False,unassigned,125,envelope_plateau,envelope_plateau_v1,frozen_llm_scipy_find_peaks,True,True,False,37483,37483,37483,37597,37597,37597,37700,37699,37700,27
bidmc-13-fg-0147,13,147,featuregraph_only,burst,bidmc-13-burst-027,22,146,148,37699.0,301.592,37708.0,301.664,37821.0,302.568,37809,302.472,101.0,0.808,0.888,0.12317,0.14754098360655743,excluded_by_ann2,False,True,False,True,False,unassigned,125,envelope_plateau,envelope_plateau_v1,frozen_llm_scipy_find_peaks,True,True,False,37700,37699,37700,37707,37707,37709,37821,37821,37821,27
bidmc-13-fg-0148,13,148,featuregraph_only,burst,bidmc-13-burst-027,22,147,149,37821.0,302.568,37937.0,303.496,38045.0,304.36,38038,304.304,101.0,0.808,1.832,0.12511999999999998,0.9642857142857143,excluded_by_ann1,True,False,False,True,False,unassigned,125,envelope_plateau,envelope_plateau_v1,frozen_llm_scipy_find_peaks,True,True,False,37821,37821,37821,37936,37936,37938,38045,38045,38045,27
bidmc-13-fg-0149,13,149,featuregraph_only,burst,bidmc-13-burst-027,22,148,150,38045.0,304.36,38050.0,304.4,38165.0,305.32,38151,305.208,101.0,0.808,0.904,0.12023,0.08333333333333337,excluded_by_ann2,False,True,False,True,False,unassigned,125,envelope_plateau,envelope_plateau_v1,frozen_llm_scipy_find_peaks,True,True,False,38045,38045,38045,38049,38049,38051,38165,38165,38165,27
bidmc-13-fg-0150,13,150,featuregraph_only,burst,bidmc-13-burst-027,22,149,151,38165.0,305.32,38278.0,306.224,38383.0,307.064,38379,307.032,101.0,0.808,1.824,0.10851000000000002,0.963302752293578,retained_by_both,False,False,False,True,False,unassigned,125,envelope_plateau,envelope_plateau_v1,frozen_llm_scipy_find_peaks,True,True,False,38165,38165,38165,38277,38277,38279,38383,38383,38383,27
bidmc-13-fg-0151,13,151,featuregraph_only,burst,bidmc-13-burst-027,22,150,152,38383.0,307.064,38390.0,307.12,38504.0,308.032,38491,307.928,101.0,0.808,0.896,0.10752999999999999,0.11570247933884292,excluded_by_both,True,True,True,False,False,unassigned,125,envelope_plateau,envelope_plateau_v1,frozen_llm_scipy_find_peaks,True,True,False,38383,38383,38383,38390,38390,38391,38505,38504,38505,27
bidmc-13-fg-0152,13,152,featuregraph_only,burst,bidmc-13-burst-027,22,151,153,38504.0,308.032,38620.0,308.96,38631.0,309.048,38721,309.768,101.0,0.808,1.84,0.09090999999999999,0.17322834645669294,retained_by_both,False,False,False,True,False,unassigned,125,envelope_plateau,envelope_plateau_v1,frozen_llm_scipy_find_peaks,True,True,False,38505,38504,38505,38620,38620,38621,38631,38631,38631,27
bidmc-13-fg-0153,13,153,featuregraph_only,burst,bidmc-13-burst-027,22,152,154,38631.0,309.048,38734.0,309.872,38845.0,310.76,38835,310.68,101.0,0.808,0.912,0.1134,0.9626168224299065,excluded_by_both,True,True,True,False,False,unassigned,125,envelope_plateau,envelope_plateau_v1,frozen_llm_scipy_find_peaks,True,True,False,38631,38631,38631,38733,38733,38735,38845,38845,38845,27
bidmc-13-fg-0154,13,154,featuregraph_only,burst,bidmc-13-burst-027,22,153,155,38845.0,310.76,38961.0,311.688,39065.0,312.52,39061,312.488,100.0,0.8,1.816,0.09873000000000004,0.9454545454545454,retained_by_both,False,False,False,True,False,unassigned,125,envelope_plateau,envelope_plateau_v1,frozen_llm_scipy_find_peaks,True,True,False,38845,38845,38845,38961,38961,38961,39066,39065,39066,27
bidmc-13-fg-0155,13,155,featuregraph_only,burst,bidmc-13-burst-027,22,154,156,39065.0,312.52,39074.0,312.592,39183.0,313.464,39175,313.4,101.0,0.808,0.904,0.11828000000000002,0.15254237288135597,excluded_by_both,True,True,True,False,False,unassigned,125,envelope_plateau,envelope_plateau_v1,frozen_llm_scipy_find_peaks,True,True,False,39066,39065,39066,39073,39073,39075,39183,39183,39183,27
bidmc-13-fg-0156,13,156,featuregraph_only,burst,bidmc-13-burst-027,22,155,157,39183.0,313.464,39301.0,314.408,39409.0,315.272,39401,315.208,100.0,0.8,1.816,0.10458999999999999,0.9557522123893806,retained_by_both,False,False,False,True,False,unassigned,125,envelope_plateau,envelope_plateau_v1,frozen_llm_scipy_find_peaks,True,True,False,39183,39183,39183,39301,39301,39301,39409,39409,39409,27
bidmc-13-fg-0157,13,157,featuregraph_only,burst,bidmc-13-burst-027,22,156,158,39409.0,315.272,39413.0,315.304,39523.0,316.184,39514,316.112,101.0,0.808,0.896,0.10753000000000001,0.07017543859649122,excluded_by_both,True,True,True,False,False,unassigned,125,envelope_plateau,envelope_plateau_v1,frozen_llm_scipy_find_peaks,True,True,False,39409,39409,39409,39413,39413,39414,39524,39523,39524,27
bidmc-13-fg-0158,13,158,featuregraph_only,burst,bidmc-13-burst-027,22,157,159,39523.0,316.184,39641.0,317.128,39644.0,317.152,39741,317.928,100.0,0.8,1.824,0.09774999999999998,0.04958677685950408,retained_by_both,False,False,False,True,False,unassigned,125,envelope_plateau,envelope_plateau_v1,frozen_llm_scipy_find_peaks,True,True,False,39524,39523,39524,39641,39641,39641,39645,39644,39645,27
bidmc-13-fg-0159,13,159,featuregraph_only,burst,bidmc-13-burst-027,22,158,160,39644.0,317.152,39752.0,318.016,39864.0,318.912,39853,318.824,101.0,0.808,0.888,0.12512,0.9818181818181818,excluded_by_both,True,True,True,False,False,unassigned,125,envelope_plateau,envelope_plateau_v1,frozen_llm_scipy_find_peaks,True,True,False,39645,39644,39645,39751,39751,39753,39864,39864,39864,27
bidmc-13-fg-0160,13,160,featuregraph_only,burst,bidmc-13-burst-027,22,159,161,39864.0,318.912,39978.0,319.824,40086.0,320.688,40080,320.64,102.0,0.816,1.808,0.09384999999999999,0.972972972972973,retained_by_both,False,False,False,True,False,unassigned,125,envelope_plateau,envelope_plateau_v1,frozen_llm_scipy_find_peaks,True,True,False,39864,39864,39864,39977,39977,39980,40086,40086,40086,27
bidmc-13-fg-0161,13,161,featuregraph_only,burst,bidmc-13-burst-027,22,160,162,40086.0,320.688,40091.0,320.728,40201.0,321.608,40192,321.536,101.0,0.808,0.904,0.10753000000000001,0.08695652173913049,excluded_by_both,True,True,True,False,False,unassigned,125,envelope_plateau,envelope_plateau_v1,frozen_llm_scipy_find_peaks,True,True,False,40086,40086,40086,40090,40090,40092,40201,40201,40201,27
bidmc-13-fg-0162,13,162,featuregraph_only,burst,bidmc-13-burst-027,22,161,163,40201.0,321.608,40317.0,322.536,40320.0,322.56,40417,323.336,100.0,0.8,1.808,0.09188999999999997,0.050420168067226934,retained_by_both,False,False,False,True,False,unassigned,125,envelope_plateau,envelope_plateau_v1,frozen_llm_scipy_find_peaks,True,True,False,40201,40201,40201,40317,40317,40317,40321,40320,40321,27
bidmc-13-fg-0163,13,163,featuregraph_only,burst,bidmc-13-burst-027,22,162,164,40320.0,322.56,40429.0,323.432,40538.0,324.304,40529,324.232,100.0,0.8,0.896,0.11339000000000002,1.0,excluded_by_both,True,True,True,False,False,unassigned,125,envelope_plateau,envelope_plateau_v1,frozen_llm_scipy_find_peaks,True,True,False,40321,40320,40321,40429,40429,40429,40538,40538,40538,27
bidmc-13-fg-0164,13,164,featuregraph_only,burst,bidmc-13-burst-027,22,163,165,40538.0,324.304,40656.0,325.248,40759.0,326.072,40757,326.056,101.0,0.808,1.816,0.08895,0.9321266968325792,retained_by_both,False,False,False,True,False,unassigned,125,envelope_plateau,envelope_plateau_v1,frozen_llm_scipy_find_peaks,True,True,False,40538,40538,40538,40655,40655,40657,40760,40759,40760,27
bidmc-13-fg-0165,13,165,featuregraph_only,burst,bidmc-13-burst-027,22,164,166,40759.0,326.072,40765.0,326.12,40873.0,326.984,40865,326.92,100.0,0.8,0.872,0.11534000000000003,0.10526315789473684,excluded_by_both,True,True,True,False,False,unassigned,125,envelope_plateau,envelope_plateau_v1,frozen_llm_scipy_find_peaks,True,True,False,40760,40759,40760,40765,40765,40765,40873,40873,40873,27
bidmc-13-fg-0166,13,166,featuregraph_only,burst,bidmc-13-burst-027,22,165,167,40873.0,326.984,40990.0,327.92,41097.0,328.776,41091,328.728,101.0,0.808,1.8,0.09970999999999997,0.9553571428571429,retained_by_both,False,False,False,True,False,unassigned,125,envelope_plateau,envelope_plateau_v1,frozen_llm_scipy_find_peaks,True,True,False,40873,40873,40873,40989,40989,40991,41098,41097,41098,27
bidmc-13-fg-0167,13,167,featuregraph_only,burst,bidmc-13-burst-027,22,166,168,41097.0,328.776,41101.0,328.808,41200.0,329.6,41202,329.616,101.0,0.808,0.888,0.12023999999999999,0.07766990291262132,excluded_by_both,True,True,True,False,False,unassigned,125,envelope_plateau,envelope_plateau_v1,frozen_llm_scipy_find_peaks,True,True,False,41098,41097,41098,41101,41101,41102,41201,41200,41201,27
bidmc-13-fg-0169,13,169,featuregraph_only,isolated,bidmc-13-burst-028,1,168,170,41436.0,331.488,41437.0,331.496,41535.0,332.28,41537,332.296,100.0,0.8,0.912,0.12415000000000004,0.02020202020202022,excluded_by_both,True,True,True,False,False,unassigned,125,envelope_plateau,envelope_plateau_v1,frozen_llm_scipy_find_peaks,True,True,False,41436,41436,41436,41437,41437,41437,41535,41535,41535,28
bidmc-13-fg-0171,13,171,featuregraph_only,isolated,bidmc-13-burst-029,1,170,172,41771.0,334.168,41774.0,334.192,41862.0,334.896,41876,335.008,102.0,0.816,1.024,0.10655,0.06593406593406592,excluded_by_both,True,True,True,False,False,unassigned,125,envelope_plateau,envelope_plateau_v1,frozen_llm_scipy_find_peaks,True,True,False,41772,41771,41772,41773,41773,41776,41863,41862,41863,29
bidmc-13-fg-0174,13,174,featuregraph_only,isolated,bidmc-13-burst-030,1,173,175,42437.0,339.496,42445.0,339.56,42560.0,340.48,42546,340.368,101.0,0.808,0.928,0.11926,0.13008130081300817,excluded_by_ann2,False,True,False,True,False,unassigned,125,envelope_plateau,envelope_plateau_v1,frozen_llm_scipy_find_peaks,True,True,False,42437,42437,42437,42445,42445,42446,42560,42560,42560,30
bidmc-13-fg-0176,13,176,featuregraph_only,burst,bidmc-13-burst-031,3,175,177,42671.0,341.368,42781.0,342.248,42889.0,343.112,42881,343.048,100.0,0.8,0.88,0.11144000000000001,0.9908256880733946,excluded_by_both,True,True,True,False,False,unassigned,125,envelope_plateau,envelope_plateau_v1,frozen_llm_scipy_find_peaks,True,True,False,42673,42670,42673,42781,42781,42781,42889,42889,42889,31
bidmc-13-fg-0177,13,177,featuregraph_only,burst,bidmc-13-burst-031,3,176,178,42889.0,343.112,42996.0,343.968,43107.0,344.856,43101,344.808,105.0,0.84,1.72,0.10753000000000001,0.981651376146789,retained_by_both,False,False,False,True,False,unassigned,125,envelope_plateau,envelope_plateau_v1,frozen_llm_scipy_find_peaks,True,True,False,42889,42889,42889,42991,42991,43001,43107,43107,43107,31
bidmc-13-fg-0178,13,178,featuregraph_only,burst,bidmc-13-burst-031,3,177,179,43107.0,344.856,43114.0,344.912,43208.0,345.664,43215,345.72,101.0,0.808,0.944,0.1046,0.13861386138613863,excluded_by_both,True,True,True,False,False,unassigned,125,envelope_plateau,envelope_plateau_v1,frozen_llm_scipy_find_peaks,True,True,False,43107,43107,43107,43113,43113,43115,43208,43208,43208,31
bidmc-13-fg-0180,13,180,featuregraph_only,burst,bidmc-13-burst-032,3,179,181,43445.0,347.56,43449.0,347.592,43552.0,348.416,43551,348.408,102.0,0.816,0.96,0.11046,0.07476635514018692,excluded_by_both,True,True,True,False,False,unassigned,125,envelope_plateau,envelope_plateau_v1,frozen_llm_scipy_find_peaks,True,True,False,43445,43445,43445,43448,43448,43451,43553,43552,43553,32
bidmc-13-fg-0181,13,181,featuregraph_only,burst,bidmc-13-burst-032,3,180,182,43552.0,348.416,43666.0,349.328,43780.0,350.24,43767,350.136,101.0,0.808,1.736,0.12219,1.0,retained_by_both,False,False,False,True,False,unassigned,125,envelope_plateau,envelope_plateau_v1,frozen_llm_scipy_find_peaks,True,True,False,43553,43552,43553,43665,43665,43667,43780,43780,43780,32
bidmc-13-fg-0182,13,182,featuregraph_only,burst,bidmc-13-burst-032,3,181,183,43780.0,350.24,43787.0,350.296,43887.0,351.096,43889,351.112,102.0,0.816,0.968,0.12023999999999999,0.13084112149532712,excluded_by_both,True,True,True,False,False,unassigned,125,envelope_plateau,envelope_plateau_v1,frozen_llm_scipy_find_peaks,True,True,False,43780,43780,43780,43785,43785,43789,43888,43887,43888,32
bidmc-13-fg-0184,13,184,featuregraph_only,isolated,bidmc-13-burst-033,1,183,185,44219.0,353.752,44343.0,354.744,44348.0,354.784,44446,355.568,103.0,0.824,2.672,0.12904000000000002,0.07751937984496127,retained_by_both,False,False,False,True,False,unassigned,125,envelope_plateau,envelope_plateau_v1,frozen_llm_scipy_find_peaks,True,True,False,44220,44219,44220,44341,44341,44346,44348,44348,44348,33
bidmc-13-fg-0187,13,187,featuregraph_only,burst,bidmc-13-burst-034,2,186,188,44782.0,358.256,44796.0,358.368,44901.0,359.208,44897,359.176,101.0,0.808,0.952,0.12219000000000002,0.23529411764705888,excluded_by_both,True,True,True,False,False,unassigned,125,envelope_plateau,envelope_plateau_v1,frozen_llm_scipy_find_peaks,True,True,False,44783,44781,44783,44795,44795,44797,44901,44901,44901,34
bidmc-13-fg-0188,13,188,featuregraph_only,burst,bidmc-13-burst-034,2,187,189,44901.0,359.208,45016.0,360.128,45021.0,360.168,45117,360.936,101.0,0.808,1.76,0.1476,0.08333333333333337,excluded_by_ann1,True,False,False,True,False,unassigned,125,envelope_plateau,envelope_plateau_v1,frozen_llm_scipy_find_peaks,True,True,False,44901,44901,44901,45015,45015,45017,45021,45021,45021,34
bidmc-13-fg-0192,13,192,featuregraph_only,isolated,bidmc-13-burst-035,1,191,193,45909.0,367.272,45915.0,367.32,46027.0,368.216,46017,368.136,102.0,0.816,0.864,0.12610000000000002,0.10169491525423724,excluded_by_both,True,True,True,False,False,unassigned,125,envelope_plateau,envelope_plateau_v1,frozen_llm_scipy_find_peaks,True,True,False,45910,45909,45910,45913,45913,45917,46027,46027,46027,35
bidmc-13-fg-0195,13,195,featuregraph_only,isolated,bidmc-13-burst-036,1,194,196,46583.0,372.664,46587.0,372.696,46699.0,373.592,46687,373.496,100.0,0.8,0.872,0.14467,0.06896551724137934,excluded_by_both,True,True,True,False,False,unassigned,125,envelope_plateau,envelope_plateau_v1,frozen_llm_scipy_find_peaks,True,True,False,46583,46583,46583,46587,46587,46587,46700,46699,46700,36
bidmc-13-fg-0197,13,197,featuregraph_only,burst,bidmc-13-burst-037,2,196,198,46916.0,375.328,46921.0,375.368,47033.0,376.264,47021,376.168,100.0,0.8,0.872,0.14075999999999997,0.0854700854700855,excluded_by_both,True,True,True,False,False,unassigned,125,envelope_plateau,envelope_plateau_v1,frozen_llm_scipy_find_peaks,True,True,False,46916,46916,46916,46921,46921,46921,47034,47033,47034,37
bidmc-13-fg-0198,13,198,featuregraph_only,burst,bidmc-13-burst-037,2,197,199,47033.0,376.264,47146.0,377.168,47149.0,377.192,47248,377.984,102.0,0.816,1.8,0.11339000000000002,0.051724137931034475,excluded_by_ann1,True,False,False,True,False,unassigned,125,envelope_plateau,envelope_plateau_v1,frozen_llm_scipy_find_peaks,True,True,False,47034,47033,47034,47145,47145,47148,47149,47149,47149,37
bidmc-13-fg-0200,13,200,featuregraph_only,burst,bidmc-13-burst-038,4,199,201,47367.0,378.936,47480.0,379.84,47709.0,381.672,47581,380.648,101.0,0.808,1.784,0.14955999999999997,0.6608187134502924,excluded_by_ann1,True,False,False,True,False,unassigned,125,envelope_plateau,envelope_plateau_v1,frozen_llm_scipy_find_peaks,True,True,False,47367,47367,47367,47479,47479,47481,47709,47709,47709,38
bidmc-13-fg-0201,13,201,featuregraph_only,burst,bidmc-13-burst-038,4,200,202,47709.0,381.672,47859.0,382.872,48031.0,384.248,47960,383.68,101.0,0.808,3.032,0.14663,0.9316770186335404,retained_by_both,False,False,False,True,False,unassigned,125,envelope_plateau,envelope_plateau_v1,frozen_llm_scipy_find_peaks,True,True,False,47709,47709,47709,47858,47858,47860,48031,48031,48031,38
bidmc-13-fg-0202,13,202,featuregraph_only,burst,bidmc-13-burst-038,4,201,203,48031.0,384.248,48039.0,384.312,48140.0,385.12,48140,385.12,101.0,0.808,1.44,0.08895,0.14678899082568808,excluded_by_both,True,True,True,False,False,unassigned,125,envelope_plateau,envelope_plateau_v1,frozen_llm_scipy_find_peaks,True,True,False,48031,48031,48031,48038,48038,48040,48140,48140,48140,38
bidmc-13-fg-0203,13,203,featuregraph_only,burst,bidmc-13-burst-038,4,202,204,48140.0,385.12,48264.0,386.112,48266.0,386.128,48365,386.92,101.0,0.808,1.8,0.13099,0.031746031746031744,retained_by_both,False,False,False,True,False,unassigned,125,envelope_plateau,envelope_plateau_v1,frozen_llm_scipy_find_peaks,True,True,False,48140,48140,48140,48263,48263,48265,48266,48266,48266,38
bidmc-13-fg-0205,13,205,featuregraph_only,burst,bidmc-13-burst-039,2,204,206,48483.0,387.864,48596.0,388.768,48601.0,388.808,48698,389.584,102.0,0.816,1.792,0.13294,0.0847457627118644,retained_by_both,False,False,False,True,False,unassigned,125,envelope_plateau,envelope_plateau_v1,frozen_llm_scipy_find_peaks,True,True,False,48483,48483,48483,48595,48595,48598,48601,48601,48601,39
bidmc-13-fg-0206,13,206,featuregraph_only,burst,bidmc-13-burst-039,2,205,207,48601.0,388.808,48709.0,389.672,48826.0,390.608,48809,390.472,100.0,0.8,0.904,0.11534999999999995,0.96,excluded_by_both,True,True,True,False,False,unassigned,125,envelope_plateau,envelope_plateau_v1,frozen_llm_scipy_find_peaks,True,True,False,48601,48601,48601,48709,48709,48709,48826,48826,48826,39
bidmc-13-fg-0208,13,208,featuregraph_only,burst,bidmc-13-burst-040,4,207,209,49268.0,394.144,49387.0,395.096,49609.0,396.872,49488,395.904,101.0,0.808,2.704,0.14565,0.6979472140762464,retained_by_both,False,False,False,True,False,unassigned,125,envelope_plateau,envelope_plateau_v1,frozen_llm_scipy_find_peaks,True,True,False,49268,49268,49268,49387,49387,49388,49610,49609,49610,40
bidmc-13-fg-0209,13,209,featuregraph_only,burst,bidmc-13-burst-040,4,208,210,49609.0,396.872,49727.0,397.816,49834.0,398.672,49829,398.632,102.0,0.816,2.72,0.10459000000000002,0.9511111111111111,retained_by_both,False,False,False,True,False,unassigned,125,envelope_plateau,envelope_plateau_v1,frozen_llm_scipy_find_peaks,True,True,False,49610,49609,49610,49726,49726,49729,49834,49834,49834,40
bidmc-13-fg-0210,13,210,featuregraph_only,burst,bidmc-13-burst-040,4,209,211,49834.0,398.672,49836.0,398.688,49949.0,399.592,49937,399.496,101.0,0.808,0.872,0.11828000000000002,0.034782608695652195,excluded_by_both,True,True,True,False,False,unassigned,125,envelope_plateau,envelope_plateau_v1,frozen_llm_scipy_find_peaks,True,True,False,49834,49834,49834,49835,49835,49837,49949,49949,49949,40
bidmc-13-fg-0211,13,211,featuregraph_only,burst,bidmc-13-burst-040,4,210,212,49949.0,399.592,50176.0,401.408,50285.0,402.28,50278,402.224,102.0,0.816,2.72,0.12024000000000001,0.6488095238095238,excluded_by_both,True,True,True,False,False,unassigned,125,envelope_plateau,envelope_plateau_v1,frozen_llm_scipy_find_peaks,True,True,False,49949,49949,49949,50174,50174,50178,50285,50285,50285,40
bidmc-13-fg-0214,13,214,featuregraph_only,burst,bidmc-13-burst-041,4,213,215,50971.0,407.768,51085.0,408.68,51309.0,410.472,51187,409.496,102.0,0.816,1.856,0.13294000000000003,0.6745562130177515,retained_by_both,False,False,False,True,False,unassigned,125,envelope_plateau,envelope_plateau_v1,frozen_llm_scipy_find_peaks,True,True,False,50971,50971,50971,51083,51083,51087,51309,51309,51309,41
bidmc-13-fg-0215,13,215,featuregraph_only,burst,bidmc-13-burst-041,4,214,216,51309.0,410.472,51527.0,412.216,51630.0,413.04,51628,413.024,101.0,0.808,3.536,0.14173999999999998,0.6417445482866044,retained_by_both,False,False,False,True,False,unassigned,125,envelope_plateau,envelope_plateau_v1,frozen_llm_scipy_find_peaks,True,True,False,51309,51309,51309,51526,51526,51528,51631,51629,51631,41
bidmc-13-fg-0216,13,216,featuregraph_only,burst,bidmc-13-burst-041,4,215,217,51630.0,413.04,51642.0,413.136,51732.0,413.856,51744,413.952,102.0,0.816,0.92,0.08602999999999997,0.23529411764705888,excluded_by_both,True,True,True,False,False,unassigned,125,envelope_plateau,envelope_plateau_v1,frozen_llm_scipy_find_peaks,True,True,False,51631,51629,51631,51641,51641,51644,51733,51731,51733,41
bidmc-13-fg-0217,13,217,featuregraph_only,burst,bidmc-13-burst-041,4,216,218,51732.0,413.856,51866.0,414.928,52052.0,416.416,51967,415.736,101.0,0.808,1.792,0.11339000000000002,0.8375,retained_by_both,False,False,False,True,False,unassigned,125,envelope_plateau,envelope_plateau_v1,frozen_llm_scipy_find_peaks,True,True,False,51733,51731,51733,51865,51865,51867,52053,52052,52053,41
bidmc-13-fg-0222,13,222,featuregraph_only,burst,bidmc-13-burst-042,3,221,223,53435.0,427.48,53548.0,428.384,53650.0,429.2,53649,429.192,101.0,0.808,2.712,0.13684999999999997,0.9488372093023256,excluded_by_ann1,True,False,False,True,False,unassigned,125,envelope_plateau,envelope_plateau_v1,frozen_llm_scipy_find_peaks,True,True,False,53435,53435,53435,53548,53548,53549,53651,53650,53651,42
bidmc-13-fg-0223,13,223,featuregraph_only,burst,bidmc-13-burst-042,3,222,224,53650.0,429.2,53658.0,429.264,53777.0,430.216,53759,430.072,101.0,0.808,0.88,0.10949000000000003,0.12598425196850394,excluded_by_ann2,False,True,False,True,False,unassigned,125,envelope_plateau,envelope_plateau_v1,frozen_llm_scipy_find_peaks,True,True,False,53651,53650,53651,53657,53657,53659,53777,53777,53777,42
bidmc-13-fg-0224,13,224,featuregraph_only,burst,bidmc-13-burst-042,3,223,225,53777.0,430.216,53995.0,431.96,54209.0,433.672,54095,432.76,100.0,0.8,2.696,0.14368999999999998,0.9907407407407407,excluded_by_ann2,False,True,False,True,False,unassigned,125,envelope_plateau,envelope_plateau_v1,frozen_llm_scipy_find_peaks,True,True,False,53777,53777,53777,53995,53995,53995,54209,54209,54209,42
bidmc-13-fg-0226,13,226,featuregraph_only,isolated,bidmc-13-burst-043,1,225,227,54222.0,433.776,54442.0,435.536,54558.0,436.464,54544,436.352,102.0,0.816,1.76,0.09775000000000003,0.6904761904761905,excluded_by_ann2,False,True,False,True,False,unassigned,125,envelope_plateau,envelope_plateau_v1,frozen_llm_scipy_find_peaks,True,True,False,54223,54221,54223,54441,54441,54444,54558,54558,54558,43
bidmc-13-fg-0229,13,229,featuregraph_only,burst,bidmc-13-burst-044,4,228,230,55342.0,442.736,55458.0,443.664,55567.0,444.536,55559,444.472,101.0,0.808,2.704,0.09090999999999999,0.9688888888888889,retained_by_both,False,False,False,True,False,unassigned,125,envelope_plateau,envelope_plateau_v1,frozen_llm_scipy_find_peaks,True,True,False,55342,55342,55342,55457,55457,55459,55567,55567,55567,44
bidmc-13-fg-0230,13,230,featuregraph_only,burst,bidmc-13-burst-044,4,229,231,55567.0,444.536,55569.0,444.552,55679.0,445.432,55669,445.352,100.0,0.8,0.888,0.10948000000000002,0.0357142857142857,excluded_by_both,True,True,True,False,False,unassigned,125,envelope_plateau,envelope_plateau_v1,frozen_llm_scipy_find_peaks,True,True,False,55567,55567,55567,55569,55569,55569,55680,55679,55680,44
bidmc-13-fg-0231,13,231,featuregraph_only,burst,bidmc-13-burst-044,4,230,232,55679.0,445.432,55794.0,446.352,55897.0,447.176,55896,447.168,102.0,0.816,1.8,0.10557,0.944954128440367,retained_by_both,False,False,False,True,False,unassigned,125,envelope_plateau,envelope_plateau_v1,frozen_llm_scipy_find_peaks,True,True,False,55680,55679,55680,55793,55793,55796,55898,55897,55898,44
bidmc-13-fg-0232,13,232,featuregraph_only,burst,bidmc-13-burst-044,4,231,233,55897.0,447.176,55906.0,447.248,56012.0,448.096,56007,448.056,101.0,0.808,0.896,0.11046,0.15652173913043477,excluded_by_both,True,True,True,False,False,unassigned,125,envelope_plateau,envelope_plateau_v1,frozen_llm_scipy_find_peaks,True,True,False,55898,55897,55898,55905,55905,55907,56012,56012,56012,44
bidmc-13-fg-0234,13,234,featuregraph_only,burst,bidmc-13-burst-045,3,233,235,56356.0,450.848,56580.0,452.64,56794.0,454.352,56681,453.448,101.0,0.808,3.6,0.16324,0.9771689497716896,excluded_by_ann2,False,True,False,True,False,unassigned,125,envelope_plateau,envelope_plateau_v1,frozen_llm_scipy_find_peaks,True,True,False,56356,56356,56356,56579,56579,56581,56794,56794,56794,45
bidmc-13-fg-0235,13,235,featuregraph_only,burst,bidmc-13-burst-045,3,234,236,56794.0,454.352,56919.0,455.352,57139.0,457.112,57020,456.16,101.0,0.808,2.712,0.13783000000000004,0.7246376811594203,retained_by_both,False,False,False,True,False,unassigned,125,envelope_plateau,envelope_plateau_v1,frozen_llm_scipy_find_peaks,True,True,False,56794,56794,56794,56918,56918,56920,57139,57139,57139,45
bidmc-13-fg-0236,13,236,featuregraph_only,burst,bidmc-13-burst-045,3,235,237,57139.0,457.112,57256.0,458.048,57260.0,458.08,57357,458.856,101.0,0.808,2.696,0.11925000000000002,0.06611570247933884,excluded_by_ann1,True,False,False,True,False,unassigned,125,envelope_plateau,envelope_plateau_v1,frozen_llm_scipy_find_peaks,True,True,False,57139,57139,57139,57255,57255,57257,57260,57260,57260,45
bidmc-13-fg-0240,13,240,featuregraph_only,burst,bidmc-13-burst-046,2,239,241,58264.0,466.112,58382.0,467.056,58488.0,467.904,58483,467.864,101.0,0.808,2.696,0.11046,0.9464285714285714,retained_by_both,False,False,False,True,False,unassigned,125,envelope_plateau,envelope_plateau_v1,frozen_llm_scipy_find_peaks,True,True,False,58264,58264,58264,58381,58381,58383,58488,58488,58488,46
bidmc-13-fg-0241,13,241,featuregraph_only,burst,bidmc-13-burst-046,2,240,242,58488.0,467.904,58495.0,467.96,58600.0,468.8,58597,468.776,102.0,0.816,0.904,0.12904,0.125,excluded_by_both,True,True,True,False,False,unassigned,125,envelope_plateau,envelope_plateau_v1,frozen_llm_scipy_find_peaks,True,True,False,58488,58488,58488,58493,58493,58497,58600,58600,58600,46
bidmc-13-fg-0243,13,243,featuregraph_only,burst,bidmc-13-burst-047,3,242,244,58941.0,471.528,59056.0,472.448,59277.0,474.216,59157,473.256,101.0,0.808,2.688,0.14956000000000003,0.6845238095238095,retained_by_both,False,False,False,True,False,unassigned,125,envelope_plateau,envelope_plateau_v1,frozen_llm_scipy_find_peaks,True,True,False,58942,58941,58942,59056,59056,59057,59277,59277,59277,47
bidmc-13-fg-0244,13,244,featuregraph_only,burst,bidmc-13-burst-047,3,243,245,59277.0,474.216,59506.0,476.048,59624.0,476.992,59607,476.856,101.0,0.808,3.6,0.21896,0.6801152737752161,excluded_by_ann2,False,True,False,True,False,unassigned,125,envelope_plateau,envelope_plateau_v1,frozen_llm_scipy_find_peaks,True,True,False,59277,59277,59277,59505,59505,59507,59624,59624,59624,47
bidmc-13-fg-0245,13,245,featuregraph_only,burst,bidmc-13-burst-047,3,244,246,59624.0,476.992,59738.0,477.904,59741.0,477.928,59839,478.712,101.0,0.808,1.856,0.13488999999999998,0.05128205128205132,excluded_by_ann1,True,False,False,True,False,unassigned,125,envelope_plateau,envelope_plateau_v1,frozen_llm_scipy_find_peaks,True,True,False,59624,59624,59624,59738,59738,59739,59742,59741,59742,47
bidmc-14-fg-0001,14,1,featuregraph_only,burst,bidmc-14-burst-001,2,0,2,98.0,0.784,259.0,2.072,475.0,3.8,361,2.888,102.0,0.816,,0.5305599999999999,0.8541114058355438,retained_by_both,False,False,False,True,False,unassigned,125,envelope_plateau,envelope_plateau_v1,frozen_llm_scipy_find_peaks,True,True,False,98,98,98,257,257,261,475,475,475,1
bidmc-14-fg-0002,14,2,featuregraph_only,burst,bidmc-14-burst-001,2,1,3,475.0,3.8,579.0,4.632,613.0,4.904,679,5.432,100.0,0.8,2.56,0.20293,0.49275362318840576,excluded_by_both,True,True,True,False,False,unassigned,125,envelope_plateau,envelope_plateau_v1,frozen_llm_scipy_find_peaks,True,True,False,475,475,475,579,579,579,614,613,614,1
bidmc-14-fg-0006,14,6,featuregraph_only,isolated,bidmc-14-burst-002,1,5,7,2133.0,17.064,2183.0,17.464,2223.0,17.784,2285,18.28,102.0,0.816,1.952,0.19071,0.8888888888888888,excluded_by_both,True,True,True,False,False,unassigned,125,envelope_plateau,envelope_plateau_v1,frozen_llm_scipy_find_peaks,True,True,False,2133,2133,2133,2181,2181,2185,2224,2223,2224,2
bidmc-14-fg-0010,14,10,featuregraph_only,isolated,bidmc-14-burst-003,1,9,11,3321.0,26.568,3373.0,26.984,3382.0,27.056,3473,27.784,100.0,0.8,1.376,0.2176,0.29508196721311475,excluded_by_both,True,True,True,False,False,unassigned,125,envelope_plateau,envelope_plateau_v1,frozen_llm_scipy_find_peaks,True,True,False,3321,3321,3321,3373,3373,3373,3383,3382,3383,3
bidmc-14-fg-0022,14,22,featuregraph_only,isolated,bidmc-14-burst-004,1,21,23,8547.0,68.376,8591.0,68.728,8595.0,68.76,8694,69.552,103.0,0.824,2.592,0.188265,0.16666666666666663,excluded_by_both,True,True,True,False,False,unassigned,125,envelope_plateau,envelope_plateau_v1,frozen_llm_scipy_find_peaks,True,True,False,8547,8547,8547,8589,8589,8594,8595,8595,8595,4
bidmc-14-fg-0024,14,24,featuregraph_only,burst,bidmc-14-burst-005,2,23,25,9115.0,72.92,9212.0,73.696,9226.0,73.808,9315,74.52,103.0,0.824,3.104,0.26161,0.25225225225225223,excluded_by_both,True,True,True,False,False,unassigned,125,envelope_plateau,envelope_plateau_v1,frozen_llm_scipy_find_peaks,True,True,False,9115,9115,9115,9210,9210,9215,9227,9226,9227,5
bidmc-14-fg-0025,14,25,featuregraph_only,burst,bidmc-14-burst-005,2,24,26,9226.0,73.808,9458.0,75.664,9757.0,78.056,9559,76.472,101.0,0.808,1.968,1.06112,0.8738229755178908,retained_by_both,False,False,False,True,False,unassigned,125,envelope_plateau,envelope_plateau_v1,frozen_llm_scipy_find_peaks,True,True,False,9227,9226,9227,9457,9457,9459,9757,9757,9757,5
bidmc-14-fg-0030,14,30,featuregraph_only,burst,bidmc-14-burst-006,3,29,31,11477.0,91.816,11712.0,93.696,11774.0,94.192,11817,94.536,105.0,0.84,3.04,0.76283,0.4175084175084175,excluded_by_both,True,True,True,False,False,unassigned,125,envelope_plateau,envelope_plateau_v1,frozen_llm_scipy_find_peaks,True,True,False,11477,11477,11477,11708,11708,11717,11774,11774,11774,6
bidmc-14-fg-0031,14,31,featuregraph_only,burst,bidmc-14-burst-006,3,30,32,11774.0,94.192,11886.0,95.088,12125.0,97.0,11987,95.896,101.0,0.808,1.392,0.99266,0.6381766381766382,retained_by_both,False,False,False,True,False,unassigned,125,envelope_plateau,envelope_plateau_v1,frozen_llm_scipy_find_peaks,True,True,False,11774,11774,11774,11885,11885,11887,12125,12125,12125,6
bidmc-14-fg-0032,14,32,featuregraph_only,burst,bidmc-14-burst-006,3,31,33,12125.0,97.0,12204.0,97.632,12231.0,97.848,12305,98.44,101.0,0.808,2.544,0.2176,0.5094339622641509,excluded_by_both,True,True,True,False,False,unassigned,125,envelope_plateau,envelope_plateau_v1,frozen_llm_scipy_find_peaks,True,True,False,12125,12125,12125,12203,12203,12205,12231,12231,12231,6
bidmc-14-fg-0034,14,34,featuregraph_only,isolated,bidmc-14-burst-007,1,33,35,12680.0,101.44,13000.0,104.0,13220.0,105.76,13102,104.816,102.0,0.816,3.84,1.03423,0.8148148148148149,retained_by_both,False,False,False,True,False,unassigned,125,envelope_plateau,envelope_plateau_v1,frozen_llm_scipy_find_peaks,True,True,False,12680,12680,12680,12999,12999,13002,13220,13220,13220,7
bidmc-14-fg-0037,14,37,featuregraph_only,isolated,bidmc-14-burst-008,1,36,38,14374.0,114.992,14417.0,115.336,14447.0,115.576,14519,116.152,102.0,0.816,1.384,0.17604000000000003,0.821917808219178,excluded_by_both,True,True,True,False,False,unassigned,125,envelope_plateau,envelope_plateau_v1,frozen_llm_scipy_find_peaks,True,True,False,14374,14374,14374,14415,14415,14419,14448,14447,14448,8
bidmc-14-fg-0040,14,40,featuregraph_only,burst,bidmc-14-burst-009,2,39,41,15516.0,124.128,15833.0,126.664,16122.0,128.976,15933,127.464,100.0,0.8,5.048,0.93398,0.9537953795379538,excluded_by_ann1,True,False,False,True,False,unassigned,125,envelope_plateau,envelope_plateau_v1,frozen_llm_scipy_find_peaks,True,True,False,15516,15516,15516,15833,15833,15833,16122,16122,16122,9
bidmc-14-fg-0041,14,41,featuregraph_only,burst,bidmc-14-burst-009,2,40,42,16122.0,128.976,16196.0,129.568,16229.0,129.832,16299,130.392,103.0,0.824,2.904,0.24694,0.6168224299065421,excluded_by_both,True,True,True,False,False,unassigned,125,envelope_plateau,envelope_plateau_v1,frozen_llm_scipy_find_peaks,True,True,False,16122,16122,16122,16194,16194,16199,16229,16229,16229,9
bidmc-14-fg-0043,14,43,featuregraph_only,burst,bidmc-14-burst-010,2,42,44,16689.0,133.512,16758.0,134.064,16796.0,134.368,16861,134.888,103.0,0.824,1.752,0.13202999999999998,0.7102803738317758,excluded_by_both,True,True,True,False,False,unassigned,125,envelope_plateau,envelope_plateau_v1,frozen_llm_scipy_find_peaks,True,True,False,16689,16689,16689,16756,16756,16761,16796,16796,16796,10
bidmc-14-fg-0044,14,44,featuregraph_only,burst,bidmc-14-burst-010,2,43,45,16796.0,134.368,17087.0,136.696,17252.0,138.016,17189,137.512,102.0,0.816,2.632,1.0,0.7236842105263157,retained_by_both,False,False,False,True,False,unassigned,125,envelope_plateau,envelope_plateau_v1,frozen_llm_scipy_find_peaks,True,True,False,16796,16796,16796,17085,17085,17089,17252,17252,17252,10
bidmc-14-fg-0046,14,46,featuregraph_only,burst,bidmc-14-burst-011,3,45,47,17788.0,142.304,17875.0,143.0,17893.0,143.144,17975,143.8,100.0,0.8,2.536,0.24205500000000002,0.34285714285714286,excluded_by_both,True,True,True,False,False,unassigned,125,envelope_plateau,envelope_plateau_v1,frozen_llm_scipy_find_peaks,True,True,False,17788,17788,17788,17875,17875,17875,17893,17893,17893,11
bidmc-14-fg-0047,14,47,featuregraph_only,burst,bidmc-14-burst-011,3,46,48,17893.0,143.144,18185.0,145.48,18417.0,147.336,18285,146.28,100.0,0.8,2.48,0.93643,0.8854961832061069,retained_by_both,False,False,False,True,False,unassigned,125,envelope_plateau,envelope_plateau_v1,frozen_llm_scipy_find_peaks,True,True,False,17893,17893,17893,18185,18185,18185,18417,18417,18417,11
bidmc-14-fg-0048,14,48,featuregraph_only,burst,bidmc-14-burst-011,3,47,49,18417.0,147.336,18503.0,148.024,18508.0,148.064,18603,148.824,100.0,0.8,2.544,0.29095499999999996,0.10989010989010994,excluded_by_both,True,True,True,False,False,unassigned,125,envelope_plateau,envelope_plateau_v1,frozen_llm_scipy_find_peaks,True,True,False,18417,18417,18417,18503,18503,18503,18508,18508,18508,11
bidmc-14-fg-0051,14,51,featuregraph_only,isolated,bidmc-14-burst-012,1,50,52,19496.0,155.968,19535.0,156.28,19569.0,156.552,19635,157.08,100.0,0.8,1.952,0.15403499999999998,0.9315068493150684,excluded_by_both,True,True,True,False,False,unassigned,125,envelope_plateau,envelope_plateau_v1,frozen_llm_scipy_find_peaks,True,True,False,19496,19496,19496,19535,19535,19535,19569,19569,19569,12
bidmc-14-fg-0053,14,53,featuregraph_only,burst,bidmc-14-burst-013,2,52,54,20075.0,160.6,20158.0,161.264,20165.0,161.32,20261,162.088,103.0,0.824,2.544,0.23961000000000002,0.15555555555555556,excluded_by_both,True,True,True,False,False,unassigned,125,envelope_plateau,envelope_plateau_v1,frozen_llm_scipy_find_peaks,True,True,False,20075,20075,20075,20155,20155,20161,20165,20165,20165,13
bidmc-14-fg-0054,14,54,featuregraph_only,burst,bidmc-14-burst-013,2,53,55,20165.0,161.32,20380.0,163.04,20698.0,165.584,20483,163.864,103.0,0.824,1.776,0.9022,0.8067542213883677,retained_by_both,False,False,False,True,False,unassigned,125,envelope_plateau,envelope_plateau_v1,frozen_llm_scipy_find_peaks,True,True,False,20165,20165,20165,20378,20378,20383,20698,20698,20698,13
bidmc-14-fg-0057,14,57,featuregraph_only,isolated,bidmc-14-burst-014,1,56,58,21306.0,170.448,21361.0,170.888,21371.0,170.968,21461,171.688,100.0,0.8,1.96,0.234715,0.3076923076923077,excluded_by_both,True,True,True,False,False,unassigned,125,envelope_plateau,envelope_plateau_v1,frozen_llm_scipy_find_peaks,True,True,False,21306,21306,21306,21361,21361,21361,21371,21371,21371,14
bidmc-14-fg-0071,14,71,featuregraph_only,isolated,bidmc-14-burst-015,1,70,72,28406.0,227.248,28481.0,227.848,28515.0,228.12,28581,228.648,100.0,0.8,2.56,0.24205500000000002,0.6238532110091743,excluded_by_both,True,True,True,False,False,unassigned,125,envelope_plateau,envelope_plateau_v1,frozen_llm_scipy_find_peaks,True,True,False,28406,28406,28406,28481,28481,28481,28516,28515,28516,15
bidmc-14-fg-0073,14,73,featuregraph_only,isolated,bidmc-14-burst-016,1,72,74,29034.0,232.272,29118.0,232.944,29146.0,233.168,29220,233.76,102.0,0.816,2.52,0.15892,0.5,excluded_by_both,True,True,True,False,False,unassigned,125,envelope_plateau,envelope_plateau_v1,frozen_llm_scipy_find_peaks,True,True,False,29034,29034,29034,29116,29116,29120,29146,29146,29146,16
bidmc-14-fg-0076,14,76,featuregraph_only,burst,bidmc-14-burst-017,2,75,77,30119.0,240.952,30195.0,241.56,30202.0,241.616,30296,242.368,101.0,0.808,1.648,0.17848,0.1686746987951807,excluded_by_both,True,True,True,False,False,unassigned,125,envelope_plateau,envelope_plateau_v1,frozen_llm_scipy_find_peaks,True,True,False,30119,30119,30119,30195,30195,30196,30202,30202,30202,17
bidmc-14-fg-0077,14,77,featuregraph_only,burst,bidmc-14-burst-017,2,76,78,30202.0,241.616,30524.0,244.192,30725.0,245.8,30625,245.0,101.0,0.808,2.632,0.8068500000000001,0.7686424474187381,retained_by_both,False,False,False,True,False,unassigned,125,envelope_plateau,envelope_plateau_v1,frozen_llm_scipy_find_peaks,True,True,False,30202,30202,30202,30523,30523,30525,30725,30725,30725,17
bidmc-14-fg-0079,14,79,featuregraph_only,isolated,bidmc-14-burst-018,1,78,80,31271.0,250.168,31366.0,250.928,31368.0,250.944,31467,251.736,101.0,0.808,2.256,0.19804,0.04123711340206182,excluded_by_both,True,True,True,False,False,unassigned,125,envelope_plateau,envelope_plateau_v1,frozen_llm_scipy_find_peaks,True,True,False,31272,31271,31272,31365,31365,31367,31368,31368,31368,18
bidmc-14-fg-0083,14,83,featuregraph_only,isolated,bidmc-14-burst-019,1,82,84,32406.0,259.248,32729.0,261.832,33065.0,264.52,32831,262.648,102.0,0.816,4.384,0.95843,0.9802731411229135,retained_by_both,False,False,False,True,False,unassigned,125,envelope_plateau,envelope_plateau_v1,frozen_llm_scipy_find_peaks,True,True,False,32406,32406,32406,32728,32728,32731,33066,33065,33066,19
bidmc-14-fg-0086,14,86,featuregraph_only,burst,bidmc-14-burst-020,3,85,87,33624.0,268.992,33674.0,269.392,33722.0,269.776,33776,270.208,102.0,0.816,1.88,0.22983,0.9795918367346939,excluded_by_both,True,True,True,False,False,unassigned,125,envelope_plateau,envelope_plateau_v1,frozen_llm_scipy_find_peaks,True,True,False,33625,33624,33625,33673,33673,33676,33722,33722,33722,20
bidmc-14-fg-0087,14,87,featuregraph_only,burst,bidmc-14-burst-020,3,86,88,33722.0,269.776,33989.0,271.912,34214.0,273.712,34089,272.712,100.0,0.8,2.52,0.97555,0.9146341463414634,retained_by_both,False,False,False,True,False,unassigned,125,envelope_plateau,envelope_plateau_v1,frozen_llm_scipy_find_peaks,True,True,False,33722,33722,33722,33989,33989,33989,34214,34214,34214,20
bidmc-14-fg-0088,14,88,featuregraph_only,burst,bidmc-14-burst-020,3,87,89,34214.0,273.712,34462.0,275.696,34793.0,278.344,34563,276.504,101.0,0.808,3.784,1.1515900000000001,0.8566493955094991,excluded_by_ann1,True,False,False,True,False,unassigned,125,envelope_plateau,envelope_plateau_v1,frozen_llm_scipy_find_peaks,True,True,False,34214,34214,34214,34461,34461,34463,34793,34793,34793,20
bidmc-14-fg-0091,14,91,featuregraph_only,isolated,bidmc-14-burst-021,1,90,92,35319.0,282.552,35400.0,283.2,35442.0,283.536,35501,284.008,101.0,0.808,1.896,0.195595,0.6829268292682926,excluded_by_both,True,True,True,False,False,unassigned,125,envelope_plateau,envelope_plateau_v1,frozen_llm_scipy_find_peaks,True,True,False,35320,35319,35320,35399,35399,35401,35443,35442,35443,21
bidmc-14-fg-0096,14,96,featuregraph_only,isolated,bidmc-14-burst-022,1,95,97,37015.0,296.12,37102.0,296.816,37109.0,296.872,37204,297.632,102.0,0.816,1.624,0.23227,0.14893617021276595,excluded_by_both,True,True,True,False,False,unassigned,125,envelope_plateau,envelope_plateau_v1,frozen_llm_scipy_find_peaks,True,True,False,37016,37015,37016,37100,37100,37104,37109,37109,37109,22
bidmc-14-fg-0100,14,100,featuregraph_only,isolated,bidmc-14-burst-023,1,99,101,38043.0,304.344,38084.0,304.672,38191.0,305.528,38185,305.48,101.0,0.808,1.368,0.47677,0.5540540540540541,excluded_by_both,True,True,True,False,False,unassigned,125,envelope_plateau,envelope_plateau_v1,frozen_llm_scipy_find_peaks,True,True,False,38044,38043,38044,38083,38083,38085,38192,38191,38192,23
bidmc-14-fg-0105,14,105,featuregraph_only,burst,bidmc-14-burst-024,2,104,106,39471.0,315.768,39563.0,316.504,39581.0,316.648,39665,317.32,102.0,0.816,1.824,0.249385,0.32727272727272727,excluded_by_both,True,True,True,False,False,unassigned,125,envelope_plateau,envelope_plateau_v1,frozen_llm_scipy_find_peaks,True,True,False,39472,39471,39472,39561,39561,39565,39582,39581,39582,24
bidmc-14-fg-0106,14,106,featuregraph_only,burst,bidmc-14-burst-024,2,105,107,39581.0,316.648,39815.0,318.52,40048.0,320.384,39915,319.32,100.0,0.8,2.016,1.0269,0.9978586723768736,retained_by_both,False,False,False,True,False,unassigned,125,envelope_plateau,envelope_plateau_v1,frozen_llm_scipy_find_peaks,True,True,False,39582,39581,39582,39815,39815,39815,40048,40048,40048,24
bidmc-14-fg-0110,14,110,featuregraph_only,isolated,bidmc-14-burst-025,1,109,111,40652.0,325.216,40913.0,327.304,41121.0,328.968,41015,328.12,102.0,0.816,2.088,0.98778,0.8869936034115139,excluded_by_ann1,True,False,False,True,False,unassigned,125,envelope_plateau,envelope_plateau_v1,frozen_llm_scipy_find_peaks,True,True,False,40656,40649,40656,40911,40911,40915,41122,41121,41122,25
bidmc-14-fg-0112,14,112,featuregraph_only,burst,bidmc-14-burst-026,2,111,113,41711.0,333.688,41782.0,334.256,41823.0,334.584,41883,335.064,101.0,0.808,2.52,0.234715,0.7321428571428572,excluded_by_both,True,True,True,False,False,unassigned,125,envelope_plateau,envelope_plateau_v1,frozen_llm_scipy_find_peaks,True,True,False,41711,41711,41711,41781,41781,41783,41824,41823,41824,26
bidmc-14-fg-0113,14,113,featuregraph_only,burst,bidmc-14-burst-026,2,112,114,41823.0,334.584,42102.0,336.816,42324.0,338.592,42203,337.624,101.0,0.808,2.56,0.77995,0.8862275449101796,retained_by_both,False,False,False,True,False,unassigned,125,envelope_plateau,envelope_plateau_v1,frozen_llm_scipy_find_peaks,True,True,False,41824,41823,41824,42101,42101,42103,42324,42324,42324,26
bidmc-14-fg-0116,14,116,featuregraph_only,burst,bidmc-14-burst-027,8,115,117,42931.0,343.448,42979.0,343.832,42995.0,343.96,43081,344.648,102.0,0.816,2.568,0.190705,0.5,excluded_by_both,True,True,True,False,False,unassigned,125,envelope_plateau,envelope_plateau_v1,frozen_llm_scipy_find_peaks,True,True,False,42931,42931,42931,42978,42978,42981,42996,42995,42996,27
bidmc-14-fg-0117,14,117,featuregraph_only,burst,bidmc-14-burst-027,8,116,118,42995.0,343.96,43207.0,345.656,43325.0,346.6,43307,346.456,100.0,0.8,1.824,0.77262,0.7151515151515151,excluded_by_ann1,True,False,False,True,False,unassigned,125,envelope_plateau,envelope_plateau_v1,frozen_llm_scipy_find_peaks,True,True,False,42996,42995,42996,43207,43207,43207,43325,43325,43325,27
bidmc-14-fg-0118,14,118,featuregraph_only,burst,bidmc-14-burst-027,8,117,119,43325.0,346.6,43363.0,346.904,43507.0,348.056,43463,347.704,100.0,0.8,1.248,0.85575,0.41758241758241754,excluded_by_both,True,True,True,False,False,unassigned,125,envelope_plateau,envelope_plateau_v1,frozen_llm_scipy_find_peaks,True,True,False,43325,43325,43325,43363,43363,43363,43507,43507,43507,27
bidmc-14-fg-0119,14,119,featuregraph_only,burst,bidmc-14-burst-027,8,118,120,43507.0,348.056,43583.0,348.664,43614.0,348.912,43693,349.544,110.0,0.88,1.76,0.15648,0.5794392523364487,excluded_by_both,True,True,True,False,False,unassigned,125,envelope_plateau,envelope_plateau_v1,frozen_llm_scipy_find_peaks,True,True,False,43507,43507,43507,43574,43574,43593,43614,43614,43614,27
bidmc-14-fg-0120,14,120,featuregraph_only,burst,bidmc-14-burst-027,8,119,121,43614.0,348.912,43832.0,350.656,44045.0,352.36,43933,351.464,101.0,0.808,1.992,0.9217599999999999,0.988399071925754,retained_by_both,False,False,False,True,False,unassigned,125,envelope_plateau,envelope_plateau_v1,frozen_llm_scipy_find_peaks,True,True,False,43614,43614,43614,43831,43831,43833,44045,44045,44045,27
bidmc-14-fg-0121,14,121,featuregraph_only,burst,bidmc-14-burst-027,8,120,122,44045.0,352.36,44074.0,352.592,44095.0,352.76,44175,353.4,101.0,0.808,1.936,0.127135,0.84,excluded_by_both,True,True,True,False,False,unassigned,125,envelope_plateau,envelope_plateau_v1,frozen_llm_scipy_find_peaks,True,True,False,44045,44045,44045,44073,44073,44075,44095,44095,44095,27
bidmc-14-fg-0122,14,122,featuregraph_only,burst,bidmc-14-burst-027,8,121,123,44095.0,352.76,44306.0,354.448,44580.0,356.64,44407,355.256,101.0,0.808,1.856,1.0977999999999999,0.8701030927835052,excluded_by_ann1,True,False,False,True,False,unassigned,125,envelope_plateau,envelope_plateau_v1,frozen_llm_scipy_find_peaks,True,True,False,44095,44095,44095,44305,44305,44307,44580,44580,44580,27
bidmc-14-fg-0123,14,123,featuregraph_only,burst,bidmc-14-burst-027,8,122,124,44580.0,356.64,44617.0,356.936,44635.0,357.08,44719,357.752,102.0,0.816,2.488,0.195595,0.6545454545454545,excluded_by_both,True,True,True,False,False,unassigned,125,envelope_plateau,envelope_plateau_v1,frozen_llm_scipy_find_peaks,True,True,False,44580,44580,44580,44616,44616,44619,44635,44635,44635,27
bidmc-14-fg-0130,14,130,featuregraph_only,isolated,bidmc-14-burst-028,1,129,131,47647.0,381.176,47728.0,381.824,47757.0,382.056,47831,382.648,103.0,0.824,2.504,0.17359,0.5272727272727273,excluded_by_both,True,True,True,False,False,unassigned,125,envelope_plateau,envelope_plateau_v1,frozen_llm_scipy_find_peaks,True,True,False,47647,47647,47647,47726,47726,47731,47757,47757,47757,28
bidmc-14-fg-0135,14,135,featuregraph_only,isolated,bidmc-14-burst-029,1,134,136,49385.0,395.08,49481.0,395.848,49517.0,396.136,49581,396.648,100.0,0.8,2.56,0.237165,0.5454545454545454,excluded_by_both,True,True,True,False,False,unassigned,125,envelope_plateau,envelope_plateau_v1,frozen_llm_scipy_find_peaks,True,True,False,49385,49385,49385,49481,49481,49481,49517,49517,49517,29
bidmc-14-fg-0137,14,137,featuregraph_only,isolated,bidmc-14-burst-030,1,136,138,49912.0,399.296,49965.0,399.72,49975.0,399.8,50065,400.52,100.0,0.8,1.392,0.24694,0.31746031746031744,excluded_by_both,True,True,True,False,False,unassigned,125,envelope_plateau,envelope_plateau_v1,frozen_llm_scipy_find_peaks,True,True,False,49912,49912,49912,49965,49965,49965,49975,49975,49975,30
bidmc-14-fg-0139,14,139,featuregraph_only,isolated,bidmc-14-burst-031,1,138,140,50493.0,403.944,50820.0,406.56,51114.0,408.912,50921,407.368,101.0,0.808,4.984,0.97799,0.9468599033816425,retained_by_both,False,False,False,True,False,unassigned,125,envelope_plateau,envelope_plateau_v1,frozen_llm_scipy_find_peaks,True,True,False,50493,50493,50493,50819,50819,50821,51114,51114,51114,31
bidmc-14-fg-0145,14,145,featuregraph_only,burst,bidmc-14-burst-032,6,144,146,53335.0,426.68,53425.0,427.4,53428.0,427.424,53525,428.2,100.0,0.8,3.256,0.278725,0.06451612903225812,excluded_by_both,True,True,True,False,False,unassigned,125,envelope_plateau,envelope_plateau_v1,frozen_llm_scipy_find_peaks,True,True,False,53336,53335,53336,53425,53425,53425,53429,53428,53429,32
bidmc-14-fg-0146,14,146,featuregraph_only,burst,bidmc-14-burst-032,6,145,147,53428.0,427.424,53663.0,429.304,53948.0,431.584,53766,430.128,103.0,0.824,1.904,0.87042,0.9038461538461539,excluded_by_ann1,True,False,False,True,False,unassigned,125,envelope_plateau,envelope_plateau_v1,frozen_llm_scipy_find_peaks,True,True,False,53429,53428,53429,53661,53661,53666,53948,53948,53948,32
bidmc-14-fg-0147,14,147,featuregraph_only,burst,bidmc-14-burst-032,6,146,148,53948.0,431.584,54029.0,432.232,54033.0,432.264,54129,433.032,100.0,0.8,2.928,0.190705,0.09411764705882353,excluded_by_both,True,True,True,False,False,unassigned,125,envelope_plateau,envelope_plateau_v1,frozen_llm_scipy_find_peaks,True,True,False,53948,53948,53948,54029,54029,54029,54033,54033,54033,32
bidmc-14-fg-0148,14,148,featuregraph_only,burst,bidmc-14-burst-032,6,147,149,54033.0,432.264,54376.0,435.008,54523.0,436.184,54479,435.832,103.0,0.824,2.776,1.0489,0.6,retained_by_both,False,False,False,True,False,unassigned,125,envelope_plateau,envelope_plateau_v1,frozen_llm_scipy_find_peaks,True,True,False,54033,54033,54033,54373,54373,54379,54523,54523,54523,32
bidmc-14-fg-0149,14,149,featuregraph_only,burst,bidmc-14-burst-032,6,148,150,54523.0,436.184,54605.0,436.84,54619.0,436.952,54705,437.64,100.0,0.8,1.832,0.24694,0.29166666666666663,excluded_by_both,True,True,True,False,False,unassigned,125,envelope_plateau,envelope_plateau_v1,frozen_llm_scipy_find_peaks,True,True,False,54523,54523,54523,54605,54605,54605,54619,54619,54619,32
bidmc-14-fg-0150,14,150,featuregraph_only,burst,bidmc-14-burst-032,6,149,151,54619.0,436.952,54924.0,439.392,55200.0,441.6,55025,440.2,101.0,0.808,2.552,0.96821,0.9500860585197934,excluded_by_ann2,False,True,False,True,False,unassigned,125,envelope_plateau,envelope_plateau_v1,frozen_llm_scipy_find_peaks,True,True,False,54619,54619,54619,54923,54923,54925,55200,55200,55200,32
bidmc-14-fg-0154,14,154,featuregraph_only,burst,bidmc-14-burst-033,2,153,155,56375.0,451.0,56413.0,451.304,56453.0,451.624,56513,452.104,100.0,0.8,1.28,0.36919,0.9743589743589743,excluded_by_both,True,True,True,False,False,unassigned,125,envelope_plateau,envelope_plateau_v1,frozen_llm_scipy_find_peaks,True,True,False,56375,56375,56375,56413,56413,56413,56453,56453,56453,33
bidmc-14-fg-0155,14,155,featuregraph_only,burst,bidmc-14-burst-033,2,154,156,56453.0,451.624,56682.0,453.456,56800.0,454.4,56783,454.264,101.0,0.808,2.152,1.13447,0.6801152737752161,retained_by_both,False,False,False,True,False,unassigned,125,envelope_plateau,envelope_plateau_v1,frozen_llm_scipy_find_peaks,True,True,False,56453,56453,56453,56681,56681,56683,56801,56800,56801,33
bidmc-14-fg-0158,14,158,featuregraph_only,burst,bidmc-14-burst-034,2,157,159,57254.0,458.032,57297.0,458.376,57344.0,458.752,57402,459.216,105.0,0.84,1.712,0.33252000000000004,0.9555555555555556,excluded_by_both,True,True,True,False,False,unassigned,125,envelope_plateau,envelope_plateau_v1,frozen_llm_scipy_find_peaks,True,True,False,57254,57254,57254,57292,57292,57302,57345,57344,57345,34
bidmc-14-fg-0159,14,159,featuregraph_only,burst,bidmc-14-burst-034,2,158,160,57344.0,458.752,57577.0,460.616,57868.0,462.944,57679,461.432,102.0,0.816,2.24,1.1540400000000002,0.8893129770992366,retained_by_both,False,False,False,True,False,unassigned,125,envelope_plateau,envelope_plateau_v1,frozen_llm_scipy_find_peaks,True,True,False,57345,57344,57345,57576,57576,57579,57868,57868,57868,34
bidmc-14-fg-0162,14,162,featuregraph_only,isolated,bidmc-14-burst-035,1,161,163,58541.0,468.328,58601.0,468.808,58637.0,469.096,58703,469.624,102.0,0.816,1.912,0.361855,0.75,excluded_by_both,True,True,True,False,False,unassigned,125,envelope_plateau,envelope_plateau_v1,frozen_llm_scipy_find_peaks,True,True,False,58541,58541,58541,58600,58600,58603,58638,58637,58638,35
bidmc-15-fg-0001,15,1,featuregraph_only,burst,bidmc-15-burst-001,2,0,2,98.0,0.784,246.0,1.968,270.0,2.16,347,2.776,101.0,0.808,,0.31784999999999997,0.2790697674418605,excluded_by_ann1,True,False,False,True,False,unassigned,125,envelope_plateau,envelope_plateau_v1,frozen_llm_scipy_find_peaks,True,True,False,98,98,98,245,245,247,270,270,270,1
bidmc-15-fg-0002,15,2,featuregraph_only,burst,bidmc-15-burst-001,2,1,3,270.0,2.16,522.0,4.176,826.0,6.608,623,4.984,101.0,0.808,2.208,0.51589,0.9064748201438849,excluded_by_both,True,True,True,False,False,unassigned,125,envelope_plateau,envelope_plateau_v1,frozen_llm_scipy_find_peaks,True,True,False,270,270,270,521,521,523,826,826,826,1
bidmc-15-fg-0010,15,10,featuregraph_only,isolated,bidmc-15-burst-002,1,9,11,4014.0,32.112,4250.0,34.0,4283.0,34.264,4351,34.808,101.0,0.808,2.944,0.6846,0.24535315985130113,excluded_by_both,True,True,True,False,False,unassigned,125,envelope_plateau,envelope_plateau_v1,frozen_llm_scipy_find_peaks,True,True,False,4014,4014,4014,4249,4249,4251,4283,4283,4283,2
bidmc-15-fg-0014,15,14,featuregraph_only,isolated,bidmc-15-burst-003,1,13,15,5387.0,43.096,5482.0,43.856,5484.0,43.872,5583,44.664,101.0,0.808,2.792,0.49633,0.04123711340206182,excluded_by_both,True,True,True,False,False,unassigned,125,envelope_plateau,envelope_plateau_v1,frozen_llm_scipy_find_peaks,True,True,False,5387,5387,5387,5481,5481,5483,5484,5484,5484,3
bidmc-15-fg-0030,15,30,featuregraph_only,isolated,bidmc-15-burst-004,1,29,31,12164.0,97.312,12645.0,101.16,12914.0,103.312,12871,102.968,226.0,1.808,5.76,2.3740699999999997,0.7173333333333334,retained_by_both,False,False,False,True,False,unassigned,125,envelope_plateau,envelope_plateau_v1,frozen_llm_scipy_find_peaks,True,True,False,12164,12164,12164,12519,12519,12771,12914,12914,12914,4
bidmc-15-fg-0032,15,32,featuregraph_only,isolated,bidmc-15-burst-005,1,31,33,13127.0,105.016,13136.0,105.088,13302.0,106.416,13237,105.896,101.0,0.808,1.712,0.9437599999999999,0.10285714285714287,excluded_by_both,True,True,True,False,False,unassigned,125,envelope_plateau,envelope_plateau_v1,frozen_llm_scipy_find_peaks,True,True,False,13127,13127,13127,13135,13135,13137,13302,13302,13302,5
bidmc-15-fg-0055,15,55,featuregraph_only,isolated,bidmc-15-burst-006,1,54,56,24047.0,192.376,24202.0,193.616,24305.0,194.44,24303,194.424,101.0,0.808,3.616,0.7555,0.7984496124031008,excluded_by_ann1,True,False,False,True,False,unassigned,125,envelope_plateau,envelope_plateau_v1,frozen_llm_scipy_find_peaks,True,True,False,24047,24047,24047,24201,24201,24203,24305,24305,24305,6
bidmc-15-fg-0083,15,83,featuregraph_only,burst,bidmc-15-burst-007,2,82,84,37818.0,302.544,37891.0,303.128,37912.0,303.296,37991,303.928,100.0,0.8,2.768,0.62347,0.44680851063829785,excluded_by_both,True,True,True,False,False,unassigned,125,envelope_plateau,envelope_plateau_v1,frozen_llm_scipy_find_peaks,True,True,False,37818,37818,37818,37891,37891,37891,37912,37912,37912,7
bidmc-15-fg-0084,15,84,featuregraph_only,burst,bidmc-15-burst-007,2,83,85,37912.0,303.296,38129.0,305.032,38267.0,306.136,38230,305.84,101.0,0.808,1.904,1.10514,0.7774647887323943,retained_by_both,False,False,False,True,False,unassigned,125,envelope_plateau,envelope_plateau_v1,frozen_llm_scipy_find_peaks,True,True,False,37912,37912,37912,38129,38129,38130,38267,38267,38267,7
bidmc-15-fg-0102,15,102,featuregraph_only,burst,bidmc-15-burst-008,2,101,103,46857.0,374.856,46941.0,375.528,47043.0,376.344,47041,376.328,100.0,0.8,1.84,0.49878,0.9032258064516129,excluded_by_ann1,True,False,False,True,False,unassigned,125,envelope_plateau,envelope_plateau_v1,frozen_llm_scipy_find_peaks,True,True,False,46857,46857,46857,46941,46941,46941,47043,47043,47043,8
bidmc-15-fg-0103,15,103,featuregraph_only,burst,bidmc-15-burst-008,2,102,104,47043.0,376.344,47266.0,378.128,47409.0,379.272,47397,379.176,131.0,1.048,2.6,2.50121,0.7814207650273224,retained_by_both,False,False,False,True,False,unassigned,125,envelope_plateau,envelope_plateau_v1,frozen_llm_scipy_find_peaks,True,True,False,47043,47043,47043,47235,47235,47297,47409,47409,47409,8
bidmc-15-fg-0106,15,106,featuregraph_only,isolated,bidmc-15-burst-009,1,105,107,48259.0,386.072,48375.0,387.0,48594.0,388.752,48477,387.816,102.0,0.816,2.368,0.25428,0.6925373134328359,excluded_by_both,True,True,True,False,False,unassigned,125,envelope_plateau,envelope_plateau_v1,frozen_llm_scipy_find_peaks,True,True,False,48259,48259,48259,48373,48373,48377,48594,48594,48594,9
bidmc-15-fg-0113,15,113,featuregraph_only,isolated,bidmc-15-burst-010,1,112,114,51700.0,413.6,51739.0,413.912,51839.0,414.712,51841,414.728,102.0,0.816,3.28,0.3203,0.5611510791366907,excluded_by_both,True,True,True,False,False,unassigned,125,envelope_plateau,envelope_plateau_v1,frozen_llm_scipy_find_peaks,True,True,False,51701,51700,51701,51738,51738,51741,51839,51839,51839,10
bidmc-15-fg-0116,15,116,featuregraph_only,isolated,bidmc-15-burst-011,1,115,117,52569.0,420.552,52745.0,421.96,52994.0,423.952,52845,422.76,100.0,0.8,2.792,0.33741,0.8282352941176471,excluded_by_ann1,True,False,False,True,False,unassigned,125,envelope_plateau,envelope_plateau_v1,frozen_llm_scipy_find_peaks,True,True,False,52570,52569,52570,52745,52745,52745,52995,52994,52995,11
bidmc-15-fg-0119,15,119,featuregraph_only,isolated,bidmc-15-burst-012,1,118,120,53697.0,429.576,53803.0,430.424,54051.0,432.408,53903,431.224,100.0,0.8,1.656,0.298285,0.5988700564971752,excluded_by_ann1,True,False,False,True,False,unassigned,125,envelope_plateau,envelope_plateau_v1,frozen_llm_scipy_find_peaks,True,True,False,53697,53697,53697,53803,53803,53803,54051,54051,54051,12
bidmc-15-fg-0124,15,124,featuregraph_only,burst,bidmc-15-burst-013,5,123,125,55620.0,444.96,55723.0,445.784,56071.0,448.568,55823,446.584,100.0,0.8,2.816,0.224935,0.4567627494456763,excluded_by_ann1,True,False,False,True,False,unassigned,125,envelope_plateau,envelope_plateau_v1,frozen_llm_scipy_find_peaks,True,True,False,55620,55620,55620,55723,55723,55723,56071,56071,56071,13
bidmc-15-fg-0125,15,125,featuregraph_only,burst,bidmc-15-burst-013,5,124,126,56071.0,448.568,56072.0,448.576,56074.0,448.592,56173,449.384,101.0,0.808,2.792,0.0024500000000000077,0.6666666666666667,excluded_by_both,True,True,True,False,False,unassigned,125,envelope_plateau,envelope_plateau_v1,frozen_llm_scipy_find_peaks,True,True,False,56071,56071,56071,56072,56072,56073,56074,56074,56074,13
bidmc-15-fg-0126,15,126,featuregraph_only,burst,bidmc-15-burst-013,5,125,127,56074.0,448.592,56075.0,448.6,56076.0,448.608,56175,449.4,100.0,0.8,0.024,0.0024500000000000077,1.0,excluded_by_both,True,True,True,False,False,unassigned,125,envelope_plateau,envelope_plateau_v1,frozen_llm_scipy_find_peaks,True,True,False,56074,56074,56074,56075,56075,56075,56076,56076,56076,13
bidmc-15-fg-0127,15,127,featuregraph_only,burst,bidmc-15-burst-013,5,126,128,56076.0,448.608,56077.0,448.616,56079.0,448.632,56178,449.424,101.0,0.808,0.016,0.004889999999999978,0.6666666666666667,excluded_by_both,True,True,True,False,False,unassigned,125,envelope_plateau,envelope_plateau_v1,frozen_llm_scipy_find_peaks,True,True,False,56076,56076,56076,56077,56077,56078,56079,56079,56079,13
bidmc-15-fg-0128,15,128,featuregraph_only,burst,bidmc-15-burst-013,5,127,129,56079.0,448.632,56293.0,450.344,56312.0,450.496,56395,451.16,102.0,0.816,1.728,0.21026499999999998,0.16309012875536477,excluded_by_both,True,True,True,False,False,unassigned,125,envelope_plateau,envelope_plateau_v1,frozen_llm_scipy_find_peaks,True,True,False,56079,56079,56079,56291,56291,56295,56313,56312,56313,13
bidmc-15-fg-0130,15,130,featuregraph_only,isolated,bidmc-15-burst-014,1,129,131,56595.0,452.76,56714.0,453.712,56720.0,453.76,56816,454.528,102.0,0.816,2.224,0.298285,0.09599999999999997,excluded_by_both,True,True,True,False,False,unassigned,125,envelope_plateau,envelope_plateau_v1,frozen_llm_scipy_find_peaks,True,True,False,56595,56595,56595,56713,56713,56716,56720,56720,56720,14
bidmc-15-fg-0132,15,132,featuregraph_only,isolated,bidmc-15-burst-015,1,131,133,56960.0,455.68,56970.0,455.76,57105.0,456.84,57071,456.568,101.0,0.808,1.032,0.239605,0.13793103448275867,excluded_by_both,True,True,True,False,False,unassigned,125,envelope_plateau,envelope_plateau_v1,frozen_llm_scipy_find_peaks,True,True,False,56960,56960,56960,56969,56969,56971,57106,57105,57106,15
bidmc-15-fg-0135,15,135,featuregraph_only,isolated,bidmc-15-burst-016,1,134,136,57903.0,463.224,57910.0,463.28,57943.0,463.544,58011,464.088,101.0,0.808,1.12,0.03178,0.35,excluded_by_both,True,True,True,False,False,unassigned,125,envelope_plateau,envelope_plateau_v1,frozen_llm_scipy_find_peaks,True,True,False,57903,57903,57903,57910,57910,57911,57944,57943,57944,16
bidmc-15-fg-0137,15,137,featuregraph_only,isolated,bidmc-15-burst-017,1,136,138,58372.0,466.976,58399.0,467.192,58572.0,468.576,58501,468.008,102.0,0.816,1.696,0.26406,0.27,excluded_by_both,True,True,True,False,False,unassigned,125,envelope_plateau,envelope_plateau_v1,frozen_llm_scipy_find_peaks,True,True,False,58373,58372,58373,58397,58397,58401,58572,58572,58572,17
bidmc-16-fg-0044,16,44,featuregraph_only,isolated,bidmc-16-burst-001,1,43,45,16787.0,134.296,17019.0,136.152,17214.0,137.712,17167,137.336,148.0,1.184,3.392,1.0,0.9133489461358314,retained_by_both,False,False,False,True,False,unassigned,125,envelope_plateau,envelope_plateau_v1,frozen_llm_scipy_find_peaks,True,True,False,16800,16774,16800,16971,16971,17067,17214,17214,17214,1
bidmc-16-fg-0064,16,64,featuregraph_only,burst,bidmc-16-burst-002,2,63,65,24467.0,195.736,24644.0,197.152,24830.0,198.64,24791,198.328,147.0,1.176,3.304,1.0,0.9752066115702479,retained_by_both,False,False,False,True,False,unassigned,125,envelope_plateau,envelope_plateau_v1,frozen_llm_scipy_find_peaks,True,True,False,24467,24467,24467,24597,24597,24691,24830,24830,24830,2
bidmc-16-fg-0065,16,65,featuregraph_only,burst,bidmc-16-burst-002,2,64,66,24830.0,198.64,24883.0,199.064,24902.0,199.216,24983,199.864,100.0,0.8,1.912,0.36852,0.5277777777777778,excluded_by_ann2,False,True,False,True,False,unassigned,125,envelope_plateau,envelope_plateau_v1,frozen_llm_scipy_find_peaks,True,True,False,24830,24830,24830,24883,24883,24883,24902,24902,24902,2
bidmc-16-fg-0069,16,69,featuregraph_only,isolated,bidmc-16-burst-003,1,68,70,25922.0,207.376,26037.0,208.296,26055.0,208.44,26137,209.096,100.0,0.8,2.096,0.27859,0.2706766917293233,excluded_by_both,True,True,True,False,False,unassigned,125,envelope_plateau,envelope_plateau_v1,frozen_llm_scipy_find_peaks,True,True,False,25922,25922,25922,26037,26037,26037,26055,26055,26055,3
bidmc-17-fg-0026,17,26,featuregraph_only,isolated,bidmc-17-burst-001,1,25,27,10444.0,83.552,10464.0,83.712,10475.0,83.8,10565,84.52,101.0,0.808,1.184,0.13196999999999992,0.7096774193548387,excluded_by_both,True,True,True,False,False,unassigned,125,envelope_plateau,envelope_plateau_v1,frozen_llm_scipy_find_peaks,True,True,False,10444,10444,10444,10463,10463,10465,10475,10475,10475,1
bidmc-17-fg-0108,17,108,featuregraph_only,isolated,bidmc-17-burst-002,1,107,109,45899.0,367.192,45960.0,367.68,46004.0,368.032,46061,368.488,101.0,0.808,2.696,0.031281,0.8380952380952381,excluded_by_both,True,True,True,False,False,unassigned,125,envelope_plateau,envelope_plateau_v1,frozen_llm_scipy_find_peaks,True,True,False,45899,45899,45899,45959,45959,45961,46004,46004,46004,2
bidmc-17-fg-0140,17,140,featuregraph_only,isolated,bidmc-17-burst-003,1,139,141,59457.0,475.656,59614.0,476.912,59887.0,479.096,59761,478.088,147.0,1.176,2.568,1.0,0.7302325581395348,retained_by_both,False,False,False,True,False,unassigned,125,envelope_plateau,envelope_plateau_v1,frozen_llm_scipy_find_peaks,True,True,False,59457,59457,59457,59567,59567,59661,59887,59887,59887,3
bidmc-18-fg-0144,18,144,featuregraph_only,isolated,bidmc-18-burst-001,1,143,145,59486.0,475.888,59693.0,477.544,59898.0,479.184,59796,478.368,103.0,0.824,3.32,0.56724,0.9951456310679612,retained_by_both,False,False,False,True,False,unassigned,125,envelope_plateau,envelope_plateau_v1,frozen_llm_scipy_find_peaks,True,True,False,59486,59486,59486,59690,59690,59696,59898,59898,59898,1
bidmc-19-fg-0001,19,1,featuregraph_only,burst,bidmc-19-burst-001,24,0,2,98.0,0.784,305.0,2.44,433.0,3.464,405,3.24,100.0,0.8,,0.18080999999999997,0.764179104477612,retained_by_both,False,False,False,True,False,unassigned,125,envelope_plateau,envelope_plateau_v1,frozen_llm_scipy_find_peaks,True,True,False,98,98,98,305,305,305,433,433,433,1
bidmc-19-fg-0002,19,2,featuregraph_only,burst,bidmc-19-burst-001,24,1,3,433.0,3.464,515.0,4.12,517.0,4.136,615,4.92,100.0,0.8,1.68,0.08732999999999999,0.04761904761904767,excluded_by_both,True,True,True,False,False,unassigned,125,envelope_plateau,envelope_plateau_v1,frozen_llm_scipy_find_peaks,True,True,False,433,433,433,515,515,515,518,517,518,1
bidmc-19-fg-0003,19,3,featuregraph_only,burst,bidmc-19-burst-001,24,2,4,517.0,4.136,519.0,4.152,520.0,4.16,619,4.952,100.0,0.8,0.032,0.0,0.6666666666666667,excluded_by_both,True,True,True,False,False,unassigned,125,envelope_plateau,envelope_plateau_v1,frozen_llm_scipy_find_peaks,True,True,False,518,517,518,519,519,519,521,520,521,1
bidmc-19-fg-0004,19,4,featuregraph_only,burst,bidmc-19-burst-001,24,3,5,520.0,4.16,522.0,4.176,523.0,4.184,622,4.976,100.0,0.8,0.024,0.00245999999999999,0.6666666666666667,excluded_by_both,True,True,True,False,False,unassigned,125,envelope_plateau,envelope_plateau_v1,frozen_llm_scipy_find_peaks,True,True,False,521,520,521,522,522,522,524,523,524,1
bidmc-19-fg-0005,19,5,featuregraph_only,burst,bidmc-19-burst-001,24,4,6,523.0,4.184,525.0,4.2,527.0,4.216,625,5.0,100.0,0.8,0.024,0.007379999999999998,1.0,excluded_by_both,True,True,True,False,False,unassigned,125,envelope_plateau,envelope_plateau_v1,frozen_llm_scipy_find_peaks,True,True,False,524,523,524,525,525,525,528,526,528,1
bidmc-19-fg-0006,19,6,featuregraph_only,burst,bidmc-19-burst-001,24,5,7,527.0,4.216,529.0,4.232,530.0,4.24,629,5.032,100.0,0.8,0.032,0.00491999999999998,0.6666666666666667,excluded_by_both,True,True,True,False,False,unassigned,125,envelope_plateau,envelope_plateau_v1,frozen_llm_scipy_find_peaks,True,True,False,528,526,528,529,529,529,531,530,531,1
bidmc-19-fg-0007,19,7,featuregraph_only,burst,bidmc-19-burst-001,24,6,8,530.0,4.24,532.0,4.256,533.0,4.264,632,5.056,100.0,0.8,0.024,0.00491999999999998,0.6666666666666667,excluded_by_both,True,True,True,False,False,unassigned,125,envelope_plateau,envelope_plateau_v1,frozen_llm_scipy_find_peaks,True,True,False,531,530,531,532,532,532,534,533,534,1
bidmc-19-fg-0008,19,8,featuregraph_only,burst,bidmc-19-burst-001,24,7,9,533.0,4.264,535.0,4.28,538.0,4.304,635,5.08,100.0,0.8,0.024,0.013529999999999986,0.8,excluded_by_both,True,True,True,False,False,unassigned,125,envelope_plateau,envelope_plateau_v1,frozen_llm_scipy_find_peaks,True,True,False,534,533,534,535,535,535,541,536,541,1
bidmc-19-fg-0009,19,9,featuregraph_only,burst,bidmc-19-burst-001,24,8,10,538.0,4.304,542.0,4.336,543.0,4.344,642,5.136,100.0,0.8,0.056,0.003689999999999999,0.4,excluded_by_both,True,True,True,False,False,unassigned,125,envelope_plateau,envelope_plateau_v1,frozen_llm_scipy_find_peaks,True,True,False,541,536,541,542,542,542,544,543,544,1
bidmc-19-fg-0010,19,10,featuregraph_only,burst,bidmc-19-burst-001,24,9,11,543.0,4.344,545.0,4.36,546.0,4.368,645,5.16,100.0,0.8,0.024,0.0012300000000000089,0.6666666666666667,excluded_by_both,True,True,True,False,False,unassigned,125,envelope_plateau,envelope_plateau_v1,frozen_llm_scipy_find_peaks,True,True,False,544,543,544,545,545,545,547,546,547,1
bidmc-19-fg-0011,19,11,featuregraph_only,burst,bidmc-19-burst-001,24,10,12,546.0,4.368,548.0,4.384,550.0,4.4,648,5.184,100.0,0.8,0.024,0.0,1.0,excluded_by_both,True,True,True,False,False,unassigned,125,envelope_plateau,envelope_plateau_v1,frozen_llm_scipy_find_peaks,True,True,False,547,546,547,548,548,548,551,549,551,1
bidmc-19-fg-0012,19,12,featuregraph_only,burst,bidmc-19-burst-001,24,11,13,550.0,4.4,552.0,4.416,553.0,4.424,652,5.216,100.0,0.8,0.032,0.0,0.6666666666666667,excluded_by_both,True,True,True,False,False,unassigned,125,envelope_plateau,envelope_plateau_v1,frozen_llm_scipy_find_peaks,True,True,False,551,549,551,552,552,552,554,553,554,1
bidmc-19-fg-0013,19,13,featuregraph_only,burst,bidmc-19-burst-001,24,12,14,553.0,4.424,555.0,4.44,556.0,4.448,655,5.24,100.0,0.8,0.024,0.0,0.6666666666666667,excluded_by_both,True,True,True,False,False,unassigned,125,envelope_plateau,envelope_plateau_v1,frozen_llm_scipy_find_peaks,True,True,False,554,553,554,555,555,555,557,556,557,1
bidmc-19-fg-0014,19,14,featuregraph_only,burst,bidmc-19-burst-001,24,13,15,556.0,4.448,558.0,4.464,561.0,4.488,658,5.264,100.0,0.8,0.024,0.0012299999999999811,0.8,excluded_by_both,True,True,True,False,False,unassigned,125,envelope_plateau,envelope_plateau_v1,frozen_llm_scipy_find_peaks,True,True,False,557,556,557,558,558,558,564,559,564,1
bidmc-19-fg-0015,19,15,featuregraph_only,burst,bidmc-19-burst-001,24,14,16,561.0,4.488,565.0,4.52,566.0,4.528,665,5.32,100.0,0.8,0.056,0.0,0.4,excluded_by_both,True,True,True,False,False,unassigned,125,envelope_plateau,envelope_plateau_v1,frozen_llm_scipy_find_peaks,True,True,False,564,559,564,565,565,565,567,566,567,1
bidmc-19-fg-0016,19,16,featuregraph_only,burst,bidmc-19-burst-001,24,15,17,566.0,4.528,568.0,4.544,569.0,4.552,668,5.344,100.0,0.8,0.024,0.0,0.6666666666666667,excluded_by_both,True,True,True,False,False,unassigned,125,envelope_plateau,envelope_plateau_v1,frozen_llm_scipy_find_peaks,True,True,False,567,566,567,568,568,568,570,569,570,1
bidmc-19-fg-0017,19,17,featuregraph_only,burst,bidmc-19-burst-001,24,16,18,569.0,4.552,571.0,4.568,573.0,4.584,671,5.368,100.0,0.8,0.024,0.0024600000000000177,1.0,excluded_by_both,True,True,True,False,False,unassigned,125,envelope_plateau,envelope_plateau_v1,frozen_llm_scipy_find_peaks,True,True,False,570,569,570,571,571,571,574,572,574,1
bidmc-19-fg-0018,19,18,featuregraph_only,burst,bidmc-19-burst-001,24,17,19,573.0,4.584,575.0,4.6,576.0,4.608,675,5.4,100.0,0.8,0.032,0.0012300000000000089,0.6666666666666667,excluded_by_both,True,True,True,False,False,unassigned,125,envelope_plateau,envelope_plateau_v1,frozen_llm_scipy_find_peaks,True,True,False,574,572,574,575,575,575,577,576,577,1
bidmc-19-fg-0019,19,19,featuregraph_only,burst,bidmc-19-burst-001,24,18,20,576.0,4.608,578.0,4.624,579.0,4.632,678,5.424,100.0,0.8,0.024,0.0012299999999999811,0.6666666666666667,excluded_by_both,True,True,True,False,False,unassigned,125,envelope_plateau,envelope_plateau_v1,frozen_llm_scipy_find_peaks,True,True,False,577,576,577,578,578,578,580,579,580,1
bidmc-19-fg-0020,19,20,featuregraph_only,burst,bidmc-19-burst-001,24,19,21,579.0,4.632,581.0,4.648,584.0,4.672,681,5.448,100.0,0.8,0.024,0.0061500000000000166,0.8,excluded_by_both,True,True,True,False,False,unassigned,125,envelope_plateau,envelope_plateau_v1,frozen_llm_scipy_find_peaks,True,True,False,580,579,580,581,581,581,587,582,587,1
bidmc-19-fg-0021,19,21,featuregraph_only,burst,bidmc-19-burst-001,24,20,22,584.0,4.672,588.0,4.704,589.0,4.712,688,5.504,100.0,0.8,0.056,0.0012299999999999811,0.4,excluded_by_both,True,True,True,False,False,unassigned,125,envelope_plateau,envelope_plateau_v1,frozen_llm_scipy_find_peaks,True,True,False,587,582,587,588,588,588,590,589,590,1
bidmc-19-fg-0022,19,22,featuregraph_only,burst,bidmc-19-burst-001,24,21,23,589.0,4.712,591.0,4.728,592.0,4.736,691,5.528,100.0,0.8,0.024,0.0012300000000000089,0.6666666666666667,excluded_by_both,True,True,True,False,False,unassigned,125,envelope_plateau,envelope_plateau_v1,frozen_llm_scipy_find_peaks,True,True,False,590,589,590,591,591,591,593,592,593,1
bidmc-19-fg-0023,19,23,featuregraph_only,burst,bidmc-19-burst-001,24,22,24,592.0,4.736,594.0,4.752,596.0,4.768,694,5.552,100.0,0.8,0.024,0.00245999999999999,1.0,excluded_by_both,True,True,True,False,False,unassigned,125,envelope_plateau,envelope_plateau_v1,frozen_llm_scipy_find_peaks,True,True,False,593,592,593,594,594,594,597,595,597,1
bidmc-19-fg-0024,19,24,featuregraph_only,burst,bidmc-19-burst-001,24,23,25,596.0,4.768,598.0,4.784,599.0,4.792,698,5.584,100.0,0.8,0.032,0.0012300000000000089,0.6666666666666667,excluded_by_both,True,True,True,False,False,unassigned,125,envelope_plateau,envelope_plateau_v1,frozen_llm_scipy_find_peaks,True,True,False,597,595,597,598,598,598,599,599,599,1
bidmc-19-fg-0029,19,29,featuregraph_only,isolated,bidmc-19-burst-002,1,28,30,1843.0,14.744,1932.0,15.456,2009.0,16.072,2033,16.264,101.0,0.808,1.752,0.08979000000000001,0.927710843373494,excluded_by_both,True,True,True,False,False,unassigned,125,envelope_plateau,envelope_plateau_v1,frozen_llm_scipy_find_peaks,True,True,False,1843,1843,1843,1931,1931,1933,2009,2009,2009,2
bidmc-19-fg-0037,19,37,featuregraph_only,burst,bidmc-19-burst-003,3,36,38,5075.0,40.6,5168.0,41.344,5281.0,42.248,5269,42.152,101.0,0.808,2.36,0.07257,0.9029126213592233,excluded_by_both,True,True,True,False,False,unassigned,125,envelope_plateau,envelope_plateau_v1,frozen_llm_scipy_find_peaks,True,True,False,5076,5075,5076,5167,5167,5169,5281,5281,5281,3
bidmc-19-fg-0038,19,38,featuregraph_only,burst,bidmc-19-burst-003,3,37,39,5281.0,42.248,5347.0,42.776,5479.0,43.832,5451,43.608,104.0,0.832,1.432,0.14514,0.6666666666666667,excluded_by_both,True,True,True,False,False,unassigned,125,envelope_plateau,envelope_plateau_v1,frozen_llm_scipy_find_peaks,True,True,False,5281,5281,5281,5344,5344,5351,5479,5479,5479,3
bidmc-19-fg-0039,19,39,featuregraph_only,burst,bidmc-19-burst-003,3,38,40,5479.0,43.832,5586.0,44.688,5588.0,44.704,5687,45.496,101.0,0.808,1.912,0.08241000000000001,0.03669724770642202,excluded_by_both,True,True,True,False,False,unassigned,125,envelope_plateau,envelope_plateau_v1,frozen_llm_scipy_find_peaks,True,True,False,5479,5479,5479,5585,5585,5587,5589,5588,5589,3
bidmc-19-fg-0042,19,42,featuregraph_only,burst,bidmc-19-burst-004,3,41,43,6329.0,50.632,6424.0,51.392,6603.0,52.824,6526,52.208,102.0,0.816,1.608,0.227549,0.6934306569343065,excluded_by_both,True,True,True,False,False,unassigned,125,envelope_plateau,envelope_plateau_v1,frozen_llm_scipy_find_peaks,True,True,False,6330,6329,6330,6423,6423,6426,6603,6603,6603,4
bidmc-19-fg-0043,19,43,featuregraph_only,burst,bidmc-19-burst-004,3,42,44,6603.0,52.824,6735.0,53.88,6819.0,54.552,6835,54.68,100.0,0.8,2.488,0.19187899999999997,0.7777777777777778,excluded_by_both,True,True,True,False,False,unassigned,125,envelope_plateau,envelope_plateau_v1,frozen_llm_scipy_find_peaks,True,True,False,6603,6603,6603,6735,6735,6735,6820,6819,6820,4
bidmc-19-fg-0044,19,44,featuregraph_only,burst,bidmc-19-burst-004,3,43,45,6819.0,54.552,6939.0,55.512,7042.0,56.336,7041,56.328,102.0,0.816,1.632,0.09839999999999999,0.9237668161434978,excluded_by_ann1,True,False,False,True,False,unassigned,125,envelope_plateau,envelope_plateau_v1,frozen_llm_scipy_find_peaks,True,True,False,6820,6819,6820,6937,6937,6941,7042,7042,7042,4
bidmc-19-fg-0046,19,46,featuregraph_only,isolated,bidmc-19-burst-005,1,45,47,7313.0,58.504,7353.0,58.824,7499.0,59.992,7454,59.632,101.0,0.808,1.64,0.08610000000000001,0.4301075268817204,excluded_by_both,True,True,True,False,False,unassigned,125,envelope_plateau,envelope_plateau_v1,frozen_llm_scipy_find_peaks,True,True,False,7313,7313,7313,7353,7353,7354,7499,7499,7499,5
bidmc-19-fg-0051,19,51,featuregraph_only,burst,bidmc-19-burst-006,2,50,52,8954.0,71.632,9070.0,72.56,9198.0,73.584,9172,73.376,102.0,0.816,1.488,0.15129,0.9508196721311475,excluded_by_both,True,True,True,False,False,unassigned,125,envelope_plateau,envelope_plateau_v1,frozen_llm_scipy_find_peaks,True,True,False,8954,8954,8954,9068,9068,9072,9198,9198,9198,6
bidmc-19-fg-0052,19,52,featuregraph_only,burst,bidmc-19-burst-006,2,51,53,9198.0,73.584,9298.0,74.384,9367.0,74.936,9399,75.192,101.0,0.808,1.824,0.08241000000000001,0.8165680473372781,excluded_by_both,True,True,True,False,False,unassigned,125,envelope_plateau,envelope_plateau_v1,frozen_llm_scipy_find_peaks,True,True,False,9198,9198,9198,9297,9297,9299,9367,9367,9367,6
bidmc-19-fg-0054,19,54,featuregraph_only,isolated,bidmc-19-burst-007,1,53,55,9686.0,77.488,9815.0,78.52,9850.0,78.8,9915,79.32,100.0,0.8,2.424,0.09347999999999998,0.426829268292683,excluded_by_both,True,True,True,False,False,unassigned,125,envelope_plateau,envelope_plateau_v1,frozen_llm_scipy_find_peaks,True,True,False,9687,9686,9687,9815,9815,9815,9851,9850,9851,7
bidmc-19-fg-0056,19,56,featuregraph_only,isolated,bidmc-19-burst-008,1,55,57,10135.0,81.08,10234.0,81.872,10323.0,82.584,10335,82.68,101.0,0.808,1.776,0.16359,0.9468085106382979,excluded_by_both,True,True,True,False,False,unassigned,125,envelope_plateau,envelope_plateau_v1,frozen_llm_scipy_find_peaks,True,True,False,10135,10135,10135,10234,10234,10235,10323,10323,10323,8
bidmc-19-fg-0061,19,61,featuregraph_only,isolated,bidmc-19-burst-009,1,60,62,11534.0,92.272,11585.0,92.68,11706.0,93.648,11687,93.496,102.0,0.816,1.464,0.238619,0.5930232558139534,excluded_by_both,True,True,True,False,False,unassigned,125,envelope_plateau,envelope_plateau_v1,frozen_llm_scipy_find_peaks,True,True,False,11534,11534,11534,11584,11584,11587,11706,11706,11706,9
bidmc-19-fg-0068,19,68,featuregraph_only,isolated,bidmc-19-burst-010,1,67,69,14364.0,114.912,14386.0,115.088,14492.0,115.936,14488,115.904,102.0,0.816,1.56,0.06272999999999998,0.34375,excluded_by_both,True,True,True,False,False,unassigned,125,envelope_plateau,envelope_plateau_v1,frozen_llm_scipy_find_peaks,True,True,False,14364,14364,14364,14385,14385,14388,14493,14492,14493,10
bidmc-19-fg-0072,19,72,featuregraph_only,isolated,bidmc-19-burst-011,1,71,73,15757.0,126.056,15908.0,127.264,15981.0,127.848,16009,128.072,101.0,0.808,2.4,0.09470999999999999,0.6517857142857143,excluded_by_both,True,True,True,False,False,unassigned,125,envelope_plateau,envelope_plateau_v1,frozen_llm_scipy_find_peaks,True,True,False,15757,15757,15757,15907,15907,15909,15981,15981,15981,11
bidmc-19-fg-0075,19,75,featuregraph_only,burst,bidmc-19-burst-012,2,74,76,16708.0,133.664,16984.0,135.872,17141.0,137.128,17087,136.696,103.0,0.824,3.408,0.21278999999999998,0.7251732101616628,excluded_by_ann1,True,False,False,True,False,unassigned,125,envelope_plateau,envelope_plateau_v1,frozen_llm_scipy_find_peaks,True,True,False,16708,16708,16708,16981,16981,16987,17141,17141,17141,12
bidmc-19-fg-0076,19,76,featuregraph_only,burst,bidmc-19-burst-012,2,75,77,17141.0,137.128,17216.0,137.728,17428.0,139.424,17317,138.536,101.0,0.808,1.856,0.24231,0.5226480836236933,excluded_by_both,True,True,True,False,False,unassigned,125,envelope_plateau,envelope_plateau_v1,frozen_llm_scipy_find_peaks,True,True,False,17141,17141,17141,17216,17216,17217,17428,17428,17428,12
bidmc-19-fg-0078,19,78,featuregraph_only,isolated,bidmc-19-burst-013,1,77,79,17925.0,143.4,18067.0,144.536,18108.0,144.864,18169,145.352,102.0,0.816,2.44,0.07257,0.4480874316939891,excluded_by_both,True,True,True,False,False,unassigned,125,envelope_plateau,envelope_plateau_v1,frozen_llm_scipy_find_peaks,True,True,False,17925,17925,17925,18066,18066,18069,18109,18108,18109,13
bidmc-19-fg-0080,19,80,featuregraph_only,isolated,bidmc-19-burst-014,1,79,81,18394.0,147.152,18475.0,147.8,18541.0,148.328,18577,148.616,102.0,0.816,1.68,0.09594,0.8979591836734694,excluded_by_both,True,True,True,False,False,unassigned,125,envelope_plateau,envelope_plateau_v1,frozen_llm_scipy_find_peaks,True,True,False,18394,18394,18394,18473,18473,18477,18541,18541,18541,14
bidmc-19-fg-0091,19,91,featuregraph_only,isolated,bidmc-19-burst-015,1,90,92,22587.0,180.696,22691.0,181.528,22997.0,183.976,22794,182.352,103.0,0.824,1.92,0.12423000000000001,0.5073170731707317,excluded_by_ann1,True,False,False,True,False,unassigned,125,envelope_plateau,envelope_plateau_v1,frozen_llm_scipy_find_peaks,True,True,False,22587,22587,22587,22689,22689,22694,22998,22997,22998,15
bidmc-19-fg-0096,19,96,featuregraph_only,isolated,bidmc-19-burst-016,1,95,97,24457.0,195.656,24548.0,196.384,24612.0,196.896,24649,197.192,101.0,0.808,1.872,0.08364000000000002,0.8258064516129032,excluded_by_both,True,True,True,False,False,unassigned,125,envelope_plateau,envelope_plateau_v1,frozen_llm_scipy_find_peaks,True,True,False,24457,24457,24457,24547,24547,24549,24613,24612,24613,16
bidmc-19-fg-0098,19,98,featuregraph_only,isolated,bidmc-19-burst-017,1,97,99,24941.0,199.528,25060.0,200.48,25101.0,200.808,25161,201.288,101.0,0.808,2.4,0.08979000000000001,0.5125,excluded_by_both,True,True,True,False,False,unassigned,125,envelope_plateau,envelope_plateau_v1,frozen_llm_scipy_find_peaks,True,True,False,24942,24941,24942,25059,25059,25061,25102,25101,25102,17
bidmc-19-fg-0101,19,101,featuregraph_only,isolated,bidmc-19-burst-018,1,100,102,25887.0,207.096,25978.0,207.824,26018.0,208.144,26079,208.632,101.0,0.808,2.064,0.08732999999999999,0.6106870229007634,excluded_by_both,True,True,True,False,False,unassigned,125,envelope_plateau,envelope_plateau_v1,frozen_llm_scipy_find_peaks,True,True,False,25887,25887,25887,25977,25977,25979,26018,26018,26018,18
bidmc-19-fg-0103,19,103,featuregraph_only,isolated,bidmc-19-burst-019,1,102,104,26344.0,210.752,26382.0,211.056,26467.0,211.736,26485,211.88,103.0,0.824,1.616,0.06026999999999999,0.6178861788617886,excluded_by_both,True,True,True,False,False,unassigned,125,envelope_plateau,envelope_plateau_v1,frozen_llm_scipy_find_peaks,True,True,False,26344,26344,26344,26380,26380,26385,26467,26467,26467,19
bidmc-19-fg-0105,19,105,featuregraph_only,burst,bidmc-19-burst-020,19,104,106,26808.0,214.464,26896.0,215.168,26899.0,215.192,26998,215.984,102.0,0.816,1.952,0.08118,0.06593406593406592,excluded_by_both,True,True,True,False,False,unassigned,125,envelope_plateau,envelope_plateau_v1,frozen_llm_scipy_find_peaks,True,True,False,26808,26808,26808,26895,26895,26898,26900,26899,26900,20
bidmc-19-fg-0106,19,106,featuregraph_only,burst,bidmc-19-burst-020,19,105,107,26899.0,215.192,26901.0,215.208,26902.0,215.216,27001,216.008,100.0,0.8,0.04,0.003689999999999999,0.6666666666666667,excluded_by_both,True,True,True,False,False,unassigned,125,envelope_plateau,envelope_plateau_v1,frozen_llm_scipy_find_peaks,True,True,False,26900,26899,26900,26901,26901,26901,26903,26902,26903,20
bidmc-19-fg-0107,19,107,featuregraph_only,burst,bidmc-19-burst-020,19,106,108,26902.0,215.216,26904.0,215.232,26905.0,215.24,27004,216.032,100.0,0.8,0.024,0.004920000000000008,0.6666666666666667,excluded_by_both,True,True,True,False,False,unassigned,125,envelope_plateau,envelope_plateau_v1,frozen_llm_scipy_find_peaks,True,True,False,26903,26902,26903,26904,26904,26904,26906,26905,26906,20
bidmc-19-fg-0108,19,108,featuregraph_only,burst,bidmc-19-burst-020,19,107,109,26905.0,215.24,26907.0,215.256,26908.0,215.264,27007,216.056,100.0,0.8,0.024,0.006149999999999989,0.6666666666666667,excluded_by_both,True,True,True,False,False,unassigned,125,envelope_plateau,envelope_plateau_v1,frozen_llm_scipy_find_peaks,True,True,False,26906,26905,26906,26907,26907,26907,26909,26908,26909,20
bidmc-19-fg-0109,19,109,featuregraph_only,burst,bidmc-19-burst-020,19,108,110,26908.0,215.264,26910.0,215.28,26911.0,215.288,27010,216.08,100.0,0.8,0.024,0.007379999999999998,0.6666666666666667,excluded_by_both,True,True,True,False,False,unassigned,125,envelope_plateau,envelope_plateau_v1,frozen_llm_scipy_find_peaks,True,True,False,26909,26908,26909,26910,26910,26910,26912,26911,26912,20
bidmc-19-fg-0110,19,110,featuregraph_only,burst,bidmc-19-burst-020,19,109,111,26911.0,215.288,26913.0,215.304,26914.0,215.312,27013,216.104,100.0,0.8,0.024,0.007379999999999998,0.6666666666666667,excluded_by_both,True,True,True,False,False,unassigned,125,envelope_plateau,envelope_plateau_v1,frozen_llm_scipy_find_peaks,True,True,False,26912,26911,26912,26913,26913,26913,26915,26914,26915,20
bidmc-19-fg-0111,19,111,featuregraph_only,burst,bidmc-19-burst-020,19,110,112,26914.0,215.312,26916.0,215.328,26917.0,215.336,27016,216.128,100.0,0.8,0.024,0.006149999999999989,0.6666666666666667,excluded_by_both,True,True,True,False,False,unassigned,125,envelope_plateau,envelope_plateau_v1,frozen_llm_scipy_find_peaks,True,True,False,26915,26914,26915,26916,26916,26916,26918,26917,26918,20
bidmc-19-fg-0112,19,112,featuregraph_only,burst,bidmc-19-burst-020,19,111,113,26917.0,215.336,26919.0,215.352,26920.0,215.36,27019,216.152,100.0,0.8,0.024,0.004920000000000008,0.6666666666666667,excluded_by_both,True,True,True,False,False,unassigned,125,envelope_plateau,envelope_plateau_v1,frozen_llm_scipy_find_peaks,True,True,False,26918,26917,26918,26919,26919,26919,26921,26920,26921,20
bidmc-19-fg-0113,19,113,featuregraph_only,burst,bidmc-19-burst-020,19,112,114,26920.0,215.36,26922.0,215.376,26923.0,215.384,27022,216.176,100.0,0.8,0.024,0.003689999999999999,0.6666666666666667,excluded_by_both,True,True,True,False,False,unassigned,125,envelope_plateau,envelope_plateau_v1,frozen_llm_scipy_find_peaks,True,True,False,26921,26920,26921,26922,26922,26922,26924,26923,26924,20
bidmc-19-fg-0114,19,114,featuregraph_only,burst,bidmc-19-burst-020,19,113,115,26923.0,215.384,26925.0,215.4,26926.0,215.408,27025,216.2,100.0,0.8,0.024,0.0012299999999999811,0.6666666666666667,excluded_by_both,True,True,True,False,False,unassigned,125,envelope_plateau,envelope_plateau_v1,frozen_llm_scipy_find_peaks,True,True,False,26924,26923,26924,26925,26925,26925,26927,26926,26927,20
bidmc-19-fg-0115,19,115,featuregraph_only,burst,bidmc-19-burst-020,19,114,116,26926.0,215.408,26928.0,215.424,26929.0,215.432,27028,216.224,100.0,0.8,0.024,0.0,0.6666666666666667,excluded_by_both,True,True,True,False,False,unassigned,125,envelope_plateau,envelope_plateau_v1,frozen_llm_scipy_find_peaks,True,True,False,26927,26926,26927,26928,26928,26928,26930,26929,26930,20
bidmc-19-fg-0116,19,116,featuregraph_only,burst,bidmc-19-burst-020,19,115,117,26929.0,215.432,26931.0,215.448,26932.0,215.456,27031,216.248,100.0,0.8,0.024,0.0,0.6666666666666667,excluded_by_both,True,True,True,False,False,unassigned,125,envelope_plateau,envelope_plateau_v1,frozen_llm_scipy_find_peaks,True,True,False,26930,26929,26930,26931,26931,26931,26933,26932,26933,20
bidmc-19-fg-0117,19,117,featuregraph_only,burst,bidmc-19-burst-020,19,116,118,26932.0,215.456,26934.0,215.472,26935.0,215.48,27034,216.272,100.0,0.8,0.024,0.0,0.6666666666666667,excluded_by_both,True,True,True,False,False,unassigned,125,envelope_plateau,envelope_plateau_v1,frozen_llm_scipy_find_peaks,True,True,False,26933,26932,26933,26934,26934,26934,26936,26935,26936,20
bidmc-19-fg-0118,19,118,featuregraph_only,burst,bidmc-19-burst-020,19,117,119,26935.0,215.48,26937.0,215.496,26938.0,215.504,27037,216.296,100.0,0.8,0.024,0.0,0.6666666666666667,excluded_by_both,True,True,True,False,False,unassigned,125,envelope_plateau,envelope_plateau_v1,frozen_llm_scipy_find_peaks,True,True,False,26936,26935,26936,26937,26937,26937,26939,26938,26939,20
bidmc-19-fg-0119,19,119,featuregraph_only,burst,bidmc-19-burst-020,19,118,120,26938.0,215.504,26940.0,215.52,26941.0,215.528,27040,216.32,100.0,0.8,0.024,0.0012300000000000089,0.6666666666666667,excluded_by_both,True,True,True,False,False,unassigned,125,envelope_plateau,envelope_plateau_v1,frozen_llm_scipy_find_peaks,True,True,False,26939,26938,26939,26940,26940,26940,26942,26941,26942,20
bidmc-19-fg-0120,19,120,featuregraph_only,burst,bidmc-19-burst-020,19,119,121,26941.0,215.528,26943.0,215.544,26944.0,215.552,27043,216.344,100.0,0.8,0.024,0.0012299999999999811,0.6666666666666667,excluded_by_both,True,True,True,False,False,unassigned,125,envelope_plateau,envelope_plateau_v1,frozen_llm_scipy_find_peaks,True,True,False,26942,26941,26942,26943,26943,26943,26945,26944,26945,20
bidmc-19-fg-0121,19,121,featuregraph_only,burst,bidmc-19-burst-020,19,120,122,26944.0,215.552,26946.0,215.568,26947.0,215.576,27046,216.368,100.0,0.8,0.024,0.0,0.6666666666666667,excluded_by_both,True,True,True,False,False,unassigned,125,envelope_plateau,envelope_plateau_v1,frozen_llm_scipy_find_peaks,True,True,False,26945,26944,26945,26946,26946,26946,26948,26947,26948,20
bidmc-19-fg-0122,19,122,featuregraph_only,burst,bidmc-19-burst-020,19,121,123,26947.0,215.576,26949.0,215.592,26950.0,215.6,27049,216.392,100.0,0.8,0.024,0.0,0.6666666666666667,excluded_by_both,True,True,True,False,False,unassigned,125,envelope_plateau,envelope_plateau_v1,frozen_llm_scipy_find_peaks,True,True,False,26948,26947,26948,26949,26949,26949,26951,26950,26951,20
bidmc-19-fg-0123,19,123,featuregraph_only,burst,bidmc-19-burst-020,19,122,124,26950.0,215.6,26952.0,215.616,26953.0,215.624,27052,216.416,100.0,0.8,0.024,0.0012300000000000089,0.6666666666666667,excluded_by_both,True,True,True,False,False,unassigned,125,envelope_plateau,envelope_plateau_v1,frozen_llm_scipy_find_peaks,True,True,False,26951,26950,26951,26952,26952,26952,26953,26953,26953,20
bidmc-19-fg-0127,19,127,featuregraph_only,isolated,bidmc-19-burst-021,1,126,128,27945.0,223.56,28037.0,224.296,28175.0,225.4,28140,225.12,103.0,0.824,1.648,0.20786900000000003,0.8,excluded_by_ann1,True,False,False,True,False,unassigned,125,envelope_plateau,envelope_plateau_v1,frozen_llm_scipy_find_peaks,True,True,False,27945,27945,27945,28034,28034,28040,28175,28175,28175,21
bidmc-19-fg-0132,19,132,featuregraph_only,isolated,bidmc-19-burst-022,1,131,133,29621.0,236.968,29701.0,237.608,29767.0,238.136,29803,238.424,102.0,0.816,1.888,0.07872000000000001,0.904109589041096,excluded_by_both,True,True,True,False,False,unassigned,125,envelope_plateau,envelope_plateau_v1,frozen_llm_scipy_find_peaks,True,True,False,29622,29621,29622,29700,29700,29703,29767,29767,29767,22
bidmc-19-fg-0134,19,134,featuregraph_only,isolated,bidmc-19-burst-023,1,133,135,30085.0,240.68,30211.0,241.688,30213.0,241.704,30311,242.488,100.0,0.8,2.4,0.10332,0.03125,excluded_by_both,True,True,True,False,False,unassigned,125,envelope_plateau,envelope_plateau_v1,frozen_llm_scipy_find_peaks,True,True,False,30086,30085,30086,30211,30211,30211,30213,30213,30213,23
bidmc-19-fg-0136,19,136,featuregraph_only,isolated,bidmc-19-burst-024,1,135,137,30548.0,244.384,30617.0,244.936,30717.0,245.736,30717,245.736,100.0,0.8,1.696,0.22631990000000002,0.8165680473372781,excluded_by_both,True,True,True,False,False,unassigned,125,envelope_plateau,envelope_plateau_v1,frozen_llm_scipy_find_peaks,True,True,False,30549,30548,30549,30617,30617,30617,30717,30717,30717,24
bidmc-19-fg-0142,19,142,featuregraph_only,burst,bidmc-19-burst-025,2,141,143,32820.0,262.56,32999.0,263.992,33116.0,264.928,33099,264.792,100.0,0.8,2.44,0.11069999999999999,0.7905405405405406,excluded_by_ann1,True,False,False,True,False,unassigned,125,envelope_plateau,envelope_plateau_v1,frozen_llm_scipy_find_peaks,True,True,False,32820,32820,32820,32999,32999,32999,33116,33116,33116,25
bidmc-19-fg-0143,19,143,featuregraph_only,burst,bidmc-19-burst-025,2,142,144,33116.0,264.928,33155.0,265.24,33285.0,266.28,33257,266.056,102.0,0.816,1.248,0.16358999999999999,0.46153846153846156,excluded_by_both,True,True,True,False,False,unassigned,125,envelope_plateau,envelope_plateau_v1,frozen_llm_scipy_find_peaks,True,True,False,33116,33116,33116,33153,33153,33157,33286,33285,33286,25
bidmc-19-fg-0146,19,146,featuregraph_only,isolated,bidmc-19-burst-026,1,145,147,34191.0,273.528,34296.0,274.368,34302.0,274.416,34397,275.176,101.0,0.808,2.448,0.07133999999999999,0.10810810810810811,excluded_by_both,True,True,True,False,False,unassigned,125,envelope_plateau,envelope_plateau_v1,frozen_llm_scipy_find_peaks,True,True,False,34191,34191,34191,34295,34295,34297,34303,34302,34303,26
bidmc-19-fg-0152,19,152,featuregraph_only,burst,bidmc-19-burst-027,2,151,153,35740.0,285.92,35796.0,286.368,35875.0,287.0,35897,287.176,101.0,0.808,1.968,0.05043000000000003,0.8296296296296296,excluded_by_both,True,True,True,False,False,unassigned,125,envelope_plateau,envelope_plateau_v1,frozen_llm_scipy_find_peaks,True,True,False,35741,35740,35741,35795,35795,35797,35876,35875,35876,27
bidmc-19-fg-0153,19,153,featuregraph_only,burst,bidmc-19-burst-027,2,152,154,35875.0,287.0,35994.0,287.952,36151.0,289.208,36095,288.76,101.0,0.808,1.584,0.25953,0.8623188405797102,retained_by_both,False,False,False,True,False,unassigned,125,envelope_plateau,envelope_plateau_v1,frozen_llm_scipy_find_peaks,True,True,False,35876,35875,35876,35993,35993,35995,36152,36151,36152,27
bidmc-19-fg-0163,19,163,featuregraph_only,isolated,bidmc-19-burst-028,1,162,164,39683.0,317.464,39718.0,317.744,39858.0,318.864,39819,318.552,101.0,0.808,1.616,0.08364000000000002,0.4,excluded_by_both,True,True,True,False,False,unassigned,125,envelope_plateau,envelope_plateau_v1,frozen_llm_scipy_find_peaks,True,True,False,39683,39683,39683,39717,39717,39719,39858,39858,39858,28
bidmc-19-fg-0166,19,166,featuregraph_only,isolated,bidmc-19-burst-029,1,165,167,40635.0,325.08,40735.0,325.88,40787.0,326.296,40835,326.68,100.0,0.8,2.0,0.10208999999999999,0.6842105263157895,excluded_by_both,True,True,True,False,False,unassigned,125,envelope_plateau,envelope_plateau_v1,frozen_llm_scipy_find_peaks,True,True,False,40635,40635,40635,40735,40735,40735,40787,40787,40787,29
bidmc-19-fg-0173,19,173,featuregraph_only,burst,bidmc-19-burst-030,2,172,174,42806.0,342.448,42889.0,343.112,42971.0,343.768,42989,343.912,100.0,0.8,1.824,0.06641999999999998,0.9939393939393939,excluded_by_both,True,True,True,False,False,unassigned,125,envelope_plateau,envelope_plateau_v1,frozen_llm_scipy_find_peaks,True,True,False,42806,42806,42806,42889,42889,42889,42971,42971,42971,30
bidmc-19-fg-0174,19,174,featuregraph_only,burst,bidmc-19-burst-030,2,173,175,42971.0,343.768,43098.0,344.784,43256.0,346.048,43199,345.592,101.0,0.808,1.672,0.1968,0.8912280701754386,retained_by_both,False,False,False,True,False,unassigned,125,envelope_plateau,envelope_plateau_v1,frozen_llm_scipy_find_peaks,True,True,False,42971,42971,42971,43097,43097,43099,43257,43256,43257,30
bidmc-19-fg-0177,19,177,featuregraph_only,isolated,bidmc-19-burst-031,1,176,178,44123.0,352.984,44218.0,353.744,44269.0,354.152,44319,354.552,101.0,0.808,2.368,0.09470999999999999,0.6986301369863014,excluded_by_both,True,True,True,False,False,unassigned,125,envelope_plateau,envelope_plateau_v1,frozen_llm_scipy_find_peaks,True,True,False,44123,44123,44123,44217,44217,44219,44269,44269,44269,31
bidmc-19-fg-0180,19,180,featuregraph_only,isolated,bidmc-19-burst-032,1,179,181,45054.0,360.432,45147.0,361.176,45197.0,361.576,45247,361.976,100.0,0.8,2.384,0.08117999999999997,0.6993006993006994,excluded_by_both,True,True,True,False,False,unassigned,125,envelope_plateau,envelope_plateau_v1,frozen_llm_scipy_find_peaks,True,True,False,45055,45054,45055,45147,45147,45147,45197,45197,45197,32
bidmc-19-fg-0183,19,183,featuregraph_only,isolated,bidmc-19-burst-033,1,182,184,45952.0,367.616,46157.0,369.256,46187.0,369.496,46257,370.056,100.0,0.8,2.752,0.13529999999999998,0.25531914893617025,excluded_by_both,True,True,True,False,False,unassigned,125,envelope_plateau,envelope_plateau_v1,frozen_llm_scipy_find_peaks,True,True,False,45952,45952,45952,46157,46157,46157,46188,46187,46188,33
bidmc-19-fg-0185,19,185,featuregraph_only,burst,bidmc-19-burst-034,2,184,186,46423.0,371.384,46547.0,372.376,46749.0,373.992,46648,373.184,101.0,0.808,1.992,0.20171999999999998,0.7607361963190185,excluded_by_ann2,False,True,False,True,False,unassigned,125,envelope_plateau,envelope_plateau_v1,frozen_llm_scipy_find_peaks,True,True,False,46423,46423,46423,46546,46546,46548,46749,46749,46749,34
bidmc-19-fg-0186,19,186,featuregraph_only,burst,bidmc-19-burst-034,2,185,187,46749.0,373.992,46752.0,374.016,46829.0,374.632,46853,374.824,101.0,0.808,1.64,0.07134,0.07499999999999996,excluded_by_both,True,True,True,False,False,unassigned,125,envelope_plateau,envelope_plateau_v1,frozen_llm_scipy_find_peaks,True,True,False,46749,46749,46749,46751,46751,46753,46830,46829,46830,34
bidmc-19-fg-0191,19,191,featuregraph_only,isolated,bidmc-19-burst-035,1,190,192,48635.0,389.08,48677.0,389.416,48776.0,390.208,48777,390.216,100.0,0.8,1.528,0.08363999999999999,0.5957446808510638,excluded_by_both,True,True,True,False,False,unassigned,125,envelope_plateau,envelope_plateau_v1,frozen_llm_scipy_find_peaks,True,True,False,48635,48635,48635,48677,48677,48677,48776,48776,48776,35
bidmc-19-fg-0195,19,195,featuregraph_only,isolated,bidmc-19-burst-036,1,194,196,50042.0,400.336,50244.0,401.952,50527.0,404.216,50345,402.76,101.0,0.808,2.576,0.19311000000000003,0.8329896907216495,excluded_by_both,True,True,True,False,False,unassigned,125,envelope_plateau,envelope_plateau_v1,frozen_llm_scipy_find_peaks,True,True,False,50042,50042,50042,50243,50243,50245,50527,50527,50527,36
bidmc-19-fg-0198,19,198,featuregraph_only,isolated,bidmc-19-burst-037,1,197,199,51453.0,411.624,51559.0,412.472,51561.0,412.488,51659,413.272,100.0,0.8,2.08,0.10209000000000001,0.03703703703703709,excluded_by_both,True,True,True,False,False,unassigned,125,envelope_plateau,envelope_plateau_v1,frozen_llm_scipy_find_peaks,True,True,False,51453,51453,51453,51559,51559,51559,51562,51561,51562,37
bidmc-19-fg-0202,19,202,featuregraph_only,isolated,bidmc-19-burst-038,1,201,203,52829.0,422.632,52905.0,423.24,53000.0,424.0,53006,424.048,101.0,0.808,1.64,0.10946999999999998,0.8888888888888888,excluded_by_both,True,True,True,False,False,unassigned,125,envelope_plateau,envelope_plateau_v1,frozen_llm_scipy_find_peaks,True,True,False,52829,52829,52829,52904,52904,52906,53000,53000,53000,38
bidmc-19-fg-0210,19,210,featuregraph_only,isolated,bidmc-19-burst-039,1,209,211,56259.0,450.072,56373.0,450.984,56501.0,452.008,56475,451.8,102.0,0.816,4.152,0.17712,0.9421487603305785,retained_by_both,False,False,False,True,False,unassigned,125,envelope_plateau,envelope_plateau_v1,frozen_llm_scipy_find_peaks,True,True,False,56260,56259,56260,56371,56371,56375,56501,56501,56501,39
bidmc-19-fg-0212,19,212,featuregraph_only,isolated,bidmc-19-burst-040,1,211,213,56991.0,455.928,57109.0,456.872,57169.0,457.352,57211,457.688,102.0,0.816,2.064,0.13161,0.6741573033707865,excluded_by_both,True,True,True,False,False,unassigned,125,envelope_plateau,envelope_plateau_v1,frozen_llm_scipy_find_peaks,True,True,False,56991,56991,56991,57107,57107,57111,57169,57169,57169,40
bidmc-19-fg-0214,19,214,featuregraph_only,isolated,bidmc-19-burst-041,1,213,215,57479.0,459.832,57612.0,460.896,57701.0,461.608,57713,461.704,101.0,0.808,2.368,0.27059900000000003,0.8018018018018018,excluded_by_both,True,True,True,False,False,unassigned,125,envelope_plateau,envelope_plateau_v1,frozen_llm_scipy_find_peaks,True,True,False,57479,57479,57479,57611,57611,57613,57702,57701,57702,41
bidmc-20-fg-0009,20,9,featuregraph_only,isolated,bidmc-20-burst-001,1,8,10,4225.0,33.8,4469.0,35.752,4751.0,38.008,4669,37.352,200.0,1.6,4.376,1.0,0.9277566539923955,retained_by_both,False,False,False,True,False,unassigned,125,envelope_plateau,envelope_plateau_v1,frozen_llm_scipy_find_peaks,True,True,False,4225,4225,4225,4369,4369,4569,4751,4751,4751,1
bidmc-20-fg-0051,20,51,featuregraph_only,isolated,bidmc-20-burst-002,1,50,52,24420.0,195.36,24433.0,195.464,24496.0,195.968,24533,196.264,100.0,0.8,2.008,0.34018,0.3421052631578947,excluded_by_both,True,True,True,False,False,unassigned,125,envelope_plateau,envelope_plateau_v1,frozen_llm_scipy_find_peaks,True,True,False,24420,24420,24420,24433,24433,24433,24496,24496,24496,2
bidmc-20-fg-0058,20,58,featuregraph_only,burst,bidmc-20-burst-003,2,57,59,27406.0,219.248,27598.0,220.784,27875.0,223.0,27699,221.592,101.0,0.808,3.904,0.88074,0.8187633262260128,retained_by_both,False,False,False,True,False,unassigned,125,envelope_plateau,envelope_plateau_v1,frozen_llm_scipy_find_peaks,True,True,False,27406,27406,27406,27598,27598,27599,27875,27875,27875,3
bidmc-20-fg-0059,20,59,featuregraph_only,burst,bidmc-20-burst-003,2,58,60,27875.0,223.0,27936.0,223.488,27974.0,223.792,28037,224.296,101.0,0.808,2.704,0.32454000000000005,0.7676767676767677,excluded_by_both,True,True,True,False,False,unassigned,125,envelope_plateau,envelope_plateau_v1,frozen_llm_scipy_find_peaks,True,True,False,27875,27875,27875,27935,27935,27937,27974,27974,27974,3
bidmc-20-fg-0069,20,69,featuregraph_only,burst,bidmc-20-burst-004,2,68,70,32321.0,258.568,32377.0,259.016,32426.0,259.408,32477,259.816,100.0,0.8,2.032,0.36168,0.9333333333333333,excluded_by_both,True,True,True,False,False,unassigned,125,envelope_plateau,envelope_plateau_v1,frozen_llm_scipy_find_peaks,True,True,False,32321,32321,32321,32377,32377,32377,32426,32426,32426,4
bidmc-20-fg-0070,20,70,featuregraph_only,burst,bidmc-20-burst-004,2,69,71,32426.0,259.408,32663.0,261.304,32964.0,263.712,32873,262.984,210.0,1.68,2.288,1.0,0.8810408921933086,retained_by_both,False,False,False,True,False,unassigned,125,envelope_plateau,envelope_plateau_v1,frozen_llm_scipy_find_peaks,True,True,False,32426,32426,32426,32553,32553,32773,32964,32964,32964,4
bidmc-20-fg-0078,20,78,featuregraph_only,isolated,bidmc-20-burst-005,1,77,79,36392.0,291.136,36398.0,291.184,36478.0,291.824,36499,291.992,101.0,0.808,1.72,0.40567,0.13953488372093026,excluded_by_both,True,True,True,False,False,unassigned,125,envelope_plateau,envelope_plateau_v1,frozen_llm_scipy_find_peaks,True,True,False,36392,36392,36392,36397,36397,36399,36478,36478,36478,5
bidmc-20-fg-0086,20,86,featuregraph_only,isolated,bidmc-20-burst-006,1,85,87,39346.0,314.768,39385.0,315.08,39410.0,315.28,39485,315.88,100.0,0.8,2.104,0.304984,0.78125,excluded_by_both,True,True,True,False,False,unassigned,125,envelope_plateau,envelope_plateau_v1,frozen_llm_scipy_find_peaks,True,True,False,39346,39346,39346,39385,39385,39385,39410,39410,39410,6
bidmc-20-fg-0090,20,90,featuregraph_only,burst,bidmc-20-burst-007,3,89,91,40807.0,326.456,40833.0,326.664,40922.0,327.376,40933,327.464,100.0,0.8,2.12,0.299124,0.4521739130434783,excluded_by_both,True,True,True,False,False,unassigned,125,envelope_plateau,envelope_plateau_v1,frozen_llm_scipy_find_peaks,True,True,False,40807,40807,40807,40833,40833,40833,40922,40922,40922,7
bidmc-20-fg-0091,20,91,featuregraph_only,burst,bidmc-20-burst-007,3,90,92,40922.0,327.376,41107.0,328.856,41345.0,330.76,41247,329.976,140.0,1.12,2.192,0.80547,0.8747044917257684,retained_by_both,False,False,False,True,False,unassigned,125,envelope_plateau,envelope_plateau_v1,frozen_llm_scipy_find_peaks,True,True,False,40922,40922,40922,41067,41067,41147,41346,41345,41346,7
bidmc-20-fg-0092,20,92,featuregraph_only,burst,bidmc-20-burst-007,3,91,93,41345.0,330.76,41406.0,331.248,41458.0,331.664,41507,332.056,101.0,0.808,2.392,0.344089,0.9203539823008849,excluded_by_both,True,True,True,False,False,unassigned,125,envelope_plateau,envelope_plateau_v1,frozen_llm_scipy_find_peaks,True,True,False,41346,41345,41346,41405,41405,41407,41458,41458,41458,7
bidmc-20-fg-0097,20,97,featuregraph_only,isolated,bidmc-20-burst-008,1,96,98,43369.0,346.952,43417.0,347.336,43457.0,347.656,43517,348.136,100.0,0.8,2.36,0.30987248,0.9090909090909091,excluded_by_both,True,True,True,False,False,unassigned,125,envelope_plateau,envelope_plateau_v1,frozen_llm_scipy_find_peaks,True,True,False,43370,43369,43370,43417,43417,43417,43457,43457,43457,8
bidmc-20-fg-0108,20,108,featuregraph_only,burst,bidmc-20-burst-009,2,107,109,48536.0,388.288,48725.0,389.8,48946.0,391.568,48863,390.904,138.0,1.104,4.992,0.88856,0.9219512195121952,retained_by_both,False,False,False,True,False,unassigned,125,envelope_plateau,envelope_plateau_v1,frozen_llm_scipy_find_peaks,True,True,False,48536,48536,48536,48687,48687,48763,48947,48946,48947,9
bidmc-20-fg-0109,20,109,featuregraph_only,burst,bidmc-20-burst-009,2,108,110,48946.0,391.568,48964.0,391.712,49046.0,392.368,49065,392.52,101.0,0.808,1.912,0.18181000000000003,0.36,excluded_by_both,True,True,True,False,False,unassigned,125,envelope_plateau,envelope_plateau_v1,frozen_llm_scipy_find_peaks,True,True,False,48947,48946,48947,48963,48963,48965,49047,49046,49047,9
bidmc-20-fg-0112,20,112,featuregraph_only,burst,bidmc-20-burst-010,2,111,113,49959.0,399.672,50215.0,401.72,50448.0,403.584,50351,402.808,136.0,1.088,4.024,1.0,0.9529652351738241,retained_by_both,False,False,False,True,False,unassigned,125,envelope_plateau,envelope_plateau_v1,frozen_llm_scipy_find_peaks,True,True,False,49959,49959,49959,50179,50179,50251,50448,50448,50448,10
bidmc-20-fg-0113,20,113,featuregraph_only,burst,bidmc-20-burst-010,2,112,114,50448.0,403.584,50492.0,403.936,50550.0,404.4,50593,404.744,101.0,0.808,2.216,0.337246,0.8627450980392157,excluded_by_both,True,True,True,False,False,unassigned,125,envelope_plateau,envelope_plateau_v1,frozen_llm_scipy_find_peaks,True,True,False,50448,50448,50448,50491,50491,50493,50550,50550,50550,10
bidmc-20-fg-0115,20,115,featuregraph_only,isolated,bidmc-20-burst-011,1,114,116,50950.0,407.6,51011.0,408.088,51044.0,408.352,51111,408.888,100.0,0.8,2.296,0.21603,0.7021276595744681,excluded_by_both,True,True,True,False,False,unassigned,125,envelope_plateau,envelope_plateau_v1,frozen_llm_scipy_find_peaks,True,True,False,50950,50950,50950,51011,51011,51011,51044,51044,51044,11
bidmc-20-fg-0120,20,120,featuregraph_only,isolated,bidmc-20-burst-012,1,119,121,53075.0,424.6,53222.0,425.776,53225.0,425.8,53324,426.592,102.0,0.816,3.112,0.273702,0.040000000000000036,excluded_by_both,True,True,True,False,False,unassigned,125,envelope_plateau,envelope_plateau_v1,frozen_llm_scipy_find_peaks,True,True,False,53075,53075,53075,53221,53221,53224,53225,53225,53225,12
bidmc-20-fg-0125,20,125,featuregraph_only,burst,bidmc-20-burst-013,2,124,126,55263.0,442.104,55322.0,442.576,55353.0,442.824,55424,443.392,102.0,0.816,2.624,0.18866,0.6888888888888889,excluded_by_both,True,True,True,False,False,unassigned,125,envelope_plateau,envelope_plateau_v1,frozen_llm_scipy_find_peaks,True,True,False,55263,55263,55263,55321,55321,55324,55353,55353,55353,13
bidmc-20-fg-0126,20,126,featuregraph_only,burst,bidmc-20-burst-013,2,125,127,55353.0,442.824,55565.0,444.52,55775.0,446.2,55687,445.496,122.0,0.976,1.944,0.84262,0.995260663507109,retained_by_both,False,False,False,True,False,unassigned,125,envelope_plateau,envelope_plateau_v1,frozen_llm_scipy_find_peaks,True,True,False,55353,55353,55353,55543,55543,55587,55775,55775,55775,13
bidmc-20-fg-0133,20,133,featuregraph_only,isolated,bidmc-20-burst-014,1,132,134,58954.0,471.632,59156.0,473.248,59540.0,476.32,59257,474.056,101.0,0.808,4.304,0.86119,0.689419795221843,retained_by_both,False,False,False,True,False,unassigned,125,envelope_plateau,envelope_plateau_v1,frozen_llm_scipy_find_peaks,True,True,False,58954,58954,58954,59156,59156,59157,59540,59540,59540,14
bidmc-21-fg-0001,21,1,featuregraph_only,burst,bidmc-21-burst-001,2,0,2,98.0,0.784,121.0,0.968,138.0,1.104,221,1.768,100.0,0.8,,0.10850000000000001,0.85,excluded_by_both,True,True,True,False,False,unassigned,125,envelope_plateau,envelope_plateau_v1,frozen_llm_scipy_find_peaks,True,True,False,98,98,98,121,121,121,138,138,138,1
bidmc-21-fg-0002,21,2,featuregraph_only,burst,bidmc-21-burst-001,2,1,3,138.0,1.104,354.0,2.832,560.0,4.48,491,3.928,137.0,1.096,1.864,0.914956,0.976303317535545,retained_by_both,False,False,False,True,False,unassigned,125,envelope_plateau,envelope_plateau_v1,frozen_llm_scipy_find_peaks,True,True,False,138,138,138,317,317,391,560,560,560,1
bidmc-21-fg-0016,21,16,featuregraph_only,burst,bidmc-21-burst-002,3,15,17,6396.0,51.168,6407.0,51.256,6453.0,51.624,6507,52.056,100.0,0.8,1.024,0.02737,0.38596491228070173,excluded_by_both,True,True,True,False,False,unassigned,125,envelope_plateau,envelope_plateau_v1,frozen_llm_scipy_find_peaks,True,True,False,6397,6396,6397,6407,6407,6407,6453,6453,6453,2
bidmc-21-fg-0017,21,17,featuregraph_only,burst,bidmc-21-burst-002,3,16,18,6453.0,51.624,6734.0,53.872,7059.0,56.472,6999,55.992,265.0,2.12,2.616,1.0,0.9273927392739274,retained_by_both,False,False,False,True,False,unassigned,125,envelope_plateau,envelope_plateau_v1,frozen_llm_scipy_find_peaks,True,True,False,6453,6453,6453,6569,6569,6899,7059,7059,7059,2
bidmc-21-fg-0018,21,18,featuregraph_only,burst,bidmc-21-burst-002,3,17,19,7059.0,56.472,7073.0,56.584,7082.0,56.656,7174,57.392,101.0,0.808,2.712,0.07428999999999997,0.782608695652174,excluded_by_both,True,True,True,False,False,unassigned,125,envelope_plateau,envelope_plateau_v1,frozen_llm_scipy_find_peaks,True,True,False,7059,7059,7059,7073,7073,7074,7082,7082,7082,2
bidmc-21-fg-0033,21,33,featuregraph_only,isolated,bidmc-21-burst-003,1,32,34,12744.0,101.952,12836.0,102.688,12925.0,103.4,12947,103.576,111.0,0.888,1.552,1.0,0.9834254143646409,excluded_by_both,True,True,True,False,False,unassigned,125,envelope_plateau,envelope_plateau_v1,frozen_llm_scipy_find_peaks,True,True,False,12763,12725,12763,12825,12825,12847,12947,12903,12947,3
bidmc-21-fg-0042,21,42,featuregraph_only,isolated,bidmc-21-burst-004,1,41,43,15797.0,126.376,15926.0,127.408,15928.0,127.424,16027,128.216,101.0,0.808,2.464,0.42033999999999994,0.03053435114503822,excluded_by_both,True,True,True,False,False,unassigned,125,envelope_plateau,envelope_plateau_v1,frozen_llm_scipy_find_peaks,True,True,False,15797,15797,15797,15925,15925,15927,15928,15928,15928,4
bidmc-21-fg-0053,21,53,featuregraph_only,isolated,bidmc-21-burst-005,1,52,54,20155.0,161.24,20188.0,161.504,20299.0,162.392,20289,162.312,101.0,0.808,1.352,0.26198,0.45833333333333337,excluded_by_both,True,True,True,False,False,unassigned,125,envelope_plateau,envelope_plateau_v1,frozen_llm_scipy_find_peaks,True,True,False,20155,20155,20155,20187,20187,20189,20299,20299,20299,5
bidmc-21-fg-0055,21,55,featuregraph_only,isolated,bidmc-21-burst-006,1,54,56,20840.0,166.72,20917.0,167.336,20957.0,167.656,21017,168.136,100.0,0.8,3.416,0.069404,0.6837606837606838,excluded_by_both,True,True,True,False,False,unassigned,125,envelope_plateau,envelope_plateau_v1,frozen_llm_scipy_find_peaks,True,True,False,20840,20840,20840,20917,20917,20917,20957,20957,20957,6
bidmc-21-fg-0057,21,57,featuregraph_only,burst,bidmc-21-burst-007,2,56,58,21447.0,171.576,21698.0,173.584,21789.0,174.312,21811,174.488,113.0,0.904,3.504,1.0,0.5321637426900585,retained_by_both,False,False,False,True,False,unassigned,125,envelope_plateau,envelope_plateau_v1,frozen_llm_scipy_find_peaks,True,True,False,21447,21447,21447,21685,21685,21711,21811,21767,21811,7
bidmc-21-fg-0058,21,58,featuregraph_only,burst,bidmc-21-burst-007,2,57,59,21789.0,174.312,22025.0,176.2,22345.0,178.76,22283,178.264,258.0,2.064,2.616,1.0,0.8489208633093526,retained_by_both,False,False,False,True,False,unassigned,125,envelope_plateau,envelope_plateau_v1,frozen_llm_scipy_find_peaks,True,True,False,21811,21767,21811,21867,21867,22183,22345,22345,22345,7
bidmc-21-fg-0069,21,69,featuregraph_only,burst,bidmc-21-burst-008,3,68,70,26894.0,215.152,26908.0,215.264,26971.0,215.768,27009,216.072,101.0,0.808,1.664,0.22483,0.36363636363636365,excluded_by_both,True,True,True,False,False,unassigned,125,envelope_plateau,envelope_plateau_v1,frozen_llm_scipy_find_peaks,True,True,False,26894,26894,26894,26907,26907,26909,26971,26971,26971,8
bidmc-21-fg-0070,21,70,featuregraph_only,burst,bidmc-21-burst-008,3,69,71,26971.0,215.768,27104.0,216.832,27389.0,219.112,27211,217.688,107.0,0.856,1.568,1.0,0.6363636363636364,retained_by_both,False,False,False,True,False,unassigned,125,envelope_plateau,envelope_plateau_v1,frozen_llm_scipy_find_peaks,True,True,False,26971,26971,26971,27097,27097,27111,27389,27389,27389,8
bidmc-21-fg-0071,21,71,featuregraph_only,burst,bidmc-21-burst-008,3,70,72,27389.0,219.112,27678.0,221.424,27917.0,223.336,27931,223.448,253.0,2.024,4.592,1.0,0.9053030303030303,excluded_by_both,True,True,True,False,False,unassigned,125,envelope_plateau,envelope_plateau_v1,frozen_llm_scipy_find_peaks,True,True,False,27389,27389,27389,27525,27525,27831,27931,27903,27931,8
bidmc-21-fg-0079,21,79,featuregraph_only,isolated,bidmc-21-burst-009,1,78,80,30641.0,245.128,30647.0,245.176,30655.0,245.24,30747,245.976,100.0,0.8,1.216,0.03519,0.8571428571428572,excluded_by_both,True,True,True,False,False,unassigned,125,envelope_plateau,envelope_plateau_v1,frozen_llm_scipy_find_peaks,True,True,False,30641,30641,30641,30647,30647,30647,30655,30655,30655,9
bidmc-21-fg-0085,21,85,featuregraph_only,isolated,bidmc-21-burst-010,1,84,86,32248.0,257.984,32266.0,258.128,32322.0,258.576,32367,258.936,101.0,0.808,1.384,0.16423000000000004,0.4864864864864865,excluded_by_both,True,True,True,False,False,unassigned,125,envelope_plateau,envelope_plateau_v1,frozen_llm_scipy_find_peaks,True,True,False,32248,32248,32248,32265,32265,32267,32322,32322,32322,10
bidmc-21-fg-0089,21,89,featuregraph_only,isolated,bidmc-21-burst-011,1,88,90,33599.0,268.792,33607.0,268.856,33758.0,270.064,33707,269.656,100.0,0.8,1.688,0.30694,0.10062893081761004,excluded_by_both,True,True,True,False,False,unassigned,125,envelope_plateau,envelope_plateau_v1,frozen_llm_scipy_find_peaks,True,True,False,33599,33599,33599,33607,33607,33607,33758,33758,33758,11
bidmc-21-fg-0138,21,138,featuregraph_only,isolated,bidmc-21-burst-012,1,137,139,52563.0,420.504,52576.0,420.608,52590.0,420.72,52677,421.416,101.0,0.808,1.656,0.07723000000000002,0.962962962962963,excluded_by_both,True,True,True,False,False,unassigned,125,envelope_plateau,envelope_plateau_v1,frozen_llm_scipy_find_peaks,True,True,False,52563,52563,52563,52575,52575,52577,52590,52590,52590,12
bidmc-23-fg-0001,23,1,featuregraph_only,isolated,bidmc-23-burst-001,1,0,2,98.0,0.784,195.0,1.56,356.0,2.848,295,2.36,100.0,0.8,,0.5171110000000001,0.751937984496124,retained_by_both,False,False,False,True,False,unassigned,125,envelope_plateau,envelope_plateau_v1,frozen_llm_scipy_find_peaks,True,True,False,98,98,98,195,195,195,356,356,356,1
bidmc-23-fg-0008,23,8,featuregraph_only,isolated,bidmc-23-burst-002,1,7,9,2763.0,22.104,2775.0,22.2,2787.0,22.296,2877,23.016,102.0,0.816,1.432,0.03225,1.0,excluded_by_both,True,True,True,False,False,unassigned,125,envelope_plateau,envelope_plateau_v1,frozen_llm_scipy_find_peaks,True,True,False,2763,2763,2763,2773,2773,2777,2787,2787,2787,2
bidmc-23-fg-0016,23,16,featuregraph_only,isolated,bidmc-23-burst-003,1,15,17,5302.0,42.416,5304.0,42.432,5306.0,42.448,5405,43.24,101.0,0.808,1.776,0.0009799999999999809,1.0,excluded_by_both,True,True,True,False,False,unassigned,125,envelope_plateau,envelope_plateau_v1,frozen_llm_scipy_find_peaks,True,True,False,5302,5302,5302,5303,5303,5305,5307,5306,5307,3
bidmc-23-fg-0019,23,19,featuregraph_only,isolated,bidmc-23-burst-004,1,18,20,6136.0,49.088,6143.0,49.144,6152.0,49.216,6243,49.944,100.0,0.8,1.792,0.03421000000000002,0.875,excluded_by_both,True,True,True,False,False,unassigned,125,envelope_plateau,envelope_plateau_v1,frozen_llm_scipy_find_peaks,True,True,False,6136,6136,6136,6143,6143,6143,6152,6152,6152,4
bidmc-23-fg-0022,23,22,featuregraph_only,isolated,bidmc-23-burst-005,1,21,23,6979.0,55.832,6988.0,55.904,6998.0,55.984,7089,56.712,101.0,0.808,1.864,0.026390000000000025,0.9473684210526316,excluded_by_both,True,True,True,False,False,unassigned,125,envelope_plateau,envelope_plateau_v1,frozen_llm_scipy_find_peaks,True,True,False,6980,6979,6980,6987,6987,6989,6998,6998,6998,5
bidmc-23-fg-0025,23,25,featuregraph_only,isolated,bidmc-23-burst-006,1,24,26,7794.0,62.352,7811.0,62.488,7816.0,62.528,7911,63.288,100.0,0.8,1.832,0.06353999999999999,0.4545454545454546,excluded_by_both,True,True,True,False,False,unassigned,125,envelope_plateau,envelope_plateau_v1,frozen_llm_scipy_find_peaks,True,True,False,7794,7794,7794,7811,7811,7811,7816,7816,7816,6
bidmc-23-fg-0037,23,37,featuregraph_only,burst,bidmc-23-burst-007,3,36,38,12400.0,99.2,12406.0,99.248,12447.0,99.576,12507,100.056,101.0,0.808,1.888,0.21406999999999998,0.25531914893617025,excluded_by_both,True,True,True,False,False,unassigned,125,envelope_plateau,envelope_plateau_v1,frozen_llm_scipy_find_peaks,True,True,False,12400,12400,12400,12405,12405,12407,12456,12439,12456,7
bidmc-23-fg-0038,23,38,featuregraph_only,burst,bidmc-23-burst-007,3,37,39,12447.0,99.576,12602.0,100.816,12760.0,102.08,12703,101.624,101.0,0.808,1.568,0.69111,0.9904153354632588,retained_by_both,False,False,False,True,False,unassigned,125,envelope_plateau,envelope_plateau_v1,frozen_llm_scipy_find_peaks,True,True,False,12456,12439,12456,12601,12601,12603,12760,12760,12760,7
bidmc-23-fg-0039,23,39,featuregraph_only,burst,bidmc-23-burst-007,3,38,40,12760.0,102.08,12775.0,102.2,12872.0,102.976,12876,103.008,101.0,0.808,1.384,0.21799000000000002,0.2678571428571429,excluded_by_both,True,True,True,False,False,unassigned,125,envelope_plateau,envelope_plateau_v1,frozen_llm_scipy_find_peaks,True,True,False,12760,12760,12760,12774,12774,12776,12872,12872,12872,7
bidmc-23-fg-0042,23,42,featuregraph_only,burst,bidmc-23-burst-008,2,41,43,13687.0,109.496,13845.0,110.76,14008.0,112.064,13953,111.624,108.0,0.864,3.264,0.8827,0.9844236760124611,retained_by_both,False,False,False,True,False,unassigned,125,envelope_plateau,envelope_plateau_v1,frozen_llm_scipy_find_peaks,True,True,False,13687,13687,13687,13838,13838,13853,14008,14008,14008,8
bidmc-23-fg-0043,23,43,featuregraph_only,burst,bidmc-23-burst-008,2,42,44,14008.0,112.064,14062.0,112.496,14143.0,113.144,14164,113.312,102.0,0.816,1.736,0.40273400000000004,0.8,excluded_by_both,True,True,True,False,False,unassigned,125,envelope_plateau,envelope_plateau_v1,frozen_llm_scipy_find_peaks,True,True,False,14008,14008,14008,14061,14061,14064,14143,14143,14143,8
bidmc-23-fg-0048,23,48,featuregraph_only,isolated,bidmc-23-burst-009,1,47,49,15280.0,122.24,15281.0,122.248,15287.0,122.296,15381,123.048,100.0,0.8,1.432,0.005860000000000032,0.2857142857142857,excluded_by_both,True,True,True,False,False,unassigned,125,envelope_plateau,envelope_plateau_v1,frozen_llm_scipy_find_peaks,True,True,False,15280,15280,15280,15281,15281,15281,15287,15287,15287,9
bidmc-23-fg-0065,23,65,featuregraph_only,isolated,bidmc-23-burst-010,1,64,66,21136.0,169.088,21139.0,169.112,21143.0,169.144,21239,169.912,100.0,0.8,1.6,0.0048799999999999955,0.8571428571428572,excluded_by_both,True,True,True,False,False,unassigned,125,envelope_plateau,envelope_plateau_v1,frozen_llm_scipy_find_peaks,True,True,False,21136,21136,21136,21139,21139,21139,21144,21143,21144,10
bidmc-23-fg-0088,23,88,featuregraph_only,burst,bidmc-23-burst-011,3,87,89,30321.0,242.568,30500.0,244.0,30717.0,245.736,30629,245.032,129.0,1.032,3.08,1.0,0.9040404040404041,retained_by_both,False,False,False,True,False,unassigned,125,envelope_plateau,envelope_plateau_v1,frozen_llm_scipy_find_peaks,True,True,False,30321,30321,30321,30471,30471,30529,30717,30717,30717,11
bidmc-23-fg-0089,23,89,featuregraph_only,burst,bidmc-23-burst-011,3,88,90,30717.0,245.736,30775.0,246.2,30845.0,246.76,30876,247.008,101.0,0.808,2.2,0.22581,0.90625,excluded_by_both,True,True,True,False,False,unassigned,125,envelope_plateau,envelope_plateau_v1,frozen_llm_scipy_find_peaks,True,True,False,30717,30717,30717,30775,30775,30776,30845,30845,30845,11
bidmc-23-fg-0090,23,90,featuregraph_only,burst,bidmc-23-burst-011,3,89,91,30845.0,246.76,30969.0,247.752,31083.0,248.664,31069,248.552,100.0,0.8,1.552,0.35093,0.957983193277311,excluded_by_ann1,True,False,False,True,False,unassigned,125,envelope_plateau,envelope_plateau_v1,frozen_llm_scipy_find_peaks,True,True,False,30845,30845,30845,30969,30969,30969,31083,31083,31083,11
bidmc-23-fg-0098,23,98,featuregraph_only,isolated,bidmc-23-burst-012,1,97,99,33936.0,271.488,33939.0,271.512,33941.0,271.528,34039,272.312,100.0,0.8,1.856,0.0048900000000000055,0.8,excluded_by_both,True,True,True,False,False,unassigned,125,envelope_plateau,envelope_plateau_v1,frozen_llm_scipy_find_peaks,True,True,False,33936,33936,33936,33939,33939,33939,33941,33941,33941,12
bidmc-23-fg-0103,23,103,featuregraph_only,burst,bidmc-23-burst-013,13,102,104,35157.0,281.256,35159.0,281.272,35161.0,281.288,35260,282.08,101.0,0.808,1.584,0.025410000000000016,1.0,excluded_by_both,True,True,True,False,False,unassigned,125,envelope_plateau,envelope_plateau_v1,frozen_llm_scipy_find_peaks,True,True,False,35157,35157,35157,35158,35158,35160,35161,35161,35161,13
bidmc-23-fg-0104,23,104,featuregraph_only,burst,bidmc-23-burst-013,13,103,105,35161.0,281.288,35162.0,281.296,35164.0,281.312,35263,282.104,101.0,0.808,0.024,0.013690000000000008,0.6666666666666667,excluded_by_both,True,True,True,False,False,unassigned,125,envelope_plateau,envelope_plateau_v1,frozen_llm_scipy_find_peaks,True,True,False,35161,35161,35161,35162,35162,35163,35164,35164,35164,13
bidmc-23-fg-0105,23,105,featuregraph_only,burst,bidmc-23-burst-013,13,104,106,35164.0,281.312,35166.0,281.328,35168.0,281.344,35267,282.136,101.0,0.808,0.032,0.013690000000000008,1.0,excluded_by_both,True,True,True,False,False,unassigned,125,envelope_plateau,envelope_plateau_v1,frozen_llm_scipy_find_peaks,True,True,False,35164,35164,35164,35165,35165,35167,35168,35168,35168,13
bidmc-23-fg-0106,23,106,featuregraph_only,burst,bidmc-23-burst-013,13,105,107,35168.0,281.344,35170.0,281.36,35172.0,281.376,35271,282.168,101.0,0.808,0.032,0.003909999999999997,1.0,excluded_by_both,True,True,True,False,False,unassigned,125,envelope_plateau,envelope_plateau_v1,frozen_llm_scipy_find_peaks,True,True,False,35168,35168,35168,35169,35169,35171,35172,35172,35172,13
bidmc-23-fg-0107,23,107,featuregraph_only,burst,bidmc-23-burst-013,13,106,108,35172.0,281.376,35174.0,281.392,35176.0,281.408,35275,282.2,101.0,0.808,0.032,0.002929999999999988,1.0,excluded_by_both,True,True,True,False,False,unassigned,125,envelope_plateau,envelope_plateau_v1,frozen_llm_scipy_find_peaks,True,True,False,35172,35172,35172,35173,35173,35175,35176,35176,35176,13
bidmc-23-fg-0108,23,108,featuregraph_only,burst,bidmc-23-burst-013,13,107,109,35176.0,281.408,35178.0,281.424,35180.0,281.44,35279,282.232,101.0,0.808,0.032,0.01172999999999999,1.0,excluded_by_both,True,True,True,False,False,unassigned,125,envelope_plateau,envelope_plateau_v1,frozen_llm_scipy_find_peaks,True,True,False,35176,35176,35176,35177,35177,35179,35180,35180,35180,13
bidmc-23-fg-0109,23,109,featuregraph_only,burst,bidmc-23-burst-013,13,108,110,35180.0,281.44,35182.0,281.456,35184.0,281.472,35283,282.264,101.0,0.808,0.032,0.016609999999999986,1.0,excluded_by_both,True,True,True,False,False,unassigned,125,envelope_plateau,envelope_plateau_v1,frozen_llm_scipy_find_peaks,True,True,False,35180,35180,35180,35181,35181,35183,35184,35184,35184,13
bidmc-23-fg-0110,23,110,featuregraph_only,burst,bidmc-23-burst-013,13,109,111,35184.0,281.472,35186.0,281.488,35188.0,281.504,35287,282.296,101.0,0.808,0.032,0.015639999999999987,1.0,excluded_by_both,True,True,True,False,False,unassigned,125,envelope_plateau,envelope_plateau_v1,frozen_llm_scipy_find_peaks,True,True,False,35184,35184,35184,35185,35185,35187,35188,35188,35188,13
bidmc-23-fg-0111,23,111,featuregraph_only,burst,bidmc-23-burst-013,13,110,112,35188.0,281.504,35190.0,281.52,35192.0,281.536,35291,282.328,101.0,0.808,0.032,0.014659999999999979,1.0,excluded_by_both,True,True,True,False,False,unassigned,125,envelope_plateau,envelope_plateau_v1,frozen_llm_scipy_find_peaks,True,True,False,35188,35188,35188,35189,35189,35191,35192,35192,35192,13
bidmc-23-fg-0112,23,112,featuregraph_only,burst,bidmc-23-burst-013,13,111,113,35192.0,281.536,35193.0,281.544,35195.0,281.56,35294,282.352,101.0,0.808,0.024,0.004880000000000023,0.6666666666666667,excluded_by_both,True,True,True,False,False,unassigned,125,envelope_plateau,envelope_plateau_v1,frozen_llm_scipy_find_peaks,True,True,False,35192,35192,35192,35193,35193,35194,35195,35195,35195,13
bidmc-23-fg-0113,23,113,featuregraph_only,burst,bidmc-23-burst-013,13,112,114,35195.0,281.56,35197.0,281.576,35199.0,281.592,35298,282.384,101.0,0.808,0.032,0.0019500000000000073,1.0,excluded_by_both,True,True,True,False,False,unassigned,125,envelope_plateau,envelope_plateau_v1,frozen_llm_scipy_find_peaks,True,True,False,35195,35195,35195,35196,35196,35198,35199,35199,35199,13
bidmc-23-fg-0114,23,114,featuregraph_only,burst,bidmc-23-burst-013,13,113,115,35199.0,281.592,35201.0,281.608,35203.0,281.624,35302,282.416,101.0,0.808,0.032,0.003909999999999997,1.0,excluded_by_both,True,True,True,False,False,unassigned,125,envelope_plateau,envelope_plateau_v1,frozen_llm_scipy_find_peaks,True,True,False,35199,35199,35199,35200,35200,35202,35203,35203,35203,13
bidmc-23-fg-0115,23,115,featuregraph_only,burst,bidmc-23-burst-013,13,114,116,35203.0,281.624,35205.0,281.64,35207.0,281.656,35306,282.448,101.0,0.808,0.032,0.004880000000000023,1.0,excluded_by_both,True,True,True,False,False,unassigned,125,envelope_plateau,envelope_plateau_v1,frozen_llm_scipy_find_peaks,True,True,False,35203,35203,35203,35204,35204,35206,35207,35207,35207,13
bidmc-23-fg-0123,23,123,featuregraph_only,isolated,bidmc-23-burst-014,1,122,124,38102.0,304.816,38108.0,304.864,38110.0,304.88,38209,305.672,101.0,0.808,1.864,0.011730000000000018,0.5,excluded_by_both,True,True,True,False,False,unassigned,125,envelope_plateau,envelope_plateau_v1,frozen_llm_scipy_find_peaks,True,True,False,38102,38102,38102,38107,38107,38109,38110,38110,38110,14
bidmc-23-fg-0126,23,126,featuregraph_only,isolated,bidmc-23-burst-015,1,125,127,38933.0,311.464,38939.0,311.512,38941.0,311.528,39039,312.312,100.0,0.8,1.856,0.010759999999999992,0.5,excluded_by_both,True,True,True,False,False,unassigned,125,envelope_plateau,envelope_plateau_v1,frozen_llm_scipy_find_peaks,True,True,False,38933,38933,38933,38939,38939,38939,38942,38941,38942,15
bidmc-23-fg-0129,23,129,featuregraph_only,isolated,bidmc-23-burst-016,1,128,130,39763.0,318.104,39765.0,318.12,39771.0,318.168,39865,318.92,100.0,0.8,1.824,0.011730000000000018,0.5,excluded_by_both,True,True,True,False,False,unassigned,125,envelope_plateau,envelope_plateau_v1,frozen_llm_scipy_find_peaks,True,True,False,39763,39763,39763,39765,39765,39765,39771,39771,39771,16
bidmc-23-fg-0132,23,132,featuregraph_only,isolated,bidmc-23-burst-017,1,131,133,40590.0,324.72,40597.0,324.776,40602.0,324.816,40697,325.576,100.0,0.8,1.84,0.009780000000000011,0.8333333333333334,excluded_by_both,True,True,True,False,False,unassigned,125,envelope_plateau,envelope_plateau_v1,frozen_llm_scipy_find_peaks,True,True,False,40591,40590,40591,40597,40597,40597,40602,40602,40602,17
bidmc-23-fg-0140,23,140,featuregraph_only,isolated,bidmc-23-burst-018,1,139,141,43464.0,347.712,43466.0,347.728,43481.0,347.848,43567,348.536,101.0,0.808,1.512,0.06939999999999996,0.23529411764705888,excluded_by_both,True,True,True,False,False,unassigned,125,envelope_plateau,envelope_plateau_v1,frozen_llm_scipy_find_peaks,True,True,False,43464,43464,43464,43465,43465,43467,43481,43481,43481,18
bidmc-23-fg-0150,23,150,featuregraph_only,isolated,bidmc-23-burst-019,1,149,151,47251.0,378.008,47257.0,378.056,47258.0,378.064,47357,378.856,100.0,0.8,1.856,0.007819999999999994,0.2857142857142857,excluded_by_both,True,True,True,False,False,unassigned,125,envelope_plateau,envelope_plateau_v1,frozen_llm_scipy_find_peaks,True,True,False,47251,47251,47251,47257,47257,47257,47258,47258,47258,19
bidmc-23-fg-0153,23,153,featuregraph_only,isolated,bidmc-23-burst-020,1,152,154,48085.0,384.68,48090.0,384.72,48094.0,384.752,48191,385.528,101.0,0.808,1.88,0.0048900000000000055,0.8888888888888888,excluded_by_both,True,True,True,False,False,unassigned,125,envelope_plateau,envelope_plateau_v1,frozen_llm_scipy_find_peaks,True,True,False,48085,48085,48085,48089,48089,48091,48094,48094,48094,20
bidmc-23-fg-0158,23,158,featuregraph_only,isolated,bidmc-23-burst-021,1,157,159,49670.0,397.36,49751.0,398.008,49756.0,398.048,49853,398.824,102.0,0.816,1.856,0.24828999999999998,0.11627906976744184,excluded_by_both,True,True,True,False,False,unassigned,125,envelope_plateau,envelope_plateau_v1,frozen_llm_scipy_find_peaks,True,True,False,49670,49670,49670,49750,49750,49753,49757,49756,49757,21
bidmc-23-fg-0161,23,161,featuregraph_only,isolated,bidmc-23-burst-022,1,160,162,50583.0,404.664,50587.0,404.696,50590.0,404.72,50687,405.496,100.0,0.8,1.856,0.00488999999999995,0.8571428571428572,excluded_by_both,True,True,True,False,False,unassigned,125,envelope_plateau,envelope_plateau_v1,frozen_llm_scipy_find_peaks,True,True,False,50583,50583,50583,50587,50587,50587,50590,50590,50590,22
bidmc-23-fg-0164,23,164,featuregraph_only,isolated,bidmc-23-burst-023,1,163,165,51412.0,411.296,51421.0,411.368,51423.0,411.384,51522,412.176,101.0,0.808,1.888,0.017600000000000005,0.36363636363636365,excluded_by_both,True,True,True,False,False,unassigned,125,envelope_plateau,envelope_plateau_v1,frozen_llm_scipy_find_peaks,True,True,False,51412,51412,51412,51420,51420,51422,51423,51423,51423,23
bidmc-23-fg-0167,23,167,featuregraph_only,isolated,bidmc-23-burst-024,1,166,168,52249.0,417.992,52255.0,418.04,52258.0,418.064,52355,418.84,100.0,0.8,1.88,0.009780000000000011,0.6666666666666667,excluded_by_both,True,True,True,False,False,unassigned,125,envelope_plateau,envelope_plateau_v1,frozen_llm_scipy_find_peaks,True,True,False,52249,52249,52249,52255,52255,52255,52258,52258,52258,24
bidmc-23-fg-0170,23,170,featuregraph_only,isolated,bidmc-23-burst-025,1,169,171,53084.0,424.672,53088.0,424.704,53091.0,424.728,53189,425.512,101.0,0.808,1.856,0.003910000000000025,0.8571428571428572,excluded_by_both,True,True,True,False,False,unassigned,125,envelope_plateau,envelope_plateau_v1,frozen_llm_scipy_find_peaks,True,True,False,53084,53084,53084,53087,53087,53089,53091,53091,53091,25
bidmc-23-fg-0173,23,173,featuregraph_only,isolated,bidmc-23-burst-026,1,172,174,53902.0,431.216,53907.0,431.256,53910.0,431.28,54007,432.056,100.0,0.8,1.824,0.003910000000000025,0.75,excluded_by_both,True,True,True,False,False,unassigned,125,envelope_plateau,envelope_plateau_v1,frozen_llm_scipy_find_peaks,True,True,False,53903,53902,53903,53907,53907,53907,53910,53910,53910,26
bidmc-23-fg-0178,23,178,featuregraph_only,isolated,bidmc-23-burst-027,1,177,179,55573.0,444.584,55577.0,444.616,55585.0,444.68,55677,445.416,100.0,0.8,1.824,0.02248,0.6666666666666667,excluded_by_both,True,True,True,False,False,unassigned,125,envelope_plateau,envelope_plateau_v1,frozen_llm_scipy_find_peaks,True,True,False,55573,55573,55573,55577,55577,55577,55585,55585,55585,27
bidmc-23-fg-0181,23,181,featuregraph_only,isolated,bidmc-23-burst-028,1,180,182,56403.0,451.224,56415.0,451.32,56422.0,451.376,56516,452.128,101.0,0.808,1.84,0.026390000000000025,0.736842105263158,excluded_by_both,True,True,True,False,False,unassigned,125,envelope_plateau,envelope_plateau_v1,frozen_llm_scipy_find_peaks,True,True,False,56403,56403,56403,56415,56415,56416,56422,56422,56422,28
bidmc-23-fg-0184,23,184,featuregraph_only,isolated,bidmc-23-burst-029,1,183,185,57239.0,457.912,57243.0,457.944,57250.0,458.0,57344,458.752,101.0,0.808,1.824,0.009770000000000001,0.7272727272727273,excluded_by_both,True,True,True,False,False,unassigned,125,envelope_plateau,envelope_plateau_v1,frozen_llm_scipy_find_peaks,True,True,False,57239,57239,57239,57242,57242,57244,57250,57250,57250,29
bidmc-23-fg-0187,23,187,featuregraph_only,isolated,bidmc-23-burst-030,1,186,188,58083.0,464.664,58090.0,464.72,58092.0,464.736,58191,465.528,101.0,0.808,1.872,0.010760000000000047,0.4444444444444444,excluded_by_both,True,True,True,False,False,unassigned,125,envelope_plateau,envelope_plateau_v1,frozen_llm_scipy_find_peaks,True,True,False,58083,58083,58083,58089,58089,58091,58092,58092,58092,30
bidmc-23-fg-0190,23,190,featuregraph_only,isolated,bidmc-23-burst-031,1,189,191,58915.0,471.32,58929.0,471.432,58931.0,471.448,59029,472.232,100.0,0.8,1.904,0.04691999999999996,0.25,excluded_by_both,True,True,True,False,False,unassigned,125,envelope_plateau,envelope_plateau_v1,frozen_llm_scipy_find_peaks,True,True,False,58915,58915,58915,58929,58929,58929,58931,58931,58931,31
bidmc-25-fg-0001,25,1,featuregraph_only,isolated,bidmc-25-burst-001,1,0,2,308.0,2.464,312.0,2.496,345.0,2.76,415,3.32,103.0,0.824,,0.03667500000000001,0.21621621621621623,excluded_by_both,True,True,True,False,False,unassigned,125,envelope_plateau,envelope_plateau_v1,frozen_llm_scipy_find_peaks,True,True,False,308,308,308,309,309,315,345,345,345,1
bidmc-25-fg-0018,25,18,featuregraph_only,isolated,bidmc-25-burst-002,1,17,19,8146.0,65.168,8154.0,65.232,8190.0,65.52,8256,66.048,102.0,0.816,2.488,0.044009999999999994,0.36363636363636365,excluded_by_both,True,True,True,False,False,unassigned,125,envelope_plateau,envelope_plateau_v1,frozen_llm_scipy_find_peaks,True,True,False,8147,8145,8147,8153,8153,8156,8190,8190,8190,2
bidmc-25-fg-0100,25,100,featuregraph_only,burst,bidmc-25-burst-003,30,99,101,45466.0,363.728,45619.0,364.952,45631.0,365.048,45729,365.832,110.0,0.88,3.728,2.2885,0.1454545454545455,excluded_by_both,True,True,True,False,False,unassigned,125,envelope_plateau,envelope_plateau_v1,frozen_llm_scipy_find_peaks,True,True,False,45467,45466,45467,45609,45609,45629,45632,45631,45632,3
bidmc-25-fg-0101,25,101,featuregraph_only,burst,bidmc-25-burst-003,30,100,102,45631.0,365.048,45633.0,365.064,45635.0,365.08,45734,365.872,101.0,0.808,0.112,0.2518,1.0,excluded_by_both,True,True,True,False,False,unassigned,125,envelope_plateau,envelope_plateau_v1,frozen_llm_scipy_find_peaks,True,True,False,45632,45631,45632,45633,45633,45634,45636,45635,45636,3
bidmc-25-fg-0102,25,102,featuregraph_only,burst,bidmc-25-burst-003,30,101,103,45635.0,365.08,45637.0,365.096,45638.0,365.104,45737,365.896,100.0,0.8,0.032,0.1907000000000001,0.6666666666666667,excluded_by_both,True,True,True,False,False,unassigned,125,envelope_plateau,envelope_plateau_v1,frozen_llm_scipy_find_peaks,True,True,False,45636,45635,45636,45637,45637,45637,45639,45638,45639,3
bidmc-25-fg-0103,25,103,featuregraph_only,burst,bidmc-25-burst-003,30,102,104,45638.0,365.104,45640.0,365.12,45641.0,365.128,45740,365.92,100.0,0.8,0.024,0.17603999999999997,0.6666666666666667,excluded_by_both,True,True,True,False,False,unassigned,125,envelope_plateau,envelope_plateau_v1,frozen_llm_scipy_find_peaks,True,True,False,45639,45638,45639,45640,45640,45640,45642,45641,45642,3
bidmc-25-fg-0104,25,104,featuregraph_only,burst,bidmc-25-burst-003,30,103,105,45641.0,365.128,45643.0,365.144,45645.0,365.16,45744,365.952,101.0,0.808,0.024,0.28362000000000004,1.0,excluded_by_both,True,True,True,False,False,unassigned,125,envelope_plateau,envelope_plateau_v1,frozen_llm_scipy_find_peaks,True,True,False,45642,45641,45642,45643,45643,45644,45646,45645,45646,3
bidmc-25-fg-0105,25,105,featuregraph_only,burst,bidmc-25-burst-003,30,104,106,45645.0,365.16,45647.0,365.176,45648.0,365.184,45747,365.976,100.0,0.8,0.032,0.17115,0.6666666666666667,excluded_by_both,True,True,True,False,False,unassigned,125,envelope_plateau,envelope_plateau_v1,frozen_llm_scipy_find_peaks,True,True,False,45646,45645,45646,45647,45647,45647,45649,45648,45649,3
bidmc-25-fg-0106,25,106,featuregraph_only,burst,bidmc-25-burst-003,30,105,107,45648.0,365.184,45650.0,365.2,45651.0,365.208,45750,366.0,100.0,0.8,0.024,0.132025,0.6666666666666667,excluded_by_both,True,True,True,False,False,unassigned,125,envelope_plateau,envelope_plateau_v1,frozen_llm_scipy_find_peaks,True,True,False,45649,45648,45649,45650,45650,45650,45652,45651,45652,3
bidmc-25-fg-0107,25,107,featuregraph_only,burst,bidmc-25-burst-003,30,106,108,45651.0,365.208,45653.0,365.224,45655.0,365.24,45754,366.032,101.0,0.808,0.024,0.129585,1.0,excluded_by_both,True,True,True,False,False,unassigned,125,envelope_plateau,envelope_plateau_v1,frozen_llm_scipy_find_peaks,True,True,False,45652,45651,45652,45653,45653,45654,45656,45655,45656,3
bidmc-25-fg-0108,25,108,featuregraph_only,burst,bidmc-25-burst-003,30,107,109,45655.0,365.24,45657.0,365.256,45658.0,365.264,45757,366.056,100.0,0.8,0.032,0.0489,0.6666666666666667,excluded_by_both,True,True,True,False,False,unassigned,125,envelope_plateau,envelope_plateau_v1,frozen_llm_scipy_find_peaks,True,True,False,45656,45655,45656,45657,45657,45657,45659,45658,45659,3
bidmc-25-fg-0109,25,109,featuregraph_only,burst,bidmc-25-burst-003,30,108,110,45658.0,365.264,45660.0,365.28,45662.0,365.296,45760,366.08,100.0,0.8,0.024,0.03422999999999998,1.0,excluded_by_both,True,True,True,False,False,unassigned,125,envelope_plateau,envelope_plateau_v1,frozen_llm_scipy_find_peaks,True,True,False,45659,45658,45659,45660,45660,45660,45663,45661,45663,3
bidmc-25-fg-0110,25,110,featuregraph_only,burst,bidmc-25-burst-003,30,109,111,45662.0,365.296,45664.0,365.312,45665.0,365.32,45764,366.112,100.0,0.8,0.032,0.01711999999999997,0.6666666666666667,excluded_by_both,True,True,True,False,False,unassigned,125,envelope_plateau,envelope_plateau_v1,frozen_llm_scipy_find_peaks,True,True,False,45663,45661,45663,45664,45664,45664,45666,45665,45666,3
bidmc-25-fg-0111,25,111,featuregraph_only,burst,bidmc-25-burst-003,30,110,112,45665.0,365.32,45667.0,365.336,45668.0,365.344,45767,366.136,100.0,0.8,0.024,0.04646,0.6666666666666667,excluded_by_both,True,True,True,False,False,unassigned,125,envelope_plateau,envelope_plateau_v1,frozen_llm_scipy_find_peaks,True,True,False,45666,45665,45666,45667,45667,45667,45669,45668,45669,3
bidmc-25-fg-0112,25,112,featuregraph_only,burst,bidmc-25-burst-003,30,111,113,45668.0,365.344,45670.0,365.36,45672.0,365.376,45771,366.168,101.0,0.808,0.024,0.10269,1.0,excluded_by_both,True,True,True,False,False,unassigned,125,envelope_plateau,envelope_plateau_v1,frozen_llm_scipy_find_peaks,True,True,False,45669,45668,45669,45670,45670,45671,45673,45672,45673,3
bidmc-25-fg-0113,25,113,featuregraph_only,burst,bidmc-25-burst-003,30,112,114,45672.0,365.376,45674.0,365.392,45675.0,365.4,45774,366.192,100.0,0.8,0.032,0.11490999999999996,0.6666666666666667,excluded_by_both,True,True,True,False,False,unassigned,125,envelope_plateau,envelope_plateau_v1,frozen_llm_scipy_find_peaks,True,True,False,45673,45672,45673,45674,45674,45674,45676,45675,45676,3
bidmc-25-fg-0114,25,114,featuregraph_only,burst,bidmc-25-burst-003,30,113,115,45675.0,365.4,45677.0,365.416,45678.0,365.424,45777,366.216,100.0,0.8,0.024,0.03178000000000003,0.6666666666666667,excluded_by_both,True,True,True,False,False,unassigned,125,envelope_plateau,envelope_plateau_v1,frozen_llm_scipy_find_peaks,True,True,False,45676,45675,45676,45677,45677,45677,45679,45678,45679,3
bidmc-25-fg-0115,25,115,featuregraph_only,burst,bidmc-25-burst-003,30,114,116,45678.0,365.424,45680.0,365.44,45682.0,365.456,45781,366.248,101.0,0.808,0.024,0.0,1.0,excluded_by_both,True,True,True,False,False,unassigned,125,envelope_plateau,envelope_plateau_v1,frozen_llm_scipy_find_peaks,True,True,False,45679,45678,45679,45680,45680,45681,45683,45682,45683,3
bidmc-25-fg-0116,25,116,featuregraph_only,burst,bidmc-25-burst-003,30,115,117,45682.0,365.456,45684.0,365.472,45685.0,365.48,45784,366.272,100.0,0.8,0.032,0.0,0.6666666666666667,excluded_by_both,True,True,True,False,False,unassigned,125,envelope_plateau,envelope_plateau_v1,frozen_llm_scipy_find_peaks,True,True,False,45683,45682,45683,45684,45684,45684,45686,45685,45686,3
bidmc-25-fg-0117,25,117,featuregraph_only,burst,bidmc-25-burst-003,30,116,118,45685.0,365.48,45687.0,365.496,45689.0,365.512,45787,366.296,100.0,0.8,0.024,0.0,1.0,excluded_by_both,True,True,True,False,False,unassigned,125,envelope_plateau,envelope_plateau_v1,frozen_llm_scipy_find_peaks,True,True,False,45686,45685,45686,45687,45687,45687,45690,45688,45690,3
bidmc-25-fg-0118,25,118,featuregraph_only,burst,bidmc-25-burst-003,30,117,119,45689.0,365.512,45691.0,365.528,45692.0,365.536,45791,366.328,100.0,0.8,0.032,0.0,0.6666666666666667,excluded_by_both,True,True,True,False,False,unassigned,125,envelope_plateau,envelope_plateau_v1,frozen_llm_scipy_find_peaks,True,True,False,45690,45688,45690,45691,45691,45691,45693,45692,45693,3
bidmc-25-fg-0119,25,119,featuregraph_only,burst,bidmc-25-burst-003,30,118,120,45692.0,365.536,45694.0,365.552,45695.0,365.56,45794,366.352,100.0,0.8,0.024,0.0,0.6666666666666667,excluded_by_both,True,True,True,False,False,unassigned,125,envelope_plateau,envelope_plateau_v1,frozen_llm_scipy_find_peaks,True,True,False,45693,45692,45693,45694,45694,45694,45696,45695,45696,3
bidmc-25-fg-0120,25,120,featuregraph_only,burst,bidmc-25-burst-003,30,119,121,45695.0,365.56,45697.0,365.576,45699.0,365.592,45798,366.384,101.0,0.808,0.024,0.0,1.0,excluded_by_both,True,True,True,False,False,unassigned,125,envelope_plateau,envelope_plateau_v1,frozen_llm_scipy_find_peaks,True,True,False,45696,45695,45696,45697,45697,45698,45700,45699,45700,3
bidmc-25-fg-0121,25,121,featuregraph_only,burst,bidmc-25-burst-003,30,120,122,45699.0,365.592,45701.0,365.608,45702.0,365.616,45801,366.408,100.0,0.8,0.032,0.0,0.6666666666666667,excluded_by_both,True,True,True,False,False,unassigned,125,envelope_plateau,envelope_plateau_v1,frozen_llm_scipy_find_peaks,True,True,False,45700,45699,45700,45701,45701,45701,45703,45702,45703,3
bidmc-25-fg-0122,25,122,featuregraph_only,burst,bidmc-25-burst-003,30,121,123,45702.0,365.616,45704.0,365.632,45705.0,365.64,45804,366.432,100.0,0.8,0.024,0.0,0.6666666666666667,excluded_by_both,True,True,True,False,False,unassigned,125,envelope_plateau,envelope_plateau_v1,frozen_llm_scipy_find_peaks,True,True,False,45703,45702,45703,45704,45704,45704,45706,45705,45706,3
bidmc-25-fg-0123,25,123,featuregraph_only,burst,bidmc-25-burst-003,30,122,124,45705.0,365.64,45707.0,365.656,45709.0,365.672,45808,366.464,101.0,0.808,0.024,0.25183,1.0,excluded_by_both,True,True,True,False,False,unassigned,125,envelope_plateau,envelope_plateau_v1,frozen_llm_scipy_find_peaks,True,True,False,45706,45705,45706,45707,45707,45708,45710,45709,45710,3
bidmc-25-fg-0124,25,124,featuregraph_only,burst,bidmc-25-burst-003,30,123,125,45709.0,365.672,45711.0,365.688,45712.0,365.696,45811,366.488,100.0,0.8,0.032,0.19560000000000002,0.6666666666666667,excluded_by_both,True,True,True,False,False,unassigned,125,envelope_plateau,envelope_plateau_v1,frozen_llm_scipy_find_peaks,True,True,False,45710,45709,45710,45711,45711,45711,45713,45712,45713,3
bidmc-25-fg-0125,25,125,featuregraph_only,burst,bidmc-25-burst-003,30,124,126,45712.0,365.696,45714.0,365.712,45715.0,365.72,45814,366.512,100.0,0.8,0.024,0.20293,0.6666666666666667,excluded_by_both,True,True,True,False,False,unassigned,125,envelope_plateau,envelope_plateau_v1,frozen_llm_scipy_find_peaks,True,True,False,45713,45712,45713,45714,45714,45714,45716,45715,45716,3
bidmc-25-fg-0126,25,126,featuregraph_only,burst,bidmc-25-burst-003,30,125,127,45715.0,365.72,45717.0,365.736,45719.0,365.752,45818,366.544,101.0,0.808,0.024,0.30562,1.0,excluded_by_both,True,True,True,False,False,unassigned,125,envelope_plateau,envelope_plateau_v1,frozen_llm_scipy_find_peaks,True,True,False,45716,45715,45716,45717,45717,45718,45720,45719,45720,3
bidmc-25-fg-0127,25,127,featuregraph_only,burst,bidmc-25-burst-003,30,126,128,45719.0,365.752,45721.0,365.768,45722.0,365.776,45821,366.568,100.0,0.8,0.032,0.1956,0.6666666666666667,excluded_by_both,True,True,True,False,False,unassigned,125,envelope_plateau,envelope_plateau_v1,frozen_llm_scipy_find_peaks,True,True,False,45720,45719,45720,45721,45721,45721,45723,45722,45723,3
bidmc-25-fg-0128,25,128,featuregraph_only,burst,bidmc-25-burst-003,30,127,129,45722.0,365.776,45724.0,365.792,45726.0,365.808,45824,366.592,100.0,0.8,0.024,0.3325500000000001,1.0,excluded_by_both,True,True,True,False,False,unassigned,125,envelope_plateau,envelope_plateau_v1,frozen_llm_scipy_find_peaks,True,True,False,45723,45722,45723,45724,45724,45724,45727,45725,45727,3
bidmc-25-fg-0129,25,129,featuregraph_only,burst,bidmc-25-burst-003,30,128,130,45726.0,365.808,45728.0,365.824,45729.0,365.832,45828,366.624,100.0,0.8,0.032,0.11249999999999982,0.6666666666666667,excluded_by_both,True,True,True,False,False,unassigned,125,envelope_plateau,envelope_plateau_v1,frozen_llm_scipy_find_peaks,True,True,False,45727,45725,45727,45728,45728,45728,45729,45729,45729,3
bidmc-26-fg-0010,26,10,featuregraph_only,isolated,bidmc-26-burst-001,1,9,11,3621.0,28.968,3636.0,29.088,3741.0,29.928,3737,29.896,101.0,0.808,2.0,0.41056,0.25,excluded_by_both,True,True,True,False,False,unassigned,125,envelope_plateau,envelope_plateau_v1,frozen_llm_scipy_find_peaks,True,True,False,3621,3621,3621,3635,3635,3637,3741,3741,3741,1
bidmc-26-fg-0018,26,18,featuregraph_only,isolated,bidmc-26-burst-002,1,17,19,6572.0,52.576,6586.0,52.688,6725.0,53.8,6687,53.496,101.0,0.808,1.344,0.79765,0.18300653594771243,excluded_by_both,True,True,True,False,False,unassigned,125,envelope_plateau,envelope_plateau_v1,frozen_llm_scipy_find_peaks,True,True,False,6572,6572,6572,6585,6585,6587,6725,6725,6725,2
bidmc-26-fg-0021,26,21,featuregraph_only,isolated,bidmc-26-burst-003,1,20,22,7541.0,60.328,7842.0,62.736,8259.0,66.072,8099,64.792,257.0,2.056,4.048,1.0,0.8384401114206128,excluded_by_both,True,True,True,False,False,unassigned,125,envelope_plateau,envelope_plateau_v1,frozen_llm_scipy_find_peaks,True,True,False,7542,7541,7542,7685,7685,7999,8259,8259,8259,3
bidmc-26-fg-0031,26,31,featuregraph_only,isolated,bidmc-26-burst-004,1,30,32,11489.0,91.912,11510.0,92.08,11659.0,93.272,11611,92.888,101.0,0.808,1.328,0.61193,0.24705882352941178,excluded_by_ann2,False,True,False,True,False,unassigned,125,envelope_plateau,envelope_plateau_v1,frozen_llm_scipy_find_peaks,True,True,False,11490,11489,11490,11509,11509,11511,11659,11659,11659,4
bidmc-26-fg-0043,26,43,featuregraph_only,isolated,bidmc-26-burst-005,1,42,44,16108.0,128.864,16141.0,129.128,16190.0,129.52,16243,129.944,102.0,0.816,2.288,0.19355,0.8048780487804879,excluded_by_both,True,True,True,False,False,unassigned,125,envelope_plateau,envelope_plateau_v1,frozen_llm_scipy_find_peaks,True,True,False,16108,16108,16108,16139,16139,16143,16190,16190,16190,5
bidmc-26-fg-0045,26,45,featuregraph_only,isolated,bidmc-26-burst-006,1,44,46,16524.0,132.192,16554.0,132.432,16600.0,132.8,16656,133.248,102.0,0.816,1.648,0.18474999999999997,0.7894736842105263,excluded_by_both,True,True,True,False,False,unassigned,125,envelope_plateau,envelope_plateau_v1,frozen_llm_scipy_find_peaks,True,True,False,16524,16524,16524,16553,16553,16556,16601,16600,16601,6
bidmc-26-fg-0054,26,54,featuregraph_only,isolated,bidmc-26-burst-007,1,53,55,19585.0,156.68,19697.0,157.576,19920.0,159.36,19798,158.384,101.0,0.808,1.048,0.66178,0.6686567164179105,retained_by_both,False,False,False,True,False,unassigned,125,envelope_plateau,envelope_plateau_v1,frozen_llm_scipy_find_peaks,True,True,False,19585,19585,19585,19696,19696,19698,19920,19920,19920,7
bidmc-26-fg-0066,26,66,featuregraph_only,isolated,bidmc-26-burst-008,1,65,67,24457.0,195.656,24648.0,197.184,24904.0,199.232,24817,198.536,169.0,1.352,2.88,1.0,0.854586129753915,retained_by_both,False,False,False,True,False,unassigned,125,envelope_plateau,envelope_plateau_v1,frozen_llm_scipy_find_peaks,True,True,False,24457,24457,24457,24579,24579,24717,24904,24904,24904,8
bidmc-26-fg-0074,26,74,featuregraph_only,burst,bidmc-26-burst-009,2,73,75,27681.0,221.448,27702.0,221.616,27777.0,222.216,27803,222.424,101.0,0.808,1.744,0.17986000000000002,0.4375,excluded_by_both,True,True,True,False,False,unassigned,125,envelope_plateau,envelope_plateau_v1,frozen_llm_scipy_find_peaks,True,True,False,27681,27681,27681,27702,27702,27703,27777,27777,27777,9
bidmc-26-fg-0075,26,75,featuregraph_only,burst,bidmc-26-burst-009,2,74,76,27777.0,222.216,27947.0,223.576,28145.0,225.16,28101,224.808,154.0,1.232,1.96,0.8514200000000001,0.9239130434782609,retained_by_both,False,False,False,True,False,unassigned,125,envelope_plateau,envelope_plateau_v1,frozen_llm_scipy_find_peaks,True,True,False,27777,27777,27777,27893,27893,28001,28145,28145,28145,9
bidmc-26-fg-0078,26,78,featuregraph_only,burst,bidmc-26-burst-010,3,77,79,28855.0,230.84,29049.0,232.392,29304.0,234.432,29187,233.496,138.0,1.104,3.104,1.0,0.8641425389755011,retained_by_both,False,False,False,True,False,unassigned,125,envelope_plateau,envelope_plateau_v1,frozen_llm_scipy_find_peaks,True,True,False,28855,28855,28855,29011,29011,29087,29304,29304,29304,10
bidmc-26-fg-0079,26,79,featuregraph_only,burst,bidmc-26-burst-010,3,78,80,29304.0,234.432,29468.0,235.744,29684.0,237.472,29601,236.808,133.0,1.064,3.352,1.0,0.8631578947368421,retained_by_both,False,False,False,True,False,unassigned,125,envelope_plateau,envelope_plateau_v1,frozen_llm_scipy_find_peaks,True,True,False,29304,29304,29304,29435,29435,29501,29684,29684,29684,10
bidmc-26-fg-0080,26,80,featuregraph_only,burst,bidmc-26-burst-010,3,79,81,29684.0,237.472,29766.0,238.128,29770.0,238.16,29867,238.936,101.0,0.808,2.384,0.09775,0.09302325581395354,excluded_by_both,True,True,True,False,False,unassigned,125,envelope_plateau,envelope_plateau_v1,frozen_llm_scipy_find_peaks,True,True,False,29684,29684,29684,29765,29765,29767,29770,29770,29770,10
bidmc-26-fg-0099,26,99,featuregraph_only,isolated,bidmc-26-burst-011,1,98,100,38401.0,307.208,38450.0,307.6,38481.0,307.848,38551,308.408,101.0,0.808,2.968,0.04887,0.775,excluded_by_both,True,True,True,False,False,unassigned,125,envelope_plateau,envelope_plateau_v1,frozen_llm_scipy_find_peaks,True,True,False,38401,38401,38401,38449,38449,38451,38481,38481,38481,11
bidmc-26-fg-0101,26,101,featuregraph_only,isolated,bidmc-26-burst-012,1,100,102,38965.0,311.72,39080.0,312.64,39106.0,312.848,39181,313.448,101.0,0.808,3.408,0.11827999999999997,0.36879432624113473,excluded_by_both,True,True,True,False,False,unassigned,125,envelope_plateau,envelope_plateau_v1,frozen_llm_scipy_find_peaks,True,True,False,38965,38965,38965,39079,39079,39081,39106,39106,39106,12
bidmc-26-fg-0103,26,103,featuregraph_only,isolated,bidmc-26-burst-013,1,102,104,39567.0,316.536,39605.0,316.84,39617.0,316.936,39705,317.64,100.0,0.8,2.592,0.03616999999999998,0.48,excluded_by_both,True,True,True,False,False,unassigned,125,envelope_plateau,envelope_plateau_v1,frozen_llm_scipy_find_peaks,True,True,False,39568,39567,39568,39605,39605,39605,39617,39617,39617,13
bidmc-26-fg-0127,26,127,featuregraph_only,isolated,bidmc-26-burst-014,1,126,128,49656.0,397.248,49805.0,398.44,49860.0,398.88,49906,399.248,101.0,0.808,4.216,0.07429,0.5392156862745099,excluded_by_both,True,True,True,False,False,unassigned,125,envelope_plateau,envelope_plateau_v1,frozen_llm_scipy_find_peaks,True,True,False,49656,49656,49656,49804,49804,49806,49860,49860,49860,14
bidmc-26-fg-0130,26,130,featuregraph_only,isolated,bidmc-26-burst-015,1,129,131,50672.0,405.376,50696.0,405.568,50819.0,406.552,50797,406.376,101.0,0.808,2.848,0.14369,0.326530612244898,excluded_by_both,True,True,True,False,False,unassigned,125,envelope_plateau,envelope_plateau_v1,frozen_llm_scipy_find_peaks,True,True,False,50672,50672,50672,50695,50695,50697,50820,50819,50820,15
bidmc-26-fg-0132,26,132,featuregraph_only,isolated,bidmc-26-burst-016,1,131,133,51394.0,411.152,51447.0,411.576,51503.0,412.024,51548,412.384,101.0,0.808,3.256,0.29228,0.9724770642201834,excluded_by_both,True,True,True,False,False,unassigned,125,envelope_plateau,envelope_plateau_v1,frozen_llm_scipy_find_peaks,True,True,False,51394,51394,51394,51446,51446,51448,51503,51503,51503,16
bidmc-26-fg-0134,26,134,featuregraph_only,isolated,bidmc-26-burst-017,1,133,135,51772.0,414.176,51803.0,414.424,51914.0,415.312,51903,415.224,100.0,0.8,1.136,0.58358,0.43661971830985913,excluded_by_both,True,True,True,False,False,unassigned,125,envelope_plateau,envelope_plateau_v1,frozen_llm_scipy_find_peaks,True,True,False,51772,51772,51772,51803,51803,51803,51914,51914,51914,17
bidmc-26-fg-0136,26,136,featuregraph_only,isolated,bidmc-26-burst-018,1,135,137,52167.0,417.336,52192.0,417.536,52319.0,418.552,52293,418.344,101.0,0.808,1.28,0.67742,0.32894736842105265,excluded_by_both,True,True,True,False,False,unassigned,125,envelope_plateau,envelope_plateau_v1,frozen_llm_scipy_find_peaks,True,True,False,52167,52167,52167,52191,52191,52193,52319,52319,52319,18
bidmc-26-fg-0139,26,139,featuregraph_only,isolated,bidmc-26-burst-019,1,138,140,53057.0,424.456,53063.0,424.504,53187.0,425.496,53165,425.32,102.0,0.816,1.2,0.82502,0.09230769230769231,excluded_by_both,True,True,True,False,False,unassigned,125,envelope_plateau,envelope_plateau_v1,frozen_llm_scipy_find_peaks,True,True,False,53057,53057,53057,53062,53062,53065,53187,53187,53187,19
bidmc-26-fg-0150,26,150,featuregraph_only,isolated,bidmc-26-burst-020,1,149,151,57456.0,459.648,57652.0,461.216,57887.0,463.096,57753,462.024,101.0,0.808,3.32,0.698925,0.9095127610208816,retained_by_both,False,False,False,True,False,unassigned,125,envelope_plateau,envelope_plateau_v1,frozen_llm_scipy_find_peaks,True,True,False,57456,57456,57456,57651,57651,57653,57887,57887,57887,20
bidmc-26-fg-0155,26,155,featuregraph_only,isolated,bidmc-26-burst-021,1,154,156,59590.0,476.72,59732.0,477.856,59878.0,479.024,59871,478.968,139.0,1.112,2.504,1.0,0.9861111111111112,retained_by_both,False,False,False,True,False,unassigned,125,envelope_plateau,envelope_plateau_v1,frozen_llm_scipy_find_peaks,True,True,False,59590,59590,59590,59693,59693,59771,59878,59878,59878,21
bidmc-27-fg-0001,27,1,featuregraph_only,isolated,bidmc-27-burst-001,1,0,2,98.0,0.784,380.0,3.04,629.0,5.032,481,3.848,101.0,0.808,,0.28932,0.9378531073446328,retained_by_both,False,False,False,True,False,unassigned,125,envelope_plateau,envelope_plateau_v1,frozen_llm_scipy_find_peaks,True,True,False,98,98,98,379,379,381,629,629,629,1
bidmc-27-fg-0009,27,9,featuregraph_only,burst,bidmc-27-burst-002,2,8,10,5232.0,41.856,5624.0,44.992,5924.0,47.392,5734,45.872,110.0,0.88,5.496,0.267959,0.8670520231213873,excluded_by_ann1,True,False,False,True,False,unassigned,125,envelope_plateau,envelope_plateau_v1,frozen_llm_scipy_find_peaks,True,True,False,5233,5232,5233,5615,5615,5634,5925,5924,5925,2
bidmc-27-fg-0010,27,10,featuregraph_only,burst,bidmc-27-burst-002,2,9,11,5924.0,47.392,6313.0,50.504,6610.0,52.88,6415,51.32,102.0,0.816,5.512,0.28543999999999997,0.8658892128279884,excluded_by_ann2,False,True,False,True,False,unassigned,125,envelope_plateau,envelope_plateau_v1,frozen_llm_scipy_find_peaks,True,True,False,5925,5924,5925,6311,6311,6315,6611,6610,6611,2
bidmc-27-fg-0015,27,15,featuregraph_only,isolated,bidmc-27-burst-003,1,14,16,9413.0,75.304,9641.0,77.128,9649.0,77.192,9743,77.944,102.0,0.816,3.984,0.219422,0.06779661016949157,excluded_by_both,True,True,True,False,False,unassigned,125,envelope_plateau,envelope_plateau_v1,frozen_llm_scipy_find_peaks,True,True,False,9413,9413,9413,9639,9639,9643,9650,9649,9650,3
bidmc-27-fg-0018,27,18,featuregraph_only,isolated,bidmc-27-burst-004,1,17,19,10744.0,85.952,10975.0,87.8,11011.0,88.088,11079,88.632,104.0,0.832,4.264,0.205822,0.2696629213483146,excluded_by_both,True,True,True,False,False,unassigned,125,envelope_plateau,envelope_plateau_v1,frozen_llm_scipy_find_peaks,True,True,False,10744,10744,10744,10971,10971,10979,11011,11011,11011,4
bidmc-27-fg-0023,27,23,featuregraph_only,isolated,bidmc-27-burst-005,1,22,24,13486.0,107.888,13939.0,111.512,14199.0,113.592,14043,112.344,104.0,0.832,6.08,0.27961,0.729312762973352,excluded_by_ann1,True,False,False,True,False,unassigned,125,envelope_plateau,envelope_plateau_v1,frozen_llm_scipy_find_peaks,True,True,False,13487,13486,13487,13935,13935,13943,14199,14199,14199,5
bidmc-27-fg-0028,27,28,featuregraph_only,burst,bidmc-27-burst-006,3,27,29,17055.0,136.44,17291.0,138.328,17309.0,138.472,17391,139.128,100.0,0.8,3.696,0.141747,0.1417322834645669,excluded_by_both,True,True,True,False,False,unassigned,125,envelope_plateau,envelope_plateau_v1,frozen_llm_scipy_find_peaks,True,True,False,17056,17055,17056,17291,17291,17291,17310,17309,17310,6
bidmc-27-fg-0029,27,29,featuregraph_only,burst,bidmc-27-burst-006,3,28,30,17309.0,138.472,17486.0,139.888,17757.0,142.056,17645,141.16,159.0,1.272,1.56,0.203884,0.7901785714285714,retained_by_both,False,False,False,True,False,unassigned,125,envelope_plateau,envelope_plateau_v1,frozen_llm_scipy_find_peaks,True,True,False,17310,17309,17310,17428,17428,17545,17757,17757,17757,6
bidmc-27-fg-0030,27,30,featuregraph_only,burst,bidmc-27-burst-006,3,29,31,17757.0,142.056,17944.0,143.552,18050.0,144.4,18047,144.376,103.0,0.824,3.664,0.145631,0.7235494880546075,excluded_by_both,True,True,True,False,False,unassigned,125,envelope_plateau,envelope_plateau_v1,frozen_llm_scipy_find_peaks,True,True,False,17757,17757,17757,17941,17941,17947,18051,18050,18051,6
bidmc-27-fg-0032,27,32,featuregraph_only,isolated,bidmc-27-burst-007,1,31,33,18442.0,147.536,18653.0,149.224,18694.0,149.552,18755,150.04,102.0,0.816,3.608,0.12427200000000001,0.32539682539682535,excluded_by_ann2,False,True,False,True,False,unassigned,125,envelope_plateau,envelope_plateau_v1,frozen_llm_scipy_find_peaks,True,True,False,18443,18442,18443,18651,18651,18655,18695,18693,18695,7
bidmc-27-fg-0035,27,35,featuregraph_only,isolated,bidmc-27-burst-008,1,34,36,19514.0,156.112,19619.0,156.952,19759.0,158.072,19722,157.776,103.0,0.824,1.936,0.165049,0.8571428571428572,excluded_by_both,True,True,True,False,False,unassigned,125,envelope_plateau,envelope_plateau_v1,frozen_llm_scipy_find_peaks,True,True,False,19514,19514,19514,19616,19616,19622,19760,19759,19760,8
bidmc-27-fg-0038,27,38,featuregraph_only,isolated,bidmc-27-burst-009,1,37,39,21181.0,169.448,21431.0,171.448,21504.0,172.032,21533,172.264,102.0,0.816,4.6,0.159221,0.4520123839009288,excluded_by_both,True,True,True,False,False,unassigned,125,envelope_plateau,envelope_plateau_v1,frozen_llm_scipy_find_peaks,True,True,False,21182,21181,21182,21430,21430,21433,21505,21504,21505,9
bidmc-27-fg-0040,27,40,featuregraph_only,isolated,bidmc-27-burst-010,1,39,41,21797.0,174.376,21952.0,175.616,22086.0,176.688,22053,176.424,101.0,0.808,2.648,0.161162,0.9273356401384083,excluded_by_both,True,True,True,False,False,unassigned,125,envelope_plateau,envelope_plateau_v1,frozen_llm_scipy_find_peaks,True,True,False,21797,21797,21797,21951,21951,21953,22087,22086,22087,10
bidmc-27-fg-0042,27,42,featuregraph_only,burst,bidmc-27-burst-011,9,41,43,22433.0,179.464,22663.0,181.304,22707.0,181.656,22763,182.104,100.0,0.8,3.544,0.097087,0.3211678832116789,excluded_by_both,True,True,True,False,False,unassigned,125,envelope_plateau,envelope_plateau_v1,frozen_llm_scipy_find_peaks,True,True,False,22434,22433,22434,22663,22663,22663,22707,22707,22707,11
bidmc-27-fg-0043,27,43,featuregraph_only,burst,bidmc-27-burst-011,9,42,44,22707.0,181.656,22708.0,181.664,22709.0,181.672,22808,182.464,100.0,0.8,0.36,0.0,1.0,excluded_by_both,True,True,True,False,False,unassigned,125,envelope_plateau,envelope_plateau_v1,frozen_llm_scipy_find_peaks,True,True,False,22707,22707,22707,22708,22708,22708,22709,22709,22709,11
bidmc-27-fg-0044,27,44,featuregraph_only,burst,bidmc-27-burst-011,9,43,45,22709.0,181.672,22710.0,181.68,22711.0,181.688,22810,182.48,100.0,0.8,0.016,0.0,1.0,excluded_by_both,True,True,True,False,False,unassigned,125,envelope_plateau,envelope_plateau_v1,frozen_llm_scipy_find_peaks,True,True,False,22709,22709,22709,22710,22710,22710,22711,22711,22711,11
bidmc-27-fg-0045,27,45,featuregraph_only,burst,bidmc-27-burst-011,9,44,46,22711.0,181.688,22712.0,181.696,22713.0,181.704,22812,182.496,100.0,0.8,0.016,0.0019410000000000052,1.0,excluded_by_both,True,True,True,False,False,unassigned,125,envelope_plateau,envelope_plateau_v1,frozen_llm_scipy_find_peaks,True,True,False,22711,22711,22711,22712,22712,22712,22714,22713,22714,11
bidmc-27-fg-0046,27,46,featuregraph_only,burst,bidmc-27-burst-011,9,45,47,22713.0,181.704,22715.0,181.72,22716.0,181.728,22815,182.52,100.0,0.8,0.024,0.0,0.6666666666666667,excluded_by_both,True,True,True,False,False,unassigned,125,envelope_plateau,envelope_plateau_v1,frozen_llm_scipy_find_peaks,True,True,False,22714,22713,22714,22715,22715,22715,22716,22716,22716,11
bidmc-27-fg-0047,27,47,featuregraph_only,burst,bidmc-27-burst-011,9,46,48,22716.0,181.728,22717.0,181.736,22718.0,181.744,22817,182.536,100.0,0.8,0.016,0.0,1.0,excluded_by_both,True,True,True,False,False,unassigned,125,envelope_plateau,envelope_plateau_v1,frozen_llm_scipy_find_peaks,True,True,False,22716,22716,22716,22717,22717,22717,22718,22718,22718,11
bidmc-27-fg-0048,27,48,featuregraph_only,burst,bidmc-27-burst-011,9,47,49,22718.0,181.744,22719.0,181.752,22720.0,181.76,22819,182.552,100.0,0.8,0.016,0.0,1.0,excluded_by_both,True,True,True,False,False,unassigned,125,envelope_plateau,envelope_plateau_v1,frozen_llm_scipy_find_peaks,True,True,False,22718,22718,22718,22719,22719,22719,22720,22720,22720,11
bidmc-27-fg-0049,27,49,featuregraph_only,burst,bidmc-27-burst-011,9,48,50,22720.0,181.76,22721.0,181.768,22722.0,181.776,22821,182.568,100.0,0.8,0.016,0.0,1.0,excluded_by_both,True,True,True,False,False,unassigned,125,envelope_plateau,envelope_plateau_v1,frozen_llm_scipy_find_peaks,True,True,False,22720,22720,22720,22721,22721,22721,22722,22722,22722,11
bidmc-27-fg-0050,27,50,featuregraph_only,burst,bidmc-27-burst-011,9,49,51,22722.0,181.776,22723.0,181.784,22724.0,181.792,22823,182.584,100.0,0.8,0.016,0.0,1.0,excluded_by_both,True,True,True,False,False,unassigned,125,envelope_plateau,envelope_plateau_v1,frozen_llm_scipy_find_peaks,True,True,False,22722,22722,22722,22723,22723,22723,22724,22724,22724,11
bidmc-27-fg-0052,27,52,featuregraph_only,isolated,bidmc-27-burst-012,1,51,53,23079.0,184.632,23324.0,186.592,23364.0,186.912,23425,187.4,101.0,0.808,3.528,0.22912300000000002,0.2807017543859649,excluded_by_both,True,True,True,False,False,unassigned,125,envelope_plateau,envelope_plateau_v1,frozen_llm_scipy_find_peaks,True,True,False,23079,23079,23079,23323,23323,23325,23365,23364,23365,12
bidmc-27-fg-0054,27,54,featuregraph_only,isolated,bidmc-27-burst-013,1,53,55,23719.0,189.752,23939.0,191.512,23978.0,191.824,24041,192.328,102.0,0.816,3.672,0.201945,0.3011583011583011,excluded_by_both,True,True,True,False,False,unassigned,125,envelope_plateau,envelope_plateau_v1,frozen_llm_scipy_find_peaks,True,True,False,23719,23719,23719,23938,23938,23941,23979,23977,23979,13
bidmc-27-fg-0057,27,57,featuregraph_only,isolated,bidmc-27-burst-014,1,56,58,24722.0,197.776,24786.0,198.288,25045.0,200.36,24887,199.096,101.0,0.808,2.024,0.21942,0.39628482972136225,retained_by_both,False,False,False,True,False,unassigned,125,envelope_plateau,envelope_plateau_v1,frozen_llm_scipy_find_peaks,True,True,False,24723,24722,24723,24785,24785,24787,25045,25045,25045,14
bidmc-27-fg-0065,27,65,featuregraph_only,burst,bidmc-27-burst-015,8,64,66,28550.0,228.4,28779.0,230.232,28854.0,230.832,28881,231.048,102.0,0.816,4.16,0.24271500000000001,0.493421052631579,excluded_by_both,True,True,True,False,False,unassigned,125,envelope_plateau,envelope_plateau_v1,frozen_llm_scipy_find_peaks,True,True,False,28551,28550,28551,28778,28778,28781,28854,28854,28854,15
bidmc-27-fg-0066,27,66,featuregraph_only,burst,bidmc-27-burst-015,8,65,67,28854.0,230.832,28855.0,230.84,28857.0,230.856,28956,231.648,101.0,0.808,0.608,0.0019399999999999834,0.6666666666666667,excluded_by_both,True,True,True,False,False,unassigned,125,envelope_plateau,envelope_plateau_v1,frozen_llm_scipy_find_peaks,True,True,False,28854,28854,28854,28855,28855,28856,28857,28857,28857,15
bidmc-27-fg-0067,27,67,featuregraph_only,burst,bidmc-27-burst-015,8,66,68,28857.0,230.856,28859.0,230.872,28861.0,230.888,28960,231.68,101.0,0.808,0.032,0.0038799999999999946,1.0,excluded_by_both,True,True,True,False,False,unassigned,125,envelope_plateau,envelope_plateau_v1,frozen_llm_scipy_find_peaks,True,True,False,28857,28857,28857,28858,28858,28860,28861,28861,28861,15
bidmc-27-fg-0068,27,68,featuregraph_only,burst,bidmc-27-burst-015,8,67,69,28861.0,230.888,28862.0,230.896,28864.0,230.912,28963,231.704,101.0,0.808,0.024,0.0038800000000000223,0.6666666666666667,excluded_by_both,True,True,True,False,False,unassigned,125,envelope_plateau,envelope_plateau_v1,frozen_llm_scipy_find_peaks,True,True,False,28861,28861,28861,28862,28862,28863,28864,28864,28864,15
bidmc-27-fg-0069,27,69,featuregraph_only,burst,bidmc-27-burst-015,8,68,70,28864.0,230.912,28867.0,230.936,28871.0,230.968,28970,231.76,103.0,0.824,0.04,0.0019399999999999973,0.8571428571428572,excluded_by_both,True,True,True,False,False,unassigned,125,envelope_plateau,envelope_plateau_v1,frozen_llm_scipy_find_peaks,True,True,False,28864,28864,28864,28865,28865,28870,28871,28871,28871,15
bidmc-27-fg-0070,27,70,featuregraph_only,burst,bidmc-27-burst-015,8,69,71,28871.0,230.968,28872.0,230.976,28874.0,230.992,28973,231.784,101.0,0.808,0.04,0.0038799999999999946,0.6666666666666667,excluded_by_both,True,True,True,False,False,unassigned,125,envelope_plateau,envelope_plateau_v1,frozen_llm_scipy_find_peaks,True,True,False,28871,28871,28871,28872,28872,28873,28874,28874,28874,15
bidmc-27-fg-0071,27,71,featuregraph_only,burst,bidmc-27-burst-015,8,70,72,28874.0,230.992,28876.0,231.008,28878.0,231.024,28977,231.816,101.0,0.808,0.032,0.007759999999999989,1.0,excluded_by_both,True,True,True,False,False,unassigned,125,envelope_plateau,envelope_plateau_v1,frozen_llm_scipy_find_peaks,True,True,False,28874,28874,28874,28875,28875,28877,28878,28878,28878,15
bidmc-27-fg-0072,27,72,featuregraph_only,burst,bidmc-27-burst-015,8,71,73,28878.0,231.024,28879.0,231.032,28881.0,231.048,28980,231.84,101.0,0.808,0.024,0.005819999999999992,0.6666666666666667,excluded_by_ann2,False,True,False,True,False,unassigned,125,envelope_plateau,envelope_plateau_v1,frozen_llm_scipy_find_peaks,True,True,False,28878,28878,28878,28879,28879,28880,28881,28881,28881,15
bidmc-27-fg-0076,27,76,featuregraph_only,isolated,bidmc-27-burst-016,1,75,77,30594.0,244.752,30825.0,246.6,30852.0,246.816,30925,247.4,100.0,0.8,3.592,0.20776300000000003,0.2093023255813954,excluded_by_both,True,True,True,False,False,unassigned,125,envelope_plateau,envelope_plateau_v1,frozen_llm_scipy_find_peaks,True,True,False,30594,30594,30594,30825,30825,30825,30852,30852,30852,16
bidmc-27-fg-0078,27,78,featuregraph_only,burst,bidmc-27-burst-017,2,77,79,30853.0,246.824,30963.0,247.704,31263.0,250.104,31066,248.528,103.0,0.824,0.88,0.23688900000000002,0.5365853658536586,retained_by_both,False,False,False,True,False,unassigned,125,envelope_plateau,envelope_plateau_v1,frozen_llm_scipy_find_peaks,True,True,False,30854,30853,30854,30961,30961,30966,31264,31263,31264,17
bidmc-27-fg-0079,27,79,featuregraph_only,burst,bidmc-27-burst-017,2,78,80,31263.0,250.104,31498.0,251.984,31522.0,252.176,31600,252.8,102.0,0.816,4.28,0.192235,0.1853281853281853,excluded_by_both,True,True,True,False,False,unassigned,125,envelope_plateau,envelope_plateau_v1,frozen_llm_scipy_find_peaks,True,True,False,31264,31263,31264,31497,31497,31500,31522,31522,31522,17
bidmc-27-fg-0086,27,86,featuregraph_only,isolated,bidmc-27-burst-018,1,85,87,34488.0,275.904,34587.0,276.696,34869.0,278.952,34687,277.496,100.0,0.8,2.04,0.29709,0.5196850393700787,excluded_by_ann1,True,False,False,True,False,unassigned,125,envelope_plateau,envelope_plateau_v1,frozen_llm_scipy_find_peaks,True,True,False,34488,34488,34488,34587,34587,34587,34869,34869,34869,18
bidmc-27-fg-0088,27,88,featuregraph_only,isolated,bidmc-27-burst-019,1,87,89,35371.0,282.968,35483.0,283.864,35721.0,285.768,35584,284.672,101.0,0.808,1.88,0.248546,0.64,excluded_by_ann1,True,False,False,True,False,unassigned,125,envelope_plateau,envelope_plateau_v1,frozen_llm_scipy_find_peaks,True,True,False,35382,35361,35382,35482,35482,35484,35723,35720,35723,19
bidmc-27-fg-0091,27,91,featuregraph_only,isolated,bidmc-27-burst-020,1,90,92,36762.0,294.096,36874.0,294.992,37159.0,297.272,36975,295.8,101.0,0.808,1.144,0.26019000000000003,0.5642317380352645,excluded_by_ann1,True,False,False,True,False,unassigned,125,envelope_plateau,envelope_plateau_v1,frozen_llm_scipy_find_peaks,True,True,False,36764,36761,36764,36873,36873,36875,37159,37159,37159,20
bidmc-27-fg-0093,27,93,featuregraph_only,burst,bidmc-27-burst-021,2,92,94,37796.0,302.368,37828.0,302.624,37894.0,303.152,37931,303.448,103.0,0.824,3.848,0.058253000000000006,0.653061224489796,excluded_by_both,True,True,True,False,False,unassigned,125,envelope_plateau,envelope_plateau_v1,frozen_llm_scipy_find_peaks,True,True,False,37797,37796,37797,37825,37825,37831,37894,37894,37894,21
bidmc-27-fg-0094,27,94,featuregraph_only,burst,bidmc-27-burst-021,2,93,95,37894.0,303.152,38080.0,304.64,38210.0,305.68,38183,305.464,103.0,0.824,2.016,0.11068,0.8227848101265822,excluded_by_both,True,True,True,False,False,unassigned,125,envelope_plateau,envelope_plateau_v1,frozen_llm_scipy_find_peaks,True,True,False,37894,37894,37894,38078,38078,38083,38210,38210,38210,21
bidmc-27-fg-0096,27,96,featuregraph_only,isolated,bidmc-27-burst-022,1,95,97,38535.0,308.28,38768.0,310.144,38876.0,311.008,38869,310.952,101.0,0.808,2.824,0.22913,0.6334310850439883,excluded_by_both,True,True,True,False,False,unassigned,125,envelope_plateau,envelope_plateau_v1,frozen_llm_scipy_find_peaks,True,True,False,38536,38535,38536,38767,38767,38769,38876,38876,38876,22
bidmc-27-fg-0098,27,98,featuregraph_only,burst,bidmc-27-burst-023,3,97,99,39237.0,313.896,39397.0,315.176,39421.0,315.368,39497,315.976,100.0,0.8,2.984,0.14563,0.26086956521739135,excluded_by_both,True,True,True,False,False,unassigned,125,envelope_plateau,envelope_plateau_v1,frozen_llm_scipy_find_peaks,True,True,False,39237,39237,39237,39397,39397,39397,39422,39420,39422,23
bidmc-27-fg-0099,27,99,featuregraph_only,burst,bidmc-27-burst-023,3,98,100,39421.0,315.368,39706.0,317.648,40071.0,320.568,39807,318.456,101.0,0.808,2.472,0.18058600000000002,0.8769230769230769,excluded_by_ann1,True,False,False,True,False,unassigned,125,envelope_plateau,envelope_plateau_v1,frozen_llm_scipy_find_peaks,True,True,False,39422,39420,39422,39705,39705,39707,40071,40071,40071,23
bidmc-27-fg-0100,27,100,featuregraph_only,burst,bidmc-27-burst-023,3,99,101,40071.0,320.568,40242.0,321.936,40306.0,322.448,40343,322.744,101.0,0.808,4.288,0.186409,0.5446808510638298,excluded_by_both,True,True,True,False,False,unassigned,125,envelope_plateau,envelope_plateau_v1,frozen_llm_scipy_find_peaks,True,True,False,40071,40071,40071,40242,40242,40243,40307,40306,40307,23
bidmc-27-fg-0105,27,105,featuregraph_only,isolated,bidmc-27-burst-024,1,104,106,42502.0,340.016,42570.0,340.56,42848.0,342.784,42721,341.768,151.0,1.208,1.64,0.22524300000000003,0.3930635838150289,excluded_by_ann1,True,False,False,True,False,unassigned,125,envelope_plateau,envelope_plateau_v1,frozen_llm_scipy_find_peaks,True,True,False,42502,42502,42502,42519,42519,42621,42848,42848,42848,24
bidmc-27-fg-0109,27,109,featuregraph_only,isolated,bidmc-27-burst-025,1,108,110,44262.0,354.096,44659.0,357.272,44976.0,359.808,44761,358.088,102.0,0.816,5.904,0.40970999999999996,0.8879551820728291,retained_by_both,False,False,False,True,False,unassigned,125,envelope_plateau,envelope_plateau_v1,frozen_llm_scipy_find_peaks,True,True,False,44262,44262,44262,44658,44658,44661,44976,44976,44976,25
bidmc-27-fg-0112,27,112,featuregraph_only,isolated,bidmc-27-burst-026,1,111,113,45892.0,367.136,46021.0,368.168,46397.0,371.176,46123,368.984,102.0,0.816,1.032,0.33010199999999995,0.5108910891089109,excluded_by_ann2,False,True,False,True,False,unassigned,125,envelope_plateau,envelope_plateau_v1,frozen_llm_scipy_find_peaks,True,True,False,45904,45881,45904,46020,46020,46023,46401,46393,46401,26
bidmc-27-fg-0116,27,116,featuregraph_only,isolated,bidmc-27-burst-027,1,115,117,47788.0,382.304,48152.0,385.216,48454.0,387.632,48253,386.024,101.0,0.808,5.416,0.322326,0.9069069069069069,excluded_by_ann1,True,False,False,True,False,unassigned,125,envelope_plateau,envelope_plateau_v1,frozen_llm_scipy_find_peaks,True,True,False,47788,47788,47788,48151,48151,48153,48454,48454,48454,27
bidmc-27-fg-0129,27,129,featuregraph_only,isolated,bidmc-27-burst-028,1,128,130,57173.0,457.384,57554.0,460.432,57610.0,460.88,57655,461.24,101.0,0.808,6.232,0.739806,0.25629290617848965,excluded_by_ann1,True,False,False,True,False,unassigned,125,envelope_plateau,envelope_plateau_v1,frozen_llm_scipy_find_peaks,True,True,False,57173,57173,57173,57553,57553,57555,57610,57610,57610,28
bidmc-27-fg-0133,27,133,featuregraph_only,isolated,bidmc-27-burst-029,1,132,134,58440.0,467.52,58507.0,468.056,58533.0,468.264,58607,468.856,100.0,0.8,1.72,1.6641000000000001,0.5591397849462365,excluded_by_both,True,True,True,False,False,unassigned,125,envelope_plateau,envelope_plateau_v1,frozen_llm_scipy_find_peaks,True,True,False,58440,58440,58440,58507,58507,58507,58533,58533,58533,29
bidmc-27-fg-0135,27,135,featuregraph_only,isolated,bidmc-27-burst-030,1,134,136,58868.0,470.944,58873.0,470.984,58877.0,471.016,58976,471.808,103.0,0.824,1.28,0.09126999999999999,0.8888888888888888,excluded_by_both,True,True,True,False,False,unassigned,125,envelope_plateau,envelope_plateau_v1,frozen_llm_scipy_find_peaks,True,True,False,58869,58868,58869,58870,58870,58876,58878,58877,58878,30
bidmc-27-fg-0138,27,138,featuregraph_only,burst,bidmc-27-burst-031,2,137,139,59137.0,473.096,59237.0,473.896,59371.0,474.968,59337,474.696,100.0,0.8,1.944,1.08738,0.8547008547008547,excluded_by_ann1,True,False,False,True,False,unassigned,125,envelope_plateau,envelope_plateau_v1,frozen_llm_scipy_find_peaks,True,True,False,59137,59137,59137,59237,59237,59237,59371,59371,59371,31
bidmc-27-fg-0139,27,139,featuregraph_only,burst,bidmc-27-burst-031,2,138,140,59371.0,474.968,59459.0,475.672,59564.0,476.512,59559,476.472,100.0,0.8,1.776,0.73204,0.9119170984455959,excluded_by_ann1,True,False,False,True,False,unassigned,125,envelope_plateau,envelope_plateau_v1,frozen_llm_scipy_find_peaks,True,True,False,59371,59371,59371,59459,59459,59459,59564,59564,59564,31
bidmc-28-fg-0001,28,1,featuregraph_only,isolated,bidmc-28-burst-001,1,0,2,98.0,0.784,241.0,1.928,420.0,3.36,395,3.16,154.0,1.232,,1.0,0.8881987577639752,retained_by_both,False,False,False,True,False,unassigned,125,envelope_plateau,envelope_plateau_v1,frozen_llm_scipy_find_peaks,True,True,False,98,98,98,187,187,295,420,420,420,1
bidmc-28-fg-0048,28,48,featuregraph_only,burst,bidmc-28-burst-002,2,47,49,19341.0,154.728,19515.0,156.12,19720.0,157.76,19667,157.336,152.0,1.216,2.968,1.0,0.9182058047493403,retained_by_both,False,False,False,True,False,unassigned,125,envelope_plateau,envelope_plateau_v1,frozen_llm_scipy_find_peaks,True,True,False,19341,19341,19341,19463,19463,19567,19720,19720,19720,2
bidmc-28-fg-0049,28,49,featuregraph_only,burst,bidmc-28-burst-002,2,48,50,19720.0,157.76,19749.0,157.992,19797.0,158.376,19851,158.808,102.0,0.816,1.872,0.14858,0.7532467532467533,excluded_by_both,True,True,True,False,False,unassigned,125,envelope_plateau,envelope_plateau_v1,frozen_llm_scipy_find_peaks,True,True,False,19720,19720,19720,19747,19747,19751,19797,19797,19797,2
bidmc-28-fg-0054,28,54,featuregraph_only,isolated,bidmc-28-burst-003,1,53,55,21265.0,170.12,21340.0,170.72,21379.0,171.032,21441,171.528,101.0,0.808,1.96,0.71065,0.6842105263157895,excluded_by_both,True,True,True,False,False,unassigned,125,envelope_plateau,envelope_plateau_v1,frozen_llm_scipy_find_peaks,True,True,False,21265,21265,21265,21339,21339,21341,21379,21379,21379,3
bidmc-28-fg-0100,28,100,featuregraph_only,isolated,bidmc-28-burst-004,1,99,101,39509.0,316.072,39532.0,316.256,39566.0,316.528,39633,317.064,101.0,0.808,1.952,0.021505,0.8070175438596492,excluded_by_both,True,True,True,False,False,unassigned,125,envelope_plateau,envelope_plateau_v1,frozen_llm_scipy_find_peaks,True,True,False,39509,39509,39509,39531,39531,39533,39566,39566,39566,4
bidmc-29-fg-0001,29,1,featuregraph_only,isolated,bidmc-29-burst-001,1,0,2,98.0,0.784,228.0,1.824,403.0,3.224,329,2.632,101.0,0.808,,0.33920000000000006,0.8524590163934427,retained_by_both,False,False,False,True,False,unassigned,125,envelope_plateau,envelope_plateau_v1,frozen_llm_scipy_find_peaks,True,True,False,98,98,98,227,227,229,403,403,403,1
bidmc-29-fg-0006,29,6,featuregraph_only,isolated,bidmc-29-burst-002,1,5,7,2096.0,16.768,2249.0,17.992,2275.0,18.2,2353,18.824,104.0,0.832,2.736,0.30694,0.2905027932960894,excluded_by_both,True,True,True,False,False,unassigned,125,envelope_plateau,envelope_plateau_v1,frozen_llm_scipy_find_peaks,True,True,False,2096,2096,2096,2246,2246,2253,2275,2275,2275,2
bidmc-29-fg-0027,29,27,featuregraph_only,burst,bidmc-29-burst-003,2,26,28,9625.0,77.0,9763.0,78.104,10033.0,80.264,9863,78.904,100.0,0.8,2.12,0.3695,0.6764705882352942,retained_by_both,False,False,False,True,False,unassigned,125,envelope_plateau,envelope_plateau_v1,frozen_llm_scipy_find_peaks,True,True,False,9625,9625,9625,9763,9763,9763,10033,10033,10033,3
bidmc-29-fg-0028,29,28,featuregraph_only,burst,bidmc-29-burst-003,2,27,29,10033.0,80.264,10173.0,81.384,10421.0,83.368,10273,82.184,100.0,0.8,3.28,0.33138,0.7216494845360825,retained_by_both,False,False,False,True,False,unassigned,125,envelope_plateau,envelope_plateau_v1,frozen_llm_scipy_find_peaks,True,True,False,10033,10033,10033,10173,10173,10173,10421,10421,10421,3
bidmc-29-fg-0032,29,32,featuregraph_only,isolated,bidmc-29-burst-004,1,31,33,11641.0,93.128,11751.0,94.008,11955.0,95.64,11854,94.832,103.0,0.824,2.024,0.27175,0.7006369426751593,retained_by_both,False,False,False,True,False,unassigned,125,envelope_plateau,envelope_plateau_v1,frozen_llm_scipy_find_peaks,True,True,False,11641,11641,11641,11749,11749,11754,11955,11955,11955,4
bidmc-29-fg-0039,29,39,featuregraph_only,isolated,bidmc-29-burst-005,1,38,40,14394.0,115.152,14578.0,116.624,14847.0,118.776,14681,117.448,103.0,0.824,3.296,0.32355999999999996,0.8123620309050773,excluded_by_ann1,True,False,False,True,False,unassigned,125,envelope_plateau,envelope_plateau_v1,frozen_llm_scipy_find_peaks,True,True,False,14394,14394,14394,14576,14576,14581,14847,14847,14847,5
bidmc-29-fg-0045,29,45,featuregraph_only,isolated,bidmc-29-burst-006,1,44,46,16939.0,135.512,17081.0,136.648,17117.0,136.936,17182,137.456,101.0,0.808,2.936,0.24634,0.4044943820224719,excluded_by_both,True,True,True,False,False,unassigned,125,envelope_plateau,envelope_plateau_v1,frozen_llm_scipy_find_peaks,True,True,False,16939,16939,16939,17080,17080,17082,17117,17117,17117,6
bidmc-29-fg-0052,29,52,featuregraph_only,isolated,bidmc-29-burst-007,1,51,53,19267.0,154.136,19393.0,155.144,19602.0,156.816,19495,155.96,102.0,0.816,2.704,0.33528,0.7522388059701492,retained_by_both,False,False,False,True,False,unassigned,125,envelope_plateau,envelope_plateau_v1,frozen_llm_scipy_find_peaks,True,True,False,19267,19267,19267,19391,19391,19395,19602,19602,19602,7
bidmc-29-fg-0055,29,55,featuregraph_only,isolated,bidmc-29-burst-008,1,54,56,20168.0,161.344,20182.0,161.456,20273.0,162.184,20285,162.28,103.0,0.824,1.016,0.29912099999999997,0.2666666666666667,excluded_by_ann2,False,True,False,True,False,unassigned,125,envelope_plateau,envelope_plateau_v1,frozen_llm_scipy_find_peaks,True,True,False,20168,20168,20168,20179,20179,20185,20273,20273,20273,8
bidmc-29-fg-0061,29,61,featuregraph_only,isolated,bidmc-29-burst-009,1,60,62,22016.0,176.128,22134.0,177.072,22386.0,179.088,22235,177.88,101.0,0.808,2.0,0.41544899999999996,0.6378378378378378,excluded_by_ann1,True,False,False,True,False,unassigned,125,envelope_plateau,envelope_plateau_v1,frozen_llm_scipy_find_peaks,True,True,False,22016,22016,22016,22133,22133,22135,22386,22386,22386,9
bidmc-29-fg-0074,29,74,featuregraph_only,burst,bidmc-29-burst-010,2,73,75,27245.0,217.96,27422.0,219.376,27662.0,221.296,27524,220.192,102.0,0.816,3.336,0.2913,0.8489208633093526,excluded_by_ann1,True,False,False,True,False,unassigned,125,envelope_plateau,envelope_plateau_v1,frozen_llm_scipy_find_peaks,True,True,False,27245,27245,27245,27421,27421,27424,27662,27662,27662,10
bidmc-29-fg-0075,29,75,featuregraph_only,burst,bidmc-29-burst-010,2,74,76,27662.0,221.296,27808.0,222.464,28070.0,224.56,27909,223.272,101.0,0.808,3.088,0.412514,0.7156862745098039,excluded_by_ann1,True,False,False,True,False,unassigned,125,envelope_plateau,envelope_plateau_v1,frozen_llm_scipy_find_peaks,True,True,False,27662,27662,27662,27807,27807,27809,28071,28070,28071,10
bidmc-29-fg-0079,29,79,featuregraph_only,isolated,bidmc-29-burst-011,1,78,80,29063.0,232.504,29074.0,232.592,29202.0,233.616,29178,233.424,104.0,0.832,1.032,0.27859,0.15827338129496404,excluded_by_ann2,False,True,False,True,False,unassigned,125,envelope_plateau,envelope_plateau_v1,frozen_llm_scipy_find_peaks,True,True,False,29063,29063,29063,29070,29070,29078,29203,29202,29203,11
bidmc-29-fg-0087,29,87,featuregraph_only,isolated,bidmc-29-burst-012,1,86,88,31973.0,255.784,32116.0,256.928,32128.0,257.024,32218,257.744,102.0,0.816,3.544,0.28251000000000004,0.1548387096774193,excluded_by_ann2,False,True,False,True,False,unassigned,125,envelope_plateau,envelope_plateau_v1,frozen_llm_scipy_find_peaks,True,True,False,31973,31973,31973,32115,32115,32118,32128,32128,32128,12
bidmc-29-fg-0091,29,91,featuregraph_only,isolated,bidmc-29-burst-013,1,90,92,33133.0,265.064,33272.0,266.176,33556.0,268.448,33373,266.984,101.0,0.808,2.856,0.35874,0.657210401891253,retained_by_both,False,False,False,True,False,unassigned,125,envelope_plateau,envelope_plateau_v1,frozen_llm_scipy_find_peaks,True,True,False,33133,33133,33133,33271,33271,33273,33556,33556,33556,13
bidmc-29-fg-0095,29,95,featuregraph_only,isolated,bidmc-29-burst-014,1,94,96,34774.0,278.192,34923.0,279.384,35165.0,281.32,35025,280.2,102.0,0.816,2.656,0.32355999999999996,0.7621483375959079,retained_by_both,False,False,False,True,False,unassigned,125,envelope_plateau,envelope_plateau_v1,frozen_llm_scipy_find_peaks,True,True,False,34774,34774,34774,34922,34922,34925,35165,35165,35165,14
bidmc-29-fg-0102,29,102,featuregraph_only,isolated,bidmc-29-burst-015,1,101,103,37427.0,299.416,37554.0,300.432,37824.0,302.592,37656,301.248,102.0,0.816,2.6,0.35582,0.6397984886649875,retained_by_both,False,False,False,True,False,unassigned,125,envelope_plateau,envelope_plateau_v1,frozen_llm_scipy_find_peaks,True,True,False,37427,37427,37427,37553,37553,37556,37824,37824,37824,15
bidmc-29-fg-0104,29,104,featuregraph_only,isolated,bidmc-29-burst-016,1,103,105,38247.0,305.976,38385.0,307.08,38644.0,309.152,38485,307.88,100.0,0.8,2.672,0.36069999999999997,0.6952141057934509,retained_by_both,False,False,False,True,False,unassigned,125,envelope_plateau,envelope_plateau_v1,frozen_llm_scipy_find_peaks,True,True,False,38247,38247,38247,38385,38385,38385,38644,38644,38644,16
bidmc-29-fg-0119,29,119,featuregraph_only,isolated,bidmc-29-burst-017,1,118,120,44135.0,353.08,44142.0,353.136,44229.0,353.832,44243,353.944,101.0,0.808,1.048,0.29325999999999997,0.14893617021276595,excluded_by_both,True,True,True,False,False,unassigned,125,envelope_plateau,envelope_plateau_v1,frozen_llm_scipy_find_peaks,True,True,False,44135,44135,44135,44141,44141,44143,44229,44229,44229,17
bidmc-29-fg-0124,29,124,featuregraph_only,isolated,bidmc-29-burst-018,1,123,125,45445.0,363.56,45461.0,363.688,45572.0,364.576,45561,364.488,100.0,0.8,1.048,0.25024,0.25196850393700787,excluded_by_both,True,True,True,False,False,unassigned,125,envelope_plateau,envelope_plateau_v1,frozen_llm_scipy_find_peaks,True,True,False,45445,45445,45445,45461,45461,45461,45572,45572,45572,18
bidmc-29-fg-0133,29,133,featuregraph_only,burst,bidmc-29-burst-019,2,132,134,48857.0,390.856,49033.0,392.264,49265.0,394.12,49133,393.064,100.0,0.8,3.352,0.397849,0.8627450980392157,retained_by_both,False,False,False,True,False,unassigned,125,envelope_plateau,envelope_plateau_v1,frozen_llm_scipy_find_peaks,True,True,False,48857,48857,48857,49033,49033,49033,49265,49265,49265,19
bidmc-29-fg-0134,29,134,featuregraph_only,burst,bidmc-29-burst-019,2,133,135,49265.0,394.12,49442.0,395.536,49724.0,397.792,49544,396.352,102.0,0.816,3.272,0.29717,0.7712418300653595,retained_by_both,False,False,False,True,False,unassigned,125,envelope_plateau,envelope_plateau_v1,frozen_llm_scipy_find_peaks,True,True,False,49265,49265,49265,49441,49441,49444,49724,49724,49724,19
bidmc-30-fg-0001,30,1,featuregraph_only,isolated,bidmc-30-burst-001,1,0,2,98.0,0.784,206.0,1.648,397.0,3.176,307,2.456,101.0,0.808,,1.250415,0.7224080267558528,retained_by_both,False,False,False,True,False,unassigned,125,envelope_plateau,envelope_plateau_v1,frozen_llm_scipy_find_peaks,True,True,False,98,98,98,206,206,207,398,397,398,1
bidmc-30-fg-0019,30,19,featuregraph_only,burst,bidmc-30-burst-002,2,18,20,7278.0,58.224,7318.0,58.544,7346.0,58.768,7419,59.352,101.0,0.808,1.856,0.010819999999999996,0.8235294117647058,excluded_by_both,True,True,True,False,False,unassigned,125,envelope_plateau,envelope_plateau_v1,frozen_llm_scipy_find_peaks,True,True,False,7278,7278,7278,7318,7318,7319,7346,7346,7346,2
bidmc-30-fg-0020,30,20,featuregraph_only,burst,bidmc-30-burst-002,2,19,21,7346.0,58.768,7565.0,60.52,7775.0,62.2,7703,61.624,138.0,1.104,1.976,1.58117,0.9790209790209791,retained_by_both,False,False,False,True,False,unassigned,125,envelope_plateau,envelope_plateau_v1,frozen_llm_scipy_find_peaks,True,True,False,7346,7346,7346,7527,7527,7603,7775,7775,7775,2
bidmc-30-fg-0077,30,77,featuregraph_only,burst,bidmc-30-burst-003,2,76,78,30619.0,244.952,30683.0,245.464,30702.0,245.616,30785,246.28,102.0,0.816,2.08,0.10509700000000001,0.45783132530120485,excluded_by_both,True,True,True,False,False,unassigned,125,envelope_plateau,envelope_plateau_v1,frozen_llm_scipy_find_peaks,True,True,False,30619,30619,30619,30681,30681,30685,30702,30702,30702,3
bidmc-30-fg-0078,30,78,featuregraph_only,burst,bidmc-30-burst-003,2,77,79,30702.0,245.616,30890.0,247.12,31090.0,248.72,30991,247.928,101.0,0.808,1.656,1.0587824,0.9690721649484536,retained_by_both,False,False,False,True,False,unassigned,125,envelope_plateau,envelope_plateau_v1,frozen_llm_scipy_find_peaks,True,True,False,30702,30702,30702,30889,30889,30891,31090,31090,31090,3
bidmc-31-fg-0001,31,1,featuregraph_only,isolated,bidmc-31-burst-001,1,0,2,98.0,0.784,128.0,1.024,316.0,2.528,256,2.048,128.0,1.024,,1.0,0.27522935779816515,retained_by_both,False,False,False,True,False,unassigned,125,envelope_plateau,envelope_plateau_v1,frozen_llm_scipy_find_peaks,True,True,False,98,98,98,100,100,156,316,316,316,1
bidmc-31-fg-0005,31,5,featuregraph_only,isolated,bidmc-31-burst-002,1,4,6,1503.0,12.024,1622.0,12.976,1668.0,13.344,1722,13.776,100.0,0.8,2.448,0.30792,0.5575757575757576,excluded_by_both,True,True,True,False,False,unassigned,125,envelope_plateau,envelope_plateau_v1,frozen_llm_scipy_find_peaks,True,True,False,1503,1503,1503,1622,1622,1622,1668,1668,1668,2
bidmc-31-fg-0019,31,19,featuregraph_only,isolated,bidmc-31-burst-003,1,18,20,6802.0,54.416,6839.0,54.712,6869.0,54.952,6940,55.52,101.0,0.808,1.608,0.13782999999999998,0.8955223880597015,excluded_by_both,True,True,True,False,False,unassigned,125,envelope_plateau,envelope_plateau_v1,frozen_llm_scipy_find_peaks,True,True,False,6803,6802,6803,6838,6838,6840,6869,6869,6869,3
bidmc-31-fg-0030,31,30,featuregraph_only,isolated,bidmc-31-burst-004,1,29,31,10727.0,85.816,10919.0,87.352,11156.0,89.248,11038,88.304,119.0,0.952,2.92,0.903226,0.8951048951048951,retained_by_both,False,False,False,True,False,unassigned,125,envelope_plateau,envelope_plateau_v1,frozen_llm_scipy_find_peaks,True,True,False,10728,10727,10728,10900,10900,10938,11156,11156,11156,4
bidmc-31-fg-0039,31,39,featuregraph_only,isolated,bidmc-31-burst-005,1,38,40,14360.0,114.88,14382.0,115.056,14407.0,115.256,14483,115.864,101.0,0.808,1.488,0.12414999999999998,0.9361702127659575,excluded_by_both,True,True,True,False,False,unassigned,125,envelope_plateau,envelope_plateau_v1,frozen_llm_scipy_find_peaks,True,True,False,14360,14360,14360,14382,14382,14383,14407,14407,14407,5
bidmc-31-fg-0042,31,42,featuregraph_only,isolated,bidmc-31-burst-006,1,41,43,15140.0,121.12,15185.0,121.48,15229.0,121.832,15286,122.288,101.0,0.808,1.64,0.16227,0.9887640449438202,excluded_by_both,True,True,True,False,False,unassigned,125,envelope_plateau,envelope_plateau_v1,frozen_llm_scipy_find_peaks,True,True,False,15140,15140,15140,15184,15184,15186,15229,15229,15229,6
bidmc-31-fg-0045,31,45,featuregraph_only,isolated,bidmc-31-burst-007,1,44,46,16027.0,128.216,16079.0,128.632,16092.0,128.736,16180,129.44,101.0,0.808,1.784,0.1916,0.4,excluded_by_both,True,True,True,False,False,unassigned,125,envelope_plateau,envelope_plateau_v1,frozen_llm_scipy_find_peaks,True,True,False,16027,16027,16027,16078,16078,16080,16092,16092,16092,7
bidmc-31-fg-0049,31,49,featuregraph_only,burst,bidmc-31-burst-008,2,48,50,17284.0,138.272,17326.0,138.608,17384.0,139.072,17426,139.408,100.0,0.8,1.56,0.18278999999999998,0.84,excluded_by_both,True,True,True,False,False,unassigned,125,envelope_plateau,envelope_plateau_v1,frozen_llm_scipy_find_peaks,True,True,False,17284,17284,17284,17326,17326,17326,17384,17384,17384,8
bidmc-31-fg-0050,31,50,featuregraph_only,burst,bidmc-31-burst-008,2,49,51,17384.0,139.072,17592.0,140.736,17795.0,142.36,17710,141.68,118.0,0.944,2.128,0.910068,0.9878345498783455,retained_by_both,False,False,False,True,False,unassigned,125,envelope_plateau,envelope_plateau_v1,frozen_llm_scipy_find_peaks,True,True,False,17384,17384,17384,17574,17574,17610,17795,17795,17795,8
bidmc-31-fg-0062,31,62,featuregraph_only,isolated,bidmc-31-burst-009,1,61,63,22175.0,177.4,22198.0,177.584,22249.0,177.992,22298,178.384,100.0,0.8,1.544,0.15249999999999997,0.6216216216216216,excluded_by_both,True,True,True,False,False,unassigned,125,envelope_plateau,envelope_plateau_v1,frozen_llm_scipy_find_peaks,True,True,False,22175,22175,22175,22198,22198,22198,22249,22249,22249,9
bidmc-31-fg-0064,31,64,featuregraph_only,burst,bidmc-31-burst-010,3,63,65,22609.0,180.872,22660.0,181.28,22695.0,181.56,22760,182.08,100.0,0.8,1.672,0.19159999999999996,0.813953488372093,excluded_by_both,True,True,True,False,False,unassigned,125,envelope_plateau,envelope_plateau_v1,frozen_llm_scipy_find_peaks,True,True,False,22609,22609,22609,22660,22660,22660,22695,22695,22695,10
bidmc-31-fg-0065,31,65,featuregraph_only,burst,bidmc-31-burst-010,3,64,66,22695.0,181.56,22852.0,182.816,23047.0,184.376,22954,183.632,102.0,0.816,1.536,0.82404,0.8920454545454546,retained_by_both,False,False,False,True,False,unassigned,125,envelope_plateau,envelope_plateau_v1,frozen_llm_scipy_find_peaks,True,True,False,22695,22695,22695,22851,22851,22854,23047,23047,23047,10
bidmc-31-fg-0066,31,66,featuregraph_only,burst,bidmc-31-burst-010,3,65,67,23047.0,184.376,23113.0,184.904,23123.0,184.984,23214,185.712,101.0,0.808,2.088,0.22677999999999998,0.26315789473684215,excluded_by_both,True,True,True,False,False,unassigned,125,envelope_plateau,envelope_plateau_v1,frozen_llm_scipy_find_peaks,True,True,False,23047,23047,23047,23112,23112,23114,23124,23123,23124,10
bidmc-31-fg-0071,31,71,featuregraph_only,burst,bidmc-31-burst-011,2,70,72,24763.0,198.104,24982.0,199.856,25130.0,201.04,25098,200.784,116.0,0.928,3.368,0.8641300000000001,0.8065395095367848,retained_by_both,False,False,False,True,False,unassigned,125,envelope_plateau,envelope_plateau_v1,frozen_llm_scipy_find_peaks,True,True,False,24763,24763,24763,24966,24966,24998,25130,25130,25130,11
bidmc-31-fg-0072,31,72,featuregraph_only,burst,bidmc-31-burst-011,2,71,73,25130.0,201.04,25177.0,201.416,25236.0,201.888,25278,202.224,101.0,0.808,1.56,0.19746000000000002,0.8867924528301887,excluded_by_both,True,True,True,False,False,unassigned,125,envelope_plateau,envelope_plateau_v1,frozen_llm_scipy_find_peaks,True,True,False,25130,25130,25130,25177,25177,25178,25237,25236,25237,11
bidmc-31-fg-0075,31,75,featuregraph_only,isolated,bidmc-31-burst-012,1,74,76,26001.0,208.008,26175.0,209.4,26373.0,210.984,26290,210.32,115.0,0.92,2.968,0.912023,0.935483870967742,retained_by_both,False,False,False,True,False,unassigned,125,envelope_plateau,envelope_plateau_v1,frozen_llm_scipy_find_peaks,True,True,False,26001,26001,26001,26160,26160,26190,26373,26373,26373,12
bidmc-31-fg-0077,31,77,featuregraph_only,isolated,bidmc-31-burst-013,1,76,78,26785.0,214.28,26803.0,214.424,26813.0,214.504,26904,215.232,101.0,0.808,1.456,0.10166999999999998,0.7142857142857143,excluded_by_both,True,True,True,False,False,unassigned,125,envelope_plateau,envelope_plateau_v1,frozen_llm_scipy_find_peaks,True,True,False,26785,26785,26785,26802,26802,26804,26813,26813,26813,13
bidmc-31-fg-0090,31,90,featuregraph_only,isolated,bidmc-31-burst-014,1,89,91,31536.0,252.288,31584.0,252.672,31630.0,253.04,31684,253.472,100.0,0.8,1.656,0.17595,0.9787234042553191,excluded_by_both,True,True,True,False,False,unassigned,125,envelope_plateau,envelope_plateau_v1,frozen_llm_scipy_find_peaks,True,True,False,31537,31536,31537,31584,31584,31584,31631,31630,31631,14
bidmc-31-fg-0095,31,95,featuregraph_only,burst,bidmc-31-burst-015,2,94,96,33275.0,266.2,33311.0,266.488,33361.0,266.888,33412,267.296,101.0,0.808,1.536,0.16618000000000002,0.8372093023255813,excluded_by_both,True,True,True,False,False,unassigned,125,envelope_plateau,envelope_plateau_v1,frozen_llm_scipy_find_peaks,True,True,False,33275,33275,33275,33310,33310,33312,33361,33361,33361,15
bidmc-31-fg-0096,31,96,featuregraph_only,burst,bidmc-31-burst-015,2,95,97,33361.0,266.888,33572.0,268.576,33737.0,269.896,33678,269.424,106.0,0.848,2.088,0.909091,0.8776595744680851,retained_by_both,False,False,False,True,False,unassigned,125,envelope_plateau,envelope_plateau_v1,frozen_llm_scipy_find_peaks,True,True,False,33361,33361,33361,33566,33566,33578,33737,33737,33737,15
bidmc-31-fg-0114,31,114,featuregraph_only,isolated,bidmc-31-burst-016,1,113,115,40628.0,325.024,40684.0,325.472,40725.0,325.8,40784,326.272,100.0,0.8,2.04,0.17302000000000003,0.845360824742268,excluded_by_both,True,True,True,False,False,unassigned,125,envelope_plateau,envelope_plateau_v1,frozen_llm_scipy_find_peaks,True,True,False,40628,40628,40628,40684,40684,40684,40726,40725,40726,16
bidmc-31-fg-0119,31,119,featuregraph_only,isolated,bidmc-31-burst-017,1,118,120,42263.0,338.104,42312.0,338.496,42330.0,338.64,42412,339.296,100.0,0.8,2.096,0.21700999999999998,0.5373134328358209,excluded_by_both,True,True,True,False,False,unassigned,125,envelope_plateau,envelope_plateau_v1,frozen_llm_scipy_find_peaks,True,True,False,42263,42263,42263,42312,42312,42312,42331,42330,42331,17
bidmc-33-fg-0001,33,1,featuregraph_only,isolated,bidmc-33-burst-001,1,0,2,298.0,2.384,460.0,3.68,497.0,3.976,562,4.496,102.0,0.816,,0.85142,0.371859296482412,excluded_by_both,True,True,True,False,False,unassigned,125,envelope_plateau,envelope_plateau_v1,frozen_llm_scipy_find_peaks,True,True,False,298,298,298,459,459,462,497,497,497,1
bidmc-33-fg-0003,33,3,featuregraph_only,isolated,bidmc-33-burst-002,1,2,4,860.0,6.88,1003.0,8.024,1032.0,8.256,1103,8.824,100.0,0.8,3.008,0.81329,0.33720930232558144,excluded_by_both,True,True,True,False,False,unassigned,125,envelope_plateau,envelope_plateau_v1,frozen_llm_scipy_find_peaks,True,True,False,860,860,860,1003,1003,1003,1032,1032,1032,2
bidmc-33-fg-0005,33,5,featuregraph_only,isolated,bidmc-33-burst-003,1,4,6,1386.0,11.088,1532.0,12.256,1548.0,12.384,1633,13.064,101.0,0.808,2.824,0.6393,0.19753086419753085,excluded_by_both,True,True,True,False,False,unassigned,125,envelope_plateau,envelope_plateau_v1,frozen_llm_scipy_find_peaks,True,True,False,1386,1386,1386,1531,1531,1533,1548,1548,1548,3
bidmc-33-fg-0008,33,8,featuregraph_only,isolated,bidmc-33-burst-004,1,7,9,2404.0,19.232,2542.0,20.336,2568.0,20.544,2643,21.144,101.0,0.808,2.864,0.626587,0.31707317073170727,excluded_by_both,True,True,True,False,False,unassigned,125,envelope_plateau,envelope_plateau_v1,frozen_llm_scipy_find_peaks,True,True,False,2404,2404,2404,2541,2541,2543,2568,2568,2568,4
bidmc-33-fg-0012,33,12,featuregraph_only,isolated,bidmc-33-burst-005,1,11,13,4064.0,32.512,4259.0,34.072,4300.0,34.4,4359,34.872,100.0,0.8,3.36,0.869987,0.34745762711864403,excluded_by_both,True,True,True,False,False,unassigned,125,envelope_plateau,envelope_plateau_v1,frozen_llm_scipy_find_peaks,True,True,False,4065,4064,4065,4259,4259,4259,4300,4300,4300,5
bidmc-33-fg-0014,33,14,featuregraph_only,isolated,bidmc-33-burst-006,1,13,15,4677.0,37.416,4885.0,39.08,4889.0,39.112,4985,39.88,100.0,0.8,3.608,0.821117,0.037735849056603765,excluded_by_both,True,True,True,False,False,unassigned,125,envelope_plateau,envelope_plateau_v1,frozen_llm_scipy_find_peaks,True,True,False,4677,4677,4677,4885,4885,4885,4889,4889,4889,6
bidmc-33-fg-0016,33,16,featuregraph_only,isolated,bidmc-33-burst-007,1,15,17,5252.0,42.016,5436.0,43.488,5472.0,43.776,5537,44.296,101.0,0.808,3.272,0.88465,0.32727272727272727,excluded_by_both,True,True,True,False,False,unassigned,125,envelope_plateau,envelope_plateau_v1,frozen_llm_scipy_find_peaks,True,True,False,5252,5252,5252,5436,5436,5437,5472,5472,5472,7
bidmc-33-fg-0018,33,18,featuregraph_only,isolated,bidmc-33-burst-008,1,17,19,5830.0,46.64,5995.0,47.96,6020.0,48.16,6095,48.76,100.0,0.8,3.144,0.90518,0.26315789473684215,excluded_by_both,True,True,True,False,False,unassigned,125,envelope_plateau,envelope_plateau_v1,frozen_llm_scipy_find_peaks,True,True,False,5830,5830,5830,5995,5995,5995,6020,6020,6020,8
bidmc-33-fg-0021,33,21,featuregraph_only,isolated,bidmc-33-burst-009,1,20,22,7061.0,56.488,7305.0,58.44,7376.0,59.008,7415,59.32,110.0,0.88,4.472,1.0,0.45079365079365075,excluded_by_ann2,False,True,False,True,False,unassigned,125,envelope_plateau,envelope_plateau_v1,frozen_llm_scipy_find_peaks,True,True,False,7061,7061,7061,7295,7295,7315,7415,7337,7415,9
bidmc-33-fg-0023,33,23,featuregraph_only,isolated,bidmc-33-burst-010,1,22,24,7695.0,61.56,7947.0,63.576,7950.0,63.6,8047,64.376,100.0,0.8,3.856,0.80938,0.02352941176470591,excluded_by_both,True,True,True,False,False,unassigned,125,envelope_plateau,envelope_plateau_v1,frozen_llm_scipy_find_peaks,True,True,False,7695,7695,7695,7947,7947,7947,7950,7950,7950,10
bidmc-33-fg-0025,33,25,featuregraph_only,isolated,bidmc-33-burst-011,1,24,26,8323.0,66.584,8500.0,68.0,8512.0,68.096,8602,68.816,102.0,0.816,3.304,0.762464,0.12698412698412698,excluded_by_both,True,True,True,False,False,unassigned,125,envelope_plateau,envelope_plateau_v1,frozen_llm_scipy_find_peaks,True,True,False,8323,8323,8323,8499,8499,8502,8512,8512,8512,11
bidmc-33-fg-0027,33,27,featuregraph_only,isolated,bidmc-33-burst-012,1,26,28,8883.0,71.064,9025.0,72.2,9053.0,72.424,9126,73.008,101.0,0.808,2.984,0.692084,0.3294117647058824,excluded_by_both,True,True,True,False,False,unassigned,125,envelope_plateau,envelope_plateau_v1,frozen_llm_scipy_find_peaks,True,True,False,8883,8883,8883,9025,9025,9026,9053,9053,9053,12
bidmc-33-fg-0029,33,29,featuregraph_only,isolated,bidmc-33-burst-013,1,28,30,9433.0,75.464,9585.0,76.68,9630.0,77.04,9685,77.48,100.0,0.8,3.056,0.646137,0.4568527918781726,excluded_by_both,True,True,True,False,False,unassigned,125,envelope_plateau,envelope_plateau_v1,frozen_llm_scipy_find_peaks,True,True,False,9433,9433,9433,9585,9585,9585,9630,9630,9630,13
bidmc-33-fg-0031,33,31,featuregraph_only,isolated,bidmc-33-burst-014,1,30,32,10003.0,80.024,10159.0,81.272,10189.0,81.512,10260,82.08,101.0,0.808,3.104,0.739979,0.32258064516129037,excluded_by_both,True,True,True,False,False,unassigned,125,envelope_plateau,envelope_plateau_v1,frozen_llm_scipy_find_peaks,True,True,False,10003,10003,10003,10159,10159,10160,10189,10189,10189,14
bidmc-33-fg-0034,33,34,featuregraph_only,isolated,bidmc-33-burst-015,1,33,35,11070.0,88.56,11236.0,89.888,11253.0,90.024,11338,90.704,102.0,0.816,3.296,0.6754690000000001,0.18579234972677594,excluded_by_both,True,True,True,False,False,unassigned,125,envelope_plateau,envelope_plateau_v1,frozen_llm_scipy_find_peaks,True,True,False,11070,11070,11070,11235,11235,11238,11253,11253,11253,15
bidmc-33-fg-0036,33,36,featuregraph_only,isolated,bidmc-33-burst-016,1,35,37,11600.0,92.8,11774.0,94.192,11794.0,94.352,11875,95.0,101.0,0.808,3.096,0.698927,0.20618556701030932,excluded_by_both,True,True,True,False,False,unassigned,125,envelope_plateau,envelope_plateau_v1,frozen_llm_scipy_find_peaks,True,True,False,11600,11600,11600,11773,11773,11775,11794,11794,11794,16
bidmc-33-fg-0038,33,38,featuregraph_only,isolated,bidmc-33-burst-017,1,37,39,12177.0,97.416,12344.0,98.752,12359.0,98.872,12445,99.56,101.0,0.808,3.224,0.676438,0.1648351648351648,excluded_by_both,True,True,True,False,False,unassigned,125,envelope_plateau,envelope_plateau_v1,frozen_llm_scipy_find_peaks,True,True,False,12178,12177,12178,12344,12344,12345,12359,12359,12359,17
bidmc-33-fg-0040,33,40,featuregraph_only,isolated,bidmc-33-burst-018,1,39,41,12727.0,101.816,12919.0,103.352,12958.0,103.664,13021,104.168,102.0,0.816,3.4,0.844579,0.33766233766233766,excluded_by_both,True,True,True,False,False,unassigned,125,envelope_plateau,envelope_plateau_v1,frozen_llm_scipy_find_peaks,True,True,False,12728,12727,12728,12918,12918,12921,12958,12958,12958,18
bidmc-33-fg-0043,33,43,featuregraph_only,isolated,bidmc-33-burst-019,1,42,44,13813.0,110.504,13942.0,111.536,13959.0,111.672,14043,112.344,101.0,0.808,2.536,0.82796,0.23287671232876717,excluded_by_both,True,True,True,False,False,unassigned,125,envelope_plateau,envelope_plateau_v1,frozen_llm_scipy_find_peaks,True,True,False,13813,13813,13813,13941,13941,13943,13959,13959,13959,19
bidmc-33-fg-0045,33,45,featuregraph_only,isolated,bidmc-33-burst-020,1,44,46,14313.0,114.504,14503.0,116.024,14567.0,116.536,14613,116.904,110.0,0.88,3.288,0.9951124,0.5039370078740157,excluded_by_both,True,True,True,False,False,unassigned,125,envelope_plateau,envelope_plateau_v1,frozen_llm_scipy_find_peaks,True,True,False,14313,14313,14313,14493,14493,14513,14613,14521,14613,20
bidmc-33-fg-0050,33,50,featuregraph_only,burst,bidmc-33-burst-021,2,49,51,16844.0,134.752,17180.0,137.44,17565.0,140.52,17363,138.904,183.0,1.464,4.544,1.0,0.9320388349514563,retained_by_both,False,False,False,True,False,unassigned,125,envelope_plateau,envelope_plateau_v1,frozen_llm_scipy_find_peaks,True,True,False,16845,16844,16845,17097,17097,17263,17565,17565,17565,21
bidmc-33-fg-0051,33,51,featuregraph_only,burst,bidmc-33-burst-021,2,50,52,17565.0,140.52,17735.0,141.88,17762.0,142.096,17837,142.696,102.0,0.816,4.44,0.76833,0.2741116751269036,excluded_by_both,True,True,True,False,False,unassigned,125,envelope_plateau,envelope_plateau_v1,frozen_llm_scipy_find_peaks,True,True,False,17565,17565,17565,17734,17734,17737,17762,17762,17762,21
bidmc-33-fg-0053,33,53,featuregraph_only,isolated,bidmc-33-burst-022,1,52,54,18122.0,144.976,18297.0,146.376,18350.0,146.8,18397,147.176,100.0,0.8,3.232,0.865107,0.4649122807017544,excluded_by_both,True,True,True,False,False,unassigned,125,envelope_plateau,envelope_plateau_v1,frozen_llm_scipy_find_peaks,True,True,False,18122,18122,18122,18297,18297,18297,18350,18350,18350,22
bidmc-33-fg-0055,33,55,featuregraph_only,isolated,bidmc-33-burst-023,1,54,56,18697.0,149.576,18861.0,150.888,18917.0,151.336,18961,151.688,100.0,0.8,3.04,0.8084070000000001,0.509090909090909,excluded_by_both,True,True,True,False,False,unassigned,125,envelope_plateau,envelope_plateau_v1,frozen_llm_scipy_find_peaks,True,True,False,18697,18697,18697,18861,18861,18861,18917,18917,18917,23
bidmc-33-fg-0057,33,57,featuregraph_only,isolated,bidmc-33-burst-024,1,56,58,19266.0,154.128,19419.0,155.352,19446.0,155.568,19520,156.16,101.0,0.808,2.936,0.864122,0.30000000000000004,excluded_by_both,True,True,True,False,False,unassigned,125,envelope_plateau,envelope_plateau_v1,frozen_llm_scipy_find_peaks,True,True,False,19266,19266,19266,19419,19419,19420,19446,19446,19446,24
bidmc-33-fg-0059,33,59,featuregraph_only,isolated,bidmc-33-burst-025,1,58,60,19818.0,158.544,20004.0,160.032,20047.0,160.376,20105,160.84,101.0,0.808,3.424,0.9247299999999999,0.37554585152838427,excluded_by_both,True,True,True,False,False,unassigned,125,envelope_plateau,envelope_plateau_v1,frozen_llm_scipy_find_peaks,True,True,False,19819,19818,19819,20003,20003,20005,20047,20047,20047,25
bidmc-33-fg-0061,33,61,featuregraph_only,isolated,bidmc-33-burst-026,1,60,62,20440.0,163.52,20631.0,165.048,20646.0,165.168,20732,165.856,101.0,0.808,3.568,0.856307,0.1456310679611651,excluded_by_both,True,True,True,False,False,unassigned,125,envelope_plateau,envelope_plateau_v1,frozen_llm_scipy_find_peaks,True,True,False,20440,20440,20440,20631,20631,20632,20646,20646,20646,26
bidmc-33-fg-0063,33,63,featuregraph_only,isolated,bidmc-33-burst-027,1,62,64,21060.0,168.48,21397.0,171.176,21689.0,173.512,21586,172.688,189.0,1.512,4.88,0.998045,0.9284578696343402,excluded_by_ann2,False,True,False,True,False,unassigned,125,envelope_plateau,envelope_plateau_v1,frozen_llm_scipy_find_peaks,True,True,False,21061,21060,21061,21309,21309,21486,21689,21689,21689,27
bidmc-33-fg-0065,33,65,featuregraph_only,isolated,bidmc-33-burst-028,1,64,66,22255.0,178.04,22445.0,179.56,22485.0,179.88,22546,180.368,101.0,0.808,3.272,0.95015,0.34782608695652173,excluded_by_both,True,True,True,False,False,unassigned,125,envelope_plateau,envelope_plateau_v1,frozen_llm_scipy_find_peaks,True,True,False,22255,22255,22255,22445,22445,22446,22485,22485,22485,28
bidmc-33-fg-0067,33,67,featuregraph_only,burst,bidmc-33-burst-029,2,66,68,22835.0,182.68,23165.0,185.32,23379.0,187.032,23377,187.016,212.0,1.696,4.416,1.0,0.7867647058823529,excluded_by_ann2,False,True,False,True,False,unassigned,125,envelope_plateau,envelope_plateau_v1,frozen_llm_scipy_find_peaks,True,True,False,22835,22835,22835,23053,23053,23277,23379,23379,23379,29
bidmc-33-fg-0068,33,68,featuregraph_only,burst,bidmc-33-burst-029,2,67,69,23379.0,187.032,23603.0,188.824,23885.0,191.08,23827,190.616,224.0,1.792,3.504,1.0,0.8853754940711462,retained_by_both,False,False,False,True,False,unassigned,125,envelope_plateau,envelope_plateau_v1,frozen_llm_scipy_find_peaks,True,True,False,23379,23379,23379,23479,23479,23727,23885,23885,23885,29
bidmc-33-fg-0070,33,70,featuregraph_only,isolated,bidmc-33-burst-030,1,69,71,24391.0,195.128,24511.0,196.088,24552.0,196.416,24612,196.896,101.0,0.808,2.568,0.73607,0.5093167701863355,excluded_by_both,True,True,True,False,False,unassigned,125,envelope_plateau,envelope_plateau_v1,frozen_llm_scipy_find_peaks,True,True,False,24391,24391,24391,24511,24511,24512,24552,24552,24552,30
bidmc-33-fg-0073,33,73,featuregraph_only,isolated,bidmc-33-burst-031,1,72,74,25504.0,204.032,25687.0,205.496,25711.0,205.688,25787,206.296,100.0,0.8,3.552,0.95503,0.23188405797101452,excluded_by_both,True,True,True,False,False,unassigned,125,envelope_plateau,envelope_plateau_v1,frozen_llm_scipy_find_peaks,True,True,False,25504,25504,25504,25687,25687,25687,25711,25711,25711,31
bidmc-33-fg-0075,33,75,featuregraph_only,isolated,bidmc-33-burst-032,1,74,76,26092.0,208.736,26234.0,209.872,26306.0,210.448,26339,210.712,105.0,0.84,3.088,1.0,0.6728971962616823,excluded_by_both,True,True,True,False,False,unassigned,125,envelope_plateau,envelope_plateau_v1,frozen_llm_scipy_find_peaks,True,True,False,26092,26092,26092,26229,26229,26239,26339,26273,26339,32
bidmc-33-fg-0077,33,77,featuregraph_only,isolated,bidmc-33-burst-033,1,76,78,26640.0,213.12,26851.0,214.808,26863.0,214.904,26951,215.608,100.0,0.8,3.592,0.90323,0.1076233183856502,excluded_by_both,True,True,True,False,False,unassigned,125,envelope_plateau,envelope_plateau_v1,frozen_llm_scipy_find_peaks,True,True,False,26640,26640,26640,26851,26851,26851,26863,26863,26863,33
bidmc-33-fg-0079,33,79,featuregraph_only,isolated,bidmc-33-burst-034,1,78,80,27227.0,217.816,27377.0,219.016,27458.0,219.664,27491,219.928,114.0,0.912,3.048,1.0,0.7012987012987013,excluded_by_ann2,False,True,False,True,False,unassigned,125,envelope_plateau,envelope_plateau_v1,frozen_llm_scipy_find_peaks,True,True,False,27227,27227,27227,27363,27363,27391,27491,27425,27491,34
bidmc-33-fg-0084,33,84,featuregraph_only,burst,bidmc-33-burst-035,2,83,85,29305.0,234.44,29329.0,234.632,29488.0,235.904,29429,235.432,100.0,0.8,3.024,0.16519999999999999,0.2622950819672131,excluded_by_both,True,True,True,False,False,unassigned,125,envelope_plateau,envelope_plateau_v1,frozen_llm_scipy_find_peaks,True,True,False,29305,29305,29305,29329,29329,29329,29488,29488,29488,35
bidmc-33-fg-0085,33,85,featuregraph_only,burst,bidmc-33-burst-035,2,84,86,29488.0,235.904,29704.0,237.632,29709.0,237.672,29805,238.44,101.0,0.808,3.0,0.5542499999999999,0.04524886877828049,excluded_by_both,True,True,True,False,False,unassigned,125,envelope_plateau,envelope_plateau_v1,frozen_llm_scipy_find_peaks,True,True,False,29488,29488,29488,29703,29703,29705,29709,29709,29709,35
bidmc-33-fg-0087,33,87,featuregraph_only,isolated,bidmc-33-burst-036,1,86,88,30179.0,241.432,30338.0,242.704,30370.0,242.96,30439,243.512,101.0,0.808,3.896,0.59531,0.33507853403141363,excluded_by_both,True,True,True,False,False,unassigned,125,envelope_plateau,envelope_plateau_v1,frozen_llm_scipy_find_peaks,True,True,False,30179,30179,30179,30337,30337,30339,30370,30370,30370,36
bidmc-33-fg-0090,33,90,featuregraph_only,isolated,bidmc-33-burst-037,1,89,91,31127.0,249.016,31244.0,249.952,31257.0,250.056,31345,250.76,101.0,0.808,2.04,0.78495,0.19999999999999996,excluded_by_both,True,True,True,False,False,unassigned,125,envelope_plateau,envelope_plateau_v1,frozen_llm_scipy_find_peaks,True,True,False,31127,31127,31127,31243,31243,31245,31257,31257,31257,37
bidmc-33-fg-0096,33,96,featuregraph_only,isolated,bidmc-33-burst-038,1,95,97,33694.0,269.552,33900.0,271.2,33916.0,271.328,34001,272.008,101.0,0.808,3.976,0.9648070000000001,0.14414414414414412,excluded_by_both,True,True,True,False,False,unassigned,125,envelope_plateau,envelope_plateau_v1,frozen_llm_scipy_find_peaks,True,True,False,33694,33694,33694,33899,33899,33901,33916,33916,33916,38
bidmc-33-fg-0099,33,99,featuregraph_only,isolated,bidmc-33-burst-039,1,98,100,34826.0,278.608,35005.0,280.04,35036.0,280.288,35105,280.84,100.0,0.8,3.48,0.88661248,0.2952380952380952,excluded_by_both,True,True,True,False,False,unassigned,125,envelope_plateau,envelope_plateau_v1,frozen_llm_scipy_find_peaks,True,True,False,34826,34826,34826,35005,35005,35005,35036,35036,35036,39
bidmc-33-fg-0104,33,104,featuregraph_only,isolated,bidmc-33-burst-040,1,103,105,36961.0,295.688,37091.0,296.728,37116.0,296.928,37191,297.528,100.0,0.8,2.456,0.64321,0.32258064516129037,excluded_by_both,True,True,True,False,False,unassigned,125,envelope_plateau,envelope_plateau_v1,frozen_llm_scipy_find_peaks,True,True,False,36961,36961,36961,37091,37091,37091,37117,37116,37117,40
bidmc-33-fg-0108,33,108,featuregraph_only,isolated,bidmc-33-burst-041,1,107,109,38507.0,308.056,38728.0,309.824,38738.0,309.904,38829,310.632,101.0,0.808,3.688,0.87488,0.08658008658008653,excluded_by_both,True,True,True,False,False,unassigned,125,envelope_plateau,envelope_plateau_v1,frozen_llm_scipy_find_peaks,True,True,False,38507,38507,38507,38728,38728,38729,38738,38738,38738,41
bidmc-33-fg-0111,33,111,featuregraph_only,isolated,bidmc-33-burst-042,1,110,112,39672.0,317.376,39950.0,319.6,40244.0,321.952,40147,321.176,197.0,1.576,4.096,1.0,0.972027972027972,retained_by_both,False,False,False,True,False,unassigned,125,envelope_plateau,envelope_plateau_v1,frozen_llm_scipy_find_peaks,True,True,False,39673,39672,39673,39853,39853,40047,40245,40244,40245,42
bidmc-33-fg-0114,33,114,featuregraph_only,isolated,bidmc-33-burst-043,1,113,115,41355.0,330.84,41476.0,331.808,41504.0,332.032,41577,332.616,101.0,0.808,2.24,0.81818,0.37583892617449666,excluded_by_both,True,True,True,False,False,unassigned,125,envelope_plateau,envelope_plateau_v1,frozen_llm_scipy_find_peaks,True,True,False,41355,41355,41355,41475,41475,41477,41504,41504,41504,43
bidmc-33-fg-0117,33,117,featuregraph_only,isolated,bidmc-33-burst-044,1,116,118,42342.0,338.736,42471.0,339.768,42519.0,340.152,42571,340.568,100.0,0.8,2.656,0.7869,0.5423728813559322,excluded_by_both,True,True,True,False,False,unassigned,125,envelope_plateau,envelope_plateau_v1,frozen_llm_scipy_find_peaks,True,True,False,42342,42342,42342,42471,42471,42471,42519,42519,42519,44
bidmc-33-fg-0119,33,119,featuregraph_only,isolated,bidmc-33-burst-045,1,118,120,42844.0,342.752,42963.0,343.704,42995.0,343.96,43063,344.504,100.0,0.8,2.432,0.64809,0.42384105960264906,excluded_by_both,True,True,True,False,False,unassigned,125,envelope_plateau,envelope_plateau_v1,frozen_llm_scipy_find_peaks,True,True,False,42844,42844,42844,42963,42963,42963,42995,42995,42995,45
bidmc-33-fg-0121,33,121,featuregraph_only,burst,bidmc-33-burst-046,2,120,122,43346.0,346.768,43360.0,346.88,43367.0,346.936,43463,347.704,103.0,0.824,1.832,0.02149999999999999,0.6666666666666667,excluded_by_both,True,True,True,False,False,unassigned,125,envelope_plateau,envelope_plateau_v1,frozen_llm_scipy_find_peaks,True,True,False,43347,43346,43347,43357,43357,43363,43367,43367,43367,46
bidmc-33-fg-0122,33,122,featuregraph_only,burst,bidmc-33-burst-046,2,121,123,43367.0,346.936,43505.0,348.04,43520.0,348.16,43605,348.84,100.0,0.8,1.16,0.6823089999999999,0.196078431372549,excluded_by_both,True,True,True,False,False,unassigned,125,envelope_plateau,envelope_plateau_v1,frozen_llm_scipy_find_peaks,True,True,False,43367,43367,43367,43505,43505,43505,43520,43520,43520,46
bidmc-33-fg-0124,33,124,featuregraph_only,isolated,bidmc-33-burst-047,1,123,125,43825.0,350.6,43951.0,351.608,43996.0,351.968,44051,352.408,100.0,0.8,2.376,0.71945,0.5263157894736843,excluded_by_both,True,True,True,False,False,unassigned,125,envelope_plateau,envelope_plateau_v1,frozen_llm_scipy_find_peaks,True,True,False,43825,43825,43825,43951,43951,43951,43996,43996,43996,47
bidmc-33-fg-0128,33,128,featuregraph_only,isolated,bidmc-33-burst-048,1,127,129,44912.0,359.296,45028.0,360.224,45073.0,360.584,45129,361.032,101.0,0.808,2.576,0.570872,0.5590062111801242,excluded_by_both,True,True,True,False,False,unassigned,125,envelope_plateau,envelope_plateau_v1,frozen_llm_scipy_find_peaks,True,True,False,44912,44912,44912,45028,45028,45029,45073,45073,45073,48
bidmc-33-fg-0131,33,131,featuregraph_only,isolated,bidmc-33-burst-049,1,130,132,45889.0,367.112,46012.0,368.096,46033.0,368.264,46113,368.904,101.0,0.808,2.48,0.67155,0.29166666666666663,excluded_by_both,True,True,True,False,False,unassigned,125,envelope_plateau,envelope_plateau_v1,frozen_llm_scipy_find_peaks,True,True,False,45889,45889,45889,46011,46011,46013,46033,46033,46033,49
bidmc-33-fg-0138,33,138,featuregraph_only,isolated,bidmc-33-burst-050,1,137,139,48580.0,388.64,48743.0,389.944,48774.0,390.192,48843,390.744,100.0,0.8,3.368,0.94428,0.31958762886597936,excluded_by_both,True,True,True,False,False,unassigned,125,envelope_plateau,envelope_plateau_v1,frozen_llm_scipy_find_peaks,True,True,False,48580,48580,48580,48743,48743,48743,48774,48774,48774,50
bidmc-33-fg-0144,33,144,featuregraph_only,isolated,bidmc-33-burst-051,1,143,145,51473.0,411.784,51521.0,412.168,51558.0,412.464,51623,412.984,102.0,0.816,2.4,0.181814,0.8705882352941177,excluded_by_both,True,True,True,False,False,unassigned,125,envelope_plateau,envelope_plateau_v1,frozen_llm_scipy_find_peaks,True,True,False,51473,51473,51473,51520,51520,51523,51558,51558,51558,51
bidmc-33-fg-0149,33,149,featuregraph_only,isolated,bidmc-33-burst-052,1,148,150,53064.0,424.512,53193.0,425.544,53230.0,425.84,53294,426.352,101.0,0.808,2.488,0.73607,0.4457831325301205,excluded_by_both,True,True,True,False,False,unassigned,125,envelope_plateau,envelope_plateau_v1,frozen_llm_scipy_find_peaks,True,True,False,53064,53064,53064,53192,53192,53194,53230,53230,53230,52
bidmc-33-fg-0155,33,155,featuregraph_only,isolated,bidmc-33-burst-053,1,154,156,54603.0,436.824,54729.0,437.832,54790.0,438.32,54829,438.632,100.0,0.8,2.808,0.98827,0.6524064171122994,excluded_by_both,True,True,True,False,False,unassigned,125,envelope_plateau,envelope_plateau_v1,frozen_llm_scipy_find_peaks,True,True,False,54604,54603,54604,54729,54729,54729,54790,54790,54790,53
bidmc-33-fg-0157,33,157,featuregraph_only,isolated,bidmc-33-burst-054,1,156,158,55106.0,440.848,55236.0,441.888,55274.0,442.192,55337,442.696,101.0,0.808,2.528,0.96579,0.45238095238095233,excluded_by_both,True,True,True,False,False,unassigned,125,envelope_plateau,envelope_plateau_v1,frozen_llm_scipy_find_peaks,True,True,False,55106,55106,55106,55236,55236,55237,55274,55274,55274,54
bidmc-33-fg-0160,33,160,featuregraph_only,burst,bidmc-33-burst-055,2,159,161,56252.0,450.016,56532.0,452.256,56863.0,454.904,56747,453.976,215.0,1.72,4.792,1.0,0.9165302782324058,excluded_by_ann2,False,True,False,True,False,unassigned,125,envelope_plateau,envelope_plateau_v1,frozen_llm_scipy_find_peaks,True,True,False,56252,56252,56252,56417,56417,56647,56863,56863,56863,55
bidmc-33-fg-0161,33,161,featuregraph_only,burst,bidmc-33-burst-055,2,160,162,56863.0,454.904,57149.0,457.192,57226.0,457.808,57255,458.04,106.0,0.848,4.936,0.924731,0.4242424242424242,excluded_by_both,True,True,True,False,False,unassigned,125,envelope_plateau,envelope_plateau_v1,frozen_llm_scipy_find_peaks,True,True,False,56863,56863,56863,57143,57143,57155,57255,57197,57255,55
bidmc-33-fg-0167,33,167,featuregraph_only,isolated,bidmc-33-burst-056,1,166,168,58946.0,471.568,59155.0,473.24,59169.0,473.352,59256,474.048,101.0,0.808,4.216,0.559141,0.12556053811659196,excluded_by_both,True,True,True,False,False,unassigned,125,envelope_plateau,envelope_plateau_v1,frozen_llm_scipy_find_peaks,True,True,False,58946,58946,58946,59155,59155,59156,59169,59169,59169,56
bidmc-34-fg-0001,34,1,featuregraph_only,isolated,bidmc-34-burst-001,1,0,2,98.0,0.784,296.0,2.368,477.0,3.816,399,3.192,103.0,0.824,,1.1115300000000001,0.9551451187335093,retained_by_both,False,False,False,True,False,unassigned,125,envelope_plateau,envelope_plateau_v1,frozen_llm_scipy_find_peaks,True,True,False,98,98,98,293,293,299,477,477,477,1
bidmc-34-fg-0028,34,28,featuregraph_only,isolated,bidmc-34-burst-002,1,27,29,10957.0,87.656,11141.0,89.128,11248.0,89.984,11241,89.928,100.0,0.8,3.376,2.2937,0.7353951890034365,retained_by_both,False,False,False,True,False,unassigned,125,envelope_plateau,envelope_plateau_v1,frozen_llm_scipy_find_peaks,True,True,False,10957,10957,10957,11141,11141,11141,11248,11248,11248,2
bidmc-34-fg-0030,34,30,featuregraph_only,isolated,bidmc-34-burst-003,1,29,31,11483.0,91.864,11667.0,93.336,11733.0,93.864,11769,94.152,102.0,0.816,2.928,0.7620899999999999,0.528,excluded_by_both,True,True,True,False,False,unassigned,125,envelope_plateau,envelope_plateau_v1,frozen_llm_scipy_find_peaks,True,True,False,11483,11483,11483,11665,11665,11669,11733,11733,11733,3
bidmc-34-fg-0047,34,47,featuregraph_only,burst,bidmc-34-burst-004,2,46,48,17247.0,137.976,17520.0,140.16,17697.0,141.576,17624,140.992,104.0,0.832,3.744,1.28253,0.7866666666666666,retained_by_both,False,False,False,True,False,unassigned,125,envelope_plateau,envelope_plateau_v1,frozen_llm_scipy_find_peaks,True,True,False,17247,17247,17247,17517,17517,17524,17697,17697,17697,4
bidmc-34-fg-0048,34,48,featuregraph_only,burst,bidmc-34-burst-004,2,47,49,17697.0,141.576,17753.0,142.024,17763.0,142.104,17855,142.84,102.0,0.816,1.864,0.10409000000000002,0.303030303030303,excluded_by_both,True,True,True,False,False,unassigned,125,envelope_plateau,envelope_plateau_v1,frozen_llm_scipy_find_peaks,True,True,False,17697,17697,17697,17751,17751,17755,17763,17763,17763,4
bidmc-34-fg-0063,34,63,featuregraph_only,burst,bidmc-34-burst-005,2,62,64,23435.0,187.48,23475.0,187.8,23494.0,187.952,23579,188.632,104.0,0.832,1.624,0.10409000000000002,0.6440677966101696,excluded_by_both,True,True,True,False,False,unassigned,125,envelope_plateau,envelope_plateau_v1,frozen_llm_scipy_find_peaks,True,True,False,23435,23435,23435,23472,23472,23479,23494,23494,23494,5
bidmc-34-fg-0064,34,64,featuregraph_only,burst,bidmc-34-burst-005,2,63,65,23494.0,187.952,23669.0,189.352,23846.0,190.768,23769,190.152,100.0,0.8,1.552,1.09666,0.9943181818181818,retained_by_both,False,False,False,True,False,unassigned,125,envelope_plateau,envelope_plateau_v1,frozen_llm_scipy_find_peaks,True,True,False,23494,23494,23494,23669,23669,23669,23846,23846,23846,5
bidmc-34-fg-0130,34,130,featuregraph_only,isolated,bidmc-34-burst-006,1,129,131,52046.0,416.368,52127.0,417.016,52153.0,417.224,52230,417.84,103.0,0.824,2.152,0.055759999999999976,0.485981308411215,excluded_by_both,True,True,True,False,False,unassigned,125,envelope_plateau,envelope_plateau_v1,frozen_llm_scipy_find_peaks,True,True,False,52047,52046,52047,52125,52125,52130,52153,52153,52153,6
bidmc-35-fg-0012,35,12,featuregraph_only,isolated,bidmc-35-burst-001,1,11,13,4592.0,36.736,4618.0,36.944,4686.0,37.488,4718,37.744,100.0,0.8,1.384,0.58065,0.5531914893617021,excluded_by_ann2,False,True,False,True,False,unassigned,125,envelope_plateau,envelope_plateau_v1,frozen_llm_scipy_find_peaks,True,True,False,4592,4592,4592,4618,4618,4618,4686,4686,4686,1
bidmc-35-fg-0016,35,16,featuregraph_only,burst,bidmc-35-burst-002,3,15,17,6019.0,48.152,6272.0,50.176,6461.0,51.688,6444,51.552,172.0,1.376,3.936,1.0,0.8552036199095022,retained_by_both,False,False,False,True,False,unassigned,125,envelope_plateau,envelope_plateau_v1,frozen_llm_scipy_find_peaks,True,True,False,6057,5981,6057,6200,6200,6344,6461,6461,6461,2
bidmc-35-fg-0017,35,17,featuregraph_only,burst,bidmc-35-burst-002,3,16,18,6461.0,51.688,6541.0,52.328,6558.0,52.464,6642,53.136,101.0,0.808,2.152,0.13001,0.35051546391752575,excluded_by_both,True,True,True,False,False,unassigned,125,envelope_plateau,envelope_plateau_v1,frozen_llm_scipy_find_peaks,True,True,False,6461,6461,6461,6540,6540,6542,6558,6558,6558,2
bidmc-35-fg-0018,35,18,featuregraph_only,burst,bidmc-35-burst-002,3,17,19,6558.0,52.464,6684.0,53.472,6810.0,54.48,6784,54.272,100.0,0.8,1.144,0.63148,1.0,retained_by_both,False,False,False,True,False,unassigned,125,envelope_plateau,envelope_plateau_v1,frozen_llm_scipy_find_peaks,True,True,False,6558,6558,6558,6684,6684,6684,6810,6810,6810,2
bidmc-35-fg-0021,35,21,featuregraph_only,burst,bidmc-35-burst-003,2,20,22,7716.0,61.728,7915.0,63.32,8133.0,65.064,8078,64.624,163.0,1.304,3.456,1.0,0.9544364508393285,retained_by_both,False,False,False,True,False,unassigned,125,envelope_plateau,envelope_plateau_v1,frozen_llm_scipy_find_peaks,True,True,False,7729,7703,7729,7852,7852,7978,8167,8099,8167,3
bidmc-35-fg-0022,35,22,featuregraph_only,burst,bidmc-35-burst-003,2,21,23,8133.0,65.064,8382.0,67.056,8636.0,69.088,8570,68.56,188.0,1.504,3.736,1.0,0.9900596421471173,retained_by_both,False,False,False,True,False,unassigned,125,envelope_plateau,envelope_plateau_v1,frozen_llm_scipy_find_peaks,True,True,False,8167,8099,8167,8294,8294,8470,8661,8611,8661,3
bidmc-35-fg-0029,35,29,featuregraph_only,isolated,bidmc-35-burst-004,1,28,30,11391.0,91.128,11590.0,92.72,11830.0,94.64,11760,94.08,170.0,1.36,3.608,1.0,0.9066059225512528,retained_by_both,False,False,False,True,False,unassigned,125,envelope_plateau,envelope_plateau_v1,frozen_llm_scipy_find_peaks,True,True,False,11399,11383,11399,11520,11520,11660,11859,11801,11859,4
bidmc-35-fg-0046,35,46,featuregraph_only,isolated,bidmc-35-burst-005,1,45,47,19054.0,152.432,19274.0,154.192,19506.0,156.048,19446,155.568,172.0,1.376,3.568,1.0,0.9734513274336283,retained_by_both,False,False,False,True,False,unassigned,125,envelope_plateau,envelope_plateau_v1,frozen_llm_scipy_find_peaks,True,True,False,19083,19025,19083,19202,19202,19346,19535,19477,19535,5
bidmc-35-fg-0052,35,52,featuregraph_only,burst,bidmc-35-burst-006,2,51,53,21483.0,171.864,21765.0,174.12,22014.0,176.112,21960,175.68,195.0,1.56,4.032,1.0,0.9378531073446328,retained_by_both,False,False,False,True,False,unassigned,125,envelope_plateau,envelope_plateau_v1,frozen_llm_scipy_find_peaks,True,True,False,21539,21427,21539,21670,21670,21860,22041,21987,22041,6
bidmc-35-fg-0053,35,53,featuregraph_only,burst,bidmc-35-burst-006,2,52,54,22014.0,176.112,22259.0,178.072,22526.0,180.208,22458,179.664,199.0,1.592,3.952,1.0,0.95703125,retained_by_both,False,False,False,True,False,unassigned,125,envelope_plateau,envelope_plateau_v1,frozen_llm_scipy_find_peaks,True,True,False,22041,21987,22041,22160,22160,22358,22555,22497,22555,6
bidmc-35-fg-0056,35,56,featuregraph_only,isolated,bidmc-35-burst-007,1,55,57,23486.0,187.888,23708.0,189.664,23966.0,191.728,23898,191.184,190.0,1.52,3.68,1.0,0.925,retained_by_both,False,False,False,True,False,unassigned,125,envelope_plateau,envelope_plateau_v1,frozen_llm_scipy_find_peaks,True,True,False,23501,23471,23501,23618,23618,23798,24013,23919,24013,7
bidmc-35-fg-0058,35,58,featuregraph_only,isolated,bidmc-35-burst-008,1,57,59,24277.0,194.216,24409.0,195.272,24640.0,197.12,24584,196.672,175.0,1.4,1.872,1.0,0.7272727272727273,retained_by_both,False,False,False,True,False,unassigned,125,envelope_plateau,envelope_plateau_v1,frozen_llm_scipy_find_peaks,True,True,False,24320,24234,24320,24334,24334,24484,24681,24599,24681,8
bidmc-35-fg-0063,35,63,featuregraph_only,burst,bidmc-35-burst-009,2,62,64,26455.0,211.64,26701.0,213.608,26934.0,215.472,26884,215.072,183.0,1.464,3.712,1.0,0.9728601252609603,retained_by_both,False,False,False,True,False,unassigned,125,envelope_plateau,envelope_plateau_v1,frozen_llm_scipy_find_peaks,True,True,False,26497,26413,26497,26618,26618,26784,26955,26913,26955,9
bidmc-35-fg-0064,35,64,featuregraph_only,burst,bidmc-35-burst-009,2,63,65,26934.0,215.472,27152.0,217.216,27388.0,219.104,27332,218.656,180.0,1.44,3.608,1.0,0.960352422907489,retained_by_both,False,False,False,True,False,unassigned,125,envelope_plateau,envelope_plateau_v1,frozen_llm_scipy_find_peaks,True,True,False,26955,26913,26955,27072,27072,27232,27419,27357,27419,9
bidmc-35-fg-0069,35,69,featuregraph_only,isolated,bidmc-35-burst-010,1,68,70,29008.0,232.064,29244.0,233.952,29463.0,235.704,29424,235.392,180.0,1.44,3.616,1.0,0.9626373626373627,retained_by_both,False,False,False,True,False,unassigned,125,envelope_plateau,envelope_plateau_v1,frozen_llm_scipy_find_peaks,True,True,False,29047,28969,29047,29164,29164,29324,29485,29441,29485,10
bidmc-35-fg-0073,35,73,featuregraph_only,isolated,bidmc-35-burst-011,1,72,74,30683.0,245.464,30912.0,247.296,31122.0,248.976,31086,248.688,174.0,1.392,3.44,1.0,0.9567198177676538,retained_by_both,False,False,False,True,False,unassigned,125,envelope_plateau,envelope_plateau_v1,frozen_llm_scipy_find_peaks,True,True,False,30721,30645,30721,30838,30838,30986,31141,31103,31141,11
bidmc-35-fg-0081,35,81,featuregraph_only,isolated,bidmc-35-burst-012,1,80,82,33937.0,271.496,34164.0,273.312,34369.0,274.952,34332,274.656,168.0,1.344,3.784,1.0,0.9490740740740741,retained_by_both,False,False,False,True,False,unassigned,125,envelope_plateau,envelope_plateau_v1,frozen_llm_scipy_find_peaks,True,True,False,33979,33895,33979,34096,34096,34232,34391,34347,34391,12
bidmc-35-fg-0090,35,90,featuregraph_only,isolated,bidmc-35-burst-013,1,89,91,37915.0,303.32,38152.0,305.216,38383.0,307.064,38338,306.704,186.0,1.488,3.792,1.0,0.9871794871794872,retained_by_both,False,False,False,True,False,unassigned,125,envelope_plateau,envelope_plateau_v1,frozen_llm_scipy_find_peaks,True,True,False,37949,37881,37949,38066,38066,38238,38413,38353,38413,13
bidmc-35-fg-0104,35,104,featuregraph_only,isolated,bidmc-35-burst-014,1,103,105,43774.0,350.192,43998.0,351.984,44205.0,353.64,44174,353.392,176.0,1.408,3.552,1.0,0.9605568445475638,retained_by_both,False,False,False,True,False,unassigned,125,envelope_plateau,envelope_plateau_v1,frozen_llm_scipy_find_peaks,True,True,False,43807,43741,43807,43922,43922,44074,44221,44189,44221,14
bidmc-35-fg-0134,35,134,featuregraph_only,isolated,bidmc-35-burst-015,1,133,135,56563.0,452.504,56783.0,454.264,56969.0,455.752,56950,455.6,167.0,1.336,3.648,1.0,0.916256157635468,retained_by_both,False,False,False,True,False,unassigned,125,envelope_plateau,envelope_plateau_v1,frozen_llm_scipy_find_peaks,True,True,False,56597,56529,56597,56716,56716,56850,56973,56965,56973,15
bidmc-35-fg-0140,35,140,featuregraph_only,isolated,bidmc-35-burst-016,1,139,141,58962.0,471.696,59190.0,473.52,59431.0,475.448,59372,474.976,182.0,1.456,3.536,1.0,0.9722814498933902,retained_by_both,False,False,False,True,False,unassigned,125,envelope_plateau,envelope_plateau_v1,frozen_llm_scipy_find_peaks,True,True,False,58985,58939,58985,59108,59108,59272,59475,59387,59475,16
bidmc-36-fg-0016,36,16,featuregraph_only,isolated,bidmc-36-burst-001,1,15,17,6187.0,49.496,6217.0,49.736,6357.0,50.856,6319,50.552,102.0,0.816,1.336,0.38835,0.3529411764705882,excluded_by_ann2,False,True,False,True,False,unassigned,125,envelope_plateau,envelope_plateau_v1,frozen_llm_scipy_find_peaks,True,True,False,6187,6187,6187,6216,6216,6219,6357,6357,6357,1
bidmc-36-fg-0084,36,84,featuregraph_only,isolated,bidmc-36-burst-002,1,83,85,32966.0,263.728,33228.0,265.824,33373.0,266.984,33331,266.648,103.0,0.824,3.496,0.6,0.7125307125307125,retained_by_both,False,False,False,True,False,unassigned,125,envelope_plateau,envelope_plateau_v1,frozen_llm_scipy_find_peaks,True,True,False,32966,32966,32966,33226,33226,33231,33373,33373,33373,2
bidmc-36-fg-0115,36,115,featuregraph_only,isolated,bidmc-36-burst-003,1,114,116,45748.0,365.984,45761.0,366.088,45934.0,367.472,45862,366.896,101.0,0.808,1.552,0.5262089999999999,0.13978494623655913,excluded_by_both,True,True,True,False,False,unassigned,125,envelope_plateau,envelope_plateau_v1,frozen_llm_scipy_find_peaks,True,True,False,45748,45748,45748,45761,45761,45762,45935,45934,45935,3
bidmc-37-fg-0073,37,73,featuregraph_only,isolated,bidmc-37-burst-001,1,72,74,29349.0,234.792,29470.0,235.76,29529.0,236.232,29573,236.584,103.0,0.824,1.248,0.95326,0.6555555555555556,excluded_by_both,True,True,True,False,False,unassigned,125,envelope_plateau,envelope_plateau_v1,frozen_llm_scipy_find_peaks,True,True,False,29349,29349,29349,29468,29468,29473,29530,29529,29530,1
bidmc-37-fg-0078,37,78,featuregraph_only,isolated,bidmc-37-burst-002,1,77,79,30844.0,246.752,30903.0,247.224,30955.0,247.64,31003,248.024,100.0,0.8,1.344,0.67282,0.9369369369369369,excluded_by_both,True,True,True,False,False,unassigned,125,envelope_plateau,envelope_plateau_v1,frozen_llm_scipy_find_peaks,True,True,False,30844,30844,30844,30903,30903,30903,30955,30955,30955,2
bidmc-37-fg-0082,37,82,featuregraph_only,isolated,bidmc-37-burst-003,1,81,83,32015.0,256.12,32041.0,256.328,32152.0,257.216,32141,257.128,100.0,0.8,1.152,0.9471109999999999,0.3795620437956204,excluded_by_both,True,True,True,False,False,unassigned,125,envelope_plateau,envelope_plateau_v1,frozen_llm_scipy_find_peaks,True,True,False,32015,32015,32015,32041,32041,32041,32152,32152,32152,3
bidmc-37-fg-0101,37,101,featuregraph_only,burst,bidmc-37-burst-004,2,100,102,38989.0,311.912,39151.0,313.208,39464.0,315.712,39251,314.008,100.0,0.8,3.056,1.05535,0.6821052631578948,retained_by_both,False,False,False,True,False,unassigned,125,envelope_plateau,envelope_plateau_v1,frozen_llm_scipy_find_peaks,True,True,False,38989,38989,38989,39151,39151,39151,39464,39464,39464,4
bidmc-37-fg-0102,37,102,featuregraph_only,burst,bidmc-37-burst-004,2,101,103,39464.0,315.712,39489.0,315.912,39601.0,316.808,39590,316.72,101.0,0.808,2.704,0.25461,0.36496350364963503,excluded_by_both,True,True,True,False,False,unassigned,125,envelope_plateau,envelope_plateau_v1,frozen_llm_scipy_find_peaks,True,True,False,39464,39464,39464,39489,39489,39490,39602,39601,39602,4
bidmc-37-fg-0120,37,120,featuregraph_only,burst,bidmc-37-burst-005,2,119,121,46065.0,368.52,46278.0,370.224,46507.0,372.056,46379,371.032,101.0,0.808,2.648,0.93235,0.9638009049773756,retained_by_both,False,False,False,True,False,unassigned,125,envelope_plateau,envelope_plateau_v1,frozen_llm_scipy_find_peaks,True,True,False,46065,46065,46065,46277,46277,46279,46508,46507,46508,5
bidmc-37-fg-0121,37,121,featuregraph_only,burst,bidmc-37-burst-005,2,120,122,46507.0,372.056,46623.0,372.984,46642.0,373.136,46725,373.8,102.0,0.816,2.76,0.814271,0.28148148148148144,excluded_by_ann2,False,True,False,True,False,unassigned,125,envelope_plateau,envelope_plateau_v1,frozen_llm_scipy_find_peaks,True,True,False,46508,46507,46508,46621,46621,46625,46642,46642,46642,5
bidmc-37-fg-0140,37,140,featuregraph_only,burst,bidmc-37-burst-006,7,139,141,53455.0,427.64,53456.0,427.648,53459.0,427.672,53557,428.456,101.0,0.808,0.968,0.0,0.5,excluded_by_both,True,True,True,False,False,unassigned,125,envelope_plateau,envelope_plateau_v1,frozen_llm_scipy_find_peaks,True,True,False,53455,53455,53455,53456,53456,53457,53460,53458,53460,6
bidmc-37-fg-0141,37,141,featuregraph_only,burst,bidmc-37-burst-006,7,140,142,53459.0,427.672,53461.0,427.688,53464.0,427.712,53562,428.496,101.0,0.808,0.04,0.0,0.8,excluded_by_both,True,True,True,False,False,unassigned,125,envelope_plateau,envelope_plateau_v1,frozen_llm_scipy_find_peaks,True,True,False,53460,53458,53460,53461,53461,53462,53466,53463,53466,6
bidmc-37-fg-0142,37,142,featuregraph_only,burst,bidmc-37-burst-006,7,141,143,53464.0,427.712,53467.0,427.736,53470.0,427.76,53568,428.544,101.0,0.808,0.048,0.0,1.0,excluded_by_both,True,True,True,False,False,unassigned,125,envelope_plateau,envelope_plateau_v1,frozen_llm_scipy_find_peaks,True,True,False,53466,53463,53466,53467,53467,53468,53471,53469,53471,6
bidmc-37-fg-0143,37,143,featuregraph_only,burst,bidmc-37-burst-006,7,142,144,53470.0,427.76,53472.0,427.776,53475.0,427.8,53573,428.584,101.0,0.808,0.04,0.0,0.8,excluded_by_both,True,True,True,False,False,unassigned,125,envelope_plateau,envelope_plateau_v1,frozen_llm_scipy_find_peaks,True,True,False,53471,53469,53471,53472,53472,53473,53476,53474,53476,6
bidmc-37-fg-0144,37,144,featuregraph_only,burst,bidmc-37-burst-006,7,143,145,53475.0,427.8,53477.0,427.816,53480.0,427.84,53578,428.624,101.0,0.808,0.04,0.0,0.8,excluded_by_both,True,True,True,False,False,unassigned,125,envelope_plateau,envelope_plateau_v1,frozen_llm_scipy_find_peaks,True,True,False,53476,53474,53476,53477,53477,53478,53482,53479,53482,6
bidmc-37-fg-0145,37,145,featuregraph_only,burst,bidmc-37-burst-006,7,144,146,53480.0,427.84,53483.0,427.864,53486.0,427.888,53584,428.672,101.0,0.808,0.048,0.0,1.0,excluded_by_both,True,True,True,False,False,unassigned,125,envelope_plateau,envelope_plateau_v1,frozen_llm_scipy_find_peaks,True,True,False,53482,53479,53482,53483,53483,53484,53487,53485,53487,6
bidmc-37-fg-0146,37,146,featuregraph_only,burst,bidmc-37-burst-006,7,145,147,53486.0,427.888,53488.0,427.904,53491.0,427.928,53589,428.712,101.0,0.808,0.04,0.0,0.8,excluded_by_both,True,True,True,False,False,unassigned,125,envelope_plateau,envelope_plateau_v1,frozen_llm_scipy_find_peaks,True,True,False,53487,53485,53487,53488,53488,53489,53492,53490,53492,6
bidmc-37-fg-0148,37,148,featuregraph_only,burst,bidmc-37-burst-007,11,147,149,53668.0,429.344,53671.0,429.368,53673.0,429.384,53772,430.176,101.0,0.808,0.632,0.0,0.8,excluded_by_both,True,True,True,False,False,unassigned,125,envelope_plateau,envelope_plateau_v1,frozen_llm_scipy_find_peaks,True,True,False,53669,53668,53669,53670,53670,53672,53674,53673,53674,7
bidmc-37-fg-0149,37,149,featuregraph_only,burst,bidmc-37-burst-007,11,148,150,53673.0,429.384,53676.0,429.408,53678.0,429.424,53777,430.216,101.0,0.808,0.04,0.0,0.8,excluded_by_both,True,True,True,False,False,unassigned,125,envelope_plateau,envelope_plateau_v1,frozen_llm_scipy_find_peaks,True,True,False,53674,53673,53674,53675,53675,53677,53679,53678,53679,7
bidmc-37-fg-0150,37,150,featuregraph_only,burst,bidmc-37-burst-007,11,149,151,53678.0,429.424,53681.0,429.448,53684.0,429.472,53783,430.264,102.0,0.816,0.04,0.0,1.0,excluded_by_both,True,True,True,False,False,unassigned,125,envelope_plateau,envelope_plateau_v1,frozen_llm_scipy_find_peaks,True,True,False,53679,53678,53679,53680,53680,53683,53685,53684,53685,7
bidmc-37-fg-0151,37,151,featuregraph_only,burst,bidmc-37-burst-007,11,150,152,53684.0,429.472,53687.0,429.496,53689.0,429.512,53788,430.304,101.0,0.808,0.048,0.0,0.8,excluded_by_both,True,True,True,False,False,unassigned,125,envelope_plateau,envelope_plateau_v1,frozen_llm_scipy_find_peaks,True,True,False,53685,53684,53685,53686,53686,53688,53690,53689,53690,7
bidmc-37-fg-0152,37,152,featuregraph_only,burst,bidmc-37-burst-007,11,151,153,53689.0,429.512,53692.0,429.536,53694.0,429.552,53793,430.344,101.0,0.808,0.04,0.0,0.8,excluded_by_both,True,True,True,False,False,unassigned,125,envelope_plateau,envelope_plateau_v1,frozen_llm_scipy_find_peaks,True,True,False,53690,53689,53690,53691,53691,53693,53695,53694,53695,7
bidmc-37-fg-0153,37,153,featuregraph_only,burst,bidmc-37-burst-007,11,152,154,53694.0,429.552,53697.0,429.576,53700.0,429.6,53799,430.392,102.0,0.816,0.04,0.0,1.0,excluded_by_both,True,True,True,False,False,unassigned,125,envelope_plateau,envelope_plateau_v1,frozen_llm_scipy_find_peaks,True,True,False,53695,53694,53695,53696,53696,53699,53701,53700,53701,7
bidmc-37-fg-0154,37,154,featuregraph_only,burst,bidmc-37-burst-007,11,153,155,53700.0,429.6,53703.0,429.624,53705.0,429.64,53804,430.432,101.0,0.808,0.048,0.0,0.8,excluded_by_both,True,True,True,False,False,unassigned,125,envelope_plateau,envelope_plateau_v1,frozen_llm_scipy_find_peaks,True,True,False,53701,53700,53701,53702,53702,53704,53706,53705,53706,7
bidmc-37-fg-0155,37,155,featuregraph_only,burst,bidmc-37-burst-007,11,154,156,53705.0,429.64,53708.0,429.664,53710.0,429.68,53809,430.472,101.0,0.808,0.04,0.0,0.8,excluded_by_both,True,True,True,False,False,unassigned,125,envelope_plateau,envelope_plateau_v1,frozen_llm_scipy_find_peaks,True,True,False,53706,53705,53706,53707,53707,53709,53711,53710,53711,7
bidmc-37-fg-0156,37,156,featuregraph_only,burst,bidmc-37-burst-007,11,155,157,53710.0,429.68,53713.0,429.704,53716.0,429.728,53815,430.52,102.0,0.816,0.04,0.0,1.0,excluded_by_both,True,True,True,False,False,unassigned,125,envelope_plateau,envelope_plateau_v1,frozen_llm_scipy_find_peaks,True,True,False,53711,53710,53711,53712,53712,53715,53717,53716,53717,7
bidmc-37-fg-0157,37,157,featuregraph_only,burst,bidmc-37-burst-007,11,156,158,53716.0,429.728,53719.0,429.752,53721.0,429.768,53820,430.56,101.0,0.808,0.048,0.0,0.8,excluded_by_both,True,True,True,False,False,unassigned,125,envelope_plateau,envelope_plateau_v1,frozen_llm_scipy_find_peaks,True,True,False,53717,53716,53717,53718,53718,53720,53722,53721,53722,7
bidmc-37-fg-0158,37,158,featuregraph_only,burst,bidmc-37-burst-007,11,157,159,53721.0,429.768,53724.0,429.792,53726.0,429.808,53825,430.6,101.0,0.808,0.04,0.0,0.8,excluded_by_both,True,True,True,False,False,unassigned,125,envelope_plateau,envelope_plateau_v1,frozen_llm_scipy_find_peaks,True,True,False,53722,53721,53722,53723,53723,53725,53727,53726,53727,7
bidmc-37-fg-0160,37,160,featuregraph_only,isolated,bidmc-37-burst-008,1,159,161,53728.0,429.824,53769.0,430.152,53977.0,431.816,53873,430.984,104.0,0.832,0.328,1.25835,0.3293172690763052,retained_by_both,False,False,False,True,False,unassigned,125,envelope_plateau,envelope_plateau_v1,frozen_llm_scipy_find_peaks,True,True,False,53729,53728,53729,53765,53765,53773,53977,53977,53977,8
bidmc-38-fg-0047,38,47,featuregraph_only,isolated,bidmc-38-burst-001,1,46,48,21673.0,173.384,22006.0,176.048,22318.0,178.544,22316,178.528,310.0,2.48,4.632,1.0,0.9674418604651163,retained_by_both,False,False,False,True,False,unassigned,125,envelope_plateau,envelope_plateau_v1,frozen_llm_scipy_find_peaks,True,True,False,21673,21673,21673,21796,21796,22216,22318,22318,22318,1
bidmc-38-fg-0051,38,51,featuregraph_only,burst,bidmc-38-burst-002,2,50,52,23137.0,185.096,23152.0,185.216,23211.0,185.688,23252,186.016,100.0,0.8,1.48,0.10458999999999996,0.4054054054054054,excluded_by_both,True,True,True,False,False,unassigned,125,envelope_plateau,envelope_plateau_v1,frozen_llm_scipy_find_peaks,True,True,False,23137,23137,23137,23152,23152,23152,23211,23211,23211,2
bidmc-38-fg-0052,38,52,featuregraph_only,burst,bidmc-38-burst-002,2,51,53,23211.0,185.688,23499.0,187.992,23750.0,190.0,23726,189.808,227.0,1.816,2.776,0.7585500000000001,0.9313543599257885,retained_by_both,False,False,False,True,False,unassigned,125,envelope_plateau,envelope_plateau_v1,frozen_llm_scipy_find_peaks,True,True,False,23211,23211,23211,23372,23372,23626,23750,23750,23750,2
bidmc-38-fg-0091,38,91,featuregraph_only,isolated,bidmc-38-burst-003,1,90,92,39389.0,315.112,39397.0,315.176,39419.0,315.352,39498,315.984,101.0,0.808,2.256,0.07527,0.5333333333333333,excluded_by_both,True,True,True,False,False,unassigned,125,envelope_plateau,envelope_plateau_v1,frozen_llm_scipy_find_peaks,True,True,False,39389,39389,39389,39396,39396,39398,39419,39419,39419,3
bidmc-38-fg-0093,38,93,featuregraph_only,isolated,bidmc-38-burst-004,1,92,94,39679.0,317.432,39755.0,318.04,39893.0,319.144,39856,318.848,101.0,0.808,1.672,0.39492,0.7102803738317758,excluded_by_both,True,True,True,False,False,unassigned,125,envelope_plateau,envelope_plateau_v1,frozen_llm_scipy_find_peaks,True,True,False,39679,39679,39679,39755,39755,39756,39893,39893,39893,4
bidmc-38-fg-0097,38,97,featuregraph_only,isolated,bidmc-38-burst-005,1,96,98,41364.0,330.912,41373.0,330.984,41403.0,331.224,41474,331.792,101.0,0.808,2.096,0.18768,0.46153846153846156,excluded_by_both,True,True,True,False,False,unassigned,125,envelope_plateau,envelope_plateau_v1,frozen_llm_scipy_find_peaks,True,True,False,41364,41364,41364,41372,41372,41374,41404,41403,41404,5
bidmc-38-fg-0102,38,102,featuregraph_only,burst,bidmc-38-burst-006,4,101,103,43099.0,344.792,43254.0,346.032,43516.0,348.128,43354,346.832,100.0,0.8,3.4,0.68719,0.7434052757793765,excluded_by_ann1,True,False,False,True,False,unassigned,125,envelope_plateau,envelope_plateau_v1,frozen_llm_scipy_find_peaks,True,True,False,43099,43099,43099,43254,43254,43254,43516,43516,43516,6
bidmc-38-fg-0103,38,103,featuregraph_only,burst,bidmc-38-burst-006,4,102,104,43516.0,348.128,43877.0,351.016,44041.0,352.328,43990,351.92,113.0,0.904,4.984,1.0,0.6247619047619047,retained_by_both,False,False,False,True,False,unassigned,125,envelope_plateau,envelope_plateau_v1,frozen_llm_scipy_find_peaks,True,True,False,43516,43516,43516,43864,43864,43890,44041,44041,44041,6
bidmc-38-fg-0104,38,104,featuregraph_only,burst,bidmc-38-burst-006,4,103,105,44041.0,352.328,44066.0,352.528,44121.0,352.968,44166,353.328,100.0,0.8,1.512,0.18377,0.625,excluded_by_both,True,True,True,False,False,unassigned,125,envelope_plateau,envelope_plateau_v1,frozen_llm_scipy_find_peaks,True,True,False,44041,44041,44041,44066,44066,44066,44121,44121,44121,6
bidmc-38-fg-0105,38,105,featuregraph_only,burst,bidmc-38-burst-006,4,104,106,44121.0,352.968,44244.0,353.952,44547.0,356.376,44344,354.752,100.0,0.8,1.424,0.91398,0.5774647887323944,excluded_by_ann1,True,False,False,True,False,unassigned,125,envelope_plateau,envelope_plateau_v1,frozen_llm_scipy_find_peaks,True,True,False,44121,44121,44121,44244,44244,44244,44547,44547,44547,6
bidmc-38-fg-0114,38,114,featuregraph_only,isolated,bidmc-38-burst-007,1,113,115,48834.0,390.672,49094.0,392.752,49324.0,394.592,49339,394.712,245.0,1.96,4.608,1.0,0.9387755102040817,excluded_by_ann2,False,True,False,True,False,unassigned,125,envelope_plateau,envelope_plateau_v1,frozen_llm_scipy_find_peaks,True,True,False,48834,48834,48834,48950,48950,49239,49339,49310,49339,7
bidmc-38-fg-0131,38,131,featuregraph_only,isolated,bidmc-38-burst-008,1,130,132,56281.0,450.248,56285.0,450.28,56288.0,450.304,56386,451.088,101.0,0.808,1.512,0.005869999999999986,0.8571428571428572,excluded_by_both,True,True,True,False,False,unassigned,125,envelope_plateau,envelope_plateau_v1,frozen_llm_scipy_find_peaks,True,True,False,56283,56279,56283,56284,56284,56286,56290,56287,56290,8
bidmc-39-fg-0001,39,1,featuregraph_only,isolated,bidmc-39-burst-001,1,0,2,414.0,3.312,633.0,5.064,917.0,7.336,819,6.552,186.0,1.488,,1.0,0.8707753479125249,retained_by_both,False,False,False,True,False,unassigned,125,envelope_plateau,envelope_plateau_v1,frozen_llm_scipy_find_peaks,True,True,False,430,398,430,547,547,719,944,890,944,1
bidmc-39-fg-0005,39,5,featuregraph_only,burst,bidmc-39-burst-002,2,4,6,2453.0,19.624,2672.0,21.376,2948.0,23.584,2857,22.856,185.0,1.48,3.896,1.0,0.8848484848484849,retained_by_both,False,False,False,True,False,unassigned,125,envelope_plateau,envelope_plateau_v1,frozen_llm_scipy_find_peaks,True,True,False,2470,2436,2470,2587,2587,2757,2987,2910,2987,2
bidmc-39-fg-0006,39,6,featuregraph_only,burst,bidmc-39-burst-002,2,5,7,2948.0,23.584,3193.0,25.544,3476.0,27.808,3375,27.0,182.0,1.456,4.168,1.0,0.928030303030303,retained_by_both,False,False,False,True,False,unassigned,125,envelope_plateau,envelope_plateau_v1,frozen_llm_scipy_find_peaks,True,True,False,2987,2910,2987,3111,3111,3275,3512,3440,3512,2
bidmc-39-fg-0009,39,9,featuregraph_only,isolated,bidmc-39-burst-003,1,8,10,4470.0,35.76,4694.0,37.552,4975.0,39.8,4875,39.0,181.0,1.448,4.032,1.0,0.8871287128712871,retained_by_both,False,False,False,True,False,unassigned,125,envelope_plateau,envelope_plateau_v1,frozen_llm_scipy_find_peaks,True,True,False,4496,4444,4496,4613,4613,4775,5012,4938,5012,3
bidmc-39-fg-0012,39,12,featuregraph_only,isolated,bidmc-39-burst-004,1,11,13,6078.0,48.624,6320.0,50.56,6583.0,52.664,6501,52.008,181.0,1.448,4.08,1.0,0.9584158415841584,retained_by_both,False,False,False,True,False,unassigned,125,envelope_plateau,envelope_plateau_v1,frozen_llm_scipy_find_peaks,True,True,False,6112,6044,6112,6239,6239,6401,6618,6548,6618,4
bidmc-39-fg-0014,39,14,featuregraph_only,isolated,bidmc-39-burst-005,1,13,15,7154.0,57.232,7416.0,59.328,7690.0,61.52,7595,60.76,179.0,1.432,4.664,1.0,0.9776119402985075,retained_by_both,False,False,False,True,False,unassigned,125,envelope_plateau,envelope_plateau_v1,frozen_llm_scipy_find_peaks,True,True,False,7208,7100,7208,7337,7337,7495,7734,7646,7734,5
bidmc-39-fg-0021,39,21,featuregraph_only,isolated,bidmc-39-burst-006,1,20,22,10602.0,84.816,10906.0,87.248,11169.0,89.352,11089,88.712,183.0,1.464,4.712,1.0,0.9276895943562611,retained_by_both,False,False,False,True,False,unassigned,125,envelope_plateau,envelope_plateau_v1,frozen_llm_scipy_find_peaks,True,True,False,10639,10566,10639,10823,10823,10989,11198,11140,11198,6
bidmc-39-fg-0023,39,23,featuregraph_only,isolated,bidmc-39-burst-007,1,22,24,11640.0,93.12,11856.0,94.848,12099.0,96.792,12023,96.184,167.0,1.336,3.664,1.0,0.9411764705882353,retained_by_both,False,False,False,True,False,unassigned,125,envelope_plateau,envelope_plateau_v1,frozen_llm_scipy_find_peaks,True,True,False,11668,11612,11668,11789,11789,11923,12130,12068,12130,7
bidmc-39-fg-0025,39,25,featuregraph_only,burst,bidmc-39-burst-008,5,24,26,12606.0,100.848,12928.0,103.424,13173.0,105.384,13109,104.872,181.0,1.448,4.664,1.0,0.8641975308641976,retained_by_both,False,False,False,True,False,unassigned,125,envelope_plateau,envelope_plateau_v1,frozen_llm_scipy_find_peaks,True,True,False,12634,12578,12634,12847,12847,13009,13198,13148,13198,8
bidmc-39-fg-0026,39,26,featuregraph_only,burst,bidmc-39-burst-008,5,25,27,13173.0,105.384,13473.0,107.784,13752.0,110.016,13657,109.256,184.0,1.472,4.36,1.0,0.9637305699481865,retained_by_both,False,False,False,True,False,unassigned,125,envelope_plateau,envelope_plateau_v1,frozen_llm_scipy_find_peaks,True,True,False,13198,13148,13198,13389,13389,13557,13798,13706,13798,8
bidmc-39-fg-0027,39,27,featuregraph_only,burst,bidmc-39-burst-008,5,26,28,13752.0,110.016,14013.0,112.104,14281.0,114.248,14197,113.576,184.0,1.472,4.32,1.0,0.9867674858223062,retained_by_both,False,False,False,True,False,unassigned,125,envelope_plateau,envelope_plateau_v1,frozen_llm_scipy_find_peaks,True,True,False,13798,13706,13798,13929,13929,14097,14314,14248,14314,8
bidmc-39-fg-0028,39,28,featuregraph_only,burst,bidmc-39-burst-008,5,27,29,14281.0,114.248,14518.0,116.144,14799.0,118.392,14703,117.624,185.0,1.48,4.04,1.0,0.915057915057915,retained_by_both,False,False,False,True,False,unassigned,125,envelope_plateau,envelope_plateau_v1,frozen_llm_scipy_find_peaks,True,True,False,14314,14248,14314,14433,14433,14603,14842,14756,14842,8
bidmc-39-fg-0029,39,29,featuregraph_only,burst,bidmc-39-burst-008,5,28,30,14799.0,118.392,15049.0,120.392,15322.0,122.576,15231,121.848,182.0,1.456,4.248,1.0,0.9560229445506692,retained_by_both,False,False,False,True,False,unassigned,125,envelope_plateau,envelope_plateau_v1,frozen_llm_scipy_find_peaks,True,True,False,14842,14756,14842,14967,14967,15131,15358,15286,15358,8
bidmc-39-fg-0033,39,33,featuregraph_only,burst,bidmc-39-burst-009,5,32,34,16798.0,134.384,17024.0,136.192,17313.0,138.504,17209,137.672,185.0,1.48,3.848,1.0,0.8776699029126214,retained_by_both,False,False,False,True,False,unassigned,125,envelope_plateau,envelope_plateau_v1,frozen_llm_scipy_find_peaks,True,True,False,16822,16774,16822,16940,16940,17109,17364,17262,17364,9
bidmc-39-fg-0034,39,34,featuregraph_only,burst,bidmc-39-burst-009,5,33,35,17313.0,138.504,17569.0,140.552,17847.0,142.776,17752,142.016,183.0,1.464,4.36,1.0,0.9588014981273408,retained_by_both,False,False,False,True,False,unassigned,125,envelope_plateau,envelope_plateau_v1,frozen_llm_scipy_find_peaks,True,True,False,17364,17262,17364,17487,17487,17652,17892,17802,17892,9
bidmc-39-fg-0035,39,35,featuregraph_only,burst,bidmc-39-burst-009,5,34,36,17847.0,142.776,18101.0,144.808,18399.0,147.192,18287,146.296,186.0,1.488,4.256,1.0,0.9202898550724637,retained_by_both,False,False,False,True,False,unassigned,125,envelope_plateau,envelope_plateau_v1,frozen_llm_scipy_find_peaks,True,True,False,17892,17802,17892,18016,18016,18187,18434,18364,18434,9
bidmc-39-fg-0036,39,36,featuregraph_only,burst,bidmc-39-burst-009,5,35,37,18399.0,147.192,18642.0,149.136,18929.0,151.432,18832,150.656,190.0,1.52,4.328,1.0,0.9169811320754717,retained_by_both,False,False,False,True,False,unassigned,125,envelope_plateau,envelope_plateau_v1,frozen_llm_scipy_find_peaks,True,True,False,18434,18364,18434,18553,18553,18732,18964,18894,18964,9
bidmc-39-fg-0037,39,37,featuregraph_only,burst,bidmc-39-burst-009,5,36,38,18929.0,151.432,19170.0,153.36,19441.0,155.528,19353,154.824,183.0,1.464,4.224,1.0,0.94140625,retained_by_both,False,False,False,True,False,unassigned,125,envelope_plateau,envelope_plateau_v1,frozen_llm_scipy_find_peaks,True,True,False,18964,18894,18964,19087,19087,19253,19480,19402,19480,9
bidmc-39-fg-0039,39,39,featuregraph_only,burst,bidmc-39-burst-010,2,38,40,19975.0,159.8,20196.0,161.568,20470.0,163.76,20377,163.016,181.0,1.448,3.848,1.0,0.8929292929292929,retained_by_both,False,False,False,True,False,unassigned,125,envelope_plateau,envelope_plateau_v1,frozen_llm_scipy_find_peaks,True,True,False,19998,19952,19998,20115,20115,20277,20512,20428,20512,10
bidmc-39-fg-0040,39,40,featuregraph_only,burst,bidmc-39-burst-010,2,39,41,20470.0,163.76,20723.0,165.784,20996.0,167.968,20911,167.288,188.0,1.504,4.216,1.0,0.9619771863117871,retained_by_both,False,False,False,True,False,unassigned,125,envelope_plateau,envelope_plateau_v1,frozen_llm_scipy_find_peaks,True,True,False,20512,20428,20512,20635,20635,20811,21032,20960,21032,10
bidmc-39-fg-0042,39,42,featuregraph_only,burst,bidmc-39-burst-011,2,41,43,21486.0,171.888,21718.0,173.744,21982.0,175.856,21907,175.256,189.0,1.512,3.872,1.0,0.935483870967742,retained_by_both,False,False,False,True,False,unassigned,125,envelope_plateau,envelope_plateau_v1,frozen_llm_scipy_find_peaks,True,True,False,21512,21460,21512,21629,21629,21807,22016,21948,22016,11
bidmc-39-fg-0043,39,43,featuregraph_only,burst,bidmc-39-burst-011,2,42,44,21982.0,175.856,22223.0,177.784,22518.0,180.144,22411,179.288,188.0,1.504,4.04,1.0,0.8992537313432836,retained_by_both,False,False,False,True,False,unassigned,125,envelope_plateau,envelope_plateau_v1,frozen_llm_scipy_find_peaks,True,True,False,22016,21948,22016,22135,22135,22311,22564,22472,22564,11
bidmc-39-fg-0045,39,45,featuregraph_only,burst,bidmc-39-burst-012,6,44,46,23047.0,184.376,23315.0,186.52,23572.0,188.576,23497,187.976,182.0,1.456,4.264,1.0,0.979047619047619,retained_by_both,False,False,False,True,False,unassigned,125,envelope_plateau,envelope_plateau_v1,frozen_llm_scipy_find_peaks,True,True,False,23074,23020,23074,23233,23233,23397,23594,23550,23594,12
bidmc-39-fg-0046,39,46,featuregraph_only,burst,bidmc-39-burst-012,6,45,47,23572.0,188.576,23793.0,190.344,24060.0,192.48,23977,191.816,184.0,1.472,3.824,1.0,0.9057377049180328,retained_by_both,False,False,False,True,False,unassigned,125,envelope_plateau,envelope_plateau_v1,frozen_llm_scipy_find_peaks,True,True,False,23594,23550,23594,23709,23709,23877,24098,24022,24098,12
bidmc-39-fg-0047,39,47,featuregraph_only,burst,bidmc-39-burst-012,6,46,48,24060.0,192.48,24304.0,194.432,24571.0,196.568,24489,195.912,185.0,1.48,4.088,1.0,0.9549902152641878,retained_by_both,False,False,False,True,False,unassigned,125,envelope_plateau,envelope_plateau_v1,frozen_llm_scipy_find_peaks,True,True,False,24098,24022,24098,24219,24219,24389,24614,24528,24614,12
bidmc-39-fg-0048,39,48,featuregraph_only,burst,bidmc-39-burst-012,6,47,49,24571.0,196.568,24827.0,198.616,25105.0,200.84,25015,200.12,188.0,1.504,4.184,1.0,0.9588014981273408,retained_by_both,False,False,False,True,False,unassigned,125,envelope_plateau,envelope_plateau_v1,frozen_llm_scipy_find_peaks,True,True,False,24614,24528,24614,24739,24739,24915,25142,25068,25142,12
bidmc-39-fg-0049,39,49,featuregraph_only,burst,bidmc-39-burst-012,6,48,50,25105.0,200.84,25345.0,202.76,25606.0,204.848,25527,204.216,182.0,1.456,4.144,1.0,0.9580838323353293,retained_by_both,False,False,False,True,False,unassigned,125,envelope_plateau,envelope_plateau_v1,frozen_llm_scipy_find_peaks,True,True,False,25142,25068,25142,25263,25263,25427,25638,25574,25638,12
bidmc-39-fg-0050,39,50,featuregraph_only,burst,bidmc-39-burst-012,6,49,51,25606.0,204.848,25840.0,206.72,26108.0,208.864,26025,208.2,185.0,1.48,3.96,1.0,0.9322709163346614,retained_by_both,False,False,False,True,False,unassigned,125,envelope_plateau,envelope_plateau_v1,frozen_llm_scipy_find_peaks,True,True,False,25638,25574,25638,25755,25755,25925,26154,26062,26154,12
bidmc-39-fg-0052,39,52,featuregraph_only,isolated,bidmc-39-burst-013,1,51,53,26611.0,212.888,26892.0,215.136,27168.0,217.344,27079,216.632,187.0,1.496,4.304,1.0,0.9910233393177738,retained_by_both,False,False,False,True,False,unassigned,125,envelope_plateau,envelope_plateau_v1,frozen_llm_scipy_find_peaks,True,True,False,26642,26580,26642,26805,26805,26979,27211,27126,27211,13
bidmc-39-fg-0054,39,54,featuregraph_only,burst,bidmc-39-burst-014,2,53,55,27692.0,221.536,27952.0,223.616,28211.0,225.688,28133,225.064,181.0,1.448,4.152,1.0,0.9980732177263969,retained_by_both,False,False,False,True,False,unassigned,125,envelope_plateau,envelope_plateau_v1,frozen_llm_scipy_find_peaks,True,True,False,27726,27658,27726,27871,27871,28033,28248,28174,28248,14
bidmc-39-fg-0055,39,55,featuregraph_only,burst,bidmc-39-burst-014,2,54,56,28211.0,225.688,28450.0,227.6,28714.0,229.712,28631,229.048,181.0,1.448,3.984,1.0,0.9502982107355865,retained_by_both,False,False,False,True,False,unassigned,125,envelope_plateau,envelope_plateau_v1,frozen_llm_scipy_find_peaks,True,True,False,28248,28174,28248,28369,28369,28531,28752,28676,28752,14
bidmc-39-fg-0057,39,57,featuregraph_only,burst,bidmc-39-burst-015,8,56,58,29208.0,233.664,29443.0,235.544,29697.0,237.576,29619,236.952,176.0,1.408,3.872,1.0,0.9611451942740287,retained_by_both,False,False,False,True,False,unassigned,125,envelope_plateau,envelope_plateau_v1,frozen_llm_scipy_find_peaks,True,True,False,29244,29172,29244,29367,29367,29519,29742,29652,29742,15
bidmc-39-fg-0058,39,58,featuregraph_only,burst,bidmc-39-burst-015,8,57,59,29697.0,237.576,29951.0,239.608,30194.0,241.552,30131,241.048,180.0,1.44,4.064,1.0,0.9778672032193159,retained_by_both,False,False,False,True,False,unassigned,125,envelope_plateau,envelope_plateau_v1,frozen_llm_scipy_find_peaks,True,True,False,29742,29652,29742,29871,29871,30031,30228,30160,30228,15
bidmc-39-fg-0059,39,59,featuregraph_only,burst,bidmc-39-burst-015,8,58,60,30194.0,241.552,30417.0,243.336,30670.0,245.36,30589,244.712,172.0,1.376,3.728,1.0,0.9369747899159664,retained_by_both,False,False,False,True,False,unassigned,125,envelope_plateau,envelope_plateau_v1,frozen_llm_scipy_find_peaks,True,True,False,30228,30160,30228,30345,30345,30489,30712,30628,30712,15
bidmc-39-fg-0060,39,60,featuregraph_only,burst,bidmc-39-burst-015,8,59,61,30670.0,245.36,30937.0,247.496,31205.0,249.64,31115,248.92,178.0,1.424,4.16,1.0,0.9981308411214953,retained_by_both,False,False,False,True,False,unassigned,125,envelope_plateau,envelope_plateau_v1,frozen_llm_scipy_find_peaks,True,True,False,30712,30628,30712,30859,30859,31015,31254,31156,31254,15
bidmc-39-fg-0061,39,61,featuregraph_only,burst,bidmc-39-burst-015,8,60,62,31205.0,249.64,31478.0,251.824,31754.0,254.032,31661,253.288,183.0,1.464,4.328,1.0,0.994535519125683,retained_by_both,False,False,False,True,False,unassigned,125,envelope_plateau,envelope_plateau_v1,frozen_llm_scipy_find_peaks,True,True,False,31254,31156,31254,31395,31395,31561,31804,31704,31804,15
bidmc-39-fg-0062,39,62,featuregraph_only,burst,bidmc-39-burst-015,8,61,63,31754.0,254.032,32013.0,256.104,32282.0,258.256,32197,257.576,184.0,1.472,4.28,1.0,0.9810606060606061,retained_by_both,False,False,False,True,False,unassigned,125,envelope_plateau,envelope_plateau_v1,frozen_llm_scipy_find_peaks,True,True,False,31804,31704,31804,31929,31929,32097,32314,32250,32314,15
bidmc-39-fg-0063,39,63,featuregraph_only,burst,bidmc-39-burst-015,8,62,64,32282.0,258.256,32517.0,260.136,32791.0,262.328,32699,261.592,182.0,1.456,4.032,1.0,0.9233791748526523,retained_by_both,False,False,False,True,False,unassigned,125,envelope_plateau,envelope_plateau_v1,frozen_llm_scipy_find_peaks,True,True,False,32314,32250,32314,32435,32435,32599,32834,32749,32834,15
bidmc-39-fg-0064,39,64,featuregraph_only,burst,bidmc-39-burst-015,8,63,65,32791.0,262.328,33043.0,264.344,33344.0,266.752,33227,265.816,184.0,1.472,4.208,1.0,0.9113924050632911,retained_by_both,False,False,False,True,False,unassigned,125,envelope_plateau,envelope_plateau_v1,frozen_llm_scipy_find_peaks,True,True,False,32834,32749,32834,32959,32959,33127,33394,33294,33394,15
bidmc-39-fg-0066,39,66,featuregraph_only,isolated,bidmc-39-burst-016,1,65,67,33868.0,270.944,34081.0,272.648,34359.0,274.872,34257,274.056,176.0,1.408,3.792,1.0,0.8676171079429735,retained_by_both,False,False,False,True,False,unassigned,125,envelope_plateau,envelope_plateau_v1,frozen_llm_scipy_find_peaks,True,True,False,33888,33848,33888,34005,34005,34157,34400,34318,34400,16
bidmc-39-fg-0068,39,68,featuregraph_only,burst,bidmc-39-burst-017,9,67,69,34880.0,279.04,35113.0,280.904,35399.0,283.192,35297,282.376,184.0,1.472,4.128,1.0,0.8978805394990366,retained_by_both,False,False,False,True,False,unassigned,125,envelope_plateau,envelope_plateau_v1,frozen_llm_scipy_find_peaks,True,True,False,34910,34850,34910,35029,35029,35197,35434,35364,35434,17
bidmc-39-fg-0069,39,69,featuregraph_only,burst,bidmc-39-burst-017,9,68,70,35399.0,283.192,35640.0,285.12,35933.0,287.464,35827,286.616,187.0,1.496,4.216,1.0,0.9026217228464419,retained_by_both,False,False,False,True,False,unassigned,125,envelope_plateau,envelope_plateau_v1,frozen_llm_scipy_find_peaks,True,True,False,35434,35364,35434,35553,35553,35727,35970,35896,35970,17
bidmc-39-fg-0070,39,70,featuregraph_only,burst,bidmc-39-burst-017,9,69,71,35933.0,287.464,36175.0,289.4,36477.0,291.816,36357,290.856,182.0,1.456,4.28,1.0,0.8897058823529411,retained_by_both,False,False,False,True,False,unassigned,125,envelope_plateau,envelope_plateau_v1,frozen_llm_scipy_find_peaks,True,True,False,35970,35896,35970,36093,36093,36257,36524,36430,36524,17
bidmc-39-fg-0071,39,71,featuregraph_only,burst,bidmc-39-burst-017,9,70,72,36477.0,291.816,36737.0,293.896,37002.0,296.016,36921,295.368,184.0,1.472,4.496,1.0,0.9904761904761905,retained_by_both,False,False,False,True,False,unassigned,125,envelope_plateau,envelope_plateau_v1,frozen_llm_scipy_find_peaks,True,True,False,36524,36430,36524,36653,36653,36821,37042,36963,37042,17
bidmc-39-fg-0072,39,72,featuregraph_only,burst,bidmc-39-burst-017,9,71,73,37002.0,296.016,37254.0,298.032,37524.0,300.192,37437,299.496,183.0,1.464,4.136,1.0,0.9655172413793104,retained_by_both,False,False,False,True,False,unassigned,125,envelope_plateau,envelope_plateau_v1,frozen_llm_scipy_find_peaks,True,True,False,37042,36963,37042,37171,37171,37337,37556,37492,37556,17
bidmc-39-fg-0073,39,73,featuregraph_only,burst,bidmc-39-burst-017,9,72,74,37524.0,300.192,37759.0,302.072,38040.0,304.32,37945,303.56,186.0,1.488,4.04,1.0,0.9108527131782945,retained_by_both,False,False,False,True,False,unassigned,125,envelope_plateau,envelope_plateau_v1,frozen_llm_scipy_find_peaks,True,True,False,37556,37492,37556,37673,37673,37845,38078,38003,38078,17
bidmc-39-fg-0074,39,74,featuregraph_only,burst,bidmc-39-burst-017,9,73,75,38040.0,304.32,38282.0,306.256,38563.0,308.504,38465,307.72,183.0,1.464,4.184,1.0,0.9254302103250478,retained_by_both,False,False,False,True,False,unassigned,125,envelope_plateau,envelope_plateau_v1,frozen_llm_scipy_find_peaks,True,True,False,38078,38003,38078,38199,38199,38365,38602,38524,38602,17
bidmc-39-fg-0075,39,75,featuregraph_only,burst,bidmc-39-burst-017,9,74,76,38563.0,308.504,38807.0,310.456,39089.0,312.712,38989,311.912,182.0,1.456,4.2,1.0,0.9277566539923955,retained_by_both,False,False,False,True,False,unassigned,125,envelope_plateau,envelope_plateau_v1,frozen_llm_scipy_find_peaks,True,True,False,38602,38524,38602,38725,38725,38889,39130,39048,39130,17
bidmc-39-fg-0076,39,76,featuregraph_only,burst,bidmc-39-burst-017,9,75,77,39089.0,312.712,39338.0,314.704,39618.0,316.944,39523,316.184,185.0,1.48,4.248,1.0,0.941398865784499,retained_by_both,False,False,False,True,False,unassigned,125,envelope_plateau,envelope_plateau_v1,frozen_llm_scipy_find_peaks,True,True,False,39130,39048,39130,39253,39253,39423,39652,39584,39652,17
bidmc-39-fg-0081,39,81,featuregraph_only,burst,bidmc-39-burst-018,2,80,82,41531.0,332.248,41759.0,334.072,42017.0,336.136,41941,335.528,182.0,1.456,3.944,1.0,0.9382716049382716,retained_by_both,False,False,False,True,False,unassigned,125,envelope_plateau,envelope_plateau_v1,frozen_llm_scipy_find_peaks,True,True,False,41558,41504,41558,41677,41677,41841,42056,41978,42056,18
bidmc-39-fg-0082,39,82,featuregraph_only,burst,bidmc-39-burst-018,2,81,83,42017.0,336.136,42267.0,338.136,42558.0,340.464,42453,339.624,186.0,1.488,4.064,1.0,0.9242144177449169,retained_by_both,False,False,False,True,False,unassigned,125,envelope_plateau,envelope_plateau_v1,frozen_llm_scipy_find_peaks,True,True,False,42056,41978,42056,42181,42181,42353,42610,42506,42610,18
bidmc-39-fg-0084,39,84,featuregraph_only,isolated,bidmc-39-burst-019,1,83,85,43046.0,344.368,43235.0,345.88,43475.0,347.8,43409,347.272,174.0,1.392,3.352,1.0,0.8811188811188811,retained_by_both,False,False,False,True,False,unassigned,125,envelope_plateau,envelope_plateau_v1,frozen_llm_scipy_find_peaks,True,True,False,43046,43046,43046,43161,43161,43309,43508,43442,43508,19
bidmc-39-fg-0086,39,86,featuregraph_only,isolated,bidmc-39-burst-020,1,85,87,43985.0,351.88,44206.0,353.648,44395.0,355.16,44377,355.016,171.0,1.368,3.832,1.0,0.9219512195121952,retained_by_both,False,False,False,True,False,unassigned,125,envelope_plateau,envelope_plateau_v1,frozen_llm_scipy_find_peaks,True,True,False,44016,43954,44016,44135,44135,44277,44395,44395,44395,20
bidmc-39-fg-0090,39,90,featuregraph_only,isolated,bidmc-39-burst-021,1,89,91,45813.0,366.504,46034.0,368.272,46292.0,370.336,46209,369.672,175.0,1.4,3.704,1.0,0.9227557411273486,retained_by_both,False,False,False,True,False,unassigned,125,envelope_plateau,envelope_plateau_v1,frozen_llm_scipy_find_peaks,True,True,False,45834,45792,45834,45959,45959,46109,46318,46266,46318,21
bidmc-39-fg-0100,39,100,featuregraph_only,burst,bidmc-39-burst-022,2,99,101,51991.0,415.928,52241.0,417.928,52552.0,420.416,52435,419.48,194.0,1.552,4.528,1.0,0.8912655971479501,retained_by_both,False,False,False,True,False,unassigned,125,envelope_plateau,envelope_plateau_v1,frozen_llm_scipy_find_peaks,True,True,False,52026,51956,52026,52147,52147,52335,52600,52504,52600,22
bidmc-39-fg-0101,39,101,featuregraph_only,burst,bidmc-39-burst-022,2,100,102,52552.0,420.416,52831.0,422.648,53135.0,425.08,53029,424.232,198.0,1.584,4.72,1.0,0.9571183533447685,retained_by_both,False,False,False,True,False,unassigned,125,envelope_plateau,envelope_plateau_v1,frozen_llm_scipy_find_peaks,True,True,False,52600,52504,52600,52733,52733,52929,53178,53092,53178,22
bidmc-39-fg-0103,39,103,featuregraph_only,isolated,bidmc-39-burst-023,1,102,104,53700.0,429.6,53983.0,431.864,54276.0,434.208,54175,433.4,192.0,1.536,4.712,1.0,0.9826388888888888,retained_by_both,False,False,False,True,False,unassigned,125,envelope_plateau,envelope_plateau_v1,frozen_llm_scipy_find_peaks,True,True,False,53756,53644,53756,53891,53891,54075,54310,54242,54310,23
bidmc-39-fg-0106,39,106,featuregraph_only,burst,bidmc-39-burst-024,2,105,107,55461.0,443.688,55741.0,445.928,56045.0,448.36,55929,447.432,188.0,1.504,4.88,1.0,0.9589041095890412,retained_by_both,False,False,False,True,False,unassigned,125,envelope_plateau,envelope_plateau_v1,frozen_llm_scipy_find_peaks,True,True,False,55515,55408,55515,55653,55653,55829,56088,56002,56088,24
bidmc-39-fg-0107,39,107,featuregraph_only,burst,bidmc-39-burst-024,2,106,108,56045.0,448.36,56323.0,450.584,56610.0,452.88,56513,452.104,190.0,1.52,4.656,1.0,0.984070796460177,retained_by_both,False,False,False,True,False,unassigned,125,envelope_plateau,envelope_plateau_v1,frozen_llm_scipy_find_peaks,True,True,False,56088,56002,56088,56233,56233,56413,56640,56580,56640,24
bidmc-39-fg-0111,39,111,featuregraph_only,isolated,bidmc-39-burst-025,1,110,112,58262.0,466.096,58486.0,467.888,58774.0,470.192,58671,469.368,185.0,1.48,4.072,1.0,0.875,retained_by_both,False,False,False,True,False,unassigned,125,envelope_plateau,envelope_plateau_v1,frozen_llm_scipy_find_peaks,True,True,False,58284,58240,58284,58401,58401,58571,58814,58734,58814,25
bidmc-40-fg-0010,40,10,featuregraph_only,isolated,bidmc-40-burst-001,1,9,11,4361.0,34.888,4611.0,36.888,4832.0,38.656,4751,38.008,140.0,1.12,3.624,1.00048864,0.9384288747346072,retained_by_both,False,False,False,True,False,unassigned,125,envelope_plateau,envelope_plateau_v1,frozen_llm_scipy_find_peaks,True,True,False,4412,4310,4412,4571,4571,4651,4832,4832,4832,1
bidmc-40-fg-0017,40,17,featuregraph_only,isolated,bidmc-40-burst-002,1,16,18,7793.0,62.344,7802.0,62.416,7833.0,62.664,7903,63.224,101.0,0.808,2.08,0.00488634,0.44999999999999996,excluded_by_both,True,True,True,False,False,unassigned,125,envelope_plateau,envelope_plateau_v1,frozen_llm_scipy_find_peaks,True,True,False,7793,7793,7793,7801,7801,7803,7833,7833,7833,2
bidmc-40-fg-0027,40,27,featuregraph_only,burst,bidmc-40-burst-003,2,26,28,11568.0,92.544,11816.0,94.528,12033.0,96.264,12069,96.552,253.0,2.024,2.864,1.00048864,0.9333333333333333,excluded_by_both,True,True,True,False,False,unassigned,125,envelope_plateau,envelope_plateau_v1,frozen_llm_scipy_find_peaks,True,True,False,11573,11563,11573,11663,11663,11969,12069,11997,12069,3
bidmc-40-fg-0028,40,28,featuregraph_only,burst,bidmc-40-burst-003,2,27,29,12033.0,96.264,12101.0,96.808,12382.0,99.056,12205,97.64,104.0,0.832,2.28,1.00048864,0.38968481375358166,excluded_by_both,True,True,True,False,False,unassigned,125,envelope_plateau,envelope_plateau_v1,frozen_llm_scipy_find_peaks,True,True,False,12069,11997,12069,12097,12097,12105,12482,12282,12482,3
bidmc-40-fg-0040,40,40,featuregraph_only,burst,bidmc-40-burst-004,4,39,41,17676.0,141.408,17918.0,143.344,18113.0,144.904,18103,144.824,185.0,1.48,4.368,1.00048864,0.8924485125858124,retained_by_both,False,False,False,True,False,unassigned,125,envelope_plateau,envelope_plateau_v1,frozen_llm_scipy_find_peaks,True,True,False,17677,17676,17677,17833,17833,18003,18113,18113,18113,4
bidmc-40-fg-0041,40,41,featuregraph_only,burst,bidmc-40-burst-004,4,40,42,18113.0,144.904,18125.0,145.0,18212.0,145.696,18225,145.8,100.0,0.8,1.656,0.19033,0.24242424242424243,excluded_by_both,True,True,True,False,False,unassigned,125,envelope_plateau,envelope_plateau_v1,frozen_llm_scipy_find_peaks,True,True,False,18113,18113,18113,18125,18125,18125,18212,18212,18212,4
bidmc-40-fg-0042,40,42,featuregraph_only,burst,bidmc-40-burst-004,4,41,43,18212.0,145.696,18362.0,146.896,18539.0,148.312,18499,147.992,137.0,1.096,1.896,1.00048864,0.9174311926605505,retained_by_both,False,False,False,True,False,unassigned,125,envelope_plateau,envelope_plateau_v1,frozen_llm_scipy_find_peaks,True,True,False,18212,18212,18212,18325,18325,18399,18539,18539,18539,4
bidmc-40-fg-0043,40,43,featuregraph_only,burst,bidmc-40-burst-004,4,42,44,18539.0,148.312,18545.0,148.36,18616.0,148.928,18645,149.16,100.0,0.8,1.464,0.368927,0.1558441558441559,excluded_by_ann2,False,True,False,True,False,unassigned,125,envelope_plateau,envelope_plateau_v1,frozen_llm_scipy_find_peaks,True,True,False,18539,18539,18539,18545,18545,18545,18616,18616,18616,4
bidmc-40-fg-0046,40,46,featuregraph_only,isolated,bidmc-40-burst-005,1,45,47,19246.0,153.968,19422.0,155.376,19497.0,155.976,19539,156.312,117.0,0.936,2.728,1.00048864,0.5976095617529881,retained_by_both,False,False,False,True,False,unassigned,125,envelope_plateau,envelope_plateau_v1,frozen_llm_scipy_find_peaks,True,True,False,19246,19246,19246,19405,19405,19439,19539,19455,19539,5
bidmc-40-fg-0058,40,58,featuregraph_only,burst,bidmc-40-burst-006,2,57,59,24440.0,195.52,24445.0,195.56,24517.0,196.136,24545,196.36,100.0,0.8,1.432,0.20058999999999994,0.1298701298701299,excluded_by_both,True,True,True,False,False,unassigned,125,envelope_plateau,envelope_plateau_v1,frozen_llm_scipy_find_peaks,True,True,False,24440,24440,24440,24445,24445,24445,24517,24517,24517,6
bidmc-40-fg-0059,40,59,featuregraph_only,burst,bidmc-40-burst-006,2,58,60,24517.0,196.136,24704.0,197.632,24977.0,199.816,24843,198.744,139.0,1.112,2.072,0.88199,0.8130434782608695,retained_by_both,False,False,False,True,False,unassigned,125,envelope_plateau,envelope_plateau_v1,frozen_llm_scipy_find_peaks,True,True,False,24517,24517,24517,24665,24665,24743,24977,24977,24977,6
bidmc-40-fg-0065,40,65,featuregraph_only,burst,bidmc-40-burst-007,4,64,66,26725.0,213.8,26737.0,213.896,26808.0,214.464,26837,214.696,100.0,0.8,1.664,0.16809000000000002,0.28915662650602414,excluded_by_both,True,True,True,False,False,unassigned,125,envelope_plateau,envelope_plateau_v1,frozen_llm_scipy_find_peaks,True,True,False,26725,26725,26725,26737,26737,26737,26808,26808,26808,7
bidmc-40-fg-0066,40,66,featuregraph_only,burst,bidmc-40-burst-007,4,65,67,26808.0,214.464,26998.0,215.984,27220.0,217.76,27137,217.096,139.0,1.112,2.088,1.00048864,0.9223300970873787,retained_by_both,False,False,False,True,False,unassigned,125,envelope_plateau,envelope_plateau_v1,frozen_llm_scipy_find_peaks,True,True,False,26808,26808,26808,26959,26959,27037,27220,27220,27220,7
bidmc-40-fg-0067,40,67,featuregraph_only,burst,bidmc-40-burst-007,4,66,68,27220.0,217.76,27275.0,218.2,27276.0,218.208,27375,219.0,100.0,0.8,2.216,0.059617,0.0357142857142857,excluded_by_both,True,True,True,False,False,unassigned,125,envelope_plateau,envelope_plateau_v1,frozen_llm_scipy_find_peaks,True,True,False,27220,27220,27220,27275,27275,27275,27276,27276,27276,7
bidmc-40-fg-0068,40,68,featuregraph_only,burst,bidmc-40-burst-007,4,67,69,27276.0,218.208,27445.0,219.56,27688.0,221.504,27577,220.616,132.0,1.056,1.36,1.00048864,0.8203883495145631,retained_by_both,False,False,False,True,False,unassigned,125,envelope_plateau,envelope_plateau_v1,frozen_llm_scipy_find_peaks,True,True,False,27276,27276,27276,27413,27413,27477,27688,27688,27688,7
bidmc-40-fg-0081,40,81,featuregraph_only,isolated,bidmc-40-burst-008,1,80,82,33265.0,266.12,33367.0,266.936,33482.0,267.856,33467,267.736,100.0,0.8,1.928,0.9907186400000001,0.9400921658986175,excluded_by_ann1,True,False,False,True,False,unassigned,125,envelope_plateau,envelope_plateau_v1,frozen_llm_scipy_find_peaks,True,True,False,33265,33265,33265,33367,33367,33367,33482,33482,33482,8
bidmc-40-fg-0089,40,89,featuregraph_only,isolated,bidmc-40-burst-009,1,88,90,36547.0,292.376,36583.0,292.664,36610.0,292.88,36683,293.464,100.0,0.8,1.44,0.39823864,0.8571428571428572,excluded_by_both,True,True,True,False,False,unassigned,125,envelope_plateau,envelope_plateau_v1,frozen_llm_scipy_find_peaks,True,True,False,36548,36547,36548,36583,36583,36583,36610,36610,36610,9
bidmc-40-fg-0091,40,91,featuregraph_only,isolated,bidmc-40-burst-010,1,90,92,37068.0,296.544,37091.0,296.728,37129.0,297.032,37191,297.528,100.0,0.8,2.16,0.11360999999999999,0.7540983606557377,excluded_by_both,True,True,True,False,False,unassigned,125,envelope_plateau,envelope_plateau_v1,frozen_llm_scipy_find_peaks,True,True,False,37068,37068,37068,37091,37091,37091,37129,37129,37129,10
bidmc-40-fg-0102,40,102,featuregraph_only,isolated,bidmc-40-burst-011,1,101,103,41299.0,330.392,41313.0,330.504,41352.0,330.816,41413,331.304,100.0,0.8,1.232,0.26118,0.5283018867924528,excluded_by_both,True,True,True,False,False,unassigned,125,envelope_plateau,envelope_plateau_v1,frozen_llm_scipy_find_peaks,True,True,False,41299,41299,41299,41313,41313,41313,41352,41352,41352,11
bidmc-40-fg-0104,40,104,featuregraph_only,burst,bidmc-40-burst-012,3,103,105,41688.0,333.504,41727.0,333.816,41763.0,334.104,41827,334.616,100.0,0.8,1.736,0.10798864,0.96,excluded_by_both,True,True,True,False,False,unassigned,125,envelope_plateau,envelope_plateau_v1,frozen_llm_scipy_find_peaks,True,True,False,41688,41688,41688,41727,41727,41727,41763,41763,41763,12
bidmc-40-fg-0105,40,105,featuregraph_only,burst,bidmc-40-burst-012,3,104,106,41763.0,334.104,41963.0,335.704,42200.0,337.6,42115,336.92,152.0,1.216,1.888,1.00048864,0.9153318077803203,retained_by_both,False,False,False,True,False,unassigned,125,envelope_plateau,envelope_plateau_v1,frozen_llm_scipy_find_peaks,True,True,False,41763,41763,41763,41911,41911,42015,42200,42200,42200,12
bidmc-40-fg-0106,40,106,featuregraph_only,burst,bidmc-40-burst-012,3,105,107,42200.0,337.6,42456.0,339.648,42720.0,341.76,42601,340.808,145.0,1.16,3.944,0.944051,0.9846153846153847,retained_by_both,False,False,False,True,False,unassigned,125,envelope_plateau,envelope_plateau_v1,frozen_llm_scipy_find_peaks,True,True,False,42200,42200,42200,42411,42411,42501,42720,42720,42720,12
bidmc-40-fg-0128,40,128,featuregraph_only,burst,bidmc-40-burst-013,2,127,129,51291.0,410.328,51516.0,412.128,51664.0,413.312,51647,413.176,131.0,1.048,3.448,1.00048864,0.7935656836461126,retained_by_both,False,False,False,True,False,unassigned,125,envelope_plateau,envelope_plateau_v1,frozen_llm_scipy_find_peaks,True,True,False,51291,51291,51291,51485,51485,51547,51664,51664,51664,13
bidmc-40-fg-0129,40,129,featuregraph_only,burst,bidmc-40-burst-013,2,128,130,51664.0,413.312,51725.0,413.8,51807.0,414.456,51825,414.6,100.0,0.8,1.672,0.69679864,0.8531468531468531,retained_by_both,False,False,False,True,False,unassigned,125,envelope_plateau,envelope_plateau_v1,frozen_llm_scipy_find_peaks,True,True,False,51664,51664,51664,51725,51725,51725,51807,51807,51807,13
bidmc-40-fg-0134,40,134,featuregraph_only,isolated,bidmc-40-burst-014,1,133,135,53689.0,429.512,53754.0,430.032,53758.0,430.064,53855,430.84,101.0,0.808,2.32,0.08942,0.1159420289855072,excluded_by_both,True,True,True,False,False,unassigned,125,envelope_plateau,envelope_plateau_v1,frozen_llm_scipy_find_peaks,True,True,False,53689,53689,53689,53753,53753,53755,53758,53758,53758,14
bidmc-41-fg-0001,41,1,featuregraph_only,isolated,bidmc-41-burst-001,1,0,2,98.0,0.784,130.0,1.04,401.0,3.208,231,1.848,101.0,0.808,,1.6185399999999999,0.21122112211221122,retained_by_both,False,False,False,True,False,unassigned,125,envelope_plateau,envelope_plateau_v1,frozen_llm_scipy_find_peaks,True,True,False,98,98,98,129,129,131,401,401,401,1
bidmc-41-fg-0019,41,19,featuregraph_only,burst,bidmc-41-burst-002,10,18,20,9902.0,79.216,9978.0,79.824,10027.0,80.216,10081,80.648,103.0,0.824,2.528,0.12957999999999997,0.784,excluded_by_both,True,True,True,False,False,unassigned,125,envelope_plateau,envelope_plateau_v1,frozen_llm_scipy_find_peaks,True,True,False,9902,9902,9902,9975,9975,9981,10027,10027,10027,2
bidmc-41-fg-0020,41,20,featuregraph_only,burst,bidmc-41-burst-002,10,19,21,10027.0,80.216,10029.0,80.232,10032.0,80.256,10131,81.048,102.0,0.816,0.408,0.0,0.8,excluded_by_both,True,True,True,False,False,unassigned,125,envelope_plateau,envelope_plateau_v1,frozen_llm_scipy_find_peaks,True,True,False,10027,10027,10027,10028,10028,10031,10033,10032,10033,2
bidmc-41-fg-0021,41,21,featuregraph_only,burst,bidmc-41-burst-002,10,20,22,10032.0,80.256,10035.0,80.28,10038.0,80.304,10137,81.096,102.0,0.816,0.048,0.007339999999999985,1.0,excluded_by_both,True,True,True,False,False,unassigned,125,envelope_plateau,envelope_plateau_v1,frozen_llm_scipy_find_peaks,True,True,False,10033,10032,10033,10034,10034,10037,10038,10038,10038,2
bidmc-41-fg-0022,41,22,featuregraph_only,burst,bidmc-41-burst-002,10,21,23,10038.0,80.304,10040.0,80.32,10043.0,80.344,10142,81.136,102.0,0.816,0.04,0.019559999999999994,0.8,excluded_by_both,True,True,True,False,False,unassigned,125,envelope_plateau,envelope_plateau_v1,frozen_llm_scipy_find_peaks,True,True,False,10038,10038,10038,10039,10039,10042,10044,10043,10044,2
bidmc-41-fg-0023,41,23,featuregraph_only,burst,bidmc-41-burst-002,10,22,24,10043.0,80.344,10046.0,80.368,10049.0,80.392,10148,81.184,102.0,0.816,0.048,0.017119999999999996,1.0,excluded_by_both,True,True,True,False,False,unassigned,125,envelope_plateau,envelope_plateau_v1,frozen_llm_scipy_find_peaks,True,True,False,10044,10043,10044,10045,10045,10048,10049,10049,10049,2
bidmc-41-fg-0024,41,24,featuregraph_only,burst,bidmc-41-burst-002,10,23,25,10049.0,80.392,10051.0,80.408,10054.0,80.432,10153,81.224,102.0,0.816,0.04,0.014670000000000016,0.8,excluded_by_both,True,True,True,False,False,unassigned,125,envelope_plateau,envelope_plateau_v1,frozen_llm_scipy_find_peaks,True,True,False,10049,10049,10049,10050,10050,10053,10055,10054,10055,2
bidmc-41-fg-0025,41,25,featuregraph_only,burst,bidmc-41-burst-002,10,24,26,10054.0,80.432,10057.0,80.456,10060.0,80.48,10159,81.272,102.0,0.816,0.048,0.0024399999999999977,1.0,excluded_by_both,True,True,True,False,False,unassigned,125,envelope_plateau,envelope_plateau_v1,frozen_llm_scipy_find_peaks,True,True,False,10055,10054,10055,10056,10056,10059,10061,10060,10061,2
bidmc-41-fg-0026,41,26,featuregraph_only,burst,bidmc-41-burst-002,10,25,27,10060.0,80.48,10063.0,80.504,10065.0,80.52,10164,81.312,101.0,0.808,0.048,0.012220000000000009,0.8,excluded_by_both,True,True,True,False,False,unassigned,125,envelope_plateau,envelope_plateau_v1,frozen_llm_scipy_find_peaks,True,True,False,10061,10060,10061,10062,10062,10064,10066,10065,10066,2
bidmc-41-fg-0027,41,27,featuregraph_only,burst,bidmc-41-burst-002,10,26,28,10065.0,80.52,10068.0,80.544,10071.0,80.568,10170,81.36,102.0,0.816,0.04,0.017110000000000014,1.0,excluded_by_both,True,True,True,False,False,unassigned,125,envelope_plateau,envelope_plateau_v1,frozen_llm_scipy_find_peaks,True,True,False,10066,10065,10066,10067,10067,10070,10072,10071,10072,2
bidmc-41-fg-0028,41,28,featuregraph_only,burst,bidmc-41-burst-002,10,27,29,10071.0,80.568,10074.0,80.592,10077.0,80.616,10176,81.408,102.0,0.816,0.048,0.012219999999999981,1.0,excluded_by_both,True,True,True,False,False,unassigned,125,envelope_plateau,envelope_plateau_v1,frozen_llm_scipy_find_peaks,True,True,False,10072,10071,10072,10073,10073,10076,10077,10077,10077,2
bidmc-41-fg-0083,41,83,featuregraph_only,isolated,bidmc-41-burst-003,1,82,84,37465.0,299.72,37476.0,299.808,37551.0,300.408,37578,300.624,102.0,0.816,2.208,0.20049,0.2558139534883721,excluded_by_both,True,True,True,False,False,unassigned,125,envelope_plateau,envelope_plateau_v1,frozen_llm_scipy_find_peaks,True,True,False,37466,37465,37466,37475,37475,37478,37551,37551,37551,3
bidmc-42-fg-0001,42,1,featuregraph_only,isolated,bidmc-42-burst-001,1,0,2,98.0,0.784,184.0,1.472,394.0,3.152,330,2.64,146.0,1.168,,1.00048864,0.5810810810810811,retained_by_both,False,False,False,True,False,unassigned,125,envelope_plateau,envelope_plateau_v1,frozen_llm_scipy_find_peaks,True,True,False,98,98,98,138,138,230,394,394,394,1
bidmc-43-fg-0001,43,1,featuregraph_only,isolated,bidmc-43-burst-001,1,0,2,98.0,0.784,121.0,0.968,322.0,2.576,235,1.88,114.0,0.912,,0.911046,0.2053571428571429,retained_by_both,False,False,False,True,False,unassigned,125,envelope_plateau,envelope_plateau_v1,frozen_llm_scipy_find_peaks,True,True,False,98,98,98,108,108,135,322,322,322,1
bidmc-43-fg-0065,43,65,featuregraph_only,isolated,bidmc-43-burst-002,1,64,66,27713.0,221.704,27739.0,221.912,27759.0,222.072,27839,222.712,100.0,0.8,1.72,0.19648000000000004,0.8695652173913043,excluded_by_both,True,True,True,False,False,unassigned,125,envelope_plateau,envelope_plateau_v1,frozen_llm_scipy_find_peaks,True,True,False,27713,27713,27713,27739,27739,27739,27759,27759,27759,2
bidmc-43-fg-0109,43,109,featuregraph_only,isolated,bidmc-43-burst-003,1,108,110,46397.0,371.176,46409.0,371.272,46523.0,372.184,46509,372.072,100.0,0.8,1.152,0.4174,0.19047619047619047,excluded_by_both,True,True,True,False,False,unassigned,125,envelope_plateau,envelope_plateau_v1,frozen_llm_scipy_find_peaks,True,True,False,46397,46397,46397,46409,46409,46409,46523,46523,46523,3
bidmc-44-fg-0001,44,1,featuregraph_only,isolated,bidmc-44-burst-001,1,0,2,98.0,0.784,291.0,2.328,443.0,3.544,391,3.128,100.0,0.8,,0.666749,0.881159420289855,excluded_by_ann1,True,False,False,True,False,unassigned,125,envelope_plateau,envelope_plateau_v1,frozen_llm_scipy_find_peaks,True,True,False,98,98,98,291,291,291,443,443,443,1
bidmc-44-fg-0026,44,26,featuregraph_only,isolated,bidmc-44-burst-002,1,25,27,11027.0,88.216,11195.0,89.56,11307.0,90.456,11295,90.36,100.0,0.8,3.328,0.41069999999999995,0.8,excluded_by_ann1,True,False,False,True,False,unassigned,125,envelope_plateau,envelope_plateau_v1,frozen_llm_scipy_find_peaks,True,True,False,11027,11027,11027,11195,11195,11195,11308,11307,11308,2
bidmc-44-fg-0033,44,33,featuregraph_only,isolated,bidmc-44-burst-003,1,32,34,13512.0,108.096,13568.0,108.544,13690.0,109.52,13669,109.352,101.0,0.808,1.528,0.41876,0.6292134831460674,excluded_by_ann2,False,True,False,True,False,unassigned,125,envelope_plateau,envelope_plateau_v1,frozen_llm_scipy_find_peaks,True,True,False,13512,13512,13512,13567,13567,13569,13690,13690,13690,3
bidmc-44-fg-0044,44,44,featuregraph_only,isolated,bidmc-44-burst-004,1,43,45,18126.0,145.008,18327.0,146.616,18584.0,148.672,18427,147.416,100.0,0.8,3.504,0.70070864,0.8777292576419214,excluded_by_ann1,True,False,False,True,False,unassigned,125,envelope_plateau,envelope_plateau_v1,frozen_llm_scipy_find_peaks,True,True,False,18126,18126,18126,18327,18327,18327,18584,18584,18584,4
bidmc-44-fg-0072,44,72,featuregraph_only,isolated,bidmc-44-burst-005,1,71,73,30872.0,246.976,31093.0,248.744,31346.0,250.768,31193,249.544,100.0,0.8,3.2,0.8529186400000001,0.9324894514767933,excluded_by_ann1,True,False,False,True,False,unassigned,125,envelope_plateau,envelope_plateau_v1,frozen_llm_scipy_find_peaks,True,True,False,30872,30872,30872,31093,31093,31093,31346,31346,31346,5
bidmc-44-fg-0086,44,86,featuregraph_only,isolated,bidmc-44-burst-006,1,85,87,37157.0,297.256,37248.0,297.984,37260.0,298.08,37349,298.792,101.0,0.808,1.976,0.13462000000000002,0.23300970873786409,excluded_by_both,True,True,True,False,False,unassigned,125,envelope_plateau,envelope_plateau_v1,frozen_llm_scipy_find_peaks,True,True,False,37157,37157,37157,37247,37247,37249,37260,37260,37260,6
bidmc-45-fg-0034,45,34,featuregraph_only,isolated,bidmc-45-burst-001,1,33,35,15971.0,127.768,16072.0,128.576,16097.0,128.776,16175,129.4,103.0,0.824,3.296,0.07299,0.39682539682539686,excluded_by_both,True,True,True,False,False,unassigned,125,envelope_plateau,envelope_plateau_v1,frozen_llm_scipy_find_peaks,True,True,False,15971,15971,15971,16069,16069,16075,16098,16097,16098,1
bidmc-45-fg-0046,45,46,featuregraph_only,isolated,bidmc-45-burst-002,1,45,47,21239.0,169.912,21405.0,171.24,21509.0,172.072,21507,172.056,102.0,0.816,3.152,0.29797,0.7703703703703704,excluded_by_ann1,True,False,False,True,False,unassigned,125,envelope_plateau,envelope_plateau_v1,frozen_llm_scipy_find_peaks,True,True,False,21239,21239,21239,21403,21403,21407,21509,21509,21509,2
bidmc-46-fg-0002,46,2,featuregraph_only,isolated,bidmc-46-burst-001,1,1,3,597.0,4.776,1004.0,8.032,1312.0,10.496,1254,10.032,250.0,2.0,5.528,1.00048864,0.8615384615384616,excluded_by_ann1,True,False,False,True,False,unassigned,125,envelope_plateau,envelope_plateau_v1,frozen_llm_scipy_find_peaks,True,True,False,633,561,633,854,854,1154,1312,1312,1312,1
bidmc-46-fg-0006,46,6,featuregraph_only,isolated,bidmc-46-burst-002,1,5,7,3347.0,26.776,3462.0,27.696,3565.0,28.52,3562,28.496,100.0,0.8,2.208,0.54727864,0.944954128440367,excluded_by_both,True,True,True,False,False,unassigned,125,envelope_plateau,envelope_plateau_v1,frozen_llm_scipy_find_peaks,True,True,False,3347,3347,3347,3462,3462,3462,3565,3565,3565,2
bidmc-46-fg-0010,46,10,featuregraph_only,burst,bidmc-46-burst-003,4,9,11,4683.0,37.464,4716.0,37.728,4777.0,38.216,4816,38.528,100.0,0.8,2.2,0.09626164,0.7021276595744681,excluded_by_both,True,True,True,False,False,unassigned,125,envelope_plateau,envelope_plateau_v1,frozen_llm_scipy_find_peaks,True,True,False,4683,4683,4683,4716,4716,4716,4777,4777,4777,3
bidmc-46-fg-0011,46,11,featuregraph_only,burst,bidmc-46-burst-003,4,10,12,4777.0,38.216,4999.0,39.992,5193.0,41.544,5182,41.456,183.0,1.464,2.264,1.00048864,0.9326923076923077,retained_by_both,False,False,False,True,False,unassigned,125,envelope_plateau,envelope_plateau_v1,frozen_llm_scipy_find_peaks,True,True,False,4777,4777,4777,4916,4916,5082,5193,5193,5193,3
bidmc-46-fg-0012,46,12,featuregraph_only,burst,bidmc-46-burst-003,4,11,13,5193.0,41.544,5260.0,42.08,5452.0,43.616,5360,42.88,100.0,0.8,2.088,0.808937,0.5173745173745175,excluded_by_both,True,True,True,False,False,unassigned,125,envelope_plateau,envelope_plateau_v1,frozen_llm_scipy_find_peaks,True,True,False,5193,5193,5193,5260,5260,5260,5452,5452,5452,3
bidmc-46-fg-0013,46,13,featuregraph_only,burst,bidmc-46-burst-003,4,12,14,5452.0,43.616,5480.0,43.84,5511.0,44.088,5580,44.64,100.0,0.8,1.76,0.258,0.9491525423728814,excluded_by_both,True,True,True,False,False,unassigned,125,envelope_plateau,envelope_plateau_v1,frozen_llm_scipy_find_peaks,True,True,False,5452,5452,5452,5480,5480,5480,5511,5511,5511,3
bidmc-46-fg-0019,46,19,featuregraph_only,burst,bidmc-46-burst-004,2,18,20,6943.0,55.544,7100.0,56.8,7204.0,57.632,7200,57.6,100.0,0.8,3.008,0.83801864,0.7969348659003832,excluded_by_both,True,True,True,False,False,unassigned,125,envelope_plateau,envelope_plateau_v1,frozen_llm_scipy_find_peaks,True,True,False,6943,6943,6943,7100,7100,7100,7204,7204,7204,4
bidmc-46-fg-0020,46,20,featuregraph_only,burst,bidmc-46-burst-004,2,19,21,7204.0,57.632,7296.0,58.368,7404.0,59.232,7396,59.168,100.0,0.8,1.568,0.46226,0.92,excluded_by_both,True,True,True,False,False,unassigned,125,envelope_plateau,envelope_plateau_v1,frozen_llm_scipy_find_peaks,True,True,False,7204,7204,7204,7296,7296,7296,7404,7404,7404,4
bidmc-46-fg-0022,46,22,featuregraph_only,isolated,bidmc-46-burst-005,1,21,23,7587.0,60.696,7718.0,61.744,7815.0,62.52,7818,62.544,100.0,0.8,2.448,0.38015864,0.8508771929824561,excluded_by_ann1,True,False,False,True,False,unassigned,125,envelope_plateau,envelope_plateau_v1,frozen_llm_scipy_find_peaks,True,True,False,7587,7587,7587,7718,7718,7718,7815,7815,7815,5
bidmc-46-fg-0025,46,25,featuregraph_only,burst,bidmc-46-burst-006,2,24,26,8705.0,69.64,8935.0,71.48,9111.0,72.888,9080,72.64,145.0,1.16,3.432,1.00048864,0.8669950738916257,retained_by_both,False,False,False,True,False,unassigned,125,envelope_plateau,envelope_plateau_v1,frozen_llm_scipy_find_peaks,True,True,False,8705,8705,8705,8890,8890,8980,9111,9111,9111,6
bidmc-46-fg-0026,46,26,featuregraph_only,burst,bidmc-46-burst-006,2,25,27,9111.0,72.888,9136.0,73.088,9173.0,73.384,9236,73.888,100.0,0.8,1.608,0.10652699999999998,0.8064516129032258,excluded_by_both,True,True,True,False,False,unassigned,125,envelope_plateau,envelope_plateau_v1,frozen_llm_scipy_find_peaks,True,True,False,9111,9111,9111,9136,9136,9136,9173,9173,9173,6
bidmc-46-fg-0028,46,28,featuregraph_only,isolated,bidmc-46-burst-007,1,27,29,9624.0,76.992,9877.0,79.016,10134.0,81.072,10110,80.88,233.0,1.864,3.856,1.00048864,0.9921568627450981,excluded_by_both,True,True,True,False,False,unassigned,125,envelope_plateau,envelope_plateau_v1,frozen_llm_scipy_find_peaks,True,True,False,9624,9624,9624,9744,9744,10010,10134,10134,10134,7
bidmc-46-fg-0030,46,30,featuregraph_only,burst,bidmc-46-burst-008,2,29,31,10373.0,82.984,10466.0,83.728,10540.0,84.32,10572,84.576,106.0,0.848,1.576,1.00048864,0.8862275449101796,excluded_by_both,True,True,True,False,False,unassigned,125,envelope_plateau,envelope_plateau_v1,frozen_llm_scipy_find_peaks,True,True,False,10386,10360,10386,10460,10460,10472,10572,10508,10572,8
bidmc-46-fg-0031,46,31,featuregraph_only,burst,bidmc-46-burst-008,2,30,32,10540.0,84.32,10692.0,85.536,10877.0,87.016,10876,87.008,184.0,1.472,1.808,1.00048864,0.9020771513353116,retained_by_both,False,False,False,True,False,unassigned,125,envelope_plateau,envelope_plateau_v1,frozen_llm_scipy_find_peaks,True,True,False,10572,10508,10572,10608,10608,10776,10877,10877,10877,8
bidmc-46-fg-0033,46,33,featuregraph_only,isolated,bidmc-46-burst-009,1,32,34,11268.0,90.144,11474.0,91.792,11477.0,91.816,11574,92.592,100.0,0.8,3.392,0.25482864,0.028708133971291905,excluded_by_both,True,True,True,False,False,unassigned,125,envelope_plateau,envelope_plateau_v1,frozen_llm_scipy_find_peaks,True,True,False,11268,11268,11268,11474,11474,11474,11477,11477,11477,9
bidmc-46-fg-0035,46,35,featuregraph_only,burst,bidmc-46-burst-010,2,34,36,11710.0,93.68,11728.0,93.824,11897.0,95.176,11828,94.624,100.0,0.8,1.024,0.12996999999999997,0.1925133689839572,excluded_by_both,True,True,True,False,False,unassigned,125,envelope_plateau,envelope_plateau_v1,frozen_llm_scipy_find_peaks,True,True,False,11710,11710,11710,11728,11728,11728,11897,11897,11897,10
bidmc-46-fg-0036,46,36,featuregraph_only,burst,bidmc-46-burst-010,2,35,37,11897.0,95.176,12000.0,96.0,12119.0,96.952,12100,96.8,100.0,0.8,2.176,0.31883864,0.9279279279279279,excluded_by_both,True,True,True,False,False,unassigned,125,envelope_plateau,envelope_plateau_v1,frozen_llm_scipy_find_peaks,True,True,False,11897,11897,11897,12000,12000,12000,12119,12119,12119,10
bidmc-46-fg-0043,46,43,featuregraph_only,burst,bidmc-46-burst-011,2,42,44,15177.0,121.416,15320.0,122.56,15342.0,122.736,15420,123.36,100.0,0.8,2.784,0.37575864,0.2666666666666667,excluded_by_both,True,True,True,False,False,unassigned,125,envelope_plateau,envelope_plateau_v1,frozen_llm_scipy_find_peaks,True,True,False,15177,15177,15177,15320,15320,15320,15342,15342,15342,11
bidmc-46-fg-0044,46,44,featuregraph_only,burst,bidmc-46-burst-011,2,43,45,15342.0,122.736,15458.0,123.664,15494.0,123.952,15558,124.464,100.0,0.8,1.104,0.15124000000000004,0.4736842105263158,excluded_by_both,True,True,True,False,False,unassigned,125,envelope_plateau,envelope_plateau_v1,frozen_llm_scipy_find_peaks,True,True,False,15342,15342,15342,15458,15458,15458,15494,15494,15494,11
bidmc-46-fg-0046,46,46,featuregraph_only,isolated,bidmc-46-burst-012,1,45,47,16000.0,128.0,16028.0,128.224,16048.0,128.384,16128,129.024,100.0,0.8,1.768,0.20107999999999998,0.8333333333333334,excluded_by_both,True,True,True,False,False,unassigned,125,envelope_plateau,envelope_plateau_v1,frozen_llm_scipy_find_peaks,True,True,False,16000,16000,16000,16028,16028,16028,16048,16048,16048,12
bidmc-46-fg-0051,46,51,featuregraph_only,isolated,bidmc-46-burst-013,1,50,52,18042.0,144.336,18216.0,145.728,18323.0,146.584,18316,146.528,100.0,0.8,3.144,0.9340309,0.7615658362989324,excluded_by_both,True,True,True,False,False,unassigned,125,envelope_plateau,envelope_plateau_v1,frozen_llm_scipy_find_peaks,True,True,False,18042,18042,18042,18216,18216,18216,18323,18323,18323,13
bidmc-46-fg-0054,46,54,featuregraph_only,isolated,bidmc-46-burst-014,1,53,55,19106.0,152.848,19278.0,154.224,19313.0,154.504,19378,155.024,100.0,0.8,3.36,0.48497,0.3381642512077294,excluded_by_both,True,True,True,False,False,unassigned,125,envelope_plateau,envelope_plateau_v1,frozen_llm_scipy_find_peaks,True,True,False,19106,19106,19106,19278,19278,19278,19313,19313,19313,14
bidmc-46-fg-0057,46,57,featuregraph_only,isolated,bidmc-46-burst-015,1,56,58,19886.0,159.088,19906.0,159.248,20109.0,160.872,20006,160.048,100.0,0.8,1.728,0.36940864,0.179372197309417,excluded_by_both,True,True,True,False,False,unassigned,125,envelope_plateau,envelope_plateau_v1,frozen_llm_scipy_find_peaks,True,True,False,19886,19886,19886,19906,19906,19906,20109,20109,20109,15
bidmc-46-fg-0060,46,60,featuregraph_only,burst,bidmc-46-burst-016,2,59,61,21124.0,168.992,21170.0,169.36,21184.0,169.472,21270,170.16,100.0,0.8,2.704,0.17908900000000003,0.4666666666666667,excluded_by_both,True,True,True,False,False,unassigned,125,envelope_plateau,envelope_plateau_v1,frozen_llm_scipy_find_peaks,True,True,False,21124,21124,21124,21170,21170,21170,21184,21184,21184,16
bidmc-46-fg-0061,46,61,featuregraph_only,burst,bidmc-46-burst-016,2,60,62,21184.0,169.472,21316.0,170.528,21339.0,170.712,21416,171.328,100.0,0.8,1.168,0.40900000000000003,0.2967741935483871,excluded_by_both,True,True,True,False,False,unassigned,125,envelope_plateau,envelope_plateau_v1,frozen_llm_scipy_find_peaks,True,True,False,21184,21184,21184,21316,21316,21316,21339,21339,21339,16
bidmc-46-fg-0066,46,66,featuregraph_only,isolated,bidmc-46-burst-017,1,65,67,23122.0,184.976,23316.0,186.528,23416.0,187.328,23416,187.328,100.0,0.8,3.8,0.07476164,0.6802721088435374,excluded_by_both,True,True,True,False,False,unassigned,125,envelope_plateau,envelope_plateau_v1,frozen_llm_scipy_find_peaks,True,True,False,23201,23043,23201,23316,23316,23316,23416,23416,23416,17
bidmc-46-fg-0070,46,70,featuregraph_only,isolated,bidmc-46-burst-018,1,69,71,24312.0,194.496,24376.0,195.008,24535.0,196.28,24476,195.808,100.0,0.8,1.456,0.19594864,0.5739910313901345,excluded_by_both,True,True,True,False,False,unassigned,125,envelope_plateau,envelope_plateau_v1,frozen_llm_scipy_find_peaks,True,True,False,24312,24312,24312,24376,24376,24376,24551,24519,24551,18
bidmc-46-fg-0075,46,75,featuregraph_only,isolated,bidmc-46-burst-019,1,74,76,25768.0,206.144,25856.0,206.848,25894.0,207.152,25956,207.648,100.0,0.8,1.6,0.416811,0.6031746031746033,excluded_by_ann1,True,False,False,True,False,unassigned,125,envelope_plateau,envelope_plateau_v1,frozen_llm_scipy_find_peaks,True,True,False,25768,25768,25768,25856,25856,25856,25894,25894,25894,19
bidmc-46-fg-0079,46,79,featuregraph_only,isolated,bidmc-46-burst-020,1,78,80,27222.0,217.776,27541.0,220.328,27777.0,222.216,27756,222.048,215.0,1.72,4.696,1.00048864,0.8504504504504504,retained_by_both,False,False,False,True,False,unassigned,125,envelope_plateau,envelope_plateau_v1,frozen_llm_scipy_find_peaks,True,True,False,27259,27185,27259,27426,27426,27656,27777,27777,27777,20
bidmc-46-fg-0081,46,81,featuregraph_only,burst,bidmc-46-burst-021,2,80,82,28030.0,224.24,28060.0,224.48,28158.0,225.264,28160,225.28,100.0,0.8,1.152,0.25408864,0.46875,excluded_by_both,True,True,True,False,False,unassigned,125,envelope_plateau,envelope_plateau_v1,frozen_llm_scipy_find_peaks,True,True,False,28030,28030,28030,28060,28060,28060,28158,28158,28158,21
bidmc-46-fg-0082,46,82,featuregraph_only,burst,bidmc-46-burst-021,2,81,83,28158.0,225.264,28272.0,226.176,28295.0,226.36,28372,226.976,100.0,0.8,1.696,0.42926864,0.33576642335766427,excluded_by_both,True,True,True,False,False,unassigned,125,envelope_plateau,envelope_plateau_v1,frozen_llm_scipy_find_peaks,True,True,False,28158,28158,28158,28272,28272,28272,28295,28295,28295,21
bidmc-46-fg-0085,46,85,featuregraph_only,burst,bidmc-46-burst-022,2,84,86,28799.0,230.392,28822.0,230.576,28845.0,230.76,28922,231.376,100.0,0.8,1.136,0.13829000000000002,1.0,excluded_by_both,True,True,True,False,False,unassigned,125,envelope_plateau,envelope_plateau_v1,frozen_llm_scipy_find_peaks,True,True,False,28799,28799,28799,28822,28822,28822,28845,28845,28845,22
bidmc-46-fg-0086,46,86,featuregraph_only,burst,bidmc-46-burst-022,2,85,87,28845.0,230.76,28952.0,231.616,29064.0,232.512,29052,232.416,100.0,0.8,1.04,0.38798,0.9771689497716896,excluded_by_both,True,True,True,False,False,unassigned,125,envelope_plateau,envelope_plateau_v1,frozen_llm_scipy_find_peaks,True,True,False,28845,28845,28845,28952,28952,28952,29064,29064,29064,22
bidmc-46-fg-0089,46,89,featuregraph_only,burst,bidmc-46-burst-023,3,88,90,29628.0,237.024,29666.0,237.328,29776.0,238.208,29766,238.128,100.0,0.8,1.64,0.61665864,0.5135135135135135,excluded_by_both,True,True,True,False,False,unassigned,125,envelope_plateau,envelope_plateau_v1,frozen_llm_scipy_find_peaks,True,True,False,29628,29628,29628,29666,29666,29666,29776,29776,29776,23
bidmc-46-fg-0090,46,90,featuregraph_only,burst,bidmc-46-burst-023,3,89,91,29776.0,238.208,29925.0,239.4,30071.0,240.568,30062,240.496,137.0,1.096,2.072,1.00048864,0.9898305084745763,retained_by_both,False,False,False,True,False,unassigned,125,envelope_plateau,envelope_plateau_v1,frozen_llm_scipy_find_peaks,True,True,False,29776,29776,29776,29888,29888,29962,30071,30071,30071,23
bidmc-46-fg-0091,46,91,featuregraph_only,burst,bidmc-46-burst-023,3,90,92,30071.0,240.568,30146.0,241.168,30156.0,241.248,30246,241.968,100.0,0.8,1.768,0.29879999999999995,0.23529411764705888,excluded_by_both,True,True,True,False,False,unassigned,125,envelope_plateau,envelope_plateau_v1,frozen_llm_scipy_find_peaks,True,True,False,30071,30071,30071,30146,30146,30146,30156,30156,30156,23
bidmc-46-fg-0101,46,101,featuregraph_only,isolated,bidmc-46-burst-024,1,100,102,34121.0,272.968,34394.0,275.152,34706.0,277.648,34676,277.408,282.0,2.256,3.848,1.00048864,0.9333333333333333,excluded_by_ann1,True,False,False,True,False,unassigned,125,envelope_plateau,envelope_plateau_v1,frozen_llm_scipy_find_peaks,True,True,False,34130,34112,34130,34212,34212,34576,34706,34706,34706,24
bidmc-46-fg-0117,46,117,featuregraph_only,isolated,bidmc-46-burst-025,1,116,118,40920.0,327.36,41233.0,329.864,41631.0,333.048,41576,332.608,343.0,2.744,3.464,0.87955,0.8804500703234881,excluded_by_ann1,True,False,False,True,False,unassigned,125,envelope_plateau,envelope_plateau_v1,frozen_llm_scipy_find_peaks,True,True,False,40950,40890,40950,40990,40990,41476,41631,41631,41631,25
bidmc-46-fg-0119,46,119,featuregraph_only,burst,bidmc-46-burst-026,3,118,120,42014.0,336.112,42314.0,338.512,42621.0,340.968,42606,340.848,292.0,2.336,3.296,1.00048864,0.9884678747940692,retained_by_both,False,False,False,True,False,unassigned,125,envelope_plateau,envelope_plateau_v1,frozen_llm_scipy_find_peaks,True,True,False,42014,42014,42014,42122,42122,42506,42621,42621,42621,26
bidmc-46-fg-0120,46,120,featuregraph_only,burst,bidmc-46-burst-026,3,119,121,42621.0,340.968,42891.0,343.128,43362.0,346.896,43156,345.248,265.0,2.12,4.616,1.00048864,0.728744939271255,retained_by_both,False,False,False,True,False,unassigned,125,envelope_plateau,envelope_plateau_v1,frozen_llm_scipy_find_peaks,True,True,False,42621,42621,42621,42726,42726,43056,43362,43362,43362,26
bidmc-46-fg-0121,46,121,featuregraph_only,burst,bidmc-46-burst-026,3,120,122,43362.0,346.896,43394.0,347.152,43570.0,348.56,43494,347.952,100.0,0.8,4.024,0.6061593,0.3076923076923077,excluded_by_both,True,True,True,False,False,unassigned,125,envelope_plateau,envelope_plateau_v1,frozen_llm_scipy_find_peaks,True,True,False,43362,43362,43362,43394,43394,43394,43570,43570,43570,26
bidmc-46-fg-0136,46,136,featuregraph_only,burst,bidmc-46-burst-027,2,135,137,50211.0,401.688,50238.0,401.904,50248.0,401.984,50338,402.704,100.0,0.8,1.704,0.16833199999999998,0.5405405405405406,excluded_by_both,True,True,True,False,False,unassigned,125,envelope_plateau,envelope_plateau_v1,frozen_llm_scipy_find_peaks,True,True,False,50211,50211,50211,50238,50238,50238,50248,50248,50248,27
bidmc-46-fg-0137,46,137,featuregraph_only,burst,bidmc-46-burst-027,2,136,138,50248.0,401.984,50546.0,404.368,50768.0,406.144,50730,405.84,184.0,1.472,2.464,1.00048864,0.8538461538461538,retained_by_both,False,False,False,True,False,unassigned,125,envelope_plateau,envelope_plateau_v1,frozen_llm_scipy_find_peaks,True,True,False,50248,50248,50248,50462,50462,50630,50768,50768,50768,27
bidmc-47-fg-0001,47,1,featuregraph_only,isolated,bidmc-47-burst-001,1,0,2,98.0,0.784,137.0,1.096,299.0,2.392,237,1.896,100.0,0.8,,0.88332,0.3880597014925373,retained_by_both,False,False,False,True,False,unassigned,125,envelope_plateau,envelope_plateau_v1,frozen_llm_scipy_find_peaks,True,True,False,98,98,98,137,137,137,299,299,299,1
bidmc-47-fg-0036,47,36,featuregraph_only,burst,bidmc-47-burst-002,4,35,37,11782.0,94.256,11809.0,94.472,11848.0,94.784,11909,95.272,100.0,0.8,2.192,0.27856000000000003,0.8181818181818181,excluded_by_both,True,True,True,False,False,unassigned,125,envelope_plateau,envelope_plateau_v1,frozen_llm_scipy_find_peaks,True,True,False,11782,11782,11782,11809,11809,11809,11848,11848,11848,2
bidmc-47-fg-0037,47,37,featuregraph_only,burst,bidmc-47-burst-002,4,36,38,11848.0,94.784,12053.0,96.424,12278.0,98.224,12153,97.224,100.0,0.8,1.952,1.41356,0.9534883720930233,retained_by_both,False,False,False,True,False,unassigned,125,envelope_plateau,envelope_plateau_v1,frozen_llm_scipy_find_peaks,True,True,False,11848,11848,11848,12053,12053,12053,12278,12278,12278,2
bidmc-47-fg-0038,47,38,featuregraph_only,burst,bidmc-47-burst-002,4,37,39,12278.0,98.224,12357.0,98.856,12399.0,99.192,12457,99.656,100.0,0.8,2.432,0.6206499999999999,0.6942148760330579,excluded_by_ann2,False,True,False,True,False,unassigned,125,envelope_plateau,envelope_plateau_v1,frozen_llm_scipy_find_peaks,True,True,False,12278,12278,12278,12357,12357,12357,12399,12399,12399,2
bidmc-47-fg-0039,47,39,featuregraph_only,burst,bidmc-47-burst-002,4,38,40,12399.0,99.192,12575.0,100.6,12736.0,101.888,12675,101.4,100.0,0.8,1.744,1.62188,0.9554896142433235,retained_by_both,False,False,False,True,False,unassigned,125,envelope_plateau,envelope_plateau_v1,frozen_llm_scipy_find_peaks,True,True,False,12399,12399,12399,12575,12575,12575,12736,12736,12736,2
bidmc-48-fg-0001,48,1,featuregraph_only,isolated,bidmc-48-burst-001,1,0,2,264.0,2.112,294.0,2.352,304.0,2.432,394,3.152,100.0,0.8,,0.06033999999999998,0.5,excluded_by_both,True,True,True,False,False,unassigned,125,envelope_plateau,envelope_plateau_v1,frozen_llm_scipy_find_peaks,True,True,False,264,264,264,294,294,294,304,304,304,1
bidmc-48-fg-0009,48,9,featuregraph_only,burst,bidmc-48-burst-002,2,8,10,3172.0,25.376,3204.0,25.632,3216.0,25.728,3304,26.432,100.0,0.8,1.504,0.08625000000000005,0.5454545454545454,excluded_by_both,True,True,True,False,False,unassigned,125,envelope_plateau,envelope_plateau_v1,frozen_llm_scipy_find_peaks,True,True,False,3172,3172,3172,3204,3204,3204,3216,3216,3216,2
bidmc-48-fg-0010,48,10,featuregraph_only,burst,bidmc-48-burst-002,2,9,11,3216.0,25.728,3591.0,28.728,3795.0,30.36,3842,30.736,251.0,2.008,3.096,0.51234,0.7046632124352332,excluded_by_ann1,True,False,False,True,False,unassigned,125,envelope_plateau,envelope_plateau_v1,frozen_llm_scipy_find_peaks,True,True,False,3216,3216,3216,3440,3440,3742,3842,3748,3842,2
bidmc-48-fg-0012,48,12,featuregraph_only,isolated,bidmc-48-burst-003,1,11,13,4026.0,32.208,4091.0,32.728,4269.0,34.152,4196,33.568,105.0,0.84,1.472,0.7525,0.5349794238683128,excluded_by_both,True,True,True,False,False,unassigned,125,envelope_plateau,envelope_plateau_v1,frozen_llm_scipy_find_peaks,True,True,False,4066,3986,4066,4086,4086,4096,4269,4269,4269,3
bidmc-48-fg-0014,48,14,featuregraph_only,burst,bidmc-48-burst-004,3,13,15,4733.0,37.864,4772.0,38.176,4782.0,38.256,4872,38.976,100.0,0.8,2.024,0.80454,0.40816326530612246,excluded_by_both,True,True,True,False,False,unassigned,125,envelope_plateau,envelope_plateau_v1,frozen_llm_scipy_find_peaks,True,True,False,4733,4733,4733,4772,4772,4772,4782,4782,4782,4
bidmc-48-fg-0015,48,15,featuregraph_only,burst,bidmc-48-burst-004,3,14,16,4782.0,38.256,5025.0,40.2,5326.0,42.608,5266,42.128,241.0,1.928,2.024,1.00048864,0.8933823529411765,retained_by_both,False,False,False,True,False,unassigned,125,envelope_plateau,envelope_plateau_v1,frozen_llm_scipy_find_peaks,True,True,False,4782,4782,4782,4884,4884,5166,5373,5279,5373,4
bidmc-48-fg-0016,48,16,featuregraph_only,burst,bidmc-48-burst-004,3,15,17,5326.0,42.608,5480.0,43.84,5611.0,44.888,5580,44.64,100.0,0.8,3.64,0.025409639999999997,0.9192982456140351,excluded_by_both,True,True,True,False,False,unassigned,125,envelope_plateau,envelope_plateau_v1,frozen_llm_scipy_find_peaks,True,True,False,5373,5279,5373,5480,5480,5480,5619,5603,5619,4
bidmc-48-fg-0135,48,135,featuregraph_only,isolated,bidmc-48-burst-005,1,134,136,54763.0,438.104,55175.0,441.4,55555.0,444.44,55532,444.256,357.0,2.856,4.48,1.00048864,0.9595959595959596,excluded_by_ann1,True,False,False,True,False,unassigned,125,envelope_plateau,envelope_plateau_v1,frozen_llm_scipy_find_peaks,True,True,False,54763,54763,54763,54918,54918,55432,55565,55545,55565,5
bidmc-48-fg-0137,48,137,featuregraph_only,isolated,bidmc-48-burst-006,1,136,138,55701.0,445.608,56104.0,448.832,56693.0,453.544,56500,452.0,396.0,3.168,3.312,1.00048864,0.8125,excluded_by_both,True,True,True,False,False,unassigned,125,envelope_plateau,envelope_plateau_v1,frozen_llm_scipy_find_peaks,True,True,False,55701,55701,55701,55808,55808,56400,56693,56693,56693,6
bidmc-49-fg-0046,49,46,featuregraph_only,burst,bidmc-49-burst-001,2,45,47,20163.0,161.304,20276.0,162.208,20389.0,163.112,20377,163.016,101.0,0.808,2.288,0.5435000000000001,1.0,retained_by_both,False,False,False,True,False,unassigned,125,envelope_plateau,envelope_plateau_v1,frozen_llm_scipy_find_peaks,True,True,False,20163,20163,20163,20276,20276,20277,20389,20389,20389,1
bidmc-49-fg-0047,49,47,featuregraph_only,burst,bidmc-49-burst-001,2,46,48,20389.0,163.112,20528.0,164.224,20768.0,166.144,20629,165.032,101.0,0.808,2.016,0.60997,0.7335092348284961,retained_by_both,False,False,False,True,False,unassigned,125,envelope_plateau,envelope_plateau_v1,frozen_llm_scipy_find_peaks,True,True,False,20389,20389,20389,20527,20527,20529,20768,20768,20768,1
bidmc-49-fg-0051,49,51,featuregraph_only,isolated,bidmc-49-burst-002,1,50,52,21760.0,174.08,21785.0,174.28,21804.0,174.432,21885,175.08,100.0,0.8,2.112,0.03813,0.8636363636363636,excluded_by_both,True,True,True,False,False,unassigned,125,envelope_plateau,envelope_plateau_v1,frozen_llm_scipy_find_peaks,True,True,False,21760,21760,21760,21785,21785,21785,21804,21804,21804,2
bidmc-52-fg-0135,52,135,featuregraph_only,isolated,bidmc-52-burst-001,1,134,136,54721.0,437.768,54737.0,437.896,54746.0,437.968,54837,438.696,100.0,0.8,1.544,0.02101,0.72,excluded_by_both,True,True,True,False,False,unassigned,125,envelope_plateau,envelope_plateau_v1,frozen_llm_scipy_find_peaks,True,True,False,54721,54721,54721,54737,54737,54737,54746,54746,54746,1
bidmc-52-fg-0141,52,141,featuregraph_only,isolated,bidmc-52-burst-002,1,140,142,56811.0,454.488,56819.0,454.552,56820.0,454.56,56919,455.352,100.0,0.8,1.56,0.007080000000000003,0.2222222222222222,excluded_by_both,True,True,True,False,False,unassigned,125,envelope_plateau,envelope_plateau_v1,frozen_llm_scipy_find_peaks,True,True,False,56811,56811,56811,56819,56819,56819,56820,56820,56820,2
bidmc-53-fg-0011,53,11,featuregraph_only,burst,bidmc-53-burst-001,2,10,12,3147.0,25.176,3244.0,25.952,3362.0,26.896,3355,26.84,111.0,0.888,1.584,1.00048864,0.9023255813953488,retained_by_both,False,False,False,True,False,unassigned,125,envelope_plateau,envelope_plateau_v1,frozen_llm_scipy_find_peaks,True,True,False,3161,3133,3161,3233,3233,3255,3362,3362,3362,1
bidmc-53-fg-0012,53,12,featuregraph_only,burst,bidmc-53-burst-001,2,11,13,3362.0,26.896,3548.0,28.384,3810.0,30.48,3657,29.256,109.0,0.872,2.432,1.00048864,0.8303571428571428,retained_by_both,False,False,False,True,False,unassigned,125,envelope_plateau,envelope_plateau_v1,frozen_llm_scipy_find_peaks,True,True,False,3362,3362,3362,3539,3539,3557,3810,3810,3810,1
