subject,featuregraph_object_id,llm_object_id,featuregraph_start_index,llm_start_index,delta_start_index,featuregraph_peak_index,llm_peak_index,delta_peak_index,featuregraph_end_index,llm_end_index,delta_end_index,featuregraph_period_seconds,llm_period_seconds,delta_period_seconds,featuregraph_full_excursion,llm_full_excursion,delta_full_excursion,featuregraph_temporal_symmetry,llm_temporal_symmetry,delta_temporal_symmetry
28,2,1,420.0,397,23.0,671.0,670,1.0,849.0,820,29.0,3.44,3.448,-0.008000000000000007,1.0,1.0,0.0,0.8298368298368298,0.7092198581560284,0.12061697168080143
28,3,2,849.0,820,29.0,1078.0,1077,1.0,1251.0,1228,23.0,3.256,3.256,0.0,1.0,1.0,0.0,0.8606965174129353,0.7401960784313726,0.12050043898156271
28,4,3,1251.0,1228,23.0,1485.0,1501,-16.0,1676.0,1652,24.0,3.256,3.392,-0.13600000000000012,1.0,1.0,0.0,0.8988235294117647,0.7122641509433962,0.18655937846836845
28,5,4,1676.0,1652,24.0,1912.0,1923,-11.0,2115.0,2085,30.0,3.416,3.376,0.040000000000000036,1.0,1.0,0.0,0.9248291571753986,0.7482678983833718,0.17656125879202678
28,6,5,2115.0,2085,30.0,2373.0,2367,6.0,2561.0,2522,39.0,3.688,3.552,0.13600000000000012,1.0,1.0,0.0,0.8430493273542601,0.7093821510297482,0.13366717632451186
28,7,6,2561.0,2522,39.0,2826.0,2827,-1.0,3034.0,3002,32.0,3.624,3.68,-0.05600000000000005,1.0,1.0,0.0,0.879492600422833,0.7291666666666667,0.1503259337561662
28,8,7,3034.0,3002,32.0,3257.0,3260,-3.0,3457.0,3429,28.0,3.448,3.464,-0.016000000000000014,1.0,1.0,0.0,0.9456264775413712,0.7915690866510539,0.15405739089031734
28,9,8,3457.0,3429,28.0,3725.0,3719,6.0,3908.0,3881,27.0,3.744,3.672,0.07200000000000006,1.0,1.0,0.0,0.811529933481153,0.7168141592920354,0.09471577418911759
28,10,9,3908.0,3881,27.0,4160.0,4160,0.0,4352.0,4345,7.0,3.48,3.528,-0.04800000000000004,1.0,1.0,0.0,0.8648648648648649,0.7974137931034483,0.06745107176141663
28,11,10,4352.0,4345,7.0,4546.0,4546,0.0,4723.0,4685,38.0,3.088,3.088,0.0,1.0,1.0,0.0,0.954177897574124,0.8176470588235294,0.13653083875059457
28,12,11,4723.0,4685,38.0,4764.0,4768,-4.0,4873.0,4883,-10.0,1.744,1.776,-0.03200000000000003,0.5259,0.5259,0.0,0.5466666666666666,0.8383838383838383,-0.2917171717171717
28,13,12,4873.0,4883,-10.0,5052.0,5054,-2.0,5225.0,5217,8.0,2.304,2.288,0.016000000000000014,1.0,1.0,0.0,0.9829545454545454,0.9760479041916168,0.0069066412629286145
28,14,13,5225.0,5217,8.0,5397.0,5397,0.0,5574.0,5566,8.0,2.76,2.744,0.01599999999999957,1.0,1.0,0.0,0.9856733524355301,0.9684813753581661,0.017191977077363974
28,15,14,5574.0,5566,8.0,5778.0,5775,3.0,5965.0,5949,16.0,3.048,3.024,0.02400000000000002,1.0,1.0,0.0,0.9565217391304348,0.9086161879895561,0.04790555114087869
28,16,15,5965.0,5949,16.0,6186.0,6182,4.0,6379.0,6357,22.0,3.264,3.256,0.008000000000000007,1.0,1.0,0.0,0.9323671497584541,0.857843137254902,0.07452401250355212
28,17,16,6379.0,6357,22.0,6603.0,6599,4.0,6789.0,6767,22.0,3.336,3.336,0.0,1.0,1.0,0.0,0.9073170731707317,0.8195121951219513,0.08780487804878045
28,18,17,6789.0,6767,22.0,7012.0,7009,3.0,7198.0,7175,23.0,3.272,3.28,-0.008000000000000007,1.0,1.0,0.0,0.9095354523227384,0.8137254901960784,0.09580996212665993
28,19,18,7198.0,7175,23.0,7428.0,7426,2.0,7620.0,7587,33.0,3.328,3.336,-0.008000000000000007,1.0,1.0,0.0,0.909952606635071,0.7815533980582524,0.12839920857681864
28,20,19,7620.0,7587,33.0,7873.0,7868,5.0,8069.0,8020,49.0,3.56,3.536,0.02400000000000002,1.0,1.0,0.0,0.8730512249443207,0.7020785219399538,0.17097270300436695
28,21,20,8069.0,8020,49.0,8358.0,8359,-1.0,8566.0,8526,40.0,3.88,3.928,-0.04800000000000004,1.0,1.0,0.0,0.8370221327967806,0.6600790513833992,0.17694308141338144
28,22,21,8566.0,8526,40.0,8822.0,8817,5.0,9033.0,8978,55.0,3.712,3.664,0.04800000000000004,1.0,1.0,0.0,0.9036402569593147,0.7123893805309734,0.19125087642834127
28,23,22,9033.0,8978,55.0,9282.0,9280,2.0,9494.0,9457,37.0,3.68,3.704,-0.02400000000000002,1.0,1.0,0.0,0.9197396963123644,0.7390396659707724,0.180700030341592
28,24,23,9494.0,9457,37.0,9755.0,9754,1.0,9954.0,9919,35.0,3.784,3.792,-0.008000000000000007,1.0,1.0,0.0,0.8652173913043478,0.7142857142857143,0.15093167701863353
28,25,24,9954.0,9919,35.0,10182.0,10180,2.0,10352.0,10349,3.0,3.416,3.408,0.008000000000000007,1.0,1.0,0.0,0.8542713567839196,0.786046511627907,0.06822484515601268
28,26,25,10352.0,10349,3.0,10527.0,10543,-16.0,10729.0,10729,0.0,2.76,2.904,-0.14400000000000013,1.0,1.0,0.0,0.9283819628647215,0.9789473684210527,-0.050565405556331156
28,27,26,10729.0,10729,0.0,10889.0,10885,4.0,11055.0,11048,7.0,2.896,2.736,0.1599999999999997,1.0,1.0,0.0,0.9815950920245399,0.9780564263322884,0.0035386656922514748
28,28,27,11055.0,11048,7.0,11241.0,11240,1.0,11420.0,11412,8.0,2.816,2.84,-0.02400000000000002,1.0,1.0,0.0,0.9808219178082191,0.945054945054945,0.03576697275327412
28,29,28,11420.0,11412,8.0,11604.0,11604,0.0,11802.0,11767,35.0,2.904,2.912,-0.008000000000000007,1.0,1.0,0.0,0.9633507853403142,0.9183098591549296,0.04504092618538458
28,30,29,11802.0,11767,35.0,12004.0,12006,-2.0,12197.0,12202,-5.0,3.2,3.216,-0.016000000000000014,1.0,1.0,0.0,0.9772151898734177,0.9011494252873563,0.0760657645860614
28,31,30,12197.0,12202,-5.0,12398.0,12398,0.0,12592.0,12567,25.0,3.152,3.136,0.016000000000000014,1.0,1.0,0.0,0.9822784810126582,0.9260273972602739,0.0562510837523843
28,32,31,12592.0,12567,25.0,12885.0,12853,32.0,13033.0,13016,17.0,3.896,3.64,0.2559999999999998,1.0,1.0,0.0,0.6712018140589568,0.7260579064587973,-0.05485609239984046
28,33,32,13033.0,13016,17.0,13263.0,13258,5.0,13450.0,13457,-7.0,3.024,3.24,-0.2160000000000002,1.0,1.0,0.0,0.8968824940047961,0.9024943310657596,-0.005611837060963465
28,34,33,13450.0,13457,-7.0,13712.0,13694,18.0,13955.0,13995,-40.0,3.592,3.488,0.10400000000000009,1.0,1.0,0.0,0.9623762376237623,0.8810408921933086,0.08133534543045373
28,35,34,13955.0,13995,-40.0,14226.0,14219,7.0,14435.0,14429,6.0,4.112,4.2,-0.08800000000000008,1.0,1.0,0.0,0.8708333333333333,0.967741935483871,-0.09690860215053765
28,36,35,14435.0,14429,6.0,14627.0,14630,-3.0,14848.0,14803,45.0,3.208,3.288,-0.07999999999999963,1.0,1.0,0.0,0.9297820823244553,0.9251336898395722,0.004648392484883024
28,37,36,14848.0,14803,45.0,15103.0,15106,-3.0,15314.0,15275,39.0,3.808,3.808,0.0,1.0,1.0,0.0,0.9055793991416309,0.7161016949152542,0.18947770422637666
28,38,37,15314.0,15275,39.0,15565.0,15572,-7.0,15768.0,15777,-9.0,3.696,3.728,-0.03200000000000003,1.0,1.0,0.0,0.8942731277533039,0.8167330677290836,0.07754006002422031
28,39,38,15768.0,15777,-9.0,15965.0,15966,-1.0,16148.0,16150,-2.0,3.2,3.152,0.04800000000000004,1.0,1.0,0.0,0.9631578947368421,0.9865951742627346,-0.023437279525892474
28,40,39,16148.0,16150,-2.0,16327.0,16329,-2.0,16522.0,16517,5.0,2.896,2.904,-0.008000000000000007,1.0,1.0,0.0,0.9572192513368984,0.9754768392370572,-0.018257587900158745
28,41,40,16522.0,16517,5.0,16723.0,16725,-2.0,16918.0,16907,11.0,3.168,3.168,0.0,1.0,1.0,0.0,0.9848484848484849,0.9333333333333333,0.051515151515151514
28,42,41,16918.0,16907,11.0,17131.0,17132,-1.0,17315.0,17310,5.0,3.264,3.256,0.008000000000000007,1.0,1.0,0.0,0.9269521410579346,0.8833746898263027,0.043577451231631814
28,43,42,17315.0,17310,5.0,17515.0,17512,3.0,17693.0,17680,13.0,3.072,3.04,0.03200000000000003,1.0,1.0,0.0,0.9417989417989419,0.9081081081081082,0.0336908336908337
28,44,43,17693.0,17680,13.0,17876.0,17876,0.0,18054.0,18041,13.0,2.888,2.912,-0.02400000000000002,1.0,1.0,0.0,0.9861495844875346,0.9141274238227147,0.07202216066481992
28,45,44,18054.0,18041,13.0,18239.0,18237,2.0,18444.0,18393,51.0,2.904,2.888,0.016000000000000014,1.0,1.0,0.0,0.9487179487179487,0.8863636363636364,0.062354312354312325
28,46,45,18444.0,18393,51.0,18705.0,18705,0.0,18927.0,18971,-44.0,3.728,3.744,-0.016000000000000014,1.0,1.0,0.0,0.9192546583850931,0.9204152249134948,-0.0011605665284016853
28,47,46,18927.0,18971,-44.0,19144.0,19144,0.0,19341.0,19349,-8.0,3.512,3.512,0.0,1.0,1.0,0.0,0.9516908212560387,0.9153439153439153,0.036346905912123306
28,50,47,19797.0,19841,-44.0,20022.0,20025,-3.0,20196.0,20205,-9.0,2.184,2.16,0.02400000000000002,1.0,1.0,0.0,0.8721804511278195,0.989010989010989,-0.11683053788316955
28,51,48,20196.0,20205,-9.0,20357.0,20358,-1.0,20532.0,20532,0.0,2.68,2.664,0.016000000000000014,1.0,1.0,0.0,0.9583333333333334,0.9357798165137614,0.02255351681957196
28,52,49,20532.0,20532,0.0,20704.0,20705,-1.0,20891.0,20883,8.0,2.776,2.776,0.0,1.0,1.0,0.0,0.958217270194986,0.9857549857549858,-0.02753771555999973
28,53,50,20891.0,20883,8.0,21095.0,21092,3.0,21265.0,21248,17.0,3.128,3.096,0.03200000000000003,1.0,1.0,0.0,0.9090909090909091,0.8547945205479452,0.054296388542963814
28,55,51,21379.0,21248,131.0,21538.0,21530,8.0,21704.0,21678,26.0,1.584,3.504,-1.92,1.0,1.0,0.0,0.9784615384615385,0.6883720930232557,0.29008944543828274
28,56,52,21704.0,21678,26.0,21924.0,21917,7.0,22086.0,22088,-2.0,3.088,3.096,-0.008000000000000007,1.0,1.0,0.0,0.8481675392670157,0.8341463414634146,0.014021197803601115
28,57,53,22086.0,22088,-2.0,22285.0,22275,10.0,22518.0,22539,-21.0,2.888,2.864,0.02400000000000002,1.0,1.0,0.0,0.9212962962962963,0.8292682926829268,0.09202800361336949
28,58,54,22518.0,22539,-21.0,22713.0,22708,5.0,22917.0,22915,2.0,3.424,3.464,-0.040000000000000036,1.0,1.0,0.0,0.9774436090225564,0.898936170212766,0.0785074388097905
28,59,55,22917.0,22915,2.0,23146.0,23148,-2.0,23340.0,23336,4.0,3.464,3.52,-0.05600000000000005,1.0,1.0,0.0,0.91725768321513,0.8931116389548693,0.02414604426026068
28,60,56,23340.0,23336,4.0,23533.0,23531,2.0,23733.0,23697,36.0,3.096,3.064,0.03200000000000003,1.0,1.0,0.0,0.9821882951653944,0.9196675900277008,0.06252070513769359
28,61,57,23733.0,23697,36.0,23972.0,23972,0.0,24173.0,24146,27.0,3.512,3.528,-0.016000000000000014,1.0,1.0,0.0,0.9136363636363636,0.7750556792873051,0.13858068434905846
28,62,58,24173.0,24146,27.0,24417.0,24418,-1.0,24628.0,24588,40.0,3.56,3.568,-0.008000000000000007,1.0,1.0,0.0,0.9274725274725275,0.7692307692307692,0.15824175824175835
28,63,59,24628.0,24588,40.0,24876.0,24877,-1.0,25077.0,25058,19.0,3.672,3.672,0.0,1.0,1.0,0.0,0.8953229398663697,0.7702127659574468,0.12511017390892287
28,64,60,25077.0,25058,19.0,25306.0,25307,-1.0,25509.0,25482,27.0,3.44,3.44,0.0,1.0,1.0,0.0,0.9398148148148148,0.8254716981132075,0.11434311670160724
28,65,61,25509.0,25482,27.0,25727.0,25725,2.0,25926.0,25926,0.0,3.368,3.344,0.02400000000000002,1.0,1.0,0.0,0.9544364508393285,0.9054054054054054,0.049031045433923115
28,66,62,25926.0,25926,0.0,26145.0,26143,2.0,26338.0,26332,6.0,3.344,3.344,0.0,1.0,1.0,0.0,0.9368932038834952,0.9310344827586207,0.005858721124874511
28,67,63,26338.0,26332,6.0,26557.0,26556,1.0,26749.0,26745,4.0,3.296,3.304,-0.008000000000000007,1.0,1.0,0.0,0.9343065693430657,0.9152542372881356,0.019052332054930066
28,68,64,26749.0,26745,4.0,26935.0,26933,2.0,27110.0,27106,4.0,3.024,3.016,0.008000000000000007,1.0,1.0,0.0,0.9695290858725761,0.9584487534626038,0.011080332409972304
28,69,65,27110.0,27106,4.0,27296.0,27291,5.0,27466.0,27456,10.0,2.888,2.864,0.02400000000000002,1.0,1.0,0.0,0.9550561797752809,0.9428571428571428,0.012199036918138062
28,70,66,27466.0,27456,10.0,27674.0,27672,2.0,27871.0,27842,29.0,3.024,3.048,-0.02400000000000002,1.0,1.0,0.0,0.9728395061728395,0.8808290155440415,0.09201049062879807
28,71,67,27871.0,27842,29.0,28092.0,28089,3.0,28287.0,28263,24.0,3.344,3.336,0.008000000000000007,1.0,1.0,0.0,0.9375,0.8266033254156769,0.11089667458432306
28,72,68,28287.0,28263,24.0,28504.0,28509,-5.0,28714.0,28713,1.0,3.296,3.36,-0.06400000000000006,1.0,1.0,0.0,0.9836065573770492,0.9066666666666666,0.07693989071038254
28,73,69,28714.0,28713,1.0,28906.0,28906,0.0,29093.0,29077,16.0,3.216,3.176,0.040000000000000036,1.0,1.0,0.0,0.9868073878627969,0.9395604395604396,0.04724694830235732
28,74,70,29093.0,29077,16.0,29234.0,29210,24.0,29301.0,29321,-20.0,2.624,2.432,0.19200000000000017,0.79374,0.79374,0.0,0.6442307692307692,0.9098360655737705,-0.26560529634300134
28,75,71,29301.0,29321,-20.0,29466.0,29470,-4.0,29631.0,29638,-7.0,1.856,2.08,-0.22399999999999998,1.0,1.0,0.0,1.0,0.9400630914826499,0.05993690851735012
28,76,72,29631.0,29638,-7.0,29796.0,29801,-5.0,29990.0,29992,-2.0,2.64,2.648,-0.008000000000000007,1.0,1.0,0.0,0.9192200557103064,0.9209039548022598,-0.0016838990919534336
28,77,73,29990.0,29992,-2.0,30176.0,30172,4.0,30349.0,30337,12.0,3.04,2.968,0.07200000000000006,1.0,1.0,0.0,0.9637883008356546,0.9565217391304348,0.007266561705219776
28,78,74,30349.0,30337,12.0,30547.0,30544,3.0,30743.0,30705,38.0,2.968,2.976,-0.008000000000000007,1.0,1.0,0.0,0.9949238578680203,0.875,0.11992385786802029
28,79,75,30743.0,30705,38.0,30993.0,30981,12.0,31160.0,31181,-21.0,3.568,3.496,0.07200000000000006,1.0,1.0,0.0,0.8009592326139089,0.8403361344537815,-0.039376901839872636
28,80,76,31160.0,31181,-21.0,31365.0,31369,-4.0,31570.0,31548,22.0,2.976,3.104,-0.1280000000000001,1.0,1.0,0.0,1.0,0.9754768392370572,0.02452316076294281
28,81,77,31570.0,31548,22.0,31795.0,31797,-2.0,31998.0,31969,29.0,3.44,3.424,0.016000000000000014,1.0,1.0,0.0,0.9485981308411215,0.817102137767221,0.13149599307390059
28,82,78,31998.0,31969,29.0,32235.0,32238,-3.0,32445.0,32400,45.0,3.52,3.528,-0.008000000000000007,1.0,1.0,0.0,0.9395973154362416,0.7517401392111369,0.18785717622510467
28,83,79,32445.0,32400,45.0,32702.0,32703,-1.0,32922.0,32868,54.0,3.736,3.72,0.016000000000000014,1.0,1.0,0.0,0.9224318658280922,0.7051282051282051,0.21730366069988716
28,84,80,32922.0,32868,54.0,33196.0,33195,1.0,33383.0,33382,1.0,3.952,3.936,0.016000000000000014,1.0,1.0,0.0,0.8112798264642083,0.727626459143969,0.08365336732023931
28,85,81,33383.0,33382,1.0,33605.0,33602,3.0,33791.0,33790,1.0,3.272,3.256,0.016000000000000014,1.0,1.0,0.0,0.9117647058823529,0.9215686274509804,-0.009803921568627527
28,86,82,33791.0,33790,1.0,34000.0,34002,-2.0,34198.0,34198,0.0,3.16,3.2,-0.040000000000000036,1.0,1.0,0.0,0.972972972972973,0.9607843137254902,0.012188659247482803
28,87,83,34198.0,34198,0.0,34395.0,34394,1.0,34596.0,34562,34.0,3.16,3.136,0.02400000000000002,1.0,1.0,0.0,0.9899497487437185,0.9230769230769231,0.06687282566679542
28,88,84,34596.0,34562,34.0,34840.0,34842,-2.0,35029.0,35011,18.0,3.56,3.584,-0.02400000000000002,1.0,1.0,0.0,0.8729792147806005,0.7527839643652561,0.1201952504153444
28,89,85,35029.0,35011,18.0,35236.0,35233,3.0,35427.0,35394,33.0,3.168,3.128,0.040000000000000036,1.0,1.0,0.0,0.9597989949748744,0.8407310704960835,0.11906792447879089
28,90,86,35427.0,35394,33.0,35667.0,35670,-3.0,35869.0,35847,22.0,3.448,3.496,-0.04800000000000004,1.0,1.0,0.0,0.9140271493212669,0.7814569536423841,0.13257019567888284
28,91,87,35869.0,35847,22.0,36089.0,36086,3.0,36292.0,36268,24.0,3.376,3.328,0.04800000000000004,1.0,1.0,0.0,0.9598108747044918,0.8646080760095012,0.0952027986949906
28,92,88,36292.0,36268,24.0,36514.0,36512,2.0,36703.0,36705,-2.0,3.4,3.408,-0.008000000000000007,1.0,1.0,0.0,0.9197080291970803,0.8832951945080092,0.03641283468907108
28,93,89,36703.0,36705,-2.0,36883.0,36883,0.0,37052.0,37052,0.0,2.952,2.968,-0.016000000000000014,1.0,1.0,0.0,0.9684813753581661,0.9740634005763689,-0.005582025218202724
28,94,90,37052.0,37052,0.0,37221.0,37221,0.0,37392.0,37389,3.0,2.704,2.704,0.0,1.0,1.0,0.0,0.9941176470588236,0.9970326409495549,-0.0029149938907313544
28,95,91,37392.0,37389,3.0,37578.0,37578,0.0,37775.0,37764,11.0,2.856,2.856,0.0,1.0,1.0,0.0,0.9712793733681462,0.992,-0.02072062663185381
28,96,92,37775.0,37764,11.0,37958.0,37959,-1.0,38160.0,38206,-46.0,3.04,3.048,-0.008000000000000007,1.0,1.0,0.0,0.9506493506493506,0.8823529411764706,0.06829640947288007
28,97,93,38160.0,38206,-46.0,38398.0,38410,-12.0,38608.0,38594,14.0,3.52,3.608,-0.08800000000000008,1.0,1.0,0.0,0.9375,0.9484536082474226,-0.010953608247422641
28,98,94,38608.0,38594,14.0,38821.0,38823,-2.0,39036.0,38992,44.0,3.384,3.304,0.08000000000000007,1.0,1.0,0.0,0.9953271028037384,0.8492462311557789,0.14608087164795946
28,99,95,39036.0,38992,44.0,39288.0,39292,-4.0,39509.0,39467,42.0,3.736,3.752,-0.01599999999999957,1.0,1.0,0.0,0.9344608879492601,0.736842105263158,0.1976187826861021
28,101,96,39566.0,39467,99.0,39823.0,39833,-10.0,40004.0,40000,4.0,2.328,4.328,-2.0000000000000004,1.0,1.0,0.0,0.8264840182648402,0.626641651031895,0.19984236723294524
28,102,97,40004.0,40000,4.0,40203.0,40228,-25.0,40423.0,40407,16.0,3.04,3.16,-0.1200000000000001,1.0,1.0,0.0,0.9498806682577565,0.8796068796068797,0.07027378865087686
28,103,98,40423.0,40407,16.0,40625.0,40626,-1.0,40859.0,40794,65.0,3.376,3.184,0.19199999999999973,1.0,1.0,0.0,0.926605504587156,0.8682170542635659,0.05838845032359008
28,104,99,40859.0,40794,65.0,41124.0,41130,-6.0,41365.0,41312,53.0,3.992,4.032,-0.040000000000000036,1.0,1.0,0.0,0.9525691699604744,0.7027027027027026,0.24986646725777173
28,105,100,41365.0,41312,53.0,41615.0,41614,1.0,41810.0,41807,3.0,3.928,3.872,0.05600000000000005,1.0,1.0,0.0,0.8764044943820225,0.7797979797979798,0.09660651458404268
28,106,101,41810.0,41807,3.0,42038.0,42053,-15.0,42233.0,42230,3.0,3.384,3.512,-0.1280000000000001,1.0,1.0,0.0,0.9219858156028369,0.8368794326241135,0.08510638297872342
28,107,102,42233.0,42230,3.0,42422.0,42423,-1.0,42629.0,42611,18.0,3.072,2.96,0.1120000000000001,1.0,1.0,0.0,0.9545454545454546,0.9868766404199475,-0.03233118587449291
28,108,103,42629.0,42611,18.0,42838.0,42836,2.0,43033.0,43011,22.0,3.328,3.304,0.02400000000000002,1.0,1.0,0.0,0.9653465346534653,0.875,0.09034653465346532
28,109,104,43033.0,43011,22.0,43258.0,43258,0.0,43463.0,43435,28.0,3.36,3.376,-0.016000000000000014,1.0,1.0,0.0,0.9534883720930233,0.8349056603773585,0.11858271171566481
28,110,105,43463.0,43435,28.0,43697.0,43695,2.0,43899.0,43864,35.0,3.512,3.496,0.016000000000000014,1.0,1.0,0.0,0.926605504587156,0.7878787878787878,0.13872671670836811
28,111,106,43899.0,43864,35.0,44141.0,44142,-1.0,44346.0,44312,34.0,3.552,3.576,-0.02400000000000002,1.0,1.0,0.0,0.9172259507829977,0.7589285714285714,0.15829737935442634
28,112,107,44346.0,44312,34.0,44578.0,44577,1.0,44777.0,44761,16.0,3.496,3.48,0.016000000000000014,1.0,1.0,0.0,0.9234338747099768,0.8195991091314031,0.10383476557857374
28,113,108,44777.0,44761,16.0,44987.0,44985,2.0,45173.0,45165,8.0,3.272,3.264,0.008000000000000007,1.0,1.0,0.0,0.9393939393939394,0.8910891089108911,0.048304830483048344
28,114,109,45173.0,45165,8.0,45391.0,45389,2.0,45590.0,45558,32.0,3.232,3.232,0.0,1.0,1.0,0.0,0.9544364508393285,0.8600508905852418,0.09438556025408673
28,115,110,45590.0,45558,32.0,45811.0,45807,4.0,45997.0,45993,4.0,3.36,3.344,0.016000000000000014,1.0,1.0,0.0,0.914004914004914,0.8551724137931034,0.058832500211810634
28,116,111,45997.0,45993,4.0,46199.0,46198,1.0,46391.0,46397,-6.0,3.104,3.128,-0.02400000000000002,1.0,1.0,0.0,0.9746192893401016,0.9851485148514851,-0.010529225511383578
28,117,112,46391.0,46397,-6.0,46603.0,46603,0.0,46819.0,46797,22.0,3.232,3.24,-0.008000000000000007,1.0,1.0,0.0,0.9906542056074766,0.97,0.02065420560747666
28,118,113,46819.0,46797,22.0,47044.0,47042,2.0,47233.0,47232,1.0,3.528,3.512,0.016000000000000014,1.0,1.0,0.0,0.9130434782608696,0.8735632183908046,0.03948025987006498
28,119,114,47233.0,47232,1.0,47443.0,47442,1.0,47631.0,47635,-4.0,3.192,3.2,-0.008000000000000007,1.0,1.0,0.0,0.9447236180904522,0.9578163771712159,-0.013092759080763683
28,120,115,47631.0,47635,-4.0,47818.0,47815,3.0,48000.0,48001,-1.0,3.0,2.984,0.016000000000000014,1.0,1.0,0.0,0.986449864498645,0.9836065573770492,0.0028433071215958616
28,121,116,48000.0,48001,-1.0,48200.0,48201,-1.0,48412.0,48379,33.0,3.056,3.088,-0.03200000000000003,1.0,1.0,0.0,0.970873786407767,0.9417989417989419,0.029074844608825146
28,122,117,48412.0,48379,33.0,48625.0,48622,3.0,48838.0,48853,-15.0,3.4,3.368,0.03200000000000003,1.0,1.0,0.0,1.0,0.9746835443037974,0.025316455696202556
28,123,118,48838.0,48853,-15.0,49085.0,49090,-5.0,49269.0,49272,-3.0,3.68,3.744,-0.06400000000000006,1.0,1.0,0.0,0.8538283062645011,0.8687350835322196,-0.014906777267718496
28,124,119,49269.0,49272,-3.0,49469.0,49457,12.0,49686.0,49690,-4.0,3.072,2.936,0.13600000000000012,1.0,1.0,0.0,0.9592326139088729,0.8851674641148325,0.07406514979404044
28,125,120,49686.0,49690,-4.0,49894.0,49909,-15.0,50112.0,50094,18.0,3.4,3.616,-0.2160000000000002,1.0,1.0,0.0,0.9765258215962441,0.9158415841584159,0.06068423743782825
28,126,121,50112.0,50094,18.0,50334.0,50336,-2.0,50547.0,50521,26.0,3.52,3.416,0.10400000000000009,1.0,1.0,0.0,0.9793103448275862,0.8665105386416861,0.11279980618590002
28,127,122,50547.0,50521,26.0,50786.0,50790,-4.0,50998.0,50968,30.0,3.616,3.632,-0.016000000000000014,1.0,1.0,0.0,0.9401330376940134,0.796420581655481,0.14371245603853233
28,128,123,50998.0,50968,30.0,51232.0,51233,-1.0,51429.0,51421,8.0,3.568,3.544,0.02400000000000002,1.0,1.0,0.0,0.91415313225058,0.8300220750551877,0.08413105719539238
28,129,124,51429.0,51421,8.0,51637.0,51636,1.0,51840.0,51806,34.0,3.24,3.224,0.016000000000000014,1.0,1.0,0.0,0.9878345498783455,0.8831168831168831,0.10471766676146244
28,130,125,51840.0,51806,34.0,52054.0,52048,6.0,52246.0,52202,44.0,3.336,3.296,0.040000000000000036,1.0,1.0,0.0,0.9458128078817734,0.7777777777777778,0.16803503010399556
28,131,126,52246.0,52202,44.0,52495.0,52497,-2.0,52697.0,52698,-1.0,3.528,3.592,-0.06400000000000006,1.0,1.0,0.0,0.8957871396895787,0.810483870967742,0.08530326872183669
28,132,127,52697.0,52698,-1.0,52926.0,52934,-8.0,53147.0,53128,19.0,3.448,3.496,-0.04800000000000004,1.0,1.0,0.0,0.9822222222222222,0.9023255813953488,0.07989664082687342
28,133,128,53147.0,53128,19.0,53370.0,53374,-4.0,53583.0,53578,5.0,3.552,3.52,0.03200000000000003,1.0,1.0,0.0,0.9770642201834863,0.9066666666666666,0.07039755351681964
28,134,129,53583.0,53578,5.0,53814.0,53820,-6.0,54023.0,54027,-4.0,3.552,3.568,-0.016000000000000014,1.0,1.0,0.0,0.95,0.9220489977728286,0.027951002227171395
28,135,130,54023.0,54027,-4.0,54236.0,54236,0.0,54452.0,54444,8.0,3.376,3.328,0.04800000000000004,1.0,1.0,0.0,0.993006993006993,0.9976019184652278,-0.004594925458234811
28,136,131,54452.0,54444,8.0,54674.0,54673,1.0,54860.0,54856,4.0,3.504,3.496,0.008000000000000007,1.0,1.0,0.0,0.9117647058823529,0.8883495145631068,0.023415191319246076
28,137,132,54860.0,54856,4.0,55086.0,55112,-26.0,55291.0,55294,-3.0,3.296,3.512,-0.2160000000000002,1.0,1.0,0.0,0.951276102088167,0.8310502283105023,0.1202258737776647
28,138,133,55291.0,55294,-3.0,55514.0,55555,-41.0,55759.0,55794,-35.0,3.424,3.544,-0.1200000000000001,1.0,1.0,0.0,0.9529914529914529,0.956,-0.0030085470085470245
28,139,134,55759.0,55794,-35.0,55993.0,56009,-16.0,56202.0,56196,6.0,3.832,3.632,0.19999999999999973,1.0,1.0,0.0,0.9435665914221218,0.9303482587064676,0.013218332715654202
28,140,135,56202.0,56196,6.0,56414.0,56415,-1.0,56604.0,56599,5.0,3.368,3.248,0.11999999999999966,1.0,1.0,0.0,0.945273631840796,0.913151364764268,0.0321222670765281
28,141,136,56604.0,56599,5.0,56806.0,56806,0.0,57001.0,56990,11.0,3.136,3.128,0.008000000000000007,1.0,1.0,0.0,0.982367758186398,0.9411764705882353,0.04119128759816271
28,142,137,57001.0,56990,11.0,57212.0,57212,0.0,57409.0,57392,17.0,3.248,3.248,0.0,1.0,1.0,0.0,0.9656862745098039,0.8955223880597015,0.07016388645010241
28,143,138,57409.0,57392,17.0,57648.0,57654,-6.0,57850.0,57841,9.0,3.488,3.536,-0.04800000000000004,1.0,1.0,0.0,0.9160997732426304,0.8329621380846325,0.08313763515799788
28,144,139,57850.0,57841,9.0,58067.0,58067,0.0,58275.0,58257,18.0,3.352,3.304,0.04800000000000004,1.0,1.0,0.0,0.9788235294117648,0.9134615384615384,0.06536199095022632
28,145,140,58275.0,58257,18.0,58496.0,58495,1.0,58699.0,58701,-2.0,3.432,3.424,0.008000000000000007,1.0,1.0,0.0,0.9575471698113207,0.9279279279279279,0.02961924188339282
28,146,141,58699.0,58701,-2.0,58915.0,58914,1.0,59112.0,59101,11.0,3.352,3.352,0.0,1.0,1.0,0.0,0.9539951573849879,0.935,0.018995157384987804
28,147,142,59112.0,59101,11.0,59340.0,59342,-2.0,59540.0,59538,2.0,3.4,3.424,-0.02400000000000002,1.0,1.0,0.0,0.9345794392523364,0.897025171624714,0.037554267627622484
29,2,1,403.0,387,16.0,565.0,567,-2.0,874.0,853,21.0,2.696,2.704,-0.008000000000000007,0.32552,0.32552,0.0,0.6878980891719746,0.7725321888412018,-0.08463409966922719
29,3,2,874.0,853,21.0,1016.0,1043,-27.0,1306.0,1275,31.0,3.608,3.808,-0.19999999999999973,0.35287999999999997,0.35287999999999997,0.0,0.6574074074074074,0.9004739336492891,-0.24306652624188163
29,4,3,1306.0,1275,31.0,1498.0,1497,1.0,1712.0,1684,28.0,3.856,3.632,0.22399999999999975,0.27271999999999996,0.27271999999999996,0.0,0.9458128078817734,0.9144254278728606,0.031387380008912724
29,5,4,1712.0,1684,28.0,1907.0,1909,-2.0,2096.0,2070,26.0,3.272,3.296,-0.02400000000000002,0.31085,0.31281000000000003,-0.0019600000000000173,0.984375,0.8341968911917098,0.1501781088082902
29,7,5,2275.0,2070,205.0,2385.0,2332,53.0,2502.0,2477,25.0,1.088,3.384,-2.296,0.35973,0.35973,0.0,0.9691629955947136,0.7125307125307125,0.2566322830640011
29,8,6,2502.0,2477,25.0,2731.0,2705,26.0,2875.0,2852,23.0,2.768,2.984,-0.2160000000000002,0.34408,0.34408,0.0,0.7721179624664879,0.784,-0.011882037533512135
29,9,7,2875.0,2852,23.0,3067.0,3066,1.0,3248.0,3221,27.0,2.688,2.888,-0.19999999999999973,0.47897999999999996,0.47897999999999996,0.0,0.9705093833780161,0.8401084010840109,0.1304009822940052
29,10,8,3248.0,3221,27.0,3401.0,3442,-41.0,3619.0,3587,32.0,2.672,3.008,-0.33599999999999985,0.462369,0.462369,0.0,0.8247978436657681,0.7923497267759563,0.03244811688981186
29,11,9,3619.0,3587,32.0,3770.0,3805,-35.0,3979.0,3952,27.0,2.952,2.904,0.04800000000000004,0.340171,0.352879,-0.012707999999999997,0.8388888888888889,0.8054794520547945,0.033409436834094364
29,12,10,3979.0,3952,27.0,4147.0,4178,-31.0,4359.0,4333,26.0,3.016,2.984,0.03200000000000003,0.39198999999999995,0.39393999999999996,-0.0019500000000000073,0.8842105263157894,0.8136482939632546,0.07056223235253489
29,13,11,4359.0,4333,26.0,4494.0,4526,-32.0,4703.0,4673,30.0,2.776,2.784,-0.008000000000000007,0.39003,0.39003,0.0,0.7848837209302326,0.8647058823529412,-0.07982216142270859
29,14,12,4703.0,4673,30.0,4840.0,4881,-41.0,5052.0,5026,26.0,2.768,2.84,-0.07200000000000006,0.38319000000000003,0.42424,-0.041049999999999975,0.7851002865329513,0.821529745042493,-0.03642945850954171
29,15,13,5052.0,5026,26.0,5268.0,5262,6.0,5446.0,5424,22.0,3.424,3.048,0.3759999999999999,0.35971999999999993,0.35971999999999993,0.0,0.9035532994923858,0.8140703517587939,0.08948294773359189
29,16,14,5446.0,5424,22.0,5642.0,5644,-2.0,5816.0,5792,24.0,2.992,3.056,-0.06400000000000006,0.40274,0.40274,0.0,0.9405405405405405,0.8043478260869565,0.13619271445358394
29,17,15,5816.0,5792,24.0,5977.0,6020,-43.0,6194.0,6182,12.0,2.68,3.008,-0.32799999999999985,0.35777000000000003,0.35777000000000003,0.0,0.8518518518518519,0.8307692307692307,0.021082621082621156
29,18,16,6194.0,6182,12.0,6315.0,6351,-36.0,6515.0,6494,21.0,2.704,2.648,0.05600000000000005,0.34800000000000003,0.34800000000000003,0.0,0.7538940809968847,0.9166666666666666,-0.16277258566978192
29,19,17,6515.0,6494,21.0,6648.0,6710,-62.0,6908.0,6889,19.0,2.664,2.872,-0.20799999999999974,0.39883,0.43793000000000004,-0.039100000000000024,0.6768447837150127,0.9063291139240506,-0.2294843302090379
29,20,18,6908.0,6889,19.0,7064.0,7100,-36.0,7291.0,7270,21.0,3.328,3.12,0.20799999999999974,0.35581999999999997,0.35581999999999997,0.0,0.814621409921671,0.8923884514435696,-0.07776704152189862
29,21,19,7291.0,7270,21.0,7474.0,7508,-34.0,7698.0,7671,27.0,3.28,3.264,0.016000000000000014,0.33626,0.33626,0.0,0.8992628992628993,0.8129675810473815,0.08629531821551772
29,22,20,7698.0,7671,27.0,7944.0,7932,12.0,8109.0,8087,22.0,3.76,3.392,0.3679999999999999,0.34798999999999997,0.34798999999999997,0.0,0.8029197080291971,0.7451923076923077,0.05772740033688939
29,23,21,8109.0,8087,22.0,8249.0,8309,-60.0,8491.0,8466,25.0,2.44,3.016,-0.5760000000000001,0.35582,0.35582,0.0,0.7329842931937173,0.8284960422163589,-0.09551174902264159
29,24,22,8491.0,8466,25.0,8677.0,8697,-20.0,8880.0,8848,32.0,3.424,3.104,0.31999999999999984,0.34799,0.34799,0.0,0.9562982005141388,0.7905759162303665,0.16572228428377234
29,25,23,8880.0,8848,32.0,9091.0,9071,20.0,9251.0,9222,29.0,3.312,2.992,0.31999999999999984,0.32747000000000004,0.32747000000000004,0.0,0.8625336927223719,0.8074866310160428,0.055047061706329115
29,26,24,9251.0,9222,29.0,9498.0,9455,43.0,9625.0,9596,29.0,3.256,3.072,0.18399999999999972,0.33431,0.34702,-0.012709999999999999,0.679144385026738,0.7540106951871658,-0.07486631016042777
29,29,27,10421.0,10399,22.0,10676.0,10642,34.0,10810.0,10793,17.0,4.024,3.24,0.7839999999999998,0.34506000000000003,0.34506000000000003,0.0,0.6889460154241644,0.766497461928934,-0.07755144650476953
29,30,28,10810.0,10793,17.0,11097.0,11064,33.0,11229.0,11207,22.0,3.368,3.376,-0.008000000000000007,0.32649,0.32649,0.0,0.630071599045346,0.6908212560386473,-0.06074965699330126
29,31,29,11229.0,11207,22.0,11498.0,11480,18.0,11641.0,11929,-288.0,3.208,3.328,-0.11999999999999966,0.34995,0.43206,-0.08211000000000002,0.6941747572815534,0.7562326869806094,-0.06205792969905599
29,33,30,11955.0,11929,26.0,12098.0,12137,-39.0,12330.0,12317,13.0,2.776,5.256,-2.4800000000000004,0.41446,0.41446,0.0,0.7626666666666666,0.9278350515463918,-0.16516838487972518
29,34,31,12330.0,12317,13.0,12501.0,12502,-1.0,12677.0,12657,20.0,3.224,2.92,0.30400000000000027,0.33137,0.37243000000000004,-0.04106000000000004,0.9855907780979827,0.9117647058823529,0.07382607221562976
29,35,32,12677.0,12657,20.0,12833.0,12862,-29.0,13070.0,13059,11.0,2.656,2.88,-0.22399999999999975,0.35581999999999997,0.35581999999999997,0.0,0.7938931297709924,0.9800995024875622,-0.1862063727165698
29,36,33,13070.0,13059,11.0,13251.0,13239,12.0,13526.0,13504,22.0,3.344,3.016,0.32799999999999985,0.41544000000000003,0.41544000000000003,0.0,0.793859649122807,0.8089887640449438,-0.015129114922136755
29,37,34,13526.0,13504,22.0,13673.0,13705,-32.0,13966.0,13937,29.0,3.376,3.728,-0.3520000000000003,0.33919999999999995,0.33919999999999995,0.0,0.6681818181818182,0.9284064665127021,-0.2602246483308839
29,38,35,13966.0,13937,29.0,14166.0,14210,-44.0,14394.0,14371,23.0,3.944,4.04,-0.09600000000000009,0.31085,0.32454000000000005,-0.013690000000000035,0.9345794392523364,0.7419354838709677,0.1926439553813687
29,40,37,14847.0,14825,22.0,14997.0,15013,-16.0,15296.0,15275,21.0,3.352,2.696,0.6559999999999997,0.38319,0.38319,0.0,0.6681514476614699,0.8355555555555556,-0.16740410789408566
29,41,38,15296.0,15275,21.0,15428.0,15454,-26.0,15736.0,15709,27.0,3.448,3.528,-0.08000000000000007,0.34702,0.34702,0.0,0.6,0.8248847926267281,-0.2248847926267281
29,42,39,15736.0,15709,27.0,15920.0,15953,-33.0,16135.0,16112,23.0,3.936,3.992,-0.05600000000000005,0.28739000000000003,0.28739000000000003,0.0,0.9223057644110275,0.7890818858560794,0.1332238785549481
29,43,40,16135.0,16112,23.0,16333.0,16346,-13.0,16541.0,16514,27.0,3.304,3.144,0.1599999999999997,0.31183000000000005,0.32552000000000003,-0.01368999999999998,0.9753694581280788,0.835820895522388,0.13954856260569082
29,44,41,16541.0,16514,27.0,16714.0,16749,-35.0,16939.0,16907,32.0,3.048,3.224,-0.17600000000000016,0.39003,0.39003,0.0,0.8693467336683417,0.8040712468193384,0.0652754868490033
29,46,42,17117.0,16907,210.0,17228.0,17189,39.0,17346.0,17328,18.0,1.176,3.52,-2.3440000000000003,0.3304,0.3304,0.0,0.9694323144104804,0.6603325415676959,0.30909977284278445
29,47,43,17346.0,17328,18.0,17509.0,17542,-33.0,17734.0,17715,19.0,2.248,2.824,-0.5759999999999996,0.38905,0.42228,-0.03322999999999998,0.8402061855670103,0.8940568475452196,-0.05385066197820931
29,48,44,17734.0,17715,19.0,17896.0,17926,-30.0,18141.0,18127,14.0,3.096,3.072,0.02400000000000002,0.41836999999999996,0.4154399999999999,0.0029300000000000437,0.7960687960687961,0.9757281553398058,-0.17965935927100973
29,49,45,18141.0,18127,14.0,18322.0,18344,-22.0,18537.0,18511,26.0,3.408,3.344,0.06400000000000006,0.465301,0.465301,0.0,0.9141414141414141,0.8697916666666666,0.044349747474747514
29,50,46,18537.0,18511,26.0,18712.0,18707,5.0,18896.0,18869,27.0,3.12,2.904,0.2160000000000002,0.33821999999999997,0.39099999999999996,-0.052779999999999994,0.9749303621169917,0.9050279329608939,0.06990242915609779
29,51,47,18896.0,18869,27.0,19055.0,19081,-26.0,19267.0,19236,31.0,2.744,2.992,-0.24799999999999978,0.44966,0.44966,0.0,0.8571428571428572,0.8446866485013624,0.01245620864149477
29,53,49,19602.0,19611,-9.0,19859.0,19830,29.0,20011.0,19971,40.0,3.728,2.984,0.7440000000000002,0.706743,0.706743,0.0,0.7432762836185819,0.7833333333333333,-0.040057049714751436
29,54,50,20011.0,19971,40.0,20055.0,20092,-37.0,20168.0,20256,-88.0,1.568,2.096,-0.528,0.18669999999999998,0.31769099999999995,-0.13099099999999997,0.5605095541401274,0.8491228070175438,-0.28861325287741646
29,56,51,20273.0,20256,17.0,20467.0,20489,-22.0,20674.0,20650,24.0,2.28,3.176,-0.8960000000000004,0.33333,0.37439,-0.041059999999999985,0.9675810473815462,0.817258883248731,0.15032216413281518
29,57,52,20674.0,20650,24.0,20812.0,20847,-35.0,21074.0,21053,21.0,2.76,2.864,-0.10400000000000009,0.37439,0.37439,0.0,0.69,0.9776674937965261,-0.2876674937965261
29,58,53,21074.0,21053,21.0,21247.0,21273,-26.0,21453.0,21414,39.0,3.48,3.408,0.07200000000000006,0.41251000000000004,0.42522000000000004,-0.012709999999999999,0.9129287598944591,0.7811634349030471,0.13176532499141203
29,59,54,21453.0,21414,39.0,21501.0,21533,-32.0,21693.0,21694,-1.0,2.032,2.08,-0.04800000000000004,0.39198,0.39198,0.0,0.4,0.85,-0.44999999999999996
29,60,55,21693.0,21694,-1.0,21884.0,21886,-2.0,22016.0,22039,-23.0,3.064,2.824,0.2400000000000002,0.41642,0.41642,0.0,0.8173374613003096,0.8869565217391304,-0.06961906043882082
29,62,57,22386.0,22352,34.0,22540.0,22575,-35.0,22743.0,22715,28.0,3.248,2.936,0.3120000000000003,0.34018000000000004,0.40567300000000006,-0.06549300000000002,0.8627450980392157,0.7713498622589532,0.09139523578026254
29,63,58,22743.0,22715,28.0,23024.0,22984,40.0,23148.0,23123,25.0,3.872,3.272,0.6000000000000001,0.40957999999999994,0.46138999999999997,-0.05181000000000002,0.6123456790123456,0.6813725490196079,-0.06902687000726226
29,64,59,23148.0,23123,25.0,23287.0,23323,-36.0,23530.0,23523,7.0,2.104,2.712,-0.6080000000000001,0.39785000000000004,0.39785000000000004,0.0,0.7277486910994764,1.0,-0.2722513089005236
29,65,60,23530.0,23523,7.0,23661.0,23687,-26.0,23928.0,23920,8.0,2.992,2.912,0.08000000000000007,0.35874999999999996,0.35874999999999996,0.0,0.6582914572864322,0.8261964735516373,-0.16790501626520504
29,66,61,23928.0,23920,8.0,24114.0,24089,25.0,24350.0,24334,16.0,3.624,3.216,0.4079999999999999,0.31868,0.31868,0.0,0.8815165876777251,0.8164251207729468,0.0650914669047783
29,67,62,24350.0,24334,16.0,24534.0,24556,-22.0,24753.0,24733,20.0,3.36,3.736,-0.37600000000000033,0.34995,0.3519,-0.0019500000000000073,0.913151364764268,0.887218045112782,0.02593331965148593
29,68,63,24753.0,24733,20.0,24943.0,24936,7.0,25157.0,25144,13.0,3.272,3.04,0.23199999999999976,0.31867,0.31867,0.0,0.9405940594059405,0.9878345498783455,-0.04724049047240497
29,69,64,25157.0,25144,13.0,25311.0,25324,-13.0,25579.0,25558,21.0,2.944,3.104,-0.16000000000000014,0.32942000000000005,0.32942000000000005,0.0,0.7298578199052133,0.8695652173913043,-0.13970739748609107
29,70,65,25579.0,25558,21.0,25852.0,25851,1.0,26009.0,26001,8.0,4.328,4.216,0.1120000000000001,0.37828999999999996,0.38122999999999996,-0.002939999999999998,0.7302325581395348,0.6772009029345372,0.05303165520499764
29,71,66,26009.0,26001,8.0,26155.0,26173,-18.0,26440.0,26416,24.0,2.424,2.576,-0.15200000000000014,0.49363999999999997,0.49363999999999997,0.0,0.6774941995359629,0.8289156626506025,-0.15142146311463955
29,72,67,26440.0,26416,24.0,26613.0,26653,-40.0,26829.0,26808,21.0,3.664,3.84,-0.1759999999999997,0.31671,0.31671,0.0,0.8894601542416453,0.7908163265306123,0.09864382771103297
29,73,68,26829.0,26808,21.0,27005.0,27013,-8.0,27245.0,27222,23.0,3.136,2.88,0.2560000000000002,0.37439,0.37439,0.0,0.8461538461538461,0.9903381642512077,-0.14418431809736154
29,76,71,28070.0,28042,28.0,28185.0,28179,6.0,28433.0,28414,19.0,3.016,2.432,0.5840000000000001,0.323554,0.323554,0.0,0.6336088154269972,0.7365591397849462,-0.10295032435794904
29,77,72,28433.0,28414,19.0,28581.0,28604,-23.0,28796.0,28782,14.0,3.168,3.4,-0.23199999999999976,0.296189,0.32551399999999997,-0.02932499999999999,0.8154269972451791,0.967391304347826,-0.15196430710264697
29,78,73,28796.0,28782,14.0,28945.0,28965,-20.0,29063.0,29185,-122.0,2.912,2.888,0.02400000000000002,0.32551,0.351903,-0.026393,0.8838951310861423,0.9081885856079405,-0.024293454521798208
29,80,74,29202.0,29185,17.0,29335.0,29353,-18.0,29619.0,29602,17.0,2.088,3.104,-1.016,0.41935,0.41935,0.0,0.6378896882494005,0.8057553956834532,-0.1678657074340527
29,81,75,29619.0,29602,17.0,29864.0,29845,19.0,30004.0,29980,24.0,4.232,3.936,0.29600000000000026,0.65689,0.69208,-0.035190000000000055,0.7272727272727273,0.7142857142857143,0.012987012987012991
29,82,76,30004.0,29980,24.0,30088.0,30102,-14.0,30311.0,30319,-8.0,1.792,2.056,-0.264,0.37536699999999995,0.37536699999999995,0.0,0.5472312703583062,0.71976401179941,-0.17253274144110375
29,83,77,30311.0,30319,-8.0,30502.0,30538,-36.0,30746.0,30724,22.0,3.312,3.488,-0.17600000000000016,0.442812,0.437924,0.0048880000000000035,0.8781609195402299,0.9185185185185185,-0.04035759897828861
29,84,78,30746.0,30724,22.0,30902.0,30935,-33.0,31145.0,31128,17.0,3.2,3.176,0.02400000000000002,0.31867,0.33431,-0.015639999999999987,0.7819548872180451,0.9554455445544554,-0.17349065733641034
29,85,79,31145.0,31128,17.0,31326.0,31324,2.0,31535.0,31510,25.0,3.392,3.112,0.2799999999999998,0.34604,0.35777000000000003,-0.011730000000000018,0.9282051282051282,0.9738219895287958,-0.0456168613236676
29,86,80,31535.0,31510,25.0,31673.0,31696,-23.0,31973.0,31954,19.0,2.776,2.976,-0.20000000000000018,0.32844999999999996,0.32844999999999996,0.0,0.6301369863013699,0.8378378378378378,-0.2077008515364679
29,88,81,32128.0,31954,174.0,32249.0,32233,16.0,32390.0,32360,30.0,1.064,4.296,-3.232,0.35582,0.35582,0.0,0.9236641221374046,0.625615763546798,0.2980483585906065
29,89,82,32390.0,32360,30.0,32542.0,32572,-30.0,32746.0,32723,23.0,2.344,2.712,-0.3680000000000003,0.32844999999999996,0.38122999999999996,-0.052779999999999994,0.8539325842696629,0.8319559228650137,0.021976661404649156
29,90,83,32746.0,32723,23.0,32915.0,32946,-31.0,33133.0,33112,21.0,2.984,2.992,-0.008000000000000007,0.32258,0.32258,0.0,0.8733850129198967,0.8534704370179949,0.01991457590190182
29,92,85,33556.0,33538,18.0,33696.0,33712,-16.0,33980.0,33967,13.0,3.392,2.568,0.8239999999999998,0.38416000000000006,0.38416000000000006,0.0,0.6603773584905661,0.8111888111888113,-0.15081145269824514
29,93,86,33980.0,33967,13.0,34120.0,34141,-21.0,34407.0,34380,27.0,3.392,3.432,-0.040000000000000036,0.38124,0.38124,0.0,0.6557377049180328,0.8426150121065376,-0.1868773071885047
29,94,87,34407.0,34380,27.0,34591.0,34600,-9.0,34774.0,34740,34.0,3.768,3.672,0.09599999999999964,0.41544600000000004,0.41544600000000004,0.0,0.997275204359673,0.7777777777777778,0.2194974265818952
29,96,89,35165.0,35144,21.0,35323.0,35339,-16.0,35543.0,35528,15.0,3.2,2.816,0.38400000000000034,0.38220999999999994,0.38220999999999994,0.0,0.835978835978836,0.984375,-0.14839616402116396
29,97,90,35543.0,35528,15.0,35683.0,35704,-21.0,35927.0,35905,22.0,2.88,2.92,-0.040000000000000036,0.40176,0.42522,-0.02345999999999998,0.7291666666666667,0.9336870026525199,-0.20452033598585317
29,98,91,35927.0,35905,22.0,36073.0,36102,-29.0,36298.0,36280,18.0,3.12,3.184,-0.06400000000000006,0.33821999999999997,0.33821999999999997,0.0,0.7870619946091644,0.9493333333333334,-0.162271338724169
29,99,92,36298.0,36280,18.0,36486.0,36499,-13.0,36690.0,36667,23.0,3.304,3.176,0.12799999999999967,0.30010000000000003,0.30010000000000003,0.0,0.9591836734693877,0.8682170542635659,0.09096661920582183
29,100,93,36690.0,36667,23.0,36985.0,36963,22.0,37111.0,37084,27.0,3.992,3.712,0.2799999999999998,0.6862199999999999,0.73607,-0.04985000000000006,0.5985748218527316,0.580335731414868,0.018239090437863537
29,101,94,37111.0,37084,27.0,37229.0,37247,-18.0,37427.0,37394,33.0,1.952,2.272,-0.31999999999999984,0.41054999999999997,0.41054999999999997,0.0,0.7468354430379747,0.9483870967741935,-0.20155165373621886
29,103,96,37824.0,37800,24.0,38051.0,38067,-16.0,38247.0,38227,20.0,3.976,3.504,0.472,0.40078,0.40078,0.0,0.9267139479905437,0.7494145199063231,0.1772994280842206
29,105,98,38644.0,38628,16.0,38791.0,38804,-13.0,39090.0,39060,30.0,3.248,2.72,0.528,0.35582,0.35582,0.0,0.6591928251121076,0.8148148148148149,-0.15562198970270724
29,106,99,39090.0,39060,30.0,39366.0,39327,39.0,39499.0,39475,24.0,4.6,4.184,0.4159999999999995,0.39296,0.39491,-0.0019500000000000073,0.6503667481662592,0.7132530120481928,-0.06288626388193364
29,107,100,39499.0,39475,24.0,39715.0,39692,23.0,39868.0,39851,17.0,2.792,2.92,-0.1280000000000001,0.30987,0.31965,-0.009780000000000011,0.8292682926829268,0.8457446808510638,-0.016476388168137013
29,108,101,39868.0,39851,17.0,40124.0,40089,35.0,40262.0,40244,18.0,3.272,3.176,0.09599999999999964,0.35972000000000004,0.3607,-0.0009799999999999809,0.700507614213198,0.7888040712468194,-0.08829645703362143
29,109,102,40262.0,40244,18.0,40524.0,40503,21.0,40683.0,40661,22.0,3.2,3.312,-0.11199999999999966,0.33919,0.33919,0.0,0.7553444180522565,0.7577937649880095,-0.0024493469357530495
29,110,103,40683.0,40661,22.0,40861.0,40919,-58.0,41086.0,41073,13.0,2.696,3.328,-0.6319999999999997,0.3089,0.3089,0.0,0.8833746898263027,0.7475728155339806,0.13580187429232216
29,111,104,41086.0,41073,13.0,41280.0,41298,-18.0,41507.0,41485,22.0,3.352,3.032,0.31999999999999984,0.36558999999999997,0.36558999999999997,0.0,0.9216152019002375,0.9077669902912622,0.013848211608975314
29,112,105,41507.0,41485,22.0,41691.0,41705,-14.0,41903.0,41884,19.0,3.288,3.256,0.03200000000000003,0.30498,0.30694,-0.0019600000000000173,0.9292929292929293,0.8972431077694236,0.03204982152350566
29,113,106,41903.0,41884,19.0,42110.0,42081,29.0,42353.0,42340,13.0,3.352,3.008,0.34399999999999986,0.31671000000000005,0.31964000000000004,-0.002929999999999988,0.92,0.8640350877192983,0.05596491228070177
29,114,107,42353.0,42340,13.0,42616.0,42649,-33.0,42827.0,42814,13.0,4.048,4.544,-0.49599999999999955,0.34702,0.35679000000000005,-0.009770000000000056,0.890295358649789,0.6962025316455696,0.19409282700421948
29,115,108,42827.0,42814,13.0,42977.0,42989,-12.0,43234.0,43229,5.0,2.888,2.72,0.1679999999999997,0.34310999999999997,0.34310999999999997,0.0,0.7371007371007371,0.8433734939759037,-0.10627275687516657
29,116,109,43234.0,43229,5.0,43382.0,43391,-9.0,43549.0,43583,-34.0,3.24,3.216,0.02400000000000002,0.43011,0.43011,0.0,0.9396825396825397,0.9152542372881356,0.024428302394404078
29,117,110,43549.0,43583,-34.0,43693.0,43700,-7.0,43920.0,43919,1.0,2.488,2.472,0.016000000000000014,0.733139,0.733139,0.0,0.7762803234501348,0.6964285714285714,0.07985175202156336
29,118,111,43920.0,43919,1.0,44011.0,44031,-20.0,44135.0,44214,-79.0,2.544,2.648,-0.10400000000000009,0.414472,0.42131399999999997,-0.006841999999999959,0.8465116279069768,0.7593220338983051,0.08718959400867166
29,120,112,44229.0,44214,15.0,44369.0,44366,3.0,44381.0,44459,-78.0,1.816,2.68,-0.8640000000000001,0.1955,0.2258,-0.030299999999999994,0.1578947368421053,0.7591836734693878,-0.6012889366272824
29,121,113,44381.0,44459,-78.0,44577.0,44583,-6.0,44808.0,44776,32.0,1.664,1.736,-0.07200000000000006,0.47703000000000007,0.47703000000000007,0.0,0.9180327868852459,0.7823343848580442,0.13569840202720174
29,122,114,44808.0,44776,32.0,45069.0,45047,22.0,45212.0,45192,20.0,3.936,3.712,0.22399999999999975,0.33626,0.34995,-0.01368999999999998,0.7079207920792079,0.6971153846153846,0.010805407463823302
29,123,115,45212.0,45192,20.0,45330.0,45368,-38.0,45445.0,45555,-110.0,2.088,2.568,-0.48,0.23167,0.25805999999999996,-0.02638999999999997,0.9871244635193133,0.9696969696969697,0.017427493822343543
29,125,116,45572.0,45555,17.0,45720.0,45777,-57.0,45952.0,45935,17.0,2.072,3.272,-1.1999999999999997,0.27566,0.27566,0.0,0.7789473684210526,0.8315789473684211,-0.052631578947368474
29,126,117,45952.0,45935,17.0,46222.0,46200,22.0,46349.0,46329,20.0,4.016,3.384,0.6320000000000001,0.31377999999999995,0.32844999999999996,-0.014670000000000016,0.6397984886649875,0.6548223350253808,-0.015023846360393334
29,127,118,46349.0,46329,20.0,46619.0,46596,23.0,46762.0,46744,18.0,3.176,3.168,0.008000000000000007,0.30008999999999997,0.30008999999999997,0.0,0.6924939467312349,0.7132530120481928,-0.020759065316957925
29,128,119,46762.0,46744,18.0,46980.0,46999,-19.0,47162.0,47137,25.0,2.888,3.224,-0.3360000000000003,0.47507,0.47507,0.0,0.91,0.7022900763358779,0.2077099236641221
29,129,120,47162.0,47137,25.0,47372.0,47410,-38.0,47591.0,47582,9.0,3.136,3.288,-0.1519999999999997,0.37732,0.38514,-0.007819999999999994,0.9790209790209791,0.7730337078651686,0.2059872711558105
29,130,121,47591.0,47582,9.0,47788.0,47769,19.0,48024.0,48017,7.0,3.328,2.872,0.45599999999999996,0.3392,0.33821999999999997,0.0009800000000000364,0.9099307159353349,0.8597701149425288,0.05016060099280617
29,131,122,48024.0,48017,7.0,48293.0,48266,27.0,48432.0,48416,16.0,4.04,3.976,0.06400000000000006,0.29325,0.29325,0.0,0.6813725490196079,0.7518796992481203,-0.0705071502285124
29,132,123,48432.0,48416,16.0,48614.0,48666,-52.0,48857.0,48850,7.0,2.568,3.2,-0.6320000000000001,0.30205,0.30205,0.0,0.8564705882352941,0.847926267281106,0.008544320954188112
29,135,126,49724.0,49708,16.0,49934.0,49898,36.0,50189.0,50177,12.0,3.936,2.8,1.1360000000000001,0.31084999999999996,0.31084999999999996,0.0,0.9032258064516129,0.8102345415778252,0.09299126487378773
29,136,127,50189.0,50177,12.0,50447.0,50418,29.0,50582.0,50572,10.0,4.104,4.16,-0.05600000000000005,0.37341,0.3831800000000001,-0.009770000000000056,0.6870229007633588,0.7797468354430379,-0.0927239346796791
29,137,128,50582.0,50572,10.0,50737.0,50779,-42.0,50965.0,50945,20.0,2.32,2.888,-0.5680000000000001,0.37341,0.37341,0.0,0.8093994778067886,0.8900804289544236,-0.08068095114763507
29,138,129,50965.0,50945,20.0,51216.0,51194,22.0,51368.0,51360,8.0,3.832,3.32,0.512,0.33627000000000007,0.33627000000000007,0.0,0.7543424317617866,0.8,-0.04565756823821343
29,139,130,51368.0,51360,8.0,51557.0,51575,-18.0,51774.0,51770,4.0,2.728,3.048,-0.31999999999999984,0.34212999999999993,0.34212999999999993,0.0,0.9310344827586207,0.9512195121951219,-0.020185029436501245
29,141,131,51942.0,51770,172.0,52059.0,52040,19.0,52197.0,52186,11.0,0.936,3.72,-2.7840000000000003,0.35678999999999994,0.38122999999999996,-0.024440000000000017,0.9176470588235294,0.7019230769230769,0.2157239819004525
29,142,132,52197.0,52186,11.0,52442.0,52411,31.0,52589.0,52562,27.0,3.064,2.968,0.09600000000000009,0.44575,0.44672999999999996,-0.0009799999999999809,0.75,0.8031914893617021,-0.05319148936170215
29,143,133,52589.0,52562,27.0,52711.0,52712,-1.0,52904.0,52883,21.0,2.152,2.408,-0.2559999999999998,0.27273000000000003,0.27273000000000003,0.0,0.7746031746031746,0.9345794392523364,-0.15997626464916181
29,144,134,52904.0,52883,21.0,53129.0,53123,6.0,53317.0,53297,20.0,3.344,3.288,0.05600000000000005,0.26002,0.26783999999999997,-0.007819999999999994,0.910411622276029,0.8405797101449275,0.06983191213110151
29,145,135,53317.0,53297,20.0,53460.0,53492,-32.0,53749.0,53747,2.0,2.648,2.952,-0.3039999999999998,0.28251,0.28251,0.0,0.662037037037037,0.8666666666666667,-0.20462962962962972
29,146,136,53749.0,53747,2.0,53948.0,53919,29.0,54182.0,54187,-5.0,3.904,3.416,0.488,0.29521,0.29521,0.0,0.9191685912240185,0.7818181818181819,0.13735040940583665
29,147,137,54182.0,54187,-5.0,54373.0,54358,15.0,54616.0,54610,6.0,3.4,3.512,-0.1120000000000001,0.28642,0.28642,0.0,0.880184331797235,0.8085106382978724,0.07167369349936259
29,148,138,54616.0,54610,6.0,54790.0,54782,8.0,55005.0,54999,6.0,3.336,3.392,-0.05600000000000005,0.22874,0.22874,0.0,0.8946015424164524,0.884318766066838,0.010282776349614386
29,149,139,55005.0,54999,6.0,55192.0,55198,-6.0,55458.0,55453,5.0,3.216,3.328,-0.11199999999999966,0.26393,0.261,0.002929999999999988,0.82560706401766,0.8766519823788547,-0.051044918361194624
29,150,140,55458.0,55453,5.0,55599.0,55618,-19.0,55911.0,55902,9.0,3.256,3.36,-0.10400000000000009,0.30695,0.30695,0.0,0.6225165562913908,0.734966592427617,-0.11245003613622617
29,151,141,55911.0,55902,9.0,56059.0,56081,-22.0,56399.0,56397,2.0,3.68,3.704,-0.02400000000000002,0.23265,0.26588,-0.03323000000000001,0.6065573770491803,0.7232323232323232,-0.11667494618314289
29,152,142,56399.0,56397,2.0,56533.0,56561,-28.0,56838.0,56833,5.0,3.792,3.84,-0.04800000000000004,0.22286999999999998,0.22286999999999998,0.0,0.6104783599088839,0.7522935779816513,-0.14181521807276742
29,153,143,56838.0,56833,5.0,57039.0,57094,-55.0,57280.0,57253,27.0,4.048,4.264,-0.2160000000000002,0.20528,0.20528,0.0,0.9095022624434389,0.7571428571428571,0.15235940530058178
29,154,144,57280.0,57253,27.0,57538.0,57540,-2.0,57735.0,57699,36.0,3.992,3.568,0.42399999999999993,1.0,1.0,0.0,0.865934065934066,0.7130044843049328,0.15292958162913317
29,155,145,57735.0,57699,36.0,58242.0,58235,7.0,58406.0,58375,31.0,5.632,5.56,0.07200000000000006,0.37928,0.37928,0.0,0.48882265275707903,0.41420118343195267,0.07462146932512637
29,156,146,58406.0,58375,31.0,58595.0,58634,-39.0,58816.0,58803,13.0,2.824,3.192,-0.3680000000000003,0.21212,0.21212,0.0,0.9219512195121952,0.7897196261682243,0.13223159334397083
29,157,147,58816.0,58803,13.0,59008.0,59011,-3.0,59269.0,59256,13.0,3.304,3.016,0.2879999999999998,0.22972,0.22972,0.0,0.847682119205298,0.9183222958057395,-0.07064017660044153
29,158,148,59269.0,59256,13.0,59507.0,59514,-7.0,59606.0,59626,-20.0,3.992,4.024,-0.03200000000000003,0.17986000000000002,0.19941,-0.019549999999999984,0.5875370919881306,0.6054054054054054,-0.017868313417274795
30,2,1,397.0,345,52.0,680.0,678,2.0,883.0,838,45.0,3.792,3.824,-0.03200000000000003,1.2658589999999998,1.279769,-0.013910000000000089,0.8353909465020576,0.6490872210953347,0.1863037254067229
30,3,2,883.0,838,45.0,1128.0,1115,13.0,1303.0,1278,25.0,3.584,3.496,0.08800000000000008,1.2008899999999998,1.1854339999999999,0.015455999999999914,0.8333333333333334,0.740909090909091,0.09242424242424241
30,4,3,1303.0,1278,25.0,1512.0,1506,6.0,1696.0,1711,-15.0,3.072,3.128,-0.05600000000000005,1.40188,1.43279,-0.030909999999999993,0.9363867684478372,0.9468822170900693,-0.010495448642232064
30,5,4,1696.0,1711,-15.0,1894.0,1890,4.0,2115.0,2068,47.0,3.056,3.072,-0.016000000000000014,1.43279,1.4281599999999999,0.004630000000000134,0.9451073985680191,0.9971988795518207,-0.052091480983801675
30,6,5,2115.0,2068,47.0,2347.0,2349,-2.0,2553.0,2506,47.0,3.624,3.672,-0.04800000000000004,1.374062,1.380245,-0.00618300000000005,0.9406392694063928,0.7168949771689498,0.22374429223744297
30,7,6,2553.0,2506,47.0,2851.0,2850,1.0,3060.0,3008,52.0,4.032,4.008,0.02400000000000002,1.341605,1.298328,0.04327700000000001,0.8244575936883629,0.6294820717131474,0.1949755219752155
30,8,7,3060.0,3008,52.0,3266.0,3261,5.0,3461.0,3403,58.0,3.32,3.288,0.03200000000000003,1.285903,1.302905,-0.01700199999999996,0.972568578553616,0.718987341772152,0.25358123678146405
30,9,8,3461.0,3403,58.0,3677.0,3668,9.0,3887.0,3826,61.0,3.288,3.256,0.03200000000000003,1.267356,1.279721,-0.012365000000000181,0.9859154929577465,0.7470449172576832,0.23887057570006331
30,10,9,3887.0,3826,61.0,4111.0,4103,8.0,4302.0,4255,47.0,3.472,3.48,-0.008000000000000007,1.220993,1.220993,0.0,0.9204819277108434,0.7086247086247086,0.21185721908613475
30,11,10,4302.0,4255,47.0,4478.0,4482,-4.0,4677.0,4719,-42.0,2.936,3.032,-0.09600000000000009,1.174702,1.174702,0.0,0.9386666666666666,0.978448275862069,-0.0397816091954023
30,12,11,4677.0,4719,-42.0,4885.0,4880,5.0,5075.0,5059,16.0,3.256,3.184,0.07199999999999962,1.380245,1.346241,0.03400399999999992,0.9547738693467337,0.9470588235294117,0.007715045817321964
30,13,12,5075.0,5059,16.0,5258.0,5254,4.0,5448.0,5487,-39.0,2.984,2.992,-0.008000000000000007,1.34315,1.34315,0.0,0.9812332439678284,0.9112149532710281,0.07001829069680032
30,14,13,5448.0,5487,-39.0,5643.0,5640,3.0,5835.0,5800,35.0,3.08,3.088,-0.008000000000000007,1.321512,1.318421,0.003090999999999955,0.9922480620155039,0.9776357827476039,0.014612279267899986
30,15,14,5835.0,5800,35.0,6025.0,6018,7.0,6201.0,6214,-13.0,3.056,3.024,0.03200000000000003,1.3029709999999999,1.3029709999999999,0.0,0.9617486338797814,0.9468599033816425,0.01488873049813888
30,16,15,6201.0,6214,-13.0,6393.0,6388,5.0,6542.0,6550,-8.0,2.944,2.96,-0.016000000000000014,1.49926,1.49926,0.0,0.873900293255132,0.9642857142857143,-0.09038542103058234
30,17,16,6542.0,6550,-8.0,6711.0,6716,-5.0,6905.0,6902,3.0,2.544,2.624,-0.08000000000000007,1.58117,1.58117,0.0,0.931129476584022,0.9431818181818182,-0.012052341597796223
30,18,17,6905.0,6902,3.0,7086.0,7084,2.0,7278.0,7236,42.0,3.0,2.944,0.05600000000000005,1.58117,1.58117,0.0,0.9705093833780161,0.9101796407185628,0.060329742659453234
30,21,18,7775.0,7735,40.0,8098.0,8095,3.0,8287.0,8238,49.0,4.264,4.216,0.04800000000000004,1.23339,1.3384900000000002,-0.1051000000000002,0.73828125,0.5685884691848906,0.1696927808151094
30,22,19,8287.0,8238,49.0,8639.0,8634,5.0,8838.0,8776,62.0,4.328,4.312,0.016000000000000014,1.187031,1.18394,0.003090999999999955,0.7223230490018149,0.5278810408921932,0.19444200810962164
30,23,20,8838.0,8776,62.0,9100.0,9103,-3.0,9294.0,9243,51.0,3.688,3.752,-0.06399999999999961,1.185431,1.185431,0.0,0.8508771929824561,0.5995717344753747,0.2513054585070814
30,24,21,9294.0,9243,51.0,9514.0,9514,0.0,9711.0,9663,48.0,3.312,3.288,0.02400000000000002,1.347787,1.332331,0.015456000000000136,0.9448441247002398,0.7095238095238094,0.23532031517643037
30,25,22,9711.0,9663,48.0,9939.0,9941,-2.0,10150.0,10202,-52.0,3.4,3.416,-0.016000000000000014,1.363243,1.363243,0.0,0.9612756264236902,0.9684601113172542,-0.007184484893563936
30,26,23,10150.0,10202,-52.0,10352.0,10351,1.0,10559.0,10595,-36.0,3.304,3.28,0.02400000000000002,1.298328,1.2998736,-0.0015456000000000358,0.9877750611246944,0.7582697201017812,0.2295053410229132
30,27,24,10559.0,10595,-36.0,10754.0,10747,7.0,10947.0,10977,-30.0,3.216,3.168,0.04800000000000004,1.2998736,1.298328,0.0015456000000000358,0.9948453608247423,0.7958115183246073,0.199033842500135
30,28,25,10947.0,10977,-30.0,11125.0,11128,-3.0,11306.0,11323,-17.0,2.968,3.048,-0.08000000000000007,1.32924,1.352424,-0.023184000000000093,0.9916434540389972,0.8728323699421965,0.11881108409680075
30,29,26,11306.0,11323,-17.0,11491.0,11491,0.0,11706.0,11712,-6.0,2.928,2.904,0.02400000000000002,1.377153,1.377153,0.0,0.925,0.8637532133676092,0.061246786632390804
30,30,27,11706.0,11712,-6.0,11908.0,11908,0.0,12138.0,12094,44.0,3.336,3.336,0.0,1.52244,1.52244,0.0,0.9351851851851852,0.9738219895287958,-0.03863680434361061
30,31,28,12138.0,12094,44.0,12352.0,12348,4.0,12568.0,12538,30.0,3.552,3.52,0.03200000000000003,1.51317,1.51317,0.0,0.9953488372093023,0.8558558558558559,0.13949298135344645
30,32,29,12568.0,12538,30.0,12785.0,12788,-3.0,12921.0,12941,-20.0,3.464,3.52,-0.05600000000000005,1.57654,1.58117,-0.004629999999999912,0.7705382436260624,0.7593052109181142,0.011233032707948176
30,34,30,12925.0,12941,-16.0,13084.0,13084,0.0,13299.0,13261,38.0,1.272,2.368,-1.0959999999999999,1.58117,1.58117,0.0,0.8502673796791445,0.89375,-0.04348262032085559
30,35,31,13299.0,13261,38.0,13500.0,13502,-2.0,13723.0,13684,39.0,3.328,3.344,-0.016000000000000014,1.58117,1.58117,0.0,0.9481132075471698,0.8605200945626478,0.08759311298452199
30,36,32,13723.0,13684,39.0,14061.0,14060,1.0,14249.0,14205,44.0,4.488,4.464,0.02400000000000002,1.2936999999999999,1.29524,-0.0015400000000000968,0.714828897338403,0.5566218809980806,0.15820701634032242
30,37,33,14249.0,14205,44.0,14602.0,14594,8.0,14779.0,14737,42.0,4.328,4.272,0.05600000000000005,1.0973410000000001,1.058702,0.03863900000000009,0.6679245283018869,0.5375939849624061,0.1303305433394808
30,38,34,14779.0,14737,42.0,15052.0,15046,6.0,15248.0,15189,59.0,3.6,3.616,-0.016000000000000014,1.216405,1.221041,-0.0046360000000000845,0.835820895522388,0.6327433628318584,0.20307753269052964
30,39,35,15248.0,15189,59.0,15524.0,15516,8.0,15723.0,15766,-43.0,3.776,3.76,0.016000000000000014,1.296756,1.3292130000000002,-0.03245700000000018,0.8378947368421052,0.8665511265164645,-0.02865638967435924
30,40,36,15723.0,15766,-43.0,15924.0,15924,0.0,16142.0,16191,-49.0,3.2,3.264,-0.06399999999999961,1.323058,1.323058,0.0,0.9594272076372315,0.7435294117647059,0.21589779587252567
30,41,37,16142.0,16191,-49.0,16343.0,16340,3.0,16550.0,16590,-40.0,3.352,3.328,0.02400000000000002,1.2998736,1.2998736,0.0,0.9852941176470589,0.7468671679197996,0.2384269497272593
30,42,38,16550.0,16590,-40.0,16750.0,16739,11.0,16955.0,16893,62.0,3.256,3.192,0.06399999999999961,1.350815,1.3477240000000001,0.003090999999999955,0.9876543209876543,0.9834983498349835,0.0041559711526707455
30,43,39,16955.0,16893,62.0,17140.0,17141,-1.0,17332.0,17369,-37.0,3.12,3.216,-0.09600000000000009,1.2132580000000002,1.2457150000000001,-0.03245699999999996,0.9814323607427056,0.957983193277311,0.023449167465394605
30,44,40,17332.0,17369,-37.0,17526.0,17517,9.0,17707.0,17736,-29.0,3.088,3.008,0.08000000000000007,1.312168,1.312168,0.0,0.9653333333333334,0.8065395095367848,0.1587938237965486
30,45,41,17707.0,17736,-29.0,17892.0,17891,1.0,18086.0,18115,-29.0,2.928,2.992,-0.06400000000000006,1.324603,1.32924,-0.004637000000000002,0.9762532981530343,0.8179419525065963,0.158311345646438
30,46,42,18086.0,18115,-29.0,18264.0,18262,2.0,18459.0,18412,47.0,2.976,2.968,0.008000000000000007,1.221015,1.1530087999999998,0.06800620000000013,0.9544235924932976,0.98989898989899,-0.03547539740569239
30,47,43,18459.0,18412,47.0,18656.0,18651,5.0,18852.0,18882,-30.0,3.136,3.112,0.02400000000000002,1.2859019999999999,1.333815,-0.047913000000000094,0.9974554707379135,0.9829787234042553,0.014476747333658224
30,48,44,18852.0,18882,-30.0,19023.0,19028,-5.0,19229.0,19275,-46.0,2.936,3.016,-0.08000000000000007,1.238033,1.221031,0.01700199999999996,0.9071618037135278,0.7430025445292621,0.16415925918426577
30,49,45,19229.0,19275,-46.0,19430.0,19427,3.0,19629.0,19654,-25.0,3.256,3.192,0.06399999999999961,1.3106929999999999,1.326149,-0.015456000000000136,0.995,0.8021108179419525,0.1928891820580475
30,50,46,19629.0,19654,-25.0,19793.0,19800,-7.0,19979.0,19999,-20.0,2.904,2.984,-0.08000000000000007,1.2411240000000001,1.2411240000000001,0.0,0.9371428571428572,0.8463768115942029,0.0907660455486543
30,51,47,19979.0,19999,-20.0,20174.0,20164,10.0,20345.0,20398,-53.0,3.048,2.912,0.13600000000000012,1.352424,1.307602,0.04482200000000014,0.9344262295081968,0.8270676691729324,0.10735856033526436
30,52,48,20345.0,20398,-53.0,20531.0,20531,0.0,20700.0,20708,-8.0,2.856,2.936,-0.08000000000000007,1.43434,1.46371,-0.029370000000000118,0.952112676056338,0.8580645161290322,0.09404815992730575
30,53,49,20700.0,20708,-8.0,20862.0,20863,-1.0,21058.0,21028,30.0,2.648,2.656,-0.008000000000000007,1.5178,1.5178,0.0,0.9050279329608939,0.96875,-0.0637220670391061
30,54,50,21058.0,21028,30.0,21256.0,21247,9.0,21467.0,21406,61.0,3.152,3.072,0.08000000000000007,1.40807,1.40961,-0.0015400000000000968,0.9682151589242054,0.8412698412698413,0.12694531765436412
30,55,51,21467.0,21406,61.0,21674.0,21664,10.0,21847.0,21815,32.0,3.344,3.336,0.008000000000000007,1.165333,1.160696,0.004637000000000002,0.9105263157894736,0.7383863080684596,0.172140007721014
30,56,52,21847.0,21815,32.0,22142.0,22145,-3.0,22411.0,22518,-107.0,3.744,3.848,-0.10399999999999965,1.327694,1.349333,-0.021638999999999964,0.9539007092198581,0.9388335704125178,0.015067138807340341
30,57,53,22411.0,22518,-107.0,22686.0,22675,11.0,22899.0,22838,61.0,4.352,4.24,0.1120000000000001,1.2442520000000001,1.2442520000000001,0.0,0.8729508196721312,0.98125,-0.10829918032786878
30,58,54,22899.0,22838,61.0,23092.0,23092,0.0,23289.0,23327,-38.0,3.248,3.336,-0.08799999999999963,1.1793120000000001,1.2179520000000001,-0.03864000000000001,0.9897435897435898,0.9611451942740287,0.02859839546956111
30,59,55,23289.0,23327,-38.0,23475.0,23469,6.0,23675.0,23711,-36.0,3.064,3.016,0.04800000000000004,1.1962456000000001,1.1962456000000001,0.0,0.9637305699481865,0.7395833333333333,0.22414723661485325
30,60,56,23675.0,23711,-36.0,23857.0,23858,-1.0,24054.0,24089,-35.0,3.056,3.112,-0.05600000000000005,1.250413,1.250413,0.0,0.9604221635883905,0.7777777777777778,0.1826443858106127
30,61,57,24054.0,24089,-35.0,24244.0,24237,7.0,24445.0,24478,-33.0,3.096,3.032,0.06400000000000006,1.2101929999999999,1.2009189999999998,0.009274000000000004,0.9718670076726342,0.7609254498714653,0.21094155780116897
30,62,58,24445.0,24478,-33.0,24617.0,24625,-8.0,24848.0,24893,-45.0,2.984,3.104,-0.1200000000000001,1.216419,1.2071456,0.009273399999999876,0.8535980148883375,0.708433734939759,0.1451642799485785
30,63,59,24848.0,24893,-45.0,25043.0,25040,3.0,25247.0,25203,44.0,3.408,3.32,0.08800000000000008,1.2271736,1.2271736,0.0,0.9774436090225564,0.9483870967741935,0.02905651224836292
30,64,60,25247.0,25203,44.0,25577.0,25566,11.0,25764.0,25763,1.0,4.272,4.208,0.06400000000000006,1.40343,1.40343,0.0,0.7234042553191489,0.7035714285714285,0.019832826747720356
30,65,61,25764.0,25763,1.0,25957.0,25957,0.0,26158.0,26173,-15.0,3.04,3.128,-0.08800000000000008,1.3972499999999999,1.3972499999999999,0.0,0.9796954314720813,0.9463414634146341,0.03335396805744717
30,66,62,26158.0,26173,-15.0,26350.0,26350,0.0,26551.0,26578,-27.0,3.144,3.144,0.0,1.360152,1.360152,0.0,0.9770992366412213,0.8740740740740741,0.10302516256714722
30,67,63,26551.0,26578,-27.0,26752.0,26744,8.0,26972.0,26921,51.0,3.216,3.152,0.06400000000000006,1.360152,1.2859631999999999,0.07418880000000017,0.9548693586698337,0.967930029154519,-0.013060670484685288
30,68,64,26972.0,26921,51.0,27207.0,27203,4.0,27425.0,27464,-39.0,3.64,3.672,-0.03200000000000003,1.2921456,1.2921456,0.0,0.9624724061810155,0.9613259668508287,0.001146439330186766
30,69,65,27425.0,27464,-39.0,27621.0,27611,10.0,27829.0,27779,50.0,3.312,3.264,0.04800000000000004,1.364789,1.336968,0.027821000000000096,0.9702970297029703,0.9333333333333333,0.03696369636963692
30,70,66,27829.0,27779,50.0,28053.0,28051,2.0,28254.0,28202,52.0,3.456,3.52,-0.06400000000000006,1.264297,1.267389,-0.0030920000000000947,0.9458823529411765,0.7139479905437351,0.23193436239744136
30,71,67,28254.0,28202,52.0,28472.0,28467,5.0,28610.0,28626,-16.0,3.352,3.328,0.02400000000000002,1.177756,1.182393,-0.004637000000000002,0.7752808988764045,0.75,0.0252808988764045
30,72,68,28610.0,28626,-16.0,28793.0,28791,2.0,29032.0,28993,39.0,2.568,2.592,-0.02400000000000002,1.41734,1.361697,0.05564300000000011,0.8672985781990521,0.8991825613079019,-0.03188398310884977
30,73,69,29032.0,28993,39.0,29226.0,29220,6.0,29406.0,29357,49.0,3.464,3.432,0.03200000000000003,1.15149,1.17004,-0.018550000000000066,0.9625668449197861,0.7527472527472527,0.20981959217253332
30,74,70,29406.0,29357,49.0,29655.0,29649,6.0,29846.0,29795,51.0,3.432,3.432,0.0,1.202477,1.26121,-0.058732999999999924,0.8681818181818182,0.6666666666666667,0.20151515151515142
30,75,71,29846.0,29795,51.0,30015.0,30018,-3.0,30206.0,30156,50.0,2.88,2.952,-0.07200000000000006,1.146785,1.1344210000000001,0.01236399999999982,0.9388888888888889,0.7645429362880887,0.1743459526008002
30,76,72,30206.0,30156,50.0,30423.0,30419,4.0,30619.0,30561,58.0,3.264,3.208,0.055999999999999606,1.228785,1.228785,0.0,0.9491525423728814,0.7012345679012346,0.24791797447164676
30,79,73,31090.0,31067,23.0,31322.0,31318,4.0,31519.0,31566,-47.0,3.456,3.448,0.008000000000000007,1.152981,1.1668912,-0.013910199999999984,0.9184149184149184,0.9939879759519038,-0.0755730575369854
30,80,74,31519.0,31566,-47.0,31720.0,31712,8.0,31869.0,31856,13.0,3.184,3.152,0.03200000000000003,1.39099,1.39099,0.0,0.8514285714285714,0.993103448275862,-0.14167487684729063
30,81,75,31869.0,31856,13.0,32060.0,32062,-2.0,32283.0,32238,45.0,2.72,2.8,-0.07999999999999963,1.49926,1.49926,0.0,0.9227053140096618,0.9214659685863874,0.0012393454232744183
30,82,76,32283.0,32238,45.0,32508.0,32497,11.0,32690.0,32658,32.0,3.584,3.48,0.10400000000000009,1.36326,1.43126,-0.06800000000000006,0.8943488943488943,0.7666666666666666,0.1276822276822277
30,83,77,32690.0,32658,32.0,32884.0,32881,3.0,33079.0,33107,-28.0,3.008,3.072,-0.06400000000000006,1.2658,1.319896,-0.05409599999999992,0.9974293059125964,0.9933184855233853,0.004110820389211067
30,84,78,33079.0,33107,-28.0,33253.0,33252,1.0,33450.0,33496,-46.0,2.952,2.968,-0.016000000000000014,1.171566,1.171566,0.0,0.9380053908355795,0.7455012853470437,0.1925041054885358
30,85,79,33450.0,33496,-46.0,33648.0,33644,4.0,33854.0,33897,-43.0,3.16,3.136,0.02400000000000002,1.318421,1.318421,0.0,0.9801980198019802,0.7381546134663342,0.24204340633564603
30,86,80,33854.0,33897,-43.0,34066.0,34064,2.0,34286.0,34242,44.0,3.344,3.36,-0.016000000000000014,1.369425,1.2998736,0.06955139999999993,0.9814814814814815,0.9681159420289855,0.013365539452495967
30,87,81,34286.0,34242,44.0,34482.0,34474,8.0,34672.0,34614,58.0,3.328,3.28,0.04800000000000004,1.272061,1.284425,-0.01236399999999982,0.9844559585492227,0.7526881720430108,0.231767786506212
30,88,82,34672.0,34614,58.0,34855.0,34857,-2.0,35059.0,35107,-48.0,2.984,3.064,-0.08000000000000007,1.13293,1.1731150000000001,-0.04018500000000014,0.9457364341085271,0.9858012170385395,-0.040064782930012366
30,89,83,35059.0,35107,-48.0,35257.0,35252,5.0,35443.0,35471,-28.0,3.216,3.16,0.05600000000000005,1.267347,1.270438,-0.003090999999999955,0.96875,0.7967032967032968,0.17204670329670324
30,90,84,35443.0,35471,-28.0,35629.0,35629,0.0,35828.0,35796,32.0,2.976,3.016,-0.040000000000000036,1.353969,1.352424,0.0015449999999999076,0.9662337662337662,0.9723076923076923,-0.006073926073926095
30,91,85,35828.0,35796,32.0,36025.0,36025,0.0,36222.0,36188,34.0,3.168,3.168,0.0,1.353969,1.353969,0.0,1.0,0.8316326530612245,0.16836734693877553
30,92,86,36222.0,36188,34.0,36421.0,36414,7.0,36618.0,36650,-32.0,3.168,3.112,0.05600000000000005,1.338513,1.353969,-0.015455999999999914,0.9949494949494949,0.9783549783549783,0.016594516594516606
30,93,87,36618.0,36650,-32.0,36792.0,36796,-4.0,36998.0,37043,-45.0,2.968,3.056,-0.08800000000000008,1.2580840000000002,1.2580840000000002,0.0,0.9157894736842105,0.7430025445292621,0.17278692915494842
30,94,88,36998.0,37043,-45.0,37193.0,37186,7.0,37389.0,37343,46.0,3.208,3.12,0.08800000000000008,1.2210189999999999,1.2210189999999999,0.0,0.9974424552429667,0.9533333333333334,0.04410912190963334
30,95,89,37389.0,37343,46.0,37596.0,37601,-5.0,37756.0,37772,-16.0,3.224,3.32,-0.09599999999999964,1.16998,1.19161,-0.021630000000000038,0.8719346049046321,0.7972027972027972,0.07473180770183496
30,96,90,37756.0,37772,-16.0,37919.0,37913,6.0,38117.0,38142,-25.0,2.584,2.496,0.08800000000000008,1.44361,1.42198,0.021630000000000038,0.9030470914127424,0.7621621621621621,0.14088492925058027
30,97,91,38117.0,38142,-25.0,38293.0,38296,-3.0,38493.0,38442,51.0,2.992,3.064,-0.07200000000000006,1.279784,1.279784,0.0,0.9361702127659575,0.9733333333333334,-0.03716312056737592
30,98,92,38493.0,38442,51.0,38703.0,38695,8.0,38912.0,38960,-48.0,3.28,3.192,0.08799999999999963,1.2658440000000002,1.2782088,-0.012364799999999843,0.9976133651551312,0.9768339768339769,0.020779388321154335
30,99,93,38912.0,38960,-48.0,39102.0,39097,5.0,39296.0,39245,51.0,3.192,3.216,-0.02400000000000002,1.135985,1.0865264000000001,0.04945859999999991,0.9895833333333334,0.9614035087719298,0.028179824561403555
30,100,94,39296.0,39245,51.0,39494.0,39497,-3.0,39694.0,39644,50.0,3.136,3.2,-0.06400000000000006,1.234941,1.219485,0.015456000000000136,0.9949748743718593,0.736842105263158,0.2581327691087013
30,101,95,39694.0,39644,50.0,39901.0,39896,5.0,40094.0,40041,53.0,3.256,3.192,0.06399999999999961,1.197868,1.207141,-0.009273000000000087,0.965,0.7304785894206549,0.23452141057934506
30,102,96,40094.0,40041,53.0,40287.0,40281,6.0,40486.0,40537,-51.0,3.088,3.08,0.008000000000000007,1.166884,1.180794,-0.013909999999999867,0.9846938775510204,0.967741935483871,0.01695194206714945
30,103,97,40486.0,40537,-51.0,40680.0,40684,-4.0,40875.0,40906,-31.0,3.144,3.224,-0.08000000000000007,1.27821,1.27821,0.0,0.9974293059125964,0.7967479674796748,0.20068133843292157
30,104,98,40875.0,40906,-31.0,41054.0,41046,8.0,41201.0,41196,5.0,2.992,2.896,0.09600000000000009,1.18234,1.18234,0.0,0.901840490797546,0.9655172413793104,-0.06367675058176436
30,105,99,41201.0,41196,5.0,41390.0,41389,1.0,41603.0,41568,35.0,2.688,2.744,-0.05600000000000005,1.42507,1.42507,0.0,0.9402985074626866,0.9623655913978495,-0.02206708393516288
30,106,100,41603.0,41568,35.0,41783.0,41784,-1.0,41985.0,41938,47.0,3.144,3.16,-0.016000000000000014,1.350836,1.36475,-0.013913999999999982,0.9424083769633508,0.8324324324324324,0.10997594453091841
30,107,101,41985.0,41938,47.0,42190.0,42183,7.0,42396.0,42443,-47.0,3.256,3.192,0.06399999999999961,1.2781631999999998,1.344624,-0.06646080000000021,0.9975669099756691,0.9702970297029703,0.027269880272698832
30,108,102,42396.0,42443,-47.0,42580.0,42579,1.0,42723.0,42730,-7.0,3.12,3.168,-0.04800000000000004,1.075725,1.1004544,-0.024729400000000012,0.8746177370030581,0.9477351916376306,-0.07311745463457253
30,109,103,42723.0,42730,-7.0,42867.0,42865,2.0,43051.0,43004,47.0,2.296,2.288,0.008000000000000007,1.170059,1.170059,0.0,0.8780487804878049,0.9854014598540146,-0.10735267936620974
30,110,104,43051.0,43004,47.0,43230.0,43235,-5.0,43436.0,43384,52.0,2.904,2.96,-0.05600000000000005,1.214866,1.233413,-0.01854700000000009,0.9298701298701298,0.7842105263157895,0.14565960355434038
30,111,105,43436.0,43384,52.0,43646.0,43641,5.0,43848.0,43794,54.0,3.328,3.248,0.07999999999999963,1.312177,1.312177,0.0,0.9805825242718447,0.7463414634146341,0.23424106085721053
30,112,106,43848.0,43794,54.0,44035.0,44032,3.0,44225.0,44187,38.0,3.112,3.128,-0.016000000000000014,1.160749,1.153021,0.007727999999999957,0.9920424403183024,0.7888040712468194,0.20323836907148296
30,113,107,44225.0,44187,38.0,44425.0,44425,0.0,44619.0,44579,40.0,3.12,3.144,-0.02400000000000002,1.261172,1.304449,-0.04327700000000001,0.9847715736040609,0.7857142857142857,0.19905728788977517
30,114,108,44619.0,44579,40.0,44815.0,44807,8.0,45014.0,44964,50.0,3.12,3.056,0.06400000000000006,1.389518,1.389518,0.0,0.9924050632911392,0.8155844155844156,0.17682064770672357
30,115,109,45014.0,44964,50.0,45186.0,45192,-6.0,45389.0,45336,53.0,2.968,3.08,-0.1120000000000001,1.1607299999999998,1.230281,-0.06955100000000014,0.9173333333333333,0.7741935483870968,0.14313978494623658
30,116,110,45389.0,45336,53.0,45603.0,45596,7.0,45796.0,45742,54.0,3.336,3.232,0.10399999999999965,1.234902,1.234902,0.0,0.9484029484029484,0.7192118226600985,0.22919112574284983
30,117,111,45796.0,45742,54.0,45971.0,45973,-2.0,46161.0,46198,-37.0,2.944,3.016,-0.07200000000000006,1.081912,1.081912,0.0,0.9589041095890412,0.9868421052631579,-0.0279379956741167
30,118,112,46161.0,46198,-37.0,46366.0,46356,10.0,46508.0,46516,-8.0,3.16,3.064,0.09600000000000009,1.5363499999999999,1.5363499999999999,0.0,0.8184438040345822,0.9937106918238994,-0.1752668877893172
30,119,113,46508.0,46516,-8.0,46742.0,46801,-59.0,47011.0,46972,39.0,3.008,3.56,-0.552,1.58117,1.58117,0.0,0.9304174950298211,0.75,0.18041749502982107
30,120,114,47011.0,46972,39.0,47353.0,47351,2.0,47528.0,47503,25.0,4.888,4.4,0.48799999999999955,1.48377,1.48377,0.0,0.6769825918762089,0.5725047080979284,0.10447788377828049
30,121,115,47528.0,47503,25.0,47787.0,47784,3.0,47979.0,47931,48.0,3.472,3.464,0.008000000000000007,1.16694,1.1267544,0.040185600000000044,0.8514412416851441,0.6869158878504673,0.1645253538346768
30,122,116,47979.0,47931,48.0,48246.0,48241,5.0,48441.0,48378,63.0,3.672,3.656,0.016000000000000014,1.069584,1.08504,-0.015455999999999914,0.8441558441558441,0.6129753914988814,0.23118045265696274
30,123,117,48441.0,48378,63.0,48613.0,48619,-6.0,48811.0,48761,50.0,2.936,3.024,-0.08800000000000008,1.0463368000000002,1.0648840000000002,-0.018547199999999986,0.9297297297297298,0.7415143603133159,0.18821536941641392
30,124,118,48811.0,48761,50.0,48999.0,48997,2.0,49196.0,49143,53.0,3.088,3.024,0.06400000000000006,1.078833,1.064922,0.013911000000000007,0.9766233766233766,0.7643979057591623,0.21222547086421428
30,125,119,49196.0,49143,53.0,49389.0,49392,-3.0,49585.0,49547,38.0,3.12,3.16,-0.040000000000000036,1.17624,1.091233,0.08500700000000005,0.9922879177377892,0.7673267326732673,0.2249611850645219
30,126,120,49585.0,49547,38.0,49822.0,49829,-7.0,50022.0,50061,-39.0,3.464,3.496,-0.03200000000000003,1.1886100000000002,1.21334,-0.02472999999999992,0.9153318077803203,0.9027237354085603,0.012608072371759982
30,127,121,50022.0,50061,-39.0,50228.0,50221,7.0,50419.0,50440,-21.0,3.248,3.136,0.1120000000000001,1.2720529999999999,1.32924,-0.0571870000000001,0.9622166246851386,0.8443271767810027,0.11788944790413591
30,128,122,50419.0,50440,-21.0,50602.0,50598,4.0,50791.0,50837,-46.0,2.992,3.016,-0.02400000000000002,1.30754,1.3059939999999999,0.0015460000000000473,0.9838709677419355,0.7959697732997482,0.18790119444218734
30,129,123,50791.0,50837,-46.0,50976.0,50966,10.0,51147.0,51118,29.0,2.992,2.944,0.04800000000000004,1.31217,1.31217,0.0,0.9606741573033708,0.9181494661921709,0.04252469111119994
30,130,124,51147.0,51118,29.0,51337.0,51336,1.0,51529.0,51491,38.0,2.888,2.96,-0.07200000000000006,1.333868,1.4018700000000002,-0.06800200000000012,0.9947643979057592,0.8310991957104558,0.16366520219530345
30,131,125,51529.0,51491,38.0,51703.0,51704,-1.0,51895.0,51933,-38.0,2.928,2.944,-0.016000000000000014,1.086549,1.086549,0.0,0.9508196721311475,0.9638009049773756,-0.012981232846228097
30,132,126,51895.0,51933,-38.0,52091.0,52083,8.0,52263.0,52284,-21.0,3.104,3.032,0.07200000000000006,1.2488130000000002,1.2488130000000002,0.0,0.9347826086956522,0.8547008547008547,0.08008175399479756
30,133,127,52263.0,52284,-21.0,52449.0,52443,6.0,52644.0,52590,54.0,2.864,2.88,-0.016000000000000014,1.276677,1.276677,0.0,0.9763779527559056,0.9607843137254902,0.01559363903041533
30,134,128,52644.0,52590,54.0,52852.0,52846,6.0,53034.0,53070,-36.0,3.224,3.224,0.0,1.2210210000000001,1.224112,-0.003090999999999955,0.9333333333333333,0.9333333333333333,0.0
30,135,129,53034.0,53070,-36.0,53214.0,53212,2.0,53406.0,53436,-30.0,2.896,2.928,-0.03200000000000003,1.2117088,1.2194368000000002,-0.007728000000000179,0.967741935483871,0.7759562841530054,0.19178565133086556
30,136,130,53406.0,53436,-30.0,53571.0,53579,-8.0,53772.0,53808,-36.0,2.856,2.936,-0.08000000000000007,1.1499380000000001,1.1499380000000001,0.0,0.9016393442622951,0.7688172043010753,0.13282213996121983
30,137,131,53772.0,53808,-36.0,53957.0,53956,1.0,54154.0,54137,17.0,3.088,3.016,0.07200000000000006,1.31681,1.31681,0.0,0.9685863874345549,0.8996960486322189,0.06889033880233608
30,138,132,54154.0,54137,17.0,54338.0,54341,-3.0,54543.0,54586,-43.0,3.048,3.08,-0.03200000000000003,1.321512,1.40034,-0.0788279999999999,0.9460154241645244,0.9086859688195991,0.03732945534492538
30,139,133,54543.0,54586,-43.0,54735.0,54727,8.0,54920.0,54952,-32.0,3.176,3.088,0.08800000000000008,1.214828,1.214828,0.0,0.9814323607427056,0.7704918032786885,0.21094055746401708
30,140,134,54920.0,54952,-32.0,55094.0,55095,-1.0,55285.0,55235,50.0,2.872,2.944,-0.07200000000000006,1.204,1.204,0.0,0.9534246575342465,0.9893992932862191,-0.03597463575197257
30,141,135,55285.0,55235,50.0,55487.0,55477,10.0,55658.0,55685,-27.0,3.144,3.056,0.08800000000000008,1.289061,1.289061,0.0,0.9168900804289544,0.9244444444444444,-0.007554364015490034
30,142,136,55658.0,55685,-27.0,55831.0,55829,2.0,56012.0,55977,35.0,2.752,2.816,-0.06400000000000006,1.25499,1.25499,0.0,0.9774011299435028,0.9863013698630136,-0.008900239919510833
30,143,137,56012.0,55977,35.0,56191.0,56195,-4.0,56378.0,56398,-20.0,2.88,2.928,-0.04800000000000004,1.326077,1.3879,-0.06182299999999996,0.9781420765027322,0.9643705463182898,0.013771530184442438
30,144,138,56378.0,56398,-20.0,56550.0,56548,2.0,56729.0,56763,-34.0,2.872,2.824,0.04800000000000004,1.2364410000000001,1.2364410000000001,0.0,0.98005698005698,0.821917808219178,0.15813917183780202
30,145,139,56729.0,56763,-34.0,56917.0,56914,3.0,57094.0,57118,-24.0,2.936,2.928,0.008000000000000007,1.32924,1.32924,0.0,0.9698630136986301,0.8507042253521127,0.1191587883465175
30,146,140,57094.0,57118,-24.0,57274.0,57272,2.0,57465.0,57477,-12.0,2.856,2.864,-0.008000000000000007,1.346241,1.357061,-0.010820000000000052,0.9703504043126685,0.8579387186629527,0.11241168564971582
30,147,141,57465.0,57477,-12.0,57677.0,57664,13.0,57855.0,57876,-21.0,3.224,3.136,0.08800000000000008,1.357061,1.353969,0.0030920000000000947,0.9128205128205128,0.93734335839599,-0.024522845575477237
30,148,142,57855.0,57876,-21.0,58040.0,58038,2.0,58211.0,58167,44.0,2.904,2.992,-0.08800000000000008,1.340059,1.340059,0.0,0.9606741573033708,0.8865979381443299,0.07407621915904095
30,149,143,58211.0,58167,44.0,58363.0,58356,7.0,58488.0,58481,7.0,2.584,2.544,0.040000000000000036,1.58117,1.58117,0.0,0.9025270758122743,0.7961783439490446,0.10634873186322968
30,150,144,58488.0,58481,7.0,58593.0,58597,-4.0,58731.0,58719,12.0,1.84,1.928,-0.08799999999999986,1.1885599999999998,1.1885599999999998,0.0,0.8641975308641976,0.9747899159663865,-0.11059238510218894
30,151,145,58731.0,58719,12.0,58953.0,58948,5.0,59183.0,59204,-21.0,2.88,2.808,0.07200000000000006,1.372517,1.40034,-0.02782299999999993,0.9823008849557522,0.9443298969072165,0.037970988048535714
30,152,146,59183.0,59204,-21.0,59395.0,59395,0.0,59669.0,59638,31.0,3.536,3.576,-0.040000000000000036,1.366334,1.361697,0.004637000000000002,0.8724279835390947,0.880184331797235,-0.007756348258140311
31,2,1,316.0,272,44.0,516.0,516,0.0,706.0,673,33.0,3.104,3.048,0.05600000000000005,1.0,1.0,0.0,0.9743589743589743,0.7830423940149626,0.19131658034401178
31,3,2,706.0,673,33.0,925.0,928,-3.0,1120.0,1097,23.0,3.272,3.296,-0.02400000000000002,1.0,1.0,0.0,0.9420289855072463,0.7971698113207547,0.14485917418649163
31,4,3,1120.0,1097,23.0,1316.0,1313,3.0,1503.0,1471,32.0,3.128,3.08,0.04800000000000004,1.0,1.0,0.0,0.9765013054830287,0.8449197860962567,0.13158151938677198
31,6,4,1668.0,1471,197.0,1910.0,1919,-9.0,2087.0,2064,23.0,2.304,4.848,-2.544,0.963832,1.0,-0.03616799999999998,0.8448687350835322,0.4890387858347386,0.35582994924879363
31,7,5,2087.0,2064,23.0,2208.0,2188,20.0,2329.0,2302,27.0,2.384,2.152,0.23199999999999976,0.47800200000000004,0.47800200000000004,0.0,1.0,0.957983193277311,0.04201680672268904
31,8,6,2329.0,2302,27.0,2549.0,2553,-4.0,2865.0,2866,-1.0,2.728,2.92,-0.19199999999999973,1.0,1.0,0.0,0.8208955223880597,0.8900709219858156,-0.06917539959775587
31,9,7,2865.0,2866,-1.0,3178.0,3180,-2.0,3368.0,3348,20.0,5.032,5.016,0.016000000000000014,1.0,1.0,0.0,0.7554671968190855,0.6970954356846473,0.058371761134438205
31,10,8,3368.0,3348,20.0,3567.0,3564,3.0,3750.0,3735,15.0,3.112,3.072,0.040000000000000036,1.0,1.0,0.0,0.9581151832460733,0.8837209302325582,0.0743942530135151
31,11,9,3750.0,3735,15.0,3943.0,3946,-3.0,4128.0,4124,4.0,3.008,3.056,-0.04800000000000004,0.9902248,0.9902248,0.0,0.9788359788359788,0.9151670951156812,0.06366888372029766
31,12,10,4128.0,4124,4.0,4317.0,4315,2.0,4495.0,4490,5.0,2.992,2.952,0.040000000000000036,0.989247,0.989247,0.0,0.9700272479564033,0.9562841530054644,0.013743094950938839
31,13,11,4495.0,4490,5.0,4691.0,4680,11.0,4858.0,4846,12.0,2.992,2.92,0.07200000000000006,0.9960899,0.9960899,0.0,0.9201101928374655,0.9325842696629214,-0.012474076825455871
31,14,12,4858.0,4846,12.0,5060.0,5056,4.0,5249.0,5229,20.0,2.952,3.008,-0.05600000000000005,0.98827,0.9902248,-0.0019548000000000343,0.9667519181585678,0.9033942558746736,0.06335766228389417
31,15,13,5249.0,5229,20.0,5457.0,5456,1.0,5642.0,5638,4.0,3.176,3.2,-0.02400000000000002,0.97263,0.97263,0.0,0.9414758269720102,0.8899755501222494,0.05150027684976077
31,16,14,5642.0,5638,4.0,5846.0,5837,9.0,6029.0,6012,17.0,3.112,3.048,0.06400000000000006,0.938416,0.947214,-0.008797999999999973,0.9457364341085271,0.9358288770053476,0.009907557103179587
31,17,15,6029.0,6012,17.0,6236.0,6241,-5.0,6435.0,6472,-37.0,3.12,3.232,-0.1120000000000001,0.914956,0.914956,0.0,0.9802955665024631,0.9956521739130435,-0.015356607410580425
31,18,16,6435.0,6472,-37.0,6638.0,6627,11.0,6802.0,6769,33.0,3.216,3.088,0.1280000000000001,0.89834,0.86022,0.03812000000000004,0.8937329700272479,0.9562289562289562,-0.062495986201708265
31,20,17,6869.0,6769,100.0,7028.0,7048,-20.0,7226.0,7182,44.0,1.512,3.368,-1.8559999999999999,0.83186,0.83186,0.0,0.8907563025210083,0.648910411622276,0.24184589089873232
31,21,18,7226.0,7182,44.0,7468.0,7465,3.0,7696.0,7597,99.0,3.52,3.336,0.18400000000000016,0.9022479999999999,0.9022479999999999,0.0,0.9702127659574468,0.636144578313253,0.33406818764419377
31,22,19,7696.0,7597,99.0,7892.0,7879,13.0,8042.0,8039,3.0,3.392,3.312,0.08000000000000007,0.87488,0.884653,-0.009773000000000032,0.8670520231213873,0.7239819004524887,0.14307012266889862
31,23,20,8042.0,8039,3.0,8212.0,8212,0.0,8403.0,8347,56.0,2.56,2.664,-0.10400000000000009,0.86901,0.8699899999999999,-0.0009799999999999809,0.9418282548476454,0.8766233766233766,0.06520487822426879
31,24,21,8403.0,8347,56.0,8608.0,8597,11.0,8773.0,8764,9.0,3.168,3.08,0.08800000000000008,0.9022479999999999,0.9022479999999999,0.0,0.8918918918918919,0.8009592326139089,0.090932659277983
31,25,22,8773.0,8764,9.0,8971.0,8969,2.0,9176.0,9126,50.0,2.904,2.976,-0.07200000000000006,0.9345060000000001,0.9345060000000001,0.0,0.9826302729528535,0.8674033149171271,0.11522695803572647
31,26,23,9176.0,9126,50.0,9397.0,9387,10.0,9569.0,9554,15.0,3.408,3.344,0.06400000000000006,0.926686,0.926686,0.0,0.8753180661577609,0.780373831775701,0.0949442343820599
31,27,24,9569.0,9554,15.0,9775.0,9778,-3.0,9965.0,9953,12.0,3.024,3.128,-0.10400000000000009,0.9071359999999999,0.9071359999999999,0.0,0.9595959595959596,0.8771929824561404,0.08240297713981914
31,28,25,9965.0,9953,12.0,10146.0,10153,-7.0,10345.0,10313,32.0,2.968,3.0,-0.03200000000000003,0.909091,0.909091,0.0,0.9526315789473684,0.8888888888888888,0.06374269005847955
31,29,26,10345.0,10313,32.0,10554.0,10546,8.0,10727.0,10708,19.0,3.264,3.144,0.11999999999999966,0.941349,0.941349,0.0,0.9057591623036649,0.8202531645569621,0.08550599774670287
31,31,27,11156.0,11201,-45.0,11355.0,11349,6.0,11550.0,11539,11.0,3.488,1.848,1.64,0.945259,0.945259,0.0,0.9898477157360406,0.8757396449704142,0.11410807076562635
31,32,28,11550.0,11539,11.0,11731.0,11741,-10.0,11931.0,11918,13.0,3.008,3.136,-0.1280000000000001,0.954057,0.954057,0.0,0.9501312335958005,0.9340369393139841,0.016094294281816413
31,33,29,11931.0,11918,13.0,12137.0,12126,11.0,12319.0,12294,25.0,3.248,3.08,0.16800000000000015,0.913978,0.914956,-0.0009780000000000344,0.9381443298969072,0.8936170212765957,0.04452730862031151
31,34,30,12319.0,12294,25.0,12520.0,12530,-10.0,12715.0,12674,41.0,3.064,3.232,-0.16800000000000015,0.8944300000000001,0.8944300000000001,0.0,0.9848484848484849,0.7578947368421053,0.22695374800637957
31,35,31,12715.0,12674,41.0,12949.0,12941,8.0,13147.0,13095,52.0,3.432,3.288,0.14400000000000013,0.89247,0.89247,0.0,0.9166666666666666,0.7315914489311164,0.18507521773555025
31,36,32,13147.0,13095,52.0,13324.0,13346,-22.0,13533.0,13500,33.0,3.0,3.24,-0.2400000000000002,0.85729,0.85729,0.0,0.917098445595855,0.7604938271604939,0.1566046184353611
31,37,33,13533.0,13500,33.0,13757.0,13750,7.0,13955.0,13902,53.0,3.464,3.232,0.23199999999999976,0.8797699999999999,0.8827,-0.002930000000000099,0.9383886255924171,0.7562189054726368,0.18216972011978028
31,38,34,13955.0,13902,53.0,14196.0,14184,12.0,14360.0,14319,41.0,3.512,3.472,0.040000000000000036,0.86315,0.84946,0.01368999999999998,0.8098765432098766,0.6474820143884892,0.16239452882138738
31,40,35,14407.0,14319,88.0,14571.0,14591,-20.0,14776.0,14738,38.0,1.512,3.256,-1.7439999999999998,0.8739,0.84653,0.027370000000000005,0.8888888888888888,0.7016706443914081,0.1872182444974807
31,41,36,14776.0,14738,38.0,14980.0,14970,10.0,15140.0,15107,33.0,3.272,3.032,0.23999999999999977,0.8680399999999999,0.8680399999999999,0.0,0.8791208791208791,0.7425474254742548,0.13657345364662432
31,43,37,15229.0,15107,122.0,15439.0,15416,23.0,15582.0,15551,31.0,2.032,3.568,-1.536,0.7614799999999999,0.71456,0.04691999999999996,0.8101983002832861,0.6081081081081081,0.20209019217517799
31,44,38,15582.0,15551,31.0,15856.0,15850,6.0,16027.0,15989,38.0,3.336,3.472,-0.13600000000000012,0.89052,0.89638,-0.005859999999999976,0.7685393258426967,0.634703196347032,0.1338361294956647
31,46,39,16092.0,15989,103.0,16263.0,16276,-13.0,16461.0,16415,46.0,1.472,3.408,-1.936,0.8827,0.8827,0.0,0.926829268292683,0.6525821596244131,0.27424710866826985
31,47,40,16461.0,16415,46.0,16699.0,16703,-4.0,16899.0,16844,55.0,3.488,3.416,0.07200000000000006,0.914956,0.914956,0.0,0.91324200913242,0.6573426573426573,0.25589935178976275
31,48,41,16899.0,16844,55.0,17131.0,17119,12.0,17284.0,17252,32.0,3.456,3.328,0.1280000000000001,0.88759,0.88759,0.0,0.7948051948051948,0.6519607843137255,0.14284441049146934
31,51,42,17795.0,17784,11.0,18002.0,17992,10.0,18189.0,18215,-26.0,3.28,3.208,0.07199999999999962,0.903226,0.903226,0.0,0.949238578680203,0.9651972157772621,-0.015958637097059136
31,52,43,18189.0,18215,-26.0,18389.0,18390,-1.0,18665.0,18642,23.0,3.096,3.184,-0.08800000000000008,0.926686,0.926686,0.0,0.8403361344537815,0.819672131147541,0.02066400330624052
31,53,44,18665.0,18642,23.0,18860.0,18859,1.0,18969.0,18964,5.0,3.768,3.752,0.016000000000000014,0.23753799999999997,0.23753799999999997,0.0,0.7171052631578947,0.6521739130434783,0.06493135011441642
31,54,45,18969.0,18964,5.0,19192.0,19194,-2.0,19356.0,19330,26.0,2.656,2.68,-0.02400000000000002,1.0,1.0,0.0,0.8475452196382429,0.7431693989071038,0.10437582073113916
31,55,46,19356.0,19330,26.0,19543.0,19543,0.0,19732.0,19701,31.0,2.808,2.792,0.016000000000000014,1.0,1.0,0.0,0.9946808510638298,0.8517520215633423,0.14292882950048746
31,56,47,19732.0,19701,31.0,19959.0,19962,-3.0,20154.0,20143,11.0,3.328,3.352,-0.02400000000000002,0.971652,1.0,-0.02834800000000004,0.9241706161137441,0.8190045248868778,0.10516609122686627
31,57,48,20154.0,20143,11.0,20360.0,20350,10.0,20535.0,20528,7.0,3.208,3.104,0.10400000000000009,0.99902248,0.99902248,0.0,0.9186351706036745,0.9246753246753247,-0.00604015407165015
31,58,49,20535.0,20528,7.0,20743.0,20742,1.0,20949.0,20916,33.0,3.064,3.136,-0.07200000000000006,0.9599219999999999,0.962854,-0.0029320000000000457,0.9951690821256038,0.8969072164948454,0.09826186563075845
31,59,50,20949.0,20916,33.0,21163.0,21151,12.0,21341.0,21305,36.0,3.36,3.272,0.08800000000000008,0.967742,0.967742,0.0,0.9081632653061225,0.7917737789203085,0.11638948638581392
31,60,51,21341.0,21305,36.0,21561.0,21567,-6.0,21765.0,21718,47.0,3.184,3.328,-0.14399999999999968,0.88465,0.923754,-0.03910399999999992,0.9622641509433962,0.7312348668280872,0.23102928411530899
31,61,52,21765.0,21718,47.0,22005.0,21994,11.0,22175.0,22138,37.0,3.552,3.416,0.13600000000000012,0.8944300000000001,0.8827,0.011730000000000018,0.8292682926829268,0.6857142857142857,0.14355400696864107
31,63,53,22249.0,22138,111.0,22451.0,22438,13.0,22609.0,22577,32.0,2.024,3.552,-1.528,0.85533,0.8944300000000001,-0.039100000000000024,0.8777777777777778,0.6332574031890661,0.24452037458871168
31,67,54,23123.0,23011,112.0,23298.0,23306,-8.0,23495.0,23452,43.0,1.48,3.472,-1.992,0.8641300000000001,0.8641300000000001,0.0,0.9408602150537635,0.6621315192743764,0.2787286957793871
31,68,55,23495.0,23452,43.0,23745.0,23748,-3.0,23934.0,23885,49.0,3.576,3.536,0.040000000000000036,0.915934,0.915934,0.0,0.8610478359908884,0.6327944572748267,0.22825337871606166
31,69,56,23934.0,23885,49.0,24185.0,24175,10.0,24353.0,24319,34.0,3.52,3.416,0.10400000000000009,0.906158,0.906158,0.0,0.801909307875895,0.663594470046083,0.13831483782981202
31,70,57,24353.0,24319,34.0,24561.0,24570,-9.0,24763.0,24723,40.0,3.008,3.16,-0.15200000000000014,0.88661,0.906158,-0.01954800000000001,0.9853658536585366,0.7574257425742574,0.22794011108427914
31,73,58,25236.0,25276,-40.0,25425.0,25411,14.0,25594.0,25581,13.0,1.984,1.888,0.09600000000000009,0.8885639999999999,0.8885639999999999,0.0,0.9441340782122905,0.8852459016393442,0.058888176572946205
31,74,59,25594.0,25581,13.0,25804.0,25799,5.0,26001.0,25987,14.0,3.032,3.104,-0.07200000000000006,0.913978,0.960899,-0.04692099999999999,0.9680589680589681,0.9261083743842364,0.04195059367473164
31,76,60,26373.0,26484,-111.0,26621.0,26617,4.0,26785.0,26746,39.0,3.568,1.696,1.872,0.908113,0.908113,0.0,0.7961165048543689,0.9847328244274809,-0.18861631957311198
31,78,61,26813.0,26746,67.0,26981.0,26976,5.0,27141.0,27121,20.0,1.424,2.872,-1.448,0.7673540000000001,0.7673540000000001,0.0,0.975609756097561,0.7733333333333333,0.20227642276422764
31,79,62,27141.0,27121,20.0,27348.0,27348,0.0,27549.0,27510,39.0,2.936,2.976,-0.040000000000000036,0.8915,0.945259,-0.053759,0.9852941176470589,0.8329048843187661,0.1523892333282928
31,80,63,27549.0,27510,39.0,27721.0,27736,-15.0,27918.0,27878,40.0,2.984,3.104,-0.1200000000000001,0.89052,0.89052,0.0,0.9322493224932249,0.7717391304347826,0.1605101920584423
31,81,64,27918.0,27878,40.0,28159.0,28161,-2.0,28350.0,28307,43.0,3.504,3.4,0.10400000000000009,0.88954,0.88954,0.0,0.8842592592592593,0.6806526806526807,0.2036065786065786
31,82,65,28350.0,28307,43.0,28530.0,28542,-12.0,28731.0,28689,42.0,2.968,3.048,-0.08000000000000007,0.87683,0.87683,0.0,0.9448818897637795,0.7696335078534031,0.1752483819103764
31,83,66,28731.0,28689,42.0,28927.0,28920,7.0,29183.0,29219,-36.0,3.176,3.024,0.15200000000000014,0.79668,0.80645,-0.009769999999999945,0.8672566371681416,0.8716981132075472,-0.00444147603940559
31,84,67,29183.0,29219,-36.0,29334.0,29347,-13.0,29495.0,29496,-1.0,3.256,3.416,-0.16000000000000014,0.701856,0.701856,0.0,0.967948717948718,0.924187725631769,0.043760992316948966
31,85,68,29495.0,29496,-1.0,29698.0,29705,-7.0,29909.0,29920,-11.0,2.912,2.864,0.04800000000000004,0.88759,0.88759,0.0,0.9806763285024155,0.9858490566037735,-0.005172728101358048
31,86,69,29909.0,29920,-11.0,30113.0,30105,8.0,30341.0,30354,-13.0,3.32,3.2,0.11999999999999966,0.88074,0.87781,0.002929999999999988,0.9444444444444444,0.8525345622119815,0.09190988223246288
31,87,70,30341.0,30354,-13.0,30544.0,30545,-1.0,30746.0,30782,-36.0,3.448,3.52,-0.07200000000000006,0.87683,0.87683,0.0,0.9975308641975309,0.8925233644859814,0.10500749971154955
31,88,71,30746.0,30782,-36.0,30954.0,30957,-3.0,31164.0,31134,30.0,3.28,3.296,-0.016000000000000014,0.86315,0.8132900000000001,0.049859999999999904,0.9952153110047847,0.9943181818181818,0.0008971291866028963
31,89,72,31164.0,31134,30.0,31377.0,31364,13.0,31536.0,31668,-132.0,3.384,3.256,0.1280000000000001,0.7868999999999999,0.7868999999999999,0.0,0.8548387096774194,0.8614232209737828,-0.006584511296363393
31,91,73,31630.0,31668,-38.0,31844.0,31823,21.0,32022.0,31979,43.0,2.08,3.672,-1.592,0.8416429999999999,0.83285,0.00879299999999994,0.9081632653061225,0.9967845659163987,-0.08862130061027629
31,92,74,32022.0,31979,43.0,32231.0,32251,-20.0,32438.0,32398,40.0,3.096,3.424,-0.32799999999999985,0.8377399999999999,0.8543529999999999,-0.01661299999999999,0.9951923076923077,0.7016706443914081,0.29352166330089957
31,93,75,32438.0,32398,40.0,32666.0,32656,10.0,32861.0,32803,58.0,3.48,3.24,0.23999999999999977,0.86804,0.86804,0.0,0.9219858156028369,0.7259259259259259,0.19605988967691101
31,94,76,32861.0,32803,58.0,33119.0,33102,17.0,33275.0,33241,34.0,3.624,3.568,0.05600000000000005,0.909091,0.8739,0.03519099999999997,0.7536231884057971,0.634703196347032,0.11891999205876513
31,97,77,33737.0,33720,17.0,33941.0,33938,3.0,34138.0,34141,-3.0,2.952,3.08,-0.1280000000000001,0.85924,0.89932,-0.040080000000000005,0.9825436408977556,0.9643705463182898,0.01817309457946581
31,98,78,34138.0,34141,-3.0,34308.0,34324,-16.0,34537.0,34579,-42.0,2.936,3.088,-0.15200000000000014,0.89345,0.89345,0.0,0.8521303258145363,0.8356164383561644,0.0165138874583719
31,99,79,34537.0,34579,-42.0,34750.0,34748,2.0,34953.0,34934,19.0,3.536,3.392,0.14400000000000013,0.8827,0.8827,0.0,0.9759615384615384,0.952112676056338,0.023848862405200455
31,100,80,34953.0,34934,19.0,35152.0,35148,4.0,35326.0,35328,-2.0,3.216,3.2,0.016000000000000014,0.703816,0.7057709999999999,-0.001954999999999929,0.9329758713136729,0.9137055837563451,0.019270287557327737
31,101,81,35326.0,35328,-2.0,35545.0,35529,16.0,35716.0,35718,-2.0,3.144,3.048,0.09600000000000009,0.929619,0.929619,0.0,0.8769230769230769,0.9692307692307692,-0.09230769230769231
31,102,82,35716.0,35718,-2.0,35921.0,35925,-4.0,36128.0,36098,30.0,3.008,3.168,-0.16000000000000014,0.9071359999999999,0.9071359999999999,0.0,0.9951456310679612,0.9105263157894736,0.08461931527848754
31,103,83,36128.0,36098,30.0,36328.0,36320,8.0,36522.0,36575,-53.0,3.256,3.16,0.09599999999999964,0.73314,0.73314,0.0,0.9847715736040609,0.9308176100628931,0.05395396354116777
31,104,84,36522.0,36575,-53.0,36724.0,36717,7.0,36916.0,36859,57.0,3.168,3.176,-0.008000000000000007,0.919844,0.919844,0.0,0.9746192893401016,1.0,-0.025380710659898442
31,105,85,36916.0,36859,57.0,37096.0,37126,-30.0,37314.0,37317,-3.0,2.976,3.272,-0.2959999999999998,0.860219,0.860219,0.0,0.9045226130653267,0.8340611353711791,0.07046147769414757
31,106,86,37314.0,37317,-3.0,37505.0,37500,5.0,37676.0,37647,29.0,3.272,2.992,0.2799999999999998,0.8582559999999999,0.855324,0.0029319999999999347,0.9447513812154696,0.8909090909090909,0.05384229030637877
31,107,87,37676.0,37647,29.0,37905.0,37919,-14.0,38114.0,38083,31.0,3.2,3.352,-0.1519999999999997,0.901271,0.905181,-0.003909999999999969,0.954337899543379,0.7522935779816513,0.2020443215617277
31,108,88,38114.0,38083,31.0,38349.0,38341,8.0,38553.0,38597,-44.0,3.552,3.376,0.17600000000000016,0.898336,0.898336,0.0,0.929384965831435,0.9961089494163424,-0.06672398358490739
31,109,89,38553.0,38597,-44.0,38722.0,38738,-16.0,38920.0,38891,29.0,2.984,3.176,-0.19200000000000017,0.86217,0.83284,0.029329999999999967,0.9209809264305178,0.9591836734693877,-0.038202747038869944
31,110,90,38920.0,38891,29.0,39170.0,39179,-9.0,39375.0,39354,21.0,3.584,3.528,0.05600000000000005,0.913978,0.89541,0.018567999999999918,0.9010989010989011,0.755939524838013,0.14515937626088815
31,111,91,39375.0,39354,21.0,39606.0,39602,4.0,39821.0,39823,-2.0,3.488,3.384,0.10400000000000009,0.925709,0.925709,0.0,0.9641255605381166,0.9424307036247335,0.02169485691338313
31,112,92,39821.0,39823,-2.0,39982.0,40008,-26.0,40200.0,40173,27.0,3.008,3.248,-0.2400000000000002,0.883671,0.883671,0.0,0.8496042216358839,0.9428571428571428,-0.09325292122125894
31,113,93,40200.0,40173,27.0,40429.0,40439,-10.0,40628.0,40587,41.0,3.576,3.448,0.1280000000000001,0.8563000000000001,0.87683,-0.020529999999999937,0.9299065420560748,0.7149758454106281,0.21493069664544673
31,115,94,40725.0,40587,138.0,40948.0,40921,27.0,41117.0,41082,35.0,2.112,3.856,-1.7439999999999998,0.860212,0.8523919999999999,0.00782000000000005,0.8622448979591837,0.6505050505050505,0.2117398474541332
31,116,95,41117.0,41082,35.0,41330.0,41337,-7.0,41566.0,41602,-36.0,3.056,3.328,-0.2719999999999998,0.901271,0.979472,-0.07820099999999996,0.9487750556792873,0.9807692307692307,-0.0319941750899434
31,117,96,41566.0,41602,-36.0,41776.0,41782,-6.0,41920.0,41932,-12.0,3.568,3.56,0.008000000000000007,0.910068,0.910068,0.0,0.8135593220338984,0.9090909090909091,-0.0955315870570107
31,118,97,41920.0,41932,-12.0,42050.0,42074,-24.0,42263.0,42229,34.0,2.192,2.336,-0.14399999999999968,0.9071359999999999,0.82796,0.07917599999999991,0.7580174927113703,0.9562289562289562,-0.1982114635175859
31,120,98,42330.0,42229,101.0,42526.0,42529,-3.0,42714.0,42683,31.0,1.712,3.64,-1.9280000000000002,0.912023,0.9071359999999999,0.004887000000000086,0.9791666666666666,0.6784140969162995,0.3007525697503671
31,121,99,42714.0,42683,31.0,43030.0,43006,24.0,43188.0,43161,27.0,4.032,3.816,0.2160000000000002,0.895409,0.8817240000000001,0.013684999999999947,0.6666666666666667,0.6485355648535565,0.018131101813110284
31,122,100,43188.0,43161,27.0,43491.0,43480,11.0,43656.0,43655,1.0,3.688,3.792,-0.10399999999999965,0.899311,0.9081089999999999,-0.008797999999999973,0.7051282051282051,0.708502024291498,-0.003373819163292935
31,123,101,43656.0,43655,1.0,43860.0,43865,-5.0,44110.0,44166,-56.0,2.952,3.08,-0.1280000000000001,0.916911,0.916911,0.0,0.8986784140969163,0.821917808219178,0.07676060587773825
31,124,102,44110.0,44166,-56.0,44360.0,44351,9.0,44586.0,44530,56.0,4.0,3.888,0.1120000000000001,0.911046,0.911046,0.0,0.9495798319327731,0.9835164835164835,-0.0339366515837104
31,125,103,44586.0,44530,56.0,44831.0,44819,12.0,45022.0,45048,-26.0,3.768,3.744,0.023999999999999577,0.8543499999999999,0.911046,-0.05669600000000008,0.8761467889908257,0.8841698841698842,-0.008023095179058526
31,126,104,45022.0,45048,-26.0,45224.0,45250,-26.0,45449.0,45415,34.0,3.144,3.448,-0.3039999999999998,0.89345,0.88368,0.009769999999999945,0.9461358313817331,0.8991825613079019,0.04695327007383121
31,127,105,45449.0,45415,34.0,45669.0,45690,-21.0,45921.0,45983,-62.0,3.56,3.52,0.040000000000000036,0.6735,0.7184699999999999,-0.044969999999999954,0.9322033898305084,0.9683098591549296,-0.036106469324421187
31,128,106,45921.0,45983,-62.0,46131.0,46143,-12.0,46340.0,46310,30.0,3.696,3.624,0.07200000000000006,0.908113,0.8817200000000001,0.02639299999999989,0.9976133651551312,0.9785932721712538,0.019020092983877412
31,129,107,46340.0,46310,30.0,46590.0,46611,-21.0,46802.0,46775,27.0,3.672,3.744,-0.07200000000000006,0.906153,0.906153,0.0,0.9177489177489178,0.7053763440860215,0.2123725736628963
31,130,108,46802.0,46775,27.0,47034.0,47032,2.0,47251.0,47255,-4.0,3.552,3.368,0.18400000000000016,0.9071359999999999,0.911046,-0.00391000000000008,0.9665924276169265,0.9291666666666667,0.037425760950259845
31,131,109,47251.0,47255,-4.0,47481.0,47459,22.0,47638.0,47641,-3.0,3.576,3.416,0.16000000000000014,0.841643,0.841643,0.0,0.8113695090439277,0.9430051813471503,-0.1316356723032226
31,132,110,47638.0,47641,-3.0,47843.0,47831,12.0,48044.0,47990,54.0,2.896,2.976,-0.08000000000000007,0.926686,0.926686,0.0,0.9901477832512315,0.9111747851002865,0.07897299815094505
31,133,111,48044.0,47990,54.0,48275.0,48267,8.0,48459.0,48432,27.0,3.456,3.488,-0.03200000000000003,0.890516,0.885629,0.004886999999999975,0.8867469879518073,0.746606334841629,0.14014065311017831
31,134,112,48459.0,48432,27.0,48666.0,48656,10.0,48848.0,48802,46.0,3.128,3.112,0.016000000000000014,0.899316,0.922776,-0.023460000000000036,0.9357326478149101,0.7891891891891891,0.14654345862572093
31,135,113,48848.0,48802,46.0,49062.0,49079,-17.0,49274.0,49245,29.0,3.168,3.384,-0.21599999999999975,0.922776,0.918866,0.00391000000000008,0.9953051643192489,0.7494356659142212,0.2458694984050277
31,136,114,49274.0,49245,29.0,49515.0,49548,-33.0,49743.0,49735,8.0,3.624,3.752,-0.12799999999999967,0.913974,0.913974,0.0,0.9722814498933902,0.763265306122449,0.20901614377094113
31,137,115,49743.0,49735,8.0,49947.0,49929,18.0,50140.0,50079,61.0,3.456,3.048,0.4079999999999999,0.9022479999999999,0.936461,-0.03421300000000005,0.9722921914357683,0.872093023255814,0.10019916817995433
31,138,116,50140.0,50079,61.0,50341.0,50346,-5.0,50579.0,50621,-42.0,3.152,3.336,-0.18399999999999972,0.8543499999999999,0.88661,-0.032260000000000066,0.9157175398633257,0.985239852398524,-0.06952231253519825
31,139,117,50579.0,50621,-42.0,50798.0,50796,2.0,50998.0,50948,50.0,3.656,3.6,0.05600000000000005,0.88368,0.88368,0.0,0.9546539379474941,0.9296636085626911,0.024990329384802945
31,140,118,50998.0,50948,50.0,51257.0,51257,0.0,51462.0,51407,55.0,3.672,3.688,-0.016000000000000014,0.86022,0.86315,-0.002929999999999988,0.8836206896551724,0.6535947712418301,0.2300259184133423
31,141,119,51462.0,51407,55.0,51719.0,51707,12.0,51891.0,51888,3.0,3.696,3.6,0.09600000000000009,0.87097,0.87097,0.0,0.8018648018648018,0.7525987525987525,0.04926604926604927
31,142,120,51891.0,51888,3.0,52095.0,52110,-15.0,52308.0,52299,9.0,3.008,3.224,-0.2160000000000002,0.910068,0.901271,0.008796999999999944,0.9784172661870504,0.9197080291970803,0.058709236989970104
31,143,121,52308.0,52299,9.0,52511.0,52500,11.0,52681.0,52657,24.0,3.328,3.12,0.20799999999999974,0.928641,0.911046,0.017595000000000027,0.9115281501340482,0.8770949720670391,0.034433178067009074
31,144,122,52681.0,52657,24.0,52897.0,52883,14.0,53140.0,53153,-13.0,3.088,3.064,0.02400000000000002,0.957967,0.957967,0.0,0.9411764705882353,0.9112903225806451,0.029886148007590152
31,145,123,53140.0,53153,-13.0,53374.0,53384,-10.0,53600.0,53604,-4.0,3.816,4.008,-0.19200000000000017,0.961877,0.961877,0.0,0.9826086956521739,0.975609756097561,0.0069989395546129485
31,146,124,53600.0,53604,-4.0,53812.0,53800,12.0,53989.0,53997,-8.0,3.504,3.328,0.17600000000000016,0.956989,0.950147,0.006842000000000015,0.910025706940874,0.9974554707379135,-0.08742976379703948
31,147,125,53989.0,53997,-8.0,54187.0,54181,6.0,54404.0,54433,-29.0,3.0,3.048,-0.04800000000000004,0.8915,0.931574,-0.040074000000000054,0.9542168674698795,0.8440366972477065,0.11018017022217308
31,148,126,54404.0,54433,-29.0,54648.0,54643,5.0,54872.0,54852,20.0,3.688,3.696,-0.008000000000000007,0.9345060000000001,0.901271,0.033235000000000015,0.9572649572649573,0.9976133651551312,-0.04034840789017391
31,149,127,54872.0,54852,20.0,55110.0,55113,-3.0,55327.0,55321,6.0,3.696,3.76,-0.06399999999999961,0.935484,0.935484,0.0,0.9538461538461538,0.8869936034115139,0.06685255043463989
31,150,128,55327.0,55321,6.0,55560.0,55553,7.0,55765.0,55751,14.0,3.6,3.52,0.08000000000000007,0.918866,0.918866,0.0,0.9360730593607306,0.9209302325581395,0.015142826802591047
31,151,129,55765.0,55751,14.0,55940.0,55963,-23.0,56155.0,56149,6.0,3.04,3.28,-0.23999999999999977,0.869014,0.865104,0.003909999999999969,0.8974358974358975,0.9346733668341709,-0.03723746939827344
31,152,130,56155.0,56149,6.0,56370.0,56357,13.0,56558.0,56540,18.0,3.44,3.152,0.2879999999999998,0.940371,0.940371,0.0,0.9330024813895782,0.9360613810741688,-0.0030588996845906102
31,153,131,56558.0,56540,18.0,56763.0,56797,-34.0,56983.0,56982,1.0,3.144,3.52,-0.3759999999999999,0.790808,0.790808,0.0,0.9647058823529412,0.8371040723981901,0.12760180995475112
31,154,132,56983.0,56982,1.0,57176.0,57166,10.0,57345.0,57315,30.0,3.304,2.952,0.35199999999999987,0.793746,0.775173,0.01857299999999995,0.9337016574585635,0.8948948948948949,0.03880676256366855
31,155,133,57345.0,57315,30.0,57581.0,57612,-31.0,57814.0,57828,-14.0,3.24,3.568,-0.32799999999999985,0.893454,0.900296,-0.006842000000000015,0.9936034115138592,0.8421052631578947,0.15149814835596453
31,156,134,57814.0,57828,-14.0,58023.0,58018,5.0,58224.0,58219,5.0,3.536,3.248,0.2879999999999998,0.86804,0.8641300000000001,0.003909999999999969,0.9804878048780488,0.9718670076726342,0.008620797205414532
31,157,135,58224.0,58219,5.0,58394.0,58417,-23.0,58604.0,58600,4.0,2.968,3.192,-0.2240000000000002,0.834801,0.833823,0.0009780000000000344,0.8947368421052632,0.9606299212598425,-0.06589307915457931
31,158,136,58604.0,58600,4.0,58761.0,58786,-25.0,58977.0,58970,7.0,2.936,2.952,-0.016000000000000014,0.829911,0.828934,0.0009770000000000056,0.8418230563002681,0.9945945945945946,-0.15277153829432655
31,159,137,58977.0,58970,7.0,59197.0,59191,6.0,59403.0,59402,1.0,3.488,3.24,0.24799999999999978,0.919844,0.924731,-0.004886999999999975,0.9671361502347418,0.9768518518518519,-0.009715701617110106
31,160,138,59403.0,59402,1.0,59571.0,59587,-16.0,59780.0,59767,13.0,2.992,3.168,-0.17600000000000016,0.842624,0.842624,0.0,0.8912466843501327,0.9863013698630136,-0.09505468551288099
32,1,1,231.0,238,-7.0,364.0,385,-21.0,521.0,534,-13.0,,2.424,,1.65823,1.65823,0.0,0.9172413793103449,0.9932432432432432,-0.07600186393289832
32,2,2,521.0,534,-13.0,643.0,668,-25.0,804.0,817,-13.0,2.232,2.264,-0.031999999999999584,1.63297,1.63297,0.0,0.8621908127208481,0.9469964664310954,-0.08480565371024729
32,3,3,804.0,817,-13.0,921.0,950,-29.0,1081.0,1096,-15.0,2.224,2.256,-0.031999999999999584,1.5301,1.5301,0.0,0.8447653429602888,0.953405017921147,-0.10863967496085813
32,4,4,1081.0,1096,-15.0,1199.0,1224,-25.0,1382.0,1403,-21.0,2.224,2.192,0.03200000000000003,1.59419,1.59419,0.0,0.7840531561461794,0.8338762214983714,-0.04982306535219194
32,5,5,1382.0,1403,-21.0,1538.0,1536,2.0,1684.0,1689,-5.0,2.712,2.496,0.2160000000000002,1.74756,1.74756,0.0,0.9668874172185431,0.9300699300699301,0.03681748714861299
32,6,6,1684.0,1689,-5.0,1832.0,1831,1.0,1970.0,1981,-11.0,2.352,2.36,-0.008000000000000007,1.6640599999999999,1.64853,0.015529999999999822,0.965034965034965,0.9726027397260274,-0.007567774691062401
32,7,7,1970.0,1981,-11.0,2113.0,2118,-5.0,2262.0,2273,-11.0,2.248,2.296,-0.0479999999999996,1.7262499999999998,1.7262499999999998,0.0,0.9794520547945206,0.9383561643835616,0.04109589041095896
32,8,8,2262.0,2273,-11.0,2393.0,2410,-17.0,2572.0,2598,-26.0,2.24,2.336,-0.09599999999999964,1.67375,1.67375,0.0,0.8451612903225807,0.8430769230769231,0.0020843672456576368
32,9,9,2572.0,2598,-26.0,2734.0,2732,2.0,2875.0,2880,-5.0,2.728,2.576,0.15200000000000014,1.51452,1.56112,-0.046599999999999975,0.9306930693069306,0.950354609929078,-0.019661540622147422
32,10,10,2875.0,2880,-5.0,3013.0,3013,0.0,3162.0,3169,-7.0,2.232,2.248,-0.016000000000000014,1.57279,1.57279,0.0,0.9616724738675958,0.9204152249134948,0.04125724895410099
32,11,11,3162.0,3169,-7.0,3312.0,3312,0.0,3462.0,3477,-15.0,2.392,2.392,0.0,1.7417500000000001,1.69903,0.04272000000000009,1.0,0.9285714285714286,0.0714285714285714
32,12,12,3462.0,3477,-15.0,3594.0,3616,-22.0,3734.0,3749,-15.0,2.256,2.432,-0.17600000000000016,1.5727699999999998,1.5727699999999998,0.0,0.9705882352941176,0.9779411764705882,-0.007352941176470562
32,13,13,3734.0,3749,-15.0,3869.0,3871,-2.0,4016.0,4032,-16.0,2.2,2.04,0.16000000000000014,1.5941400000000001,1.5941400000000001,0.0,0.9574468085106383,0.8621908127208481,0.09525599578979027
32,14,14,4016.0,4032,-16.0,4149.0,4171,-22.0,4310.0,4324,-14.0,2.24,2.4,-0.1599999999999997,1.69319,1.69319,0.0,0.9047619047619048,0.952054794520548,-0.04729288975864321
32,15,15,4310.0,4324,-14.0,4430.0,4457,-27.0,4631.0,4650,-19.0,2.248,2.288,-0.03999999999999959,1.57277,1.5824799999999999,-0.009709999999999885,0.7476635514018692,0.8159509202453987,-0.06828736884352948
32,16,16,4631.0,4650,-19.0,4783.0,4783,0.0,4927.0,4937,-10.0,2.824,2.608,0.21599999999999975,1.70678,1.70678,0.0,0.972972972972973,0.926829268292683,0.046143704680290054
32,17,17,4927.0,4937,-10.0,5070.0,5080,-10.0,5223.0,5239,-16.0,2.296,2.376,-0.08000000000000007,1.77087,1.77087,0.0,0.9662162162162162,0.9470198675496688,0.019196348666547403
32,18,18,5223.0,5239,-16.0,5349.0,5372,-23.0,5537.0,5554,-17.0,2.232,2.336,-0.10399999999999965,1.7223199999999999,1.7223199999999999,0.0,0.802547770700637,0.8444444444444444,-0.041896673743807455
32,19,19,5537.0,5554,-17.0,5692.0,5690,2.0,5839.0,5846,-7.0,2.744,2.544,0.20000000000000018,1.65049,1.65243,-0.0019400000000000528,0.9735099337748344,0.9315068493150684,0.04200308445976597
32,20,20,5839.0,5846,-7.0,5989.0,5988,1.0,6141.0,6151,-10.0,2.376,2.384,-0.008000000000000007,1.73013,1.71848,0.011649999999999938,0.9933774834437086,0.9311475409836065,0.06222994246010205
32,21,21,6141.0,6151,-10.0,6272.0,6297,-25.0,6462.0,6479,-17.0,2.264,2.472,-0.20800000000000018,1.6290900000000001,1.6290900000000001,0.0,0.8161993769470405,0.8902439024390244,-0.07404452549198393
32,22,22,6462.0,6479,-17.0,6615.0,6614,1.0,6764.0,6775,-11.0,2.744,2.536,0.20800000000000018,1.67767,1.67767,0.0,0.9867549668874173,0.9121621621621622,0.07459280472525509
32,23,23,6764.0,6775,-11.0,6914.0,6917,-3.0,7058.0,7070,-12.0,2.392,2.424,-0.03200000000000003,1.78058,1.76699,0.013589999999999991,0.9795918367346939,0.9627118644067797,0.01687997232791416
32,24,24,7058.0,7070,-12.0,7192.0,7205,-13.0,7362.0,7387,-25.0,2.224,2.304,-0.07999999999999963,1.6835300000000002,1.6835300000000002,0.0,0.881578947368421,0.8517350157728707,0.02984393159555032
32,25,25,7362.0,7387,-25.0,7527.0,7522,5.0,7676.0,7684,-8.0,2.68,2.536,0.14400000000000013,1.57477,1.6136,-0.03882999999999992,0.9490445859872612,0.9090909090909091,0.0399536768963521
32,26,26,7676.0,7684,-8.0,7825.0,7823,2.0,7965.0,7976,-11.0,2.384,2.408,-0.02400000000000002,1.73589,1.73589,0.0,0.9688581314878892,0.952054794520548,0.016803336967341265
32,27,27,7965.0,7976,-11.0,8111.0,8116,-5.0,8280.0,8306,-26.0,2.288,2.344,-0.05600000000000005,1.74755,1.74755,0.0,0.926984126984127,0.8484848484848485,0.07849927849927851
32,28,28,8280.0,8306,-26.0,8446.0,8440,6.0,8601.0,8608,-7.0,2.68,2.592,0.08800000000000008,1.64656,1.66986,-0.023299999999999876,0.9657320872274143,0.8874172185430463,0.07831486868436799
32,29,29,8601.0,8608,-7.0,8750.0,8750,0.0,8902.0,8917,-15.0,2.432,2.48,-0.04800000000000004,1.6601599999999999,1.65434,0.005819999999999936,0.9900332225913622,0.919093851132686,0.07093937145867613
32,30,30,8902.0,8917,-15.0,9037.0,9060,-23.0,9213.0,9230,-17.0,2.296,2.48,-0.18400000000000016,1.73204,1.73204,0.0,0.8681672025723473,0.9137380191693291,-0.04557081659698181
32,31,31,9213.0,9230,-17.0,9372.0,9367,5.0,9523.0,9533,-10.0,2.68,2.456,0.2240000000000002,1.44661,1.4893299999999998,-0.04271999999999987,0.9741935483870968,0.9042904290429042,0.06990311934419258
32,32,32,9523.0,9533,-10.0,9673.0,9670,3.0,9813.0,9820,-7.0,2.408,2.424,-0.016000000000000014,1.69906,1.69906,0.0,0.9655172413793104,0.9547038327526133,0.010813408626697107
32,33,33,9813.0,9820,-7.0,9960.0,9961,-1.0,10111.0,10123,-12.0,2.296,2.328,-0.03200000000000003,1.80192,1.77668,0.02523999999999993,0.9865771812080537,0.9306930693069306,0.05588411190112308
32,34,34,10111.0,10123,-12.0,10243.0,10265,-22.0,10421.0,10438,-17.0,2.264,2.432,-0.16800000000000015,1.7165199999999998,1.7165199999999998,0.0,0.8516129032258064,0.9015873015873016,-0.0499743983614952
32,35,35,10421.0,10438,-17.0,10580.0,10576,4.0,10736.0,10754,-18.0,2.696,2.488,0.20800000000000018,1.52235,1.52235,0.0,0.9904761904761905,0.8734177215189873,0.11705846895720318
32,36,36,10736.0,10754,-18.0,10886.0,10894,-8.0,11045.0,11056,-11.0,2.448,2.544,-0.09600000000000009,1.77475,1.74757,0.027179999999999982,0.970873786407767,0.9271523178807947,0.04372146852697234
32,37,37,11045.0,11056,-11.0,11167.0,11197,-30.0,11340.0,11358,-18.0,2.248,2.424,-0.1759999999999997,1.52617,1.52617,0.0,0.8271186440677967,0.9337748344370861,-0.10665619036928942
32,38,38,11340.0,11358,-18.0,11498.0,11493,5.0,11636.0,11643,-7.0,2.648,2.368,0.28000000000000025,1.53784,1.53784,0.0,0.9324324324324325,0.9473684210526316,-0.014935988620199181
32,39,39,11636.0,11643,-7.0,11780.0,11775,5.0,11933.0,11948,-15.0,2.256,2.256,0.0,1.63884,1.64078,-0.0019399999999998307,0.9696969696969697,0.8655737704918033,0.10412319920516644
32,40,40,11933.0,11948,-15.0,12084.0,12088,-4.0,12229.0,12242,-13.0,2.432,2.504,-0.07200000000000006,1.82718,1.7514500000000002,0.07572999999999985,0.9797297297297297,0.9523809523809523,0.027348777348777387
32,41,41,12229.0,12242,-13.0,12365.0,12379,-14.0,12502.0,12519,-17.0,2.248,2.328,-0.07999999999999963,1.66412,1.66412,0.0,0.9963369963369964,0.9891696750902527,0.007167321246743685
32,42,42,12502.0,12519,-17.0,12639.0,12643,-4.0,12804.0,12832,-28.0,2.192,2.112,0.08000000000000007,1.71258,1.71258,0.0,0.9072847682119205,0.792332268370607,0.1149524998413135
32,43,43,12804.0,12832,-28.0,12973.0,12967,6.0,13136.0,13171,-35.0,2.672,2.592,0.08000000000000007,1.65824,1.65824,0.0,0.9819277108433735,0.7964601769911505,0.18546753385222303
32,44,44,13136.0,13171,-35.0,13287.0,13308,-21.0,13461.0,13482,-21.0,2.512,2.728,-0.2160000000000002,1.74756,1.7164899999999998,0.031070000000000153,0.9292307692307692,0.8810289389067524,0.048201830324016814
32,45,45,13461.0,13482,-21.0,13622.0,13618,4.0,13760.0,13763,-3.0,2.68,2.48,0.20000000000000018,1.50872,1.50872,0.0,0.9230769230769231,0.9679715302491103,-0.044894607172187184
32,46,46,13760.0,13763,-3.0,13900.0,13895,5.0,14053.0,14063,-10.0,2.224,2.216,0.008000000000000007,1.39225,1.3941999999999999,-0.0019499999999998963,0.9556313993174061,0.88,0.07563139931740614
32,47,47,14053.0,14063,-10.0,14204.0,14204,0.0,14330.0,14338,-8.0,2.432,2.472,-0.040000000000000036,1.6796,1.67765,0.0019499999999998963,0.9097472924187726,0.9745454545454545,-0.06479816212668188
32,48,48,14330.0,14338,-8.0,14465.0,14463,2.0,14607.0,14612,-5.0,2.088,2.072,0.016000000000000014,1.59421,1.60197,-0.007759999999999989,0.9747292418772563,0.9124087591240876,0.062320482753168704
32,49,49,14607.0,14612,-5.0,14753.0,14751,2.0,14902.0,14912,-10.0,2.304,2.304,0.0,1.6446699999999999,1.63885,0.005819999999999936,0.9898305084745763,0.9266666666666666,0.06316384180790968
32,50,50,14902.0,14912,-10.0,15040.0,15060,-20.0,15214.0,15235,-21.0,2.296,2.472,-0.17600000000000016,1.71072,1.71072,0.0,0.8846153846153846,0.9164086687306502,-0.03179328411526561
32,51,51,15214.0,15235,-21.0,15377.0,15371,6.0,15523.0,15530,-7.0,2.696,2.488,0.20800000000000018,1.5552899999999998,1.5960699999999999,-0.04078000000000004,0.9449838187702265,0.9220338983050848,0.02294992046514177
32,52,52,15523.0,15530,-7.0,15666.0,15665,1.0,15826.0,15803,23.0,2.312,2.352,-0.040000000000000036,1.67771,1.65246,0.025249999999999995,0.9438943894389439,0.989010989010989,-0.04511659957204517
32,53,53,15826.0,15803,23.0,15970.0,15999,-29.0,16158.0,16169,-11.0,2.432,2.672,-0.2400000000000002,1.74563,1.83301,-0.08738000000000001,0.8674698795180723,0.9289617486338798,-0.06149186911580751
32,54,54,16158.0,16169,-11.0,16306.0,16302,4.0,16456.0,16463,-7.0,2.688,2.424,0.26400000000000023,1.7378900000000002,1.7378900000000002,0.0,0.9932885906040269,0.9047619047619048,0.08852668584212209
32,55,55,16456.0,16463,-7.0,16606.0,16606,0.0,16751.0,16761,-10.0,2.4,2.432,-0.03200000000000003,1.81165,1.7689300000000001,0.04271999999999987,0.9830508474576272,0.9597315436241611,0.023319303833466032
32,56,56,16751.0,16761,-10.0,16885.0,16903,-18.0,17043.0,17059,-16.0,2.232,2.376,-0.14399999999999968,1.74561,1.74561,0.0,0.9178082191780822,0.9530201342281879,-0.03521191505010568
32,57,57,17043.0,17059,-16.0,17167.0,17193,-26.0,17365.0,17382,-17.0,2.256,2.32,-0.06400000000000006,1.74559,1.7494800000000001,-0.003890000000000171,0.7701863354037267,0.8297213622291022,-0.05953502682537548
32,58,58,17365.0,17382,-17.0,17521.0,17516,5.0,17663.0,17673,-10.0,2.832,2.584,0.24799999999999978,1.70486,1.70486,0.0,0.9530201342281879,0.9209621993127148,0.03205793491547304
32,59,59,17663.0,17673,-10.0,17809.0,17814,-5.0,17964.0,17981,-17.0,2.304,2.384,-0.08000000000000007,1.69514,1.68349,0.01165000000000016,0.9700996677740864,0.9155844155844156,0.05451525218967079
32,60,60,17964.0,17981,-17.0,18091.0,18118,-27.0,18264.0,18279,-15.0,2.256,2.432,-0.17600000000000016,1.6446800000000001,1.6446800000000001,0.0,0.8466666666666667,0.9194630872483222,-0.07279642058165547
32,61,61,18264.0,18279,-15.0,18420.0,18414,6.0,18574.0,18592,-18.0,2.632,2.368,0.26400000000000023,1.47965,1.50101,-0.021360000000000046,0.9935483870967742,0.8626198083067093,0.13092857879006492
32,62,62,18574.0,18592,-18.0,18725.0,18727,-2.0,18886.0,18903,-17.0,2.44,2.504,-0.06400000000000006,1.79611,1.7631000000000001,0.033009999999999984,0.967948717948718,0.8681672025723473,0.0997815153763707
32,63,63,18886.0,18903,-17.0,19012.0,19042,-30.0,19216.0,19244,-28.0,2.296,2.52,-0.2240000000000002,1.54179,1.56704,-0.025249999999999995,0.7636363636363637,0.81524926686217,-0.05161290322580636
32,64,64,19216.0,19244,-28.0,19371.0,19377,-6.0,19517.0,19529,-12.0,2.872,2.68,0.19199999999999973,1.7786400000000002,1.7300900000000001,0.04855000000000009,0.9700996677740864,0.9333333333333333,0.03676633444075306
32,65,65,19517.0,19529,-12.0,19653.0,19663,-10.0,19821.0,19842,-21.0,2.256,2.288,-0.03200000000000003,1.7010100000000001,1.7010100000000001,0.0,0.8947368421052632,0.8562300319488818,0.038506810156381355
32,66,66,19821.0,19842,-21.0,19984.0,19977,7.0,20129.0,20137,-8.0,2.648,2.512,0.13600000000000012,1.45433,1.45433,0.0,0.9415584415584416,0.9152542372881356,0.026304204270305998
32,67,67,20129.0,20137,-8.0,20275.0,20274,1.0,20419.0,20426,-7.0,2.328,2.376,-0.04800000000000004,1.58449,1.5942,-0.009710000000000107,0.993103448275862,0.9480968858131488,0.045006562462713284
32,68,68,20419.0,20426,-7.0,20564.0,20565,-1.0,20707.0,20718,-11.0,2.312,2.328,-0.016000000000000014,1.6738,1.6602,0.013600000000000056,0.9930555555555556,0.952054794520548,0.041000761035007605
32,69,69,20707.0,20718,-11.0,20852.0,20857,-5.0,20998.0,21007,-9.0,2.304,2.336,-0.03200000000000003,1.7203899999999999,1.7203899999999999,0.0,0.9965635738831615,0.9619377162629758,0.034625857620185774
32,70,70,20998.0,21007,-9.0,21131.0,21147,-16.0,21281.0,21296,-15.0,2.232,2.32,-0.08799999999999963,1.6505,1.6505,0.0,0.9399293286219081,0.9688581314878892,-0.028928802865981096
32,71,71,21281.0,21296,-15.0,21410.0,21428,-18.0,21567.0,21581,-14.0,2.232,2.248,-0.016000000000000014,1.72428,1.72428,0.0,0.9020979020979021,0.9263157894736842,-0.02421788737578212
32,72,72,21567.0,21581,-14.0,21689.0,21714,-25.0,21892.0,21917,-25.0,2.232,2.288,-0.055999999999999606,1.65825,1.65825,0.0,0.7507692307692307,0.7916666666666666,-0.040897435897435885
32,73,73,21892.0,21917,-25.0,22048.0,22046,2.0,22189.0,22200,-11.0,2.872,2.656,0.21599999999999975,1.73009,1.73009,0.0,0.9494949494949495,0.911660777385159,0.037834172109790454
32,74,74,22189.0,22200,-11.0,22330.0,22341,-11.0,22484.0,22504,-20.0,2.256,2.36,-0.10400000000000009,1.76118,1.76118,0.0,0.9559322033898305,0.9276315789473684,0.028300624442462174
32,75,75,22484.0,22504,-20.0,22610.0,22636,-26.0,22811.0,22827,-16.0,2.24,2.36,-0.11999999999999966,1.75539,1.76898,-0.013589999999999991,0.7706422018348624,0.8173374613003096,-0.04669525946544717
32,76,76,22811.0,22827,-16.0,22963.0,22961,2.0,23109.0,23119,-10.0,2.824,2.6,0.22399999999999975,1.6562599999999998,1.6562599999999998,0.0,0.9798657718120806,0.9178082191780822,0.06205755263399837
32,77,77,23109.0,23119,-10.0,23253.0,23262,-9.0,23388.0,23401,-13.0,2.32,2.408,-0.08800000000000008,1.73209,1.73209,0.0,0.967741935483871,0.9858156028368794,-0.018073667353008416
32,78,78,23388.0,23401,-13.0,23526.0,23528,-2.0,23678.0,23692,-14.0,2.184,2.128,0.05600000000000005,1.68541,1.68541,0.0,0.9517241379310345,0.872852233676976,0.07887190425405854
32,79,79,23678.0,23692,-14.0,23809.0,23834,-25.0,23978.0,23993,-15.0,2.264,2.448,-0.18400000000000016,1.5980999999999999,1.5980999999999999,0.0,0.8733333333333333,0.9435215946843853,-0.07018826135105205
32,80,80,23978.0,23993,-15.0,24133.0,24129,4.0,24292.0,24305,-13.0,2.592,2.36,0.2320000000000002,1.49512,1.5359,-0.04078000000000004,0.9872611464968153,0.8717948717948718,0.11546627470194348
32,81,81,24292.0,24305,-13.0,24443.0,24441,2.0,24607.0,24637,-30.0,2.48,2.496,-0.016000000000000014,1.7165,1.69902,0.01747999999999994,0.9587301587301588,0.8192771084337349,0.13945305029642385
32,82,82,24607.0,24637,-30.0,24741.0,24771,-30.0,24934.0,24946,-12.0,2.384,2.64,-0.2560000000000002,1.57479,1.6272199999999999,-0.05242999999999998,0.8195718654434251,0.8673139158576052,-0.047742050414180115
32,83,83,24934.0,24946,-12.0,25082.0,25082,0.0,25219.0,25228,-9.0,2.728,2.488,0.2400000000000002,1.68346,1.6951100000000001,-0.01165000000000016,0.9614035087719298,0.9645390070921985,-0.0031354983202687148
32,84,84,25219.0,25228,-9.0,25362.0,25361,1.0,25531.0,25561,-30.0,2.24,2.232,0.008000000000000007,1.73591,1.73397,0.0019400000000000528,0.9166666666666666,0.7987987987987988,0.11786786786786785
32,85,85,25531.0,25561,-30.0,25663.0,25693,-30.0,25842.0,25855,-13.0,2.408,2.656,-0.24800000000000022,1.60191,1.60191,0.0,0.8488745980707395,0.8979591836734694,-0.04908458560272988
32,86,86,25842.0,25855,-13.0,25995.0,25991,4.0,26140.0,26150,-10.0,2.656,2.384,0.27200000000000024,1.53201,1.57085,-0.038839999999999986,0.9731543624161074,0.9220338983050848,0.05112046411102267
32,87,87,26140.0,26150,-10.0,26289.0,26286,3.0,26438.0,26446,-8.0,2.352,2.36,-0.008000000000000007,1.7844799999999998,1.7844799999999998,0.0,1.0,0.9189189189189189,0.08108108108108114
32,88,88,26438.0,26446,-8.0,26579.0,26592,-13.0,26723.0,26736,-13.0,2.32,2.448,-0.1280000000000001,1.7553,1.7553,0.0,0.9894736842105263,0.993103448275862,-0.003629764065335772
32,89,89,26723.0,26736,-13.0,26857.0,26865,-8.0,27010.0,27023,-13.0,2.224,2.184,0.040000000000000036,1.6815600000000002,1.6815600000000002,0.0,0.9337979094076655,0.8989547038327526,0.03484320557491294
32,90,90,27010.0,27023,-13.0,27137.0,27162,-25.0,27294.0,27309,-15.0,2.24,2.376,-0.13599999999999968,1.58054,1.58054,0.0,0.8943661971830986,0.972027972027972,-0.07766177484487335
32,91,91,27294.0,27309,-15.0,27415.0,27440,-25.0,27577.0,27591,-14.0,2.224,2.224,0.0,1.6019400000000001,1.6019400000000001,0.0,0.8551236749116607,0.9290780141843972,-0.07395433927273642
32,92,92,27577.0,27591,-14.0,27695.0,27723,-28.0,27898.0,27921,-23.0,2.24,2.264,-0.023999999999999577,1.5495,1.55339,-0.003889999999999949,0.7352024922118381,0.8,-0.06479750778816196
32,93,93,27898.0,27921,-23.0,28054.0,28057,-3.0,28198.0,28210,-12.0,2.872,2.672,0.19999999999999973,1.76699,1.75922,0.007770000000000055,0.96,0.9411764705882353,0.018823529411764683
32,94,94,28198.0,28210,-12.0,28334.0,28344,-10.0,28484.0,28499,-15.0,2.24,2.296,-0.055999999999999606,1.734,1.734,0.0,0.951048951048951,0.9273356401384083,0.02371331091054274
32,95,95,28484.0,28499,-15.0,28613.0,28632,-19.0,28778.0,28793,-15.0,2.232,2.304,-0.07199999999999962,1.7145400000000002,1.7145400000000002,0.0,0.8775510204081632,0.9047619047619048,-0.027210884353741527
32,96,96,28778.0,28793,-15.0,28897.0,28929,-32.0,29096.0,29111,-15.0,2.272,2.376,-0.10400000000000009,1.3805900000000002,1.4136000000000002,-0.033009999999999984,0.7484276729559749,0.8553459119496856,-0.10691823899371067
32,97,97,29096.0,29111,-15.0,29248.0,29248,0.0,29382.0,29391,-9.0,2.808,2.552,0.2559999999999998,1.6990699999999999,1.6990699999999999,0.0,0.9370629370629371,0.9785714285714285,-0.04150849150849145
32,98,98,29382.0,29391,-9.0,29526.0,29525,1.0,29659.0,29671,-12.0,2.224,2.216,0.008000000000000007,1.58833,1.58833,0.0,0.9602888086642599,0.9571428571428572,0.0031459515214027345
32,99,99,29659.0,29671,-12.0,29805.0,29805,0.0,29958.0,29972,-14.0,2.232,2.24,-0.008000000000000007,1.77285,1.77285,0.0,0.9765886287625418,0.8903654485049834,0.08622318025755837
32,100,100,29958.0,29972,-14.0,30089.0,30117,-28.0,30296.0,30320,-24.0,2.272,2.496,-0.2240000000000002,1.69903,1.7067999999999999,-0.007769999999999833,0.7751479289940828,0.8333333333333334,-0.05818540433925057
32,101,101,30296.0,30320,-24.0,30452.0,30453,-1.0,30610.0,30631,-21.0,2.904,2.688,0.21599999999999975,1.7767,1.76116,0.015539999999999887,0.9936305732484076,0.8553054662379421,0.13832510701046552
32,102,102,30610.0,30631,-21.0,30737.0,30766,-29.0,30932.0,30950,-18.0,2.28,2.504,-0.2240000000000002,1.6835399999999998,1.7126599999999998,-0.029120000000000035,0.7888198757763976,0.8463949843260188,-0.05757510854962122
32,103,103,30932.0,30950,-18.0,31084.0,31084,0.0,31235.0,31249,-14.0,2.776,2.544,0.23199999999999976,1.8116500000000002,1.8116500000000002,0.0,0.9966996699669967,0.8963210702341137,0.10037859973288299
32,104,104,31235.0,31249,-14.0,31376.0,31389,-13.0,31550.0,31572,-22.0,2.336,2.44,-0.10400000000000009,1.7864,1.7864,0.0,0.8952380952380953,0.8668730650154799,0.028365030222615384
32,105,105,31550.0,31572,-22.0,31713.0,31708,5.0,31873.0,31890,-17.0,2.696,2.552,0.14400000000000013,1.5728600000000001,1.58451,-0.011649999999999938,0.9907120743034056,0.8553459119496856,0.13536616235372
32,106,106,31873.0,31890,-17.0,32026.0,32026,0.0,32169.0,32180,-11.0,2.504,2.544,-0.040000000000000036,1.74171,1.72618,0.015530000000000044,0.9662162162162162,0.9379310344827586,0.02828518173345762
32,107,107,32169.0,32180,-11.0,32309.0,32318,-9.0,32458.0,32472,-14.0,2.264,2.336,-0.07200000000000006,1.75536,1.75536,0.0,0.9688581314878892,0.9452054794520548,0.023652652035834443
32,108,108,32458.0,32472,-14.0,32589.0,32606,-17.0,32743.0,32757,-14.0,2.24,2.304,-0.06399999999999961,1.72815,1.72815,0.0,0.9192982456140351,0.9403508771929825,-0.021052631578947434
32,109,109,32743.0,32757,-14.0,32869.0,32889,-20.0,33071.0,33093,-22.0,2.24,2.264,-0.023999999999999577,1.69904,1.69904,0.0,0.7682926829268293,0.7857142857142857,-0.017421602787456414
32,110,110,33071.0,33093,-22.0,33226.0,33224,2.0,33387.0,33411,-24.0,2.856,2.68,0.1759999999999997,1.69123,1.69123,0.0,0.9810126582278481,0.8238993710691824,0.15711328715866568
32,111,111,33387.0,33411,-24.0,33522.0,33549,-27.0,33725.0,33750,-25.0,2.368,2.6,-0.2320000000000002,1.6038299999999999,1.62714,-0.023310000000000164,0.7988165680473372,0.8141592920353982,-0.015342723988060913
32,112,112,33725.0,33750,-25.0,33882.0,33883,-1.0,34027.0,34040,-13.0,2.88,2.672,0.20799999999999974,1.68734,1.6834500000000001,0.003889999999999949,0.9602649006622517,0.9172413793103449,0.04302352135190679
32,113,113,34027.0,34040,-13.0,34165.0,34177,-12.0,34326.0,34343,-17.0,2.264,2.352,-0.08800000000000008,1.7301,1.7301,0.0,0.9230769230769231,0.9042904290429042,0.018786494034018886
32,114,114,34326.0,34343,-17.0,34449.0,34479,-30.0,34656.0,34680,-24.0,2.272,2.416,-0.14400000000000013,1.62523,1.64659,-0.021360000000000046,0.7454545454545455,0.8071216617210683,-0.06166711626652277
32,115,115,34656.0,34680,-24.0,34810.0,34810,0.0,34978.0,35023,-45.0,2.888,2.648,0.23999999999999977,1.7902900000000002,1.81941,-0.029119999999999813,0.9565217391304348,0.7580174927113703,0.1985042464190645
32,116,116,34978.0,35023,-45.0,35147.0,35142,5.0,35303.0,35311,-8.0,2.696,2.656,0.040000000000000036,1.7184499999999998,1.7184499999999998,0.0,0.96,0.8263888888888888,0.13361111111111112
32,117,117,35303.0,35311,-8.0,35455.0,35455,0.0,35599.0,35609,-10.0,2.464,2.504,-0.040000000000000036,1.71652,1.71652,0.0,0.972972972972973,0.9664429530201343,0.00653001995283875
32,118,118,35599.0,35609,-10.0,35738.0,35750,-12.0,35889.0,35902,-13.0,2.264,2.36,-0.09600000000000009,1.75144,1.75144,0.0,0.9586206896551724,0.962457337883959,-0.003836648228786599
32,119,119,35889.0,35902,-13.0,36018.0,36036,-18.0,36203.0,36230,-27.0,2.24,2.288,-0.0479999999999996,1.6854,1.6854,0.0,0.821656050955414,0.8170731707317074,0.004582880223706676
32,120,120,36203.0,36230,-27.0,36363.0,36361,2.0,36511.0,36522,-11.0,2.76,2.6,0.1599999999999997,1.77278,1.77278,0.0,0.961038961038961,0.8972602739726028,0.06377868706635825
32,121,121,36511.0,36522,-11.0,36658.0,36660,-2.0,36793.0,36803,-10.0,2.36,2.392,-0.03200000000000003,1.7398,1.72815,0.011649999999999938,0.9574468085106383,0.9822064056939501,-0.024759597183311777
32,122,122,36793.0,36803,-10.0,36936.0,36936,0.0,37079.0,37088,-9.0,2.224,2.208,0.016000000000000014,1.77285,1.77285,0.0,1.0,0.9333333333333333,0.06666666666666665
32,123,123,37079.0,37088,-9.0,37217.0,37227,-10.0,37363.0,37375,-12.0,2.248,2.328,-0.07999999999999963,1.70678,1.70678,0.0,0.971830985915493,0.9686411149825784,0.0031898709329145625
32,124,124,37363.0,37375,-12.0,37497.0,37508,-11.0,37649.0,37661,-12.0,2.24,2.248,-0.008000000000000007,1.71264,1.71264,0.0,0.9370629370629371,0.9300699300699301,0.006993006993006978
32,125,125,37649.0,37661,-12.0,37777.0,37798,-21.0,37961.0,37980,-19.0,2.24,2.32,-0.07999999999999963,1.66798,1.66798,0.0,0.8205128205128205,0.8589341692789969,-0.03842134876617642
32,126,126,37961.0,37980,-19.0,38115.0,38114,1.0,38260.0,38268,-8.0,2.704,2.528,0.17600000000000016,1.65631,1.66408,-0.007770000000000055,0.9698996655518395,0.9305555555555556,0.039344109996283905
32,127,127,38260.0,38268,-8.0,38404.0,38405,-1.0,38548.0,38560,-12.0,2.312,2.328,-0.016000000000000014,1.7048800000000002,1.7029400000000001,0.0019400000000000528,1.0,0.9383561643835616,0.06164383561643838
32,128,128,38548.0,38560,-12.0,38692.0,38698,-6.0,38884.0,38916,-32.0,2.304,2.344,-0.040000000000000036,1.7631000000000001,1.7631000000000001,0.0,0.8571428571428572,0.7752808988764045,0.0818619582664527
32,129,129,38884.0,38916,-32.0,39045.0,39043,2.0,39197.0,39208,-11.0,2.824,2.76,0.06400000000000006,1.7805900000000001,1.7805900000000001,0.0,0.9712460063897763,0.8698630136986302,0.10138299269114615
32,130,130,39197.0,39208,-11.0,39338.0,39351,-13.0,39521.0,39551,-30.0,2.344,2.464,-0.1200000000000001,1.7591999999999999,1.7591999999999999,0.0,0.8703703703703703,0.8338192419825072,0.03655112838786312
32,131,131,39521.0,39551,-30.0,39684.0,39680,4.0,39842.0,39859,-17.0,2.768,2.632,0.13599999999999968,1.72624,1.72624,0.0,0.9844236760124611,0.8376623376623377,0.1467613383501234
32,132,132,39842.0,39859,-17.0,39987.0,40002,-15.0,40134.0,40146,-12.0,2.424,2.576,-0.15200000000000014,1.76699,1.76699,0.0,0.9931506849315068,0.9965156794425087,-0.0033649945110019175
32,133,133,40134.0,40146,-12.0,40265.0,40277,-12.0,40413.0,40427,-14.0,2.224,2.2,0.02400000000000002,1.734,1.734,0.0,0.9390681003584229,0.9323843416370107,0.006683758721412247
32,134,134,40413.0,40427,-14.0,40545.0,40560,-15.0,40703.0,40718,-15.0,2.24,2.264,-0.023999999999999577,1.8,1.8,0.0,0.9103448275862069,0.9140893470790378,-0.0037445194928308334
32,135,135,40703.0,40718,-15.0,40827.0,40853,-26.0,40974.0,40987,-13.0,2.256,2.344,-0.08800000000000008,1.72039,1.72039,0.0,0.915129151291513,0.9962825278810409,-0.08115337658952793
32,136,136,40974.0,40987,-13.0,41103.0,41109,-6.0,41242.0,41255,-13.0,2.208,2.048,0.16000000000000014,1.71066,1.71066,0.0,0.9626865671641791,0.9104477611940298,0.052238805970149294
32,137,137,41242.0,41255,-13.0,41380.0,41388,-8.0,41540.0,41558,-18.0,2.216,2.232,-0.016000000000000014,1.7669700000000002,1.7669700000000002,0.0,0.9261744966442953,0.8778877887788779,0.048286707865417444
32,138,138,41540.0,41558,-18.0,41667.0,41696,-29.0,41867.0,41886,-19.0,2.296,2.464,-0.16800000000000015,1.61946,1.63888,-0.019419999999999993,0.7767584097859327,0.8414634146341463,-0.06470500484821362
32,139,139,41867.0,41886,-19.0,42019.0,42018,1.0,42190.0,42153,37.0,2.816,2.576,0.23999999999999977,1.80776,1.8058200000000002,0.0019399999999998307,0.9411764705882353,0.9887640449438202,-0.047587574355584916
32,140,140,42190.0,42153,37.0,42363.0,42356,7.0,42504.0,42510,-6.0,2.752,2.704,0.0479999999999996,1.5553199999999998,1.6038599999999998,-0.04854000000000003,0.8980891719745223,0.8627450980392157,0.035344073935306586
32,141,141,42504.0,42510,-6.0,42649.0,42645,4.0,42799.0,42807,-8.0,2.288,2.312,-0.02400000000000002,1.56698,1.58057,-0.013589999999999991,0.9830508474576272,0.9090909090909091,0.0739599383667181
32,142,142,42799.0,42807,-8.0,42950.0,42947,3.0,43105.0,43103,2.0,2.408,2.416,-0.008000000000000007,1.69317,1.68735,0.005820000000000158,0.9869281045751634,0.9459459459459459,0.0409821586292175
32,143,143,43105.0,43103,2.0,43239.0,43265,-26.0,43403.0,43416,-13.0,2.312,2.544,-0.2320000000000002,1.6057899999999998,1.6057899999999998,0.0,0.8993288590604027,0.9648562300319489,-0.06552737097154615
32,144,144,43403.0,43416,-13.0,43521.0,43549,-28.0,43723.0,43755,-32.0,2.256,2.272,-0.016000000000000014,1.49122,1.49122,0.0,0.7375,0.7846607669616519,-0.047160766961651834
32,145,145,43723.0,43755,-32.0,43883.0,43886,-3.0,44023.0,44035,-12.0,2.896,2.696,0.19999999999999973,1.7572800000000002,1.7553400000000001,0.0019400000000000528,0.9333333333333333,0.9357142857142857,-0.0023809523809523725
32,146,146,44023.0,44035,-12.0,44164.0,44170,-6.0,44340.0,44375,-35.0,2.248,2.272,-0.023999999999999577,1.74564,1.74564,0.0,0.889589905362776,0.7941176470588236,0.09547225830395245
32,147,147,44340.0,44375,-35.0,44506.0,44503,3.0,44655.0,44666,-11.0,2.736,2.664,0.07200000000000006,1.70683,1.7146,-0.007769999999999833,0.946031746031746,0.8797250859106529,0.0663066601210931
32,148,148,44655.0,44666,-11.0,44808.0,44810,-2.0,44966.0,44982,-16.0,2.416,2.456,-0.040000000000000036,1.8,1.77475,0.025249999999999995,0.9839228295819936,0.9113924050632911,0.07253042451870251
32,149,149,44966.0,44982,-16.0,45092.0,45119,-27.0,45265.0,45278,-13.0,2.272,2.472,-0.20000000000000018,1.63102,1.63102,0.0,0.842809364548495,0.9256756756756757,-0.08286631112718068
32,150,150,45265.0,45278,-13.0,45422.0,45416,6.0,45555.0,45563,-8.0,2.64,2.376,0.26400000000000023,1.42722,1.42722,0.0,0.9172413793103449,0.968421052631579,-0.051179673321234076
32,151,151,45555.0,45563,-8.0,45701.0,45696,5.0,45855.0,45866,-11.0,2.232,2.24,-0.008000000000000007,1.53592,1.53786,-0.0019400000000000528,0.9733333333333334,0.8778877887788779,0.09544554455445553
32,152,152,45855.0,45866,-11.0,46007.0,46009,-2.0,46161.0,46172,-11.0,2.448,2.504,-0.05600000000000005,1.75726,1.7184300000000001,0.03882999999999992,0.9934640522875817,0.934640522875817,0.05882352941176472
32,153,153,46161.0,46172,-11.0,46290.0,46315,-25.0,46484.0,46504,-20.0,2.264,2.448,-0.18400000000000016,1.5864,1.5980500000000002,-0.01165000000000016,0.7987616099071208,0.8614457831325302,-0.06268417322540942
32,154,154,46484.0,46504,-20.0,46639.0,46636,3.0,46783.0,46794,-11.0,2.792,2.568,0.22399999999999975,1.76116,1.76116,0.0,0.9632107023411371,0.9103448275862069,0.05286587475493021
32,155,155,46783.0,46794,-11.0,46927.0,46934,-7.0,47082.0,47094,-12.0,2.304,2.384,-0.08000000000000007,1.7767,1.75922,0.01747999999999994,0.9632107023411371,0.9333333333333333,0.0298773690078038
32,156,156,47082.0,47094,-12.0,47212.0,47234,-22.0,47408.0,47428,-20.0,2.28,2.4,-0.1200000000000001,1.74174,1.7689300000000001,-0.027190000000000047,0.7975460122699387,0.8383233532934131,-0.04077734102347441
32,157,157,47408.0,47428,-20.0,47565.0,47560,5.0,47721.0,47740,-19.0,2.824,2.608,0.21599999999999975,1.76311,1.76311,0.0,0.9968051118210862,0.8461538461538461,0.15065126566724008
32,158,158,47721.0,47740,-19.0,47857.0,47879,-22.0,48021.0,48037,-16.0,2.336,2.552,-0.2160000000000002,1.73784,1.73784,0.0,0.9066666666666666,0.936026936026936,-0.029360269360269364
32,159,159,48021.0,48037,-16.0,48140.0,48170,-30.0,48305.0,48318,-13.0,2.264,2.328,-0.06400000000000006,1.54949,1.54949,0.0,0.8380281690140845,0.9466192170818505,-0.10859104806776598
32,160,160,48305.0,48318,-13.0,48419.0,48450,-31.0,48621.0,48648,-27.0,2.232,2.24,-0.008000000000000007,1.51067,1.51067,0.0,0.7215189873417722,0.8,-0.07848101265822782
32,161,161,48621.0,48648,-27.0,48776.0,48780,-4.0,48938.0,48956,-18.0,2.856,2.64,0.21599999999999975,1.7864,1.78058,0.005819999999999936,0.9779179810725552,0.8571428571428572,0.12077512392969803
32,162,162,48938.0,48956,-18.0,49065.0,49095,-30.0,49259.0,49269,-10.0,2.312,2.52,-0.20800000000000018,1.5533799999999998,1.5533799999999998,0.0,0.7912772585669782,0.8881789137380192,-0.09690165517104099
32,163,163,49259.0,49269,-10.0,49413.0,49408,5.0,49553.0,49561,-8.0,2.784,2.504,0.2799999999999998,1.73976,1.73976,0.0,0.9523809523809523,0.952054794520548,0.00032615786040435246
32,164,164,49553.0,49561,-8.0,49700.0,49702,-2.0,49855.0,49872,-17.0,2.296,2.352,-0.05600000000000005,1.79417,1.7650400000000002,0.029129999999999878,0.9735099337748344,0.9067524115755627,0.06675752219927167
32,165,165,49855.0,49872,-17.0,49986.0,50008,-22.0,50189.0,50219,-30.0,2.288,2.448,-0.16000000000000014,1.7126000000000001,1.7126000000000001,0.0,0.7844311377245509,0.7838616714697406,0.0005694662548102469
32,166,166,50189.0,50219,-30.0,50349.0,50346,3.0,50499.0,50515,-16.0,2.904,2.704,0.19999999999999973,1.64075,1.64075,0.0,0.967741935483871,0.8581081081081081,0.10963382737576288
32,167,167,50499.0,50515,-16.0,50635.0,50657,-22.0,50817.0,50840,-23.0,2.288,2.488,-0.20000000000000018,1.73786,1.73786,0.0,0.8553459119496856,0.8738461538461538,-0.01850024189646826
32,168,168,50817.0,50840,-23.0,50978.0,50972,6.0,51134.0,51165,-31.0,2.744,2.52,0.2240000000000002,1.6175,1.6175,0.0,0.9842271293375394,0.8123076923076923,0.17191943702984713
32,169,169,51134.0,51165,-31.0,51285.0,51303,-18.0,51456.0,51472,-16.0,2.456,2.648,-0.19200000000000017,1.7009699999999999,1.68932,0.011649999999999938,0.937888198757764,0.8990228013029316,0.03886539745483242
32,170,170,51456.0,51472,-16.0,51618.0,51610,8.0,51767.0,51778,-11.0,2.664,2.456,0.20800000000000018,1.39418,1.40583,-0.011649999999999938,0.9581993569131833,0.9019607843137255,0.05623857259945775
32,171,171,51767.0,51778,-11.0,51917.0,51914,3.0,52072.0,52077,-5.0,2.392,2.432,-0.040000000000000036,1.68539,1.68539,0.0,0.9836065573770492,0.9096989966555185,0.07390756072153071
32,172,172,52072.0,52077,-5.0,52213.0,52232,-19.0,52379.0,52392,-13.0,2.368,2.544,-0.17600000000000016,1.74564,1.74564,0.0,0.9185667752442996,0.9841269841269842,-0.06556020888268455
32,173,173,52379.0,52392,-13.0,52497.0,52529,-32.0,52696.0,52709,-13.0,2.272,2.376,-0.10400000000000009,1.4136,1.43302,-0.019419999999999993,0.7444794952681388,0.8643533123028391,-0.11987381703470024
32,174,174,52696.0,52709,-13.0,52850.0,52846,4.0,53002.0,53016,-14.0,2.824,2.536,0.2879999999999998,1.64859,1.64859,0.0,0.9934640522875817,0.8925081433224755,0.1009559089651062
32,175,175,53002.0,53016,-14.0,53137.0,53163,-26.0,53332.0,53350,-18.0,2.296,2.536,-0.2400000000000002,1.72041,1.74565,-0.02523999999999993,0.8181818181818181,0.8802395209580838,-0.062057702776265655
32,176,176,53332.0,53350,-18.0,53482.0,53482,0.0,53642.0,53661,-19.0,2.76,2.552,0.20799999999999974,1.74173,1.74173,0.0,0.967741935483871,0.8488745980707395,0.11886733741313149
32,177,177,53642.0,53661,-19.0,53781.0,53802,-21.0,53950.0,53969,-19.0,2.392,2.56,-0.16800000000000015,1.78444,1.78444,0.0,0.9025974025974026,0.9155844155844156,-0.012987012987012991
32,178,178,53950.0,53969,-19.0,54111.0,54105,6.0,54268.0,54281,-13.0,2.64,2.424,0.2160000000000002,1.53984,1.58256,-0.04271999999999987,0.9874213836477987,0.8717948717948718,0.11562651185292694
32,179,179,54268.0,54281,-13.0,54420.0,54417,3.0,54564.0,54573,-9.0,2.472,2.496,-0.02400000000000002,1.80776,1.8038800000000001,0.0038799999999998835,0.972972972972973,0.9315068493150684,0.041466123657904586
32,180,180,54564.0,54573,-9.0,54705.0,54717,-12.0,54867.0,54884,-17.0,2.28,2.4,-0.1200000000000001,1.7864,1.7864,0.0,0.9306930693069306,0.9260450160771704,0.004648053229760252
32,181,181,54867.0,54884,-17.0,54991.0,55021,-30.0,55187.0,55203,-16.0,2.288,2.432,-0.14400000000000013,1.53397,1.56892,-0.03495000000000004,0.775,0.8589341692789969,-0.08393416927899688
32,182,182,55187.0,55203,-16.0,55338.0,55335,3.0,55499.0,55476,23.0,2.776,2.512,0.2639999999999998,1.75141,1.75141,0.0,0.967948717948718,0.967032967032967,0.0009157509157509125
32,183,183,55499.0,55476,23.0,55635.0,55664,-29.0,55836.0,55852,-16.0,2.376,2.632,-0.2560000000000002,1.61357,1.68153,-0.06796000000000002,0.8071216617210683,1.0,-0.19287833827893175
32,184,184,55836.0,55852,-16.0,55989.0,55988,1.0,56132.0,56144,-12.0,2.832,2.592,0.23999999999999977,1.69319,1.69319,0.0,0.9662162162162162,0.9315068493150684,0.03470936690114779
32,185,185,56132.0,56144,-12.0,56276.0,56287,-11.0,56428.0,56442,-14.0,2.296,2.392,-0.09600000000000009,1.74956,1.74956,0.0,0.972972972972973,0.9597315436241611,0.013241429348811895
32,186,186,56428.0,56442,-14.0,56555.0,56573,-18.0,56723.0,56739,-16.0,2.232,2.288,-0.055999999999999606,1.7358799999999999,1.7358799999999999,0.0,0.8610169491525423,0.8821548821548821,-0.021137933002339793
32,187,187,56723.0,56739,-16.0,56884.0,56877,7.0,57037.0,57049,-12.0,2.632,2.432,0.20000000000000018,1.43104,1.45046,-0.019419999999999993,0.9745222929936306,0.8903225806451613,0.08419971234846924
32,188,188,57037.0,57049,-12.0,57187.0,57184,3.0,57344.0,57342,2.0,2.424,2.456,-0.03200000000000003,1.74956,1.74956,0.0,0.9771986970684039,0.9215017064846416,0.05569699058376232
32,189,189,57344.0,57342,2.0,57485.0,57502,-17.0,57651.0,57665,-14.0,2.384,2.544,-0.16000000000000014,1.7223100000000002,1.7223100000000002,0.0,0.9185667752442996,0.9907120743034056,-0.07214529905910594
32,190,190,57651.0,57665,-14.0,57773.0,57803,-30.0,57974.0,57993,-19.0,2.304,2.408,-0.10400000000000009,1.4291299999999998,1.46603,-0.036900000000000155,0.7554179566563468,0.8414634146341463,-0.0860454579777995
32,191,191,57974.0,57993,-19.0,58129.0,58127,2.0,58284.0,58303,-19.0,2.848,2.592,0.2559999999999998,1.71651,1.71651,0.0,1.0,0.864516129032258,0.13548387096774195
32,192,192,58284.0,58303,-19.0,58418.0,58443,-25.0,58618.0,58638,-20.0,2.312,2.528,-0.2160000000000002,1.6874200000000001,1.7146000000000001,-0.027179999999999982,0.8023952095808383,0.835820895522388,-0.03342568594154971
32,193,193,58618.0,58638,-20.0,58776.0,58771,5.0,58919.0,58925,-6.0,2.864,2.624,0.23999999999999977,1.79026,1.79026,0.0,0.9501661129568106,0.926829268292683,0.023336844664127665
32,194,194,58919.0,58925,-6.0,59067.0,59070,-3.0,59222.0,59239,-17.0,2.328,2.392,-0.06400000000000006,1.67574,1.65827,0.017470000000000097,0.976897689768977,0.9235668789808917,0.053330810788085214
32,195,195,59222.0,59239,-17.0,59349.0,59378,-29.0,59554.0,59576,-22.0,2.256,2.464,-0.20800000000000018,1.5767200000000001,1.6039,-0.027179999999999982,0.7650602409638554,0.8249258160237389,-0.05986557505988355
32,196,196,59554.0,59576,-22.0,59709.0,59708,1.0,59863.0,59845,18.0,2.88,2.64,0.23999999999999977,1.77672,1.77672,0.0,0.9967637540453075,0.9814126394052045,0.01535111464010297
33,2,1,497.0,549,-52.0,627.0,639,-12.0,860.0,873,-13.0,1.336,4.32,-2.984,1.0,1.0,0.0,0.7162534435261708,0.5555555555555556,0.16069788797061524
33,4,2,1032.0,873,159.0,1179.0,1189,-10.0,1386.0,1389,-3.0,1.408,4.4,-2.9920000000000004,1.0,1.0,0.0,0.8305084745762712,0.7751937984496124,0.055314676126658746
33,6,3,1548.0,1595,-47.0,1683.0,1696,-13.0,1871.0,1867,4.0,1.208,4.056,-2.848,0.9931574,0.9921799,0.0009774999999999645,0.8359133126934984,0.7426470588235294,0.093266253869969
33,7,4,1871.0,1867,4.0,2184.0,2191,-7.0,2404.0,2441,-37.0,4.008,3.96,0.04800000000000004,1.0,1.0,0.0,0.8255159474671669,0.8710801393728222,-0.045564191905655305
33,9,5,2568.0,2441,127.0,2711.0,2719,-8.0,2952.0,2893,59.0,1.352,4.224,-2.872,0.9960899,0.9960899,0.0,0.7447916666666667,0.7699115044247787,-0.025119837758111996
33,10,6,2952.0,3197,-245.0,3285.0,3289,-4.0,3518.0,3543,-25.0,4.592,4.56,0.03200000000000003,0.98045,0.98045,0.0,0.823321554770318,0.5317919075144508,0.29152964725586716
33,11,7,3518.0,3543,-25.0,3839.0,3843,-4.0,4064.0,4033,31.0,4.432,4.432,0.0,0.9970675,0.952102,0.04496549999999999,0.8241758241758241,0.7755102040816326,0.04866562009419151
33,13,8,4300.0,4033,267.0,4434.0,4433,1.0,4677.0,4730,-53.0,1.4,4.72,-3.32,0.97263,0.9970675,-0.0244375,0.7108753315649867,0.8522238163558107,-0.14134848479082396
33,15,9,4889.0,4945,-56.0,5027.0,5035,-8.0,5252.0,5209,43.0,1.136,4.816,-3.6799999999999997,0.985337,0.968719,0.01661800000000002,0.7603305785123967,0.6818181818181819,0.07851239669421484
33,17,10,5472.0,5514,-42.0,5602.0,5606,-4.0,5830.0,5864,-34.0,1.328,4.568,-3.2399999999999993,1.0,1.0,0.0,0.7262569832402235,0.5257142857142857,0.20054269752593779
33,19,11,6020.0,5864,156.0,6156.0,6157,-1.0,6406.0,6375,31.0,1.288,4.408,-3.12,1.0,1.0,0.0,0.7046632124352332,0.8532289628180039,-0.14856575038277064
33,20,12,6406.0,6375,31.0,6746.0,6801,-55.0,7061.0,7038,23.0,4.72,5.152,-0.4320000000000004,1.0,1.0,0.0,0.9618320610687023,0.7149321266968326,0.24689993437186974
33,22,13,7376.0,7038,338.0,7465.0,7461,4.0,7695.0,7659,36.0,1.28,5.28,-4.0,1.0,1.0,0.0,0.5579937304075235,0.6376811594202898,-0.07968742901276626
33,24,14,7950.0,7997,-47.0,8087.0,8093,-6.0,8323.0,8335,-12.0,1.12,5.056,-3.936,0.9960899,0.9960899,0.0,0.7345844504021448,0.5680473372781065,0.1665371131240383
33,26,15,8512.0,8335,177.0,8652.0,8659,-7.0,8883.0,8878,5.0,1.216,4.528,-3.3119999999999994,0.962854,0.962854,0.0,0.7547169811320755,0.8066298342541436,-0.05191285312206806
33,28,16,9053.0,8878,175.0,9203.0,9207,-4.0,9433.0,9467,-34.0,1.424,4.384,-2.9600000000000004,0.927664,0.950147,-0.02248299999999992,0.7894736842105263,0.8828522920203735,-0.09337860780984719
33,30,17,9630.0,9677,-47.0,9771.0,9781,-10.0,10003.0,10030,-27.0,1.488,4.592,-3.1039999999999996,0.958944,0.958944,0.0,0.7560321715817695,0.5892351274787535,0.166797044103016
33,32,18,10189.0,10231,-42.0,10317.0,10324,-7.0,10525.0,10534,-9.0,1.264,4.344,-3.08,1.0,1.0,0.0,0.7619047619047619,0.6138613861386139,0.148043375766148
33,33,19,10525.0,10534,-9.0,10824.0,10831,-7.0,11070.0,11094,-24.0,4.056,4.056,0.0,0.989247,0.963832,0.025414999999999965,0.9027522935779817,0.9392857142857143,-0.03653342070773258
33,35,20,11253.0,11303,-50.0,11387.0,11399,-12.0,11600.0,11582,18.0,1.208,4.544,-3.3359999999999994,0.951124,0.921799,0.029324999999999934,0.7723342939481268,0.6881720430107527,0.08416225093737406
33,37,21,11794.0,11842,-48.0,11941.0,11946,-5.0,12177.0,12153,24.0,1.336,4.376,-3.04,0.958944,0.958944,0.0,0.7676240208877285,0.6688102893890675,0.09881373149866102
33,39,22,12359.0,12410,-51.0,12494.0,12504,-10.0,12727.0,12773,-46.0,1.2,4.464,-3.2640000000000002,0.977517,0.977517,0.0,0.7336956521739131,0.5179063360881543,0.2157893160857588
33,41,23,12958.0,13013,-55.0,13093.0,13098,-5.0,13296.0,13266,30.0,1.392,4.752,-3.36,1.0,1.0,0.0,0.7988165680473372,0.6719367588932806,0.1268798091540566
33,42,24,13296.0,13266,30.0,13625.0,13624,1.0,13813.0,13823,-10.0,4.256,4.208,0.04800000000000004,1.0,1.0,0.0,0.7272727272727273,0.7145421903052065,0.0127305369675208
33,44,25,13959.0,13823,136.0,14092.0,14097,-5.0,14313.0,14262,51.0,1.2,3.784,-2.5839999999999996,1.0,1.0,0.0,0.751412429378531,0.7517084282460137,-0.0002959988674826608
33,46,26,14567.0,14262,305.0,14654.0,14651,3.0,14916.0,14969,-53.0,1.208,4.432,-3.224,0.952102,1.0,-0.047897999999999996,0.498567335243553,0.8995756718528995,-0.40100833660934654
33,47,27,14916.0,14969,-53.0,15289.0,15279,10.0,15552.0,15525,27.0,5.08,5.024,0.05600000000000005,1.0,0.978495,0.021504999999999996,0.8270440251572327,0.8848920863309353,-0.05784806117370256
33,48,28,15552.0,15525,27.0,15907.0,15919,-12.0,16239.0,16144,95.0,4.944,5.12,-0.17600000000000016,1.0,1.0,0.0,0.9665211062590975,0.7269789983844911,0.2395421078746064
33,49,29,16239.0,16144,95.0,16612.0,16614,-2.0,16844.0,16796,48.0,5.64,5.56,0.08000000000000007,1.0,1.0,0.0,0.7669421487603305,0.558282208588957,0.20865994017137346
33,52,31,17762.0,17813,-51.0,17893.0,17903,-10.0,18122.0,18063,59.0,1.264,6.4,-5.136,1.0,1.0,0.0,0.7277777777777779,0.72,0.007777777777777883
33,54,32,18350.0,18063,287.0,18481.0,18484,-3.0,18697.0,18653,44.0,1.472,4.648,-3.1759999999999997,1.0,1.0,0.0,0.7550432276657061,0.5728813559322035,0.18216187173350262
33,56,33,18917.0,18959,-42.0,19052.0,19058,-6.0,19266.0,19242,24.0,1.528,4.592,-3.0639999999999996,0.99902248,0.99902248,0.0,0.7736389684813754,0.6996466431095406,0.07399232537183476
33,58,34,19446.0,19496,-50.0,19576.0,19583,-7.0,19818.0,19866,-48.0,1.256,4.2,-2.944,0.986315,0.98827,-0.001954999999999929,0.6989247311827957,0.47027027027027024,0.2286544609125255
33,60,35,20047.0,19866,181.0,20185.0,20189,-4.0,20440.0,20423,17.0,1.448,4.848,-3.4,1.0,1.0,0.0,0.7022900763358779,0.8402154398563735,-0.13792536352049556
33,62,36,20646.0,20423,223.0,20787.0,20789,-2.0,21060.0,21036,24.0,1.248,4.8,-3.5519999999999996,1.0,1.0,0.0,0.6811594202898551,0.8058727569331159,-0.12471333664326079
33,64,38,21689.0,21632,57.0,22036.0,22038,-2.0,22255.0,22214,41.0,5.112,4.616,0.49600000000000044,1.0,0.9902248,0.009775199999999984,0.773851590106007,0.604810996563574,0.16904059354243306
33,66,39,22485.0,22214,271.0,22613.0,22608,5.0,22835.0,22786,49.0,1.344,4.56,-3.2159999999999993,0.9970675,1.0,-0.0029325000000000045,0.7314285714285714,0.6223776223776224,0.10905094905094903
33,69,42,23885.0,24106,-221.0,24190.0,24208,-18.0,24391.0,24390,1.0,4.696,5.368,-0.6720000000000006,1.0,1.0,0.0,0.7944664031620553,0.7183098591549295,0.07615654400712579
33,71,43,24552.0,24390,162.0,24681.0,24690,-9.0,24893.0,24848,45.0,1.36,3.856,-2.4959999999999996,1.0,1.0,0.0,0.7565982404692082,0.6899563318777293,0.0666419085914789
33,72,44,24893.0,25171,-278.0,25243.0,25249,-6.0,25504.0,25551,-47.0,4.496,4.472,0.02400000000000002,1.0,1.0,0.0,0.8543371522094927,0.41052631578947374,0.44381083642001895
33,74,45,25711.0,25551,160.0,25848.0,25856,-8.0,26092.0,26104,-12.0,1.288,4.856,-3.5679999999999996,1.0,1.0,0.0,0.7191601049868767,0.8969258589511754,-0.17776575396429872
33,76,46,26306.0,26104,202.0,26402.0,26397,5.0,26640.0,26611,29.0,1.344,4.328,-2.984,1.0,1.0,0.0,0.5748502994011976,0.8441814595660749,-0.26933116016487735
33,78,47,26863.0,26611,252.0,26996.0,27007,-11.0,27227.0,27232,-5.0,1.16,4.88,-3.7199999999999998,1.0,1.0,0.0,0.7307692307692308,0.7246376811594203,0.006131549609810549
33,80,48,27458.0,27472,-14.0,27552.0,27549,3.0,27784.0,27849,-65.0,1.4,4.336,-2.9360000000000004,1.0,1.0,0.0,0.5766871165644172,0.4084880636604774,0.16819905290393977
33,81,49,27784.0,27849,-65.0,28013.0,28020,-7.0,28104.0,28147,-43.0,3.688,3.768,-0.07999999999999963,0.98436,0.98436,0.0,0.56875,0.8523489932885906,-0.2835989932885906
33,82,50,28104.0,28147,-43.0,28233.0,28239,-6.0,28524.0,28560,-36.0,1.76,1.752,0.008000000000000007,1.0,1.0,0.0,0.6142857142857143,0.44552058111380144,0.16876513317191288
33,83,51,28524.0,28560,-36.0,28951.0,28933,18.0,29305.0,29580,-275.0,5.744,5.552,0.19200000000000017,1.0,1.0,0.0,0.9065300896286812,0.7313725490196079,0.1751575406090733
33,86,52,29709.0,29580,129.0,29851.0,29849,2.0,30179.0,30220,-41.0,1.176,7.328,-6.152,0.88074,0.8944300000000001,-0.013690000000000091,0.6042553191489362,0.840625,-0.2363696808510638
33,88,53,30370.0,30220,150.0,30502.0,30506,-4.0,30694.0,30713,-19.0,1.312,5.256,-3.944,1.0,1.0,0.0,0.8148148148148149,0.8397565922920892,-0.02494177747727433
33,89,54,30694.0,30713,-19.0,30989.0,30985,4.0,31127.0,31126,1.0,3.896,3.832,0.06400000000000006,1.0,1.0,0.0,0.6374133949191686,0.6828087167070218,-0.045395321787853216
33,91,55,31257.0,31126,131.0,31389.0,31386,3.0,31558.0,31538,20.0,1.16,3.208,-2.048,1.0,1.0,0.0,0.8770764119601329,0.7378640776699029,0.13921233429022994
33,92,56,31558.0,31538,20.0,31834.0,31833,1.0,32050.0,32002,48.0,3.56,3.576,-0.016000000000000014,1.0,1.0,0.0,0.8780487804878049,0.728448275862069,0.14960050462573593
33,93,57,32050.0,32002,48.0,32345.0,32337,8.0,32547.0,32523,24.0,4.088,4.032,0.05600000000000005,1.0,1.0,0.0,0.8128772635814889,0.7140115163147793,0.0988657472667096
33,94,58,32547.0,32523,24.0,32809.0,32854,-45.0,33101.0,33090,11.0,3.712,4.136,-0.42399999999999993,1.0,1.0,0.0,0.9458483754512635,0.8324514991181657,0.1133968763330978
33,95,59,33101.0,33090,11.0,33403.0,33450,-47.0,33694.0,33777,-83.0,4.752,4.768,-0.016000000000000014,0.97263,0.97263,0.0,0.9814502529510961,0.9519650655021834,0.02948518744891271
33,97,60,33916.0,33777,139.0,34044.0,34047,-3.0,34287.0,34332,-45.0,1.152,4.776,-3.6239999999999997,0.963832,0.963832,0.0,0.6900269541778976,0.972972972972973,-0.2829460187950754
33,98,61,34287.0,34332,-45.0,34570.0,34594,-24.0,34826.0,34784,42.0,4.208,4.376,-0.16800000000000015,1.0,1.0,0.0,0.9499072356215214,0.8407079646017699,0.10919927101975146
33,100,62,35036.0,34784,252.0,35172.0,35173,-1.0,35402.0,35432,-30.0,1.336,4.632,-3.2959999999999994,0.9970675,1.0,-0.0029325000000000045,0.7431693989071038,0.7993827160493827,-0.05621331714227895
33,101,63,35402.0,35432,-30.0,35712.0,35716,-4.0,35937.0,35885,52.0,4.32,4.344,-0.02400000000000002,1.0,1.0,0.0,0.8411214953271028,0.7461368653421634,0.0949846299849394
33,102,64,35937.0,35885,52.0,36274.0,36282,-8.0,36488.0,36458,30.0,4.496,4.528,-0.03199999999999914,1.0,1.0,0.0,0.7767695099818512,0.6143106457242583,0.16245886425759293
33,103,65,36488.0,36458,30.0,36784.0,36788,-4.0,36961.0,36957,4.0,4.08,4.048,0.03200000000000003,1.0,1.0,0.0,0.7484143763213531,0.6773547094188377,0.07105966690251542
33,105,66,37116.0,36957,159.0,37254.0,37262,-8.0,37450.0,37476,-26.0,1.304,3.792,-2.4879999999999995,1.0,1.0,0.0,0.8263473053892215,0.8246628131021194,0.0016844922871021017
33,106,67,37450.0,37476,-26.0,37757.0,37767,-10.0,37969.0,37962,7.0,4.024,4.04,-0.016000000000000014,1.0,1.0,0.0,0.8169556840077071,0.8024691358024691,0.014486548205237981
33,107,68,37969.0,37962,7.0,38267.0,38271,-4.0,38507.0,38472,35.0,4.08,4.032,0.04800000000000004,1.0,1.0,0.0,0.8921933085501859,0.788235294117647,0.10395801443253883
33,109,69,38738.0,38472,266.0,38876.0,38885,-9.0,39110.0,39131,-21.0,1.184,4.912,-3.7279999999999998,1.0,1.0,0.0,0.7419354838709677,0.7465857359635812,-0.004650252092613494
33,110,70,39110.0,39359,-249.0,39438.0,39448,-10.0,39672.0,39625,47.0,4.496,4.504,-0.007999999999999119,1.0,1.0,0.0,0.8327402135231317,0.6691729323308271,0.16356728119230457
33,112,72,40244.0,40199,45.0,40595.0,40597,-2.0,40827.0,40772,55.0,5.16,4.656,0.5040000000000004,1.0,1.0,0.0,0.7958833619210978,0.6108202443280977,0.1850631175930001
33,113,73,40827.0,40772,55.0,41196.0,41200,-4.0,41355.0,41361,-6.0,4.808,4.824,-0.016000000000000014,1.0,1.0,0.0,0.6022727272727273,0.5466893039049237,0.05558342336780364
33,115,74,41504.0,41556,-52.0,41646.0,41656,-10.0,41846.0,41847,-1.0,1.36,3.648,-2.2880000000000003,0.98827,0.98827,0.0,0.8304093567251463,0.6872852233676976,0.14312413335744867
33,116,75,41846.0,41847,-1.0,42139.0,42149,-10.0,42342.0,42357,-15.0,3.944,3.944,0.0,0.98827,1.0,-0.011730000000000018,0.8185483870967742,0.8156862745098039,0.0028621125869703334
33,118,76,42519.0,42357,162.0,42659.0,42668,-9.0,42844.0,42860,-16.0,1.504,4.152,-2.648,1.0,1.0,0.0,0.8615384615384616,0.7634194831013916,0.09811897843706996
33,120,77,42995.0,42860,135.0,43131.0,43148,-17.0,43346.0,43292,54.0,1.344,3.84,-2.4959999999999996,1.0,1.0,0.0,0.774928774928775,0.6666666666666667,0.10826210826210825
33,123,78,43520.0,43573,-53.0,43654.0,43665,-11.0,43825.0,43820,5.0,1.192,4.136,-2.944,0.9941349,0.9941349,0.0,0.8786885245901639,0.7449392712550607,0.13374925333510324
33,125,79,43996.0,43820,176.0,44146.0,44158,-12.0,44396.0,44404,-8.0,1.56,3.944,-2.384,0.8827,1.0,-0.11729999999999996,0.75,0.8424657534246576,-0.09246575342465757
33,126,80,44396.0,44404,-8.0,44512.0,44522,-10.0,44560.0,44603,-43.0,2.928,2.912,0.016000000000000014,0.45943399999999995,0.45943399999999995,0.0,0.5853658536585367,0.8140703517587939,-0.22870449810025728
33,127,81,44560.0,44603,-43.0,44706.0,44722,-16.0,44912.0,44920,-8.0,1.552,1.6,-0.04800000000000004,0.947214,0.973607,-0.026393,0.8295454545454546,0.750788643533123,0.07875681101233156
33,129,82,45073.0,45113,-40.0,45212.0,45227,-15.0,45421.0,45426,-5.0,1.472,4.04,-2.568,0.989247,0.989247,0.0,0.7988505747126436,0.7284345047923323,0.07041606992031135
33,130,83,45421.0,45426,-5.0,45702.0,45710,-8.0,45889.0,45901,-12.0,3.92,3.864,0.05600000000000005,1.0,1.0,0.0,0.7991452991452992,0.8042105263157895,-0.005065227170490294
33,132,84,46033.0,45901,132.0,46179.0,46186,-7.0,46380.0,46347,33.0,1.336,3.808,-2.4719999999999995,1.0,1.0,0.0,0.8414985590778098,0.7219730941704036,0.11952546490740623
33,133,85,46380.0,46347,33.0,46636.0,46669,-33.0,46903.0,46846,57.0,3.656,3.864,-0.20799999999999974,1.0,1.0,0.0,0.9789674952198852,0.7094188376753507,0.2695486575445345
33,134,86,46903.0,46846,57.0,47222.0,47248,-26.0,47470.0,47446,24.0,4.688,4.632,0.05600000000000005,1.0,1.0,0.0,0.8747795414462081,0.6599999999999999,0.21477954144620814
33,135,87,47470.0,47446,24.0,47789.0,47789,0.0,48002.0,47979,23.0,4.536,4.328,0.2079999999999993,1.0,1.0,0.0,0.8007518796992481,0.7129455909943715,0.08780628870487661
33,137,88,48179.0,47979,200.0,48322.0,48335,-13.0,48580.0,48613,-33.0,1.144,4.368,-3.224,1.0,1.0,0.0,0.713216957605985,0.8769716088328076,-0.16375465122682253
33,139,89,48774.0,48613,161.0,48915.0,48923,-8.0,49127.0,49134,-7.0,1.376,4.704,-3.328,1.0,1.0,0.0,0.7988668555240793,0.8099808061420346,-0.011113950617955282
33,140,90,49127.0,49134,-7.0,49433.0,49441,-8.0,49666.0,49679,-13.0,4.144,4.144,0.0,1.0,1.0,0.0,0.8645640074211502,0.8733944954128441,-0.008830487991693836
33,141,91,49666.0,49679,-13.0,49972.0,49982,-10.0,50196.0,50164,32.0,4.312,4.328,-0.016000000000000014,1.0,1.0,0.0,0.8452830188679246,0.7505154639175258,0.09476755495039879
33,142,92,50196.0,50164,32.0,50513.0,50525,-12.0,50835.0,50816,19.0,4.328,4.344,-0.016000000000000014,1.0,1.0,0.0,0.9921752738654147,0.8926380368098159,0.0995372370555988
33,143,93,50835.0,51138,-303.0,51221.0,51234,-13.0,51473.0,51437,36.0,5.664,5.672,-0.008000000000000007,1.0,0.917889,0.08211100000000005,0.7899686520376176,0.6421404682274248,0.1478281838101928
33,145,94,51558.0,51437,121.0,51708.0,51728,-20.0,51902.0,51870,32.0,1.496,3.952,-2.456,0.83187,0.857284,-0.025414000000000048,0.872093023255814,0.6558891454965359,0.21620387775927807
33,146,95,51902.0,51870,32.0,52017.0,52002,15.0,52152.0,52134,18.0,2.472,2.192,0.2799999999999998,0.50733,0.50733,0.0,0.92,1.0,-0.07999999999999996
33,147,96,52152.0,52134,18.0,52389.0,52389,0.0,52634.0,52599,35.0,2.976,3.096,-0.1200000000000001,0.73118,0.73118,0.0,0.983402489626556,0.9032258064516129,0.08017668317494309
33,148,97,52634.0,52599,35.0,52882.0,52891,-9.0,53064.0,53064,0.0,3.944,4.016,-0.07200000000000006,1.0,1.0,0.0,0.8465116279069768,0.7440860215053764,0.10242560640160037
33,150,98,53230.0,53275,-45.0,53381.0,53388,-7.0,53531.0,53536,-5.0,1.504,3.976,-2.472,1.0,1.0,0.0,0.9966777408637874,0.8659003831417624,0.13077735772202492
33,151,99,53531.0,53536,-5.0,53636.0,53660,-24.0,53703.0,53743,-40.0,2.04,2.176,-0.13600000000000012,0.87683,0.87683,0.0,0.7790697674418605,0.8019323671497585,-0.022862599707897946
33,152,100,53703.0,53743,-40.0,53844.0,53856,-12.0,54038.0,54042,-4.0,1.664,1.568,0.09599999999999986,1.0,1.0,0.0,0.8417910447761194,0.7558528428093645,0.08593820196675495
33,153,101,54038.0,54042,-4.0,54171.0,54197,-26.0,54260.0,54281,-21.0,2.616,2.728,-0.1120000000000001,1.0,1.0,0.0,0.8018018018018018,0.7029288702928871,0.09887293150891474
33,154,102,54260.0,54281,-21.0,54378.0,54392,-14.0,54603.0,54618,-15.0,1.656,1.56,0.09599999999999986,1.0,1.0,0.0,0.6880466472303207,0.658753709198813,0.029292938031507676
33,156,103,54790.0,54838,-48.0,54920.0,54926,-6.0,55106.0,55123,-17.0,1.528,4.272,-2.744,1.0,1.0,0.0,0.8227848101265822,0.6175438596491227,0.2052409504774595
33,158,104,55274.0,55339,-65.0,55411.0,55422,-11.0,55656.0,55715,-59.0,1.4,3.968,-2.568,1.0,1.0,0.0,0.7172774869109948,0.4414893617021277,0.2757881252088671
33,159,105,55656.0,55715,-59.0,55933.0,55877,56.0,56252.0,55952,300.0,4.176,3.64,0.536,1.0,1.0,0.0,0.9295302013422819,0.6329113924050633,0.2966188089372186
33,162,107,57226.0,57246,-20.0,57327.0,57344,-17.0,57580.0,57611,-31.0,1.424,5.832,-4.4079999999999995,1.0,1.0,0.0,0.5706214689265536,0.536986301369863,0.033635167556690604
33,163,108,57580.0,57611,-31.0,57791.0,57791,0.0,57834.0,57873,-39.0,3.712,3.576,0.13600000000000012,0.78397,0.78397,0.0,0.3385826771653543,0.6259541984732824,-0.2873715213079281
33,164,109,57834.0,57873,-39.0,57973.0,57984,-11.0,58256.0,58276,-20.0,1.456,1.544,-0.08800000000000008,0.88465,0.920821,-0.03617099999999995,0.6587677725118484,0.5508684863523573,0.10789928615949107
33,165,110,58256.0,58276,-20.0,58424.0,58432,-8.0,58489.0,58526,-37.0,3.608,3.584,0.02400000000000002,0.6969660000000001,0.6969660000000001,0.0,0.5579399141630901,0.752,-0.19406008583690992
33,166,111,58489.0,58526,-37.0,58628.0,58641,-13.0,58946.0,58998,-52.0,1.632,1.672,-0.040000000000000036,0.915934,0.915934,0.0,0.6083150984682713,0.4872881355932204,0.12102696287505088
33,168,112,59169.0,59214,-45.0,59316.0,59326,-10.0,59603.0,59563,40.0,1.288,5.48,-4.192,0.956989,0.956989,0.0,0.6774193548387097,0.6418338108882522,0.03558554395045754
33,169,113,59603.0,59563,40.0,59831.0,59828,3.0,59839.0,59892,-53.0,4.12,4.016,0.10400000000000009,0.682309,0.6950160000000001,-0.012707000000000024,0.06779661016949157,0.3890577507598785,-0.3212611405903869
34,2,1,477.0,429,48.0,762.0,752,10.0,927.0,903,24.0,3.728,3.736,-0.008000000000000007,0.9962799999999999,1.03346,-0.0371800000000001,0.7333333333333334,0.6371308016877637,0.09620253164556969
34,3,2,927.0,903,24.0,1099.0,1099,0.0,1218.0,1226,-8.0,2.696,2.776,-0.07999999999999963,0.88475,0.89219,-0.007440000000000002,0.8178694158075601,0.7863777089783281,0.03149170682923197
34,4,3,1218.0,1226,-8.0,1477.0,1473,4.0,1809.0,1785,24.0,3.024,2.992,0.03200000000000003,2.14874,2.14874,0.0,0.8764805414551607,0.8837209302325582,-0.007240388777397411
34,5,4,1809.0,1785,24.0,2085.0,2103,-18.0,2393.0,2349,44.0,4.864,5.04,-0.17600000000000016,0.9851300000000001,1.07063,-0.08549999999999991,0.9452054794520548,0.8723404255319149,0.07286505392013987
34,7,5,2453.0,2349,104.0,2718.0,2723,-5.0,2842.0,2841,1.0,2.12,4.96,-2.84,0.92193,0.9851300000000001,-0.06320000000000003,0.6375321336760926,0.4796747967479674,0.1578573369281252
34,8,6,2842.0,2841,1.0,2954.0,2955,-1.0,3127.0,3079,48.0,1.888,1.856,0.031999999999999806,0.8661700000000001,0.8661700000000001,0.0,0.7859649122807018,0.957983193277311,-0.1720182809966092
34,9,7,3127.0,3079,48.0,3345.0,3343,2.0,3527.0,3482,45.0,3.128,3.104,0.02400000000000002,1.1226699999999998,1.1226699999999998,0.0,0.91,0.6898263027295286,0.22017369727047142
34,10,8,3527.0,3482,45.0,3734.0,3727,7.0,3913.0,3863,50.0,3.112,3.072,0.040000000000000036,1.09294,1.1078100000000002,-0.01487000000000016,0.927461139896373,0.7139107611548556,0.2135503787415174
34,11,9,3913.0,3863,50.0,4137.0,4135,2.0,4325.0,4283,42.0,3.224,3.264,-0.03999999999999959,1.28997,1.28997,0.0,0.912621359223301,0.7047619047619047,0.2078594544613963
34,12,10,4325.0,4283,42.0,4519.0,4513,6.0,4697.0,4651,46.0,3.056,3.024,0.03200000000000003,1.12639,1.12639,0.0,0.956989247311828,0.75,0.206989247311828
34,13,11,4697.0,4651,46.0,4910.0,4900,10.0,5096.0,5044,52.0,3.128,3.096,0.03200000000000003,1.1486999999999998,1.14127,0.007429999999999826,0.9323308270676691,0.732824427480916,0.1995063995867531
34,14,12,5096.0,5044,52.0,5348.0,5340,8.0,5536.0,5483,53.0,3.504,3.52,-0.016000000000000014,1.07807,1.07807,0.0,0.8545454545454545,0.6514806378132119,0.20306481673224264
34,15,13,5536.0,5483,53.0,5759.0,5756,3.0,5958.0,5905,53.0,3.288,3.328,-0.040000000000000036,1.05948,1.05948,0.0,0.943127962085308,0.7061611374407584,0.23696682464454966
34,16,14,5958.0,5905,53.0,6237.0,6234,3.0,6437.0,6386,51.0,3.824,3.824,0.0,0.98513,1.0148700000000002,-0.02974000000000021,0.8350730688935282,0.632016632016632,0.20305643687689612
34,17,15,6437.0,6386,51.0,6689.0,6691,-2.0,6911.0,6849,62.0,3.616,3.656,-0.040000000000000036,1.09294,1.09294,0.0,0.9367088607594937,0.6825053995680346,0.2542034611914591
34,18,16,6911.0,6849,62.0,7152.0,7146,6.0,7334.0,7294,40.0,3.704,3.64,0.06400000000000006,0.9591000000000001,0.95539,0.003710000000000102,0.8605200945626478,0.6651685393258426,0.19535155523680514
34,19,17,7334.0,7294,40.0,7556.0,7552,4.0,7690.0,7690,0.0,3.232,3.248,-0.016000000000000014,1.09293,1.1078000000000001,-0.01487000000000016,0.752808988764045,0.696969696969697,0.05583929179434799
34,20,18,7690.0,7690,0.0,7830.0,7827,3.0,8020.0,7963,57.0,2.192,2.2,-0.008000000000000007,1.0,1.0,0.0,0.8484848484848485,0.9963369963369964,-0.14785214785214784
34,21,19,8020.0,7963,57.0,8211.0,8211,0.0,8399.0,8347,52.0,3.048,3.072,-0.02400000000000002,0.94052,0.94052,0.0,0.9920844327176781,0.7083333333333333,0.28375109938434484
34,22,20,8399.0,8347,52.0,8717.0,8714,3.0,8879.0,8856,23.0,4.048,4.024,0.02400000000000002,0.94052,0.99628,-0.05576000000000003,0.675,0.5579567779960708,0.11704322200392925
34,23,21,8879.0,8856,23.0,9053.0,9051,2.0,9235.0,9181,54.0,2.688,2.696,-0.008000000000000007,0.8996200000000001,0.8996200000000001,0.0,0.9775280898876404,0.8,0.17752808988764035
34,24,22,9235.0,9181,54.0,9550.0,9547,3.0,9713.0,9699,14.0,3.976,3.968,0.008000000000000007,0.83272,0.83272,0.0,0.6820083682008369,0.5868725868725868,0.09513578132825007
34,25,23,9713.0,9699,14.0,9880.0,9876,4.0,10050.0,10005,45.0,2.64,2.632,0.008000000000000007,0.7732399999999999,0.7881100000000001,-0.01487000000000016,0.9910979228486647,0.8431372549019608,0.14796066794670393
34,26,24,10050.0,10005,45.0,10335.0,10331,4.0,10509.0,10466,43.0,3.64,3.64,0.0,0.81413,0.81413,0.0,0.7581699346405228,0.5856832971800434,0.17248663746047943
34,27,25,10509.0,10466,43.0,10719.0,10736,-17.0,10957.0,10949,8.0,3.072,3.24,-0.16800000000000015,1.05576,1.05576,0.0,0.9375,0.8819875776397516,0.05551242236024845
34,29,26,11248.0,10949,299.0,11301.0,11311,-10.0,11483.0,11446,37.0,1.28,4.6,-3.3199999999999994,1.26023,2.2937,-1.0334699999999999,0.451063829787234,0.5432595573440644,-0.09219572755683036
34,31,27,11733.0,11776,-43.0,11858.0,11869,-11.0,12030.0,11993,37.0,1.528,4.464,-2.9360000000000004,1.86245,1.8513000000000002,0.011149999999999771,0.8417508417508417,0.8571428571428572,-0.015392015392015512
34,32,28,12030.0,11993,37.0,12267.0,12279,-12.0,12488.0,12494,-6.0,3.272,3.28,-0.008000000000000007,1.2899699999999998,1.3568799999999999,-0.06691000000000003,0.9650655021834061,0.8582834331337326,0.10678206904967358
34,33,29,12488.0,12494,-6.0,12587.0,12590,-3.0,12780.0,12825,-45.0,2.56,2.488,0.07200000000000006,1.20446,1.34945,-0.14498999999999995,0.678082191780822,0.5800604229607251,0.09802176882009683
34,34,30,12780.0,12825,-45.0,12943.0,12941,2.0,13021.0,13021,0.0,2.848,2.808,0.040000000000000036,1.41641,1.41641,0.0,0.6473029045643153,0.8163265306122449,-0.16902362604792964
34,35,31,13021.0,13021,0.0,13165.0,13153,12.0,13296.0,13312,-16.0,1.776,1.696,0.08000000000000007,1.0223,1.03717,-0.014869999999999939,0.9527272727272728,0.9072164948453608,0.045510777881911935
34,36,32,13296.0,13312,-16.0,13390.0,13408,-18.0,13745.0,13795,-50.0,1.8,2.04,-0.24,0.7658,0.7658,0.0,0.41870824053452116,0.39751552795031053,0.021192712584210627
34,37,33,13745.0,13795,-50.0,13920.0,13916,4.0,14084.0,14043,41.0,4.24,4.064,0.17600000000000016,0.8587400000000001,0.8587400000000001,0.0,0.967551622418879,0.9758064516129032,-0.008254829194024205
34,38,34,14084.0,14043,41.0,14352.0,14358,-6.0,14516.0,14487,29.0,3.456,3.536,-0.08000000000000007,0.95911,0.95911,0.0,0.7592592592592593,0.5810810810810811,0.17817817817817816
34,39,35,14516.0,14487,29.0,14685.0,14683,2.0,14860.0,14812,48.0,2.664,2.6,0.06400000000000006,1.02602,1.11896,-0.09294000000000002,0.9825581395348837,0.7938461538461539,0.18871198568872982
34,40,36,14860.0,14812,48.0,15122.0,15116,6.0,15248.0,15241,7.0,3.496,3.464,0.03200000000000003,1.10781,1.10781,0.0,0.6494845360824743,0.5827505827505828,0.06673395333189147
34,41,37,15248.0,15241,7.0,15384.0,15375,9.0,15527.0,15523,4.0,2.096,2.072,0.02400000000000002,1.00743,1.02602,-0.018589999999999884,0.974910394265233,0.950354609929078,0.024555784336154907
34,42,38,15527.0,15523,4.0,15696.0,15688,8.0,15863.0,15815,48.0,2.496,2.504,-0.008000000000000007,1.3420100000000001,1.3345799999999999,0.00743000000000027,0.9940476190476191,0.8698630136986302,0.1241846053489889
34,43,39,15863.0,15815,48.0,16051.0,16046,5.0,16216.0,16188,28.0,2.84,2.864,-0.02400000000000002,1.1524100000000002,1.14126,0.011150000000000215,0.9348441926345609,0.7613941018766757,0.1734500907578852
34,44,40,16216.0,16188,28.0,16389.0,16383,6.0,16551.0,16520,31.0,2.704,2.696,0.008000000000000007,1.02974,1.02974,0.0,0.9671641791044776,0.8253012048192772,0.14186297428520045
34,45,41,16551.0,16520,31.0,16712.0,16712,0.0,16868.0,16852,16.0,2.584,2.632,-0.04800000000000004,0.9553900000000001,0.94796,0.007430000000000048,0.9842271293375394,0.8433734939759037,0.14085363536163575
34,46,42,16868.0,16852,16.0,17052.0,17048,4.0,17247.0,17205,42.0,2.72,2.688,0.03200000000000003,1.3606,1.3606,0.0,0.9709762532981531,0.8895184135977338,0.08145783970041931
34,49,43,17763.0,17814,-51.0,17936.0,17931,5.0,18105.0,18061,44.0,1.464,1.56,-0.09600000000000009,1.14127,1.1264,0.014869999999999939,0.9883040935672515,0.9473684210526316,0.040935672514619825
34,50,44,18105.0,18061,44.0,18389.0,18387,2.0,18571.0,18523,48.0,3.624,3.648,-0.02400000000000002,1.0297399999999999,1.06692,-0.03718000000000021,0.7811158798283262,0.5887445887445888,0.1923712910837374
34,51,45,18571.0,18523,48.0,18847.0,18843,4.0,19028.0,18976,52.0,3.664,3.648,0.016000000000000014,0.98885,0.98885,0.0,0.7921225382932167,0.58719646799117,0.20492607030204668
34,52,46,19028.0,18976,52.0,19255.0,19248,7.0,19437.0,19386,51.0,3.264,3.24,0.023999999999999577,1.1970299999999998,1.1933099999999999,0.0037199999999999456,0.8899755501222494,0.673170731707317,0.21680481841493238
34,53,47,19437.0,19386,51.0,19730.0,19723,7.0,19901.0,19860,41.0,3.8,3.8,0.0,1.21561,1.20446,0.011149999999999993,0.7370689655172413,0.5780590717299579,0.15900989378728347
34,54,48,19901.0,19860,41.0,20087.0,20083,4.0,20268.0,20215,53.0,2.856,2.88,-0.02400000000000002,1.07063,1.07063,0.0,0.9863760217983651,0.7436619718309859,0.24271404996737922
34,55,49,20268.0,20215,53.0,20483.0,20477,6.0,20673.0,20618,55.0,3.168,3.152,0.016000000000000014,1.15613,1.14126,0.01487000000000016,0.9382716049382716,0.6997518610421836,0.238519743896088
34,56,50,20673.0,20618,55.0,20960.0,20949,11.0,21141.0,21090,51.0,3.816,3.776,0.040000000000000036,1.14127,1.12268,0.018590000000000106,0.7735042735042735,0.597457627118644,0.1760466463856295
34,57,51,21141.0,21090,51.0,21387.0,21376,11.0,21563.0,21517,46.0,3.416,3.416,0.0,1.15613,1.16357,-0.007439999999999891,0.8341232227488151,0.6604215456674474,0.17370167708136774
34,58,52,21563.0,21517,46.0,21765.0,21761,4.0,21948.0,21899,49.0,3.024,3.08,-0.05600000000000005,1.171,1.171,0.0,0.9506493506493506,0.7225130890052356,0.22813626164411505
34,59,53,21948.0,21899,49.0,22146.0,22144,2.0,22325.0,22281,44.0,3.048,3.064,-0.016000000000000014,1.0,1.0,0.0,0.9496021220159151,0.7172774869109948,0.2323246351049203
34,60,54,22325.0,22281,44.0,22526.0,22522,4.0,22701.0,22657,44.0,3.04,3.024,0.016000000000000014,1.07435,1.07435,0.0,0.9308510638297872,0.7180851063829787,0.21276595744680848
34,61,55,22701.0,22657,44.0,22893.0,22887,6.0,23066.0,23016,50.0,2.936,2.92,0.016000000000000014,1.01859,1.01859,0.0,0.947945205479452,0.7186629526462396,0.22928225283321246
34,62,56,23066.0,23016,50.0,23272.0,23266,6.0,23435.0,23388,47.0,3.032,3.032,0.0,0.97769,1.01115,-0.033460000000000045,0.8834688346883469,0.6559139784946236,0.2275548561937233
34,65,57,23846.0,23792,54.0,24049.0,24045,4.0,24228.0,24174,54.0,3.04,3.04,0.0,0.78067,0.81784,-0.037170000000000036,0.93717277486911,0.675392670157068,0.26178010471204194
34,66,58,24228.0,24174,54.0,24468.0,24458,10.0,24641.0,24591,50.0,3.352,3.304,0.04800000000000004,1.0037099999999999,1.0037099999999999,0.0,0.837772397094431,0.6378896882494005,0.19988270884503045
34,67,59,24641.0,24591,50.0,24956.0,24942,14.0,25131.0,25083,48.0,3.904,3.872,0.03200000000000003,1.0632000000000001,1.0409,0.02230000000000021,0.7142857142857143,0.5731707317073171,0.14111498257839716
34,68,60,25131.0,25083,48.0,25402.0,25398,4.0,25590.0,25540,50.0,3.568,3.648,-0.08000000000000007,0.98513,1.00743,-0.022300000000000098,0.8191721132897604,0.6214442013129102,0.19772791197685013
34,69,61,25590.0,25540,50.0,25821.0,25816,5.0,26018.0,25965,53.0,3.352,3.344,0.008000000000000007,0.97397,0.97397,0.0,0.9205607476635514,0.7011764705882353,0.21938427707531616
34,70,62,26018.0,25965,53.0,26253.0,26247,6.0,26443.0,26390,53.0,3.456,3.448,0.008000000000000007,1.20818,1.21933,-0.011149999999999993,0.8941176470588236,0.6729411764705882,0.22117647058823542
34,71,63,26443.0,26390,53.0,26697.0,26690,7.0,26892.0,26835,57.0,3.552,3.544,0.008000000000000007,1.2490700000000001,1.2490700000000001,0.0,0.8685968819599109,0.651685393258427,0.2169114887014839
34,72,64,26892.0,26835,57.0,27121.0,27113,8.0,27304.0,27257,47.0,3.392,3.384,0.008000000000000007,1.24536,1.23049,0.014869999999999939,0.8883495145631068,0.6824644549763033,0.2058850595868036
34,73,65,27304.0,27257,47.0,27575.0,27565,10.0,27750.0,27708,42.0,3.632,3.616,0.016000000000000014,1.30112,1.33086,-0.029739999999999878,0.7847533632286996,0.6341463414634146,0.15060702176528495
34,74,66,27750.0,27708,42.0,27945.0,27939,6.0,28122.0,28075,47.0,2.96,2.992,-0.03200000000000003,1.07063,1.07435,-0.0037199999999999456,0.9516129032258065,0.7411444141689374,0.2104684890568691
34,75,67,28122.0,28075,47.0,28388.0,28380,8.0,28575.0,28521,54.0,3.544,3.528,0.016000000000000014,1.10409,1.11896,-0.014869999999999939,0.82560706401766,0.6322869955156951,0.19332006850196493
34,76,68,28575.0,28521,54.0,28822.0,28812,10.0,29004.0,28952,52.0,3.472,3.456,0.016000000000000014,1.1486999999999998,1.1486999999999998,0.0,0.8484848484848485,0.6496519721577726,0.1988328763270759
34,77,69,29004.0,28952,52.0,29245.0,29236,9.0,29430.0,29378,52.0,3.384,3.392,-0.008000000000000007,1.11896,1.11525,0.00370999999999988,0.8685446009389671,0.6666666666666667,0.20187793427230039
34,78,70,29430.0,29378,52.0,29675.0,29668,7.0,29857.0,29807,50.0,3.44,3.456,-0.016000000000000014,1.09666,1.10409,-0.007430000000000048,0.8524590163934427,0.6480186480186481,0.20444036837479462
34,79,71,29857.0,29807,50.0,30163.0,30152,11.0,30342.0,30296,46.0,3.904,3.872,0.03200000000000003,1.02602,1.02602,0.0,0.7381443298969073,0.5889570552147239,0.1491872746821834
34,80,72,30342.0,30296,46.0,30663.0,30648,15.0,30841.0,30794,47.0,4.0,3.968,0.03200000000000003,1.07435,1.07435,0.0,0.7134268537074149,0.5863453815261044,0.1270814721813105
34,81,73,30841.0,30794,47.0,31124.0,31112,12.0,31318.0,31263,55.0,3.688,3.712,-0.02400000000000002,1.06692,1.09294,-0.026019999999999932,0.8134171907756813,0.6439232409381663,0.16949394983751498
34,82,74,31318.0,31263,55.0,31588.0,31576,12.0,31775.0,31724,51.0,3.712,3.712,0.0,1.1263999999999998,1.1263999999999998,0.0,0.8183807439824945,0.6420824295010845,0.17629831448140998
34,83,75,31775.0,31724,51.0,32019.0,32013,6.0,32217.0,32164,53.0,3.448,3.496,-0.04800000000000004,1.19331,1.19331,0.0,0.8959276018099548,0.6863636363636363,0.2095639654463185
34,84,76,32217.0,32164,53.0,32471.0,32455,16.0,32651.0,32603,48.0,3.616,3.536,0.08000000000000007,1.13011,1.1338300000000001,-0.0037200000000001676,0.8294930875576036,0.6742596810933941,0.15523340646420958
34,85,77,32651.0,32603,48.0,32913.0,32908,5.0,33105.0,33052,53.0,3.536,3.624,-0.08800000000000008,1.1784400000000002,1.18959,-0.011149999999999771,0.8458149779735683,0.6414253897550111,0.20438958821855724
34,86,78,33105.0,33052,53.0,33327.0,33322,5.0,33516.0,33465,51.0,3.312,3.312,0.0,1.20818,1.20446,0.0037199999999999456,0.9197080291970803,0.6924939467312349,0.2272140824658454
34,87,79,33516.0,33465,51.0,33732.0,33728,4.0,33905.0,33873,32.0,3.24,3.248,-0.008000000000000007,1.20818,1.21933,-0.011149999999999993,0.8894601542416453,0.7107843137254901,0.17867584051615515
34,88,80,33905.0,33873,32.0,34095.0,34089,6.0,34266.0,34225,41.0,2.904,2.888,0.016000000000000014,1.1896,1.1896,0.0,0.9473684210526316,0.7727272727272727,0.17464114832535893
34,89,81,34266.0,34225,41.0,34457.0,34451,6.0,34629.0,34587,42.0,2.896,2.896,0.0,1.15985,1.15985,0.0,0.9476584022038568,0.7513812154696132,0.19627718673424355
34,90,82,34629.0,34587,42.0,34839.0,34833,6.0,35022.0,34970,52.0,3.056,3.056,0.0,1.05948,1.0632,-0.0037199999999999456,0.9312977099236641,0.7154046997389034,0.2158930101847607
34,91,83,35022.0,34970,52.0,35291.0,35282,9.0,35473.0,35422,51.0,3.616,3.592,0.02400000000000002,1.08551,1.08551,0.0,0.8070953436807096,0.6194690265486726,0.18762631713203692
34,92,84,35473.0,35422,51.0,35719.0,35713,6.0,35907.0,35855,52.0,3.424,3.448,-0.02400000000000002,1.07806,1.07435,0.003710000000000102,0.8663594470046083,0.6558891454965359,0.21047030150807244
34,93,85,35907.0,35855,52.0,36177.0,36169,8.0,36357.0,36312,45.0,3.664,3.648,0.016000000000000014,0.8698899999999999,0.9145,-0.04461000000000004,0.8,0.6258205689277899,0.17417943107221012
34,94,86,36357.0,36312,45.0,36682.0,36671,11.0,36855.0,36809,46.0,4.04,4.016,0.02400000000000002,0.9851300000000001,0.9851300000000001,0.0,0.6947791164658634,0.5553319919517102,0.1394471245141532
34,95,87,36855.0,36809,46.0,37181.0,37177,4.0,37361.0,37314,47.0,3.992,4.048,-0.05600000000000005,0.81413,0.84758,-0.03344999999999998,0.7114624505928854,0.5425742574257426,0.16888819316714276
34,96,88,37361.0,37314,47.0,37659.0,37645,14.0,37834.0,37789,45.0,3.824,3.744,0.07999999999999963,1.14499,1.11896,0.026029999999999998,0.7399577167019027,0.6063157894736841,0.13364192722821855
34,97,89,37834.0,37789,45.0,38086.0,38082,4.0,38274.0,38223,51.0,3.416,3.496,-0.08000000000000007,0.95539,1.0,-0.04461000000000004,0.8545454545454545,0.6497695852534562,0.2047758692919983
34,98,90,38274.0,38223,51.0,38508.0,38498,10.0,38698.0,38643,55.0,3.376,3.328,0.04800000000000004,1.10037,1.0855000000000001,0.014869999999999939,0.8962264150943396,0.6904761904761905,0.20575022461814918
34,99,91,38698.0,38643,55.0,38974.0,38965,9.0,39165.0,39111,54.0,3.728,3.736,-0.008000000000000007,1.07063,1.0632,0.007430000000000048,0.8179871520342612,0.6239316239316239,0.19405552810263726
34,100,92,39165.0,39111,54.0,39420.0,39409,11.0,39590.0,39545,45.0,3.568,3.552,0.016000000000000014,0.81785,0.86989,-0.052040000000000086,0.8,0.6267281105990783,0.17327188940092175
34,101,93,39590.0,39545,45.0,39874.0,39863,11.0,40075.0,40011,64.0,3.632,3.632,0.0,0.9777,0.95911,0.018589999999999995,0.8288659793814432,0.6351931330472103,0.19367284633423298
34,102,94,40075.0,40011,64.0,40337.0,40328,9.0,40532.0,40478,54.0,3.704,3.72,-0.016000000000000014,1.04089,1.04089,0.0,0.8533916849015317,0.6423982869379015,0.21099339796363026
34,103,95,40532.0,40478,54.0,40773.0,40759,14.0,40958.0,40906,52.0,3.488,3.448,0.040000000000000036,1.09665,1.09665,0.0,0.8685446009389671,0.6869158878504673,0.18162871308849982
34,104,96,40958.0,40906,52.0,41207.0,41201,6.0,41386.0,41343,43.0,3.472,3.536,-0.06400000000000006,1.02602,1.02602,0.0,0.8364485981308412,0.6498855835240275,0.18656301460681368
34,105,97,41386.0,41343,43.0,41669.0,41661,8.0,41850.0,41801,49.0,3.696,3.68,0.016000000000000014,0.8996299999999999,0.92937,-0.0297400000000001,0.7801724137931034,0.611353711790393,0.16881870200271043
34,106,98,41850.0,41801,49.0,42119.0,42112,7.0,42321.0,42265,56.0,3.6,3.608,-0.008000000000000007,1.06692,1.11896,-0.052039999999999864,0.8577494692144374,0.6594827586206897,0.19826671059374767
34,107,99,42321.0,42265,56.0,42553.0,42539,14.0,42746.0,42688,58.0,3.472,3.416,0.05600000000000005,1.02602,1.02602,0.0,0.908235294117647,0.7044917257683215,0.2037435683493255
34,109,100,42747.0,42688,59.0,43023.0,43005,18.0,43183.0,43142,41.0,2.208,3.728,-1.52,0.81413,0.8104100000000001,0.0037199999999999456,0.7339449541284404,0.6035242290748899,0.1304207250535505
34,110,101,43183.0,43142,41.0,43450.0,43441,9.0,43616.0,43575,41.0,3.416,3.488,-0.07200000000000006,0.8884799999999999,0.8884799999999999,0.0,0.7667436489607391,0.6189376443418013,0.14780600461893778
34,111,102,43616.0,43575,41.0,43921.0,43909,12.0,44085.0,44042,43.0,3.768,3.744,0.023999999999999577,0.81785,0.83272,-0.01487000000000005,0.6993603411513859,0.5695931477516061,0.12976719339977982
34,112,103,44085.0,44042,43.0,44384.0,44369,15.0,44553.0,44510,43.0,3.704,3.68,0.02400000000000002,0.99628,0.9925600000000001,0.0037199999999999456,0.7222222222222222,0.6025641025641026,0.11965811965811957
34,113,104,44553.0,44510,43.0,44813.0,44802,11.0,44989.0,44949,40.0,3.432,3.464,-0.03200000000000003,1.1449799999999999,1.18959,-0.04461000000000004,0.8073394495412844,0.6697038724373576,0.13763557710392682
34,114,105,44989.0,44949,40.0,45209.0,45193,16.0,45381.0,45335,46.0,3.168,3.128,0.040000000000000036,1.05576,1.05576,0.0,0.8775510204081632,0.7357512953367875,0.14179972507137573
34,115,106,45381.0,45335,46.0,45613.0,45598,15.0,45792.0,45745,47.0,3.232,3.24,-0.008000000000000007,1.18216,1.1710099999999999,0.011150000000000215,0.8710462287104623,0.7170731707317073,0.15397305797875505
34,116,107,45792.0,45745,47.0,46027.0,46020,7.0,46206.0,46161,45.0,3.312,3.376,-0.06400000000000006,1.08922,1.1338300000000001,-0.04461000000000004,0.8647342995169083,0.6778846153846154,0.18684968413229286
34,117,108,46206.0,46161,45.0,46446.0,46428,18.0,46617.0,46572,45.0,3.352,3.264,0.08800000000000008,1.05577,1.05577,0.0,0.8321167883211679,0.7007299270072993,0.13138686131386856
34,118,109,46617.0,46572,45.0,46865.0,46854,11.0,47042.0,46997,45.0,3.352,3.408,-0.05600000000000005,1.0966500000000001,1.10409,-0.007439999999999891,0.8329411764705883,0.6729411764705882,0.16000000000000014
34,119,110,47042.0,46997,45.0,47287.0,47280,7.0,47470.0,47421,49.0,3.376,3.408,-0.03200000000000003,0.9925599999999999,1.03717,-0.04461000000000004,0.8551401869158879,0.6650943396226415,0.19004584729324636
34,120,111,47470.0,47421,49.0,47747.0,47742,5.0,47928.0,47882,46.0,3.68,3.696,-0.016000000000000014,0.99257,0.99257,0.0,0.7903930131004366,0.6073752711496746,0.18301774195076204
34,121,112,47928.0,47882,46.0,48203.0,48196,7.0,48387.0,48339,48.0,3.648,3.632,0.016000000000000014,1.03346,1.03346,0.0,0.8017429193899782,0.6258205689277899,0.1759223504621883
34,122,113,48387.0,48339,48.0,48710.0,48701,9.0,48901.0,48848,53.0,4.056,4.04,0.016000000000000014,1.05948,1.04833,0.011149999999999993,0.7431906614785992,0.5776031434184676,0.1655875180601316
34,123,114,48901.0,48848,53.0,49180.0,49175,5.0,49368.0,49319,49.0,3.76,3.792,-0.03200000000000003,0.98141,0.9777,0.003709999999999991,0.8051391862955032,0.6114649681528662,0.19367421814263697
34,124,115,49368.0,49319,49.0,49628.0,49616,12.0,49806.0,49761,45.0,3.584,3.528,0.05600000000000005,0.9591100000000001,0.96654,-0.007429999999999826,0.812785388127854,0.6561085972850679,0.15667679084278607
34,125,116,49806.0,49761,45.0,50095.0,50080,15.0,50276.0,50227,49.0,3.736,3.712,0.02400000000000002,1.0223,1.0297399999999999,-0.007439999999999891,0.7702127659574468,0.630901287553648,0.13931147840379876
34,126,117,50276.0,50227,49.0,50513.0,50505,8.0,50695.0,50651,44.0,3.344,3.4,-0.05600000000000005,1.1003699999999998,1.12639,-0.026020000000000154,0.8687350835322196,0.6886792452830188,0.1800558382492008
34,127,118,50695.0,50651,44.0,50931.0,50921,10.0,51115.0,51063,52.0,3.344,3.328,0.016000000000000014,0.9777,0.9777,0.0,0.8761904761904762,0.6893203883495146,0.1868700878409616
34,128,119,51115.0,51063,52.0,51375.0,51364,11.0,51560.0,51516,44.0,3.552,3.544,0.008000000000000007,1.04089,1.04089,0.0,0.8314606741573034,0.6710816777041942,0.16037899645310916
34,129,120,51560.0,51516,44.0,51858.0,51841,17.0,52046.0,51994,52.0,3.864,3.816,0.04800000000000004,1.01858,1.08178,-0.06319999999999992,0.7736625514403292,0.6401673640167365,0.1334951874235928
34,131,121,52153.0,51994,159.0,52366.0,52353,13.0,52559.0,52501,58.0,1.912,4.096,-2.184,0.96654,0.9591100000000001,0.007429999999999826,0.9507389162561576,0.5838264299802761,0.36691248627588147
34,132,122,52559.0,52501,58.0,52862.0,52851,11.0,53053.0,53006,47.0,3.968,3.984,-0.016000000000000014,1.0,1.01858,-0.01858000000000004,0.7732793522267206,0.6138613861386139,0.15941796608810677
34,133,123,53053.0,53006,47.0,53370.0,53363,7.0,53547.0,53510,37.0,4.064,4.096,-0.03200000000000003,0.9665400000000001,0.9553900000000001,0.011149999999999993,0.7165991902834008,0.5833333333333333,0.13326585695006754
34,134,124,53547.0,53510,37.0,53873.0,53860,13.0,54093.0,54022,71.0,4.024,3.976,0.04800000000000004,1.12639,1.12639,0.0,0.8058608058608059,0.6328125,0.17304830586080588
34,135,125,54093.0,54022,71.0,54347.0,54329,18.0,54525.0,54476,49.0,3.792,3.752,0.040000000000000036,0.94424,0.94424,0.0,0.8240740740740741,0.6475770925110131,0.17649698156306093
34,136,126,54525.0,54476,49.0,54779.0,54764,15.0,54961.0,54915,46.0,3.456,3.48,-0.02400000000000002,0.96654,0.9739800000000001,-0.007440000000000113,0.8348623853211009,0.6879271070615034,0.1469352782595975
34,137,127,54961.0,54915,46.0,55215.0,55209,6.0,55403.0,55357,46.0,3.488,3.56,-0.07200000000000006,0.9368000000000001,0.9368000000000001,0.0,0.8506787330316742,0.6696832579185521,0.18099547511312208
34,138,128,55403.0,55357,46.0,55692.0,55678,14.0,55868.0,55822,46.0,3.816,3.752,0.06400000000000006,0.99257,0.99628,-0.003710000000000102,0.7569892473118279,0.6193548387096774,0.13763440860215048
34,139,129,55868.0,55822,46.0,56131.0,56124,7.0,56320.0,56272,48.0,3.512,3.568,-0.05600000000000005,0.99628,0.99257,0.003710000000000102,0.8362831858407079,0.6577777777777778,0.17850540806293014
34,140,130,56320.0,56272,48.0,56578.0,56567,11.0,56764.0,56714,50.0,3.576,3.544,0.03200000000000003,0.96654,0.98141,-0.01487000000000005,0.8378378378378378,0.6651583710407241,0.17267946679711377
34,141,131,56764.0,56714,50.0,57022.0,57004,18.0,57196.0,57146,50.0,3.552,3.496,0.05600000000000005,0.97769,0.97769,0.0,0.8055555555555556,0.6574074074074074,0.14814814814814814
34,142,132,57196.0,57146,50.0,57440.0,57430,10.0,57625.0,57579,46.0,3.344,3.408,-0.06400000000000006,0.9553900000000001,0.96283,-0.007439999999999891,0.8624708624708625,0.6882217090069285,0.174249153463934
34,143,133,57625.0,57579,46.0,57898.0,57883,15.0,58073.0,58030,43.0,3.664,3.624,0.040000000000000036,0.92193,0.9182100000000001,0.0037199999999999456,0.78125,0.6518847006651884,0.12936529933481156
34,144,134,58073.0,58030,43.0,58354.0,58340,14.0,58527.0,58480,47.0,3.648,3.656,-0.008000000000000007,0.85502,0.86246,-0.007440000000000002,0.762114537444934,0.6222222222222222,0.13989231522271173
34,145,135,58527.0,58480,47.0,58841.0,58829,12.0,59017.0,58970,47.0,3.896,3.912,-0.016000000000000014,0.88848,0.88848,0.0,0.7183673469387755,0.5755102040816327,0.1428571428571428
34,146,136,59017.0,58970,47.0,59311.0,59296,15.0,59480.0,59436,44.0,3.76,3.736,0.023999999999999577,0.94424,0.94424,0.0,0.7300215982721383,0.6008583690987124,0.12916322917342593
35,1,1,144.0,103,41.0,368.0,370,-2.0,596.0,548,48.0,,,,1.0,1.0,0.0,0.9911504424778761,0.8,0.19115044247787605
35,2,2,596.0,548,48.0,807.0,807,0.0,988.0,990,-2.0,3.512,3.496,0.016000000000000014,1.0,1.0,0.0,0.923469387755102,0.8280542986425339,0.09541508911256813
35,3,3,988.0,990,-2.0,1159.0,1168,-9.0,1382.0,1435,-53.0,2.816,2.888,-0.07200000000000006,1.0,1.0,0.0,0.868020304568528,0.8,0.06802030456852792
35,4,4,1382.0,1435,-53.0,1606.0,1608,-2.0,1773.0,1779,-6.0,3.576,3.52,0.05600000000000005,1.0,1.0,0.0,0.8542199488491049,0.9941860465116279,-0.139966097662523
35,5,5,1773.0,1779,-6.0,1907.0,1908,-1.0,2082.0,2046,36.0,2.408,2.4,0.008000000000000007,1.0,1.0,0.0,0.8673139158576052,0.9662921348314607,-0.0989782189738555
35,6,6,2082.0,2046,36.0,2294.0,2296,-2.0,2428.0,2435,-7.0,3.096,3.104,-0.008000000000000007,0.78397,0.78397,0.0,0.7745664739884393,0.7146529562982005,0.05991351769023878
35,7,7,2428.0,2435,-7.0,2638.0,2665,-27.0,2888.0,2828,60.0,2.752,2.952,-0.20000000000000018,1.0,1.0,0.0,0.9130434782608696,0.8295165394402035,0.08352693882066609
35,8,8,2888.0,2828,60.0,3106.0,3104,2.0,3307.0,3250,57.0,3.744,3.512,0.2320000000000002,1.0,1.0,0.0,0.9594272076372315,0.6919431279620853,0.2674840796751462
35,9,9,3307.0,3250,57.0,3557.0,3565,-8.0,3790.0,3739,51.0,3.608,3.688,-0.08000000000000007,1.0,1.0,0.0,0.9648033126293996,0.7116564417177914,0.25314687091160815
35,10,10,3790.0,3739,51.0,4020.0,4020,0.0,4254.0,4318,-64.0,3.704,3.64,0.06400000000000006,1.0,1.0,0.0,0.9913793103448276,0.9706390328151986,0.020740277529629036
35,11,11,4254.0,4318,-64.0,4445.0,4441,4.0,4592.0,4714,-122.0,3.4,3.368,0.03200000000000003,1.0,1.0,0.0,0.8698224852071006,0.6212121212121212,0.24861036399497938
35,13,13,4686.0,4936,-250.0,5004.0,5043,-39.0,5314.0,5294,20.0,3.088,1.6,1.488,1.0,1.0,0.0,0.9872611464968153,0.5977653631284916,0.3894957833683237
35,14,14,5314.0,5294,20.0,5426.0,5406,20.0,5565.0,5522,43.0,3.376,2.904,0.472,1.0,1.0,0.0,0.8924302788844621,0.9824561403508771,-0.090025861466415
35,15,15,5565.0,5522,43.0,5780.0,5782,-2.0,6019.0,5948,71.0,2.832,3.008,-0.17600000000000016,1.0,1.0,0.0,0.947136563876652,0.7793427230046949,0.16779384087195715
35,19,16,6810.0,6837,-27.0,7005.0,7006,-1.0,7246.0,7297,-51.0,2.568,2.312,0.2560000000000002,1.0,1.0,0.0,0.8944954128440367,0.7347826086956522,0.1597128041483845
35,20,17,7246.0,7297,-51.0,7483.0,7487,-4.0,7716.0,7765,-49.0,3.824,3.848,-0.02400000000000002,1.0,1.0,0.0,0.9914893617021276,0.811965811965812,0.17952354973631568
35,23,18,8636.0,8699,-63.0,8870.0,8873,-3.0,9120.0,9177,-57.0,3.904,1.92,1.984,1.0,1.0,0.0,0.9669421487603306,0.7280334728033473,0.23890867595698329
35,24,19,9120.0,9177,-57.0,9344.0,9348,-4.0,9583.0,9643,-60.0,3.792,3.8,-0.008000000000000007,1.0,1.0,0.0,0.9676025917926566,0.7339055793991416,0.23369701239351504
35,25,20,9583.0,9643,-60.0,9801.0,9803,-2.0,10021.0,10078,-57.0,3.656,3.64,0.016000000000000014,1.0,1.0,0.0,0.995433789954338,0.735632183908046,0.259801606046292
35,26,21,10021.0,10078,-57.0,10247.0,10249,-2.0,10478.0,10423,55.0,3.568,3.568,0.0,1.0,1.0,0.0,0.9890590809628009,0.991304347826087,-0.0022452668632860773
35,27,22,10478.0,10423,55.0,10688.0,10691,-3.0,10907.0,10963,-56.0,3.528,3.536,-0.008000000000000007,1.0,1.0,0.0,0.9790209790209791,0.9925925925925926,-0.013571613571613517
35,28,23,10907.0,10963,-56.0,11139.0,11120,19.0,11391.0,11431,-40.0,3.608,3.432,0.17600000000000016,1.0,1.0,0.0,0.9586776859504132,0.670940170940171,0.28773751501024225
35,30,24,11830.0,11894,-64.0,12084.0,12051,33.0,12342.0,12278,64.0,3.952,1.808,2.144,1.0,1.0,0.0,0.9921875,0.8177083333333334,0.17447916666666663
35,31,25,12342.0,12278,64.0,12570.0,12573,-3.0,12800.0,12846,-46.0,3.888,4.176,-0.28800000000000026,1.0,1.0,0.0,0.9956331877729258,0.9612676056338029,0.034365582139122886
35,32,26,12800.0,12846,-46.0,13026.0,13008,18.0,13274.0,13319,-45.0,3.648,3.48,0.16800000000000015,1.0,1.0,0.0,0.9535864978902954,0.6849894291754757,0.2685970687148197
35,33,27,13274.0,13319,-45.0,13493.0,13490,3.0,13747.0,13802,-55.0,3.736,3.856,-0.11999999999999966,1.0,1.0,0.0,0.9260042283298098,0.7080745341614907,0.2179296941683191
35,34,28,13747.0,13802,-55.0,13979.0,13980,-1.0,14210.0,14256,-46.0,3.888,3.92,-0.03200000000000003,1.0,1.0,0.0,0.9978401727861771,0.7841409691629956,0.2136992036231815
35,35,29,14210.0,14256,-46.0,14428.0,14431,-3.0,14659.0,14704,-45.0,3.592,3.608,-0.016000000000000014,1.0,1.0,0.0,0.9710467706013363,0.78125,0.18979677060133626
35,36,30,14659.0,14704,-45.0,14881.0,14878,3.0,15113.0,15148,-35.0,3.624,3.576,0.04800000000000004,1.0,1.0,0.0,0.9779735682819384,0.7837837837837838,0.1941897844981546
35,37,31,15113.0,15148,-35.0,15337.0,15315,22.0,15579.0,15627,-48.0,3.648,3.496,0.15200000000000014,1.0,1.0,0.0,0.9613733905579399,0.697286012526096,0.2640873780318439
35,38,32,15579.0,15627,-48.0,15803.0,15802,1.0,16052.0,16108,-56.0,3.728,3.896,-0.1679999999999997,1.0,1.0,0.0,0.9471458773784355,0.7276507276507276,0.2194951497277079
35,39,33,16052.0,16108,-56.0,16262.0,16263,-1.0,16471.0,16523,-52.0,3.672,3.688,-0.016000000000000014,1.0,1.0,0.0,0.9976133651551312,0.7469879518072289,0.25062541334790234
35,40,34,16471.0,16523,-52.0,16677.0,16679,-2.0,16888.0,16938,-50.0,3.32,3.328,-0.008000000000000007,1.0,1.0,0.0,0.988009592326139,0.7518072289156627,0.2362023634104764
35,41,35,16888.0,16938,-50.0,17098.0,17100,-2.0,17310.0,17354,-44.0,3.368,3.368,0.0,1.0,1.0,0.0,0.995260663507109,0.7788461538461539,0.2164145096609551
35,42,36,17310.0,17354,-44.0,17521.0,17526,-5.0,17752.0,17801,-49.0,3.384,3.408,-0.02400000000000002,1.0,1.0,0.0,0.9547511312217195,0.7695749440715883,0.18517618715013118
35,43,37,17752.0,17801,-49.0,17977.0,17978,-1.0,18206.0,18168,38.0,3.648,3.616,0.03200000000000003,1.0,1.0,0.0,0.9911894273127754,0.9645776566757494,0.026611770637026022
35,44,38,18206.0,18168,38.0,18408.0,18412,-4.0,18628.0,18670,-42.0,3.448,3.472,-0.02400000000000002,1.0,1.0,0.0,0.957345971563981,0.9721115537848606,-0.014765582220879536
35,45,39,18628.0,18670,-42.0,18828.0,18830,-2.0,19054.0,19117,-63.0,3.36,3.344,0.016000000000000014,1.0,1.0,0.0,0.9389671361502347,0.7158836689038031,0.2230834672464317
35,47,40,19506.0,19573,-67.0,19710.0,19719,-9.0,19927.0,19975,-48.0,3.488,1.712,1.776,1.0,1.0,0.0,0.9691211401425178,0.7263681592039801,0.2427529809385377
35,48,41,19927.0,19975,-48.0,20147.0,20147,0.0,20345.0,20354,-9.0,3.496,3.424,0.07200000000000006,1.0,1.0,0.0,0.9473684210526316,0.9076517150395779,0.03971670601305377
35,49,42,20345.0,20354,-9.0,20498.0,20500,-2.0,20670.0,20633,37.0,2.808,2.824,-0.016000000000000014,1.0,1.0,0.0,0.9415384615384615,0.953405017921147,-0.011866556382685411
35,50,43,20670.0,20633,37.0,20866.0,20868,-2.0,21077.0,21131,-54.0,2.944,2.944,0.0,1.0,1.0,0.0,0.9631449631449631,0.9437751004016064,0.019369862743356725
35,51,44,21077.0,21131,-54.0,21261.0,21262,-1.0,21483.0,21396,87.0,3.16,3.152,0.008000000000000007,1.0,1.0,0.0,0.9064039408866995,0.9886792452830189,-0.08227530439631936
35,54,45,22526.0,22588,-62.0,22766.0,22766,0.0,23012.0,23069,-57.0,4.056,1.952,2.104,1.0,1.0,0.0,0.9876543209876543,0.7401247401247402,0.2475295808629141
35,55,46,23012.0,23069,-57.0,23248.0,23241,7.0,23486.0,23533,-47.0,3.856,3.8,0.05600000000000005,1.0,1.0,0.0,0.9957805907172996,0.7413793103448276,0.254401280372472
35,57,47,23966.0,24048,-82.0,24175.0,24176,-1.0,24277.0,24279,-2.0,3.736,1.656,2.08,1.0,1.0,0.0,0.6559485530546624,0.8917748917748918,-0.2358263387202294
35,59,48,24640.0,24713,-73.0,24881.0,24883,-2.0,25108.0,25054,54.0,3.776,1.936,1.8399999999999999,1.0,1.0,0.0,0.9700854700854701,0.9970674486803519,-0.026981978594881828
35,60,49,25108.0,25054,54.0,25334.0,25335,-1.0,25563.0,25625,-62.0,3.624,3.616,0.008000000000000007,1.0,1.0,0.0,0.9934065934065934,0.9842381786339754,0.009168414772617983
35,61,50,25563.0,25625,-62.0,25776.0,25777,-1.0,25960.0,25936,24.0,3.536,3.536,0.0,1.0,1.0,0.0,0.9269521410579346,0.977491961414791,-0.050539820356856446
35,62,51,25960.0,25936,24.0,26237.0,26232,5.0,26455.0,26383,72.0,3.688,3.64,0.04800000000000004,1.0,1.0,0.0,0.8808080808080808,0.6756152125279642,0.20519286828011662
35,65,52,27388.0,27455,-67.0,27600.0,27601,-1.0,27807.0,27747,60.0,3.584,1.688,1.8960000000000001,1.0,1.0,0.0,0.9880668257756563,1.0,-0.011933174224343701
35,66,53,27807.0,27747,60.0,28023.0,28023,0.0,28222.0,28268,-46.0,3.384,3.376,0.008000000000000007,1.0,1.0,0.0,0.9590361445783132,0.9404990403071017,0.01853710427121147
35,67,54,28222.0,28268,-46.0,28414.0,28415,-1.0,28605.0,28650,-45.0,3.128,3.136,-0.008000000000000007,1.0,1.0,0.0,0.9973890339425587,0.7696335078534031,0.2277555260891556
35,68,55,28605.0,28650,-45.0,28792.0,28794,-2.0,29008.0,28936,72.0,3.024,3.032,-0.008000000000000007,1.0,1.0,0.0,0.9280397022332506,0.993006993006993,-0.06496729077374241
35,70,56,29463.0,29409,54.0,29680.0,29681,-1.0,29906.0,29966,-60.0,3.488,3.488,0.0,1.0,1.0,0.0,0.9796839729119639,0.9766606822262118,0.0030232906857520225
35,71,57,29906.0,29966,-60.0,30133.0,30132,1.0,30326.0,30338,-12.0,3.624,3.608,0.016000000000000014,1.0,1.0,0.0,0.919047619047619,0.8924731182795699,0.026574500768049125
35,72,58,30326.0,30338,-12.0,30482.0,30483,-1.0,30683.0,30611,72.0,2.792,2.808,-0.016000000000000014,1.0,1.0,0.0,0.8739495798319328,0.9377289377289377,-0.06377935789700495
35,74,59,31122.0,31071,51.0,31335.0,31336,-1.0,31552.0,31613,-61.0,3.384,3.384,0.0,1.0,1.0,0.0,0.9906976744186047,0.977859778597786,0.012837895820818734
35,75,60,31552.0,31613,-61.0,31774.0,31774,0.0,31977.0,31939,38.0,3.512,3.504,0.008000000000000007,1.0,1.0,0.0,0.9552941176470588,0.9877300613496932,-0.03243594370263436
35,76,61,31977.0,31939,38.0,32197.0,32197,0.0,32397.0,32389,8.0,3.384,3.384,0.0,1.0,1.0,0.0,0.9523809523809523,0.8533333333333333,0.09904761904761905
35,77,62,32397.0,32389,8.0,32585.0,32585,0.0,32755.0,32754,1.0,3.104,3.104,0.0,1.0,1.0,0.0,0.9497206703910615,0.9260273972602739,0.023693273130787507
35,78,63,32755.0,32754,1.0,32937.0,32938,-1.0,33125.0,33127,-2.0,2.816,2.824,-0.008000000000000007,1.0,1.0,0.0,0.9837837837837837,0.9865951742627346,-0.002811390478950848
35,79,64,33125.0,33127,-2.0,33341.0,33302,39.0,33515.0,33535,-20.0,3.232,2.912,0.3200000000000003,1.0,1.0,0.0,0.8923076923076922,0.857843137254902,0.034464555052790224
35,80,65,33515.0,33535,-20.0,33691.0,33690,1.0,33937.0,33865,72.0,2.8,3.104,-0.30400000000000027,1.0,1.0,0.0,0.8341232227488151,0.9393939393939394,-0.10527071664512433
35,82,66,34369.0,34314,55.0,34583.0,34583,0.0,34803.0,34869,-66.0,3.352,3.344,0.008000000000000007,1.0,1.0,0.0,0.9861751152073732,0.9693693693693693,0.01680574583800387
35,83,67,34803.0,34869,-66.0,35042.0,35042,0.0,35261.0,35217,44.0,3.672,3.672,0.0,1.0,1.0,0.0,0.9563318777292577,0.9942528735632183,-0.03792099583396069
35,84,68,35261.0,35217,44.0,35472.0,35473,-1.0,35680.0,35727,-47.0,3.44,3.448,-0.008000000000000007,1.0,1.0,0.0,0.9928400954653938,0.996078431372549,-0.0032383359071552764
35,85,69,35680.0,35727,-47.0,35896.0,35898,-2.0,36116.0,36165,-49.0,3.392,3.4,-0.008000000000000007,1.0,1.0,0.0,0.9908256880733946,0.7808219178082192,0.21000377026517536
35,86,70,36116.0,36165,-49.0,36335.0,36336,-1.0,36556.0,36507,49.0,3.512,3.504,0.008000000000000007,1.0,1.0,0.0,0.9954545454545455,1.0,-0.004545454545454519
35,87,71,36556.0,36507,49.0,36769.0,36770,-1.0,36976.0,37025,-49.0,3.472,3.472,0.0,1.0,1.0,0.0,0.9857142857142858,0.9845559845559846,0.0011583011583011782
35,88,72,36976.0,37025,-49.0,37208.0,37210,-2.0,37446.0,37387,59.0,3.512,3.52,-0.008000000000000007,1.0,1.0,0.0,0.9872340425531915,0.9779005524861879,0.00933349006700357
35,89,73,37446.0,37387,59.0,37678.0,37679,-1.0,37915.0,37852,63.0,3.76,3.752,0.008000000000000007,1.0,1.0,0.0,0.9893390191897654,0.7440860215053764,0.24525299768438902
35,91,74,38383.0,38323,60.0,38616.0,38616,0.0,38822.0,38783,39.0,3.712,3.704,0.008000000000000007,1.0,1.0,0.0,0.9384965831435079,0.7260869565217392,0.21240962662176877
35,92,75,38822.0,38783,39.0,39043.0,39045,-2.0,39225.0,39251,-26.0,3.416,3.432,-0.016000000000000014,1.0,1.0,0.0,0.9032258064516129,0.8803418803418803,0.022883926109732555
35,93,76,39225.0,39251,-26.0,39381.0,39381,0.0,39533.0,39511,22.0,2.704,2.688,0.016000000000000014,1.0,1.0,0.0,0.987012987012987,1.0,-0.012987012987012991
35,94,77,39533.0,39511,22.0,39716.0,39717,-1.0,39908.0,39866,42.0,2.68,2.688,-0.008000000000000007,1.0,1.0,0.0,0.976,0.8394366197183099,0.13656338028169013
35,95,78,39908.0,39866,42.0,40110.0,40111,-1.0,40326.0,40384,-58.0,3.152,3.152,0.0,1.0,1.0,0.0,0.9665071770334929,0.9459459459459459,0.020561231087546927
35,96,79,40326.0,40384,-58.0,40551.0,40552,-1.0,40781.0,40721,60.0,3.528,3.528,0.0,1.0,1.0,0.0,0.989010989010989,0.9970326409495549,-0.008021651938565855
35,97,80,40781.0,40721,60.0,41009.0,41009,0.0,41231.0,41288,-57.0,3.664,3.656,0.008000000000000007,1.0,1.0,0.0,0.9866666666666667,0.9841269841269842,0.0025396825396825085
35,98,81,41231.0,41288,-57.0,41453.0,41453,0.0,41681.0,41618,63.0,3.552,3.552,0.0,1.0,1.0,0.0,0.9866666666666667,1.0,-0.013333333333333308
35,99,82,41681.0,41618,63.0,41908.0,41909,-1.0,42132.0,42197,-65.0,3.64,3.648,-0.008000000000000007,1.0,1.0,0.0,0.9933481152993349,0.9948186528497409,-0.001470537550406048
35,100,83,42132.0,42197,-65.0,42332.0,42337,-5.0,42532.0,42477,55.0,3.392,3.424,-0.03200000000000003,1.0,1.0,0.0,1.0,1.0,0.0
35,101,84,42532.0,42477,55.0,42737.0,42737,0.0,42943.0,43000,-57.0,3.24,3.2,0.040000000000000036,1.0,1.0,0.0,0.9975669099756691,0.994263862332696,0.003303047642973067
35,102,85,42943.0,43000,-57.0,43168.0,43167,1.0,43366.0,43366,0.0,3.448,3.44,0.008000000000000007,1.0,1.0,0.0,0.9361702127659575,0.912568306010929,0.02360190675502849
35,103,86,43366.0,43366,0.0,43554.0,43555,-1.0,43774.0,43711,63.0,3.088,3.104,-0.016000000000000014,1.0,1.0,0.0,0.9215686274509804,0.9043478260869565,0.01722080136402393
35,105,87,44205.0,44259,-54.0,44431.0,44430,1.0,44631.0,44631,0.0,3.464,3.448,0.016000000000000014,1.0,1.0,0.0,0.9389671361502347,0.9193548387096774,0.01961229744055737
35,106,88,44631.0,44631,0.0,44816.0,44817,-1.0,45019.0,45072,-53.0,3.08,3.096,-0.016000000000000014,1.0,1.0,0.0,0.9536082474226804,0.8435374149659864,0.11007083245669391
35,107,89,45019.0,45072,-53.0,45250.0,45250,0.0,45475.0,45428,47.0,3.472,3.464,0.008000000000000007,1.0,1.0,0.0,0.9868421052631579,1.0,-0.013157894736842146
35,108,90,45475.0,45428,47.0,45699.0,45699,0.0,45927.0,45873,54.0,3.592,3.592,0.0,1.0,1.0,0.0,0.9911504424778761,0.7820224719101123,0.20912797056776378
35,109,91,45927.0,45873,54.0,46154.0,46155,-1.0,46378.0,46327,51.0,3.64,3.648,-0.008000000000000007,1.0,1.0,0.0,0.9933481152993349,0.7577092511013216,0.23563886419801328
35,110,92,46378.0,46327,51.0,46596.0,46602,-6.0,46821.0,46889,-68.0,3.536,3.576,-0.040000000000000036,1.0,1.0,0.0,0.9841986455981941,0.9786476868327402,0.005550958765453973
35,111,93,46821.0,46889,-68.0,47071.0,47073,-2.0,47299.0,47252,47.0,3.8,3.768,0.03200000000000003,1.0,1.0,0.0,0.9539748953974896,0.9862258953168044,-0.03225099991931479
35,112,94,47299.0,47252,47.0,47524.0,47523,1.0,47723.0,47714,9.0,3.624,3.6,0.02400000000000002,1.0,1.0,0.0,0.9386792452830188,0.8268398268398268,0.111839418443192
35,113,95,47723.0,47714,9.0,47976.0,48001,-25.0,48205.0,48155,50.0,3.616,3.824,-0.20799999999999974,1.0,1.0,0.0,0.950207468879668,0.6984126984126984,0.25179477046696963
35,114,96,48205.0,48155,50.0,48411.0,48411,0.0,48590.0,48589,1.0,3.48,3.28,0.20000000000000018,1.0,1.0,0.0,0.9298701298701298,0.8202764976958525,0.10959363217427731
35,115,97,48590.0,48589,1.0,48777.0,48778,-1.0,48992.0,49054,-62.0,2.928,2.936,-0.008000000000000007,1.0,1.0,0.0,0.9303482587064676,0.8129032258064516,0.11744503290001607
35,116,98,48992.0,49054,-62.0,49219.0,49219,0.0,49441.0,49504,-63.0,3.536,3.528,0.008000000000000007,1.0,1.0,0.0,0.9888641425389755,0.7333333333333334,0.2555308092056421
35,117,99,49441.0,49504,-63.0,49671.0,49632,39.0,49865.0,49857,8.0,3.616,3.304,0.3120000000000003,1.0,1.0,0.0,0.9150943396226415,0.725212464589235,0.18988187503340648
35,118,100,49865.0,49857,8.0,50130.0,50132,-2.0,50349.0,50407,-58.0,3.672,4.0,-0.32799999999999985,1.0,1.0,0.0,0.9049586776859504,1.0,-0.0950413223140496
35,119,101,50349.0,50407,-58.0,50573.0,50574,-1.0,50795.0,50740,55.0,3.544,3.536,0.008000000000000007,1.0,1.0,0.0,0.9955156950672646,0.996996996996997,-0.0014813019297323926
35,120,102,50795.0,50740,55.0,51010.0,51010,0.0,51197.0,51198,-1.0,3.496,3.488,0.008000000000000007,1.0,1.0,0.0,0.9303482587064676,0.8209606986899564,0.10938756001651129
35,121,103,51197.0,51198,-1.0,51382.0,51387,-5.0,51590.0,51630,-40.0,2.976,3.016,-0.040000000000000036,1.0,1.0,0.0,0.9414758269720102,0.875,0.06647582697201015
35,122,104,51590.0,51630,-40.0,51796.0,51797,-1.0,52010.0,52059,-49.0,3.312,3.28,0.03200000000000003,1.0,1.0,0.0,0.9809523809523809,0.7785547785547786,0.2023976023976023
35,123,105,52010.0,52059,-49.0,52223.0,52224,-1.0,52440.0,52491,-51.0,3.416,3.416,0.0,1.0,1.0,0.0,0.9906976744186047,0.7638888888888888,0.22680878552971584
35,124,106,52440.0,52491,-51.0,52664.0,52665,-1.0,52885.0,52932,-47.0,3.528,3.528,0.0,1.0,1.0,0.0,0.9932584269662922,0.7891156462585034,0.2041427807077888
35,125,107,52885.0,52932,-47.0,53107.0,53108,-1.0,53338.0,53282,56.0,3.544,3.544,0.0,1.0,1.0,0.0,0.9801324503311258,0.9942857142857143,-0.01415326395458849
35,126,108,53338.0,53282,56.0,53558.0,53560,-2.0,53766.0,53808,-42.0,3.608,3.616,-0.008000000000000007,1.0,1.0,0.0,0.9719626168224299,0.9429657794676806,0.02899683735474934
35,127,109,53766.0,53808,-42.0,53944.0,53944,0.0,54119.0,54080,39.0,3.088,3.072,0.016000000000000014,1.0,1.0,0.0,0.9915014164305949,1.0,-0.008498583569405138
35,128,110,54119.0,54080,39.0,54309.0,54315,-6.0,54517.0,54551,-34.0,2.92,2.968,-0.04800000000000004,1.0,1.0,0.0,0.9547738693467337,0.9978768577494692,-0.04310298840273552
35,129,111,54517.0,54551,-34.0,54711.0,54712,-1.0,54873.0,54874,-1.0,3.216,3.176,0.040000000000000036,1.0,1.0,0.0,0.9101123595505618,0.9969040247678018,-0.08679166521724002
35,130,112,54873.0,54874,-1.0,55022.0,55022,0.0,55213.0,55167,46.0,2.488,2.48,0.008000000000000007,1.0,1.0,0.0,0.8764705882352941,0.9897610921501706,-0.1132905039148765
35,131,113,55213.0,55167,46.0,55430.0,55430,0.0,55662.0,55601,61.0,3.264,3.264,0.0,1.0,1.0,0.0,0.9665924276169265,0.7880184331797235,0.178573994437203
35,132,114,55662.0,55601,61.0,55894.0,55895,-1.0,56110.0,56153,-43.0,3.712,3.72,-0.008000000000000007,1.0,1.0,0.0,0.9642857142857143,0.9347826086956522,0.029503105590062084
35,133,115,56110.0,56153,-43.0,56327.0,56328,-1.0,56563.0,56500,63.0,3.464,3.464,0.0,1.0,1.0,0.0,0.9580573951434879,0.9913544668587896,-0.03329707171530172
35,135,116,56969.0,56945,24.0,57164.0,57164,0.0,57334.0,57334,0.0,3.048,3.048,0.0,1.0,1.0,0.0,0.9315068493150684,0.8740359897172236,0.057470859597844814
35,136,117,57334.0,57334,0.0,57506.0,57507,-1.0,57725.0,57666,59.0,2.736,2.744,-0.008000000000000007,1.0,1.0,0.0,0.8797953964194374,0.9578313253012049,-0.07803592888176747
35,137,118,57725.0,57666,59.0,57941.0,57942,-1.0,58156.0,58219,-63.0,3.48,3.48,0.0,1.0,1.0,0.0,0.9976798143851509,0.9981916817359855,-0.0005118673508346383
35,138,119,58156.0,58219,-63.0,58384.0,58384,0.0,58569.0,58570,-1.0,3.544,3.536,0.008000000000000007,1.0,1.0,0.0,0.8958837772397095,0.9401709401709402,-0.044287162931230695
35,139,120,58569.0,58570,-1.0,58748.0,58750,-2.0,58962.0,58908,54.0,2.912,2.928,-0.016000000000000014,1.0,1.0,0.0,0.910941475826972,0.9349112426035503,-0.02396976677657825
36,1,1,201.0,166,35.0,473.0,455,18.0,648.0,624,24.0,,,,0.8485499999999999,0.8485499999999999,0.0,0.7829977628635347,0.7379912663755459,0.04500649648798882
36,2,2,648.0,624,24.0,893.0,867,26.0,1069.0,1049,20.0,3.36,3.296,0.06400000000000006,0.89127,0.89127,0.0,0.836104513064133,0.8564705882352941,-0.02036607517116107
36,3,3,1069.0,1049,20.0,1225.0,1260,-35.0,1463.0,1458,5.0,2.656,3.144,-0.488,0.83883,0.83883,0.0,0.7918781725888324,0.9682151589242054,-0.17633698633537298
36,4,4,1463.0,1458,5.0,1617.0,1644,-27.0,1854.0,1813,41.0,3.136,3.072,0.06400000000000006,0.67767,0.6233,0.05437000000000003,0.7877237851662404,0.952112676056338,-0.16438889089009756
36,5,5,1854.0,1813,41.0,2104.0,2074,30.0,2257.0,2263,-6.0,3.896,3.44,0.45599999999999996,0.81553,0.82136,-0.005830000000000002,0.7593052109181142,0.84,-0.08069478908188576
36,6,6,2257.0,2263,-6.0,2464.0,2438,26.0,2616.0,2620,-4.0,2.88,2.912,-0.03200000000000003,0.6621370000000001,0.67767,-0.015532999999999908,0.8467966573816156,0.9803921568627451,-0.13359549948112948
36,7,7,2616.0,2620,-4.0,2818.0,2807,11.0,3005.0,2962,43.0,2.832,2.952,-0.1200000000000001,0.78835,0.78835,0.0,0.961439588688946,0.9064327485380117,0.055006840150934266
36,8,8,3005.0,2962,43.0,3210.0,3204,6.0,3470.0,3494,-24.0,3.136,3.176,-0.040000000000000036,0.72039,0.72039,0.0,0.8817204301075269,0.9097744360902256,-0.028054005982698693
36,9,9,3470.0,3494,-24.0,3696.0,3656,40.0,3861.0,3825,36.0,3.888,3.616,0.2719999999999998,0.6932,0.6504800000000001,0.04271999999999998,0.8439897698209718,0.9788519637462235,-0.13486219392525167
36,10,10,3861.0,3825,36.0,4122.0,4104,18.0,4294.0,4272,22.0,3.408,3.584,-0.17600000000000016,0.90097,0.91262,-0.011649999999999938,0.7944572748267898,0.7516778523489933,0.042779422477796536
36,11,11,4294.0,4272,22.0,4529.0,4496,33.0,4691.0,4682,9.0,3.256,3.136,0.11999999999999966,0.81165,0.81165,0.0,0.8161209068010076,0.9073170731707317,-0.09119616636972416
36,12,12,4691.0,4682,9.0,4930.0,4892,38.0,5100.0,5080,20.0,3.208,3.168,0.040000000000000036,0.83495,0.83495,0.0,0.8312958435207825,0.9447236180904522,-0.11342777456966979
36,13,13,5100.0,5080,20.0,5327.0,5304,23.0,5511.0,5475,36.0,3.176,3.296,-0.11999999999999966,0.8077699999999999,0.84466,-0.03689000000000009,0.8953771289537713,0.8658227848101265,0.029554344143644773
36,14,14,5511.0,5475,36.0,5751.0,5729,22.0,5890.0,5896,-6.0,3.392,3.4,-0.008000000000000007,0.83301,0.84077,-0.007759999999999989,0.7335092348284961,0.7933491686460807,-0.05983993381758468
36,15,15,5890.0,5896,-6.0,6050.0,6037,13.0,6187.0,6147,40.0,2.392,2.464,-0.07200000000000006,0.70485,0.70485,0.0,0.9225589225589226,0.8764940239043825,0.04606489865454011
36,17,16,6357.0,6368,-11.0,6584.0,6565,19.0,6749.0,6726,23.0,2.936,4.224,-1.2880000000000003,0.79223,0.79223,0.0,0.8418367346938775,0.8994413407821229,-0.05760460608824536
36,18,17,6749.0,6726,23.0,6977.0,6953,24.0,7157.0,7127,30.0,3.144,3.104,0.040000000000000036,0.82912,0.82912,0.0,0.8823529411764706,0.8678304239401496,0.01452251723632092
36,19,18,7157.0,7127,30.0,7395.0,7368,27.0,7566.0,7553,13.0,3.344,3.32,0.02400000000000002,0.8427199999999999,0.8427199999999999,0.0,0.8361858190709046,0.8685446009389671,-0.032358781868062514
36,20,19,7566.0,7553,13.0,7796.0,7769,27.0,7973.0,7961,12.0,3.208,3.208,0.0,0.8465999999999999,0.8465999999999999,0.0,0.8697788697788698,0.9411764705882353,-0.07139760080936552
36,21,20,7973.0,7961,12.0,8197.0,8174,23.0,8386.0,8369,17.0,3.208,3.24,-0.03200000000000003,0.79612,0.79417,0.0019500000000000073,0.9152542372881356,0.9558823529411765,-0.04062811565304092
36,22,21,8386.0,8369,17.0,8613.0,8587,26.0,8791.0,8768,23.0,3.328,3.304,0.02400000000000002,0.7669900000000001,0.7534000000000001,0.013589999999999991,0.8790123456790123,0.9072681704260652,-0.028255824747052904
36,23,22,8791.0,8768,23.0,9029.0,9005,24.0,9193.0,9188,5.0,3.328,3.344,-0.016000000000000014,0.8466100000000001,0.8699100000000001,-0.023299999999999987,0.8159203980099503,0.8714285714285714,-0.05550817341862113
36,24,23,9193.0,9188,5.0,9414.0,9393,21.0,9603.0,9572,31.0,3.08,3.104,-0.02400000000000002,0.7728200000000001,0.74563,0.027190000000000047,0.9219512195121952,0.9322916666666666,-0.010340447154471466
36,25,24,9603.0,9572,31.0,9838.0,9814,24.0,10021.0,9988,33.0,3.392,3.368,0.02400000000000002,0.78059,0.80389,-0.023299999999999987,0.8755980861244019,0.8365384615384616,0.03905962458594037
36,26,25,10021.0,9988,33.0,10257.0,10240,17.0,10451.0,10408,43.0,3.352,3.408,-0.05600000000000005,0.82136,0.7767000000000001,0.04465999999999992,0.9023255813953488,0.8,0.10232558139534875
36,27,26,10451.0,10408,43.0,10686.0,10661,25.0,10888.0,10833,55.0,3.432,3.368,0.06400000000000006,0.85631,0.91457,-0.05825999999999998,0.9244851258581236,0.8094117647058824,0.1150733611522412
36,28,27,10888.0,10833,55.0,11126.0,11110,16.0,11280.0,11286,-6.0,3.52,3.592,-0.07200000000000006,0.86602,0.86602,0.0,0.7857142857142857,0.7770419426048565,0.008672343109429215
36,29,28,11280.0,11286,-6.0,11493.0,11469,24.0,11651.0,11638,13.0,2.936,2.872,0.06400000000000006,0.83689,0.81941,0.01748000000000005,0.8517520215633423,0.9602272727272727,-0.10847525116393042
36,30,29,11651.0,11638,13.0,11880.0,11861,19.0,12059.0,12045,14.0,3.096,3.136,-0.040000000000000036,0.7436900000000001,0.7398,0.00389000000000006,0.8774509803921569,0.9041769041769042,-0.026725923784747363
36,31,30,12059.0,12045,14.0,12286.0,12265,21.0,12436.0,12424,12.0,3.248,3.232,0.016000000000000014,0.72622,0.75729,-0.031070000000000042,0.7957559681697612,0.8390501319261214,-0.04329416375636019
36,32,31,12436.0,12424,12.0,12549.0,12565,-16.0,12730.0,12733,-3.0,2.104,2.4,-0.2959999999999998,0.53786,0.53786,0.0,0.7687074829931972,0.912621359223301,-0.14391387623010377
36,33,32,12730.0,12733,-3.0,12949.0,12930,19.0,13154.0,13117,37.0,3.2,2.92,0.28000000000000025,0.66214,0.66214,0.0,0.9669811320754716,0.9739583333333334,-0.00697720125786172
36,34,33,13154.0,13117,37.0,13422.0,13404,18.0,13556.0,13548,8.0,3.784,3.792,-0.008000000000000007,0.8524200000000001,0.8524200000000001,0.0,0.6666666666666667,0.6682134570765661,-0.0015467904098993568
36,35,34,13556.0,13548,8.0,13694.0,13676,18.0,13850.0,13855,-5.0,2.176,2.176,0.0,0.64272,0.64272,0.0,0.9387755102040817,0.8338762214983714,0.1048992887057103
36,36,35,13850.0,13855,-5.0,14056.0,14039,17.0,14216.0,14228,-12.0,2.896,2.904,-0.008000000000000007,0.81165,0.81165,0.0,0.8743169398907104,0.9865951742627346,-0.11227823437202422
36,37,36,14216.0,14228,-12.0,14433.0,14405,28.0,14610.0,14610,0.0,3.016,2.928,0.08800000000000008,0.79417,0.79417,0.0,0.8984771573604061,0.9267015706806283,-0.028224413320222186
36,38,37,14610.0,14610,0.0,14834.0,14814,20.0,15006.0,15006,0.0,3.208,3.272,-0.06399999999999961,0.75728,0.76117,-0.00389000000000006,0.8686868686868687,0.9696969696969697,-0.101010101010101
36,39,38,15006.0,15006,0.0,15253.0,15216,37.0,15438.0,15415,23.0,3.352,3.216,0.13599999999999968,0.65631,0.65631,0.0,0.8564814814814815,0.9731051344743277,-0.11662365299284616
36,40,39,15438.0,15415,23.0,15675.0,15655,20.0,15878.0,15852,26.0,3.376,3.512,-0.13600000000000012,0.80194,0.80194,0.0,0.9227272727272727,0.9016018306636155,0.021125442063657185
36,41,40,15878.0,15852,26.0,16117.0,16090,27.0,16279.0,16286,-7.0,3.536,3.48,0.05600000000000005,0.85437,0.85437,0.0,0.8079800498753117,0.9032258064516129,-0.09524575657630119
36,42,41,16279.0,16286,-7.0,16501.0,16473,28.0,16662.0,16653,9.0,3.072,3.064,0.008000000000000007,0.8369000000000001,0.8213600000000001,0.015539999999999998,0.8407310704960835,0.9809264305177112,-0.1401953600216277
36,43,42,16662.0,16653,9.0,16856.0,16869,-13.0,17068.0,17062,6.0,2.84,3.168,-0.3280000000000003,0.69127,0.69127,0.0,0.9556650246305418,0.9437652811735942,0.011899743456947665
36,44,43,17068.0,17062,6.0,17275.0,17276,-1.0,17468.0,17470,-2.0,3.352,3.256,0.09600000000000009,0.75534,0.75534,0.0,0.965,0.9509803921568627,0.014019607843137272
36,45,44,17468.0,17470,-2.0,17686.0,17671,15.0,17869.0,17863,6.0,3.288,3.16,0.12799999999999967,0.78446,0.78446,0.0,0.912718204488778,0.9770992366412213,-0.06438103215244328
36,46,45,17869.0,17863,6.0,18089.0,18070,19.0,18238.0,18238,0.0,3.224,3.192,0.03200000000000003,0.83301,0.83301,0.0,0.8075880758807588,0.896,-0.08841192411924126
36,47,46,18238.0,18238,0.0,18436.0,18417,19.0,18621.0,18597,24.0,2.776,2.776,0.0,0.7029099999999999,0.6543699999999999,0.04854000000000003,0.9660574412532636,0.9972144846796658,-0.03115704342640213
36,48,47,18621.0,18597,24.0,18861.0,18838,23.0,19038.0,19017,21.0,3.4,3.368,0.03200000000000003,0.79223,0.78252,0.009709999999999996,0.8489208633093526,0.8523809523809524,-0.003460089071599781
36,49,48,19038.0,19017,21.0,19280.0,19251,29.0,19450.0,19434,16.0,3.352,3.304,0.04800000000000004,0.76505,0.76311,0.0019400000000000528,0.8252427184466019,0.8776978417266187,-0.05245512328001678
36,50,49,19450.0,19434,16.0,19681.0,19662,19.0,19854.0,19840,14.0,3.208,3.288,-0.07999999999999963,0.76116,0.7631,-0.0019400000000000528,0.8564356435643564,0.8768472906403941,-0.02041164707603771
36,51,50,19854.0,19840,14.0,20089.0,20070,19.0,20251.0,20242,9.0,3.264,3.264,0.0,0.75923,0.73981,0.019419999999999993,0.8161209068010076,0.8557213930348259,-0.03960048623381829
36,52,51,20251.0,20242,9.0,20436.0,20439,-3.0,20627.0,20645,-18.0,2.776,2.952,-0.17600000000000016,0.6466000000000001,0.6466000000000001,0.0,0.9840425531914894,0.9776674937965261,0.0063750593949633005
36,53,52,20627.0,20645,-18.0,20825.0,20815,10.0,21008.0,20999,9.0,3.112,3.008,0.10400000000000009,0.83689,0.83689,0.0,0.9606299212598425,0.96045197740113,0.00017794385871250373
36,54,53,21008.0,20999,9.0,21156.0,21147,9.0,21324.0,21325,-1.0,2.648,2.656,-0.008000000000000007,0.7048599999999999,0.7048599999999999,0.0,0.9367088607594937,0.9079754601226994,0.028733400636794304
36,55,54,21324.0,21325,-1.0,21541.0,21515,26.0,21733.0,21689,44.0,3.08,2.944,0.13600000000000012,0.69126,0.69126,0.0,0.9388753056234719,0.9560439560439561,-0.01716865042048421
36,56,55,21733.0,21689,44.0,21973.0,21945,28.0,22143.0,22163,-20.0,3.456,3.44,0.016000000000000014,0.69709,0.69709,0.0,0.8292682926829268,0.919831223628692,-0.09056293094576517
36,57,56,22143.0,22163,-20.0,22372.0,22344,28.0,22556.0,22551,5.0,3.192,3.192,0.0,0.8097099999999999,0.8097099999999999,0.0,0.8910411622276029,0.9329896907216495,-0.04194852849404662
36,58,57,22556.0,22551,5.0,22746.0,22748,-2.0,22946.0,22952,-6.0,2.992,3.232,-0.2400000000000002,0.6330100000000001,0.66408,-0.03106999999999993,0.9743589743589743,0.9825436408977556,-0.008184666538781249
36,59,58,22946.0,22952,-6.0,23164.0,23143,21.0,23367.0,23328,39.0,3.344,3.16,0.18399999999999972,0.74369,0.74369,0.0,0.9643705463182898,0.9840425531914894,-0.019672006873199588
36,60,59,23367.0,23328,39.0,23596.0,23609,-13.0,23779.0,23784,-5.0,3.456,3.728,-0.27200000000000024,0.59029,0.59029,0.0,0.8883495145631068,0.7675438596491229,0.12080565491398398
36,61,60,23779.0,23784,-5.0,23991.0,23972,19.0,24165.0,24127,38.0,3.16,2.904,0.2560000000000002,0.69709,0.69709,0.0,0.9015544041450777,0.9037900874635568,-0.0022356833184791203
36,62,61,24165.0,24127,38.0,24399.0,24372,27.0,24593.0,24614,-21.0,3.264,3.2,0.06399999999999961,0.71262,0.71262,0.0,0.9065420560747663,0.9938398357289527,-0.08729777965418639
36,63,62,24593.0,24614,-21.0,24817.0,24796,21.0,24968.0,24976,-8.0,3.344,3.392,-0.04800000000000004,0.75728,0.75728,0.0,0.8053333333333333,0.994475138121547,-0.18914180478821363
36,64,63,24968.0,24976,-8.0,25130.0,25144,-14.0,25306.0,25317,-11.0,2.504,2.784,-0.2799999999999998,0.590293,0.590293,0.0,0.9585798816568047,0.9853372434017595,-0.0267573617449548
36,65,64,25306.0,25317,-11.0,25513.0,25494,19.0,25703.0,25653,50.0,3.064,2.8,0.26400000000000023,0.80582,0.80582,0.0,0.9571788413098237,0.9464285714285714,0.010750269881252272
36,66,65,25703.0,25653,50.0,25995.0,25964,31.0,26162.0,26150,12.0,3.856,3.76,0.09600000000000009,0.68155,0.67767,0.0038799999999999946,0.7276688453159041,0.7484909456740443,-0.02082210035814014
36,67,66,26162.0,26150,12.0,26398.0,26375,23.0,26561.0,26564,-3.0,3.224,3.288,-0.06399999999999961,0.67185,0.69126,-0.01941000000000004,0.8170426065162908,0.9130434782608696,-0.09600087174457883
36,68,67,26561.0,26564,-3.0,26771.0,26764,7.0,26941.0,26947,-6.0,2.984,3.112,-0.1280000000000001,0.66796,0.66796,0.0,0.8947368421052632,0.9556135770234987,-0.06087673491823553
36,69,68,26941.0,26947,-6.0,27148.0,27125,23.0,27337.0,27306,31.0,3.016,2.888,0.1280000000000001,0.74758,0.74758,0.0,0.9545454545454546,0.9916434540389972,-0.037097999493542644
36,70,69,27337.0,27306,31.0,27569.0,27542,27.0,27733.0,27719,14.0,3.368,3.336,0.03200000000000003,0.75146,0.75146,0.0,0.8282828282828283,0.8571428571428572,-0.02886002886002892
36,71,70,27733.0,27719,14.0,27973.0,27945,28.0,28127.0,28126,1.0,3.232,3.224,0.008000000000000007,0.71068,0.71457,-0.00389000000000006,0.7817258883248731,0.8894348894348895,-0.10770900111001636
36,72,71,28127.0,28126,1.0,28333.0,28338,-5.0,28500.0,28511,-11.0,2.88,3.144,-0.26400000000000023,0.6990299999999999,0.6990299999999999,0.0,0.8954423592493298,0.8987012987012987,-0.0032589394519688675
36,73,72,28500.0,28511,-11.0,28711.0,28690,21.0,28891.0,28887,4.0,3.024,2.816,0.20800000000000018,0.75728,0.75728,0.0,0.9207161125319693,0.9521276595744681,-0.03141154704249882
36,74,73,28891.0,28887,4.0,29124.0,29108,16.0,29298.0,29300,-2.0,3.304,3.344,-0.040000000000000036,0.73398,0.73398,0.0,0.855036855036855,0.9297820823244553,-0.07474522728760025
36,75,74,29298.0,29300,-2.0,29532.0,29507,25.0,29702.0,29686,16.0,3.264,3.192,0.07199999999999962,0.71651,0.71651,0.0,0.8415841584158416,0.927461139896373,-0.08587698148053147
36,76,75,29702.0,29686,16.0,29945.0,29914,31.0,30130.0,30088,42.0,3.304,3.256,0.04800000000000004,0.67379,0.67379,0.0,0.8644859813084113,0.8656716417910448,-0.001185660482633577
36,77,76,30130.0,30088,42.0,30377.0,30363,14.0,30538.0,30553,-15.0,3.456,3.592,-0.13600000000000012,0.73398,0.77864,-0.04466000000000003,0.7892156862745098,0.8172043010752688,-0.027988614800758982
36,78,77,30538.0,30553,-15.0,30752.0,30728,24.0,30929.0,30969,-40.0,3.0,2.92,0.08000000000000007,0.74563,0.74563,0.0,0.9053708439897699,0.8413461538461539,0.064024690143616
36,79,78,30929.0,30969,-40.0,31100.0,31107,-7.0,31335.0,31335,0.0,2.784,3.032,-0.24800000000000022,1.66213,1.66213,0.0,0.8423645320197044,0.7540983606557377,0.08826617136396675
36,80,79,31335.0,31335,0.0,31520.0,31506,14.0,31704.0,31778,-74.0,3.36,3.192,0.1679999999999997,0.5572900000000001,0.56311,-0.005819999999999936,0.997289972899729,0.7720090293453725,0.22528094355435646
36,81,80,31704.0,31778,-74.0,31991.0,31958,33.0,32163.0,32165,-2.0,3.768,3.616,0.1519999999999997,0.69709,0.69709,0.0,0.7494553376906319,0.9302325581395349,-0.180777220448903
36,82,81,32163.0,32165,-2.0,32393.0,32369,24.0,32569.0,32571,-2.0,3.216,3.288,-0.07199999999999962,0.72233,0.72233,0.0,0.8669950738916257,0.9950738916256158,-0.1280788177339901
36,83,82,32569.0,32571,-2.0,32791.0,32775,16.0,32966.0,32967,-1.0,3.184,3.248,-0.06400000000000006,0.72621,0.72621,0.0,0.8816120906801007,0.9696969696969697,-0.08808487901686901
36,85,84,33373.0,33399,-26.0,33585.0,33582,3.0,33765.0,33785,-20.0,2.856,3.352,-0.496,0.7339800000000001,0.73009,0.00389000000000006,0.9183673469387755,0.9481865284974094,-0.029819181558633834
36,86,85,33765.0,33785,-20.0,33987.0,33963,24.0,34128.0,34140,-12.0,3.216,3.048,0.16800000000000015,0.76504,0.76504,0.0,0.7768595041322314,0.9971830985915493,-0.22032359445931793
36,87,86,34128.0,34140,-12.0,34317.0,34300,17.0,34451.0,34450,1.0,2.64,2.696,-0.05600000000000005,0.67767,0.6737890000000001,0.0038809999999999123,0.8297213622291022,0.967741935483871,-0.1380205732547688
36,88,87,34451.0,34450,1.0,34642.0,34634,8.0,34828.0,34787,41.0,2.6,2.672,-0.07200000000000006,0.77281,0.77281,0.0,0.986737400530504,0.9080118694362018,0.07872553109430214
36,89,88,34828.0,34787,41.0,35058.0,35059,-1.0,35251.0,35254,-3.0,3.328,3.4,-0.07200000000000006,0.82718,0.82718,0.0,0.9125295508274232,0.8351177730192719,0.07741177780815123
36,90,89,35251.0,35254,-3.0,35457.0,35445,12.0,35660.0,35598,62.0,3.192,3.088,0.10400000000000009,0.8718400000000001,0.8718400000000001,0.0,0.9926650366748166,0.8895348837209303,0.10313015295388639
36,91,90,35660.0,35598,62.0,35914.0,35888,26.0,36103.0,36141,-38.0,3.656,3.544,0.1120000000000001,0.9203899999999999,0.9203899999999999,0.0,0.8532731376975169,0.9318600368324125,-0.07858689913489558
36,92,91,36103.0,36141,-38.0,36328.0,36303,25.0,36519.0,36481,38.0,3.312,3.32,-0.008000000000000007,0.94174,0.88737,0.05437000000000003,0.9182692307692307,0.9529411764705882,-0.034671945701357454
36,93,92,36519.0,36481,38.0,36752.0,36723,29.0,36939.0,36907,32.0,3.392,3.36,0.03200000000000003,0.9922300000000001,0.9592200000000001,0.033009999999999984,0.8904761904761904,0.863849765258216,0.026626425217974425
36,94,93,36939.0,36907,32.0,37186.0,37155,31.0,37396.0,37422,-26.0,3.472,3.456,0.016000000000000014,1.00194,1.02718,-0.02523999999999993,0.9190371991247265,0.9631067961165048,-0.04406959699177837
36,95,94,37396.0,37422,-26.0,37632.0,37629,3.0,37844.0,37806,38.0,3.568,3.792,-0.22399999999999975,0.94174,0.94174,0.0,0.9464285714285714,0.921875,0.024553571428571397
36,96,95,37844.0,37806,38.0,38098.0,38076,22.0,38276.0,38242,34.0,3.728,3.576,0.15200000000000014,0.9941800000000001,0.97087,0.023310000000000053,0.8240740740740741,0.7614678899082569,0.0626061841658172
36,97,96,38276.0,38242,34.0,38533.0,38501,32.0,38705.0,38704,1.0,3.48,3.4,0.08000000000000007,0.93203,0.93203,0.0,0.8018648018648018,0.8787878787878788,-0.07692307692307698
36,98,97,38705.0,38704,1.0,38936.0,38905,31.0,39121.0,39091,30.0,3.224,3.232,-0.008000000000000007,0.88932,0.88544,0.0038799999999999946,0.8894230769230769,0.9612403100775194,-0.07181723315444255
36,99,98,39121.0,39091,30.0,39371.0,39342,29.0,39569.0,39520,49.0,3.48,3.496,-0.016000000000000014,0.96116,0.96116,0.0,0.8839285714285714,0.8298368298368298,0.05409174159174157
36,100,99,39569.0,39520,49.0,39797.0,39779,18.0,39970.0,39996,-26.0,3.408,3.496,-0.08800000000000008,0.82136,0.85049,-0.02912999999999999,0.8628428927680798,0.9117647058823529,-0.04892181311427313
36,101,100,39970.0,39996,-26.0,40207.0,40180,27.0,40376.0,40363,13.0,3.28,3.208,0.07199999999999962,0.93204,0.93204,0.0,0.8325123152709359,0.997275204359673,-0.16476288908873704
36,102,101,40376.0,40363,13.0,40613.0,40586,27.0,40792.0,40766,26.0,3.248,3.248,0.0,1.02719,1.02719,0.0,0.8605769230769231,0.8933002481389578,-0.03272332506203468
36,103,102,40792.0,40766,26.0,41026.0,41015,11.0,41222.0,41183,39.0,3.304,3.432,-0.1280000000000001,1.07378,1.07378,0.0,0.9116279069767442,0.8057553956834532,0.105872511293291
36,104,103,41222.0,41183,39.0,41482.0,41463,19.0,41644.0,41647,-3.0,3.648,3.584,0.06400000000000006,0.9689300000000001,0.97281,-0.0038799999999998835,0.7677725118483412,0.7931034482758621,-0.025330936427520934
36,105,104,41644.0,41647,-3.0,41836.0,41835,1.0,42030.0,42025,5.0,2.832,2.976,-0.14400000000000013,0.91845,0.91845,0.0,0.9948186528497409,0.9947089947089947,0.00010965814074626046
36,106,105,42030.0,42025,5.0,42238.0,42246,-8.0,42445.0,42400,45.0,3.216,3.288,-0.07199999999999962,0.86019,0.86019,0.0,0.9975903614457832,0.8213333333333334,0.1762570281124498
36,107,106,42445.0,42400,45.0,42725.0,42706,19.0,42925.0,42957,-32.0,3.896,3.68,0.21599999999999975,0.89515,0.8970899999999999,-0.0019399999999999418,0.8333333333333334,0.9012567324955116,-0.06792339916217827
36,108,107,42925.0,42957,-32.0,43142.0,43155,-13.0,43338.0,43338,0.0,3.336,3.592,-0.2560000000000002,0.83107,0.83107,0.0,0.9491525423728814,0.9606299212598425,-0.011477378886961098
36,109,108,43338.0,43338,0.0,43548.0,43533,15.0,43738.0,43694,44.0,3.248,3.024,0.2240000000000002,0.93981,0.93981,0.0,0.95,0.9044943820224719,0.04550561797752806
36,110,109,43738.0,43694,44.0,43990.0,43968,22.0,44156.0,44156,0.0,3.536,3.48,0.05600000000000005,0.93593,0.93593,0.0,0.7942583732057417,0.8138528138528138,-0.019594440647072164
36,111,110,44156.0,44156,0.0,44360.0,44363,-3.0,44540.0,44543,-3.0,2.96,3.16,-0.20000000000000018,0.93204,0.93204,0.0,0.9375,0.9302325581395349,0.007267441860465129
36,112,111,44540.0,44543,-3.0,44744.0,44735,9.0,44922.0,44899,23.0,3.072,2.976,0.09600000000000009,1.08544,1.08544,0.0,0.9319371727748691,0.9213483146067416,0.01058885816812749
36,113,112,44922.0,44899,23.0,45151.0,45139,12.0,45347.0,45301,46.0,3.256,3.232,0.023999999999999577,0.9572799999999999,0.9572799999999999,0.0,0.9223529411764706,0.8059701492537313,0.11638279192273926
36,114,113,45347.0,45301,46.0,45567.0,45574,-7.0,45748.0,45978,-230.0,3.328,3.48,-0.15200000000000014,0.79611,0.79611,0.0,0.9027431421446384,0.8064992614475628,0.09624388069707557
36,116,114,45934.0,45978,-44.0,46172.0,46150,22.0,46332.0,46324,8.0,3.288,4.608,-1.3199999999999998,0.85825,0.85825,0.0,0.8040201005025126,0.9942196531791907,-0.1901995526766781
36,117,115,46332.0,46324,8.0,46570.0,46546,24.0,46769.0,46796,-27.0,3.184,3.168,0.016000000000000014,0.96311,0.98835,-0.02523999999999993,0.9107551487414187,0.940677966101695,-0.029922817360276244
36,118,116,46769.0,46796,-27.0,47021.0,47003,18.0,47170.0,47176,-6.0,3.608,3.656,-0.04800000000000004,0.88544,0.88544,0.0,0.743142144638404,0.9105263157894736,-0.16738417115106963
36,119,117,47170.0,47176,-6.0,47366.0,47347,19.0,47552.0,47566,-14.0,2.76,2.752,0.008000000000000007,0.96894,0.96894,0.0,0.9738219895287958,0.8769230769230769,0.09689891260571892
36,120,118,47552.0,47566,-14.0,47768.0,47773,-5.0,47978.0,47978,0.0,3.216,3.408,-0.19199999999999973,0.96311,0.96311,0.0,0.9859154929577465,0.9951456310679612,-0.00923013811021467
36,121,119,47978.0,47978,0.0,48210.0,48192,18.0,48372.0,48374,-2.0,3.536,3.352,0.18400000000000016,0.86214,0.86214,0.0,0.8223350253807107,0.9191919191919192,-0.09685689381120854
36,122,120,48372.0,48374,-2.0,48567.0,48576,-9.0,48779.0,48745,34.0,2.856,3.072,-0.2160000000000002,0.8776700000000001,0.8776700000000001,0.0,0.9582309582309583,0.9110512129380054,0.04717974529295288
36,123,121,48779.0,48745,34.0,49049.0,49023,26.0,49225.0,49192,33.0,3.856,3.576,0.2799999999999998,0.94951,0.94951,0.0,0.789237668161435,0.756152125279642,0.033085542881792995
36,124,122,49225.0,49192,33.0,49464.0,49449,15.0,49641.0,49632,9.0,3.32,3.408,-0.08800000000000008,1.01359,1.01359,0.0,0.8509615384615384,0.8318181818181818,0.019143356643356646
36,125,123,49641.0,49632,9.0,49867.0,49843,24.0,50041.0,50025,16.0,3.224,3.152,0.07200000000000006,0.93204,0.93204,0.0,0.87,0.9262086513994912,-0.05620865139949116
36,126,124,50041.0,50025,16.0,50288.0,50267,21.0,50485.0,50513,-28.0,3.368,3.392,-0.02400000000000002,0.9067959999999999,1.00194,-0.09514400000000012,0.8873873873873874,0.9918032786885246,-0.10441589130113715
36,127,125,50485.0,50513,-28.0,50703.0,50684,19.0,50879.0,50858,21.0,3.32,3.336,-0.016000000000000014,0.78446,0.78446,0.0,0.8934010152284264,0.991304347826087,-0.0979033325976606
36,128,126,50879.0,50858,21.0,51119.0,51078,41.0,51295.0,51268,27.0,3.328,3.152,0.1759999999999997,0.87961,0.87961,0.0,0.8461538461538461,0.926829268292683,-0.08067542213883683
36,129,127,51295.0,51268,27.0,51533.0,51495,38.0,51664.0,51667,-3.0,3.312,3.336,-0.02400000000000002,0.9398,0.97864,-0.038839999999999986,0.7100271002710027,0.8621553884711779,-0.1521282882001752
36,130,128,51664.0,51667,-3.0,51852.0,51825,27.0,52034.0,51982,52.0,2.552,2.64,-0.08800000000000008,0.86214,0.7805850000000001,0.08155499999999993,0.9837837837837837,0.9968253968253968,-0.01304161304161311
36,131,129,52034.0,51982,52.0,52271.0,52245,26.0,52445.0,52493,-48.0,3.352,3.36,-0.008000000000000007,0.9883500000000001,1.01359,-0.02523999999999993,0.8467153284671532,0.9706457925636007,-0.12393046409644748
36,132,130,52445.0,52493,-48.0,52685.0,52663,22.0,52896.0,52841,55.0,3.312,3.344,-0.03200000000000003,0.94563,0.836894,0.10873599999999994,0.9356984478935698,0.9770114942528736,-0.04131304635930377
36,133,131,52896.0,52841,55.0,53135.0,53106,29.0,53331.0,53290,41.0,3.6,3.544,0.05600000000000005,0.97476,0.95534,0.019419999999999993,0.9011494252873563,0.8195991091314031,0.0815503161559532
36,134,132,53331.0,53290,41.0,53567.0,53536,31.0,53776.0,53719,57.0,3.456,3.44,0.016000000000000014,0.8932100000000001,0.90486,-0.011649999999999938,0.9393258426966292,0.8531468531468531,0.0861789895497761
36,135,133,53776.0,53719,57.0,54050.0,54024,26.0,54220.0,54231,-11.0,3.864,3.904,-0.040000000000000036,0.96699,0.96699,0.0,0.7657657657657657,0.80859375,-0.042827984234234284
36,136,134,54220.0,54231,-11.0,54366.0,54374,-8.0,54486.0,54488,-2.0,2.528,2.8,-0.2719999999999998,0.8136000000000001,0.8136000000000001,0.0,0.9022556390977443,0.8871595330739299,0.015096106023814393
36,137,135,54486.0,54488,-2.0,54687.0,54642,45.0,54862.0,54826,36.0,2.568,2.144,0.42399999999999993,0.77087,0.77087,0.0,0.9308510638297872,0.9112426035502958,0.01960846027949137
36,138,136,54862.0,54826,36.0,55114.0,55121,-7.0,55343.0,55307,36.0,3.416,3.832,-0.4159999999999999,0.8640800000000001,0.8737900000000001,-0.009709999999999996,0.9521829521829521,0.7733887733887734,0.1787941787941787
36,139,137,55343.0,55307,36.0,55636.0,55617,19.0,55820.0,55839,-19.0,4.176,3.968,0.20800000000000018,0.91457,0.91845,-0.0038799999999999946,0.7714884696016772,0.8345864661654135,-0.06309799656373638
36,140,138,55820.0,55839,-19.0,56053.0,56010,43.0,56232.0,56233,-1.0,3.336,3.144,0.19199999999999973,0.90291,0.90291,0.0,0.8689320388349515,0.868020304568528,0.0009117342664235473
36,141,139,56232.0,56233,-1.0,56464.0,56443,21.0,56635.0,56619,16.0,3.288,3.464,-0.17600000000000016,1.05242,1.05242,0.0,0.8486352357320099,0.9119170984455959,-0.06328186271358593
36,142,140,56635.0,56619,16.0,56862.0,56835,27.0,57038.0,57012,26.0,3.184,3.136,0.04800000000000004,1.00971,1.00971,0.0,0.8734491315136477,0.9007633587786259,-0.02731422726497823
36,143,141,57038.0,57012,26.0,57272.0,57242,30.0,57454.0,57461,-7.0,3.28,3.256,0.02400000000000002,0.91457,0.93398,-0.01941000000000004,0.875,0.9755011135857461,-0.1005011135857461
36,144,142,57454.0,57461,-7.0,57691.0,57669,22.0,57868.0,57843,25.0,3.352,3.416,-0.06400000000000006,0.9572799999999999,0.9572799999999999,0.0,0.855072463768116,0.9109947643979057,-0.055922300629789756
36,145,143,57868.0,57843,25.0,58107.0,58082,25.0,58293.0,58265,28.0,3.328,3.304,0.02400000000000002,0.97476,0.97476,0.0,0.8752941176470588,0.8672985781990521,0.007995539448006683
36,146,144,58293.0,58265,28.0,58543.0,58525,18.0,58721.0,58701,20.0,3.488,3.544,-0.05600000000000005,0.99029,0.9980500000000001,-0.0077600000000001,0.8317757009345794,0.8073394495412844,0.024436251393294972
36,147,145,58721.0,58701,20.0,58953.0,58959,-6.0,59141.0,59137,4.0,3.28,3.472,-0.19200000000000017,0.96116,0.96116,0.0,0.8952380952380953,0.8165137614678899,0.07872433377020538
36,148,146,59141.0,59137,4.0,59350.0,59337,13.0,59535.0,59538,-3.0,3.176,3.024,0.15200000000000014,0.9436899999999999,0.9436899999999999,0.0,0.9390862944162437,0.9975062344139651,-0.05841993999772144
36,149,147,59535.0,59538,-3.0,59748.0,59733,15.0,59894.0,59868,26.0,3.184,3.168,0.016000000000000014,0.97281,0.97281,0.0,0.8133704735376044,0.8181818181818181,-0.004811344644213733
37,1,1,319.0,368,-49.0,516.0,512,4.0,770.0,806,-36.0,,3.568,,0.9225200000000001,1.049209,-0.12668899999999994,0.8736141906873615,0.6575342465753424,0.21607994411201903
37,2,2,770.0,806,-36.0,922.0,929,-7.0,1159.0,1198,-39.0,3.248,3.336,-0.08799999999999963,1.16856,1.16856,0.0,0.781491002570694,0.6275510204081632,0.1539399821625308
37,3,3,1159.0,1198,-39.0,1337.0,1338,-1.0,1626.0,1660,-34.0,3.32,3.272,0.04800000000000004,1.15503,1.16733,-0.012299999999999978,0.7623126338329764,0.6060606060606061,0.15625202777237035
37,4,4,1626.0,1660,-34.0,1837.0,1840,-3.0,2093.0,2121,-28.0,4.0,4.016,-0.016000000000000014,1.16733,1.0849199999999999,0.0824100000000001,0.9036402569593147,0.7809110629067245,0.1227291940525902
37,5,5,2093.0,2121,-28.0,2269.0,2267,2.0,2504.0,2531,-27.0,3.456,3.416,0.040000000000000036,1.12428,1.12428,0.0,0.856447688564477,0.7121951219512195,0.14425256661325747
37,6,6,2504.0,2531,-27.0,2686.0,2686,0.0,2891.0,2923,-32.0,3.336,3.352,-0.016000000000000014,1.182091,1.182091,0.0,0.9405684754521964,0.7908163265306123,0.14975214892158406
37,7,7,2891.0,2923,-32.0,3067.0,3066,1.0,3330.0,3367,-37.0,3.048,3.04,0.008000000000000007,1.16364,1.16364,0.0,0.8018223234624146,0.6441441441441442,0.15767817931827033
37,8,8,3330.0,3367,-37.0,3518.0,3516,2.0,3776.0,3797,-21.0,3.608,3.6,0.008000000000000007,1.1796309999999999,1.1796309999999999,0.0,0.8430493273542601,0.6930232558139535,0.15002607154030656
37,9,9,3776.0,3797,-21.0,3945.0,3954,-9.0,4124.0,4166,-42.0,3.416,3.504,-0.08800000000000008,1.061549,1.061549,0.0,0.9712643678160919,0.8509485094850948,0.12031585833099712
37,10,10,4124.0,4166,-42.0,4286.0,4285,1.0,4454.0,4428,26.0,2.728,2.648,0.08000000000000007,1.25835,1.25835,0.0,0.9818181818181818,0.9083969465648855,0.07342123525329636
37,11,11,4454.0,4428,26.0,4549.0,4544,5.0,4607.0,4640,-33.0,2.104,2.072,0.03200000000000003,0.25583999999999996,0.25583999999999996,0.0,0.7581699346405228,0.9056603773584906,-0.14749044271796774
37,12,12,4607.0,4640,-33.0,4817.0,4794,23.0,5023.0,4992,31.0,2.144,2.0,0.14400000000000013,1.25835,1.25835,0.0,0.9903846153846154,0.875,0.11538461538461542
37,13,13,5023.0,4992,31.0,5300.0,5297,3.0,5607.0,5607,0.0,3.864,4.024,-0.16000000000000014,1.25835,1.25835,0.0,0.9486301369863014,0.991869918699187,-0.04323978171288556
37,14,14,5607.0,5607,0.0,5971.0,5969,2.0,6199.0,6162,37.0,5.368,5.376,-0.008000000000000007,1.1697899999999999,1.1316599999999999,0.03813,0.7702702702702703,0.6954954954954955,0.07477477477477479
37,15,15,6199.0,6162,37.0,6450.0,6447,3.0,6689.0,6616,73.0,3.832,3.824,0.008000000000000007,1.191931,1.190701,0.0012300000000000644,0.9755102040816327,0.7444933920704846,0.2310168120111481
37,16,16,6689.0,6616,73.0,6904.0,6900,4.0,7125.0,7179,-54.0,3.632,3.624,0.008000000000000007,1.14765,1.191931,-0.044281000000000015,0.9862385321100917,0.9911190053285968,-0.004880473218505044
37,17,17,7125.0,7179,-54.0,7314.0,7308,6.0,7540.0,7589,-49.0,3.28,3.264,0.016000000000000014,1.25835,1.25835,0.0,0.9108433734939759,0.6292682926829268,0.2815750808110491
37,18,18,7540.0,7589,-49.0,7731.0,7730,1.0,7918.0,7961,-43.0,3.336,3.376,-0.040000000000000036,1.23129,1.23129,0.0,0.9894179894179894,0.7580645161290323,0.23135347328895717
37,19,19,7918.0,7961,-43.0,8076.0,8079,-3.0,8268.0,8300,-32.0,2.76,2.792,-0.03200000000000003,1.17225,1.189471,-0.01722099999999993,0.9028571428571428,0.696165191740413,0.20669195111672978
37,20,20,8268.0,8300,-32.0,8425.0,8432,-7.0,8613.0,8653,-40.0,2.792,2.824,-0.03200000000000003,1.2522,1.2522,0.0,0.9101449275362319,0.7478753541076487,0.16226957342858317
37,21,21,8613.0,8653,-40.0,8772.0,8782,-10.0,8983.0,9011,-28.0,2.776,2.8,-0.02400000000000002,1.25589,1.25589,0.0,0.8594594594594595,0.7206703910614525,0.13878906839800698
37,22,22,8983.0,9011,-28.0,9139.0,9140,-1.0,9320.0,9351,-31.0,2.936,2.864,0.07200000000000006,1.218991,1.25835,-0.039359000000000144,0.9258160237388724,0.7588235294117647,0.16699249432710772
37,23,23,9320.0,9351,-31.0,9476.0,9474,2.0,9693.0,9724,-31.0,2.696,2.672,0.02400000000000002,1.2140499999999999,1.2140499999999999,0.0,0.8364611260053619,0.6595174262734584,0.1769436997319035
37,24,24,9693.0,9724,-31.0,9884.0,9884,0.0,10058.0,10086,-28.0,3.264,3.28,-0.016000000000000014,1.15134,1.25835,-0.10701000000000005,0.9534246575342465,0.8839779005524862,0.0694467569817604
37,25,25,10058.0,10086,-28.0,10200.0,10204,-4.0,10439.0,10459,-20.0,2.528,2.56,-0.03200000000000003,1.25835,1.25835,0.0,0.7454068241469816,0.6327077747989276,0.11269904934805397
37,26,26,10439.0,10459,-20.0,10622.0,10622,0.0,10878.0,10918,-40.0,3.376,3.344,0.03200000000000003,1.11075,1.070159,0.04059099999999982,0.8337129840546698,0.710239651416122,0.12347333263854776
37,27,27,10878.0,10918,-40.0,11078.0,11069,9.0,11293.0,11328,-35.0,3.648,3.576,0.07200000000000006,1.10214,1.10214,0.0,0.963855421686747,0.7365853658536585,0.22727005583308846
37,28,28,11293.0,11328,-35.0,11472.0,11480,-8.0,11669.0,11682,-13.0,3.152,3.288,-0.13599999999999968,1.1538,1.180861,-0.027061,0.9521276595744681,0.8587570621468926,0.09337059742757547
37,29,29,11669.0,11682,-13.0,11818.0,11804,14.0,12056.0,12094,-38.0,2.768,2.592,0.1759999999999997,1.121801,1.136561,-0.014759999999999884,0.7700258397932817,0.5922330097087378,0.17779283008454383
37,30,30,12056.0,12094,-38.0,12241.0,12238,3.0,12439.0,12461,-22.0,3.384,3.472,-0.08800000000000008,1.08487,1.08487,0.0,0.9660574412532636,0.784741144414169,0.18131629683909467
37,31,31,12439.0,12461,-22.0,12585.0,12598,-13.0,12807.0,12849,-42.0,2.752,2.88,-0.1280000000000001,0.9520299999999999,0.9520299999999999,0.0,0.7934782608695652,0.7061855670103092,0.08729269385925598
37,32,32,12807.0,12849,-42.0,12986.0,12991,-5.0,13250.0,13280,-30.0,3.208,3.144,0.06400000000000006,1.08738,1.13043,-0.04305000000000003,0.8081264108352144,0.6589327146171693,0.14919369621804512
37,33,33,13250.0,13280,-30.0,13440.0,13438,2.0,13628.0,13661,-33.0,3.632,3.576,0.05600000000000005,1.0689300000000002,1.0308000000000002,0.03813,0.9947089947089947,0.8293963254593175,0.16531266924967714
37,34,34,13628.0,13661,-33.0,13790.0,13785,5.0,14068.0,14094,-26.0,2.8,2.776,0.02400000000000002,0.757689,0.8142699999999999,-0.05658099999999999,0.7363636363636363,0.5727482678983833,0.16361536846525304
37,35,35,14068.0,14094,-26.0,14277.0,14294,-17.0,14397.0,14439,-42.0,3.896,4.072,-0.17600000000000016,1.0270500999999999,1.0270500999999999,0.0,0.729483282674772,0.8405797101449275,-0.11109642747015547
37,36,36,14397.0,14439,-42.0,14541.0,14549,-8.0,14775.0,14810,-35.0,2.112,2.04,0.07200000000000006,1.25835,1.25835,0.0,0.7619047619047619,0.5929919137466307,0.16891284815813112
37,37,37,14775.0,14810,-35.0,14967.0,14966,1.0,15192.0,15222,-30.0,3.408,3.336,0.07200000000000006,1.1340499999999998,1.1340499999999998,0.0,0.920863309352518,0.7572815533980582,0.16358175595445978
37,38,38,15192.0,15222,-30.0,15397.0,15389,8.0,15620.0,15652,-32.0,3.44,3.384,0.05600000000000005,1.06644,1.0381501,0.02828990000000009,0.9579439252336449,0.7767441860465116,0.18119973918713328
37,39,39,15620.0,15652,-32.0,15818.0,15813,5.0,16089.0,16116,-27.0,3.368,3.392,-0.02400000000000002,1.04555,1.10213,-0.056580000000000075,0.8443496801705757,0.6939655172413793,0.15038416292919632
37,40,40,16089.0,16116,-27.0,16288.0,16293,-5.0,16534.0,16568,-34.0,3.76,3.84,-0.08000000000000007,1.14023,1.11317,0.027060000000000084,0.8943820224719101,0.7831858407079646,0.11119618176394552
37,41,41,16534.0,16568,-34.0,16717.0,16715,2.0,16918.0,16937,-19.0,3.432,3.376,0.05600000000000005,1.194391,1.23621,-0.04181900000000005,0.953125,0.7967479674796748,0.1563770325203252
37,42,42,16918.0,16937,-19.0,17075.0,17081,-6.0,17329.0,17352,-23.0,2.864,2.928,-0.06400000000000006,1.25835,1.25835,0.0,0.7639902676399026,0.6939759036144578,0.07001436402544481
37,43,43,17329.0,17352,-23.0,17499.0,17503,-4.0,17742.0,17768,-26.0,3.392,3.376,0.016000000000000014,1.08361,1.152491,-0.06888099999999997,0.8232445520581113,0.7259615384615384,0.09728301359657288
37,44,44,17742.0,17768,-26.0,17910.0,17918,-8.0,18024.0,18044,-20.0,3.288,3.32,-0.03200000000000003,1.1967809999999999,1.1967809999999999,0.0,0.8085106382978724,0.9130434782608696,-0.10453283996299723
37,45,45,18024.0,18044,-20.0,18162.0,18164,-2.0,18364.0,18317,47.0,2.016,1.968,0.04800000000000004,1.25835,1.25835,0.0,0.8117647058823529,0.8791208791208791,-0.06735617323852616
37,46,46,18364.0,18317,47.0,18717.0,18718,-1.0,18948.0,18971,-23.0,4.44,4.432,0.008000000000000007,1.25835,1.25835,0.0,0.7910958904109588,0.7737003058103975,0.017395584600561342
37,47,47,18948.0,18971,-23.0,19127.0,19137,-10.0,19455.0,19486,-31.0,3.28,3.352,-0.07200000000000006,1.13043,1.1611799999999999,-0.030749999999999833,0.7061143984220908,0.6446601941747573,0.0614542042473335
37,48,48,19455.0,19486,-31.0,19708.0,19715,-7.0,19914.0,19936,-22.0,4.648,4.624,0.02400000000000002,1.17717,1.17717,0.0,0.8976034858387799,0.9822222222222222,-0.0846187363834423
37,49,49,19914.0,19936,-22.0,20116.0,20113,3.0,20300.0,20305,-5.0,3.264,3.184,0.07999999999999963,1.191931,1.191931,0.0,0.9533678756476685,0.959349593495935,-0.00598171784826651
37,50,50,20300.0,20305,-5.0,20445.0,20444,1.0,20690.0,20723,-33.0,2.632,2.648,-0.016000000000000014,1.155011,1.155011,0.0,0.7435897435897436,0.6650717703349283,0.07851797325481535
37,51,51,20690.0,20723,-33.0,20879.0,20860,19.0,21035.0,20990,45.0,3.472,3.328,0.14400000000000013,0.89176,0.89176,0.0,0.9043478260869565,0.9737827715355806,-0.06943494544862405
37,52,52,21035.0,20990,45.0,21327.0,21328,-1.0,21546.0,21575,-29.0,3.584,3.744,-0.16000000000000014,1.03075,1.04305,-0.012299999999999978,0.8571428571428572,0.8444444444444444,0.012698412698412764
37,53,53,21546.0,21575,-29.0,21714.0,21726,-12.0,21914.0,21941,-27.0,3.096,3.184,-0.08800000000000008,1.1611500000000001,1.1611500000000001,0.0,0.9130434782608696,0.825136612021858,0.08790686623901167
37,54,54,21914.0,21941,-27.0,22088.0,22093,-5.0,22385.0,22403,-18.0,2.992,2.936,0.05600000000000005,1.08984,1.072619,0.01722099999999993,0.7388535031847134,0.6580086580086579,0.0808448451760555
37,55,55,22385.0,22403,-18.0,22548.0,22551,-3.0,22754.0,22787,-33.0,3.68,3.664,0.016000000000000014,1.09599,1.09599,0.0,0.8834688346883469,0.7708333333333334,0.11263550135501355
37,56,56,22754.0,22787,-33.0,22930.0,22943,-13.0,23137.0,23160,-23.0,3.056,3.136,-0.08000000000000007,1.1032899999999999,1.119281,-0.01599100000000009,0.9190600522193212,0.8364611260053619,0.08259892621395926
37,57,57,23137.0,23160,-23.0,23285.0,23297,-12.0,23576.0,23611,-35.0,2.84,2.832,0.008000000000000007,1.214071,1.214071,0.0,0.6742596810933941,0.6075388026607539,0.06672087843264018
37,58,58,23576.0,23611,-35.0,23759.0,23767,-8.0,23958.0,23981,-23.0,3.792,3.76,0.03200000000000003,1.0553500999999998,1.0553500999999998,0.0,0.9581151832460733,0.8432432432432433,0.11487194000282996
37,59,59,23958.0,23981,-23.0,24109.0,24111,-2.0,24313.0,24340,-27.0,2.8,2.752,0.04800000000000004,1.08361,1.2287499999999998,-0.14513999999999982,0.8507042253521127,0.724233983286908,0.12647024206520463
37,60,60,24313.0,24340,-27.0,24471.0,24486,-15.0,24709.0,24728,-19.0,2.896,3.0,-0.10400000000000009,1.23495,1.23495,0.0,0.797979797979798,0.7525773195876289,0.045402478392169154
37,61,61,24709.0,24728,-19.0,24849.0,24865,-16.0,25076.0,25107,-31.0,3.024,3.032,-0.008000000000000007,0.95326,1.11685,-0.1635899999999999,0.7629427792915531,0.7229551451187335,0.039987634172819586
37,62,62,25076.0,25107,-31.0,25256.0,25262,-6.0,25471.0,25500,-29.0,3.256,3.176,0.07999999999999963,1.25835,1.25835,0.0,0.9113924050632911,0.7888040712468194,0.12258833381647172
37,63,63,25471.0,25500,-29.0,25650.0,25653,-3.0,25896.0,25922,-26.0,3.152,3.128,0.02400000000000002,1.1525699999999999,1.16364,-0.011070000000000135,0.8423529411764705,0.7251184834123223,0.1172344577641482
37,64,64,25896.0,25922,-26.0,26049.0,26049,0.0,26255.0,26285,-30.0,3.192,3.168,0.02400000000000002,0.97294,0.97294,0.0,0.8523676880222841,0.699724517906336,0.15264317011594808
37,65,65,26255.0,26285,-30.0,26411.0,26419,-8.0,26698.0,26723,-25.0,2.896,2.96,-0.06400000000000006,1.01845,1.01845,0.0,0.7042889390519187,0.6118721461187215,0.09241679293319716
37,66,66,26698.0,26723,-25.0,26900.0,26892,8.0,27095.0,27118,-23.0,3.912,3.784,0.1280000000000001,1.1168101000000001,1.14141,-0.024599899999999897,0.982367758186398,0.8556962025316456,0.1266715556547524
37,67,67,27095.0,27118,-23.0,27213.0,27209,4.0,27343.0,27317,26.0,2.504,2.536,-0.03200000000000003,1.25835,1.25835,0.0,0.9516129032258065,0.914572864321608,0.03704003890419849
37,68,68,27343.0,27317,26.0,27632.0,27631,1.0,27891.0,27910,-19.0,3.352,3.376,-0.02400000000000002,1.25835,1.25835,0.0,0.9452554744525548,0.9409780775716695,0.0042773968808852425
37,69,69,27891.0,27910,-19.0,28064.0,28082,-18.0,28303.0,28328,-25.0,3.456,3.608,-0.15200000000000014,1.0922299999999998,1.210311,-0.1180810000000001,0.8398058252427184,0.8229665071770335,0.01683931806568495
37,70,70,28303.0,28328,-25.0,28479.0,28491,-12.0,28753.0,28770,-17.0,3.32,3.272,0.04800000000000004,1.1107,1.1107,0.0,0.7822222222222223,0.7375565610859729,0.04466566113624937
37,71,71,28753.0,28770,-17.0,28903.0,28919,-16.0,29119.0,29147,-28.0,3.392,3.424,-0.03200000000000003,1.043051,1.0983999999999998,-0.05534899999999987,0.819672131147541,0.7904509283819628,0.029221202765578158
37,72,72,29119.0,29147,-28.0,29314.0,29279,35.0,29349.0,29546,-197.0,3.288,2.88,0.4079999999999999,0.90898,0.95326,-0.044279999999999986,0.30434782608695654,0.6616541353383458,-0.3573063092513893
37,74,73,29529.0,29546,-17.0,29652.0,29680,-28.0,29894.0,29907,-13.0,1.456,3.208,-1.7520000000000002,1.1426500000000002,1.1426500000000002,0.0,0.673972602739726,0.7423822714681441,-0.06840966872841803
37,75,74,29894.0,29907,-13.0,30145.0,30107,38.0,30285.0,30285,0.0,3.944,3.416,0.528,1.16485,1.16485,0.0,0.7161125319693095,0.9417989417989419,-0.2256864098296324
37,76,75,30285.0,30285,0.0,30402.0,30391,11.0,30617.0,30644,-27.0,2.056,2.272,-0.21599999999999975,0.8204210000000001,0.89668,-0.07625899999999997,0.7048192771084337,0.5905292479108635,0.11429002919757025
37,77,76,30617.0,30644,-27.0,30735.0,30767,-32.0,30844.0,30986,-142.0,2.664,3.008,-0.34399999999999986,0.69373,0.69373,0.0,0.960352422907489,0.7192982456140351,0.2410541772934539
37,79,77,30955.0,30986,-31.0,31153.0,31132,21.0,31344.0,31363,-19.0,2.0,2.92,-0.9199999999999999,0.99262,0.99262,0.0,0.9820051413881749,0.7745358090185677,0.20746933236960718
37,80,78,31344.0,31363,-19.0,31564.0,31524,40.0,31724.0,31742,-18.0,3.288,3.136,0.1519999999999997,1.1783610000000002,1.21895,-0.040588999999999764,0.8421052631578947,0.8496042216358839,-0.007498958477989204
37,81,79,31724.0,31742,-18.0,31897.0,31887,10.0,32015.0,32108,-93.0,2.664,2.904,-0.23999999999999977,1.0910199999999999,1.0910199999999999,0.0,0.8109965635738832,0.7923497267759563,0.01864683679792689
37,83,80,32152.0,32108,44.0,32230.0,32218,12.0,32441.0,32479,-38.0,1.512,2.648,-1.1360000000000001,0.6211599999999999,0.7822899999999999,-0.16113,0.5397923875432526,0.5929919137466307,-0.05319952620337809
37,84,81,32441.0,32479,-38.0,32609.0,32623,-14.0,32852.0,32872,-20.0,3.032,3.24,-0.20800000000000018,1.25835,1.25835,0.0,0.8175182481751825,0.732824427480916,0.08469382069426645
37,85,82,32852.0,32872,-20.0,32988.0,33011,-23.0,33209.0,33246,-37.0,3.032,3.104,-0.07200000000000006,0.98524,0.98524,0.0,0.7619047619047619,0.7433155080213903,0.018589253883371515
37,86,83,33209.0,33246,-37.0,33391.0,33403,-12.0,33597.0,33616,-19.0,3.224,3.136,0.08800000000000008,1.25835,1.25835,0.0,0.9381443298969072,0.8486486486486486,0.08949568124825857
37,87,84,33597.0,33616,-19.0,33728.0,33758,-30.0,33953.0,33971,-18.0,2.696,2.84,-0.14399999999999968,1.16975,1.16975,0.0,0.7359550561797753,0.8,-0.06404494382022474
37,88,85,33953.0,33971,-18.0,34141.0,34112,29.0,34308.0,34325,-17.0,3.304,2.832,0.472,1.13285,1.13285,0.0,0.9408450704225352,0.7966101694915254,0.14423490093100977
37,89,86,34308.0,34325,-17.0,34477.0,34472,5.0,34707.0,34732,-25.0,2.688,2.88,-0.19199999999999973,1.1426500000000002,1.1426500000000002,0.0,0.8471177944862156,0.7223587223587223,0.12475907212749326
37,90,87,34707.0,34732,-25.0,34890.0,34873,17.0,35110.0,35116,-6.0,3.304,3.208,0.09599999999999964,1.08364,1.08364,0.0,0.9081885856079405,0.734375,0.17381358560794047
37,91,88,35110.0,35116,-6.0,35308.0,35321,-13.0,35438.0,35469,-31.0,3.344,3.584,-0.2400000000000002,0.88315,0.88315,0.0,0.7926829268292683,0.8385269121813032,-0.04584398535203482
37,92,89,35438.0,35469,-31.0,35634.0,35624,10.0,35823.0,35816,7.0,2.608,2.424,0.18400000000000016,1.15495,1.15495,0.0,0.9818181818181818,0.8933717579250721,0.08844642389310975
37,93,90,35823.0,35816,7.0,36052.0,36002,50.0,36199.0,36205,-6.0,3.344,3.024,0.31999999999999984,1.25835,1.25835,0.0,0.7819148936170213,0.9562982005141388,-0.17438330689711756
37,94,91,36199.0,36205,-6.0,36389.0,36370,19.0,36518.0,36545,-27.0,2.696,2.944,-0.24799999999999978,0.9225500000000001,0.9373100000000001,-0.014759999999999995,0.8087774294670846,0.9705882352941176,-0.161810805827033
37,95,92,36518.0,36545,-27.0,36663.0,36672,-9.0,36961.0,36996,-35.0,2.192,2.416,-0.22399999999999975,1.01481,1.10952,-0.09471000000000007,0.654627539503386,0.5631929046563193,0.09143463484706671
37,96,93,36961.0,36996,-35.0,37135.0,37146,-11.0,37394.0,37389,5.0,3.776,3.792,-0.016000000000000014,1.25835,1.25835,0.0,0.8036951501154734,0.7633587786259541,0.040336371489519296
37,97,94,37394.0,37389,5.0,37559.0,37583,-24.0,37747.0,37737,10.0,3.392,3.496,-0.10400000000000009,1.21645,1.21645,0.0,0.9348441926345609,0.8850574712643678,0.04978672137019302
37,98,95,37747.0,37737,10.0,37899.0,37903,-4.0,38153.0,38077,76.0,2.72,2.56,0.16000000000000014,1.185781,1.25712,-0.07133900000000004,0.7487684729064039,0.9764705882352941,-0.22770211532889018
37,99,96,38153.0,38077,76.0,38380.0,38371,9.0,38618.0,38650,-32.0,3.848,3.744,0.10399999999999965,1.10706,1.14765,-0.040590000000000126,0.9763440860215054,0.9738219895287958,0.0025220964927095135
37,100,97,38618.0,38650,-32.0,38769.0,38763,6.0,38989.0,39016,-27.0,3.112,3.136,-0.02400000000000002,1.123,1.123,0.0,0.8140161725067385,0.6174863387978142,0.1965298337089243
37,103,98,39601.0,39598,3.0,40042.0,40017,25.0,40295.0,40310,-15.0,4.424,4.144,0.28000000000000025,1.25835,1.25835,0.0,0.729106628242075,0.8230337078651686,-0.09392707962309366
37,104,99,40295.0,40310,-15.0,40431.0,40451,-20.0,40700.0,40739,-39.0,3.112,3.472,-0.3599999999999999,0.6371500000000001,0.7958200000000001,-0.15866999999999998,0.671604938271605,0.6573426573426573,0.014262280928947657
37,105,100,40700.0,40739,-39.0,40898.0,40921,-23.0,41162.0,41154,8.0,3.736,3.76,-0.023999999999999577,1.2091500000000002,1.2091500000000002,0.0,0.8571428571428572,0.8771084337349397,-0.019965576592082535
37,106,101,41162.0,41154,8.0,41320.0,41326,-6.0,41524.0,41521,3.0,3.376,3.24,0.13599999999999968,1.0024600000000001,1.0024600000000001,0.0,0.8729281767955801,0.9373297002724795,-0.06440152347689942
37,107,102,41524.0,41521,3.0,41741.0,41690,51.0,41876.0,41896,-20.0,3.368,2.912,0.45599999999999996,0.88069,0.88069,0.0,0.7670454545454546,0.9013333333333333,-0.13428787878787873
37,108,103,41876.0,41896,-20.0,42079.0,42051,28.0,42237.0,42256,-19.0,2.704,2.888,-0.18399999999999972,1.09225,1.07749,0.014759999999999884,0.8753462603878116,0.8611111111111112,0.014235149276700443
37,109,104,42237.0,42256,-19.0,42415.0,42385,30.0,42609.0,42620,-11.0,2.688,2.672,0.016000000000000014,1.044281,1.046741,-0.0024599999999999067,0.956989247311828,0.7087912087912087,0.24819803852061928
37,110,105,42609.0,42620,-11.0,42790.0,42773,17.0,43022.0,43019,3.0,3.0,3.104,-0.10400000000000009,1.221451,1.195621,0.02583000000000002,0.8765133171912833,0.7669172932330828,0.10959602395820056
37,111,106,43022.0,43019,3.0,43237.0,43236,1.0,43409.0,43399,10.0,3.576,3.704,-0.1280000000000001,1.2165,1.2165,0.0,0.8888888888888888,0.8578947368421053,0.030994152046783574
37,112,107,43409.0,43399,10.0,43512.0,43536,-24.0,43791.0,43770,21.0,2.2,2.4,-0.19999999999999973,0.9458799999999999,0.9458799999999999,0.0,0.5392670157068062,0.738544474393531,-0.19927745868672475
37,113,108,43791.0,43770,21.0,43933.0,43911,22.0,44082.0,44111,-29.0,3.368,3.0,0.3679999999999999,0.85978,0.87454,-0.014759999999999995,0.9759450171821306,0.8269794721407624,0.14896554504136816
37,114,109,44082.0,44111,-29.0,44273.0,44281,-8.0,44481.0,44505,-24.0,2.72,2.96,-0.23999999999999977,1.0701100000000001,1.0701100000000001,0.0,0.9573934837092732,0.8629441624365483,0.09444932127272498
37,115,110,44481.0,44505,-24.0,44694.0,44748,-54.0,44893.0,44891,2.0,3.368,3.736,-0.3680000000000003,1.0873300000000001,1.0873300000000001,0.0,0.9660194174757282,0.7409326424870466,0.22508677498868157
37,116,111,44893.0,44891,2.0,45148.0,45153,-5.0,45325.0,45285,40.0,3.632,3.24,0.3919999999999999,1.25835,1.25835,0.0,0.8194444444444444,0.6700507614213198,0.1493936830231246
37,117,112,45325.0,45285,40.0,45446.0,45409,37.0,45646.0,45657,-11.0,2.384,2.048,0.33599999999999985,0.87331,0.87331,0.0,0.7538940809968847,0.6666666666666667,0.08722741433021797
37,118,113,45646.0,45657,-11.0,45759.0,45758,1.0,45892.0,45869,23.0,2.504,2.792,-0.2879999999999998,0.73309,0.72694,0.006149999999999989,0.9186991869918699,0.9528301886792453,-0.03413100168737537
37,119,114,45892.0,45869,23.0,45947.0,45973,-26.0,46065.0,46089,-24.0,1.504,1.72,-0.21599999999999997,0.34932,0.405901,-0.05658099999999999,0.6358381502890174,0.9454545454545454,-0.3096163951655281
37,122,116,46642.0,46503,139.0,46781.0,46761,20.0,46917.0,46897,20.0,1.264,3.224,-1.9600000000000002,0.89422,0.89422,0.0,0.9890909090909091,0.6903553299492386,0.2987355791416705
37,123,117,46917.0,46897,20.0,47121.0,47124,-3.0,47227.0,47238,-11.0,2.72,2.904,-0.18399999999999972,0.70972,0.70972,0.0,0.6838709677419355,0.6686217008797655,0.015249266862169986
37,124,118,47227.0,47238,-11.0,47371.0,47362,9.0,47585.0,47625,-40.0,2.0,1.904,0.09600000000000009,0.9385,0.9385,0.0,0.8044692737430168,0.6408268733850129,0.16364240035800393
37,125,119,47585.0,47625,-40.0,47793.0,47815,-22.0,47959.0,47975,-16.0,3.376,3.624,-0.24800000000000022,0.86347,0.86347,0.0,0.8877005347593583,0.9142857142857143,-0.026585179526355973
37,126,120,47959.0,47975,-16.0,48150.0,48154,-4.0,48332.0,48343,-11.0,2.856,2.712,0.14399999999999968,1.25835,1.25835,0.0,0.9758713136729222,0.9728260869565217,0.0030452267164005065
37,127,121,48332.0,48343,-11.0,48460.0,48485,-25.0,48681.0,48675,6.0,2.48,2.648,-0.16800000000000015,1.14396,1.14396,0.0,0.7335243553008596,0.8554216867469879,-0.12189733144612835
37,128,122,48681.0,48675,6.0,48793.0,48822,-29.0,49073.0,49091,-18.0,2.664,2.696,-0.03200000000000003,0.7687590000000001,0.85609,-0.08733099999999994,0.5714285714285714,0.7067307692307692,-0.13530219780219777
37,129,123,49073.0,49091,-18.0,49215.0,49224,-9.0,49492.0,49506,-14.0,3.376,3.216,0.1599999999999997,0.77245,0.77245,0.0,0.6778042959427208,0.6409638554216868,0.03684044052103408
37,130,124,49492.0,49506,-14.0,49710.0,49668,42.0,49843.0,49883,-40.0,3.96,3.552,0.4079999999999999,0.8401000000000001,0.8302599,0.009840100000000018,0.7578347578347578,0.8594164456233422,-0.10158168778858434
37,131,125,49843.0,49883,-40.0,49981.0,49977,4.0,50139.0,50097,42.0,2.168,2.472,-0.3039999999999998,1.20295,1.20295,0.0,0.9324324324324325,0.8785046728971962,0.05392775953523621
37,132,126,50139.0,50097,42.0,50366.0,50355,11.0,50597.0,50505,92.0,3.08,3.024,0.05600000000000005,1.25835,1.25835,0.0,0.9912663755458515,0.7352941176470589,0.25597225789879263
37,133,127,50597.0,50505,92.0,50858.0,50856,2.0,51157.0,51201,-44.0,3.936,4.008,-0.07200000000000006,1.09845,1.1144399999999999,-0.01598999999999995,0.9321428571428572,0.9913793103448276,-0.05923645320197046
37,134,128,51157.0,51201,-44.0,51371.0,51363,8.0,51581.0,51629,-48.0,4.104,4.056,0.04800000000000004,0.98283,0.98283,0.0,0.9905660377358491,0.7570093457943925,0.23355669194145656
37,135,129,51581.0,51629,-48.0,51775.0,51775,0.0,52006.0,52042,-36.0,3.232,3.296,-0.06399999999999961,0.9913599999999999,1.040559,-0.049199000000000104,0.9129411764705883,0.7070217917675545,0.20591938470303373
37,136,130,52006.0,52042,-36.0,52185.0,52183,2.0,52419.0,52447,-28.0,3.28,3.264,0.016000000000000014,1.0245900000000001,1.0245900000000001,0.0,0.8668280871670702,0.6962962962962963,0.17053179087077386
37,137,131,52419.0,52447,-28.0,52594.0,52593,1.0,52843.0,52889,-46.0,3.272,3.28,-0.008000000000000007,0.5707300000000001,0.5707300000000001,0.0,0.8254716981132075,0.6606334841628959,0.16483821395031162
37,138,132,52843.0,52889,-46.0,53033.0,53024,9.0,53158.0,53178,-20.0,3.512,3.448,0.06400000000000006,0.85855,0.85855,0.0,0.7936507936507937,0.9342560553633218,-0.14060526171252807
37,139,133,53158.0,53178,-20.0,53335.0,53335,0.0,53455.0,53476,-21.0,2.416,2.488,-0.07200000000000006,1.25835,1.25835,0.0,0.8080808080808081,0.9463087248322147,-0.13822791675140667
37,147,134,53491.0,53476,15.0,53592.0,53592,0.0,53668.0,53697,-29.0,0.832,2.056,-1.2240000000000002,1.25835,1.25835,0.0,0.8587570621468926,0.9502262443438914,-0.09146918219699873
37,161,136,53977.0,54030,-53.0,54161.0,54168,-7.0,54479.0,54574,-95.0,3.136,1.728,1.4080000000000001,1.11321,1.11321,0.0,0.7330677290836654,0.5073529411764706,0.2257147879071948
37,162,137,54479.0,54574,-95.0,54759.0,54748,11.0,55026.0,55052,-26.0,4.784,4.64,0.14400000000000013,1.09353,1.08246,0.011069999999999913,0.9762340036563071,0.7280334728033473,0.2482005308529598
37,163,138,55026.0,55052,-26.0,55250.0,55251,-1.0,55509.0,55545,-36.0,3.928,4.024,-0.09600000000000009,1.024589,1.024589,0.0,0.927536231884058,0.8073022312373225,0.1202340006467355
37,164,139,55509.0,55545,-36.0,55692.0,55677,15.0,55963.0,56010,-47.0,3.536,3.408,0.1280000000000001,0.76015,0.76015,0.0,0.8061674008810573,0.567741935483871,0.23842546539718634
37,165,140,55963.0,56010,-47.0,56158.0,56165,-7.0,56405.0,56428,-23.0,3.728,3.904,-0.1759999999999997,0.73432,0.85363,-0.11931000000000003,0.8823529411764706,0.7416267942583732,0.14072614691809737
37,166,141,56405.0,56428,-23.0,56546.0,56564,-18.0,56793.0,56813,-20.0,3.104,3.192,-0.08800000000000008,0.9163600000000001,0.9163600000000001,0.0,0.7268041237113403,0.7064935064935065,0.020310617217833782
37,167,142,56793.0,56813,-20.0,56952.0,56959,-7.0,57161.0,57192,-31.0,3.248,3.16,0.08800000000000008,0.778601,0.778601,0.0,0.8641304347826086,0.7704485488126649,0.09368188596994376
37,168,143,57161.0,57192,-31.0,57323.0,57328,-5.0,57579.0,57607,-28.0,2.968,2.952,0.016000000000000014,0.9188200000000001,0.9188200000000001,0.0,0.7751196172248804,0.655421686746988,0.11969793047789246
37,169,144,57579.0,57607,-28.0,57748.0,57744,4.0,57975.0,57993,-18.0,3.4,3.328,0.07200000000000006,0.7945899999999999,0.8646999999999999,-0.07011,0.8535353535353536,0.7098445595854923,0.14369079394986128
37,170,145,57975.0,57993,-18.0,58131.0,58122,9.0,58298.0,58332,-34.0,3.064,3.024,0.040000000000000036,0.9372699999999999,0.9372699999999999,0.0,0.9659442724458205,0.7610619469026548,0.20488232554316566
37,171,146,58298.0,58332,-34.0,58456.0,58453,3.0,58652.0,58577,75.0,2.6,2.648,-0.04800000000000004,1.25835,1.25835,0.0,0.8926553672316384,0.9877551020408163,-0.09509973480917788
37,172,147,58652.0,58577,75.0,58675.0,58690,-15.0,58780.0,58817,-37.0,1.752,1.896,-0.1439999999999999,0.31856999999999996,0.45879,-0.14022,0.359375,0.9416666666666667,-0.5822916666666667
37,173,148,58780.0,58817,-37.0,58961.0,58962,-1.0,59242.0,59281,-39.0,2.288,2.176,0.11199999999999966,0.995081,0.995081,0.0,0.7835497835497836,0.625,0.15854978354978355
37,174,149,59242.0,59281,-39.0,59390.0,59409,-19.0,59655.0,59694,-39.0,3.432,3.576,-0.14400000000000013,0.508,0.508,0.0,0.7167070217917675,0.6198547215496368,0.09685230024213065
38,1,1,115.0,106,9.0,308.0,315,-7.0,537.0,497,40.0,,,,1.0,1.0,0.0,0.9146919431279621,0.9309462915601023,-0.016254348432140242
38,2,2,537.0,497,40.0,766.0,764,2.0,1114.0,1154,-40.0,3.664,3.592,0.07200000000000006,1.0,1.0,0.0,0.7937608318890814,0.812785388127854,-0.019024556238772528
38,3,3,1114.0,1154,-40.0,1308.0,1314,-6.0,1528.0,1485,43.0,4.336,4.4,-0.06400000000000006,1.0,1.0,0.0,0.9371980676328502,0.9667673716012084,-0.029569303968358218
38,4,4,1528.0,1485,43.0,1592.0,1563,29.0,1711.0,1731,-20.0,2.272,1.992,0.2799999999999998,0.40371,0.40371,0.0,0.6994535519125683,0.6341463414634146,0.06530721044915366
38,5,5,1711.0,1731,-20.0,1887.0,1892,-5.0,2171.0,2244,-73.0,2.36,2.632,-0.27200000000000024,1.0,1.0,0.0,0.7652173913043478,0.6276803118908383,0.13753707941350957
38,6,6,2171.0,2244,-73.0,2411.0,2410,1.0,2730.0,2785,-55.0,4.192,4.144,0.04800000000000004,1.0,1.0,0.0,0.8586762075134168,0.6136783733826248,0.244997834130792
38,7,7,2730.0,2785,-55.0,2952.0,2945,7.0,3263.0,3287,-24.0,4.328,4.28,0.04800000000000004,1.0,1.0,0.0,0.8330206378986866,0.6374501992031872,0.1955704386954994
38,8,8,3263.0,3287,-24.0,3459.0,3456,3.0,3767.0,3833,-66.0,4.056,4.088,-0.03200000000000003,1.0,1.0,0.0,0.7777777777777778,0.6190476190476191,0.15873015873015872
38,9,9,3767.0,3833,-66.0,4003.0,3994,9.0,4293.0,4317,-24.0,4.352,4.304,0.04800000000000004,1.0,1.0,0.0,0.8973384030418251,0.6652892561983471,0.232049146843478
38,10,10,4293.0,4317,-24.0,4487.0,4479,8.0,4772.0,4811,-39.0,3.872,3.88,-0.008000000000000007,1.0,1.0,0.0,0.8100208768267223,0.6558704453441295,0.15415043148259278
38,11,11,4772.0,4811,-39.0,4993.0,4978,15.0,5305.0,5331,-26.0,4.048,3.992,0.05600000000000005,1.0,1.0,0.0,0.8292682926829268,0.6423076923076922,0.18696060037523454
38,12,12,5305.0,5331,-26.0,5508.0,5505,3.0,5782.0,5808,-26.0,4.12,4.216,-0.09600000000000009,1.0,1.0,0.0,0.8511530398322851,0.729559748427673,0.12159329140461206
38,13,13,5782.0,5808,-26.0,5975.0,5971,4.0,6240.0,6253,-13.0,3.736,3.728,0.008000000000000007,1.0,1.0,0.0,0.8427947598253275,0.7325842696629213,0.11021049016240614
38,14,14,6240.0,6253,-13.0,6439.0,6426,13.0,6724.0,6748,-24.0,3.712,3.64,0.07200000000000006,1.0,1.0,0.0,0.8223140495867769,0.698989898989899,0.12332415059687785
38,15,15,6724.0,6748,-24.0,6927.0,6920,7.0,7196.0,7243,-47.0,3.904,3.952,-0.04800000000000004,1.0,1.0,0.0,0.8601694915254238,0.694949494949495,0.16521999657592878
38,16,16,7196.0,7243,-47.0,7411.0,7414,-3.0,7660.0,7694,-34.0,3.872,3.952,-0.08000000000000007,1.0,1.0,0.0,0.9267241379310345,0.7583148558758315,0.168409282055203
38,17,17,7660.0,7694,-34.0,7859.0,7861,-2.0,8074.0,8087,-13.0,3.584,3.576,0.008000000000000007,1.0,1.0,0.0,0.961352657004831,0.8498727735368956,0.11147988346793536
38,18,18,8074.0,8087,-13.0,8258.0,8262,-4.0,8534.0,8603,-69.0,3.192,3.208,-0.016000000000000014,1.0,1.0,0.0,0.8,0.6782945736434108,0.12170542635658921
38,19,19,8534.0,8603,-69.0,8776.0,8772,4.0,9064.0,9107,-43.0,4.144,4.08,0.06400000000000006,1.0,1.0,0.0,0.9132075471698113,0.6706349206349207,0.24257262653489065
38,20,20,9064.0,9107,-43.0,9268.0,9272,-4.0,9525.0,9578,-53.0,3.936,4.0,-0.06400000000000006,1.0,1.0,0.0,0.8850325379609545,0.7006369426751593,0.1843955952857952
38,21,21,9525.0,9578,-53.0,9743.0,9745,-2.0,10001.0,10050,-49.0,3.8,3.784,0.016000000000000014,1.0,1.0,0.0,0.9159663865546218,0.7076271186440678,0.20833926791055402
38,22,22,10001.0,10050,-49.0,10216.0,10212,4.0,10482.0,10505,-23.0,3.784,3.736,0.0479999999999996,1.0,1.0,0.0,0.8939708939708939,0.7120879120879121,0.1818829818829818
38,23,23,10482.0,10505,-23.0,10673.0,10675,-2.0,10914.0,10936,-22.0,3.656,3.704,-0.04800000000000004,1.0,1.0,0.0,0.8842592592592593,0.7888631090487239,0.09539615021053538
38,24,24,10914.0,10936,-22.0,11106.0,11106,0.0,11380.0,11410,-30.0,3.464,3.448,0.016000000000000014,1.0,1.0,0.0,0.8240343347639485,0.7172995780590717,0.10673475670487675
38,25,25,11380.0,11410,-30.0,11586.0,11586,0.0,11844.0,11901,-57.0,3.84,3.84,0.0,1.0,1.0,0.0,0.8879310344827587,0.7169042769857434,0.17102675749701524
38,26,26,11844.0,11901,-57.0,12059.0,12059,0.0,12345.0,12383,-38.0,3.784,3.784,0.0,1.0,1.0,0.0,0.8582834331337326,0.6556016597510373,0.20268177338269522
38,27,27,12345.0,12383,-38.0,12549.0,12548,1.0,12809.0,12835,-26.0,3.92,3.912,0.008000000000000007,1.0,1.0,0.0,0.8793103448275862,0.7300884955752213,0.14922184925236492
38,28,28,12809.0,12835,-26.0,13003.0,13001,2.0,13274.0,13302,-28.0,3.632,3.624,0.008000000000000007,1.0,1.0,0.0,0.8344086021505377,0.7109207708779444,0.12348783127259333
38,29,29,13274.0,13302,-28.0,13473.0,13476,-3.0,13710.0,13740,-30.0,3.76,3.8,-0.040000000000000036,1.0,1.0,0.0,0.9128440366972477,0.7945205479452055,0.11832348875204213
38,30,30,13710.0,13740,-30.0,13909.0,13904,5.0,14149.0,14162,-13.0,3.488,3.424,0.06400000000000006,1.0,1.0,0.0,0.9066059225512528,0.7772511848341233,0.12935473771712958
38,31,31,14149.0,14162,-13.0,14336.0,14339,-3.0,14587.0,14614,-27.0,3.416,3.48,-0.06400000000000006,1.0,1.0,0.0,0.8538812785388128,0.7831858407079646,0.0706954378308482
38,32,32,14587.0,14614,-27.0,14781.0,14785,-4.0,15026.0,14984,42.0,3.56,3.568,-0.008000000000000007,1.0,1.0,0.0,0.8838268792710706,0.9243243243243243,-0.0404974450532537
38,33,33,15026.0,14984,42.0,15331.0,15336,-5.0,15577.0,15597,-20.0,4.4,4.408,-0.008000000000000007,1.0,1.0,0.0,0.8929219600725953,0.8515497553017944,0.041372204770800836
38,34,34,15577.0,15597,-20.0,15776.0,15774,2.0,16017.0,16036,-19.0,3.56,3.504,0.05600000000000005,1.0,1.0,0.0,0.9045454545454545,0.806378132118451,0.09816732242700354
38,35,35,16017.0,16036,-19.0,16225.0,16220,5.0,16463.0,16418,45.0,3.592,3.568,0.02400000000000002,1.0,1.0,0.0,0.9327354260089686,0.9633507853403142,-0.030615359331345515
38,36,36,16463.0,16418,45.0,16747.0,16740,7.0,17017.0,17046,-29.0,4.176,4.16,0.016000000000000014,1.0,1.0,0.0,0.9747292418772563,0.9745222929936306,0.00020694888362571273
38,37,37,17017.0,17046,-29.0,17216.0,17218,-2.0,17440.0,17390,50.0,3.752,3.824,-0.07200000000000006,1.0,1.0,0.0,0.9408983451536643,1.0,-0.05910165484633567
38,38,38,17440.0,17390,50.0,17690.0,17687,3.0,17964.0,18006,-42.0,3.792,3.752,0.040000000000000036,1.0,1.0,0.0,0.9541984732824428,0.9642857142857143,-0.010087241003271519
38,39,39,17964.0,18006,-42.0,18164.0,18169,-5.0,18425.0,18469,-44.0,3.792,3.856,-0.06400000000000006,1.0,1.0,0.0,0.8676789587852495,0.7041036717062634,0.16357528707898605
38,40,40,18425.0,18469,-44.0,18630.0,18630,0.0,18889.0,18913,-24.0,3.728,3.688,0.040000000000000036,1.0,1.0,0.0,0.8836206896551724,0.7252252252252251,0.15839546442994723
38,41,41,18889.0,18913,-24.0,19079.0,19083,-4.0,19348.0,19400,-52.0,3.592,3.624,-0.03200000000000003,1.0,1.0,0.0,0.8278867102396514,0.6981519507186859,0.12973475952096558
38,42,42,19348.0,19400,-52.0,19554.0,19561,-7.0,19795.0,19844,-49.0,3.8,3.824,-0.02400000000000002,1.0,1.0,0.0,0.9217002237136466,0.7252252252252251,0.19647499848842143
38,43,43,19795.0,19844,-49.0,20011.0,20006,5.0,20287.0,20314,-27.0,3.656,3.56,0.09600000000000009,1.0,1.0,0.0,0.8780487804878049,0.6893617021276596,0.1886870783601453
38,44,44,20287.0,20314,-27.0,20477.0,20482,-5.0,20761.0,20804,-43.0,3.728,3.808,-0.07999999999999963,1.0,1.0,0.0,0.8016877637130801,0.6857142857142857,0.11597347799879443
38,45,45,20761.0,20804,-43.0,20973.0,20976,-3.0,21217.0,21271,-54.0,3.968,3.952,0.016000000000000014,1.0,1.0,0.0,0.9298245614035088,0.7366167023554604,0.19320785904804838
38,46,46,21217.0,21271,-54.0,21427.0,21433,-6.0,21673.0,21701,-28.0,3.632,3.656,-0.02400000000000002,1.0,1.0,0.0,0.9210526315789473,0.7534883720930232,0.16756425948592413
38,48,47,22318.0,22287,31.0,22461.0,22437,24.0,22550.0,22551,-1.0,3.64,3.336,0.30400000000000027,1.0,1.0,0.0,0.7672413793103449,0.8636363636363636,-0.09639498432601878
38,49,48,22550.0,22551,-1.0,22634.0,22639,-5.0,22820.0,22869,-49.0,1.384,1.616,-0.2320000000000002,1.0,1.0,0.0,0.6222222222222222,0.5534591194968553,0.0687631027253669
38,50,49,22820.0,22869,-49.0,22967.0,22976,-9.0,23137.0,23086,51.0,2.664,2.696,-0.03200000000000003,1.0,1.0,0.0,0.9274447949526814,0.9861751152073732,-0.058730320254691826
38,53,51,23750.0,23712,38.0,24059.0,24078,-19.0,24257.0,24215,42.0,4.48,4.04,0.4400000000000004,0.87879,0.87879,0.0,0.7810650887573964,0.5447316103379722,0.2363334784194242
38,54,52,24257.0,24215,42.0,24457.0,24476,-19.0,24700.0,24682,18.0,3.184,3.184,0.0,0.74878,0.74878,0.0,0.9029345372460497,0.8822269807280514,0.02070755651799827
38,55,53,24700.0,24682,18.0,24873.0,24886,-13.0,25070.0,25019,51.0,3.328,3.28,0.04800000000000004,0.7096748,0.71945,-0.009775199999999984,0.9351351351351351,0.7893175074183976,0.14581762771673756
38,56,54,25070.0,25019,51.0,25234.0,25267,-33.0,25325.0,25370,-45.0,2.888,3.048,-0.16000000000000014,0.35777,0.42424399999999995,-0.06647399999999998,0.7137254901960784,0.586894586894587,0.1268309033014915
38,57,55,25325.0,25370,-45.0,25440.0,25457,-17.0,25621.0,25662,-41.0,1.648,1.52,0.1279999999999999,0.55327,0.55327,0.0,0.777027027027027,0.595890410958904,0.18113661606812292
38,58,56,25621.0,25662,-41.0,25774.0,25786,-12.0,25933.0,25904,29.0,2.672,2.632,0.040000000000000036,0.982405,0.982405,0.0,0.9807692307692307,0.9752066115702479,0.005562619198982821
38,59,57,25933.0,25904,29.0,26092.0,26097,-5.0,26283.0,26303,-20.0,2.544,2.488,0.05600000000000005,0.84653,0.97263,-0.1261,0.9085714285714286,0.9674185463659148,-0.05884711779448626
38,60,58,26283.0,26303,-20.0,26435.0,26453,-18.0,26640.0,26620,20.0,2.744,2.848,-0.10399999999999965,1.0,1.0,0.0,0.8515406162464986,0.9463722397476341,-0.0948316235011355
38,61,59,26640.0,26620,20.0,26827.0,26828,-1.0,27015.0,27049,-34.0,3.136,3.0,0.13600000000000012,0.920821,1.0,-0.079179,0.9973333333333333,0.9696969696969697,0.02763636363636357
38,62,60,27015.0,27049,-34.0,27190.0,27196,-6.0,27376.0,27387,-11.0,2.904,2.944,-0.040000000000000036,1.0,1.0,0.0,0.9695290858725761,0.8698224852071006,0.09970660066547554
38,63,61,27376.0,27387,-11.0,27536.0,27539,-3.0,27652.0,27657,-5.0,2.768,2.744,0.023999999999999577,1.0,1.0,0.0,0.8405797101449275,0.8740740740740741,-0.03349436392914662
38,64,62,27652.0,27657,-5.0,27776.0,27783,-7.0,27983.0,28014,-31.0,1.92,1.952,-0.03200000000000003,1.0,1.0,0.0,0.7492447129909365,0.7058823529411764,0.04336236004976013
38,65,63,27983.0,28014,-31.0,28169.0,28176,-7.0,28373.0,28346,27.0,3.144,3.144,0.0,1.0,1.0,0.0,0.9538461538461538,0.9759036144578314,-0.02205746061167757
38,66,64,28373.0,28346,27.0,28563.0,28567,-4.0,28762.0,28769,-7.0,3.152,3.128,0.02400000000000002,1.0,1.0,0.0,0.9768637532133676,0.9550827423167849,0.021781010896582687
38,67,65,28762.0,28769,-7.0,28942.0,28948,-6.0,29146.0,29156,-10.0,3.032,3.048,-0.016000000000000014,1.0,1.0,0.0,0.9375,0.9250645994832041,0.012435400516795925
38,68,66,29146.0,29156,-10.0,29282.0,29301,-19.0,29536.0,29604,-68.0,2.72,2.824,-0.10399999999999965,1.0,1.0,0.0,0.6974358974358974,0.6473214285714286,0.0501144688644688
38,69,67,29536.0,29604,-68.0,29767.0,29767,0.0,29960.0,29960,0.0,3.88,3.728,0.1519999999999997,1.0,1.0,0.0,0.910377358490566,0.9157303370786517,-0.0053529785880856995
38,70,68,29960.0,29960,0.0,30143.0,30150,-7.0,30341.0,30350,-9.0,3.008,3.064,-0.05600000000000005,1.0,1.0,0.0,0.9606299212598425,0.9743589743589743,-0.01372905309913186
38,71,69,30341.0,30350,-9.0,30518.0,30532,-14.0,30720.0,30670,50.0,3.0,3.056,-0.05600000000000005,1.0,1.0,0.0,0.9340369393139841,0.8625,0.07153693931398408
38,72,70,30720.0,30670,50.0,30733.0,30761,-28.0,30914.0,30910,4.0,1.72,1.832,-0.1120000000000001,0.68817,0.68817,0.0,0.134020618556701,0.7583333333333333,-0.6243127147766323
38,73,71,30914.0,30910,4.0,31100.0,31107,-7.0,31370.0,31403,-33.0,2.936,2.768,0.16800000000000015,1.0,1.0,0.0,0.8157894736842105,0.7991886409736308,0.01660083271057966
38,74,72,31370.0,31403,-33.0,31575.0,31570,5.0,31828.0,31839,-11.0,3.8,3.704,0.09599999999999964,1.0,1.0,0.0,0.8951965065502183,0.7660550458715596,0.12914146067865873
38,75,73,31828.0,31839,-11.0,32014.0,32022,-8.0,32274.0,32314,-40.0,3.512,3.616,-0.10400000000000009,1.0,1.0,0.0,0.8340807174887892,0.7705263157894737,0.06355440169931548
38,76,74,32274.0,32314,-40.0,32483.0,32475,8.0,32758.0,32786,-28.0,3.752,3.624,0.12799999999999967,1.0,1.0,0.0,0.8636363636363636,0.6822033898305084,0.1814329738058552
38,77,75,32758.0,32786,-28.0,32962.0,32948,14.0,33236.0,33269,-33.0,3.832,3.784,0.04800000000000004,1.0,1.0,0.0,0.8535564853556485,0.670807453416149,0.18274903193949954
38,78,76,33236.0,33269,-33.0,33445.0,33433,12.0,33697.0,33712,-15.0,3.864,3.88,-0.016000000000000014,1.0,1.0,0.0,0.9067245119305857,0.7404063205417607,0.16631819138882498
38,79,77,33697.0,33712,-15.0,33903.0,33886,17.0,34160.0,34206,-46.0,3.664,3.624,0.040000000000000036,1.0,1.0,0.0,0.8898488120950324,0.7044534412955465,0.18539537079948587
38,80,78,34160.0,34206,-46.0,34390.0,34366,24.0,34643.0,34664,-21.0,3.896,3.84,0.05600000000000005,1.0,1.0,0.0,0.9523809523809523,0.6986899563318778,0.2536909960490745
38,81,79,34643.0,34664,-21.0,34839.0,34832,7.0,35123.0,35138,-15.0,3.592,3.728,-0.13600000000000012,1.0,1.0,0.0,0.8166666666666667,0.7088607594936709,0.10780590717299576
38,82,80,35123.0,35138,-15.0,35327.0,35306,21.0,35601.0,35623,-22.0,3.904,3.792,0.1120000000000001,1.0,1.0,0.0,0.8535564853556485,0.6927835051546392,0.16077298020100939
38,83,81,35601.0,35623,-22.0,35818.0,35785,33.0,36085.0,36118,-33.0,3.928,3.832,0.09600000000000009,1.0,1.0,0.0,0.8966942148760331,0.6545454545454545,0.24214876033057853
38,84,82,36085.0,36118,-33.0,36276.0,36281,-5.0,36550.0,36565,-15.0,3.664,3.968,-0.3039999999999998,1.0,1.0,0.0,0.821505376344086,0.7293064876957495,0.09219888864833659
38,85,83,36550.0,36565,-15.0,36772.0,36731,41.0,37013.0,36992,21.0,3.968,3.6,0.3679999999999999,1.0,1.0,0.0,0.958963282937365,0.7775175644028103,0.1814457185345547
38,86,84,37013.0,36992,21.0,37215.0,37244,-29.0,37461.0,37504,-43.0,3.544,4.104,-0.56,1.0,1.0,0.0,0.9017857142857143,0.984375,-0.0825892857142857
38,87,85,37461.0,37504,-43.0,37721.0,37666,55.0,37969.0,37980,-11.0,4.048,3.376,0.6720000000000002,1.0,1.0,0.0,0.9763779527559056,0.680672268907563,0.2957056838483425
38,88,86,37969.0,37980,-11.0,38112.0,38140,-28.0,38352.0,38323,29.0,3.128,3.792,-0.6639999999999997,1.0,1.0,0.0,0.7467362924281984,0.9329446064139941,-0.18620831398579574
38,89,87,38352.0,38323,29.0,38610.0,38618,-8.0,38828.0,38795,33.0,3.984,3.824,0.16000000000000014,1.0,1.0,0.0,0.9159663865546218,0.75,0.16596638655462181
38,90,88,38828.0,38795,33.0,39115.0,39176,-61.0,39389.0,39456,-67.0,4.04,4.464,-0.4240000000000004,1.0,1.0,0.0,0.9768270944741533,0.8472012102874433,0.12962588418670995
38,92,89,39419.0,39456,-37.0,39546.0,39561,-15.0,39679.0,39652,27.0,1.192,3.08,-1.8880000000000001,0.8172,0.8172,0.0,0.9769230769230769,0.9285714285714286,0.04835164835164829
38,94,90,39893.0,39914,-21.0,40118.0,40077,41.0,40395.0,40353,42.0,2.904,4.128,-1.2240000000000002,1.0,1.0,0.0,0.896414342629482,0.7425968109339407,0.15381753169554135
38,95,91,40395.0,40353,42.0,40648.0,40638,10.0,40894.0,40909,-15.0,4.24,4.488,-0.24800000000000022,1.0,1.0,0.0,0.9859719438877755,0.9748201438848921,0.011151800002883405
38,96,92,40894.0,40909,-15.0,41111.0,41075,36.0,41364.0,41444,-80.0,3.704,3.496,0.20800000000000018,1.0,1.0,0.0,0.9234042553191489,0.6205607476635514,0.30284350765559753
38,98,93,41403.0,41444,-41.0,41597.0,41601,-4.0,41829.0,41784,45.0,1.792,4.208,-2.4160000000000004,1.0,1.0,0.0,0.9107981220657277,0.9235294117647059,-0.012731289698978188
38,99,94,41829.0,41784,45.0,42082.0,42078,4.0,42282.0,42302,-20.0,3.88,3.816,0.06400000000000006,1.0,1.0,0.0,0.8830022075055187,0.8648648648648649,0.01813734264065381
38,100,95,42282.0,42302,-20.0,42405.0,42424,-19.0,42575.0,42573,2.0,2.584,2.768,-0.18399999999999972,0.66764,0.66764,0.0,0.8395904436860069,0.9003690036900369,-0.060778560004030036
38,101,96,42575.0,42573,2.0,42829.0,42802,27.0,43099.0,43050,49.0,3.392,3.024,0.3679999999999999,1.0,1.0,0.0,0.9694656488549618,0.960167714884696,0.009297933970265793
38,106,99,44547.0,44511,36.0,44789.0,44802,-13.0,45074.0,45158,-84.0,4.36,3.936,0.4240000000000004,1.0,1.0,0.0,0.9184060721062619,0.8995363214837713,0.018869750622490633
38,107,100,45074.0,45158,-84.0,45358.0,45319,39.0,45624.0,45578,46.0,4.552,4.136,0.4159999999999995,1.0,1.0,0.0,0.9672727272727273,0.7666666666666666,0.20060606060606068
38,108,101,45624.0,45578,46.0,45880.0,45879,1.0,46191.0,46265,-74.0,4.176,4.48,-0.30400000000000027,1.0,1.0,0.0,0.9029982363315696,0.87627365356623,0.026724582765339622
38,109,102,46191.0,46265,-74.0,46469.0,46426,43.0,46750.0,46786,-36.0,4.712,4.376,0.3359999999999994,1.0,1.0,0.0,0.9946332737030411,0.618042226487524,0.37659104721551706
38,110,103,46750.0,46786,-36.0,47007.0,46976,31.0,47218.0,47261,-43.0,4.304,4.4,-0.09600000000000009,1.0,1.0,0.0,0.9017094017094017,0.8,0.10170940170940168
38,111,104,47218.0,47261,-43.0,47431.0,47422,9.0,47706.0,47774,-68.0,3.392,3.568,-0.17600000000000016,1.0,1.0,0.0,0.8729508196721312,0.6276803118908383,0.2452705077812929
38,112,105,47706.0,47774,-68.0,47977.0,47931,46.0,48283.0,48333,-50.0,4.368,4.072,0.29600000000000026,1.0,1.0,0.0,0.9393414211438474,0.5617173524150268,0.3776240687288206
38,113,106,48283.0,48333,-50.0,48518.0,48487,31.0,48834.0,48859,-25.0,4.328,4.448,-0.1200000000000001,1.0,1.0,0.0,0.852994555353902,0.5855513307984791,0.2674432245554229
38,115,108,49324.0,49314,10.0,49491.0,49513,-22.0,49814.0,49821,-7.0,3.176,3.968,-0.7919999999999998,1.0,1.0,0.0,0.6816326530612244,0.7850098619329389,-0.10337720887171442
38,116,109,49814.0,49821,-7.0,50135.0,50130,5.0,50311.0,50276,35.0,5.152,4.936,0.2160000000000002,1.0,1.0,0.0,0.7082494969818913,0.6417582417582417,0.06649125522364963
38,117,110,50311.0,50276,35.0,50499.0,50536,-37.0,50767.0,50705,62.0,2.912,3.248,-0.3360000000000003,1.0,1.0,0.0,0.8245614035087719,0.7878787878787878,0.036682615629984094
38,118,111,50767.0,50705,62.0,50924.0,50922,2.0,51048.0,51066,-18.0,3.4,3.088,0.31199999999999983,0.82893,0.82893,0.0,0.8825622775800712,0.7977839335180055,0.08477834406206575
38,119,112,51048.0,51066,-18.0,51279.0,51275,4.0,51537.0,51562,-25.0,2.84,2.824,0.016000000000000014,1.0,1.0,0.0,0.9447852760736196,0.842741935483871,0.10204334058974862
38,120,113,51537.0,51562,-25.0,51720.0,51723,-3.0,51921.0,51946,-25.0,3.528,3.584,-0.05600000000000005,1.0,1.0,0.0,0.953125,0.8385416666666666,0.11458333333333337
38,121,114,51921.0,51946,-25.0,52104.0,52092,12.0,52286.0,52293,-7.0,3.072,2.952,0.1200000000000001,0.57576,0.57576,0.0,0.9972602739726028,0.8414985590778098,0.15576171489479296
38,122,115,52286.0,52293,-7.0,52556.0,52564,-8.0,52757.0,52720,37.0,3.616,3.776,-0.1599999999999997,1.0,1.0,0.0,0.8535031847133758,0.730679156908665,0.1228240278047108
38,123,116,52757.0,52720,37.0,52986.0,52972,14.0,53210.0,53196,14.0,3.44,3.264,0.17600000000000016,0.78201,0.78201,0.0,0.988962472406181,0.9411764705882353,0.04778600181794568
38,124,117,53210.0,53196,14.0,53576.0,53541,35.0,53711.0,53677,34.0,4.72,4.552,0.16800000000000015,0.84262,0.84262,0.0,0.5389221556886228,0.5654885654885655,-0.026566409799942736
38,125,118,53711.0,53677,34.0,54039.0,54016,23.0,54166.0,54128,38.0,3.704,3.8,-0.09599999999999964,0.7292230000000001,0.7292230000000001,0.0,0.5582417582417583,0.49667405764966743,0.061567700592090824
38,126,119,54166.0,54128,38.0,54216.0,54224,-8.0,54369.0,54419,-50.0,1.416,1.664,-0.248,0.49462000000000006,0.55034,-0.05571999999999999,0.4926108374384236,0.6597938144329897,-0.16718297699456608
38,127,120,54369.0,54419,-50.0,54561.0,54561,0.0,54742.0,54711,31.0,2.76,2.696,0.06399999999999961,0.86315,0.86315,0.0,0.9705093833780161,0.9726027397260274,-0.0020933563480113326
38,128,121,54742.0,54711,31.0,55115.0,55055,60.0,55345.0,55317,28.0,4.432,3.952,0.4800000000000004,1.0,1.0,0.0,0.7628524046434494,0.8646864686468647,-0.10183406400341533
38,129,122,55345.0,55317,28.0,55429.0,55437,-8.0,55695.0,55639,56.0,2.512,3.056,-0.544,0.98338,0.98338,0.0,0.48,0.7453416149068324,-0.2653416149068324
38,130,123,55695.0,55639,56.0,56096.0,56063,33.0,56281.0,56232,49.0,5.336,5.008,0.3280000000000003,0.86413,0.86413,0.0,0.6313993174061434,0.5699831365935919,0.06141618081255151
38,132,124,56288.0,56232,56.0,56613.0,56579,34.0,56854.0,56845,9.0,2.624,4.128,-1.504,1.0,1.0,0.0,0.8515901060070672,0.867862969004894,-0.01627286299782682
38,133,125,56854.0,56845,9.0,57039.0,57034,5.0,57276.0,57266,10.0,3.408,3.64,-0.2320000000000002,0.95112,0.95112,0.0,0.8767772511848342,0.8978622327790974,-0.021084981594263197
38,134,126,57276.0,57266,10.0,57594.0,57568,26.0,57911.0,57934,-23.0,4.44,4.272,0.16800000000000015,1.0,1.0,0.0,0.9984251968503937,0.9041916167664671,0.09423358008392657
38,135,127,57911.0,57934,-23.0,58061.0,58071,-10.0,58345.0,58336,9.0,3.736,4.024,-0.2879999999999998,1.0,1.0,0.0,0.6912442396313364,0.681592039800995,0.00965219983034138
38,136,128,58345.0,58336,9.0,58662.0,58720,-58.0,58924.0,58974,-50.0,4.808,5.192,-0.38400000000000034,1.0,1.0,0.0,0.9050086355785838,0.7962382445141065,0.10877039106447728
38,137,129,58924.0,58974,-50.0,59166.0,59130,36.0,59400.0,59363,37.0,4.032,3.28,0.7520000000000002,1.0,1.0,0.0,0.9831932773109243,0.8020565552699228,0.1811367220410015
39,2,1,917.0,984,-67.0,1149.0,1151,-2.0,1428.0,1358,70.0,4.128,1.912,2.216,1.0,1.0,0.0,0.9080234833659491,0.893048128342246,0.014975355023703063
39,3,2,1428.0,1358,70.0,1700.0,1708,-8.0,1964.0,2014,-50.0,4.408,4.456,-0.04800000000000004,1.0,1.0,0.0,0.9850746268656716,0.9329268292682926,0.052147797597378975
39,4,3,1964.0,2014,-50.0,2185.0,2177,8.0,2453.0,2503,-50.0,3.88,3.752,0.1280000000000001,1.0,1.0,0.0,0.9038854805725971,0.6666666666666667,0.23721881390593036
39,7,4,3476.0,3545,-69.0,3717.0,3720,-3.0,3970.0,4027,-57.0,4.192,2.0,2.192,1.0,1.0,0.0,0.9757085020242915,0.7261410788381742,0.24956742318611724
39,8,5,3970.0,4027,-57.0,4190.0,4193,-3.0,4470.0,4529,-59.0,3.784,3.784,0.0,1.0,1.0,0.0,0.88,0.6613545816733069,0.21864541832669315
39,10,6,4975.0,5045,-70.0,5215.0,5201,14.0,5542.0,5621,-79.0,4.168,1.856,2.3120000000000003,1.0,1.0,0.0,0.8465608465608465,0.5416666666666667,0.3048941798941798
39,11,7,5542.0,5621,-79.0,5810.0,5783,27.0,6078.0,6007,71.0,4.76,4.656,0.10400000000000009,1.0,1.0,0.0,1.0,0.8393782383419689,0.1606217616580311
39,13,8,6583.0,6653,-70.0,6833.0,6807,26.0,7154.0,7055,99.0,4.104,1.816,2.2880000000000003,1.0,1.0,0.0,0.8756567425569177,0.7661691542288558,0.10948758832806194
39,15,10,7690.0,7778,-88.0,7949.0,7954,-5.0,8211.0,8275,-64.0,4.264,2.088,2.176,1.0,1.0,0.0,0.9942418426103646,0.7082494969818913,0.2859923456284733
39,16,11,8211.0,8275,-64.0,8440.0,8445,-5.0,8689.0,8736,-47.0,3.928,3.928,0.0,1.0,1.0,0.0,0.9581589958158996,0.737527114967462,0.22063188084843754
39,17,12,8689.0,8736,-47.0,8896.0,8903,-7.0,9146.0,9203,-57.0,3.648,3.664,-0.016000000000000014,1.0,1.0,0.0,0.9059080962800875,0.7152034261241971,0.19070467015589043
39,18,13,9146.0,9203,-57.0,9370.0,9374,-4.0,9627.0,9679,-52.0,3.792,3.768,0.02400000000000002,1.0,1.0,0.0,0.9313929313929314,0.7184873949579832,0.21290553643494825
39,19,14,9627.0,9679,-52.0,9834.0,9844,-10.0,10097.0,10157,-60.0,3.712,3.76,-0.0479999999999996,1.0,1.0,0.0,0.8808510638297873,0.6903765690376569,0.1904744947921304
39,20,15,10097.0,10157,-60.0,10317.0,10323,-6.0,10602.0,10522,80.0,3.864,3.832,0.03200000000000003,1.0,1.0,0.0,0.8712871287128713,0.9095890410958904,-0.038301912383019165
39,22,16,11169.0,11233,-64.0,11398.0,11402,-4.0,11640.0,11704,-64.0,3.936,1.904,2.032,1.0,1.0,0.0,0.9723991507430998,0.7176220806794056,0.2547770700636942
39,24,17,12099.0,12166,-67.0,12345.0,12336,9.0,12606.0,12540,66.0,3.912,1.912,2.0,1.0,1.0,0.0,0.9704142011834319,0.9090909090909091,0.06132329209252285
39,30,18,15322.0,15390,-68.0,15562.0,15554,8.0,15840.0,15892,-52.0,4.104,1.904,2.2,1.0,1.0,0.0,0.9266409266409267,0.6533864541832669,0.27325447245765977
39,31,19,15840.0,15892,-52.0,16060.0,16059,1.0,16325.0,16380,-55.0,3.984,4.04,-0.05600000000000005,1.0,1.0,0.0,0.9072164948453608,0.6844262295081966,0.22279026533716417
39,32,20,16325.0,16380,-55.0,16543.0,16548,-5.0,16798.0,16856,-58.0,3.864,3.912,-0.04800000000000004,1.0,1.0,0.0,0.9217758985200846,0.7058823529411764,0.21589354557890816
39,38,21,19441.0,19539,-98.0,19715.0,19717,-2.0,19975.0,20031,-56.0,4.36,2.12,2.24,1.0,1.0,0.0,0.9737827715355806,0.7235772357723578,0.2502055357632228
39,41,22,20996.0,21066,-70.0,21234.0,21239,-5.0,21486.0,21545,-59.0,4.088,1.976,2.112,1.0,1.0,0.0,0.9714285714285714,0.7223382045929019,0.24909036683566954
39,44,23,22518.0,22603,-85.0,22782.0,22770,12.0,23047.0,22984,63.0,4.472,2.016,2.4560000000000004,1.0,1.0,0.0,0.998109640831758,0.8766404199475065,0.1214692208842515
39,51,24,26108.0,26185,-77.0,26354.0,26358,-4.0,26611.0,26543,68.0,4.112,2.024,2.088,1.0,1.0,0.0,0.9781312127236581,0.9664804469273743,0.011650765796283769
39,53,25,27168.0,27253,-85.0,27433.0,27434,-1.0,27692.0,27624,68.0,4.328,2.104,2.224,1.0,1.0,0.0,0.9885496183206107,0.9757412398921833,0.012808378428427414
39,56,26,28714.0,28787,-73.0,28959.0,28962,-3.0,29208.0,29139,69.0,4.072,1.992,2.08,1.0,1.0,0.0,0.9919028340080972,0.9943181818181818,-0.002415347810084567
39,65,27,33344.0,33435,-91.0,33607.0,33610,-3.0,33868.0,33921,-53.0,4.512,2.12,2.3919999999999995,1.0,1.0,0.0,0.9961832061068703,0.7201646090534979,0.2760185970533724
39,67,28,34359.0,34432,-73.0,34597.0,34599,-2.0,34880.0,34943,-63.0,4.128,1.976,2.152,1.0,1.0,0.0,0.9136276391554703,0.6536203522504893,0.260007286904981
39,77,29,39618.0,39684,-66.0,39854.0,39855,-1.0,40119.0,40176,-57.0,4.128,1.944,2.184,1.0,1.0,0.0,0.9421157684630739,0.6951219512195121,0.24699381724356173
39,78,30,40119.0,40176,-57.0,40343.0,40343,0.0,40596.0,40635,-39.0,3.912,3.904,0.008000000000000007,1.0,1.0,0.0,0.939203354297694,0.7276688453159041,0.21153450898178983
39,79,31,40596.0,40635,-39.0,40798.0,40804,-6.0,41053.0,41096,-43.0,3.64,3.688,-0.04800000000000004,1.0,1.0,0.0,0.8840262582056893,0.7331887201735359,0.15083753803215338
39,80,32,41053.0,41096,-43.0,41266.0,41266,0.0,41531.0,41592,-61.0,3.744,3.696,0.04800000000000004,1.0,1.0,0.0,0.891213389121339,0.685483870967742,0.20572951815359697
39,83,33,42558.0,42647,-89.0,42816.0,42822,-6.0,43046.0,43059,-13.0,4.392,2.112,2.2800000000000002,1.0,1.0,0.0,0.9426229508196722,0.8495145631067962,0.093108387712876
39,85,34,43475.0,43546,-71.0,43727.0,43717,10.0,43985.0,43918,67.0,3.936,1.936,2.0,1.0,1.0,0.0,0.9882352941176471,0.9193548387096774,0.06888045540796972
39,87,35,44395.0,44397,-2.0,44598.0,44587,11.0,44879.0,44935,-56.0,3.136,3.016,0.1200000000000001,1.0,1.0,0.0,0.8388429752066116,0.7063197026022305,0.13252327260438101
39,88,36,44879.0,44935,-56.0,45098.0,45103,-5.0,45350.0,45415,-65.0,4.0,4.128,-0.1280000000000001,1.0,1.0,0.0,0.9299363057324841,0.7,0.22993630573248414
39,89,37,45350.0,45415,-65.0,45571.0,45577,-6.0,45813.0,45873,-60.0,3.784,3.792,-0.008000000000000007,1.0,1.0,0.0,0.9546436285097192,0.7074235807860262,0.247220047723693
39,91,38,46292.0,46373,-81.0,46542.0,46546,-4.0,46811.0,46740,71.0,4.064,2.0,2.064,1.0,1.0,0.0,0.9633911368015414,0.9427792915531336,0.020611845248407867
39,92,39,46811.0,46740,71.0,47119.0,47128,-9.0,47394.0,47309,85.0,4.616,4.656,-0.040000000000000036,1.0,1.0,0.0,0.9433962264150944,0.6362038664323375,0.30719235998275685
39,93,40,47394.0,47309,85.0,47716.0,47727,-11.0,47997.0,47915,82.0,4.776,4.792,-0.016000000000000014,1.0,1.0,0.0,0.9320066334991708,0.6204620462046204,0.31154458729455037
39,94,41,47997.0,47915,82.0,48368.0,48359,9.0,48687.0,48575,112.0,5.216,5.056,0.16000000000000014,1.0,1.0,0.0,0.9246376811594202,0.6545454545454545,0.2700922266139657
39,95,42,48687.0,48575,112.0,49023.0,48994,29.0,49346.0,49237,109.0,5.24,5.08,0.16000000000000014,1.0,1.0,0.0,0.9802731411229135,0.7341389728096677,0.24613416831324586
39,96,43,49346.0,49237,109.0,49753.0,49723,30.0,50114.0,50236,-122.0,5.84,5.832,0.008000000000000007,1.0,1.0,0.0,0.9401041666666666,0.972972972972973,-0.0328688063063064
39,97,44,50114.0,50236,-122.0,50422.0,50398,24.0,50751.0,50855,-104.0,5.352,5.4,-0.04800000000000004,1.0,1.0,0.0,0.967032967032967,0.5234248788368336,0.4436080881961334
39,98,45,50751.0,50855,-104.0,51040.0,51012,28.0,51375.0,51487,-112.0,4.944,4.912,0.03200000000000003,1.0,1.0,0.0,0.9262820512820513,0.49683544303797467,0.42944660824407666
39,99,46,51375.0,51487,-112.0,51675.0,51645,30.0,51991.0,52060,-69.0,5.08,5.064,0.016000000000000014,1.0,1.0,0.0,0.974025974025974,0.5514834205933683,0.4225425534326057
39,102,47,53135.0,53213,-78.0,53394.0,53373,21.0,53700.0,53606,94.0,4.504,1.936,2.5679999999999996,1.0,1.0,0.0,0.9168141592920354,0.8142493638676844,0.10256479542435093
39,104,49,54276.0,54345,-69.0,54521.0,54509,12.0,54815.0,54727,88.0,4.304,1.904,2.4000000000000004,1.0,1.0,0.0,0.9090909090909091,0.8586387434554974,0.05045216563541166
39,105,50,54815.0,54727,88.0,55131.0,55108,23.0,55461.0,55562,-101.0,4.88,4.792,0.08800000000000008,1.0,1.0,0.0,0.978328173374613,0.9125748502994012,0.06575332307521176
39,108,51,56610.0,56673,-63.0,56848.0,56835,13.0,57146.0,57271,-125.0,4.2,1.864,2.3360000000000003,1.0,1.0,0.0,0.8880597014925373,0.5418060200668897,0.3462536814256476
39,109,52,57146.0,57271,-125.0,57455.0,57433,22.0,57744.0,57804,-60.0,4.856,4.784,0.07200000000000006,1.0,1.0,0.0,0.9665551839464883,0.6078799249530957,0.3586752589933926
39,110,53,57744.0,57804,-60.0,57977.0,57964,13.0,58262.0,58317,-55.0,4.176,4.248,-0.07200000000000006,1.0,1.0,0.0,0.8996138996138996,0.6237816764132553,0.27583222320064427
39,112,54,58774.0,58855,-81.0,59029.0,59015,14.0,59327.0,59386,-59.0,4.344,1.944,2.4000000000000004,1.0,1.0,0.0,0.9222423146473779,0.6026365348399247,0.3196057798074532
40,1,1,352.0,411,-59.0,602.0,605,-3.0,842.0,901,-59.0,,4.168,,1.00048864,0.9934034,0.007085239999999882,0.9795918367346939,0.7918367346938775,0.18775510204081636
40,2,2,842.0,901,-59.0,1076.0,1076,0.0,1341.0,1392,-51.0,3.792,3.768,0.02400000000000002,1.00048864,1.00048864,0.0,0.9378757515030061,0.7128309572301426,0.2250447942728635
40,3,3,1341.0,1392,-51.0,1552.0,1555,-3.0,1818.0,1866,-48.0,3.808,3.832,-0.02400000000000002,1.00048864,1.00048864,0.0,0.8846960167714885,0.6877637130801688,0.19693230369131964
40,4,4,1818.0,1866,-48.0,2108.0,2105,3.0,2378.0,2398,-20.0,4.448,4.4,0.04800000000000004,1.00048864,1.00048864,0.0,0.9642857142857143,0.8984962406015038,0.06578947368421051
40,5,5,2378.0,2398,-20.0,2595.0,2591,4.0,2802.0,2778,24.0,3.896,3.888,0.008000000000000007,1.00048864,1.00048864,0.0,0.9764150943396226,0.9842105263157894,-0.007795431976166833
40,6,6,2802.0,2778,24.0,3016.0,3025,-9.0,3236.0,3258,-22.0,3.368,3.472,-0.10400000000000009,1.00048864,1.00048864,0.0,0.9861751152073732,0.9708333333333333,0.015341781874039895
40,7,7,3236.0,3258,-22.0,3397.0,3402,-5.0,3541.0,3524,17.0,3.048,3.016,0.03200000000000003,1.00048864,1.00048864,0.0,0.9442622950819672,0.9172932330827068,0.026969061999260413
40,8,8,3541.0,3524,17.0,3733.0,3767,-34.0,3967.0,3994,-27.0,2.688,2.92,-0.23199999999999976,1.00048864,1.00048864,0.0,0.9014084507042254,0.9659574468085106,-0.06454899610428522
40,9,9,3967.0,3994,-27.0,4158.0,4149,9.0,4361.0,4277,84.0,3.4,3.056,0.34399999999999986,1.00048864,1.00048864,0.0,0.9695431472081218,0.9045936395759717,0.06494950763215013
40,11,10,4832.0,4866,-34.0,5021.0,5023,-2.0,5306.0,5344,-38.0,3.28,3.248,0.031999999999999584,1.00048864,1.00048864,0.0,0.7974683544303798,0.6569037656903766,0.14056458874000322
40,12,11,5306.0,5344,-38.0,5542.0,5539,3.0,5808.0,5859,-51.0,4.168,4.128,0.040000000000000036,1.00048864,1.00048864,0.0,0.9402390438247012,0.7572815533980582,0.182957490426643
40,13,12,5808.0,5859,-51.0,6047.0,6042,5.0,6300.0,6275,25.0,4.04,4.024,0.016000000000000014,1.00048864,1.00024432,0.00024431999999996457,0.9715447154471545,0.8798076923076923,0.09173702313946219
40,14,13,6300.0,6275,25.0,6547.0,6552,-5.0,6764.0,6733,31.0,4.0,4.08,-0.08000000000000007,1.00048864,1.00048864,0.0,0.9353448275862069,0.7903930131004366,0.14495181448577021
40,15,14,6764.0,6733,31.0,7028.0,7031,-3.0,7305.0,7382,-77.0,3.848,3.832,0.016000000000000014,1.00048864,1.00048864,0.0,0.9759704251386322,0.9183359013867488,0.05763452375188338
40,16,15,7305.0,7382,-77.0,7542.0,7543,-1.0,7793.0,7729,64.0,4.112,4.096,0.016000000000000014,1.00048864,1.00048864,0.0,0.9713114754098361,0.9279538904899135,0.04335758491992259
40,18,16,7833.0,7729,104.0,8102.0,8103,-1.0,8389.0,8450,-61.0,2.4,4.48,-2.0800000000000005,1.00048864,1.00048864,0.0,0.9676258992805755,0.9625520110957004,0.005073888184875086
40,19,17,8389.0,8450,-61.0,8603.0,8607,-4.0,8875.0,8929,-54.0,4.008,4.032,-0.02400000000000002,1.00048864,1.00048864,0.0,0.8806584362139918,0.6555323590814196,0.22512607713257216
40,20,18,8875.0,8929,-54.0,9076.0,9084,-8.0,9289.0,9311,-22.0,3.784,3.816,-0.03200000000000003,1.00048864,1.00048864,0.0,0.9710144927536232,0.8115183246073299,0.1594961681462933
40,21,19,9289.0,9311,-22.0,9484.0,9478,6.0,9682.0,9715,-33.0,3.264,3.152,0.11199999999999966,1.00048864,1.00048864,0.0,0.9923664122137404,0.8267326732673268,0.16563373894641364
40,22,20,9682.0,9715,-33.0,9878.0,9879,-1.0,10078.0,10078,0.0,3.152,3.208,-0.05600000000000005,1.00048864,1.00048864,0.0,0.98989898989899,0.9035812672176309,0.08631772268135907
40,23,21,10078.0,10078,0.0,10332.0,10337,-5.0,10542.0,10551,-9.0,3.632,3.664,-0.03200000000000003,1.00048864,1.00048864,0.0,0.9051724137931034,0.904862579281184,0.0003098345119194601
40,24,22,10542.0,10551,-9.0,10771.0,10755,16.0,10981.0,11019,-38.0,3.512,3.344,0.16800000000000015,1.00048864,1.00048864,0.0,0.9567198177676538,0.8717948717948718,0.084924945972782
40,25,23,10981.0,11019,-38.0,11177.0,11178,-1.0,11337.0,11355,-18.0,3.248,3.384,-0.13599999999999968,1.00048864,1.00048864,0.0,0.898876404494382,0.9464285714285714,-0.0475521669341894
40,26,24,11337.0,11355,-18.0,11458.0,11460,-2.0,11568.0,11551,17.0,2.248,2.256,-0.007999999999999563,1.00048864,1.00048864,0.0,0.9523809523809523,0.9285714285714286,0.023809523809523725
40,29,27,12382.0,12514,-132.0,12647.0,12651,-4.0,12828.0,12789,39.0,4.368,5.84,-1.4719999999999995,1.00048864,1.00048864,0.0,0.8116591928251121,0.9963636363636363,-0.18470444353852422
40,30,28,12828.0,12789,39.0,13160.0,13164,-4.0,13402.0,13350,52.0,4.104,4.104,0.0,1.00048864,1.00048864,0.0,0.8432055749128919,0.6631016042780749,0.1801039706348171
40,31,29,13402.0,13350,52.0,13680.0,13682,-2.0,13948.0,14007,-59.0,4.16,4.144,0.016000000000000014,0.904471,0.946983,-0.042511999999999994,0.9816849816849816,0.9893455098934552,-0.007660528208473516
40,32,30,13948.0,14007,-59.0,14157.0,14158,-1.0,14409.0,14464,-55.0,3.816,3.808,0.008000000000000007,0.906181,0.906181,0.0,0.9067245119305857,0.6608315098468271,0.24589300208375853
40,33,31,14409.0,14464,-55.0,14621.0,14624,-3.0,14890.0,14945,-55.0,3.712,3.728,-0.016000000000000014,0.936477,0.936477,0.0,0.8814968814968815,0.6652806652806653,0.21621621621621623
40,34,32,14890.0,14945,-55.0,15111.0,15111,0.0,15368.0,15418,-50.0,3.92,3.896,0.02400000000000002,0.9169309999999999,0.9169309999999999,0.0,0.9246861924686193,0.7019027484143763,0.222783444054243
40,35,33,15368.0,15418,-50.0,15579.0,15580,-1.0,15838.0,15879,-41.0,3.744,3.752,-0.007999999999999563,0.923772,0.923772,0.0,0.8978723404255319,0.702819956616052,0.19505238380947987
40,36,34,15838.0,15879,-41.0,16050.0,16045,5.0,16286.0,16320,-34.0,3.768,3.72,0.0479999999999996,0.938187,0.938187,0.0,0.9464285714285714,0.7528344671201814,0.19359410430838997
40,37,35,16286.0,16320,-34.0,16485.0,16487,-2.0,16736.0,16779,-43.0,3.48,3.536,-0.05600000000000005,0.957977,0.957977,0.0,0.8844444444444445,0.7276688453159041,0.15677559912854033
40,38,36,16736.0,16779,-43.0,16944.0,16944,0.0,17159.0,17201,-42.0,3.672,3.656,0.016000000000000014,0.977278,0.977278,0.0,0.983451536643026,0.7819905213270142,0.2014610153160118
40,39,37,17159.0,17201,-42.0,17372.0,17376,-4.0,17676.0,17717,-41.0,3.424,3.456,-0.03200000000000003,1.00048864,1.00048864,0.0,0.8239845261121856,0.6782945736434108,0.1456899524687748
40,44,38,18616.0,18652,-36.0,18820.0,18828,-8.0,18960.0,18978,-18.0,2.2,2.08,0.1200000000000001,1.00048864,1.00048864,0.0,0.813953488372093,0.9202453987730062,-0.10629191040091313
40,45,39,18960.0,18978,-18.0,19081.0,19083,-2.0,19246.0,19199,47.0,2.088,2.04,0.04800000000000004,1.00048864,1.00048864,0.0,0.8461538461538461,0.9502262443438914,-0.10407239819004521
40,47,40,19497.0,19498,-1.0,19571.0,19580,-9.0,19742.0,19719,23.0,1.192,3.976,-2.784,1.00048864,1.00048864,0.0,0.6040816326530613,0.7420814479638009,-0.13799981531073968
40,48,41,19742.0,19719,23.0,20081.0,20080,1.0,20503.0,20552,-49.0,4.08,4.0,0.08000000000000007,1.00048864,1.00048864,0.0,0.8909329829172142,0.8667466986794718,0.024186284237742384
40,49,42,20503.0,20552,-49.0,20705.0,20717,-12.0,20981.0,21040,-59.0,4.992,5.096,-0.10400000000000009,0.6970449999999999,0.6970449999999999,0.0,0.8451882845188284,0.6762295081967213,0.1689587763221071
40,50,43,20981.0,21040,-59.0,21185.0,21204,-19.0,21290.0,21323,-33.0,3.84,3.896,-0.05600000000000005,0.84876,0.84876,0.0,0.6796116504854368,0.8409893992932862,-0.16137774880784939
40,51,44,21290.0,21323,-33.0,21434.0,21437,-3.0,21709.0,21674,35.0,1.992,1.864,0.1279999999999999,1.00048864,1.00048864,0.0,0.6873508353221958,0.6495726495726496,0.03777818574954617
40,52,45,21709.0,21674,35.0,22012.0,22009,3.0,22268.0,22322,-54.0,4.624,4.576,0.04800000000000004,0.937943,1.00048864,-0.06254563999999996,0.9159212880143113,0.9660493827160493,-0.05012809470173807
40,53,46,22268.0,22322,-54.0,22492.0,22489,3.0,22726.0,22785,-59.0,3.84,3.84,0.0,0.92988,0.92988,0.0,0.9781659388646288,0.7213822894168467,0.2567836494477821
40,54,47,22726.0,22785,-59.0,22929.0,22928,1.0,23139.0,23192,-53.0,3.496,3.512,-0.016000000000000014,0.83924,0.83924,0.0,0.9830508474576272,0.7027027027027026,0.28034814475492453
40,55,48,23139.0,23192,-53.0,23317.0,23320,-3.0,23589.0,23615,-26.0,3.104,3.136,-0.03200000000000003,0.927437,0.927437,0.0,0.7911111111111111,0.6052009456264775,0.18591016548463357
40,56,49,23589.0,23615,-26.0,23792.0,23799,-7.0,24046.0,24066,-20.0,3.8,3.832,-0.03200000000000003,0.952358,0.952602,-0.00024399999999991095,0.888402625820569,0.8159645232815964,0.07243810253897254
40,57,50,24046.0,24066,-20.0,24266.0,24263,3.0,24440.0,24391,49.0,3.792,3.712,0.07999999999999963,1.00048864,1.00048864,0.0,0.883248730964467,0.7876923076923077,0.0955564232721593
40,60,51,24977.0,25010,-33.0,25180.0,25196,-16.0,25347.0,25347,0.0,3.808,3.936,-0.1280000000000001,0.883458,0.869532,0.013925999999999994,0.9027027027027027,0.8961424332344213,0.006560269468281366
40,61,52,25347.0,25347,0.0,25566.0,25575,-9.0,25765.0,25738,27.0,3.088,3.032,0.05600000000000005,0.85292,0.81945,0.03347,0.9521531100478469,0.8337595907928389,0.11839351925500796
40,62,53,25765.0,25738,27.0,25835.0,25841,-6.0,25941.0,25961,-20.0,2.152,2.128,0.02400000000000002,0.37088,0.37088,0.0,0.7954545454545454,0.9237668161434978,-0.12831227068895235
40,63,54,25941.0,25961,-20.0,26104.0,26094,10.0,26339.0,26382,-43.0,2.152,2.024,0.1280000000000001,1.00048864,1.00048864,0.0,0.8190954773869347,0.6318289786223278,0.18726649876460688
40,64,55,26339.0,26382,-43.0,26529.0,26542,-13.0,26725.0,26675,50.0,3.4,3.584,-0.18400000000000016,0.9274386400000001,0.9274386400000001,0.0,0.9844559585492227,0.9078498293515358,0.07660612919768695
40,69,56,27688.0,27727,-39.0,27866.0,27871,-5.0,28061.0,28106,-45.0,3.368,3.384,-0.016000000000000014,1.00048864,1.00048864,0.0,0.9544235924932976,0.7598944591029024,0.19452913339039513
40,70,57,28061.0,28106,-45.0,28284.0,28249,35.0,28483.0,28482,1.0,3.344,3.024,0.31999999999999984,1.00048864,1.00048864,0.0,0.943127962085308,0.7606382978723404,0.18248966421296764
40,71,58,28483.0,28482,1.0,28593.0,28584,9.0,28808.0,28793,15.0,2.472,2.68,-0.20800000000000018,1.00048864,1.00048864,0.0,0.676923076923077,0.6559485530546624,0.020974523868414585
40,72,59,28808.0,28793,15.0,29023.0,28994,29.0,29506.0,29524,-18.0,3.44,3.28,0.16000000000000014,0.7351586400000001,0.7351586400000001,0.0,0.6160458452722063,0.5499316005471957,0.0661142447250106
40,73,60,29506.0,29524,-18.0,29635.0,29639,-4.0,29794.0,29752,42.0,4.896,5.16,-0.26400000000000023,0.66503864,0.66503864,0.0,0.8958333333333334,0.9912280701754386,-0.0953947368421052
40,74,61,29794.0,29752,42.0,29971.0,29991,-20.0,30391.0,30447,-56.0,2.688,2.816,-0.12799999999999967,0.15098999999999999,0.16466999999999998,-0.013679999999999998,0.592964824120603,0.6877697841726619,-0.09480496005205885
40,75,62,30391.0,30447,-56.0,30622.0,30622,0.0,30892.0,30924,-32.0,5.208,5.048,0.16000000000000014,0.9230389999999999,0.9230389999999999,0.0,0.9221556886227544,0.7337526205450734,0.18840306807768104
40,76,63,30892.0,30924,-32.0,31108.0,31109,-1.0,31375.0,31405,-30.0,3.888,3.896,-0.008000000000000007,0.956511,0.956511,0.0,0.8944099378881988,0.7692307692307692,0.12517916865742962
40,77,64,31375.0,31405,-30.0,31584.0,31587,-3.0,31858.0,31925,-67.0,3.808,3.824,-0.016000000000000014,1.00048864,1.00048864,0.0,0.865424430641822,0.7,0.165424430641822
40,78,65,31858.0,31925,-67.0,32120.0,32116,4.0,32437.0,32474,-37.0,4.288,4.232,0.05600000000000005,1.00048864,0.975079,0.0254096399999999,0.9050086355785838,0.6958105646630237,0.20919807091556009
40,79,66,32437.0,32474,-37.0,32689.0,32696,-7.0,32938.0,32970,-32.0,4.552,4.64,-0.08800000000000008,0.87955,0.904471,-0.02492099999999997,0.9940119760479041,0.8951612903225806,0.09885068572532352
40,80,67,32938.0,32970,-32.0,33126.0,33129,-3.0,33265.0,33282,-17.0,3.496,3.464,0.03200000000000003,0.96775,1.00048864,-0.03273863999999993,0.8501529051987767,0.9807692307692307,-0.130616325570454
40,82,68,33482.0,33282,200.0,33515.0,33503,12.0,33698.0,33637,61.0,1.184,2.992,-1.808,0.75543864,0.9907186400000001,-0.23528000000000004,0.3055555555555556,0.7549295774647887,-0.44937402190923315
40,83,69,33698.0,33637,61.0,33936.0,33931,5.0,34191.0,34240,-49.0,3.368,3.424,-0.05600000000000005,0.9956023,1.00048864,-0.004886339999999878,0.9655172413793104,0.9751243781094527,-0.009607136730142352
40,84,70,34191.0,34240,-49.0,34421.0,34425,-4.0,34716.0,34766,-50.0,3.88,3.952,-0.07200000000000006,0.940875,0.93892,0.00195500000000004,0.8761904761904762,0.7034220532319392,0.172768422958537
40,85,71,34716.0,34766,-50.0,34954.0,34945,9.0,35214.0,35257,-43.0,4.264,4.16,0.10400000000000009,0.922795,0.922795,0.0,0.9558232931726908,0.7291242362525459,0.22669905692014491
40,86,72,35214.0,35257,-43.0,35437.0,35436,1.0,35708.0,35739,-31.0,3.864,3.928,-0.06400000000000006,0.88468,0.88468,0.0,0.902834008097166,0.7427385892116183,0.16009541888554768
40,87,73,35708.0,35739,-31.0,35913.0,35904,9.0,36213.0,36261,-48.0,3.808,3.744,0.06399999999999961,0.78305,0.78305,0.0,0.8118811881188119,0.632183908045977,0.17969728007283492
40,88,74,36213.0,36261,-48.0,36403.0,36400,3.0,36547.0,36651,-104.0,3.92,3.968,-0.04800000000000004,0.64573864,0.64573864,0.0,0.8622754491017964,0.7128205128205128,0.1494549362812836
40,90,75,36610.0,36651,-41.0,36821.0,36796,25.0,37068.0,37176,-108.0,1.904,3.168,-1.2640000000000002,1.00048864,1.00048864,0.0,0.9213973799126638,0.5523809523809524,0.3690164275317114
40,92,76,37129.0,37176,-47.0,37243.0,37272,-29.0,37551.0,37597,-46.0,1.216,3.808,-2.5919999999999996,0.826292,0.829224,-0.0029319999999999347,0.5402843601895735,0.4560570071258907,0.08422735306368279
40,93,77,37551.0,37597,-46.0,37718.0,37749,-31.0,37987.0,38024,-37.0,3.8,3.816,-0.016000000000000014,0.9142440000000001,0.8656200000000001,0.048624,0.7660550458715596,0.711943793911007,0.05411125196055255
40,94,78,37987.0,38024,-37.0,38156.0,38157,-1.0,38345.0,38296,49.0,3.504,3.264,0.2400000000000002,1.00048864,1.00048864,0.0,0.9441340782122905,0.9779411764705882,-0.03380709825829775
40,95,79,38345.0,38296,49.0,38630.0,38605,25.0,38819.0,38828,-9.0,3.792,3.584,0.20799999999999974,1.00048864,1.00048864,0.0,0.7974683544303798,0.8383458646616542,-0.040877510231274394
40,96,80,38819.0,38828,-9.0,38945.0,38942,3.0,39120.0,39141,-21.0,2.52,2.696,-0.17600000000000016,1.00048864,1.00048864,0.0,0.8372093023255813,0.7284345047923323,0.10877479753324903
40,97,81,39120.0,39141,-21.0,39281.0,39287,-6.0,39601.0,39564,37.0,2.688,2.76,-0.07199999999999962,0.82848864,0.82848864,0.0,0.6694386694386694,0.6903073286052009,-0.020868659166531578
40,98,82,39601.0,39564,37.0,39863.0,39861,2.0,40160.0,40208,-48.0,4.656,4.592,0.06400000000000006,0.83362,0.903982,-0.07036199999999992,0.9373881932021467,0.922360248447205,0.015027944754941736
40,99,83,40160.0,40208,-48.0,40365.0,40362,3.0,40661.0,40714,-53.0,4.016,4.008,0.008000000000000007,0.80308,0.80308,0.0,0.8183632734530938,0.6086956521739131,0.2096676212791807
40,100,84,40661.0,40714,-53.0,40861.0,40868,-7.0,41050.0,41073,-23.0,3.968,4.048,-0.08000000000000007,0.78915,0.78915,0.0,0.9717223650385605,0.8579387186629527,0.11378364637560778
40,101,85,41050.0,41073,-23.0,41159.0,41169,-10.0,41299.0,41404,-105.0,2.384,2.408,-0.02400000000000002,0.36428,0.651842,-0.28756200000000004,0.8755020080321285,0.5800604229607251,0.2954415850714034
40,103,86,41352.0,41404,-52.0,41510.0,41514,-4.0,41688.0,41649,39.0,1.576,2.76,-1.1839999999999997,1.00048864,1.00048864,0.0,0.9404761904761905,0.8979591836734694,0.04251700680272108
40,107,87,42720.0,42742,-22.0,42879.0,42868,11.0,43166.0,42999,167.0,3.384,3.208,0.1759999999999997,1.00048864,1.00048864,0.0,0.7130044843049328,0.980544747081712,-0.2675402627767792
40,108,89,43166.0,43210,-44.0,43358.0,43364,-6.0,43649.0,43694,-45.0,3.832,2.256,1.576,1.00048864,1.00048864,0.0,0.7950310559006211,0.6363636363636364,0.1586674195369847
40,109,90,43649.0,43694,-45.0,43855.0,43846,9.0,44146.0,44083,63.0,3.976,3.856,0.1200000000000001,1.00048864,1.00048864,0.0,0.8289738430583501,0.781491002570694,0.04748284048765605
40,110,91,44146.0,44083,63.0,44149.0,44160,-11.0,44299.0,44354,-55.0,2.352,2.512,-0.16000000000000014,0.17420000000000002,0.19032100000000002,-0.016120999999999996,0.039215686274509776,0.5682656826568266,-0.5290499963823169
40,111,92,44299.0,44354,-55.0,44505.0,44504,1.0,44766.0,44807,-41.0,2.848,2.752,0.09600000000000009,0.950892,0.950892,0.0,0.8822269807280514,0.6622516556291391,0.21997532509891227
40,112,93,44766.0,44807,-41.0,44961.0,44962,-1.0,45200.0,45236,-36.0,3.648,3.664,-0.016000000000000014,0.961642,0.961642,0.0,0.8986175115207373,0.7226107226107226,0.17600678891001476
40,113,94,45200.0,45236,-36.0,45394.0,45391,3.0,45645.0,45679,-34.0,3.464,3.432,0.03200000000000003,0.935011,0.935011,0.0,0.8719101123595505,0.6997742663656885,0.172135845993862
40,114,95,45645.0,45679,-34.0,45845.0,45843,2.0,46096.0,46121,-25.0,3.608,3.616,-0.008000000000000007,0.901539,0.901539,0.0,0.8869179600886918,0.7420814479638009,0.1448365121248909
40,115,96,46096.0,46121,-25.0,46260.0,46259,1.0,46363.0,46357,6.0,3.32,3.328,-0.008000000000000007,0.87637,0.87637,0.0,0.7715355805243446,0.8305084745762712,-0.05897289405192663
40,116,97,46363.0,46357,6.0,46495.0,46507,-12.0,46638.0,46646,-8.0,1.88,1.984,-0.10400000000000009,1.00048864,1.00048864,0.0,0.96,0.9619377162629758,-0.001937716262975786
40,117,98,46638.0,46646,-8.0,46733.0,46745,-12.0,46863.0,46867,-4.0,1.904,1.904,0.0,1.00048864,1.00048864,0.0,0.8444444444444444,0.8959276018099548,-0.051483157365510346
40,118,99,46863.0,46867,-4.0,46990.0,46987,3.0,47216.0,47261,-45.0,2.056,1.936,0.1200000000000001,1.00048864,1.00048864,0.0,0.7195467422096318,0.6091370558375635,0.11040968637206827
40,119,100,47216.0,47261,-45.0,47361.0,47379,-18.0,47571.0,47622,-51.0,2.968,3.136,-0.16800000000000015,0.65452864,0.65452864,0.0,0.8169014084507042,0.6537396121883656,0.16316179626233862
40,120,101,47571.0,47622,-51.0,47791.0,47788,3.0,48012.0,48037,-25.0,3.44,3.272,0.16800000000000015,1.00048864,0.957733,0.042755639999999984,0.9977324263038548,0.8,0.1977324263038548
40,121,102,48012.0,48037,-25.0,48183.0,48188,-5.0,48480.0,48548,-68.0,3.136,3.2,-0.06400000000000006,1.00048864,1.00048864,0.0,0.7307692307692308,0.5909980430528377,0.13977118771639319
40,122,103,48480.0,48548,-68.0,48718.0,48718,0.0,49148.0,49205,-57.0,4.28,4.24,0.040000000000000036,1.00048864,1.00048864,0.0,0.7125748502994012,0.517503805175038,0.19507104512436313
40,123,104,49148.0,49205,-57.0,49338.0,49340,-2.0,49561.0,49614,-53.0,4.96,4.976,-0.016000000000000014,1.00048864,1.00048864,0.0,0.9200968523002422,0.6601466992665037,0.2599501530337385
40,124,105,49561.0,49614,-53.0,49772.0,49776,-4.0,50015.0,50058,-43.0,3.472,3.488,-0.016000000000000014,1.00048864,1.00048864,0.0,0.9295154185022027,0.7297297297297297,0.19978568877247294
40,125,106,50015.0,50058,-43.0,50232.0,50233,-1.0,50415.0,50420,-5.0,3.68,3.656,0.02400000000000002,1.00048864,1.00048864,0.0,0.915,0.9668508287292817,-0.051850828729281706
40,126,107,50415.0,50420,-5.0,50612.0,50594,18.0,50891.0,50915,-24.0,3.04,2.888,0.15200000000000014,1.00048864,1.00048864,0.0,0.8277310924369747,0.703030303030303,0.12470078940667173
40,127,108,50891.0,50915,-24.0,51085.0,51083,2.0,51291.0,51248,43.0,3.784,3.912,-0.1280000000000001,1.00048864,1.00048864,0.0,0.97,0.990990990990991,-0.020990990990991
40,130,109,51807.0,51833,-26.0,51983.0,51983,0.0,52226.0,52153,73.0,2.064,2.016,0.04800000000000004,1.00048864,1.00048864,0.0,0.8400954653937948,0.9375,-0.09740453460620524
40,131,110,52226.0,52153,73.0,52511.0,52512,-1.0,52781.0,52833,-52.0,4.224,4.232,-0.008000000000000007,1.00048864,1.00048864,0.0,0.972972972972973,0.9441176470588235,0.02885532591414952
40,132,111,52781.0,52833,-52.0,53011.0,53016,-5.0,53232.0,53207,25.0,4.0,4.032,-0.03200000000000003,0.942585,0.932812,0.009773000000000032,0.9800443458980045,0.9786096256684492,0.0014347202295552641
40,133,112,53232.0,53207,25.0,53464.0,53468,-4.0,53689.0,53648,41.0,3.624,3.616,0.008000000000000007,0.971415,0.971415,0.0,0.9846827133479212,0.8163265306122449,0.16835618273567632
40,135,113,53758.0,53648,110.0,53967.0,53968,-1.0,54238.0,54280,-42.0,1.704,4.0,-2.2960000000000003,0.959199,0.985097,-0.025897999999999977,0.8708333333333333,0.9873417721518988,-0.11650843881856543
40,136,114,54238.0,54280,-42.0,54458.0,54455,3.0,54741.0,54684,57.0,3.928,3.896,0.03200000000000003,0.985097,0.981187,0.003909999999999969,0.874751491053678,0.8663366336633663,0.00841485739031167
40,137,115,54741.0,54684,57.0,55015.0,55012,3.0,55310.0,55360,-50.0,4.456,4.456,0.0,0.961398,0.961398,0.0,0.9630931458699473,0.9704142011834319,-0.007321055313484592
40,138,116,55310.0,55360,-50.0,55510.0,55514,-4.0,55740.0,55758,-18.0,3.96,4.016,-0.05600000000000005,0.963108,1.00048864,-0.037380639999999965,0.9302325581395349,0.7738693467336684,0.1563632114058665
40,139,117,55740.0,55758,-18.0,56022.0,56029,-7.0,56287.0,56318,-31.0,4.096,4.12,-0.02400000000000002,1.00048864,1.00048864,0.0,0.9689213893967094,0.9678571428571429,0.0010642465395664935
40,140,118,56287.0,56318,-31.0,56491.0,56486,5.0,56773.0,56808,-35.0,3.752,3.656,0.09599999999999964,1.00048864,1.00048864,0.0,0.8395061728395061,0.6857142857142857,0.1537918871252204
40,141,119,56773.0,56808,-35.0,56977.0,56975,2.0,57167.0,57122,45.0,3.888,3.912,-0.02400000000000002,0.989006,0.989006,0.0,0.9644670050761421,0.9363057324840764,0.02816127259206569
40,142,120,57167.0,57122,45.0,57312.0,57307,5.0,57458.0,57425,33.0,2.68,2.656,0.02400000000000002,1.00048864,1.00048864,0.0,0.9965635738831615,0.7788778877887789,0.21768568609438266
40,143,121,57458.0,57425,33.0,57631.0,57633,-2.0,57681.0,57717,-36.0,2.552,2.608,-0.05600000000000005,0.99266864,0.99266864,0.0,0.44843049327354256,0.5753424657534247,-0.12691197247988217
40,144,122,57681.0,57717,-36.0,57855.0,57853,2.0,58077.0,58024,53.0,1.792,1.76,0.03200000000000003,1.00048864,1.00048864,0.0,0.8787878787878788,0.8859934853420195,-0.007205606554140709
40,145,123,58077.0,58024,53.0,58419.0,58414,5.0,58627.0,58615,12.0,4.512,4.488,0.023999999999999133,0.9296386400000001,0.9296386400000001,0.0,0.7563636363636363,0.6802030456852792,0.07616059067835712
40,146,124,58627.0,58615,12.0,58890.0,58894,-4.0,59170.0,59277,-107.0,3.768,3.84,-0.07200000000000006,0.87393,0.87393,0.0,0.9686924493554327,0.8429003021148036,0.12579214724062915
40,147,125,59170.0,59277,-107.0,59433.0,59434,-1.0,59705.0,59790,-85.0,4.344,4.32,0.02400000000000002,0.88786,0.902272,-0.01441199999999998,0.983177570093458,0.6120857699805069,0.37109180011295106
41,2,1,401.0,429,-28.0,587.0,588,-1.0,786.0,798,-12.0,3.656,3.688,-0.03200000000000003,1.43519,1.43519,0.0,0.9662337662337662,0.8617886178861789,0.10444514834758734
41,3,2,786.0,798,-12.0,1011.0,1004,7.0,1319.0,1308,11.0,3.392,3.328,0.06400000000000006,1.5305900000000001,1.5305900000000001,0.0,0.8442776735459663,0.807843137254902,0.0364345362910643
41,4,3,1319.0,1308,11.0,1559.0,1557,2.0,1985.0,2032,-47.0,4.384,4.424,-0.040000000000000036,1.5329899999999999,1.55499,-0.02200000000000024,0.7207207207207207,0.6878453038674033,0.03287541685331741
41,5,4,1985.0,2032,-47.0,2247.0,2243,4.0,2514.0,2488,26.0,5.504,5.488,0.015999999999999126,1.59905,1.5330300000000001,0.06601999999999997,0.9905482041587902,0.9254385964912281,0.06510960766756213
41,6,5,2514.0,2488,26.0,2798.0,2781,17.0,3115.0,3090,25.0,4.408,4.304,0.10400000000000009,1.59409,1.56475,0.02933999999999992,0.9450915141430949,0.973421926910299,-0.02833041276720416
41,7,6,3115.0,3090,25.0,3375.0,3375,0.0,3684.0,3666,18.0,4.616,4.752,-0.13600000000000012,1.6993,1.75309,-0.053790000000000004,0.9138840070298769,0.9895833333333334,-0.07569932630345644
41,8,7,3684.0,3666,18.0,3930.0,3935,-5.0,4218.0,4254,-36.0,4.44,4.48,-0.040000000000000036,1.6308,1.6308,0.0,0.9213483146067416,0.9149659863945578,0.006382328212183763
41,9,8,4218.0,4254,-36.0,4459.0,4448,11.0,4702.0,4700,2.0,4.232,4.104,0.1280000000000001,1.73108,1.73108,0.0,0.9958677685950413,0.8699551569506727,0.12591261164436862
41,10,9,4702.0,4700,2.0,4941.0,4928,13.0,5183.0,5136,47.0,3.856,3.84,0.016000000000000014,1.48411,1.49878,-0.01466999999999996,0.9937629937629937,0.9541284403669725,0.03963455339602118
41,11,10,5183.0,5136,47.0,5495.0,5478,17.0,5737.0,5740,-3.0,4.432,4.4,0.03200000000000003,1.45232,1.4572100000000001,-0.004890000000000061,0.8736462093862816,0.8675496688741722,0.006096540512109394
41,12,11,5737.0,5740,-3.0,5988.0,5979,9.0,6274.0,6235,39.0,3.944,4.008,-0.06400000000000006,1.43034,1.4230099999999999,0.007330000000000059,0.9348230912476723,0.9656565656565657,-0.03083347440889339
41,13,12,6274.0,6235,39.0,6549.0,6548,1.0,6859.0,6892,-33.0,4.488,4.552,-0.06399999999999917,1.55986,1.56475,-0.004890000000000061,0.9401709401709402,0.9528158295281584,-0.012644889357218192
41,14,13,6859.0,6892,-33.0,7104.0,7092,12.0,7445.0,7398,47.0,4.44,4.352,0.08800000000000008,1.55015,1.53059,0.019560000000000022,0.8361774744027304,0.7905138339920948,0.04566364041063553
41,15,14,7445.0,7398,47.0,7723.0,7708,15.0,8081.0,8104,-23.0,4.952,4.928,0.02400000000000002,1.42293,1.42293,0.0,0.8742138364779874,0.8781869688385269,-0.003973132360539422
41,16,15,8081.0,8104,-23.0,8348.0,8352,-4.0,8751.0,8722,29.0,5.0,5.152,-0.15200000000000014,1.44255,1.44255,0.0,0.7970149253731343,0.8025889967637541,-0.005574071390619717
41,17,16,8751.0,8722,29.0,9068.0,9060,8.0,9410.0,9463,-53.0,5.76,5.664,0.09600000000000009,1.3032,1.36188,-0.058680000000000065,0.9620637329286799,0.9122807017543859,0.049783031174293946
41,18,17,9410.0,9463,-53.0,9662.0,9656,6.0,9902.0,9863,39.0,4.752,4.768,-0.016000000000000014,1.12714,1.12469,0.0024500000000000632,0.975609756097561,0.965,0.010609756097560985
41,31,18,10127.0,9863,264.0,10414.0,10398,16.0,10671.0,10668,3.0,2.296,5.936,-3.64,1.32274,1.32274,0.0,0.9448529411764706,0.670807453416149,0.27404548776032156
41,32,19,10671.0,10668,3.0,10882.0,10891,-9.0,11218.0,11293,-75.0,3.744,3.944,-0.19999999999999973,1.1736,1.19071,-0.01710999999999996,0.7714808043875685,0.7136,0.057880804387568485
41,33,20,11218.0,11293,-75.0,11531.0,11508,23.0,11781.0,11823,-42.0,5.192,4.936,0.2560000000000002,1.21272,1.16626,0.046459999999999946,0.8880994671403197,0.8113207547169812,0.07677871242333856
41,34,21,11781.0,11823,-42.0,12021.0,12006,15.0,12254.0,12299,-45.0,3.92,3.984,-0.06400000000000006,1.09291,1.1491500000000001,-0.05624000000000007,0.985200845665962,0.76890756302521,0.21629328264075198
41,35,22,12254.0,12299,-45.0,12521.0,12502,19.0,12760.0,12737,23.0,4.0,3.968,0.03200000000000003,1.5427899999999999,1.45721,0.08557999999999999,0.9446640316205533,0.9269406392694064,0.01772339235114695
41,36,23,12760.0,12737,23.0,13131.0,13118,13.0,13405.0,13423,-18.0,4.88,4.928,-0.04800000000000004,1.49145,1.49145,0.0,0.8496124031007752,0.8892128279883382,-0.03960042488756299
41,37,24,13405.0,13423,-18.0,13649.0,13642,7.0,13890.0,13917,-27.0,4.144,4.192,-0.04800000000000004,1.3984999999999999,1.3984999999999999,0.0,0.9938144329896907,0.8866396761133604,0.10717475687633038
41,38,25,13890.0,13917,-27.0,14142.0,14117,25.0,14387.0,14418,-31.0,3.944,3.8,0.14400000000000013,1.4034,1.4034,0.0,0.9859154929577465,0.7984031936127745,0.18751229934497204
41,39,26,14387.0,14418,-31.0,14651.0,14630,21.0,14918.0,14917,1.0,4.072,4.104,-0.03200000000000003,1.60638,1.60638,0.0,0.9943502824858758,0.8496993987975952,0.1446508836882806
41,40,27,14918.0,14917,1.0,15173.0,15166,7.0,15433.0,15470,-37.0,4.176,4.288,-0.1120000000000001,1.49877,1.49877,0.0,0.9902912621359223,0.9005424954792043,0.08974876665671805
41,41,28,15433.0,15470,-37.0,15692.0,15675,17.0,15929.0,15891,38.0,4.152,4.072,0.08000000000000007,1.5599500000000002,1.5599500000000002,0.0,0.9556451612903226,0.9738717339667459,-0.018226572676423247
41,42,29,15929.0,15891,38.0,16025.0,16032,-7.0,16162.0,16198,-36.0,2.664,2.856,-0.19199999999999973,0.18338000000000002,0.20783,-0.024449999999999972,0.8240343347639485,0.9185667752442996,-0.09453244048035114
41,43,30,16162.0,16198,-36.0,16467.0,16450,17.0,16722.0,16760,-38.0,3.536,3.344,0.19200000000000017,1.23961,1.23961,0.0,0.9107142857142857,0.896797153024911,0.013917132689374667
41,44,31,16722.0,16760,-38.0,16954.0,16948,6.0,17201.0,17218,-17.0,3.896,3.984,-0.08800000000000008,1.42541,1.41318,0.012229999999999963,0.9686847599164927,0.8209606986899564,0.14772406122653636
41,45,32,17201.0,17218,-17.0,17397.0,17400,-3.0,17643.0,17646,-3.0,3.544,3.616,-0.07200000000000006,1.13447,1.13447,0.0,0.8868778280542986,0.8504672897196262,0.03641053833467245
41,46,33,17643.0,17646,-3.0,17923.0,17925,-2.0,18243.0,18189,54.0,4.208,4.2,0.008000000000000007,1.18826,1.18826,0.0,0.9333333333333333,0.9723756906077348,-0.03904235727440142
41,47,34,18243.0,18189,54.0,18599.0,18596,3.0,18866.0,18889,-23.0,5.408,5.368,0.040000000000000036,1.956,1.956,0.0,0.8571428571428572,0.8371428571428572,0.020000000000000018
41,48,35,18866.0,18889,-23.0,19115.0,19112,3.0,19362.0,19377,-15.0,4.128,4.128,0.0,1.58929,1.61863,-0.02933999999999992,0.9959677419354839,0.9139344262295082,0.08203331570597572
41,49,36,19362.0,19377,-15.0,19596.0,19591,5.0,19852.0,19866,-14.0,3.848,3.832,0.016000000000000014,1.68212,1.68212,0.0,0.9551020408163265,0.8752556237218814,0.07984641709444518
41,50,37,19852.0,19866,-14.0,20092.0,20083,9.0,20409.0,20455,-46.0,3.968,3.936,0.03200000000000003,1.68947,1.68213,0.007340000000000124,0.8617594254937163,0.736842105263158,0.12491732023055835
41,51,38,20409.0,20455,-46.0,20657.0,20649,8.0,20944.0,20907,37.0,4.52,4.528,-0.008000000000000007,1.65522,1.65522,0.0,0.9271028037383178,0.8584070796460177,0.06869572409230007
41,52,39,20944.0,20907,37.0,21222.0,21222,0.0,21471.0,21488,-17.0,4.52,4.584,-0.06400000000000006,1.72122,1.72122,0.0,0.9449715370018975,0.9156626506024097,0.02930888639948781
41,53,40,21471.0,21488,-17.0,21694.0,21676,18.0,21955.0,21914,41.0,3.776,3.632,0.14399999999999968,1.41812,1.40101,0.01710999999999996,0.9214876033057852,0.8826291079812206,0.038858495324564535
41,54,41,21955.0,21914,41.0,22227.0,22219,8.0,22505.0,22517,-12.0,4.264,4.344,-0.08000000000000007,1.7286,1.73594,-0.007340000000000124,0.9890909090909091,0.988391376451078,0.0006995326398311352
41,55,42,22505.0,22517,-12.0,22773.0,22764,9.0,23075.0,23136,-61.0,4.368,4.36,0.008000000000000007,1.80444,1.78732,0.017120000000000024,0.9403508771929825,0.7980613893376414,0.14228948785534112
41,56,43,23075.0,23136,-61.0,23359.0,23360,-1.0,23653.0,23610,43.0,4.688,4.768,-0.08000000000000007,1.35942,1.35942,0.0,0.9826989619377162,0.9451476793248945,0.0375512826128217
41,57,44,23653.0,23610,43.0,23912.0,23909,3.0,24229.0,24258,-29.0,4.424,4.392,0.03200000000000003,1.81175,1.81175,0.0,0.8993055555555556,0.9228395061728395,-0.023533950617283916
41,58,45,24229.0,24258,-29.0,24457.0,24441,16.0,24711.0,24670,41.0,4.36,4.256,0.10400000000000009,1.34475,1.34475,0.0,0.946058091286307,0.8883495145631068,0.05770857672320018
41,59,46,24711.0,24670,41.0,24922.0,24927,-5.0,25238.0,25230,8.0,3.72,3.888,-0.1679999999999997,1.53541,1.55008,-0.01466999999999996,0.8007590132827325,0.9178571428571428,-0.11709812957441035
41,60,47,25238.0,25230,8.0,25511.0,25503,8.0,25795.0,25832,-37.0,4.712,4.608,0.10400000000000009,1.65281,1.65281,0.0,0.9802513464991023,0.9069767441860466,0.07327460231305571
41,61,48,25795.0,25832,-37.0,26038.0,26026,12.0,26349.0,26266,83.0,4.216,4.184,0.03200000000000003,1.62588,1.62588,0.0,0.8772563176895307,0.8940092165898618,-0.016752898900331048
41,62,49,26349.0,26266,83.0,26643.0,26635,8.0,26877.0,26910,-33.0,4.84,4.872,-0.03200000000000003,1.10758,1.15403,-0.04644999999999988,0.8863636363636364,0.8540372670807453,0.03232636928289101
41,63,50,26877.0,26910,-33.0,27129.0,27121,8.0,27422.0,27471,-49.0,3.888,3.888,0.0,1.44495,1.44495,0.0,0.9247706422018349,0.7522281639928698,0.17254247820896507
41,64,51,27422.0,27471,-49.0,27680.0,27677,3.0,27940.0,27928,12.0,4.408,4.448,-0.040000000000000036,1.59165,1.59165,0.0,0.9961389961389961,0.9015317286652079,0.09460726747378823
41,65,52,27940.0,27928,12.0,28183.0,28178,5.0,28472.0,28458,14.0,4.024,4.008,0.016000000000000014,1.7726600000000001,1.7726600000000001,0.0,0.9135338345864662,0.9433962264150944,-0.029862391828628154
41,66,53,28472.0,28458,14.0,28713.0,28714,-1.0,29015.0,29042,-27.0,4.24,4.288,-0.04800000000000004,1.66988,1.66988,0.0,0.8876611418047882,0.8767123287671232,0.010948813037664928
41,67,54,29015.0,29042,-27.0,29290.0,29277,13.0,29591.0,29540,51.0,4.616,4.504,0.1120000000000001,1.7433,1.7433,0.0,0.9548611111111112,0.9437751004016064,0.011086010709504768
41,68,55,29591.0,29540,51.0,29855.0,29864,-9.0,30107.0,30125,-18.0,4.52,4.696,-0.17600000000000016,1.4205,1.4205,0.0,0.9767441860465116,0.8923076923076922,0.08443649373881934
41,69,56,30107.0,30125,-18.0,30317.0,30318,-1.0,30554.0,30484,70.0,3.696,3.632,0.06400000000000006,1.46948,1.4597,0.0097799999999999,0.9395973154362416,0.924791086350975,0.014806229085266631
41,70,57,30554.0,30484,70.0,30827.0,30833,-6.0,31138.0,31085,53.0,4.08,4.12,-0.040000000000000036,1.64544,1.64544,0.0,0.934931506849315,0.8386023294509152,0.09632917739839986
41,71,58,31138.0,31085,53.0,31472.0,31455,17.0,31747.0,31788,-41.0,5.16,4.976,0.18400000000000016,1.46454,1.47432,-0.009780000000000122,0.90311986863711,0.9473684210526316,-0.044248552415521614
41,72,59,31747.0,31788,-41.0,31988.0,31978,10.0,32235.0,32253,-18.0,4.128,4.184,-0.05600000000000005,1.42297,1.42297,0.0,0.9877049180327869,0.8172043010752688,0.17050061695751817
41,73,60,32235.0,32253,-18.0,32456.0,32451,5.0,32688.0,32708,-20.0,3.744,3.784,-0.03999999999999959,1.1320299999999999,1.1320299999999999,0.0,0.9757174392935982,0.8703296703296703,0.10538776896392787
41,74,61,32688.0,32708,-20.0,32974.0,32951,23.0,33241.0,33221,20.0,4.144,4.0,0.14400000000000013,1.3863500000000002,1.3496700000000001,0.036680000000000046,0.9656419529837251,0.9473684210526316,0.01827353193109349
41,75,62,33241.0,33221,20.0,33474.0,33464,10.0,33793.0,33813,-20.0,4.0,4.104,-0.10400000000000009,1.28851,1.28851,0.0,0.8442028985507246,0.8209459459459459,0.02325695260477867
41,76,63,33793.0,33813,-20.0,34029.0,34032,-3.0,34319.0,34378,-59.0,4.44,4.544,-0.1039999999999992,0.9877799999999999,0.9877799999999999,0.0,0.8973384030418251,0.7752212389380531,0.12211716410377205
41,77,64,34319.0,34378,-59.0,34527.0,34540,-13.0,34771.0,34791,-20.0,3.984,4.064,-0.08000000000000007,1.5379399999999999,1.53305,0.004889999999999839,0.9203539823008849,0.784503631961259,0.1358503503396259
41,78,65,34771.0,34791,-20.0,34909.0,34915,-6.0,35177.0,35237,-60.0,3.056,3.0,0.05600000000000005,0.76528,0.81662,-0.05134000000000005,0.6798029556650247,0.5560538116591929,0.12374914400583181
41,79,66,35177.0,35237,-60.0,35530.0,35512,18.0,35934.0,35991,-57.0,4.968,4.776,0.19200000000000017,1.92421,1.91199,0.012219999999999898,0.9326287978863936,0.7294429708222812,0.20318582706411248
41,80,67,35934.0,35991,-57.0,36207.0,36200,7.0,36500.0,36507,-7.0,5.416,5.504,-0.08799999999999919,1.6895,1.72128,-0.03177999999999992,0.9646643109540636,0.810077519379845,0.15458679157421862
41,81,68,36500.0,36507,-7.0,36726.0,36717,9.0,36948.0,36962,-14.0,4.152,4.136,0.016000000000000014,1.3325200000000001,1.3325200000000001,0.0,0.9910714285714286,0.9230769230769231,0.06799450549450547
41,82,69,36948.0,36962,-14.0,37200.0,37192,8.0,37465.0,37565,-100.0,3.792,3.8,-0.008000000000000007,1.27873,1.27873,0.0,0.9748549323017408,0.7628524046434494,0.21200252765829142
41,84,70,37551.0,37565,-14.0,37814.0,37792,22.0,38062.0,38071,-9.0,2.704,4.8,-2.0959999999999996,1.6332499999999999,1.58924,0.04400999999999988,0.9706457925636007,0.8972332015810277,0.07341259098257302
41,85,71,38062.0,38071,-9.0,38291.0,38290,1.0,38542.0,38549,-7.0,3.816,3.984,-0.16800000000000015,1.50366,1.50366,0.0,0.9541666666666667,0.9163179916317992,0.03784867503486755
41,86,72,38542.0,38549,-7.0,38755.0,38737,18.0,39005.0,38945,60.0,3.712,3.576,0.13600000000000012,1.17359,1.17359,0.0,0.9200863930885529,0.9494949494949495,-0.029408556406396613
41,87,73,39005.0,38945,60.0,39264.0,39258,6.0,39524.0,39554,-30.0,4.072,4.168,-0.09600000000000009,1.57208,1.57208,0.0,0.9980732177263969,0.9720853858784894,0.02598783184790754
41,88,74,39524.0,39554,-30.0,39788.0,39764,24.0,40100.0,40131,-31.0,4.192,4.048,0.14400000000000013,1.59411,1.59411,0.0,0.9166666666666666,0.7279029462738302,0.1887637203928364
41,89,75,40100.0,40131,-31.0,40364.0,40347,17.0,40626.0,40581,45.0,4.608,4.664,-0.05600000000000005,1.60148,1.60148,0.0,0.9961977186311787,0.96,0.03619771863117871
41,90,76,40626.0,40581,45.0,40742.0,40701,41.0,40942.0,40968,-26.0,3.024,2.832,0.19200000000000017,0.28606499999999996,0.320295,-0.03423000000000004,0.7341772151898734,0.6201550387596899,0.11402217643018353
41,91,77,40942.0,40968,-26.0,41223.0,41230,-7.0,41517.0,41554,-37.0,3.848,4.232,-0.38400000000000034,1.7188500000000002,1.67239,0.04646000000000017,0.9773913043478261,0.89419795221843,0.08319335212939605
41,92,78,41517.0,41554,-37.0,41738.0,41743,-5.0,42065.0,42106,-41.0,4.12,4.104,0.016000000000000014,1.46699,1.4938799999999999,-0.02688999999999986,0.8065693430656934,0.6847826086956521,0.12178673437004128
41,93,79,42065.0,42106,-41.0,42339.0,42346,-7.0,42625.0,42660,-35.0,4.808,4.824,-0.016000000000000014,1.72375,1.72375,0.0,0.9785714285714285,0.8664259927797834,0.11214543579164515
41,94,80,42625.0,42660,-35.0,42863.0,42860,3.0,43130.0,43169,-39.0,4.192,4.112,0.08000000000000007,1.46455,1.46944,-0.004890000000000061,0.9425742574257425,0.7858546168958742,0.1567196405298683
41,95,81,43130.0,43169,-39.0,43394.0,43379,15.0,43684.0,43703,-19.0,4.248,4.152,0.09600000000000009,1.57704,1.5746,0.0024399999999999977,0.9530685920577617,0.7865168539325843,0.16655173812517743
41,96,82,43684.0,43703,-19.0,43947.0,43933,14.0,44217.0,44182,35.0,4.424,4.432,-0.008000000000000007,1.39124,1.39124,0.0,0.9868667917448405,0.9603340292275574,0.026532762517283093
41,97,83,44217.0,44182,35.0,44424.0,44424,0.0,44643.0,44662,-19.0,3.816,3.928,-0.1120000000000001,1.18582,1.22739,-0.041569999999999885,0.971830985915493,0.9916666666666667,-0.0198356807511737
41,98,84,44643.0,44662,-19.0,44878.0,44881,-3.0,45109.0,45122,-13.0,3.632,3.656,-0.02400000000000002,1.37168,1.37657,-0.004890000000000061,0.9914163090128756,0.9521739130434783,0.03924239596939727
41,99,85,45109.0,45122,-13.0,45331.0,45315,16.0,45592.0,45602,-10.0,3.624,3.472,0.15200000000000014,1.33008,1.33008,0.0,0.9192546583850931,0.8041666666666667,0.11508799171842643
41,100,86,45592.0,45602,-10.0,45825.0,45825,0.0,46129.0,46164,-35.0,3.952,4.08,-0.1280000000000001,1.39363,1.39363,0.0,0.8677839851024208,0.7935943060498221,0.07418967905259877
41,101,87,46129.0,46164,-35.0,46383.0,46360,23.0,46669.0,46640,29.0,4.464,4.28,0.18400000000000016,1.3740700000000001,1.3740700000000001,0.0,0.9407407407407408,0.8235294117647058,0.11721132897603492
41,102,88,46669.0,46640,29.0,46946.0,46939,7.0,47254.0,47233,21.0,4.504,4.632,-0.1280000000000001,1.49147,1.49147,0.0,0.947008547008547,0.9915682967959528,-0.044559749787405845
41,103,89,47254.0,47233,21.0,47526.0,47517,9.0,47749.0,47710,39.0,4.64,4.624,0.016000000000000014,1.3814199999999999,1.3496299999999999,0.031789999999999985,0.901010101010101,0.8092243186582809,0.09178578235182011
41,104,90,47749.0,47710,39.0,48023.0,48008,15.0,48354.0,48420,-66.0,3.976,3.928,0.04800000000000004,1.37408,1.4621,-0.08801999999999999,0.9057851239669421,0.8394366197183099,0.06634850424863226
41,105,91,48354.0,48420,-66.0,48649.0,48632,17.0,48935.0,48971,-36.0,5.008,4.992,0.016000000000000014,1.61611,1.61611,0.0,0.9845094664371773,0.7695099818511797,0.2149994845859976
41,106,92,48935.0,48971,-36.0,49191.0,49189,2.0,49465.0,49485,-20.0,4.336,4.456,-0.1200000000000001,1.6601000000000001,1.6601000000000001,0.0,0.9660377358490566,0.8482490272373541,0.11778870861170254
41,107,93,49465.0,49485,-20.0,49693.0,49679,14.0,49911.0,49933,-22.0,4.016,3.92,0.09600000000000009,1.34965,1.34965,0.0,0.9775784753363229,0.8660714285714286,0.11150704676489431
41,108,94,49911.0,49933,-22.0,50127.0,50122,5.0,50389.0,50405,-16.0,3.472,3.544,-0.07200000000000006,1.55993,1.55993,0.0,0.9037656903765691,0.8008474576271186,0.10291823274945044
41,109,95,50389.0,50405,-16.0,50601.0,50592,9.0,50864.0,50824,40.0,3.792,3.76,0.03200000000000003,1.40832,1.40832,0.0,0.8926315789473684,0.8926014319809069,3.014696646153059e-05
41,110,96,50864.0,50824,40.0,51152.0,51145,7.0,51380.0,51402,-22.0,4.408,4.424,-0.016000000000000014,1.59906,1.59906,0.0,0.8837209302325582,0.889273356401384,-0.005552426168825897
41,111,97,51380.0,51402,-22.0,51535.0,51549,-14.0,51763.0,51787,-24.0,3.064,3.232,-0.16800000000000015,0.89731,0.8875299999999999,0.009780000000000122,0.8093994778067886,0.7636363636363637,0.04576311417042489
41,112,98,51763.0,51787,-24.0,52014.0,52001,13.0,52299.0,52337,-38.0,3.832,3.616,0.21599999999999975,1.4694699999999998,1.47681,-0.007340000000000124,0.9365671641791045,0.7781818181818182,0.15838534599728626
41,113,99,52299.0,52337,-38.0,52513.0,52517,-4.0,52783.0,52841,-58.0,3.992,4.128,-0.13600000000000012,1.17115,1.18338,-0.012230000000000185,0.884297520661157,0.7142857142857143,0.17001180637544266
41,114,100,52783.0,52841,-58.0,53067.0,53052,15.0,53328.0,53336,-8.0,4.432,4.28,0.15200000000000014,1.36676,1.36676,0.0,0.9577981651376146,0.8525252525252525,0.10527291261236216
41,115,101,53328.0,53336,-8.0,53595.0,53582,13.0,53934.0,53905,29.0,4.224,4.24,-0.016000000000000014,1.25428,1.25428,0.0,0.8811881188118812,0.8646748681898067,0.016513250622074538
41,116,102,53934.0,53905,29.0,54204.0,54203,1.0,54510.0,54464,46.0,4.872,4.968,-0.09600000000000009,1.4914399999999999,1.4914399999999999,0.0,0.9375,0.9338103756708408,0.0036896243291592024
41,117,103,54510.0,54464,46.0,54761.0,54747,14.0,55079.0,55147,-68.0,4.456,4.352,0.10400000000000009,1.49636,1.5257,-0.029340000000000144,0.8822495606326889,0.828696925329429,0.05355263530325993
41,118,104,55079.0,55147,-68.0,55367.0,55342,25.0,55669.0,55617,52.0,4.848,4.76,0.08800000000000008,1.40343,1.40343,0.0,0.976271186440678,0.8297872340425532,0.14648395239812484
41,119,105,55669.0,55617,52.0,56048.0,56042,6.0,56356.0,56400,-44.0,5.448,5.6,-0.15199999999999925,1.23717,1.2445,-0.007329999999999837,0.8966521106259098,0.9144316730523627,-0.017779562426452955
41,120,106,56356.0,56400,-44.0,56634.0,56623,11.0,56959.0,56979,-20.0,4.688,4.648,0.040000000000000036,1.4425599999999998,1.44745,-0.004890000000000061,0.9220563847429519,0.770293609671848,0.15176277507110392
41,121,107,56959.0,56979,-20.0,57222.0,57225,-3.0,57532.0,57510,22.0,4.704,4.816,-0.1120000000000001,1.42055,1.36432,0.05623,0.9179755671902269,0.9265536723163842,-0.00857810512615731
41,122,108,57532.0,57510,22.0,57588.0,57583,5.0,57778.0,57823,-45.0,2.928,2.864,0.06400000000000006,0.53056,0.57212,-0.04155999999999993,0.4552845528455285,0.4664536741214057,-0.011169121275877214
41,123,109,57778.0,57823,-45.0,58070.0,58057,13.0,58435.0,58449,-14.0,3.856,3.792,0.06400000000000006,1.50124,1.50124,0.0,0.8888888888888888,0.7476038338658146,0.1412850550230742
41,124,110,58435.0,58449,-14.0,58673.0,58663,10.0,58906.0,58921,-15.0,4.824,4.848,-0.02400000000000002,1.48414,1.48414,0.0,0.9893842887473461,0.9067796610169492,0.0826046277303969
41,125,111,58906.0,58921,-15.0,59048.0,59088,-40.0,59356.0,59298,58.0,3.0,3.4,-0.3999999999999999,1.18337,1.1467,0.03666999999999998,0.6311111111111112,0.8859416445623343,-0.2548305334512231
42,2,1,394.0,337,57.0,618.0,617,1.0,826.0,775,51.0,3.472,3.496,-0.02400000000000002,1.00048864,1.00048864,0.0,0.962962962962963,0.7214611872146119,0.24150177574835108
42,3,2,826.0,775,51.0,1072.0,1069,3.0,1296.0,1230,66.0,3.632,3.616,0.016000000000000014,1.00048864,1.00048864,0.0,0.9531914893617022,0.7076923076923076,0.24549918166939455
42,4,3,1296.0,1230,66.0,1533.0,1525,8.0,1749.0,1685,64.0,3.688,3.648,0.040000000000000036,1.00048864,1.00048864,0.0,0.9536423841059603,0.7032967032967032,0.250345680809257
42,5,4,1749.0,1685,64.0,1972.0,1966,6.0,2188.0,2126,62.0,3.512,3.528,-0.016000000000000014,1.00048864,1.00048864,0.0,0.9840546697038725,0.7256235827664399,0.25843108693743255
42,6,5,2188.0,2126,62.0,2461.0,2462,-1.0,2660.0,2617,43.0,3.912,3.968,-0.05600000000000005,1.00048864,1.00048864,0.0,0.8432203389830508,0.6313645621181263,0.21185577686492452
42,7,6,2660.0,2617,43.0,2875.0,2867,8.0,3077.0,3017,60.0,3.312,3.24,0.07199999999999962,1.00048864,1.00048864,0.0,0.9688249400479616,0.75,0.2188249400479616
42,8,7,3077.0,3017,60.0,3314.0,3306,8.0,3532.0,3585,-53.0,3.512,3.512,0.0,1.00048864,1.00048864,0.0,0.9582417582417583,0.9823943661971831,-0.024152607955424843
42,9,8,3532.0,3585,-53.0,3746.0,3743,3.0,3950.0,3898,52.0,3.456,3.496,-0.040000000000000036,1.00048864,1.00048864,0.0,0.9760765550239234,0.9904153354632588,-0.014338780439335341
42,10,9,3950.0,3898,52.0,4209.0,4206,3.0,4426.0,4370,56.0,3.704,3.704,0.0,1.00048864,1.00048864,0.0,0.9117647058823529,0.6949152542372881,0.21684945164506486
42,11,10,4426.0,4370,56.0,4641.0,4644,-3.0,4852.0,4881,-29.0,3.456,3.504,-0.04800000000000004,1.00048864,1.00048864,0.0,0.9906103286384976,0.9275929549902153,0.0630173736482823
42,12,11,4852.0,4881,-29.0,5047.0,5046,1.0,5256.0,5216,40.0,3.248,3.216,0.03200000000000003,1.00048864,1.00048864,0.0,0.9653465346534653,0.9850746268656716,-0.019728092212206283
42,13,12,5256.0,5216,40.0,5463.0,5460,3.0,5668.0,5615,53.0,3.328,3.312,0.016000000000000014,1.00048864,1.00048864,0.0,0.9951456310679612,0.7769423558897244,0.2182032751782368
42,14,13,5668.0,5615,53.0,5899.0,5897,2.0,6104.0,6047,57.0,3.488,3.496,-0.008000000000000007,1.00048864,1.00048864,0.0,0.9403669724770642,0.6944444444444444,0.24592252803261982
42,15,14,6104.0,6047,57.0,6341.0,6339,2.0,6546.0,6495,51.0,3.536,3.536,0.0,1.00048864,1.00048864,0.0,0.9276018099547512,0.6964285714285714,0.23117323852617977
42,16,15,6546.0,6495,51.0,6781.0,6782,-1.0,6990.0,7025,-35.0,3.52,3.544,-0.02400000000000002,1.00048864,1.00048864,0.0,0.9414414414414415,0.9169811320754717,0.024460309365969768
42,17,16,6990.0,7025,-35.0,7210.0,7215,-5.0,7426.0,7468,-42.0,3.432,3.464,-0.03200000000000003,1.00048864,1.00048864,0.0,0.9908256880733946,0.8577878103837472,0.13303787768964737
42,18,17,7426.0,7468,-42.0,7642.0,7644,-2.0,7852.0,7898,-46.0,3.456,3.432,0.02400000000000002,1.00048864,1.00048864,0.0,0.9859154929577465,0.8186046511627907,0.1673108417949558
42,19,18,7852.0,7898,-46.0,8068.0,8063,5.0,8287.0,8234,53.0,3.408,3.352,0.05600000000000005,1.00048864,1.00048864,0.0,0.993103448275862,0.9821428571428571,0.01096059113300496
42,20,19,8287.0,8234,53.0,8513.0,8507,6.0,8728.0,8744,-16.0,3.56,3.552,0.008000000000000007,1.00048864,1.00048864,0.0,0.9750566893424036,0.9294117647058824,0.045644924636521256
42,21,20,8728.0,8744,-16.0,8926.0,8926,0.0,9131.0,9153,-22.0,3.304,3.352,-0.04800000000000004,1.00048864,1.00048864,0.0,0.9826302729528535,0.8899755501222494,0.09265472283060416
42,22,21,9131.0,9153,-22.0,9353.0,9353,0.0,9557.0,9606,-49.0,3.416,3.416,0.0,1.00048864,1.00048864,0.0,0.9577464788732395,0.8830022075055187,0.07474427136772077
42,23,22,9557.0,9606,-49.0,9787.0,9786,1.0,9988.0,10033,-45.0,3.472,3.464,0.008000000000000007,1.00048864,1.00048864,0.0,0.9327146171693735,0.8430913348946136,0.08962328227475991
42,24,23,9988.0,10033,-45.0,10186.0,10179,7.0,10409.0,10446,-37.0,3.192,3.144,0.04800000000000004,1.00048864,1.00048864,0.0,0.9406175771971497,0.7070217917675545,0.23359578542959514
42,25,24,10409.0,10446,-37.0,10623.0,10620,3.0,10823.0,10769,54.0,3.496,3.528,-0.03200000000000003,1.00048864,1.00048864,0.0,0.966183574879227,0.9226006191950464,0.04358295568418058
42,26,25,10823.0,10769,54.0,11050.0,11049,1.0,11250.0,11197,53.0,3.416,3.432,-0.016000000000000014,1.00048864,1.00048864,0.0,0.936768149882904,0.691588785046729,0.24517936483617497
42,27,26,11250.0,11197,53.0,11462.0,11459,3.0,11668.0,11611,57.0,3.296,3.28,0.016000000000000014,1.00048864,1.00048864,0.0,0.9856459330143541,0.7342995169082125,0.2513464161061416
42,28,27,11668.0,11611,57.0,11902.0,11896,6.0,12098.0,12054,44.0,3.52,3.496,0.02400000000000002,1.00048864,1.00048864,0.0,0.9116279069767442,0.7133182844243793,0.19830962255236495
42,29,28,12098.0,12054,44.0,12307.0,12308,-1.0,12526.0,12577,-51.0,3.24,3.296,-0.055999999999999606,1.00048864,1.00048864,0.0,0.9766355140186916,0.97131931166348,0.0053162023552116855
42,30,29,12526.0,12577,-51.0,12756.0,12756,0.0,12960.0,12992,-32.0,3.592,3.584,0.008000000000000007,1.00048864,1.00048864,0.0,0.9400921658986175,0.8626506024096385,0.07744156348897901
42,31,30,12960.0,12992,-32.0,13168.0,13169,-1.0,13378.0,13428,-50.0,3.296,3.304,-0.008000000000000007,1.00048864,1.00048864,0.0,0.9952153110047847,0.8119266055045872,0.1832887055001975
42,32,31,13378.0,13428,-50.0,13587.0,13581,6.0,13796.0,13736,60.0,3.352,3.296,0.05600000000000005,1.00048864,1.00048864,0.0,1.0,0.9935064935064936,0.00649350649350644
42,33,32,13796.0,13736,60.0,14014.0,14011,3.0,14219.0,14271,-52.0,3.416,3.44,-0.02400000000000002,1.00048864,1.00048864,0.0,0.9692671394799054,0.9719626168224299,-0.0026954773425245104
42,34,33,14219.0,14271,-52.0,14438.0,14437,1.0,14635.0,14687,-52.0,3.392,3.408,-0.016000000000000014,1.00048864,1.00048864,0.0,0.9471153846153846,0.7980769230769231,0.14903846153846145
42,35,34,14635.0,14687,-52.0,14853.0,14849,4.0,15074.0,15014,60.0,3.32,3.296,0.02400000000000002,1.00048864,1.00048864,0.0,0.9931662870159453,0.9908256880733946,0.0023405989425507867
42,36,35,15074.0,15014,60.0,15346.0,15341,5.0,15544.0,15490,54.0,3.944,3.936,0.008000000000000007,1.00048864,1.00048864,0.0,0.8425531914893617,0.6260504201680672,0.21650277132129447
42,37,36,15544.0,15490,54.0,15789.0,15788,1.0,15997.0,15938,59.0,3.544,3.576,-0.03200000000000003,1.00048864,1.00048864,0.0,0.9183222958057395,0.6696428571428572,0.24867943866288234
42,38,37,15997.0,15938,59.0,16259.0,16256,3.0,16468.0,16410,58.0,3.76,3.744,0.01599999999999957,1.00048864,1.00048864,0.0,0.8874734607218684,0.652542372881356,0.23493108784051242
42,39,38,16468.0,16410,58.0,16708.0,16704,4.0,16894.0,16853,41.0,3.592,3.584,0.008000000000000007,1.00048864,1.00048864,0.0,0.8732394366197183,0.672686230248307,0.20055320637141127
42,40,39,16894.0,16853,41.0,17102.0,17101,1.0,17307.0,17257,50.0,3.152,3.176,-0.02400000000000002,1.00048864,1.00048864,0.0,0.9927360774818402,0.7722772277227723,0.22045884975906793
42,41,40,17307.0,17257,50.0,17555.0,17552,3.0,17767.0,17721,46.0,3.624,3.608,0.016000000000000014,1.00048864,1.00048864,0.0,0.9217391304347826,0.728448275862069,0.19329085457271367
42,42,41,17767.0,17721,46.0,18052.0,18051,1.0,18255.0,18204,51.0,3.976,3.992,-0.016000000000000014,1.00048864,1.00048864,0.0,0.8319672131147541,0.6335403726708074,0.19842684044394665
42,43,42,18255.0,18204,51.0,18497.0,18499,-2.0,18710.0,18663,47.0,3.56,3.584,-0.02400000000000002,1.00048864,1.00048864,0.0,0.9362637362637363,0.7145969498910676,0.22166678637266868
42,44,43,18710.0,18663,47.0,18977.0,18975,2.0,19207.0,19177,30.0,3.84,3.808,0.03200000000000003,1.00048864,1.00048864,0.0,0.9255533199195171,0.7859922178988327,0.1395611020206844
42,45,44,19207.0,19177,30.0,19420.0,19421,-1.0,19638.0,19617,21.0,3.544,3.568,-0.02400000000000002,1.00048864,1.00048864,0.0,0.988399071925754,0.8909090909090909,0.09748998101666317
42,46,45,19638.0,19617,21.0,19872.0,19872,0.0,20075.0,20108,-33.0,3.616,3.608,0.008000000000000007,1.00048864,1.00048864,0.0,0.9290617848970252,0.9613034623217923,-0.032241677424767134
42,47,46,20075.0,20108,-33.0,20274.0,20271,3.0,20481.0,20491,-10.0,3.216,3.192,0.02400000000000002,1.00048864,1.00048864,0.0,0.9802955665024631,0.8511749347258486,0.12912063177661448
42,48,47,20481.0,20491,-10.0,20683.0,20681,2.0,20887.0,20844,43.0,3.272,3.28,-0.008000000000000007,1.00048864,1.00048864,0.0,0.9950738916256158,0.9235127478753541,0.07156114375026168
42,49,48,20887.0,20844,43.0,21105.0,21110,-5.0,21311.0,21355,-44.0,3.376,3.432,-0.05600000000000005,1.00048864,1.00048864,0.0,0.9716981132075472,0.9589041095890412,0.012794003618506022
42,50,49,21311.0,21355,-44.0,21520.0,21512,8.0,21732.0,21670,62.0,3.32,3.216,0.10399999999999965,1.00048864,1.00048864,0.0,0.9928741092636579,0.9968253968253968,-0.003951287561738903
42,51,50,21732.0,21670,62.0,21953.0,21947,6.0,22136.0,22166,-30.0,3.464,3.48,-0.016000000000000014,1.00048864,1.00048864,0.0,0.905940594059406,0.8830645161290323,0.022876077930373717
42,52,51,22136.0,22166,-30.0,22328.0,22320,8.0,22535.0,22472,63.0,3.0,2.984,0.016000000000000014,1.00048864,1.00048864,0.0,0.9624060150375939,0.9934640522875817,-0.03105803724998779
42,53,52,22535.0,22472,63.0,22752.0,22748,4.0,22944.0,22895,49.0,3.392,3.424,-0.03200000000000003,1.00048864,1.00048864,0.0,0.9388753056234719,0.6950354609929078,0.24383984463056407
42,54,53,22944.0,22895,49.0,23161.0,23160,1.0,23367.0,23313,54.0,3.272,3.296,-0.02400000000000002,1.00048864,1.00048864,0.0,0.9739952718676123,0.7320574162679425,0.24193785559966974
42,55,54,23367.0,23313,54.0,23628.0,23627,1.0,23839.0,23880,-41.0,3.736,3.736,0.0,1.00048864,1.00048864,0.0,0.8940677966101696,0.8924162257495591,0.0016515708606104074
42,56,55,23839.0,23880,-41.0,24064.0,24064,0.0,24272.0,24321,-49.0,3.488,3.496,-0.008000000000000007,1.00048864,1.00048864,0.0,0.9607390300230947,0.8344671201814059,0.1262719098416888
42,57,56,24272.0,24321,-49.0,24491.0,24492,-1.0,24697.0,24748,-51.0,3.416,3.424,-0.008000000000000007,1.00048864,1.00048864,0.0,0.9694117647058823,0.8009367681498829,0.1684749965559994
42,58,57,24697.0,24748,-51.0,24915.0,24910,5.0,25125.0,25084,41.0,3.392,3.344,0.04800000000000004,1.00048864,1.00048864,0.0,0.9813084112149533,0.9642857142857143,0.017022696929238967
42,59,58,25125.0,25084,41.0,25327.0,25328,-1.0,25525.0,25547,-22.0,3.296,3.344,-0.04800000000000004,1.00048864,1.00048864,0.0,0.99,0.9460043196544277,0.04399568034557233
42,60,59,25525.0,25547,-22.0,25731.0,25730,1.0,25947.0,26000,-53.0,3.232,3.216,0.016000000000000014,1.00048864,1.00048864,0.0,0.976303317535545,0.8079470198675497,0.1683562976679953
42,61,60,25947.0,26000,-53.0,26184.0,26175,9.0,26389.0,26442,-53.0,3.624,3.56,0.06400000000000006,1.00048864,1.00048864,0.0,0.9276018099547512,0.7918552036199095,0.1357466063348417
42,62,61,26389.0,26442,-53.0,26598.0,26590,8.0,26790.0,26737,53.0,3.312,3.32,-0.008000000000000007,1.00048864,1.00048864,0.0,0.9576059850374065,0.9966101694915255,-0.03900418445411902
42,63,62,26790.0,26737,53.0,27014.0,27015,-1.0,27224.0,27176,48.0,3.328,3.4,-0.07200000000000006,1.00048864,1.00048864,0.0,0.967741935483871,0.7334851936218678,0.23425674186200318
42,64,63,27224.0,27176,48.0,27456.0,27458,-2.0,27683.0,27636,47.0,3.536,3.544,-0.008000000000000007,1.00048864,1.00048864,0.0,0.9891067538126361,0.7739130434782608,0.2151937103343753
42,65,64,27683.0,27636,47.0,27927.0,27924,3.0,28146.0,28084,62.0,3.768,3.728,0.03999999999999959,1.00048864,1.00048864,0.0,0.9460043196544277,0.7142857142857143,0.23171860536871336
42,66,65,28146.0,28084,62.0,28382.0,28379,3.0,28604.0,28559,45.0,3.64,3.64,0.0,1.00048864,1.00048864,0.0,0.9694323144104804,0.7578947368421053,0.2115375775683751
42,67,66,28604.0,28559,45.0,28814.0,28813,1.0,29031.0,29089,-58.0,3.456,3.472,-0.016000000000000014,1.00048864,1.00048864,0.0,0.9836065573770492,0.9584905660377359,0.025115991339313304
42,68,67,29031.0,29089,-58.0,29264.0,29263,1.0,29469.0,29413,56.0,3.6,3.6,0.0,1.00048864,1.00048864,0.0,0.9360730593607306,0.9259259259259259,0.010147133434804667
42,69,68,29469.0,29413,56.0,29704.0,29703,1.0,29910.0,29957,-47.0,3.52,3.52,0.0,1.00048864,1.00048864,0.0,0.9342403628117913,0.9338235294117647,0.0004168334000266283
42,70,69,29910.0,29957,-47.0,30130.0,30133,-3.0,30348.0,30397,-49.0,3.408,3.44,-0.03200000000000003,1.00048864,1.00048864,0.0,0.995433789954338,0.8,0.1954337899543379
42,71,70,30348.0,30397,-49.0,30577.0,30575,2.0,30781.0,30733,48.0,3.576,3.536,0.040000000000000036,1.00048864,1.00048864,0.0,0.9422632794457275,0.9404761904761905,0.001787088969537054
42,72,71,30781.0,30733,48.0,31013.0,31007,6.0,31223.0,31279,-56.0,3.488,3.456,0.03200000000000003,1.00048864,1.00048864,0.0,0.9502262443438914,0.9963369963369964,-0.04611075199310499
42,73,72,31223.0,31279,-56.0,31438.0,31434,4.0,31629.0,31662,-33.0,3.4,3.416,-0.016000000000000014,1.00048864,1.00048864,0.0,0.9408866995073891,0.8093994778067886,0.13148722170060057
42,74,73,31629.0,31662,-33.0,31847.0,31846,1.0,32051.0,31998,53.0,3.272,3.296,-0.02400000000000002,1.00048864,1.00048864,0.0,0.966824644549763,0.9047619047619048,0.062062739787858257
42,75,74,32051.0,31998,53.0,32303.0,32301,2.0,32508.0,32455,53.0,3.648,3.64,0.008000000000000007,1.00048864,1.00048864,0.0,0.8971553610503282,0.6739606126914661,0.2231947483588621
42,76,75,32508.0,32455,53.0,32737.0,32740,-3.0,32944.0,32898,46.0,3.472,3.512,-0.040000000000000036,1.00048864,1.00048864,0.0,0.9495412844036697,0.7133182844243793,0.23622299997929042
42,77,76,32944.0,32898,46.0,33156.0,33148,8.0,33355.0,33294,61.0,3.352,3.264,0.08800000000000008,1.00048864,1.00048864,0.0,0.9683698296836983,0.7373737373737373,0.230996092309961
42,78,77,33355.0,33294,61.0,33590.0,33586,4.0,33794.0,33738,56.0,3.472,3.504,-0.03200000000000003,1.00048864,1.00048864,0.0,0.929384965831435,0.6846846846846847,0.24470028114675035
42,79,78,33794.0,33738,56.0,34058.0,34052,6.0,34276.0,34221,55.0,3.744,3.728,0.016000000000000014,1.00048864,1.00048864,0.0,0.9045643153526971,0.6997929606625259,0.20477135469017116
42,80,79,34276.0,34221,55.0,34516.0,34511,5.0,34722.0,34674,48.0,3.664,3.672,-0.008000000000000007,1.00048864,1.00048864,0.0,0.9237668161434978,0.7196467991169978,0.20412001702649996
42,81,80,34722.0,34674,48.0,34961.0,34953,8.0,35175.0,35126,49.0,3.56,3.536,0.02400000000000002,1.00048864,1.00048864,0.0,0.9448123620309051,0.7654867256637168,0.17932563636718835
42,82,81,35175.0,35126,49.0,35408.0,35402,6.0,35619.0,35560,59.0,3.576,3.592,-0.016000000000000014,1.00048864,1.00048864,0.0,0.9504504504504504,0.728110599078341,0.22233985137210943
42,83,82,35619.0,35560,59.0,35846.0,35840,6.0,36036.0,35986,50.0,3.504,3.504,0.0,1.00048864,1.00048864,0.0,0.9112709832134293,0.6854460093896714,0.22582497382375788
42,84,83,36036.0,35986,50.0,36316.0,36309,7.0,36514.0,36464,50.0,3.76,3.752,0.008000000000000007,1.00048864,1.00048864,0.0,0.8284518828451883,0.6485355648535565,0.17991631799163188
42,85,84,36514.0,36464,50.0,36773.0,36766,7.0,36956.0,36940,16.0,3.656,3.656,0.0,1.00048864,1.00048864,0.0,0.8280542986425339,0.73109243697479,0.0969618616677439
42,86,85,36956.0,36940,16.0,37167.0,37170,-3.0,37384.0,37329,55.0,3.152,3.232,-0.08000000000000007,1.00048864,1.00048864,0.0,0.985981308411215,0.8174807197943444,0.16850058861687056
42,87,86,37384.0,37329,55.0,37635.0,37638,-3.0,37846.0,37856,-10.0,3.744,3.744,0.0,1.00048864,1.00048864,0.0,0.9134199134199135,0.8273244781783682,0.08609543524154528
42,88,87,37846.0,37856,-10.0,38059.0,38064,-5.0,38269.0,38305,-36.0,3.392,3.408,-0.016000000000000014,1.00048864,1.00048864,0.0,0.9929078014184397,0.9265033407572383,0.06640446066120143
42,89,88,38269.0,38305,-36.0,38477.0,38470,7.0,38688.0,38632,56.0,3.344,3.248,0.09599999999999964,1.00048864,1.00048864,0.0,0.9928400954653938,0.9908256880733946,0.0020144073919992067
42,90,89,38688.0,38632,56.0,38912.0,38907,5.0,39116.0,39066,50.0,3.48,3.496,-0.016000000000000014,1.00048864,1.00048864,0.0,0.9532710280373832,0.7327188940092166,0.22055213402816654
42,91,90,39116.0,39066,50.0,39339.0,39339,0.0,39553.0,39570,-17.0,3.416,3.456,-0.040000000000000036,1.00048864,1.00048864,0.0,0.9794050343249427,0.9166666666666666,0.06273836765827612
42,92,91,39553.0,39570,-17.0,39779.0,39780,-1.0,40016.0,39988,28.0,3.52,3.528,-0.008000000000000007,1.00048864,1.00048864,0.0,0.9762419006479481,0.9952153110047847,-0.01897341035683653
42,93,92,40016.0,39988,28.0,40235.0,40232,3.0,40445.0,40397,48.0,3.648,3.616,0.03200000000000003,1.00048864,1.00048864,0.0,0.9790209790209791,0.8068459657701712,0.17217501325080786
42,94,93,40445.0,40397,48.0,40675.0,40678,-3.0,40885.0,40909,-24.0,3.52,3.568,-0.04800000000000004,1.00048864,1.00048864,0.0,0.9545454545454546,0.90234375,0.052201704545454586
42,95,94,40885.0,40909,-24.0,41077.0,41073,4.0,41285.0,41321,-36.0,3.216,3.16,0.05600000000000005,1.00048864,1.00048864,0.0,0.96,0.7961165048543689,0.16388349514563105
42,96,95,41285.0,41321,-36.0,41486.0,41484,2.0,41700.0,41739,-39.0,3.272,3.288,-0.016000000000000014,1.00048864,1.00048864,0.0,0.9686746987951808,0.7799043062200957,0.1887703925750851
42,97,96,41700.0,41739,-39.0,41933.0,41929,4.0,42143.0,42081,62.0,3.576,3.56,0.016000000000000014,1.00048864,1.00048864,0.0,0.9480812641083521,0.8888888888888888,0.0591923752194633
42,98,97,42143.0,42081,62.0,42385.0,42381,4.0,42585.0,42532,53.0,3.616,3.616,0.0,1.00048864,1.00048864,0.0,0.9049773755656109,0.6696230598669624,0.2353543156986485
42,99,98,42585.0,42532,53.0,42843.0,42840,3.0,43047.0,42999,48.0,3.664,3.672,-0.008000000000000007,1.00048864,1.00048864,0.0,0.8831168831168831,0.6809421841541756,0.20217469896270746
42,100,99,43047.0,42999,48.0,43276.0,43275,1.0,43472.0,43421,51.0,3.464,3.48,-0.016000000000000014,1.00048864,1.00048864,0.0,0.9223529411764706,0.6919431279620853,0.23040981321438525
42,101,100,43472.0,43421,51.0,43723.0,43721,2.0,43917.0,43872,45.0,3.576,3.568,0.008000000000000007,1.00048864,1.00048864,0.0,0.8719101123595505,0.6696230598669624,0.20228705249258816
42,102,101,43917.0,43872,45.0,44142.0,44140,2.0,44344.0,44294,50.0,3.352,3.352,0.0,1.00048864,1.00048864,0.0,0.9461358313817331,0.7298578199052133,0.21627801147651982
42,103,102,44344.0,44294,50.0,44560.0,44554,6.0,44779.0,44718,61.0,3.344,3.312,0.03200000000000003,1.00048864,1.00048864,0.0,0.993103448275862,0.7735849056603774,0.21951854261548465
42,104,103,44779.0,44718,61.0,44998.0,44996,2.0,45190.0,45227,-37.0,3.504,3.536,-0.03200000000000003,1.00048864,1.00048864,0.0,0.9343065693430657,0.9076620825147348,0.02664448682833087
42,105,104,45190.0,45227,-37.0,45384.0,45379,5.0,45570.0,45584,-14.0,3.088,3.064,0.02400000000000002,1.00048864,1.00048864,0.0,0.9789473684210527,0.8515406162464986,0.1274067521745541
42,106,105,45570.0,45584,-14.0,45775.0,45776,-1.0,45987.0,46025,-38.0,3.128,3.176,-0.04800000000000004,1.00048864,1.00048864,0.0,0.9832134292565947,0.8707482993197279,0.11246512993686686
42,107,106,45987.0,46025,-38.0,46200.0,46197,3.0,46413.0,46461,-48.0,3.4,3.368,0.03200000000000003,1.00048864,1.00048864,0.0,1.0,0.7889908256880733,0.21100917431192667
42,108,107,46413.0,46461,-48.0,46633.0,46624,9.0,46843.0,46792,51.0,3.464,3.416,0.04800000000000004,1.00048864,1.00048864,0.0,0.9767441860465116,0.9848942598187311,-0.008150073772219546
42,109,108,46843.0,46792,51.0,47048.0,47048,0.0,47250.0,47287,-37.0,3.32,3.392,-0.07200000000000006,1.00048864,1.00048864,0.0,0.9926289926289926,0.9656565656565657,0.026972426972426966
42,110,109,47250.0,47287,-37.0,47475.0,47473,2.0,47685.0,47631,54.0,3.416,3.4,0.016000000000000014,1.00048864,1.00048864,0.0,0.9655172413793104,0.9186046511627907,0.04691259021651972
42,111,110,47685.0,47631,54.0,47930.0,47928,2.0,48123.0,48161,-38.0,3.64,3.64,0.0,1.00048864,1.00048864,0.0,0.8812785388127854,0.879245283018868,0.0020332557939174434
42,112,111,48123.0,48161,-38.0,48326.0,48313,13.0,48518.0,48561,-43.0,3.168,3.08,0.08800000000000008,1.00048864,1.00048864,0.0,0.9721518987341772,0.76,0.21215189873417717
42,113,112,48518.0,48561,-43.0,48737.0,48738,-1.0,48945.0,48975,-30.0,3.288,3.4,-0.1120000000000001,1.00048864,1.00048864,0.0,0.9742388758782201,0.855072463768116,0.11916641211010415
42,114,113,48945.0,48975,-30.0,49159.0,49157,2.0,49361.0,49406,-45.0,3.376,3.352,0.02400000000000002,1.00048864,1.00048864,0.0,0.9711538461538461,0.8445475638051044,0.12660628234874172
42,115,114,49361.0,49406,-45.0,49572.0,49565,7.0,49783.0,49720,63.0,3.304,3.264,0.040000000000000036,1.00048864,1.00048864,0.0,1.0,0.9872611464968153,0.01273885350318471
42,116,115,49783.0,49720,63.0,50019.0,50015,4.0,50234.0,50171,63.0,3.576,3.6,-0.02400000000000002,1.00048864,1.00048864,0.0,0.9534368070953437,0.6917960088691796,0.26164079822616415
42,117,116,50234.0,50171,63.0,50473.0,50469,4.0,50680.0,50625,55.0,3.632,3.632,0.0,1.00048864,1.00048864,0.0,0.9282511210762332,0.6872246696035242,0.24102645147270896
42,118,117,50680.0,50625,55.0,50915.0,50912,3.0,51126.0,51064,62.0,3.536,3.544,-0.008000000000000007,1.00048864,1.00048864,0.0,0.9461883408071748,0.6924829157175398,0.253705425089635
42,119,118,51126.0,51064,62.0,51400.0,51391,9.0,51616.0,51559,57.0,3.88,3.832,0.04800000000000004,1.00048864,1.00048864,0.0,0.8816326530612245,0.6787878787878787,0.2028447742733458
42,120,119,51616.0,51559,57.0,51859.0,51861,-2.0,52058.0,52041,17.0,3.672,3.76,-0.08799999999999963,1.00048864,1.00048864,0.0,0.9004524886877828,0.7468879668049793,0.15356452188280356
42,121,120,52058.0,52041,17.0,52243.0,52244,-1.0,52450.0,52408,42.0,3.072,3.064,0.008000000000000007,1.00048864,1.00048864,0.0,0.9438775510204082,0.8937329700272479,0.050144580993160215
42,122,121,52450.0,52408,42.0,52690.0,52690,0.0,52900.0,52939,-39.0,3.576,3.568,0.008000000000000007,1.00048864,1.00048864,0.0,0.9333333333333333,0.9378531073446328,-0.004519774011299438
42,123,122,52900.0,52939,-39.0,53107.0,53105,2.0,53324.0,53369,-45.0,3.336,3.32,0.016000000000000014,1.00048864,1.00048864,0.0,0.9764150943396226,0.772093023255814,0.20432207108380862
42,124,123,53324.0,53369,-45.0,53550.0,53545,5.0,53760.0,53813,-53.0,3.544,3.52,0.02400000000000002,1.00048864,1.00048864,0.0,0.963302752293578,0.7927927927927928,0.17050995950078518
42,125,124,53760.0,53813,-53.0,53971.0,53966,5.0,54186.0,54122,64.0,3.368,3.368,0.0,1.00048864,1.00048864,0.0,0.9906103286384976,0.9902912621359223,0.0003190665025752937
42,126,125,54186.0,54122,64.0,54444.0,54437,7.0,54664.0,54608,56.0,3.784,3.768,0.016000000000000014,1.00048864,1.00048864,0.0,0.9205020920502092,0.7037037037037037,0.21679838834650544
42,127,126,54664.0,54608,56.0,54942.0,54939,3.0,55149.0,55091,58.0,3.984,4.016,-0.03200000000000003,1.00048864,1.00048864,0.0,0.8536082474226804,0.629399585921325,0.22420866150135532
42,128,127,55149.0,55091,58.0,55383.0,55383,0.0,55577.0,55619,-42.0,3.528,3.552,-0.02400000000000002,1.00048864,1.00048864,0.0,0.9065420560747663,0.8939393939393939,0.012602662135372422
42,129,128,55577.0,55619,-42.0,55783.0,55775,8.0,55982.0,55932,50.0,3.2,3.136,0.06400000000000006,1.00048864,1.00048864,0.0,0.9827160493827161,0.9968051118210862,-0.014089062438370159
42,130,129,55982.0,55932,50.0,56189.0,56189,0.0,56382.0,56419,-37.0,3.248,3.312,-0.06399999999999961,1.00048864,1.00048864,0.0,0.965,0.944558521560575,0.02044147843942501
42,131,130,56382.0,56419,-37.0,56576.0,56567,9.0,56766.0,56803,-37.0,3.096,3.024,0.07200000000000006,1.00048864,1.00048864,0.0,0.9895833333333334,0.7708333333333334,0.21875
42,132,131,56766.0,56803,-37.0,56990.0,56988,2.0,57193.0,57234,-41.0,3.312,3.368,-0.05600000000000005,1.00048864,1.00048864,0.0,0.9508196721311475,0.8584686774941995,0.09235099463694796
42,133,132,57193.0,57234,-41.0,57407.0,57406,1.0,57609.0,57563,46.0,3.336,3.344,-0.008000000000000007,1.00048864,1.00048864,0.0,0.9711538461538461,0.9544072948328267,0.01674655132101943
42,134,133,57609.0,57563,46.0,57824.0,57820,4.0,58040.0,57978,62.0,3.336,3.312,0.02400000000000002,1.00048864,1.00048864,0.0,0.9976798143851509,0.7614457831325301,0.23623403125262077
42,135,134,58040.0,57978,62.0,58303.0,58300,3.0,58515.0,58470,45.0,3.832,3.84,-0.008000000000000007,1.00048864,1.00048864,0.0,0.8926315789473684,0.6910569105691057,0.20157466837826277
42,136,135,58515.0,58470,45.0,58749.0,58749,0.0,58972.0,59022,-50.0,3.568,3.592,-0.02400000000000002,1.00048864,1.00048864,0.0,0.975929978118162,0.9891304347826086,-0.013200456664446691
42,137,136,58972.0,59022,-50.0,59210.0,59212,-2.0,59423.0,59458,-35.0,3.688,3.704,-0.016000000000000014,1.00048864,1.00048864,0.0,0.9445676274944568,0.8715596330275229,0.07300799446693385
42,138,137,59423.0,59458,-35.0,59644.0,59645,-1.0,59861.0,59827,34.0,3.472,3.464,0.008000000000000007,1.00048864,1.00048864,0.0,0.9908675799086758,0.986449864498645,0.004417715410030776
43,2,1,322.0,291,31.0,562.0,553,9.0,754.0,728,26.0,3.528,3.608,-0.08000000000000007,0.938419,0.900296,0.03812300000000002,0.8888888888888888,0.8009153318077803,0.08797355708110854
43,3,2,754.0,728,26.0,989.0,995,-6.0,1190.0,1173,17.0,3.416,3.536,-0.1200000000000001,0.9247289999999999,0.928639,-0.00391000000000008,0.9220183486238532,0.8,0.12201834862385319
43,4,3,1190.0,1173,17.0,1465.0,1448,17.0,1671.0,1622,49.0,3.808,3.624,0.18399999999999972,0.917889,0.933529,-0.0156400000000001,0.8565488565488566,0.7750556792873051,0.08149317726155147
43,5,4,1671.0,1622,49.0,1931.0,1927,4.0,2165.0,2109,56.0,3.728,3.832,-0.10399999999999965,0.8944300000000001,0.8944300000000001,0.0,0.9473684210526316,0.7474332648870636,0.199935156165568
43,6,5,2165.0,2109,56.0,2425.0,2424,1.0,2623.0,2607,16.0,3.952,3.976,-0.02400000000000002,0.913001,0.913001,0.0,0.8646288209606987,0.7349397590361446,0.1296890619245541
43,7,6,2623.0,2607,16.0,2879.0,2860,19.0,3078.0,3041,37.0,3.632,3.488,0.14400000000000013,0.900293,0.900293,0.0,0.8747252747252747,0.8341013824884793,0.04062389223679541
43,8,7,3078.0,3041,37.0,3319.0,3321,-2.0,3533.0,3494,39.0,3.52,3.688,-0.16800000000000015,0.939394,0.89932,0.04007399999999994,0.9406593406593406,0.7637969094922737,0.1768624311670669
43,9,8,3533.0,3494,39.0,3825.0,3827,-2.0,4020.0,4014,6.0,4.048,4.048,0.0,0.9022479999999999,0.939394,-0.03714600000000001,0.8008213552361396,0.7192307692307692,0.08159058600537039
43,10,9,4020.0,4014,6.0,4251.0,4253,-2.0,4451.0,4443,8.0,3.408,3.408,0.0,0.915934,0.915934,0.0,0.9280742459396751,0.8857808857808858,0.04229336015878937
43,11,10,4451.0,4443,8.0,4686.0,4683,3.0,4876.0,4877,-1.0,3.48,3.44,0.040000000000000036,0.9071359999999999,0.9071359999999999,0.0,0.8941176470588236,0.8940092165898618,0.00010843046896180653
43,12,11,4876.0,4877,-1.0,5104.0,5100,4.0,5299.0,5280,19.0,3.344,3.336,0.008000000000000007,0.938416,0.938416,0.0,0.9219858156028369,0.8933002481389578,0.02868556746387907
43,13,12,5299.0,5280,19.0,5546.0,5532,14.0,5718.0,5700,18.0,3.536,3.456,0.08000000000000007,0.9257089999999999,0.9257089999999999,0.0,0.8210023866348448,0.8,0.021002386634844772
43,14,13,5718.0,5700,18.0,5935.0,5936,-1.0,6130.0,6109,21.0,3.112,3.232,-0.1200000000000001,0.955034,0.950147,0.004887000000000086,0.9466019417475728,0.8459657701711492,0.10063617157642368
43,15,14,6130.0,6109,21.0,6356.0,6355,1.0,6553.0,6532,21.0,3.368,3.352,0.016000000000000014,0.932551,0.955034,-0.02248300000000003,0.9314420803782506,0.8368794326241135,0.09456264775413714
43,16,15,6553.0,6532,21.0,6777.0,6785,-8.0,6982.0,6965,17.0,3.368,3.44,-0.07200000000000006,0.914956,0.932551,-0.017595000000000027,0.9557109557109558,0.8314087759815243,0.12430217972943147
43,17,16,6982.0,6965,17.0,7245.0,7224,21.0,7399.0,7402,-3.0,3.744,3.512,0.2320000000000002,0.933529,0.933529,0.0,0.7386091127098322,0.8146453089244852,-0.07603619621465296
43,18,17,7399.0,7402,-3.0,7613.0,7587,26.0,7787.0,7763,24.0,2.944,2.904,0.040000000000000036,0.921794,0.921794,0.0,0.8969072164948454,0.9750692520775623,-0.07816203558271695
43,19,18,7787.0,7763,24.0,8010.0,7998,12.0,8228.0,8246,-18.0,3.176,3.288,-0.11199999999999966,0.917884,0.9511199,-0.033235899999999985,0.9886621315192744,0.9730848861283644,0.015577245390909988
43,20,19,8228.0,8246,-18.0,8337.0,8343,-6.0,8488.0,8452,36.0,2.616,2.76,-0.14399999999999968,0.3264899,0.292277,0.03421289999999999,0.8384615384615385,0.941747572815534,-0.10328603435399553
43,21,20,8488.0,8452,36.0,8787.0,8769,18.0,8970.0,8948,22.0,3.6,3.408,0.19200000000000017,0.893448,0.893448,0.0,0.7593360995850622,0.7217741935483871,0.037561906036675086
43,22,21,8970.0,8948,22.0,9232.0,9214,18.0,9429.0,9402,27.0,3.56,3.56,0.0,0.87879,0.87879,0.0,0.8583877995642701,0.8281938325991189,0.030193966965151198
43,23,22,9429.0,9402,27.0,9670.0,9666,4.0,9865.0,9857,8.0,3.504,3.616,-0.1120000000000001,0.909091,0.909091,0.0,0.8944954128440367,0.8395604395604396,0.05493497328359709
43,24,23,9865.0,9857,8.0,10108.0,10103,5.0,10302.0,10284,18.0,3.504,3.496,0.008000000000000007,0.945259,0.945259,0.0,0.8878718535469108,0.8477751756440282,0.04009667790288263
43,25,24,10302.0,10284,18.0,10531.0,10507,24.0,10683.0,10675,8.0,3.384,3.232,0.1519999999999997,0.9071359999999999,0.899316,0.007819999999999938,0.7979002624671916,0.8593350383631714,-0.06143477589597979
43,26,25,10683.0,10675,8.0,10892.0,10885,7.0,11082.0,11073,9.0,2.888,3.024,-0.13600000000000012,0.9345060000000001,0.942326,-0.007819999999999938,0.9523809523809523,0.9447236180904522,0.007657334290500084
43,27,26,11082.0,11073,9.0,11296.0,11296,0.0,11502.0,11467,35.0,3.232,3.288,-0.055999999999999606,0.935484,0.913978,0.021506000000000025,0.9809523809523809,0.868020304568528,0.11293207638385294
43,28,27,11502.0,11467,35.0,11787.0,11782,5.0,12001.0,11969,32.0,3.928,3.888,0.040000000000000036,0.9345060000000001,0.935484,-0.0009779999999999234,0.8577154308617234,0.7450199203187251,0.11269551054299831
43,29,28,12001.0,11969,32.0,12253.0,12248,5.0,12441.0,12427,14.0,3.728,3.728,0.0,0.81721,0.831868,-0.01465800000000006,0.8545454545454545,0.7816593886462881,0.07288606589916635
43,30,29,12441.0,12427,14.0,12675.0,12674,1.0,12907.0,12859,48.0,3.376,3.408,-0.03200000000000003,0.911046,0.911046,0.0,0.9957081545064378,0.8564814814814815,0.13922667302495628
43,31,30,12907.0,12859,48.0,13188.0,13184,4.0,13401.0,13393,8.0,4.104,4.08,0.02400000000000002,0.933529,0.917889,0.0156400000000001,0.8623481781376519,0.7827715355805244,0.07957664255712749
43,32,31,13401.0,13393,8.0,13625.0,13613,12.0,13825.0,13805,20.0,3.496,3.432,0.06400000000000006,0.930596,0.933529,-0.0029330000000000744,0.9433962264150944,0.9320388349514563,0.011357391463638011
43,33,32,13825.0,13805,20.0,14052.0,14064,-12.0,14277.0,14248,29.0,3.416,3.608,-0.19200000000000017,0.88661,0.89932,-0.012709999999999999,0.995575221238938,0.8306997742663657,0.1648754469725724
43,34,33,14277.0,14248,29.0,14559.0,14551,8.0,14759.0,14737,22.0,4.056,3.896,0.16000000000000014,0.908113,0.89638,0.011732999999999993,0.8298755186721991,0.7607361963190185,0.06913932235318065
43,35,34,14759.0,14737,22.0,15015.0,14999,16.0,15196.0,15178,18.0,3.648,3.584,0.06400000000000006,0.932551,0.932551,0.0,0.8283752860411899,0.8117913832199546,0.01658390282123534
43,36,35,15196.0,15178,18.0,15417.0,15419,-2.0,15600.0,15599,1.0,3.216,3.36,-0.14399999999999968,0.929614,0.9266810000000001,0.0029329999999999634,0.905940594059406,0.8551068883610451,0.050833705698360876
43,37,36,15600.0,15599,1.0,15826.0,15802,24.0,15994.0,15983,11.0,3.272,3.064,0.20799999999999974,0.936461,0.936461,0.0,0.8527918781725888,0.9427083333333334,-0.08991645516074454
43,38,37,15994.0,15983,11.0,16229.0,16209,20.0,16404.0,16390,14.0,3.224,3.256,-0.031999999999999584,0.926686,0.926686,0.0,0.8536585365853658,0.8894348894348895,-0.03577635284952363
43,39,38,16404.0,16390,14.0,16659.0,16638,21.0,16830.0,16817,13.0,3.44,3.432,0.008000000000000007,0.974585,0.974585,0.0,0.8028169014084507,0.8384074941451991,-0.03559059273674836
43,40,39,16830.0,16817,13.0,17059.0,17055,4.0,17242.0,17228,14.0,3.2,3.336,-0.13599999999999968,0.941349,0.940371,0.0009780000000000344,0.8883495145631068,0.8418491484184915,0.04650036614461539
43,41,40,17242.0,17228,14.0,17489.0,17484,5.0,17693.0,17672,21.0,3.44,3.432,0.008000000000000007,0.965787,0.965787,0.0,0.9046563192904656,0.8468468468468469,0.05780947244361878
43,42,41,17693.0,17672,21.0,17968.0,17967,1.0,18174.0,18165,9.0,3.832,3.864,-0.03200000000000003,0.925709,0.925709,0.0,0.8565488565488566,0.8032454361054766,0.05330342044337999
43,43,42,18174.0,18165,9.0,18393.0,18391,2.0,18587.0,18568,19.0,3.4,3.392,0.008000000000000007,0.926686,0.908113,0.01857300000000006,0.9394673123486683,0.8784119106699751,0.061055401678693166
43,44,43,18587.0,18568,19.0,18824.0,18808,16.0,19007.0,18985,22.0,3.448,3.336,0.1120000000000001,0.911046,0.926686,-0.015639999999999987,0.8714285714285714,0.8489208633093526,0.022507708119218872
43,45,44,19007.0,18985,22.0,19236.0,19221,15.0,19439.0,19388,51.0,3.296,3.304,-0.008000000000000007,0.921799,0.921799,0.0,0.9398148148148148,0.8287841191066998,0.11103069570811497
43,46,45,19439.0,19388,51.0,19744.0,19712,32.0,19941.0,19902,39.0,4.064,3.928,0.13600000000000012,0.89834,0.89541,0.002929999999999988,0.7848605577689243,0.7392996108949417,0.0455609468739826
43,47,46,19941.0,19902,39.0,20218.0,20197,21.0,20395.0,20375,20.0,3.792,3.88,-0.08800000000000008,0.938416,0.938416,0.0,0.7797356828193833,0.7526427061310782,0.027092976688305126
43,48,47,20395.0,20375,20.0,20609.0,20615,-6.0,20825.0,20787,38.0,3.128,3.344,-0.21599999999999975,0.951124,0.89638,0.054744000000000015,0.9953488372093023,0.8349514563106796,0.16039738089862277
43,49,48,20825.0,20787,38.0,21125.0,21109,16.0,21311.0,21297,14.0,4.128,3.952,0.17600000000000016,0.911046,0.951124,-0.04007799999999995,0.7654320987654322,0.7372549019607844,0.02817719680464781
43,50,49,21311.0,21297,14.0,21540.0,21525,15.0,21735.0,21702,33.0,3.32,3.328,-0.008000000000000007,0.914956,0.914956,0.0,0.9198113207547169,0.8740740740740741,0.04573724668064283
43,51,50,21735.0,21702,33.0,21978.0,21965,13.0,22174.0,22139,35.0,3.504,3.52,-0.016000000000000014,0.912023,0.9071359999999999,0.004887000000000086,0.8929384965831435,0.7963386727688787,0.0965998238142648
43,52,51,22174.0,22139,35.0,22427.0,22422,5.0,22614.0,22607,7.0,3.592,3.656,-0.06400000000000006,0.948192,0.948192,0.0,0.85,0.7905982905982906,0.05940170940170941
43,53,52,22614.0,22607,7.0,22891.0,22860,31.0,23062.0,23052,10.0,3.712,3.504,0.20800000000000018,0.89345,0.901271,-0.007821000000000078,0.7633928571428572,0.8629213483146068,-0.09952849117174956
43,54,53,23062.0,23052,10.0,23299.0,23271,28.0,23453.0,23445,8.0,3.264,3.288,-0.02400000000000002,0.9022479999999999,0.9022479999999999,0.0,0.7877237851662404,0.8854961832061069,-0.09777239803986648
43,55,54,23453.0,23445,8.0,23698.0,23684,14.0,23885.0,23860,25.0,3.192,3.304,-0.11199999999999966,1.0,1.0,0.0,0.8657407407407407,0.8481927710843373,0.017547969656403373
43,56,55,23885.0,23860,25.0,24104.0,24092,12.0,24300.0,24268,32.0,3.248,3.264,-0.01599999999999957,0.88074,1.0,-0.11926000000000003,0.944578313253012,0.8627450980392157,0.08183321521379627
43,57,56,24300.0,24268,32.0,24522.0,24515,7.0,24730.0,24734,-4.0,3.344,3.384,-0.040000000000000036,0.956012,0.956012,0.0,0.9674418604651163,0.9399141630901288,0.027527697374987503
43,58,57,24730.0,24734,-4.0,24961.0,24957,4.0,25142.0,25135,7.0,3.512,3.536,-0.02400000000000002,0.913001,0.913001,0.0,0.8786407766990292,0.8877805486284289,-0.009139771929399743
43,59,58,25142.0,25135,7.0,25376.0,25372,4.0,25569.0,25550,19.0,3.32,3.32,0.0,0.942326,0.942326,0.0,0.9039812646370023,0.8578313253012049,0.046149939335797474
43,60,59,25569.0,25550,19.0,25829.0,25809,20.0,26012.0,25999,13.0,3.624,3.496,0.1280000000000001,0.8797699999999999,0.9022479999999999,-0.022477999999999998,0.8261851015801355,0.846325167037862,-0.020140065457726508
43,61,60,26012.0,25999,13.0,26270.0,26233,37.0,26425.0,26407,18.0,3.528,3.392,0.13600000000000012,0.859237,0.859237,0.0,0.7506053268765134,0.8529411764705882,-0.10233584959407482
43,62,61,26425.0,26407,18.0,26693.0,26683,10.0,26885.0,26854,31.0,3.384,3.6,-0.2160000000000002,0.922776,0.904203,0.01857300000000006,0.8347826086956522,0.7651006711409396,0.06968193755471264
43,63,62,26885.0,26854,31.0,27112.0,27112,0.0,27304.0,27295,9.0,3.352,3.432,-0.08000000000000007,0.88661,0.922776,-0.03616600000000003,0.9164677804295943,0.8299319727891157,0.08653580764047863
43,64,63,27304.0,27295,9.0,27524.0,27518,6.0,27713.0,27668,45.0,3.296,3.248,0.0479999999999996,1.0,1.0,0.0,0.9242053789731052,0.8042895442359249,0.11991583473718026
43,66,64,27759.0,27668,91.0,27981.0,27989,-8.0,28214.0,28215,-1.0,1.936,3.768,-1.8319999999999999,0.958944,1.0,-0.04105599999999998,0.9758241758241758,0.8263254113345521,0.14949876448962374
43,67,65,28214.0,28215,-1.0,28446.0,28441,5.0,28635.0,28621,14.0,3.72,3.616,0.10400000000000009,0.929619,0.929619,0.0,0.8978622327790974,0.8866995073891626,0.011162725389934791
43,68,66,28635.0,28621,14.0,28859.0,28856,3.0,29040.0,29028,12.0,3.304,3.32,-0.016000000000000014,0.969697,0.969697,0.0,0.8938271604938272,0.8452088452088452,0.04861831528498195
43,69,67,29040.0,29028,12.0,29258.0,29247,11.0,29451.0,29410,41.0,3.192,3.128,0.06400000000000006,0.916911,0.962854,-0.045942999999999956,0.9391727493917275,0.8534031413612566,0.08576960803047085
43,70,68,29451.0,29410,41.0,29691.0,29699,-8.0,29904.0,29877,27.0,3.464,3.616,-0.15200000000000014,0.953079,0.950147,0.0029320000000000457,0.9403973509933775,0.7623126338329764,0.17808471716040108
43,71,69,29904.0,29877,27.0,30111.0,30113,-2.0,30291.0,30280,11.0,3.36,3.312,0.04800000000000004,0.87292,0.940369,-0.06744899999999998,0.9302325581395349,0.8287841191066998,0.10144843903283507
43,72,70,30291.0,30280,11.0,30515.0,30488,27.0,30690.0,30660,30.0,3.232,3.0,0.2320000000000002,0.896381,0.896381,0.0,0.8771929824561404,0.9052631578947369,-0.028070175438596467
43,73,71,30690.0,30660,30.0,30944.0,30929,15.0,31142.0,31103,39.0,3.432,3.528,-0.09600000000000009,0.923754,0.89638,0.02737400000000001,0.8761061946902655,0.7855530474040632,0.09055314728620234
43,74,72,31142.0,31103,39.0,31429.0,31412,17.0,31629.0,31582,47.0,3.88,3.864,0.016000000000000014,0.88954,0.923754,-0.03421399999999997,0.8213552361396304,0.7098121085594989,0.11154312758013141
43,75,73,31629.0,31582,47.0,31920.0,31917,3.0,32125.0,32103,22.0,3.928,4.04,-0.1120000000000001,0.901271,0.901271,0.0,0.8266129032258065,0.7140115163147793,0.11260138691102717
43,76,74,32125.0,32103,22.0,32384.0,32368,16.0,32579.0,32547,32.0,3.712,3.608,0.10400000000000009,0.906158,0.89932,0.006838000000000011,0.8590308370044053,0.8063063063063063,0.052724530698099015
43,77,75,32579.0,32547,32.0,32841.0,32821,20.0,33021.0,33004,17.0,3.656,3.624,0.03200000000000003,0.89638,0.906158,-0.009778000000000064,0.8144796380090498,0.8008752735229759,0.013604364486073828
43,78,76,33021.0,33004,17.0,33269.0,33265,4.0,33460.0,33445,15.0,3.424,3.552,-0.1280000000000001,0.956989,0.939394,0.017595000000000027,0.8701594533029613,0.8163265306122449,0.05383292269071638
43,79,77,33460.0,33445,15.0,33714.0,33693,21.0,33890.0,33868,22.0,3.56,3.424,0.13600000000000012,0.926684,0.944279,-0.017595000000000027,0.8186046511627907,0.8274231678486997,-0.00881851668590905
43,80,78,33890.0,33868,22.0,34153.0,34140,13.0,34349.0,34338,11.0,3.512,3.576,-0.06400000000000006,0.926686,0.926686,0.0,0.8540305010893247,0.8425531914893617,0.01147730959996296
43,81,79,34349.0,34338,11.0,34600.0,34588,12.0,34802.0,34771,31.0,3.576,3.584,-0.008000000000000007,0.861193,0.883676,-0.02248300000000003,0.891832229580574,0.8452655889145496,0.04656664066602434
43,82,80,34802.0,34771,31.0,35047.0,35044,3.0,35251.0,35238,13.0,3.576,3.648,-0.07200000000000006,0.88465,0.88465,0.0,0.9086859688195991,0.8308351177730193,0.07785085104657974
43,83,81,35251.0,35238,13.0,35457.0,35469,-12.0,35664.0,35639,25.0,3.28,3.4,-0.1200000000000001,0.936462,0.925709,0.010753000000000013,0.9975786924939467,0.8478802992518704,0.14969839324207634
43,84,82,35664.0,35639,25.0,35947.0,35921,26.0,36115.0,36100,15.0,3.92,3.616,0.3039999999999998,0.947214,0.948192,-0.0009780000000000344,0.7450110864745011,0.7765726681127982,-0.03156158163829714
43,85,83,36115.0,36100,15.0,36359.0,36356,3.0,36558.0,36533,25.0,3.296,3.48,-0.18400000000000016,0.969697,0.969697,0.0,0.8984198645598194,0.8175519630484989,0.0808679015113205
43,86,84,36558.0,36533,25.0,36823.0,36802,21.0,37017.0,36973,44.0,3.712,3.568,0.14400000000000013,0.944282,0.913978,0.030303999999999998,0.8453159041394336,0.7772727272727273,0.06804317686670625
43,87,85,37017.0,36973,44.0,37265.0,37258,7.0,37450.0,37432,18.0,3.536,3.648,-0.1120000000000001,0.931574,0.944282,-0.012707999999999942,0.8545034642032332,0.7581699346405228,0.09633352956271035
43,88,86,37450.0,37432,18.0,37666.0,37678,-12.0,37881.0,37844,37.0,3.208,3.36,-0.1519999999999997,0.917886,0.9100659999999999,0.00782000000000005,0.9976798143851509,0.8058252427184466,0.19185457166670428
43,89,87,37881.0,37844,37.0,38209.0,38186,23.0,38378.0,38359,19.0,4.344,4.064,0.28000000000000025,0.953079,0.953079,0.0,0.6800804828973843,0.6718446601941748,0.00823582270320955
43,90,88,38378.0,38359,19.0,38604.0,38607,-3.0,38796.0,38770,26.0,3.16,3.368,-0.20799999999999974,0.906158,0.89932,0.006838000000000011,0.9186602870813397,0.7931873479318735,0.12547293914946622
43,91,89,38796.0,38770,26.0,39061.0,39054,7.0,39247.0,39227,20.0,3.656,3.576,0.08000000000000007,0.97263,0.9345060000000001,0.038123999999999936,0.8248337028824834,0.7571115973741794,0.06772210550830393
43,92,90,39247.0,39227,20.0,39506.0,39500,6.0,39693.0,39674,19.0,3.56,3.568,-0.008000000000000007,0.949169,0.97263,-0.023460999999999954,0.8385650224215246,0.7785234899328859,0.06004153248863875
43,93,91,39693.0,39674,19.0,39934.0,39928,6.0,40129.0,40113,16.0,3.424,3.424,0.0,0.930596,0.949169,-0.01857300000000006,0.8944954128440367,0.8428246013667426,0.05167081147729402
43,94,92,40129.0,40113,16.0,40376.0,40374,2.0,40575.0,40571,4.0,3.536,3.568,-0.03200000000000003,0.8944300000000001,0.8944300000000001,0.0,0.8923766816143498,0.8602620087336245,0.03211467288072534
43,95,93,40575.0,40571,4.0,40783.0,40776,7.0,40965.0,40953,12.0,3.256,3.216,0.03999999999999959,0.931574,0.931574,0.0,0.9333333333333333,0.9267015706806283,0.006631762652705042
43,96,94,40965.0,40953,12.0,41239.0,41228,11.0,41425.0,41409,16.0,3.648,3.616,0.03200000000000003,0.913978,0.89052,0.02345799999999998,0.808695652173913,0.793859649122807,0.014836003051105995
43,97,95,41425.0,41409,16.0,41663.0,41646,17.0,41837.0,41823,14.0,3.392,3.344,0.04800000000000004,0.939394,0.939394,0.0,0.8446601941747574,0.855072463768116,-0.010412269593358614
43,98,96,41837.0,41823,14.0,42066.0,42055,11.0,42245.0,42233,12.0,3.224,3.272,-0.0479999999999996,0.9599219999999999,0.946237,0.013684999999999947,0.8774509803921569,0.8682926829268293,0.009158297465327592
43,99,97,42245.0,42233,12.0,42485.0,42479,6.0,42668.0,42662,6.0,3.352,3.392,-0.040000000000000036,0.963832,0.963832,0.0,0.8652482269503546,0.8531468531468531,0.012101373803501514
43,100,98,42668.0,42662,6.0,42889.0,42884,5.0,43080.0,43082,-2.0,3.232,3.24,-0.008000000000000007,0.910068,0.913001,-0.0029329999999999634,0.9271844660194175,0.9428571428571428,-0.01567267683772533
43,101,99,43080.0,43082,-2.0,43313.0,43298,15.0,43484.0,43486,-2.0,3.392,3.312,0.08000000000000007,0.9071359999999999,0.9071359999999999,0.0,0.8465346534653465,0.9306930693069306,-0.08415841584158412
43,102,100,43484.0,43486,-2.0,43697.0,43692,5.0,43918.0,43890,28.0,3.072,3.152,-0.08000000000000007,0.919844,0.919844,0.0,0.9815668202764977,0.9801980198019802,0.0013688004745174842
43,103,101,43918.0,43890,28.0,44153.0,44161,-8.0,44343.0,44338,5.0,3.648,3.752,-0.10399999999999965,0.9266840000000001,0.920819,0.005865000000000009,0.8941176470588236,0.7901785714285714,0.10393907563025218
43,104,102,44343.0,44338,5.0,44559.0,44539,20.0,44740.0,44721,19.0,3.248,3.024,0.2240000000000002,0.9599219999999999,0.931574,0.02834799999999993,0.9118387909319899,0.9503916449086162,-0.03855285397662622
43,105,103,44740.0,44721,19.0,44987.0,44980,7.0,45173.0,45169,4.0,3.424,3.528,-0.10400000000000009,0.958944,0.9599219999999999,-0.0009779999999999234,0.859122401847575,0.84375,0.015372401847575046
43,106,104,45173.0,45169,4.0,45401.0,45396,5.0,45589.0,45580,9.0,3.312,3.328,-0.016000000000000014,0.955034,0.955034,0.0,0.9038461538461539,0.8953771289537713,0.008469024892382548
43,107,105,45589.0,45580,9.0,45834.0,45816,18.0,46004.0,45992,12.0,3.464,3.36,0.10400000000000009,0.922776,0.922776,0.0,0.8192771084337349,0.854368932038835,-0.0350918236051001
43,108,106,46004.0,45992,12.0,46265.0,46230,35.0,46397.0,46531,-134.0,3.448,3.312,0.13600000000000012,0.82991,0.82991,0.0,0.6717557251908397,0.8831168831168831,-0.21136115792604337
43,110,107,46523.0,46531,-8.0,46693.0,46680,13.0,46846.0,46836,10.0,2.272,3.6,-1.3280000000000003,0.736067,0.691101,0.04496600000000006,0.9473684210526316,0.9770491803278688,-0.029680759275237167
43,111,108,46846.0,46836,10.0,47037.0,47033,4.0,47203.0,47193,10.0,2.752,2.824,-0.07200000000000006,0.9247348,0.9247348,0.0,0.9299719887955182,0.896358543417367,0.03361344537815125
43,112,109,47203.0,47193,10.0,47406.0,47390,16.0,47560.0,47545,15.0,2.952,2.856,0.09600000000000009,0.881721,0.881721,0.0,0.8627450980392157,0.8806818181818181,-0.01793672014260239
43,113,110,47560.0,47545,15.0,47767.0,47758,9.0,47952.0,47916,36.0,2.888,2.944,-0.05600000000000005,0.88074,0.88074,0.0,0.9438775510204082,0.8517520215633423,0.09212552945706587
43,114,111,47952.0,47916,36.0,48189.0,48166,23.0,48341.0,48344,-3.0,3.376,3.264,0.1120000000000001,0.8250200000000001,0.8250200000000001,0.0,0.781491002570694,0.8317757009345794,-0.05028469836388538
43,115,112,48341.0,48344,-3.0,48538.0,48528,10.0,48693.0,48694,-1.0,2.792,2.896,-0.10400000000000009,0.8690100000000001,0.8690100000000001,0.0,0.8806818181818181,0.9485714285714286,-0.0678896103896105
43,116,113,48693.0,48694,-1.0,48892.0,48892,0.0,49074.0,49064,10.0,2.832,2.912,-0.08000000000000007,0.947214,0.947214,0.0,0.9553805774278216,0.9297297297297298,0.025650847698091783
43,117,114,49074.0,49064,10.0,49285.0,49295,-10.0,49471.0,49462,9.0,3.144,3.224,-0.08000000000000007,0.911046,0.946237,-0.03519099999999997,0.9370277078085643,0.8391959798994975,0.0978317279090668
43,118,115,49471.0,49462,9.0,49643.0,49635,8.0,49815.0,49801,14.0,2.864,2.72,0.14399999999999968,0.940371,0.938416,0.001954999999999929,1.0,0.9793510324483776,0.020648967551622377
43,119,116,49815.0,49801,14.0,50026.0,50015,11.0,50216.0,50186,30.0,3.064,3.04,0.02400000000000002,0.939394,0.940371,-0.0009770000000000056,0.9476309226932669,0.8883116883116883,0.0593192343815786
43,120,117,50216.0,50186,30.0,50438.0,50431,7.0,50621.0,50613,8.0,3.296,3.328,-0.03200000000000003,0.917889,0.912023,0.005865999999999927,0.9037037037037037,0.8524590163934427,0.051244687310260995
43,121,118,50621.0,50613,8.0,50838.0,50830,8.0,51026.0,51021,5.0,3.2,3.192,0.008000000000000007,0.918866,0.918866,0.0,0.928395061728395,0.9362745098039216,-0.00787944807552654
43,122,119,51026.0,51021,5.0,51267.0,51260,7.0,51446.0,51451,-5.0,3.432,3.44,-0.008000000000000007,0.949169,0.949169,0.0,0.8523809523809524,0.8883720930232558,-0.035991140642303465
43,123,120,51446.0,51451,-5.0,51661.0,51654,7.0,51841.0,51831,10.0,3.152,3.152,0.0,0.9599219999999999,0.9599219999999999,0.0,0.9113924050632911,0.9315789473684211,-0.02018654230512995
43,124,121,51841.0,51831,10.0,52066.0,52055,11.0,52238.0,52246,-8.0,3.24,3.208,0.03200000000000003,0.960899,0.960899,0.0,0.8664987405541562,0.9204819277108434,-0.05398318715668715
43,125,122,52238.0,52246,-8.0,52457.0,52450,7.0,52645.0,52633,12.0,3.128,3.16,-0.03200000000000003,0.950147,0.950147,0.0,0.9238329238329238,0.9457364341085271,-0.021903510275603333
43,126,123,52645.0,52633,12.0,52907.0,52903,4.0,53088.0,53083,5.0,3.6,3.624,-0.02400000000000002,0.9931574,0.9931574,0.0,0.817155756207675,0.8,0.017155756207674955
43,127,124,53088.0,53083,5.0,53308.0,53297,11.0,53483.0,53474,9.0,3.208,3.152,0.05600000000000005,0.963832,0.979472,-0.015639999999999987,0.8860759493670887,0.9053708439897699,-0.01929489462268119
43,128,125,53483.0,53474,9.0,53707.0,53700,7.0,53891.0,53880,11.0,3.192,3.224,-0.03200000000000003,0.969697,0.969697,0.0,0.9019607843137255,0.8866995073891626,0.015261276924562917
43,129,126,53891.0,53880,11.0,54111.0,54102,9.0,54291.0,54280,11.0,3.232,3.216,0.016000000000000014,0.963832,0.963832,0.0,0.9,0.89,0.010000000000000009
43,130,127,54291.0,54280,11.0,54523.0,54517,6.0,54707.0,54703,4.0,3.296,3.32,-0.02400000000000002,0.971652,0.971652,0.0,0.8846153846153846,0.8794326241134752,0.005182760501909356
43,131,128,54707.0,54703,4.0,54937.0,54937,0.0,55146.0,55139,7.0,3.312,3.36,-0.04800000000000004,0.970674,0.960899,0.00977500000000009,0.9521640091116174,0.926605504587156,0.0255585045244614
43,132,129,55146.0,55139,7.0,55363.0,55351,12.0,55530.0,55534,-4.0,3.408,3.312,0.09600000000000009,0.965787,0.970674,-0.004887000000000086,0.8697916666666666,0.9265822784810127,-0.05679061181434608
43,133,130,55530.0,55534,-4.0,55752.0,55747,5.0,55935.0,55932,3.0,3.112,3.168,-0.05600000000000005,0.964809,0.964809,0.0,0.9037037037037037,0.9296482412060302,-0.025944537502326503
43,134,131,55935.0,55932,3.0,56144.0,56140,4.0,56341.0,56342,-1.0,3.136,3.144,-0.008000000000000007,0.946237,0.951124,-0.004886999999999975,0.9704433497536946,0.9853658536585366,-0.014922503904841955
43,135,132,56341.0,56342,-1.0,56573.0,56565,8.0,56793.0,56785,8.0,3.432,3.4,0.03200000000000003,0.978495,0.973607,0.0048880000000000035,0.9734513274336283,0.9932279909706546,-0.01977666353702634
43,136,133,56793.0,56785,8.0,57019.0,57019,0.0,57215.0,57215,0.0,3.568,3.632,-0.06400000000000006,0.98827,0.98827,0.0,0.9289099526066351,0.9116279069767442,0.017282045629890885
43,137,134,57215.0,57215,0.0,57439.0,57435,4.0,57644.0,57636,8.0,3.36,3.328,0.03200000000000003,0.921799,0.923754,-0.001954999999999929,0.9557109557109558,0.9548693586698337,0.0008415970411220774
43,138,135,57644.0,57636,8.0,57866.0,57858,8.0,58064.0,58061,3.0,3.416,3.384,0.03200000000000003,0.970674,0.970674,0.0,0.9428571428571428,0.9552941176470588,-0.012436974789916011
43,139,136,58064.0,58061,3.0,58299.0,58292,7.0,58480.0,58480,0.0,3.464,3.472,-0.008000000000000007,0.964809,0.964809,0.0,0.8701923076923077,0.8973747016706444,-0.02718239397833666
43,140,137,58480.0,58480,0.0,58701.0,58694,7.0,58882.0,58881,1.0,3.216,3.216,0.0,0.942326,0.942326,0.0,0.900497512437811,0.9326683291770573,-0.03217081673924638
43,141,138,58882.0,58881,1.0,59129.0,59109,20.0,59322.0,59300,22.0,3.424,3.32,0.10400000000000009,0.932551,0.914956,0.017595000000000027,0.8772727272727273,0.9116945107398569,-0.03442178346712954
43,142,139,59322.0,59300,22.0,59559.0,59550,9.0,59743.0,59739,4.0,3.44,3.528,-0.08800000000000008,0.944282,0.944282,0.0,0.8741092636579573,0.8610478359908884,0.013061427667068859
44,2,1,443.0,406,37.0,627.0,645,-18.0,847.0,811,36.0,2.688,2.944,-0.2559999999999998,0.605915,0.605915,0.0,0.9108910891089109,0.8197530864197531,0.09113800268915784
44,3,2,847.0,811,36.0,1037.0,1053,-16.0,1308.0,1275,33.0,3.28,3.264,0.016000000000000014,0.64573864,0.64573864,0.0,0.824295010845987,0.9568965517241379,-0.1326015408781509
44,4,3,1308.0,1275,33.0,1607.0,1587,20.0,1756.0,1723,33.0,4.56,4.272,0.28799999999999937,0.63816,0.69972864,-0.06156864000000006,0.6651785714285714,0.6071428571428572,0.05803571428571419
44,5,4,1756.0,1723,33.0,1921.0,1945,-24.0,2219.0,2182,37.0,2.512,2.864,-0.35199999999999987,0.800144,0.799899,0.0002449999999999397,0.712742980561555,0.9673202614379085,-0.25457728087635345
44,6,5,2219.0,2182,37.0,2423.0,2474,-51.0,2646.0,2614,32.0,4.016,4.232,-0.2160000000000002,0.562671,0.570734,-0.008062999999999931,0.955503512880562,0.6481481481481481,0.30735536473241387
44,7,6,2646.0,2614,32.0,2876.0,2910,-34.0,3099.0,3060,39.0,3.624,3.488,0.13600000000000012,0.53115,0.617151,-0.086001,0.9845474613686535,0.6726457399103138,0.3119017214583396
44,8,7,3099.0,3060,39.0,3322.0,3302,20.0,3515.0,3478,37.0,3.568,3.136,0.43199999999999994,0.5611999999999999,0.5611999999999999,0.0,0.9278846153846154,0.8421052631578947,0.08577935222672073
44,9,8,3515.0,3478,37.0,3737.0,3786,-49.0,3964.0,3931,33.0,3.32,3.872,-0.552,0.5907686400000001,0.5907686400000001,0.0,0.9888641425389755,0.640176600441501,0.34868754209747443
44,10,9,3964.0,3931,33.0,4148.0,4189,-41.0,4375.0,4340,35.0,3.288,3.224,0.06399999999999961,0.61838,0.72489864,-0.10651864,0.8953771289537713,0.7383863080684596,0.1569908208853117
44,11,10,4375.0,4340,35.0,4533.0,4552,-19.0,4817.0,4775,42.0,3.08,2.904,0.17600000000000016,0.64622864,0.64622864,0.0,0.7149321266968326,0.9747126436781609,-0.2597805169813283
44,12,11,4817.0,4775,42.0,5127.0,5105,22.0,5261.0,5230,31.0,4.752,4.424,0.3279999999999994,0.59468,0.7214786400000001,-0.12679864000000007,0.6036036036036037,0.5494505494505495,0.05415305415305416
44,13,12,5261.0,5230,31.0,5461.0,5452,9.0,5725.0,5684,41.0,2.672,2.776,-0.10399999999999965,0.7185486400000001,0.7185486400000001,0.0,0.8620689655172413,0.9779735682819384,-0.11590460276469705
44,14,13,5725.0,5684,41.0,6034.0,6016,18.0,6192.0,6151,41.0,4.584,4.512,0.07200000000000006,0.574149,0.6428025,-0.06865350000000003,0.6766595289079229,0.5781584582441113,0.09850107066381164
44,15,14,6192.0,6151,41.0,6437.0,6430,7.0,6621.0,6578,43.0,3.224,3.312,-0.08799999999999963,0.6992431,0.6992431,0.0,0.8578088578088578,0.6932084309133489,0.1646004268955089
44,16,15,6621.0,6578,43.0,6825.0,6816,9.0,7078.0,7042,36.0,3.104,3.088,0.016000000000000014,0.67725864,0.67725864,0.0,0.8927789934354485,0.9741379310344828,-0.08135893759903423
44,17,16,7078.0,7042,36.0,7341.0,7319,22.0,7474.0,7454,20.0,4.128,4.024,0.10400000000000009,0.598586,0.6452513599999999,-0.04666535999999999,0.6717171717171717,0.6553398058252426,0.016377365891929063
44,18,17,7474.0,7454,20.0,7674.0,7704,-30.0,7918.0,7889,29.0,2.664,3.08,-0.4159999999999999,0.79110864,0.79110864,0.0,0.9009009009009009,0.8505747126436781,0.05032618825722279
44,19,18,7918.0,7889,29.0,8083.0,8101,-18.0,8376.0,8341,35.0,3.272,3.176,0.09599999999999964,0.6581986400000001,0.6581986400000001,0.0,0.7205240174672489,0.9380530973451328,-0.21752907987788384
44,20,19,8376.0,8341,35.0,8647.0,8651,-4.0,8834.0,8797,37.0,4.512,4.4,0.11199999999999921,0.552891,0.56681704,-0.013926039999999973,0.8165938864628821,0.6403508771929824,0.17624300926989966
44,21,20,8834.0,8797,37.0,9060.0,9107,-47.0,9300.0,9257,43.0,3.304,3.648,-0.3440000000000003,0.6652809,0.6652809,0.0,0.9699570815450643,0.6521739130434783,0.31778316850158606
44,22,21,9300.0,9257,43.0,9556.0,9546,10.0,9713.0,9676,37.0,3.968,3.512,0.45599999999999996,0.516003,0.516003,0.0,0.7602905569007263,0.6205250596658711,0.1397654972348552
44,23,22,9713.0,9676,37.0,10018.0,10010,8.0,10193.0,10152,41.0,3.696,3.712,-0.016000000000000014,0.69948864,0.69948864,0.0,0.7291666666666667,0.5966386554621849,0.13252801120448188
44,24,23,10193.0,10152,41.0,10370.0,10416,-46.0,10606.0,10569,37.0,2.816,3.248,-0.4320000000000004,0.649892,0.649892,0.0,0.8571428571428572,0.7338129496402878,0.12332990750256945
44,25,24,10606.0,10569,37.0,10779.0,10832,-53.0,11027.0,10986,41.0,3.272,3.328,-0.05600000000000005,0.74321864,0.74321864,0.0,0.8218527315914489,0.7386091127098322,0.08324361888161669
44,27,25,11307.0,10986,321.0,11357.0,11327,30.0,11493.0,11460,33.0,1.296,3.96,-2.6639999999999997,0.623014,0.64695864,-0.023944640000000073,0.5376344086021505,0.5611814345991561,-0.023547025997005644
44,28,26,11493.0,11460,33.0,11687.0,11696,-9.0,11867.0,11833,34.0,2.64,2.952,-0.31199999999999983,0.5682900000000001,0.7295400000000001,-0.16125,0.9625668449197861,0.7345844504021448,0.22798239451764124
44,29,27,11867.0,11833,34.0,12087.0,12116,-29.0,12309.0,12268,41.0,3.2,3.36,-0.1599999999999997,0.544593,0.544593,0.0,0.995475113122172,0.6988505747126437,0.2966245384095283
44,30,28,12309.0,12268,41.0,12496.0,12500,-4.0,12786.0,12757,29.0,3.272,3.072,0.19999999999999973,0.58367864,0.58367864,0.0,0.7840670859538784,0.9488752556237219,-0.16480816966984346
44,31,29,12786.0,12757,29.0,12989.0,13034,-45.0,13220.0,13186,34.0,3.944,4.272,-0.3280000000000003,0.689956,0.7087686400000001,-0.018812640000000047,0.935483870967742,0.7086247086247086,0.22685916234303338
44,32,30,13220.0,13186,34.0,13377.0,13392,-15.0,13512.0,13638,-126.0,3.104,2.864,0.2400000000000002,0.43806999999999996,0.609094,-0.17102400000000006,0.9246575342465754,0.911504424778761,0.013153109467814339
44,34,31,13690.0,13638,52.0,13865.0,13861,4.0,14115.0,14095,20.0,2.376,3.752,-1.376,0.6002909,0.5883189999999999,0.011971900000000035,0.8235294117647058,0.975929978118162,-0.1524005663534561
44,35,32,14115.0,14095,20.0,14307.0,14321,-14.0,14611.0,14571,40.0,3.536,3.68,-0.14400000000000013,0.671875,0.6823809,-0.010505899999999957,0.7741935483870968,0.9495798319327731,-0.1753862835456763
44,36,33,14611.0,14571,40.0,14891.0,14892,-1.0,15053.0,15018,35.0,4.672,4.568,0.10400000000000009,0.53090864,0.53090864,0.0,0.7330316742081449,0.563758389261745,0.16927328494639982
44,37,34,15053.0,15018,35.0,15371.0,15327,44.0,15493.0,15453,40.0,3.84,3.48,0.3599999999999999,0.513069,0.57414864,-0.06107963999999999,0.5545454545454546,0.5793103448275863,-0.02476489028213169
44,38,35,15493.0,15453,40.0,15749.0,15757,-8.0,15942.0,15908,34.0,3.024,3.44,-0.4159999999999999,0.602243,0.602243,0.0,0.8596881959910914,0.6637362637362637,0.19595193225482765
44,39,36,15942.0,15908,34.0,16196.0,16187,9.0,16342.0,16308,34.0,3.576,3.44,0.13600000000000012,0.628386,0.628386,0.0,0.73,0.605,0.125
44,40,37,16342.0,16308,34.0,16527.0,16538,-11.0,16772.0,16736,36.0,2.648,2.808,-0.1599999999999997,0.7708286400000001,0.7708286400000001,0.0,0.8604651162790697,0.9252336448598131,-0.06476852858074333
44,41,38,16772.0,16736,36.0,17027.0,17039,-12.0,17207.0,17175,32.0,4.0,4.008,-0.008000000000000007,0.617391,0.66821,-0.05081899999999995,0.8275862068965517,0.6195899772209568,0.20799622967559495
44,42,39,17207.0,17175,32.0,17433.0,17458,-25.0,17658.0,17615,43.0,3.248,3.352,-0.10399999999999965,0.6432886400000001,0.6432886400000001,0.0,0.9977827050997783,0.7136363636363636,0.28414634146341466
44,43,40,17658.0,17615,43.0,17889.0,17946,-57.0,18126.0,18093,33.0,3.648,3.904,-0.2559999999999998,0.650872,0.67725864,-0.026386640000000017,0.9871794871794872,0.6150627615062761,0.3721167256732111
44,45,42,18584.0,18543,41.0,18836.0,18872,-36.0,19053.0,19015,38.0,4.072,3.784,0.28800000000000026,0.71780864,0.71780864,0.0,0.9253731343283582,0.6059322033898304,0.31944093093852777
44,46,43,19053.0,19015,38.0,19329.0,19347,-18.0,19519.0,19482,37.0,3.944,3.8,0.14400000000000013,0.639144,0.639144,0.0,0.8154506437768241,0.5781584582441113,0.2372921855327128
44,47,44,19519.0,19482,37.0,19821.0,19798,23.0,19976.0,19936,40.0,3.936,3.608,0.32799999999999985,0.646956,0.646956,0.0,0.6783369803063457,0.6079295154185023,0.07040746488784344
44,48,45,19976.0,19936,40.0,20250.0,20248,2.0,20415.0,20378,37.0,3.432,3.6,-0.16800000000000015,0.56413,0.56413,0.0,0.7517084282460137,0.5882352941176471,0.16347313412836662
44,49,46,20415.0,20378,37.0,20649.0,20680,-31.0,20854.0,20817,37.0,3.192,3.456,-0.2639999999999998,0.5751286400000001,0.5751286400000001,0.0,0.9339407744874715,0.6241457858769932,0.3097949886104783
44,50,47,20854.0,20817,37.0,21143.0,21122,21.0,21294.0,21255,39.0,3.952,3.536,0.4159999999999999,0.66063864,0.66063864,0.0,0.6863636363636363,0.6073059360730594,0.0790577002905769
44,51,48,21294.0,21255,39.0,21531.0,21574,-43.0,21757.0,21720,37.0,3.104,3.616,-0.512,0.7356511,0.7356511,0.0,0.9762419006479481,0.6279569892473118,0.34828491140063633
44,52,49,21757.0,21720,37.0,22014.0,22030,-16.0,22215.0,22173,42.0,3.864,3.648,0.21599999999999975,0.7036423,0.7036423,0.0,0.8777292576419214,0.6313465783664459,0.24638267927547552
44,53,50,22215.0,22173,42.0,22523.0,22476,47.0,22657.0,22654,3.0,4.072,3.568,0.504,0.5646199999999999,0.741508,-0.17688800000000005,0.6063348416289593,0.7401247401247402,-0.13378989849578082
44,54,51,22657.0,22654,3.0,22940.0,22912,28.0,23079.0,23042,37.0,3.336,3.488,-0.15200000000000014,0.60199864,0.60199864,0.0,0.6587677725118484,0.6701030927835052,-0.011335320271656846
44,55,52,23079.0,23042,37.0,23363.0,23346,17.0,23523.0,23492,31.0,3.384,3.472,-0.08800000000000008,0.598336,0.646222,-0.047885999999999984,0.7207207207207207,0.6488888888888888,0.07183183183183184
44,56,53,23523.0,23492,31.0,23789.0,23796,-7.0,23969.0,23938,31.0,3.408,3.6,-0.19200000000000017,0.61763864,0.61763864,0.0,0.8071748878923767,0.6367713004484306,0.17040358744394613
44,57,54,23969.0,23938,31.0,24197.0,24239,-42.0,24436.0,24400,36.0,3.264,3.544,-0.28000000000000025,0.790125,0.84460864,-0.054483640000000055,0.9764453961456103,0.696969696969697,0.2794756991759133
44,58,55,24436.0,24400,36.0,24709.0,24696,13.0,24879.0,24837,42.0,4.096,3.656,0.43999999999999995,0.68140864,0.68140864,0.0,0.7674943566591422,0.6453089244851258,0.12218543217401645
44,59,56,24879.0,24837,42.0,25201.0,25163,38.0,25335.0,25299,36.0,3.936,3.736,0.19999999999999973,0.7654489999999999,0.81406864,-0.048619640000000075,0.5877192982456141,0.5887445887445888,-0.001025290498974707
44,60,57,25335.0,25299,36.0,25575.0,25594,-19.0,25773.0,25740,33.0,2.992,3.448,-0.45599999999999996,0.76422864,0.76422864,0.0,0.904109589041096,0.6621315192743764,0.24197806976671954
44,61,58,25773.0,25740,33.0,26025.0,26057,-32.0,26237.0,26200,37.0,3.6,3.704,-0.10400000000000009,0.7845086400000001,0.7845086400000001,0.0,0.9137931034482758,0.6217391304347826,0.29205397301349323
44,62,59,26237.0,26200,37.0,26524.0,26515,9.0,26694.0,26654,40.0,3.992,3.664,0.32799999999999985,0.80844864,0.80844864,0.0,0.7439824945295405,0.6123348017621145,0.13164769276742594
44,63,60,26694.0,26654,40.0,26937.0,26962,-25.0,27151.0,27111,40.0,3.304,3.576,-0.27200000000000024,0.807725,0.82433864,-0.016613639999999985,0.936542669584245,0.6520787746170678,0.2844638949671773
44,64,61,27151.0,27111,40.0,27433.0,27406,27.0,27579.0,27545,34.0,3.968,3.552,0.4159999999999999,0.76544864,0.76544864,0.0,0.6822429906542056,0.6405529953917051,0.0416899952625005
44,65,62,27579.0,27545,34.0,27854.0,27842,12.0,28084.0,28046,38.0,3.368,3.488,-0.1200000000000001,0.9958486400000001,0.9958486400000001,0.0,0.9108910891089109,0.8143712574850299,0.096519831623881
44,66,63,28084.0,28046,38.0,28360.0,28368,-8.0,28543.0,28503,40.0,4.048,4.208,-0.16000000000000014,0.809924,0.85658864,-0.046664640000000035,0.7973856209150327,0.5908096280087527,0.20657599290628004
44,67,64,28543.0,28503,40.0,28771.0,28811,-40.0,29013.0,28983,30.0,3.288,3.544,-0.2560000000000002,0.79232864,0.79232864,0.0,0.9702127659574468,0.7166666666666667,0.2535460992907801
44,68,65,29013.0,28983,30.0,29334.0,29322,12.0,29496.0,29460,36.0,4.504,4.088,0.4159999999999995,0.90862864,0.90862864,0.0,0.670807453416149,0.5786163522012578,0.09219110121489116
44,69,66,29496.0,29460,36.0,29751.0,29767,-16.0,29940.0,29917,23.0,3.336,3.56,-0.2240000000000002,0.8841886400000001,0.8841886400000001,0.0,0.8513513513513513,0.6564551422319476,0.19489620911940375
44,70,67,29940.0,29917,23.0,30193.0,30222,-29.0,30409.0,30370,39.0,3.536,3.64,-0.10400000000000009,0.9262186400000001,0.9262186400000001,0.0,0.9211087420042644,0.6534216335540839,0.2676871084501805
44,71,68,30409.0,30370,39.0,30693.0,30696,-3.0,30872.0,30834,38.0,4.0,3.792,0.20800000000000018,0.8692886400000001,0.8692886400000001,0.0,0.7732181425485961,0.5948275862068966,0.17839055634169954
44,73,70,31346.0,31314,32.0,31619.0,31611,8.0,31794.0,31754,40.0,4.208,3.632,0.5760000000000001,0.8695286400000001,0.8695286400000001,0.0,0.78125,0.65,0.13124999999999998
44,74,71,31794.0,31754,40.0,32033.0,32075,-42.0,32268.0,32228,40.0,3.312,3.712,-0.40000000000000036,0.9943786400000001,0.9943786400000001,0.0,0.9915611814345991,0.6455696202531646,0.3459915611814346
44,75,72,32268.0,32228,40.0,32537.0,32537,0.0,32723.0,32679,44.0,4.032,3.696,0.33599999999999985,0.9572486400000001,0.9572486400000001,0.0,0.8175824175824176,0.6297117516629711,0.18787066591944646
44,76,73,32723.0,32679,44.0,33035.0,32995,40.0,33186.0,33148,38.0,3.984,3.664,0.31999999999999984,0.92279864,0.92279864,0.0,0.6522678185745141,0.652452025586354,-0.00018420701183985422
44,77,74,33186.0,33148,38.0,33455.0,33442,13.0,33637.0,33594,43.0,3.36,3.576,-0.2160000000000002,0.920845,0.99682864,-0.07598364000000002,0.8070953436807096,0.6816143497757847,0.12548099390492484
44,78,75,33637.0,33594,43.0,33879.0,33876,3.0,34051.0,34013,38.0,3.392,3.472,-0.08000000000000007,0.72684864,0.72684864,0.0,0.8309178743961353,0.6539379474940334,0.17697992690210185
44,79,76,34051.0,34013,38.0,34353.0,34328,25.0,34511.0,34474,37.0,3.792,3.616,0.1759999999999997,0.9017786400000001,0.9017786400000001,0.0,0.6869565217391305,0.6334056399132322,0.05355088182589829
44,80,77,34511.0,34474,37.0,34792.0,34779,13.0,34960.0,34922,38.0,3.512,3.608,-0.09600000000000009,0.905693,1.00048864,-0.09479563999999996,0.7483296213808464,0.6383928571428572,0.10993676423798915
44,81,78,34960.0,34922,38.0,35207.0,35197,10.0,35385.0,35343,42.0,3.32,3.344,-0.02400000000000002,0.9990186400000001,0.9990186400000001,0.0,0.8376470588235294,0.6935866983372921,0.14406036048623727
44,82,79,35385.0,35343,42.0,35667.0,35651,16.0,35833.0,35798,35.0,3.68,3.632,0.04800000000000004,0.89958,1.00048864,-0.10090863999999988,0.7410714285714286,0.6461538461538461,0.09491758241758252
44,83,80,35833.0,35798,35.0,36105.0,36067,38.0,36255.0,36209,46.0,3.504,3.328,0.17600000000000016,0.89078864,0.89078864,0.0,0.7109004739336493,0.6909975669099757,0.01990290702367359
44,84,81,36255.0,36209,46.0,36535.0,36529,6.0,36711.0,36677,34.0,3.44,3.696,-0.2560000000000002,0.84045864,0.84045864,0.0,0.7719298245614035,0.6324786324786325,0.139451192082771
44,85,82,36711.0,36677,34.0,37001.0,36986,15.0,37157.0,37113,44.0,3.728,3.656,0.07200000000000006,0.775469,0.82408864,-0.048619640000000075,0.6995515695067265,0.5825688073394495,0.11698276216727699
44,87,83,37260.0,37113,147.0,37472.0,37445,27.0,37611.0,37577,34.0,1.792,3.672,-1.8800000000000001,0.57928,0.602,-0.022719999999999962,0.792022792022792,0.5689655172413793,0.22305727478141268
44,88,84,37611.0,37577,34.0,37929.0,37900,29.0,38070.0,38035,35.0,3.656,3.64,0.016000000000000014,0.747126,0.747126,0.0,0.6143790849673203,0.5895196506550218,0.024859434312298534
44,89,85,38070.0,38035,35.0,38352.0,38353,-1.0,38526.0,38494,32.0,3.384,3.624,-0.2400000000000002,0.7183,0.755438,-0.037138000000000004,0.7631578947368421,0.6143790849673203,0.14877880976952185
44,90,86,38526.0,38494,32.0,38828.0,38793,35.0,38966.0,38929,37.0,3.808,3.52,0.2879999999999998,0.76129864,0.76129864,0.0,0.6272727272727272,0.6252873563218391,0.0019853709508881323
44,91,87,38966.0,38929,37.0,39241.0,39236,5.0,39424.0,39388,36.0,3.304,3.544,-0.2400000000000002,0.920599,0.941855,-0.021256000000000053,0.7991266375545851,0.6623093681917211,0.13681726936286398
44,92,88,39424.0,39388,36.0,39703.0,39701,2.0,39882.0,39838,44.0,3.696,3.72,-0.02400000000000002,0.7999069999999999,0.7999069999999999,0.0,0.7816593886462881,0.6088888888888888,0.17277049975739933
44,93,89,39882.0,39838,44.0,40080.0,40125,-45.0,40322.0,40283,39.0,3.016,3.392,-0.3759999999999999,0.8355686400000001,0.8355686400000001,0.0,0.9,0.7101123595505618,0.18988764044943818
44,94,90,40322.0,40283,39.0,40630.0,40611,19.0,40777.0,40738,39.0,4.4,3.888,0.5120000000000005,0.89371864,0.89371864,0.0,0.6461538461538461,0.5582417582417583,0.08791208791208782
44,95,91,40777.0,40738,39.0,41051.0,41052,-1.0,41236.0,41194,42.0,3.368,3.528,-0.16000000000000014,0.93060864,0.93060864,0.0,0.8061002178649237,0.6228070175438596,0.1832932003210641
44,96,92,41236.0,41194,42.0,41471.0,41518,-47.0,41708.0,41669,39.0,3.36,3.728,-0.3680000000000003,0.8196886400000001,0.8196886400000001,0.0,0.9957627118644068,0.6357894736842105,0.35997323818019633
44,97,93,41708.0,41669,39.0,42022.0,42023,-1.0,42210.0,42171,39.0,4.408,4.04,0.3680000000000003,0.92156864,0.92156864,0.0,0.749003984063745,0.5896414342629481,0.1593625498007969
44,98,94,42210.0,42171,39.0,42487.0,42466,21.0,42641.0,42604,37.0,3.72,3.544,0.17600000000000016,0.784515,0.811634,-0.027119000000000004,0.7146171693735499,0.6374133949191686,0.07720377445438131
44,99,95,42641.0,42604,37.0,42885.0,42887,-2.0,43076.0,43041,35.0,3.184,3.368,-0.18399999999999972,0.95748864,0.95748864,0.0,0.8781609195402299,0.7048054919908466,0.17335542754938327
44,100,96,43076.0,43041,35.0,43336.0,43363,-27.0,43544.0,43506,38.0,3.608,3.808,-0.19999999999999973,0.807966,0.85560864,-0.04764264000000007,0.8888888888888888,0.6150537634408602,0.2738351254480287
44,101,97,43544.0,43506,38.0,43839.0,43823,16.0,43996.0,43959,37.0,4.024,3.68,0.34399999999999986,0.74761864,0.74761864,0.0,0.6946902654867257,0.6004415011037527,0.09424876438297303
44,102,98,43996.0,43959,37.0,44325.0,44292,33.0,44464.0,44426,38.0,3.888,3.752,0.13600000000000012,0.8692886400000001,0.8692886400000001,0.0,0.594017094017094,0.5738758029978587,0.02014129101923534
44,103,99,44464.0,44426,38.0,44757.0,44738,19.0,44924.0,44884,40.0,3.456,3.568,-0.1120000000000001,0.9460086400000001,0.9460086400000001,0.0,0.7260869565217392,0.6375545851528384,0.0885323713689008
44,104,100,44924.0,44884,40.0,45200.0,45165,35.0,45341.0,45304,37.0,3.544,3.416,0.1280000000000001,0.81016,0.830438,-0.020278000000000018,0.6762589928057554,0.6619047619047619,0.014354230900993525
44,105,101,45341.0,45304,37.0,45623.0,45623,0.0,45821.0,45778,43.0,3.384,3.664,-0.28000000000000025,0.9320786400000001,0.9320786400000001,0.0,0.825,0.6540084388185654,0.17099156118143455
44,106,102,45821.0,45778,43.0,46135.0,46103,32.0,46292.0,46252,40.0,4.096,3.84,0.2560000000000002,0.943319,0.945029,-0.0017099999999999893,0.6666666666666667,0.6286919831223629,0.03797468354430389
44,107,103,46292.0,46252,40.0,46566.0,46561,5.0,46732.0,46704,28.0,3.448,3.664,-0.2160000000000002,0.9110699999999999,0.9110699999999999,0.0,0.7545454545454545,0.6327433628318584,0.12180209171359613
44,108,104,46732.0,46704,28.0,47046.0,47024,22.0,47207.0,47184,23.0,3.84,3.704,0.13599999999999968,0.8485199999999999,0.8727079999999999,-0.024187999999999987,0.6778947368421053,0.6666666666666667,0.011228070175438587
44,109,105,47207.0,47184,23.0,47471.0,47487,-16.0,47669.0,47633,36.0,3.4,3.704,-0.30400000000000027,0.96921864,0.96921864,0.0,0.8571428571428572,0.6503340757238307,0.20680878141902648
44,110,106,47669.0,47633,36.0,47929.0,47932,-3.0,48119.0,48072,47.0,3.664,3.56,0.10400000000000009,0.90422864,0.90422864,0.0,0.8444444444444444,0.6378132118451025,0.2066312325993419
44,111,107,48119.0,48072,47.0,48413.0,48383,30.0,48545.0,48509,36.0,3.872,3.608,0.2639999999999998,0.91081864,0.91081864,0.0,0.619718309859155,0.5766590389016018,0.04305927095755324
44,112,108,48545.0,48509,36.0,48854.0,48838,16.0,49027.0,48991,36.0,3.528,3.64,-0.1120000000000001,0.9543084,0.9543084,0.0,0.7178423236514523,0.6348547717842323,0.08298755186721996
44,113,109,49027.0,48991,36.0,49297.0,49290,7.0,49466.0,49428,38.0,3.544,3.616,-0.07200000000000006,0.88027864,0.88027864,0.0,0.7699316628701595,0.631578947368421,0.13835271550173844
44,114,110,49466.0,49428,38.0,49701.0,49727,-26.0,49940.0,49900,40.0,3.232,3.496,-0.2639999999999998,1.00048864,1.00048864,0.0,0.9915611814345991,0.7330508474576272,0.258510333976972
44,115,111,49940.0,49900,40.0,50246.0,50244,2.0,50439.0,50400,39.0,4.36,4.136,0.2240000000000002,0.94063,0.9963352,-0.05570520000000001,0.7735470941883767,0.624,0.14954709418837675
44,116,112,50439.0,50400,39.0,50741.0,50719,22.0,50899.0,50864,35.0,3.96,3.8,0.16000000000000014,0.8998286400000001,0.8998286400000001,0.0,0.6869565217391305,0.625,0.061956521739130466
44,117,113,50899.0,50864,35.0,51165.0,51173,-8.0,51351.0,51318,33.0,3.392,3.632,-0.2400000000000002,0.8370386400000001,0.8370386400000001,0.0,0.8230088495575221,0.6387665198237886,0.18424232973373345
44,118,114,51351.0,51318,33.0,51680.0,51658,22.0,51843.0,51802,41.0,4.12,3.88,0.2400000000000002,1.00048864,1.00048864,0.0,0.6626016260162602,0.5950413223140496,0.06756030370221056
44,119,115,51843.0,51802,41.0,52031.0,52063,-32.0,52240.0,52202,38.0,2.808,3.24,-0.4320000000000004,0.793309,0.7989280000000001,-0.005619000000000041,0.947103274559194,0.6950000000000001,0.2521032745591939
44,120,116,52240.0,52202,38.0,52512.0,52505,7.0,52702.0,52659,43.0,3.848,3.536,0.31199999999999983,0.9912086400000001,0.9912086400000001,0.0,0.8225108225108225,0.6739606126914661,0.1485502098193564
44,121,117,52702.0,52659,43.0,52970.0,52983,-13.0,53168.0,53132,36.0,3.664,3.824,-0.1599999999999997,0.79476864,0.79476864,0.0,0.8497854077253219,0.6300211416490487,0.2197642660762732
44,122,118,53168.0,53132,36.0,53483.0,53457,26.0,53632.0,53596,36.0,4.104,3.792,0.3120000000000003,0.9953579,1.00048864,-0.0051307399999999115,0.6422413793103448,0.5991379310344828,0.04310344827586199
44,123,119,53632.0,53596,36.0,53900.0,53893,7.0,54079.0,54037,42.0,3.336,3.488,-0.15200000000000014,0.95821864,0.95821864,0.0,0.8008948545861297,0.653061224489796,0.14783363009633377
44,124,120,54079.0,54037,42.0,54331.0,54372,-41.0,54555.0,54518,37.0,3.448,3.832,-0.3839999999999999,0.8961686400000001,0.8961686400000001,0.0,0.9411764705882353,0.6070686070686071,0.3341078635196282
44,125,121,54555.0,54518,37.0,54845.0,54858,-13.0,55055.0,55016,39.0,4.112,3.888,0.2240000000000002,0.98655864,0.98655864,0.0,0.84,0.6345381526104418,0.2054618473895582
44,126,122,55055.0,55016,39.0,55363.0,55369,-6.0,55549.0,55508,41.0,4.144,4.088,0.05600000000000005,0.9633486400000001,0.9633486400000001,0.0,0.7530364372469636,0.5650406504065041,0.18799578684045948
44,127,123,55549.0,55508,41.0,55844.0,55828,16.0,56005.0,55961,44.0,3.848,3.672,0.1759999999999997,0.89102864,0.89102864,0.0,0.706140350877193,0.58719646799117,0.11894388288602298
44,128,124,56005.0,55961,44.0,56301.0,56283,18.0,56461.0,56423,38.0,3.656,3.64,0.016000000000000014,0.83263864,0.83263864,0.0,0.7017543859649122,0.6060606060606061,0.09569377990430616
44,129,125,56461.0,56423,38.0,56764.0,56762,2.0,56949.0,56908,41.0,3.704,3.832,-0.12799999999999967,1.00048864,1.00048864,0.0,0.7581967213114754,0.6020618556701032,0.15613486564137224
44,130,126,56949.0,56908,41.0,57241.0,57233,8.0,57418.0,57379,39.0,3.816,3.768,0.04800000000000004,0.95821864,0.95821864,0.0,0.7547974413646056,0.6199575371549894,0.13483990420961622
44,131,127,57418.0,57379,39.0,57639.0,57649,-10.0,57841.0,57826,15.0,3.184,3.328,-0.14399999999999968,0.84217,1.00048864,-0.15831863999999995,0.9550827423167849,0.7919463087248322,0.16313643359195273
44,132,128,57841.0,57826,15.0,57965.0,57943,22.0,58083.0,58046,37.0,2.608,2.352,0.2560000000000002,0.38773863999999997,0.38773863999999997,0.0,0.9752066115702479,0.9363636363636364,0.03884297520661151
44,133,129,58083.0,58046,37.0,58325.0,58330,-5.0,58502.0,58462,40.0,2.88,3.096,-0.2160000000000002,0.7175686400000001,0.7175686400000001,0.0,0.8448687350835322,0.6346153846153846,0.21025335046814764
44,134,130,58502.0,58462,40.0,58750.0,58761,-11.0,58938.0,58901,37.0,3.4,3.448,-0.04800000000000004,0.7520186400000001,0.7520186400000001,0.0,0.8623853211009174,0.6378132118451025,0.22457210925581483
44,135,131,58938.0,58901,37.0,59219.0,59198,21.0,59365.0,59337,28.0,3.752,3.496,0.2559999999999998,0.792813,0.872461,-0.07964800000000005,0.6838407494145199,0.6376146788990826,0.046226070515437256
44,136,132,59365.0,59337,28.0,59649.0,59617,32.0,59791.0,59753,38.0,3.44,3.352,0.08800000000000008,0.85316864,0.85316864,0.0,0.6666666666666667,0.6538461538461539,0.012820512820512886
45,1,1,138.0,123,15.0,410.0,379,31.0,566.0,560,6.0,,,,0.3295704,0.3408604,-0.011290000000000022,0.7289719626168225,0.8283752860411899,-0.09940332342436742
45,2,2,566.0,560,6.0,751.0,779,-28.0,1006.0,1046,-40.0,2.728,3.2,-0.472,0.308504,0.328064,-0.019560000000000022,0.8409090909090909,0.9012345679012346,-0.060325476992143634
45,3,3,1006.0,1046,-40.0,1230.0,1261,-31.0,1482.0,1489,-7.0,3.832,3.856,-0.02400000000000002,0.31452,0.31452,0.0,0.9411764705882353,0.9706546275395034,-0.029478156951268097
45,4,4,1482.0,1489,-7.0,1737.0,1757,-20.0,2013.0,2016,-3.0,4.056,3.968,0.08800000000000008,0.32279399999999997,0.32279399999999997,0.0,0.96045197740113,0.9829222011385199,-0.02247022373738994
45,5,5,2013.0,2016,-3.0,2303.0,2285,18.0,2493.0,2507,-14.0,4.528,4.224,0.3039999999999994,0.329571,0.329571,0.0,0.7916666666666666,0.9042769857433809,-0.11261031907671426
45,6,6,2493.0,2507,-14.0,2757.0,2774,-17.0,2975.0,2975,0.0,3.632,3.912,-0.2799999999999998,0.3513922,0.3423622,0.009029999999999982,0.9045643153526971,0.858974358974359,0.04558995637833807
45,7,7,2975.0,2975,0.0,3239.0,3196,43.0,3448.0,3486,-38.0,3.856,3.376,0.48,0.32279599999999997,0.325806,-0.0030100000000000127,0.8837209302325582,0.8649706457925637,0.01875028443999449
45,8,8,3448.0,3486,-38.0,3760.0,3728,32.0,3937.0,3956,-19.0,4.168,4.256,-0.08800000000000008,0.300976,0.300976,0.0,0.7239263803680982,0.9702127659574468,-0.24628638558934857
45,9,9,3937.0,3956,-19.0,4225.0,4211,14.0,4401.0,4422,-21.0,3.72,3.864,-0.14399999999999968,0.3280702,0.3273102,0.0007599999999999829,0.7586206896551724,0.9055793991416309,-0.1469587094864585
45,10,10,4401.0,4422,-21.0,4634.0,4649,-15.0,4898.0,4906,-8.0,3.272,3.504,-0.2320000000000002,0.3386029,0.3386029,0.0,0.937625754527163,0.9380165289256198,-0.00039077439845680573
45,11,11,4898.0,4906,-8.0,5144.0,5150,-6.0,5396.0,5373,23.0,4.08,4.008,0.07200000000000006,0.35816099999999995,0.35816099999999995,0.0,0.9879518072289156,0.9550321199143469,0.032919687314568735
45,12,12,5396.0,5373,23.0,5610.0,5625,-15.0,5853.0,5874,-21.0,3.728,3.8,-0.07199999999999962,0.31075899999999995,0.31075899999999995,0.0,0.936542669584245,0.9940119760479041,-0.05746930646365911
45,13,13,5853.0,5874,-21.0,6097.0,6104,-7.0,6321.0,6351,-30.0,3.896,3.832,0.06400000000000006,0.32054499999999997,0.32204499999999997,-0.0015000000000000013,0.9572649572649573,0.9643605870020965,-0.007095629737139175
45,14,14,6321.0,6351,-30.0,6542.0,6556,-14.0,6810.0,6822,-12.0,3.56,3.616,-0.05600000000000005,0.316783,0.316783,0.0,0.9038854805725971,0.8704883227176221,0.03339715785497499
45,15,15,6810.0,6822,-12.0,7077.0,7081,-4.0,7300.0,7307,-7.0,4.28,4.2,0.08000000000000007,0.339354,0.331074,0.00828000000000001,0.9102040816326531,0.931958762886598,-0.021754681253944863
45,16,16,7300.0,7307,-7.0,7570.0,7554,16.0,7779.0,7778,1.0,3.944,3.784,0.16000000000000014,0.366441,0.366441,0.0,0.872651356993737,0.9511677282377919,-0.07851637124405497
45,17,17,7779.0,7778,1.0,7992.0,8015,-23.0,8245.0,8274,-29.0,3.376,3.688,-0.3120000000000003,0.31000700000000003,0.314527,-0.0045199999999999685,0.9141630901287554,0.9556451612903226,-0.04148207116156721
45,18,18,8245.0,8274,-29.0,8494.0,8502,-8.0,8730.0,8681,49.0,4.016,3.896,0.1200000000000001,0.288934,0.288934,0.0,0.9731958762886598,0.8796068796068797,0.09358899668178011
45,19,19,8730.0,8681,49.0,9042.0,9027,15.0,9267.0,9312,-45.0,4.384,4.2,0.18400000000000016,0.32355100000000003,0.32656100000000005,-0.0030100000000000127,0.8379888268156425,0.9033280507131537,-0.06533922389751123
45,20,20,9267.0,9312,-45.0,9552.0,9568,-16.0,9802.0,9833,-31.0,4.08,4.328,-0.24800000000000022,0.3318282,0.3393482,-0.007519999999999971,0.9345794392523364,0.982725527831094,-0.04814608857875757
45,21,21,9802.0,9833,-31.0,10076.0,10077,-1.0,10278.0,10272,6.0,4.192,4.072,0.1200000000000001,0.330319,0.329569,0.0007499999999999729,0.8487394957983193,0.8883826879271071,-0.03964319212878775
45,22,22,10278.0,10272,6.0,10465.0,10521,-56.0,10742.0,10746,-4.0,3.112,3.552,-0.43999999999999995,0.30248200000000003,0.30248200000000003,0.0,0.8060344827586207,0.9493670886075949,-0.14333260584897423
45,23,23,10742.0,10746,-4.0,11034.0,11011,23.0,11204.0,11219,-15.0,4.552,3.92,0.6319999999999997,0.32505500000000004,0.32355500000000004,0.0015000000000000013,0.7359307359307359,0.879492600422833,-0.14356186449209707
45,24,24,11204.0,11219,-15.0,11424.0,11461,-37.0,11670.0,11680,-10.0,3.12,3.6,-0.48,0.326557,0.322797,0.0037599999999999856,0.944206008583691,0.9501084598698482,-0.005902451286157184
45,25,25,11670.0,11680,-10.0,11962.0,11928,34.0,12144.0,12144,0.0,4.304,3.736,0.5680000000000001,0.329574,0.329574,0.0,0.7679324894514767,0.9310344827586207,-0.16310199330714392
45,26,26,12144.0,12144,0.0,12380.0,12398,-18.0,12629.0,12633,-4.0,3.344,3.76,-0.4159999999999999,0.3378482,0.3378482,0.0,0.9731958762886598,0.9611451942740287,0.012050682014631109
45,27,27,12629.0,12633,-4.0,12827.0,12868,-41.0,13089.0,13081,8.0,3.576,3.76,-0.18399999999999972,0.32956599999999997,0.32806599999999997,0.0015000000000000013,0.8608695652173913,0.9508928571428571,-0.09002329192546576
45,28,28,13089.0,13081,8.0,13282.0,13299,-17.0,13529.0,13549,-20.0,3.64,3.448,0.19200000000000017,0.33032039999999996,0.33032039999999996,0.0,0.8772727272727273,0.9316239316239316,-0.05435120435120433
45,29,29,13529.0,13549,-20.0,13816.0,13796,20.0,14022.0,14034,-12.0,4.272,3.976,0.29600000000000026,0.3431104,0.3431104,0.0,0.8356997971602433,0.9814432989690721,-0.14574350180882878
45,30,30,14022.0,14034,-12.0,14273.0,14288,-15.0,14472.0,14470,2.0,3.656,3.936,-0.2799999999999998,0.3378431,0.3378431,0.0,0.8844444444444445,0.8348623853211009,0.04958205912334357
45,31,31,14472.0,14470,2.0,14697.0,14710,-13.0,14924.0,14939,-15.0,3.392,3.376,0.016000000000000014,0.3303229,0.3303229,0.0,0.995575221238938,0.976545842217484,0.019029379021454074
45,32,32,14924.0,14939,-15.0,15214.0,15184,30.0,15389.0,15418,-29.0,4.136,3.792,0.3440000000000003,0.298718,0.298718,0.0,0.7526881720430108,0.9770354906054279,-0.2243473185624172
45,33,33,15389.0,15418,-29.0,15660.0,15677,-17.0,15971.0,15990,-19.0,3.568,3.944,-0.3759999999999999,0.3107596,0.3107596,0.0,0.9312714776632303,0.9055944055944056,0.025677072068824636
45,35,34,16097.0,15990,107.0,16361.0,16329,32.0,16553.0,16590,-37.0,2.312,5.216,-2.9040000000000004,0.253569,0.258089,-0.004520000000000024,0.8421052631578947,0.87,-0.027894736842105305
45,36,35,16553.0,16590,-37.0,16762.0,16771,-9.0,17006.0,17031,-25.0,3.208,3.536,-0.32799999999999985,0.297213,0.297213,0.0,0.9227373068432672,0.8208616780045351,0.10187562883873202
45,37,36,17006.0,17031,-25.0,17194.0,17215,-21.0,17455.0,17409,46.0,3.456,3.552,-0.09600000000000009,0.297211,0.297211,0.0,0.8374164810690423,0.9735449735449735,-0.13612849247593117
45,38,37,17455.0,17409,46.0,17782.0,17739,43.0,17955.0,17946,9.0,4.704,4.192,0.5119999999999996,0.32505900000000004,0.32505900000000004,0.0,0.692,0.770949720670391,-0.07894972067039108
45,39,38,17955.0,17946,9.0,18226.0,18206,20.0,18434.0,18399,35.0,3.552,3.736,-0.18400000000000016,0.33709530000000004,0.34236530000000004,-0.005269999999999997,0.8684759916492693,0.8520971302428256,0.016378861406443623
45,40,39,18434.0,18399,35.0,18660.0,18668,-8.0,18907.0,18888,19.0,3.472,3.696,-0.2240000000000002,0.354406,0.354406,0.0,0.9556025369978858,0.899795501022495,0.05580703597539083
45,41,40,18907.0,18888,19.0,19103.0,19120,-17.0,19346.0,19297,49.0,3.544,3.616,-0.07200000000000006,0.316032,0.316032,0.0,0.8929384965831435,0.8655256723716381,0.02741282421150537
45,42,41,19346.0,19297,49.0,19656.0,19621,35.0,19829.0,19851,-22.0,4.424,4.008,0.41600000000000037,0.318289,0.324309,-0.006020000000000025,0.7163561076604554,0.8303249097472925,-0.11396880208683702
45,43,42,19829.0,19851,-22.0,20081.0,20065,16.0,20281.0,20309,-28.0,3.4,3.552,-0.15200000000000014,0.3235482,0.3235482,0.0,0.8849557522123894,0.9344978165938864,-0.049542064381497
45,44,43,20281.0,20309,-28.0,20573.0,20545,28.0,20745.0,20768,-23.0,3.936,3.84,0.09600000000000009,0.313014,0.328064,-0.015050000000000008,0.7413793103448276,0.971677559912854,-0.23029824956802636
45,45,44,20745.0,20768,-23.0,21011.0,21012,-1.0,21239.0,21255,-16.0,3.504,3.736,-0.2320000000000002,0.355902,0.355902,0.0,0.9230769230769231,0.997946611909651,-0.07486968883272782
45,47,45,21509.0,21255,254.0,21515.0,21462,53.0,21674.0,21695,-21.0,0.88,3.6,-2.72,0.30022299999999996,0.32505999999999996,-0.024836999999999998,0.07272727272727275,0.9409090909090909,-0.8681818181818182
45,48,46,21674.0,21695,-21.0,21959.0,21922,37.0,22128.0,22111,17.0,3.552,3.68,-0.1280000000000001,0.330322,0.330322,0.0,0.7444933920704846,0.9086538461538461,-0.16416045408336155
45,49,47,22128.0,22111,17.0,22366.0,22377,-11.0,22568.0,22574,-6.0,3.256,3.64,-0.38400000000000034,0.320546,0.325056,-0.004510000000000014,0.9181818181818182,0.8509719222462203,0.0672098959355979
45,50,48,22568.0,22574,-6.0,22812.0,22804,8.0,22998.0,22995,3.0,3.568,3.416,0.15200000000000014,0.33408755,0.33408755,0.0,0.8651162790697674,0.9073634204275535,-0.04224714135778607
45,51,49,22998.0,22995,3.0,23264.0,23242,22.0,23454.0,23448,6.0,3.616,3.504,0.1120000000000001,0.34461980000000003,0.34461980000000003,0.0,0.8333333333333334,0.9094922737306843,-0.07615894039735094
45,52,50,23454.0,23448,6.0,23636.0,23679,-43.0,23914.0,23954,-40.0,2.976,3.496,-0.52,0.316023,0.33032300000000003,-0.014300000000000035,0.7913043478260869,0.9130434782608696,-0.12173913043478268
45,53,51,23914.0,23954,-40.0,24181.0,24179,2.0,24385.0,24364,21.0,4.36,4.0,0.3600000000000003,0.3393527,0.3325827,0.006769999999999998,0.8662420382165605,0.9024390243902439,-0.03619698617368339
45,54,52,24385.0,24364,21.0,24558.0,24605,-47.0,24824.0,24805,19.0,3.016,3.408,-0.3919999999999999,0.29947500000000005,0.29796500000000004,0.0015100000000000113,0.7881548974943052,0.9070294784580499,-0.1188745809637447
45,55,53,24824.0,24805,19.0,25121.0,25109,12.0,25333.0,25378,-45.0,4.504,4.032,0.47199999999999953,0.31828599999999996,0.31828599999999996,0.0,0.8330058939096268,0.9389179755671903,-0.1059120816575635
45,56,54,25333.0,25378,-45.0,25574.0,25589,-15.0,25796.0,25777,19.0,3.624,3.84,-0.21599999999999975,0.32205100000000003,0.31828100000000004,0.0037699999999999956,0.958963282937365,0.9423558897243107,0.016607393213054267
45,57,55,25796.0,25777,19.0,26041.0,26025,16.0,26231.0,26196,35.0,3.736,3.488,0.24800000000000022,0.33634,0.33634,0.0,0.8735632183908046,0.8162291169451074,0.05733410144569728
45,58,56,26231.0,26196,35.0,26486.0,26492,-6.0,26733.0,26760,-27.0,3.56,3.736,-0.17600000000000016,0.324306,0.324306,0.0,0.9840637450199203,0.950354609929078,0.03370913509084228
45,59,57,26733.0,26760,-27.0,27002.0,26956,46.0,27203.0,27229,-26.0,4.128,3.712,0.4159999999999999,0.30624700000000005,0.288187,0.01806000000000002,0.8553191489361702,0.835820895522388,0.019498253413782196
45,60,58,27203.0,27229,-26.0,27423.0,27420,3.0,27730.0,27750,-20.0,3.368,3.712,-0.3440000000000003,0.29496269999999997,0.29496269999999997,0.0,0.8349146110056926,0.7332053742802302,0.10170923672546239
45,61,59,27730.0,27750,-20.0,27944.0,27938,6.0,28188.0,28209,-21.0,4.168,4.144,0.02400000000000002,0.32054,0.32054,0.0,0.9344978165938864,0.8191721132897604,0.11532570330412606
45,62,60,28188.0,28209,-21.0,28350.0,28386,-36.0,28613.0,28651,-38.0,3.248,3.584,-0.33599999999999985,0.30549800000000005,0.31376800000000005,-0.00827,0.7623529411764706,0.8009049773755657,-0.038552036199095086
45,63,61,28613.0,28651,-38.0,28878.0,28874,4.0,29078.0,29055,23.0,4.224,3.904,0.3200000000000003,0.315272,0.315272,0.0,0.8602150537634409,0.8960396039603961,-0.035824550196955185
45,64,62,29078.0,29055,23.0,29300.0,29323,-23.0,29552.0,29596,-44.0,3.376,3.592,-0.2160000000000002,0.307749,0.33408899999999997,-0.026339999999999975,0.9367088607594937,0.9907578558225508,-0.05404899506305716
45,65,63,29552.0,29596,-44.0,29824.0,29816,8.0,30038.0,30080,-42.0,4.192,3.944,0.24800000000000022,0.36117689999999997,0.36117689999999997,0.0,0.8806584362139918,0.9090909090909091,-0.028432472876917303
45,66,64,30038.0,30080,-42.0,30294.0,30286,8.0,30513.0,30555,-42.0,3.76,3.76,0.0,0.3521469,0.3521469,0.0,0.9221052631578948,0.8673684210526316,0.054736842105263195
45,67,65,30513.0,30555,-42.0,30789.0,30776,13.0,30989.0,31021,-32.0,3.96,3.92,0.040000000000000036,0.3521469,0.3498869,0.0022599999999999842,0.8403361344537815,0.9484978540772532,-0.10816171962347165
45,68,66,30989.0,31021,-32.0,31255.0,31253,2.0,31485.0,31516,-31.0,3.728,3.816,-0.08799999999999963,0.35063900000000003,0.33709900000000004,0.013539999999999996,0.9274193548387096,0.9373737373737374,-0.009954382535027784
45,69,67,31485.0,31516,-31.0,31739.0,31733,6.0,31954.0,32000,-46.0,3.872,3.84,0.03200000000000003,0.34085689999999996,0.3483869,-0.007530000000000037,0.9168443496801706,0.8966942148760331,0.02015013480413752
45,70,68,31954.0,32000,-46.0,32165.0,32206,-41.0,32430.0,32407,23.0,3.408,3.784,-0.3759999999999999,0.31227000000000005,0.31227000000000005,0.0,0.8865546218487395,0.9877149877149877,-0.10116036586624821
45,71,69,32430.0,32407,23.0,32718.0,32698,20.0,32910.0,32900,10.0,4.424,3.936,0.48800000000000043,0.319034,0.319794,-0.0007600000000000384,0.8,0.8194726166328601,-0.01947261663286004
45,72,70,32910.0,32900,10.0,33178.0,33154,24.0,33369.0,33344,25.0,3.68,3.648,0.03200000000000003,0.31978599999999996,0.31978599999999996,0.0,0.8322440087145969,0.8558558558558559,-0.023611847141258968
45,73,71,33369.0,33344,25.0,33594.0,33605,-11.0,33848.0,33873,-25.0,3.328,3.608,-0.28000000000000025,0.348382,0.348382,0.0,0.9394572025052192,0.9867674858223062,-0.047310283317086976
45,74,72,33848.0,33873,-25.0,34063.0,34096,-33.0,34326.0,34323,3.0,3.752,3.928,-0.17600000000000016,0.325811,0.325811,0.0,0.899581589958159,0.9911111111111112,-0.09152952115295221
45,75,73,34326.0,34323,3.0,34554.0,34557,-3.0,34769.0,34757,12.0,3.928,3.688,0.23999999999999977,0.3348382,0.3348382,0.0,0.9706546275395034,0.9216589861751152,0.048995641364388165
45,76,74,34769.0,34757,12.0,34988.0,34995,-7.0,35198.0,35202,-4.0,3.472,3.504,-0.03200000000000003,0.31753400000000004,0.32731400000000005,-0.009780000000000011,0.9790209790209791,0.9303370786516854,0.04868390036929371
45,77,75,35198.0,35202,-4.0,35434.0,35427,7.0,35641.0,35664,-23.0,3.568,3.456,0.1120000000000001,0.32731550000000004,0.32731550000000004,0.0,0.9345372460496614,0.974025974025974,-0.03948872797631264
45,78,76,35641.0,35664,-23.0,35893.0,35882,11.0,36071.0,36101,-30.0,3.672,3.64,0.03200000000000003,0.328822,0.328822,0.0,0.827906976744186,0.9977116704805492,-0.1698046937363632
45,79,77,36071.0,36101,-30.0,36342.0,36331,11.0,36561.0,36555,6.0,3.592,3.592,0.0,0.37020600000000004,0.37020600000000004,0.0,0.8938775510204082,0.986784140969163,-0.09290658994875478
45,80,78,36561.0,36555,6.0,36826.0,36798,28.0,37019.0,37037,-18.0,3.872,3.736,0.13599999999999968,0.328069,0.328069,0.0,0.8427947598253275,0.991701244813278,-0.14890648498795056
45,81,79,37019.0,37037,-18.0,37274.0,37270,4.0,37459.0,37458,1.0,3.584,3.776,-0.19199999999999973,0.331826,0.322796,0.009029999999999982,0.8409090909090909,0.8931116389548693,-0.052202548045778396
45,82,80,37459.0,37458,1.0,37692.0,37675,17.0,37883.0,37914,-31.0,3.344,3.24,0.10399999999999965,0.282166,0.302486,-0.020320000000000005,0.9009433962264151,0.9517543859649122,-0.05081098973849718
45,83,81,37883.0,37914,-31.0,38155.0,38153,2.0,38352.0,38341,11.0,3.704,3.824,-0.11999999999999966,0.32205,0.32205,0.0,0.8400852878464818,0.8805620608899297,-0.04047677304344788
45,84,82,38352.0,38341,11.0,38584.0,38584,0.0,38795.0,38814,-19.0,3.432,3.448,-0.016000000000000014,0.3310771,0.3310771,0.0,0.9525959367945824,0.9725158562367865,-0.01991991944220406
45,85,83,38795.0,38814,-19.0,39012.0,39022,-10.0,39242.0,39255,-13.0,3.424,3.504,-0.08000000000000007,0.322804,0.328064,-0.005260000000000042,0.970917225950783,0.9433106575963719,0.02760656835441111
45,86,84,39242.0,39255,-13.0,39445.0,39479,-34.0,39681.0,39673,8.0,3.464,3.656,-0.19200000000000017,0.29947100000000004,0.298721,0.0007500000000000284,0.9248291571753986,0.9282296650717703,-0.003400507896371696
45,87,85,39681.0,39673,8.0,39857.0,39886,-29.0,40104.0,40129,-25.0,3.296,3.256,0.040000000000000036,0.306249,0.306249,0.0,0.8321513002364066,0.9342105263157895,-0.10205922607938289
45,88,86,40104.0,40129,-25.0,40343.0,40351,-8.0,40554.0,40578,-24.0,3.888,3.72,0.1679999999999997,0.34010245,0.34010245,0.0,0.9377777777777778,0.9888641425389755,-0.051086364761197656
45,89,87,40554.0,40578,-24.0,40765.0,40796,-31.0,41009.0,41025,-16.0,3.376,3.56,-0.18400000000000016,0.31978900000000005,0.31978900000000005,0.0,0.9274725274725275,0.9753914988814317,-0.04791897140890422
45,90,88,41009.0,41025,-16.0,41274.0,41250,24.0,41451.0,41443,8.0,4.072,3.632,0.43999999999999995,0.297221,0.297221,0.0,0.8009049773755657,0.9234449760765551,-0.12253999870098942
45,91,89,41451.0,41443,8.0,41690.0,41682,8.0,41886.0,41894,-8.0,3.328,3.456,-0.1280000000000001,0.3566547,0.3566547,0.0,0.9011494252873563,0.9401330376940134,-0.03898361240665704
45,92,90,41886.0,41894,-8.0,42143.0,42140,3.0,42367.0,42352,15.0,3.624,3.664,-0.040000000000000036,0.3581596,0.3581596,0.0,0.9313929313929314,0.9257641921397379,0.005628739253193515
45,93,91,42367.0,42352,15.0,42627.0,42624,3.0,42842.0,42866,-24.0,3.872,3.872,0.0,0.3408551,0.3408551,0.0,0.9052631578947369,0.9416342412451362,-0.03637108335039929
45,94,92,42842.0,42866,-24.0,43080.0,43087,-7.0,43312.0,43343,-31.0,3.624,3.704,-0.08000000000000007,0.33784400000000003,0.33784400000000003,0.0,0.9872340425531915,0.9266247379454926,0.060609304607698866
45,95,93,43312.0,43343,-31.0,43599.0,43585,14.0,43793.0,43808,-15.0,4.152,3.984,0.16800000000000015,0.31677599999999995,0.322046,-0.005270000000000052,0.8066528066528067,0.9591397849462365,-0.15248697829342983
45,96,94,43793.0,43808,-15.0,43996.0,44034,-38.0,44256.0,44260,-4.0,3.176,3.592,-0.4159999999999999,0.3528973,0.3528973,0.0,0.8768898488120951,1.0,-0.12311015118790491
45,97,95,44256.0,44260,-4.0,44504.0,44487,17.0,44695.0,44678,17.0,4.064,3.624,0.43999999999999995,0.316778,0.316778,0.0,0.8701594533029613,0.9138755980861244,-0.0437161447831631
45,98,96,44695.0,44678,17.0,44931.0,44926,5.0,45136.0,45137,-1.0,3.416,3.512,-0.09600000000000009,0.34913245000000004,0.35515245,-0.00601999999999997,0.9297052154195011,0.9193899782135077,0.010315237205993477
45,99,97,45136.0,45137,-1.0,45390.0,45378,12.0,45581.0,45584,-3.0,3.672,3.616,0.05600000000000005,0.364934,0.364934,0.0,0.8584269662921349,0.9217002237136466,-0.06327325742151169
45,100,98,45581.0,45584,-3.0,45818.0,45813,5.0,46029.0,45996,33.0,3.424,3.48,-0.05600000000000005,0.329569,0.328069,0.0015000000000000013,0.9419642857142857,0.8883495145631068,0.05361477115117885
45,101,99,46029.0,45996,33.0,46301.0,46282,19.0,46542.0,46576,-34.0,3.864,3.752,0.1120000000000001,0.325052,0.325052,0.0,0.939571150097466,0.9862068965517241,-0.046635746454258165
45,102,100,46542.0,46576,-34.0,46789.0,46770,19.0,46971.0,46980,-9.0,3.904,3.904,0.0,0.30399180000000003,0.2942018,0.009790000000000021,0.8484848484848485,0.9603960396039604,-0.11191119111911185
45,103,101,46971.0,46980,-9.0,47207.0,47199,8.0,47415.0,47462,-47.0,3.344,3.432,-0.08800000000000008,0.3220455,0.33258550000000003,-0.01054000000000005,0.9369369369369369,0.9087136929460581,0.028223243990878832
45,104,102,47415.0,47462,-47.0,47679.0,47663,16.0,47880.0,47834,46.0,3.776,3.712,0.06399999999999961,0.30624500000000004,0.30624500000000004,0.0,0.864516129032258,0.9193548387096774,-0.05483870967741933
45,105,103,47880.0,47834,46.0,48139.0,48136,3.0,48334.0,48347,-13.0,3.68,3.784,-0.10399999999999965,0.3416053,0.3416053,0.0,0.8590308370044053,0.8226120857699806,0.03641875123442473
45,106,104,48334.0,48347,-13.0,48608.0,48602,6.0,48794.0,48809,-15.0,3.752,3.728,0.023999999999999577,0.3408622,0.3528922,-0.012029999999999985,0.808695652173913,0.8961038961038961,-0.08740824392998303
45,107,105,48794.0,48809,-15.0,49043.0,49045,-2.0,49257.0,49241,16.0,3.48,3.544,-0.06400000000000006,0.33558899999999997,0.33558899999999997,0.0,0.9244060475161987,0.9074074074074074,0.016998640108791263
45,108,106,49257.0,49241,16.0,49460.0,49481,-21.0,49711.0,49752,-41.0,3.336,3.488,-0.15200000000000014,0.333338,0.342358,-0.009019999999999972,0.8942731277533039,0.9393346379647749,-0.04506151021147098
45,109,107,49711.0,49752,-41.0,49990.0,49979,11.0,50189.0,50185,4.0,4.24,3.984,0.2560000000000002,0.3581594,0.3566594,0.0015000000000000013,0.8326359832635983,0.9515011547344111,-0.11886517147081277
45,110,108,50189.0,50185,4.0,50390.0,50425,-35.0,50646.0,50672,-26.0,3.2,3.568,-0.3679999999999999,0.3416055,0.3416055,0.0,0.8796498905908097,0.9856262833675564,-0.10597639277674675
45,111,109,50646.0,50672,-26.0,50894.0,50898,-4.0,51113.0,51135,-22.0,4.032,3.784,0.24800000000000022,0.35741449999999997,0.35741449999999997,0.0,0.9379014989293362,0.9762419006479481,-0.03834040171861197
45,112,110,51113.0,51135,-22.0,51326.0,51353,-27.0,51576.0,51575,1.0,3.456,3.64,-0.18400000000000016,0.340109,0.340109,0.0,0.9200863930885529,0.990909090909091,-0.07082269782053807
45,113,111,51576.0,51575,1.0,51835.0,51806,29.0,52053.0,52093,-40.0,4.072,3.624,0.44799999999999995,0.33784400000000003,0.33935400000000004,-0.0015100000000000113,0.9140461215932913,0.8918918918918919,0.022154229701399464
45,114,112,52053.0,52093,-40.0,52332.0,52318,14.0,52557.0,52584,-27.0,3.976,4.096,-0.1200000000000001,0.3190355,0.3100055,0.009030000000000038,0.8928571428571429,0.9164969450101833,-0.0236398021530404
45,115,113,52557.0,52584,-27.0,52792.0,52790,2.0,53003.0,53024,-21.0,3.68,3.776,-0.09599999999999964,0.34763,0.34763,0.0,0.9461883408071748,0.9363636363636364,0.009824704443538446
45,116,114,53003.0,53024,-21.0,53253.0,53247,6.0,53492.0,53534,-42.0,3.688,3.656,0.03200000000000003,0.353652,0.353652,0.0,0.9775051124744376,0.8745098039215686,0.10299530855286898
45,117,115,53492.0,53534,-42.0,53736.0,53747,-11.0,53959.0,53993,-34.0,3.864,4.0,-0.13600000000000012,0.331071,0.334081,-0.0030100000000000127,0.9550321199143469,0.9281045751633987,0.026927544750948162
45,118,116,53959.0,53993,-34.0,54193.0,54212,-19.0,54429.0,54446,-17.0,3.656,3.72,-0.06400000000000006,0.3408531,0.3340831,0.006769999999999998,0.9957446808510638,0.9668874172185431,0.028857263632520724
45,119,117,54429.0,54446,-17.0,54667.0,54672,-5.0,54905.0,54926,-21.0,3.792,3.68,0.11199999999999966,0.369456,0.369456,0.0,1.0,0.9416666666666667,0.05833333333333335
45,120,118,54905.0,54926,-21.0,55163.0,55139,24.0,55363.0,55388,-25.0,3.968,3.736,0.23199999999999976,0.3243,0.34312,-0.018820000000000003,0.8733624454148472,0.922077922077922,-0.04871547666307485
45,121,119,55363.0,55388,-25.0,55601.0,55609,-8.0,55823.0,55835,-12.0,3.504,3.76,-0.2559999999999998,0.3461298,0.3461298,0.0,0.9652173913043478,0.9888143176733781,-0.023596926369030324
45,122,120,55823.0,55835,-12.0,56049.0,56062,-13.0,56290.0,56262,28.0,3.584,3.624,-0.040000000000000036,0.3483827,0.3483827,0.0,0.9678800856531049,0.936768149882904,0.031111935770200883
45,123,121,56290.0,56262,28.0,56498.0,56519,-21.0,56760.0,56794,-34.0,3.592,3.656,-0.06400000000000006,0.358914,0.358914,0.0,0.8851063829787233,0.9661654135338346,-0.08105903055511121
45,124,122,56760.0,56794,-34.0,56989.0,57025,-36.0,57238.0,57240,-2.0,3.928,4.048,-0.1200000000000001,0.3348406,0.3348406,0.0,0.9581589958158996,0.9641255605381166,-0.005966564722217016
45,125,123,57238.0,57240,-2.0,57454.0,57469,-15.0,57660.0,57652,8.0,3.72,3.552,0.16800000000000015,0.30700299999999997,0.30700299999999997,0.0,0.976303317535545,0.8883495145631068,0.08795380297243816
45,126,124,57660.0,57652,8.0,57849.0,57867,-18.0,58098.0,58091,7.0,3.16,3.184,-0.02400000000000002,0.343864,0.354404,-0.010539999999999994,0.863013698630137,0.979498861047836,-0.11648516241769902
45,127,125,58098.0,58091,7.0,58291.0,58321,-30.0,58549.0,58538,11.0,3.536,3.632,-0.09600000000000009,0.36493600000000004,0.34988600000000003,0.015050000000000008,0.8558758314855875,0.970917225950783,-0.11504139446519546
45,128,126,58549.0,58538,11.0,58818.0,58805,13.0,59020.0,59056,-36.0,4.216,3.872,0.3440000000000003,0.3581645,0.3581645,0.0,0.8577494692144374,0.9691119691119691,-0.11136249989753166
45,129,127,59020.0,59056,-36.0,59296.0,59270,26.0,59525.0,59565,-40.0,3.824,3.72,0.10399999999999965,0.33634,0.33484,0.0014999999999999458,0.906930693069307,0.8408644400785854,0.06606625299072155
46,1,1,140.0,143,-3.0,313.0,299,14.0,597.0,519,78.0,,,,1.00048864,1.00048864,0.0,0.7571115973741794,0.8297872340425532,-0.07267563666837373
46,3,4,1312.0,1282,30.0,1601.0,1600,1.0,1806.0,1840,-34.0,4.776,3.92,0.8559999999999999,1.00048864,1.00048864,0.0,0.8299595141700404,0.8602150537634409,-0.030255539593400438
46,4,6,1806.0,2205,-399.0,2325.0,2338,-13.0,2862.0,2607,255.0,5.792,1.888,3.904,1.00048864,0.62521,0.3752786399999999,0.9829545454545454,0.6616915422885572,0.3212630031659882
46,5,8,2862.0,2800,62.0,3186.0,3163,23.0,3347.0,3373,-26.0,6.888,3.896,2.992,0.57243864,0.57243864,0.0,0.6639175257731958,0.7329842931937173,-0.06906676742052142
46,7,9,3565.0,3373,192.0,3575.0,3560,15.0,3597.0,3640,-43.0,0.904,3.176,-2.2720000000000002,0.27364,0.54727864,-0.27363864000000004,0.625,0.599250936329588,0.025749063670411965
46,8,10,3597.0,3640,-43.0,3803.0,3771,32.0,4024.0,3993,31.0,1.824,1.688,0.13600000000000012,1.00048864,1.00048864,0.0,0.9648711943793911,0.7422096317280453,0.22266156265134573
46,9,11,4024.0,3993,31.0,4441.0,4486,-45.0,4683.0,4647,36.0,5.104,5.72,-0.6159999999999997,1.00048864,1.00048864,0.0,0.7344461305007588,0.4923547400611621,0.2420913904395967
46,14,12,5511.0,5545,-34.0,5670.0,5669,1.0,5751.0,5770,-19.0,1.52,5.488,-3.9680000000000004,0.8846786400000001,0.8846786400000001,0.0,0.675,0.8977777777777778,-0.22277777777777774
46,15,13,5751.0,5770,-19.0,5956.0,6009,-53.0,6155.0,6124,31.0,2.288,2.72,-0.4320000000000004,1.00048864,1.00048864,0.0,0.9851485148514851,0.6497175141242938,0.33543100072719134
46,16,14,6155.0,6124,31.0,6238.0,6224,14.0,6363.0,6342,21.0,2.256,1.72,0.5359999999999998,0.9633486400000001,0.9633486400000001,0.0,0.7980769230769231,0.9174311926605505,-0.11935426958362738
46,17,15,6363.0,6342,21.0,6506.0,6503,3.0,6555.0,6596,-41.0,2.144,2.232,-0.08800000000000008,0.672128,0.70779864,-0.03567064000000009,0.5104166666666667,0.7322834645669292,-0.22186679790026242
46,18,16,6555.0,6596,-41.0,6724.0,6726,-2.0,6943.0,7002,-59.0,1.744,1.784,-0.040000000000000036,1.00048864,1.00048864,0.0,0.8711340206185567,0.6403940886699507,0.23073993194860598
46,21,17,7404.0,7002,402.0,7412.0,7386,26.0,7587.0,7604,-17.0,0.928,5.28,-4.352,0.7344286400000001,0.83801864,-0.10358999999999996,0.08743169398907102,0.7242524916943522,-0.6368207977052812
46,23,18,7815.0,7604,211.0,7922.0,7909,13.0,8129.0,8152,-23.0,1.632,4.184,-2.5520000000000005,0.39823864,0.39823864,0.0,0.6815286624203822,0.8868613138686131,-0.20533265144823087
46,24,19,8129.0,8152,-23.0,8506.0,8506,0.0,8705.0,8665,40.0,4.672,4.776,-0.10400000000000009,1.00048864,1.00048864,0.0,0.6909722222222222,0.6198830409356726,0.07108918128654962
46,27,20,9173.0,9213,-40.0,9395.0,9361,34.0,9624.0,9611,13.0,2.072,1.768,0.30400000000000005,1.00048864,1.00048864,0.0,0.9844789356984479,0.7437185929648241,0.2407603427336238
46,29,22,10134.0,10112,22.0,10269.0,10273,-4.0,10373.0,10381,-8.0,3.136,2.344,0.7920000000000003,1.00048864,1.00048864,0.0,0.8702928870292888,0.8029739776951673,0.06731890933412144
46,32,23,10877.0,10887,-10.0,11050.0,11054,-4.0,11268.0,11234,34.0,2.864,2.976,-0.1120000000000001,1.00048864,1.00048864,0.0,0.8849104859335039,0.962536023054755,-0.0776255371212512
46,34,24,11477.0,11234,243.0,11600.0,11625,-25.0,11710.0,12118,-408.0,1.008,4.568,-3.5599999999999996,0.3601234,0.36720864,-0.007085239999999993,0.944206008583691,0.8846153846153846,0.05959062396830639
46,37,25,12119.0,12118,1.0,12420.0,12432,-12.0,12589.0,12618,-29.0,3.36,6.456,-3.0960000000000005,0.35474864,0.35474864,0.0,0.7191489361702128,0.744,-0.02485106382978719
46,38,26,12589.0,12618,-29.0,12928.0,12915,13.0,13113.0,13122,-9.0,4.064,3.864,0.20000000000000018,0.7239186400000001,0.7239186400000001,0.0,0.7061068702290076,0.8214285714285714,-0.11532170119956375
46,39,27,13113.0,13122,-9.0,13428.0,13420,8.0,13590.0,13588,2.0,4.0,4.04,-0.040000000000000036,0.79745864,0.785731,0.01172764000000004,0.679245283018868,0.721030042918455,-0.041784759899586965
46,40,28,13590.0,13588,2.0,13896.0,13902,-6.0,14104.0,14058,46.0,3.744,3.856,-0.11199999999999966,0.73614,0.73614,0.0,0.8093385214007782,0.6638297872340426,0.1455087341667356
46,41,29,14104.0,14058,46.0,14383.0,14364,19.0,14543.0,14516,27.0,3.896,3.696,0.19999999999999973,1.00048864,1.00048864,0.0,0.7289293849658314,0.6637554585152838,0.06517392645054754
46,42,30,14543.0,14516,27.0,14972.0,14951,21.0,15177.0,15161,16.0,4.712,4.696,0.016000000000000014,0.90446864,0.90446864,0.0,0.6466876971608833,0.6511627906976745,-0.004475093536791208
46,45,31,15494.0,15161,333.0,15807.0,15783,24.0,16000.0,16094,-94.0,2.792,6.656,-3.864,0.61886,0.79916864,-0.18030864000000002,0.7628458498023716,0.6666666666666667,0.09617918313570484
46,47,32,16048.0,16094,-46.0,16226.0,16244,-18.0,16530.0,16512,18.0,1.584,3.688,-2.104,0.62424,0.62424,0.0,0.7385892116182573,0.7177033492822966,0.02088586233596068
46,48,33,16530.0,16512,18.0,16692.0,16687,5.0,16976.0,16997,-21.0,3.728,3.544,0.18400000000000016,0.62521864,0.62521864,0.0,0.726457399103139,0.7216494845360825,0.004807914567056537
46,49,34,16976.0,16997,-21.0,17352.0,17367,-15.0,17585.0,17602,-17.0,5.28,5.44,-0.16000000000000014,1.00048864,1.00048864,0.0,0.7651888341543513,0.7768595041322314,-0.011670669977880022
46,50,35,17585.0,17602,-17.0,17823.0,17840,-17.0,18042.0,18022,20.0,3.768,3.784,-0.016000000000000014,1.00048864,0.988517,0.01197163999999995,0.9584245076586433,0.8666666666666667,0.09175784099197659
46,52,36,18323.0,18296,27.0,18394.0,18395,-1.0,18607.0,18573,34.0,1.424,4.44,-3.0160000000000005,0.74591,0.74591,0.0,0.5,0.7148014440433212,-0.21480144404332124
46,53,37,18607.0,18573,34.0,18858.0,18865,-7.0,19106.0,19109,-3.0,3.712,3.76,-0.0479999999999996,0.88273,0.88273,0.0,0.9939879759519038,0.9104477611940298,0.08354021475787399
46,55,38,19313.0,19343,-30.0,19457.0,19457,0.0,19601.0,19566,35.0,1.432,4.736,-3.304,0.72612,0.6701699999999999,0.055950000000000055,1.0,0.9775784753363229,0.022421524663677084
46,56,39,19601.0,19566,35.0,19690.0,19662,28.0,19886.0,20122,-236.0,1.864,1.64,0.2240000000000002,0.34571,0.6256986400000001,-0.27998864000000007,0.6245614035087719,0.3453237410071942,0.27923766250157767
46,58,40,20109.0,20122,-13.0,20459.0,20464,-5.0,20711.0,20683,28.0,4.424,6.416,-1.992,1.00048864,1.00048864,0.0,0.8372093023255813,0.7807486631016043,0.05646063922397704
46,59,41,20711.0,20683,28.0,20832.0,20859,-27.0,21124.0,21092,32.0,2.984,3.16,-0.17600000000000016,0.6618620000000001,0.6618620000000001,0.0,0.585956416464891,0.8606356968215159,-0.2746792803566248
46,62,42,21339.0,21386,-47.0,21446.0,21469,-23.0,21693.0,21742,-49.0,1.04,4.88,-3.84,0.60273864,0.60273864,0.0,0.6045197740112994,0.4662921348314607,0.1382276391798387
46,63,43,21693.0,21742,-49.0,21888.0,21874,14.0,22049.0,22041,8.0,3.536,3.24,0.2959999999999998,0.7229386400000001,0.7229386400000001,0.0,0.9044943820224719,0.882943143812709,0.021551238209762902
46,64,44,22049.0,22041,8.0,22222.0,22247,-25.0,22602.0,22392,210.0,2.672,2.984,-0.31199999999999983,0.94209864,0.94209864,0.0,0.6256781193490054,0.8262108262108262,-0.2005327068618208
46,65,46,22602.0,22626,-24.0,22841.0,22887,-46.0,23122.0,23015,107.0,4.952,3.328,1.624,1.00048864,1.00048864,0.0,0.9192307692307692,0.6580976863753214,0.2611330828554478
46,67,47,23416.0,23015,401.0,23540.0,23543,-3.0,23731.0,23655,76.0,1.792,5.248,-3.4560000000000004,0.25408864,0.25408864,0.0,0.7873015873015873,0.35,0.4373015873015873
46,68,48,23731.0,23655,76.0,23966.0,23975,-9.0,24076.0,24075,1.0,3.408,3.456,-0.04800000000000004,0.22159864,0.22159864,0.0,0.6376811594202898,0.47619047619047616,0.16149068322981364
46,69,49,24076.0,24075,1.0,24194.0,24184,10.0,24312.0,24299,13.0,1.824,1.672,0.15200000000000014,0.25775864,0.25775864,0.0,1.0,0.9732142857142857,0.0267857142857143
46,71,50,24535.0,24299,236.0,24806.0,24814,-8.0,24927.0,24958,-31.0,3.44,5.04,-1.6,0.33251864,0.33251864,0.0,0.6173469387755102,0.43702579666160846,0.1803211421139017
46,72,51,24927.0,24958,-31.0,25120.0,25114,6.0,25243.0,25255,-12.0,2.512,2.4,0.1120000000000001,0.81871864,0.81871864,0.0,0.7784810126582279,0.9494949494949495,-0.17101393683672161
46,73,52,25243.0,25255,-12.0,25350.0,25351,-1.0,25468.0,25452,16.0,1.84,1.896,-0.05599999999999983,0.5235786400000001,0.5235786400000001,0.0,0.9511111111111111,0.9746192893401016,-0.02350817822899043
46,74,53,25468.0,25452,16.0,25656.0,25668,-12.0,25768.0,25933,-165.0,2.448,2.536,-0.08800000000000008,0.51722864,0.51722864,0.0,0.7466666666666666,0.8981288981288982,-0.1514622314622316
46,76,54,25894.0,25933,-39.0,26091.0,26073,18.0,26329.0,26445,-116.0,1.88,3.24,-1.3600000000000003,0.56877864,0.56877864,0.0,0.9057471264367816,0.546875,0.35887212643678157
46,77,55,26329.0,26445,-116.0,26556.0,26555,1.0,26660.0,26640,20.0,3.72,3.856,-0.13599999999999968,0.7368686400000001,0.7368686400000001,0.0,0.6283987915407855,0.8717948717948718,-0.24339608025408632
46,78,56,26660.0,26640,20.0,26954.0,27002,-48.0,27222.0,27156,66.0,3.184,3.576,-0.3919999999999999,1.00048864,1.00048864,0.0,0.9537366548042705,0.5968992248062015,0.356837429998069
46,80,58,27777.0,27749,28.0,27916.0,27920,-4.0,28030.0,28003,27.0,3.0,3.544,-0.544,0.35914863999999996,0.35914863999999996,0.0,0.9011857707509882,0.6535433070866141,0.24764246366437404
46,83,59,28295.0,28003,292.0,28418.0,28436,-18.0,28523.0,28521,2.0,1.168,4.128,-2.96,0.57953,0.70950864,-0.12997864000000003,0.9210526315789473,0.3281853281853282,0.5928673033936191
46,84,60,28523.0,28521,2.0,28680.0,28637,43.0,28799.0,29048,-249.0,2.096,1.608,0.488,0.35793,0.49792000000000003,-0.13999,0.8623188405797102,0.4402277039848197,0.4220911365948905
46,87,61,29064.0,29048,16.0,29182.0,29188,-6.0,29325.0,29315,10.0,1.84,4.408,-2.5680000000000005,0.89371864,0.89371864,0.0,0.9042145593869731,0.951310861423221,-0.04709630203624782
46,88,62,29325.0,29315,10.0,29461.0,29470,-9.0,29628.0,29576,52.0,2.232,2.256,-0.023999999999999577,1.00048864,1.00048864,0.0,0.8976897689768977,0.8122605363984674,0.08542923257843027
46,92,63,30156.0,30214,-58.0,30356.0,30330,26.0,30622.0,30593,29.0,1.68,1.648,0.03200000000000003,1.00048864,1.00048864,0.0,0.8583690987124464,0.6121372031662269,0.2462318955462195
46,93,64,30622.0,30593,29.0,30750.0,30749,1.0,30901.0,30895,6.0,3.152,3.352,-0.19999999999999973,0.504768,0.52064864,-0.01588064,0.9175627240143369,0.9668874172185431,-0.04932469320420618
46,94,65,30901.0,30895,6.0,31176.0,31138,38.0,31350.0,31366,-16.0,3.408,3.112,0.2959999999999998,0.708526,0.723674,-0.01514800000000005,0.7750556792873051,0.9681528662420382,-0.1930971869547331
46,95,66,31350.0,31366,-16.0,31662.0,31647,15.0,31847.0,31834,13.0,3.888,4.072,-0.18400000000000016,0.801617,0.797952,0.0036650000000000293,0.744466800804829,0.7991452991452992,-0.05467849834047023
46,96,67,31847.0,31834,13.0,32154.0,32149,5.0,32340.0,32354,-14.0,3.936,4.016,-0.08000000000000007,0.48961800000000005,0.49181700000000006,-0.0021990000000000065,0.7545638945233266,0.7884615384615384,-0.03389764393821182
46,97,68,32340.0,32354,-14.0,32658.0,32664,-6.0,32839.0,32822,17.0,4.032,4.12,-0.08800000000000008,0.940627,0.936229,0.004398000000000013,0.7254509018036073,0.6752136752136753,0.050237226589932016
46,98,69,32839.0,32822,17.0,33089.0,33082,7.0,33266.0,33231,35.0,3.448,3.344,0.10400000000000009,1.00048864,1.00048864,0.0,0.8290398126463701,0.7286063569682152,0.10043345567815487
46,99,70,33266.0,33231,35.0,33474.0,33478,-4.0,33687.0,33697,-10.0,3.08,3.168,-0.08800000000000008,1.00048864,1.00048864,0.0,0.9881235154394299,0.9399141630901288,0.04820935234930113
46,100,71,33687.0,33697,-10.0,33913.0,33861,52.0,34121.0,34124,-3.0,3.512,3.064,0.44799999999999995,1.00048864,1.00048864,0.0,0.9585253456221198,0.7681498829039812,0.19037546271813854
46,102,73,34706.0,34710,-4.0,34959.0,34976,-17.0,35188.0,35196,-8.0,4.52,5.568,-1.048,1.00048864,1.00048864,0.0,0.950207468879668,0.9053497942386831,0.04485767464098489
46,103,74,35188.0,35196,-8.0,35455.0,35473,-18.0,35699.0,35707,-8.0,3.968,3.976,-0.008000000000000007,0.984608,0.984608,0.0,0.9549902152641878,0.9158512720156555,0.03913894324853229
46,104,75,35699.0,35707,-8.0,35989.0,35997,-8.0,36197.0,36183,14.0,4.272,4.192,0.08000000000000007,0.939409,0.913022,0.02638700000000005,0.8353413654618473,0.7815126050420168,0.053828760419830535
46,105,76,36197.0,36183,14.0,36446.0,36461,-15.0,36661.0,36651,10.0,3.656,3.712,-0.05600000000000005,1.00048864,1.00048864,0.0,0.9267241379310345,0.811965811965812,0.11475832596522251
46,106,77,36661.0,36651,10.0,36876.0,36870,6.0,36949.0,36982,-33.0,3.44,3.272,0.16800000000000015,0.7857286400000001,0.7857286400000001,0.0,0.5069444444444444,0.676737160120846,-0.16979271567640153
46,107,78,36949.0,36982,-33.0,37066.0,37088,-22.0,37249.0,37253,-4.0,1.52,1.744,-0.22399999999999998,0.98289864,0.98289864,0.0,0.78,0.7822878228782288,-0.002287822878228818
46,108,79,37249.0,37253,-4.0,37505.0,37478,27.0,37764.0,37784,-20.0,3.512,3.12,0.3919999999999999,0.978011,0.978011,0.0,0.9941747572815534,0.847457627118644,0.14671713016290933
46,109,80,37764.0,37784,-20.0,38038.0,38060,-22.0,38245.0,38240,5.0,4.264,4.656,-0.39199999999999946,0.972148,0.967261,0.004886999999999975,0.8607068607068606,0.7894736842105263,0.07123317649633432
46,110,81,38245.0,38240,5.0,38474.0,38467,7.0,38699.0,38697,2.0,3.488,3.256,0.2320000000000002,0.971903,0.972148,-0.00024500000000005073,0.9911894273127754,0.9934354485776805,-0.0022460212649051403
46,111,82,38699.0,38697,2.0,38974.0,38950,24.0,39221.0,39219,2.0,4.0,3.864,0.13600000000000012,0.935499,0.93159,0.00390899999999994,0.946360153256705,0.9693486590038314,-0.02298850574712641
46,112,83,39221.0,39219,2.0,39547.0,39523,24.0,39676.0,39670,6.0,4.584,4.584,0.0,0.9770386400000001,0.9770386400000001,0.0,0.567032967032967,0.6518847006651884,-0.08485173363222143
46,113,84,39676.0,39670,6.0,39840.0,39846,-6.0,39979.0,39978,1.0,2.344,2.584,-0.2400000000000002,0.8876086400000001,0.8876086400000001,0.0,0.9174917491749175,0.8571428571428572,0.060348892032060286
46,114,85,39979.0,39978,1.0,40194.0,40230,-36.0,40451.0,40468,-17.0,2.832,3.072,-0.2400000000000002,1.00048864,1.00048864,0.0,0.9110169491525424,0.9714285714285714,-0.06041162227602903
46,115,86,40451.0,40468,-17.0,40596.0,40587,9.0,40646.0,40682,-36.0,3.216,2.856,0.3600000000000003,0.8167586400000001,0.8167586400000001,0.0,0.5128205128205128,0.8878504672897196,-0.37502995446920684
46,116,87,40646.0,40682,-36.0,40800.0,40811,-11.0,40920.0,40926,-6.0,1.632,1.792,-0.16000000000000014,1.00048864,1.00048864,0.0,0.8759124087591241,0.9426229508196722,-0.06671054206054805
46,118,89,41631.0,41582,49.0,41902.0,41871,31.0,42014.0,42025,-11.0,5.352,3.616,1.7360000000000002,0.7209886400000001,0.7209886400000001,0.0,0.5848563968668408,0.6952595936794582,-0.11040319681261745
46,122,92,43570.0,43564,6.0,43880.0,43869,11.0,44032.0,44034,-2.0,3.888,8.704,-4.816000000000001,0.85584864,0.85584864,0.0,0.6580086580086579,0.7021276595744681,-0.04411900156581017
46,123,93,44032.0,44034,-2.0,44375.0,44352,23.0,44553.0,44556,-3.0,3.96,3.864,0.09600000000000009,1.00048864,1.00048864,0.0,0.6833013435700576,0.7816091954022988,-0.09830785183224122
46,124,94,44553.0,44556,-3.0,44815.0,44861,-46.0,45051.0,45035,16.0,3.52,4.072,-0.552,1.00048864,1.00048864,0.0,0.9477911646586346,0.7265135699373695,0.22127759472126507
46,125,95,45051.0,45035,16.0,45370.0,45337,33.0,45503.0,45505,-2.0,4.44,3.808,0.6320000000000006,0.98533864,0.98533864,0.0,0.588495575221239,0.7148936170212765,-0.12639804180003755
46,126,96,45503.0,45505,-2.0,45800.0,45823,-23.0,45993.0,45973,20.0,3.44,3.888,-0.44799999999999995,1.00048864,1.00048864,0.0,0.7877551020408163,0.641025641025641,0.14672946101517537
46,127,97,45993.0,45973,20.0,46220.0,46227,-7.0,46422.0,46403,19.0,3.36,3.232,0.12799999999999967,1.00048864,1.00048864,0.0,0.9417249417249417,0.8186046511627907,0.12312029056215101
46,128,98,46422.0,46403,19.0,46695.0,46661,34.0,46924.0,46938,-14.0,3.8,3.472,0.32799999999999985,1.00048864,1.00048864,0.0,0.9123505976095617,0.9644859813084112,-0.05213538369884951
46,129,99,46924.0,46938,-14.0,47206.0,47231,-25.0,47431.0,47435,-4.0,4.088,4.56,-0.47199999999999953,0.912045,0.912045,0.0,0.8875739644970414,0.8209255533199196,0.06664841117712184
46,130,100,47431.0,47435,-4.0,47701.0,47730,-29.0,47929.0,47927,2.0,3.96,3.992,-0.03200000000000003,0.925238,0.925238,0.0,0.9156626506024097,0.8008130081300813,0.11484964247232843
46,131,101,47929.0,47927,2.0,48206.0,48198,8.0,48388.0,48388,0.0,4.04,3.744,0.2959999999999998,0.8778441,0.8778441,0.0,0.7930283224400871,0.824295010845987,-0.031266688405899856
46,132,102,48388.0,48388,0.0,48702.0,48700,2.0,48878.0,48869,9.0,3.968,4.016,-0.04800000000000004,0.9621286400000001,0.9621286400000001,0.0,0.7183673469387755,0.7027027027027026,0.015664644236072833
46,133,103,48878.0,48869,9.0,49196.0,49178,18.0,49335.0,49329,6.0,3.952,3.824,0.1280000000000001,1.00048864,1.00048864,0.0,0.6083150984682713,0.6565217391304348,-0.048206640662163514
46,134,104,49335.0,49329,6.0,49600.0,49619,-19.0,49805.0,49782,23.0,3.232,3.528,-0.2959999999999998,1.00048864,1.00048864,0.0,0.8723404255319149,0.7196467991169978,0.15269362641491713
46,135,105,49805.0,49782,23.0,50025.0,50025,0.0,50211.0,50166,45.0,3.4,3.248,0.1519999999999997,1.00048864,1.00048864,0.0,0.916256157635468,0.734375,0.18188115763546797
46,138,106,50768.0,50778,-10.0,51011.0,50955,56.0,51298.0,51295,3.0,3.72,3.032,0.6880000000000002,0.86172,0.86172,0.0,0.9169811320754717,0.6847195357833655,0.2322615962921062
46,139,107,51298.0,51295,3.0,51532.0,51563,-31.0,51758.0,51746,12.0,4.168,4.864,-0.6959999999999997,0.86317864,0.86317864,0.0,0.9826086956521739,0.811529933481153,0.17107876217102091
46,140,108,51758.0,51746,12.0,52028.0,52027,1.0,52237.0,52245,-8.0,3.968,3.712,0.2559999999999998,0.900566,0.900566,0.0,0.872651356993737,0.87374749498998,-0.001096137996242974
46,141,109,52237.0,52245,-8.0,52528.0,52541,-13.0,52746.0,52763,-17.0,4.0,4.112,-0.1120000000000001,0.910338,0.96408864,-0.05375064000000007,0.8565815324165029,0.8571428571428572,-0.0005613247263542842
46,142,110,52746.0,52763,-17.0,53068.0,53075,-7.0,53273.0,53264,9.0,4.32,4.272,0.04800000000000004,1.00048864,1.00048864,0.0,0.777988614800759,0.7544910179640718,0.023497596836687173
46,143,111,53273.0,53264,9.0,53593.0,53575,18.0,53764.0,53749,15.0,4.2,4.0,0.20000000000000018,1.00048864,1.00048864,0.0,0.6965376782077393,0.7175257731958763,-0.02098809498813703
46,144,112,53764.0,53749,15.0,54048.0,54046,2.0,54220.0,54225,-5.0,3.64,3.768,-0.12799999999999967,1.00048864,1.00048864,0.0,0.7543859649122807,0.7521008403361344,0.002285124576146269
46,145,113,54220.0,54225,-5.0,54532.0,54525,7.0,54707.0,54711,-4.0,3.872,3.832,0.040000000000000036,0.9924261,0.9924261,0.0,0.7186858316221766,0.7654320987654322,-0.04674626714325558
46,146,114,54707.0,54711,-4.0,55018.0,55005,13.0,55196.0,55189,7.0,3.888,3.84,0.04800000000000004,1.00048864,1.00048864,0.0,0.7280163599182004,0.7698744769874477,-0.04185811706924736
46,147,115,55196.0,55189,7.0,55455.0,55480,-25.0,55667.0,55660,7.0,3.496,3.8,-0.3039999999999998,0.99168864,0.99168864,0.0,0.9002123142250531,0.7643312101910829,0.13588110403397025
46,148,116,55667.0,55660,7.0,55946.0,55930,16.0,56099.0,56084,15.0,3.928,3.6,0.32799999999999985,0.891034,0.891034,0.0,0.7083333333333333,0.7264150943396226,-0.018081761006289332
46,149,117,56099.0,56084,15.0,56370.0,56361,9.0,56554.0,56565,-11.0,3.392,3.448,-0.05600000000000005,0.88712864,0.88712864,0.0,0.8087912087912088,0.8482328482328483,-0.039441639441639476
46,150,118,56554.0,56565,-11.0,56821.0,56831,-10.0,57056.0,57070,-14.0,3.608,3.76,-0.1519999999999997,1.00048864,1.00048864,0.0,0.9362549800796813,0.9465346534653465,-0.010279673385665156
46,151,119,57056.0,57070,-14.0,57350.0,57390,-40.0,57616.0,57629,-13.0,4.232,4.472,-0.2400000000000002,1.00048864,1.00048864,0.0,0.95,0.855098389982111,0.094901610017889
46,152,120,57616.0,57629,-13.0,57918.0,57921,-3.0,58128.0,58129,-1.0,4.544,4.248,0.2959999999999994,0.77034,0.77034,0.0,0.8203125,0.832,-0.011687499999999962
46,153,121,58128.0,58129,-1.0,58414.0,58409,5.0,58605.0,58617,-12.0,3.968,3.904,0.06400000000000006,0.65893,0.65893,0.0,0.80083857442348,0.8524590163934427,-0.05162044196996263
46,154,122,58605.0,58617,-12.0,58912.0,58926,-14.0,59117.0,59123,-6.0,3.984,4.136,-0.15200000000000014,0.833618,0.833618,0.0,0.80078125,0.7786561264822134,0.022125123517786616
46,155,123,59117.0,59123,-6.0,59413.0,59416,-3.0,59592.0,59591,1.0,4.008,3.92,0.08800000000000008,0.8519386400000001,0.8519386400000001,0.0,0.7536842105263157,0.7478632478632479,0.0058209626630678635
47,2,1,299.0,314,-15.0,478.0,469,9.0,637.0,644,-7.0,2.728,2.688,0.040000000000000036,0.9609000000000001,0.9609000000000001,0.0,0.9408284023668639,0.9393939393939394,0.0014344629729244884
47,3,2,637.0,644,-7.0,817.0,806,11.0,977.0,989,-12.0,2.712,2.696,0.016000000000000014,0.73549,0.73549,0.0,0.9411764705882353,0.9391304347826087,0.002046035805626567
47,4,3,977.0,989,-12.0,1135.0,1150,-15.0,1328.0,1338,-10.0,2.544,2.752,-0.20799999999999974,0.87722,0.84789,0.029329999999999967,0.9002849002849003,0.9226361031518625,-0.02235120286696224
47,5,4,1328.0,1338,-10.0,1493.0,1496,-3.0,1671.0,1681,-10.0,2.864,2.768,0.09600000000000009,0.9438,0.9438,0.0,0.9620991253644315,0.9212827988338192,0.04081632653061229
47,6,5,1671.0,1681,-10.0,1839.0,1836,3.0,2007.0,2018,-11.0,2.768,2.72,0.0479999999999996,0.9279200000000001,0.9279200000000001,0.0,1.0,0.9198813056379822,0.0801186943620178
47,7,6,2007.0,2018,-11.0,2184.0,2176,8.0,2340.0,2348,-8.0,2.76,2.72,0.03999999999999959,0.9309700000000001,0.9309700000000001,0.0,0.9369369369369369,0.9575757575757575,-0.02063882063882061
47,8,7,2340.0,2348,-8.0,2527.0,2519,8.0,2688.0,2705,-17.0,2.744,2.744,0.0,0.94502,0.9407399999999999,0.0042800000000000615,0.9252873563218391,0.957983193277311,-0.032695836955471846
47,9,8,2688.0,2705,-17.0,2842.0,2857,-15.0,3033.0,3041,-8.0,2.52,2.704,-0.18400000000000016,0.86927,0.87294,-0.003670000000000062,0.8927536231884058,0.9047619047619048,-0.01200828157349898
47,10,9,3033.0,3041,-8.0,3193.0,3197,-4.0,3367.0,3376,-9.0,2.808,2.72,0.08799999999999963,0.89676,0.89615,0.0006099999999999994,0.9580838323353293,0.9313432835820895,0.026740548753239834
47,11,10,3367.0,3376,-9.0,3546.0,3541,5.0,3706.0,3720,-14.0,2.824,2.752,0.07200000000000006,0.9627399999999999,0.9627399999999999,0.0,0.943952802359882,0.9593023255813954,-0.015349523221513395
47,12,11,3706.0,3720,-14.0,3888.0,3880,8.0,4051.0,4069,-18.0,2.736,2.712,0.02400000000000002,0.98289,0.97556,0.007330000000000059,0.9449275362318841,0.9169054441260744,0.028022092105809637
47,13,12,4051.0,4069,-18.0,4199.0,4217,-18.0,4396.0,4404,-8.0,2.488,2.696,-0.20800000000000018,0.89493,0.89676,-0.0018299999999999983,0.8579710144927536,0.8835820895522388,-0.025611075059485233
47,14,13,4396.0,4404,-8.0,4557.0,4559,-2.0,4730.0,4730,0.0,2.864,2.736,0.12799999999999967,0.91814,0.91814,0.0,0.9640718562874252,0.950920245398773,0.013151610888652243
47,15,14,4730.0,4730,0.0,4907.0,4900,7.0,5066.0,5071,-5.0,2.8,2.728,0.07199999999999962,0.93708,0.93708,0.0,0.9464285714285714,0.9970674486803519,-0.05063887725178051
47,16,15,5066.0,5071,-5.0,5283.0,5257,26.0,5446.0,5496,-50.0,3.008,2.856,0.15200000000000014,1.36408,1.36408,0.0,0.8578947368421053,0.8752941176470588,-0.017399380804953513
47,17,16,5446.0,5496,-50.0,5603.0,5620,-17.0,5765.0,5729,36.0,2.56,2.904,-0.34399999999999986,1.18204,1.18204,0.0,0.9843260188087775,0.9356223175965666,0.048703701212210904
47,18,17,5765.0,5729,36.0,5961.0,5947,14.0,6078.0,6065,13.0,2.864,2.616,0.24799999999999978,1.34942,1.34942,0.0,0.7476038338658146,0.7023809523809523,0.04522288148486231
47,19,18,6078.0,6065,13.0,6265.0,6220,45.0,6385.0,6346,39.0,2.432,2.184,0.24799999999999978,1.12645,1.12645,0.0,0.7817589576547231,0.896797153024911,-0.11503819537018789
47,20,19,6385.0,6346,39.0,6445.0,6447,-2.0,6588.0,6582,6.0,1.44,1.816,-0.3760000000000001,0.535128,0.67746,-0.1423319999999999,0.5911330049261083,0.8559322033898304,-0.26479919846372213
47,21,20,6588.0,6582,6.0,6771.0,6774,-3.0,6959.0,6969,-10.0,2.608,2.616,-0.008000000000000007,1.0928499999999999,1.09896,-0.00611000000000006,0.9865229110512129,0.9922480620155039,-0.005725150964290937
47,22,21,6959.0,6969,-10.0,7119.0,7122,-3.0,7300.0,7313,-13.0,2.784,2.784,0.0,0.9016500000000001,0.9083700000000001,-0.006720000000000059,0.9384164222873901,0.8895348837209303,0.048881538566459826
47,23,22,7300.0,7313,-13.0,7461.0,7465,-4.0,7640.0,7651,-11.0,2.736,2.744,-0.008000000000000007,0.8790500000000001,0.87416,0.004890000000000061,0.9470588235294117,0.8994082840236687,0.04765053950574305
47,24,23,7640.0,7651,-11.0,7803.0,7807,-4.0,7982.0,7992,-10.0,2.736,2.736,0.0,0.8992100000000001,0.8992100000000001,0.0,0.9532163742690059,0.9149560117302052,0.03826036253880061
47,25,24,7982.0,7992,-10.0,8147.0,8148,-1.0,8322.0,8331,-9.0,2.752,2.728,0.023999999999999577,0.90043,0.90043,0.0,0.9705882352941176,0.9203539823008849,0.0502342529932327
47,26,25,8322.0,8331,-9.0,8489.0,8487,2.0,8654.0,8665,-11.0,2.736,2.712,0.02400000000000002,0.87477,0.87477,0.0,0.9939759036144579,0.9341317365269461,0.059844167087511724
47,27,26,8654.0,8665,-11.0,8835.0,8828,7.0,8995.0,9010,-15.0,2.768,2.728,0.03999999999999959,0.91509,0.91509,0.0,0.9384164222873901,0.9449275362318841,-0.006511113944493996
47,28,27,8995.0,9010,-15.0,9176.0,9170,6.0,9340.0,9354,-14.0,2.728,2.736,-0.008000000000000007,0.9267,0.9267,0.0,0.9507246376811594,0.9302325581395349,0.020492079541624575
47,29,28,9340.0,9354,-14.0,9517.0,9510,7.0,9676.0,9685,-9.0,2.728,2.72,0.008000000000000007,0.86316,0.86316,0.0,0.9464285714285714,0.9425981873111783,0.0038303841173931152
47,30,29,9676.0,9685,-9.0,9861.0,9851,10.0,10022.0,10033,-11.0,2.752,2.728,0.023999999999999577,0.7861899999999999,0.7617499999999999,0.024440000000000017,0.930635838150289,0.9540229885057472,-0.02338715035545813
47,31,30,10022.0,10033,-11.0,10187.0,10190,-3.0,10361.0,10371,-10.0,2.608,2.712,-0.10400000000000009,0.91631,0.91508,0.0012299999999999534,0.9734513274336283,0.9289940828402367,0.04445724459339162
47,32,31,10361.0,10371,-10.0,10537.0,10534,3.0,10699.0,10715,-16.0,2.8,2.752,0.04800000000000004,0.9627300000000001,0.9627300000000001,0.0,0.9585798816568047,0.9476744186046512,0.010905463052153563
47,33,32,10699.0,10715,-16.0,10879.0,10871,8.0,11038.0,11052,-14.0,2.736,2.696,0.040000000000000036,0.95724,0.95724,0.0,0.9380530973451328,0.9258160237388724,0.012237073606260362
47,34,33,11038.0,11052,-14.0,11186.0,11203,-17.0,11382.0,11406,-24.0,2.456,2.656,-0.20000000000000018,1.04398,1.31032,-0.26634,0.8604651162790697,0.8531073446327684,0.007357771646301359
47,35,34,11382.0,11406,-24.0,11535.0,11542,-7.0,11782.0,11746,36.0,2.792,2.712,0.07999999999999963,1.34636,1.34636,0.0,0.765,0.8,-0.03500000000000003
47,40,35,12736.0,12765,-29.0,12933.0,12903,30.0,13049.0,13037,12.0,2.864,2.64,0.22399999999999975,1.5192700000000001,1.5192700000000001,0.0,0.7412140575079873,0.9852941176470589,-0.24408006013907158
47,41,36,13049.0,13037,12.0,13157.0,13160,-3.0,13324.0,13341,-17.0,1.792,2.056,-0.264,1.13134,1.26634,-0.135,0.7854545454545454,0.8092105263157895,-0.023755980861244086
47,42,37,13324.0,13341,-17.0,13492.0,13493,-1.0,13674.0,13685,-11.0,2.68,2.664,0.016000000000000014,1.3146499999999999,1.32381,-0.009160000000000057,0.96,0.8837209302325582,0.07627906976744181
47,43,38,13674.0,13685,-11.0,13835.0,13837,-2.0,14015.0,14021,-6.0,2.744,2.752,-0.007999999999999563,1.20831,1.2193,-0.010990000000000055,0.9442815249266863,0.9047619047619048,0.0395196201647815
47,44,39,14015.0,14021,-6.0,14177.0,14175,2.0,14342.0,14345,-3.0,2.736,2.704,0.03200000000000003,1.15639,1.15639,0.0,0.9908256880733946,0.9506172839506173,0.040208404122777264
47,45,40,14342.0,14345,-3.0,14523.0,14520,3.0,14683.0,14699,-16.0,2.768,2.76,0.008000000000000007,1.27062,1.27001,0.0006099999999999994,0.9384164222873901,0.9887005649717514,-0.05028414268436132
47,46,41,14683.0,14699,-16.0,14865.0,14862,3.0,15032.0,15050,-18.0,2.736,2.736,0.0,1.29444,1.29444,0.0,0.9570200573065902,0.9287749287749287,0.0282451285316615
47,47,42,15032.0,15050,-18.0,15207.0,15199,8.0,15366.0,15377,-11.0,2.736,2.696,0.040000000000000036,1.25473,1.25473,0.0,0.9520958083832335,0.9113149847094801,0.04078082367375335
47,48,43,15366.0,15377,-11.0,15549.0,15540,9.0,15710.0,15717,-7.0,2.736,2.728,0.008000000000000007,1.17532,1.16615,0.0091699999999999,0.936046511627907,0.9588235294117647,-0.022777017783857767
47,49,44,15710.0,15717,-7.0,15879.0,15884,-5.0,16060.0,16073,-13.0,2.64,2.752,-0.11199999999999966,1.29322,1.292,0.0012199999999999989,0.9657142857142857,0.9382022471910112,0.02751203852327455
47,50,45,16060.0,16073,-13.0,16223.0,16224,-1.0,16396.0,16407,-11.0,2.752,2.72,0.031999999999999584,1.26813,1.27302,-0.004890000000000061,0.9702380952380952,0.9041916167664671,0.06604647847162815
47,51,46,16396.0,16407,-11.0,16569.0,16562,7.0,16728.0,16735,-7.0,2.768,2.704,0.06399999999999961,1.27306,1.27306,0.0,0.9578313253012049,0.9451219512195121,0.012709374081692704
47,52,47,16728.0,16735,-7.0,16910.0,16907,3.0,17073.0,17092,-19.0,2.728,2.76,-0.031999999999999584,1.292,1.28894,0.0030600000000000627,0.9449275362318841,0.9635854341736695,-0.018657897941785406
47,53,48,17073.0,17092,-19.0,17253.0,17247,6.0,17422.0,17436,-14.0,2.744,2.72,0.02400000000000002,1.21563,1.2193,-0.003670000000000062,0.9684813753581661,0.9011627906976745,0.06731858466049168
47,54,49,17422.0,17436,-14.0,17585.0,17586,-1.0,17757.0,17768,-11.0,2.656,2.712,-0.05600000000000005,1.20831,1.1936499999999999,0.014660000000000117,0.973134328358209,0.9036144578313253,0.06951987052688369
47,55,50,17757.0,17768,-11.0,17931.0,17928,3.0,18096.0,18112,-16.0,2.768,2.736,0.031999999999999584,1.32074,1.32074,0.0,0.9734513274336283,0.9302325581395349,0.043218769294093407
47,56,51,18096.0,18112,-16.0,18273.0,18269,4.0,18438.0,18453,-15.0,2.736,2.728,0.008000000000000007,1.2962399999999998,1.2962399999999998,0.0,0.9649122807017544,0.9208211143695014,0.04409116633225296
47,57,52,18438.0,18453,-15.0,18617.0,18609,8.0,18777.0,18785,-8.0,2.752,2.72,0.031999999999999584,1.25779,1.25779,0.0,0.943952802359882,0.9397590361445783,0.0041937662153036515
47,58,53,18777.0,18785,-8.0,18957.0,18950,7.0,19121.0,19128,-7.0,2.72,2.728,-0.008000000000000007,1.16738,1.15455,0.012830000000000119,0.9534883720930233,0.9620991253644315,-0.008610753271408256
47,59,54,19121.0,19128,-7.0,19289.0,19292,-3.0,19463.0,19475,-12.0,2.656,2.736,-0.08000000000000007,1.2694,1.26817,0.0012300000000000644,0.9824561403508771,0.9452449567723343,0.037211183578542806
47,60,55,19463.0,19475,-12.0,19635.0,19634,1.0,19805.0,19818,-13.0,2.768,2.736,0.031999999999999584,1.33478,1.33478,0.0,0.9941520467836258,0.9271137026239067,0.0670383441597191
47,61,56,19805.0,19818,-13.0,19977.0,19972,5.0,20138.0,20146,-8.0,2.736,2.704,0.03200000000000003,1.3091,1.3091,0.0,0.9669669669669669,0.9390243902439024,0.02794257672306455
47,62,57,20138.0,20146,-8.0,20321.0,20315,6.0,20483.0,20495,-12.0,2.752,2.744,0.007999999999999563,1.23641,1.22908,0.007330000000000059,0.9391304347826087,0.9684813753581661,-0.029350940575557427
47,63,58,20483.0,20495,-12.0,20657.0,20657,0.0,20832.0,20842,-10.0,2.688,2.736,-0.04800000000000004,1.25473,1.22969,0.02503999999999995,0.997134670487106,0.9337175792507204,0.06341709123638561
47,64,59,20832.0,20842,-10.0,20995.0,20995,0.0,21167.0,21178,-11.0,2.704,2.704,0.0,1.2669499999999998,1.2669499999999998,0.0,0.973134328358209,0.9107142857142857,0.06242004264392331
47,65,60,21167.0,21178,-11.0,21341.0,21336,5.0,21502.0,21510,-8.0,2.768,2.728,0.03999999999999959,1.27,1.27,0.0,0.9611940298507463,0.9518072289156626,0.009386800935083706
47,66,61,21502.0,21510,-8.0,21684.0,21681,3.0,21853.0,21875,-22.0,2.744,2.76,-0.01599999999999957,1.2767300000000001,1.27184,0.004890000000000061,0.962962962962963,0.936986301369863,0.02597666159309997
47,67,62,21853.0,21875,-22.0,22027.0,22020,7.0,22190.0,22199,-9.0,2.744,2.712,0.03200000000000003,1.18266,1.1893799999999999,-0.006719999999999837,0.9673590504451038,0.8950617283950617,0.07229732205004213
47,68,63,22190.0,22199,-9.0,22355.0,22358,-3.0,22534.0,22549,-15.0,2.624,2.704,-0.08000000000000007,1.1515,1.146,0.00550000000000006,0.9593023255813954,0.9085714285714286,0.0507308970099668
47,69,64,22534.0,22549,-15.0,22701.0,22697,4.0,22860.0,22870,-10.0,2.768,2.712,0.055999999999999606,1.15089,1.15089,0.0,0.9754601226993865,0.9221183800623053,0.053341742637081246
47,70,65,22860.0,22870,-10.0,23045.0,23040,5.0,23209.0,23222,-13.0,2.752,2.744,0.007999999999999563,1.30481,1.30481,0.0,0.9398280802292264,0.9659090909090909,-0.02608101067986457
47,71,66,23209.0,23222,-13.0,23387.0,23381,6.0,23549.0,23557,-8.0,2.736,2.728,0.008000000000000007,1.29505,1.29505,0.0,0.9529411764705882,0.9492537313432836,0.003687445127304567
47,72,67,23549.0,23557,-8.0,23729.0,23721,8.0,23891.0,23892,-1.0,2.736,2.72,0.016000000000000014,1.17838,1.17899,-0.0006099999999999994,0.9473684210526316,0.9791044776119403,-0.03173605655930867
47,73,68,23891.0,23892,-1.0,24059.0,24064,-5.0,24236.0,24244,-8.0,2.64,2.744,-0.10400000000000009,1.18754,1.18754,0.0,0.9739130434782609,0.9772727272727273,-0.0033596837944663838
47,74,69,24236.0,24244,-8.0,24405.0,24407,-2.0,24579.0,24594,-15.0,2.768,2.744,0.023999999999999577,1.3072899999999998,1.3072899999999998,0.0,0.9854227405247813,0.9314285714285714,0.05399416909620991
47,75,70,24579.0,24594,-15.0,24749.0,24746,3.0,24915.0,24927,-12.0,2.752,2.712,0.03999999999999959,1.30242,1.30242,0.0,0.9880952380952381,0.9129129129129129,0.07518232518232526
47,76,71,24915.0,24927,-12.0,25091.0,25087,4.0,25253.0,25266,-13.0,2.736,2.728,0.008000000000000007,1.25351,1.25351,0.0,0.9585798816568047,0.943952802359882,0.014627079296922751
47,77,72,25253.0,25266,-13.0,25437.0,25433,4.0,25602.0,25613,-11.0,2.768,2.768,0.0,1.26207,1.25351,0.008560000000000123,0.9455587392550143,0.962536023054755,-0.016977283799740728
47,78,73,25602.0,25613,-11.0,25762.0,25769,-7.0,25943.0,25950,-7.0,2.6,2.688,-0.08800000000000008,1.10629,1.09408,0.012210000000000054,0.9384164222873901,0.9258160237388724,0.012600398548517688
47,79,74,25943.0,25950,-7.0,26107.0,26107,0.0,26280.0,26288,-8.0,2.76,2.704,0.055999999999999606,1.16921,1.16921,0.0,0.973293768545994,0.9289940828402367,0.044299685705757375
47,80,75,26280.0,26288,-8.0,26455.0,26451,4.0,26619.0,26630,-11.0,2.784,2.752,0.03200000000000003,1.1857,1.1857,0.0,0.967551622418879,0.9532163742690059,0.014335248149873192
47,81,76,26619.0,26630,-11.0,26797.0,26793,4.0,26959.0,26980,-21.0,2.736,2.736,0.0,1.20403,1.18693,0.017099999999999893,0.9529411764705882,0.9314285714285714,0.021512605042016797
47,82,77,26959.0,26980,-21.0,27139.0,27132,7.0,27303.0,27314,-11.0,2.736,2.712,0.02400000000000002,1.21564,1.21564,0.0,0.9534883720930233,0.9101796407185628,0.04330873137446045
47,83,78,27303.0,27314,-11.0,27467.0,27471,-4.0,27643.0,27649,-6.0,2.624,2.712,-0.08800000000000008,1.12829,1.10935,0.018939999999999957,0.9647058823529412,0.9373134328358209,0.027392449517120276
47,84,79,27643.0,27649,-6.0,27813.0,27814,-1.0,27986.0,27999,-13.0,2.768,2.744,0.023999999999999577,1.2639,1.2639,0.0,0.9912536443148688,0.9428571428571428,0.048396501457726004
47,85,80,27986.0,27999,-13.0,28159.0,28156,3.0,28324.0,28338,-14.0,2.768,2.736,0.031999999999999584,1.27372,1.27372,0.0,0.9763313609467456,0.9262536873156342,0.050077673631111375
47,86,81,28324.0,28338,-14.0,28501.0,28498,3.0,28669.0,28691,-22.0,2.736,2.736,0.0,1.22786,1.22786,0.0,0.9739130434782609,0.9065155807365439,0.06739746274171698
47,87,82,28669.0,28691,-22.0,28845.0,28837,8.0,29012.0,29025,-13.0,2.752,2.712,0.03999999999999959,1.13134,1.13317,-0.0018299999999999983,0.9737609329446064,0.874251497005988,0.09950943593861838
47,88,83,29012.0,29025,-13.0,29173.0,29177,-4.0,29349.0,29356,-7.0,2.624,2.72,-0.09600000000000009,1.20708,1.19242,0.014659999999999895,0.9554896142433235,0.918429003021148,0.03706061122217541
47,89,84,29349.0,29356,-7.0,29519.0,29516,3.0,29683.0,29693,-10.0,2.768,2.712,0.055999999999999606,1.2431299999999998,1.2431299999999998,0.0,0.9820359281437125,0.9495548961424333,0.032481032001279275
47,90,85,29683.0,29693,-10.0,29865.0,29859,6.0,30025.0,30038,-13.0,2.768,2.744,0.023999999999999577,1.25412,1.25412,0.0,0.935672514619883,0.9623188405797102,-0.02664632595982719
47,91,86,30025.0,30038,-13.0,30207.0,30200,7.0,30371.0,30382,-11.0,2.736,2.728,0.008000000000000007,1.21686,1.21686,0.0,0.9479768786127167,0.9418604651162791,0.006116413496437656
47,92,87,30371.0,30382,-11.0,30536.0,30543,-7.0,30717.0,30727,-10.0,2.632,2.744,-0.1120000000000001,1.17349,1.16188,0.011609999999999898,0.953757225433526,0.9333333333333333,0.020423892100192687
47,93,88,30717.0,30727,-10.0,30882.0,30881,1.0,31050.0,31066,-16.0,2.768,2.704,0.06399999999999961,1.24802,1.24802,0.0,0.990990990990991,0.9085545722713865,0.0824364187196045
47,94,89,31050.0,31066,-16.0,31229.0,31223,6.0,31389.0,31402,-13.0,2.776,2.736,0.03999999999999959,1.27431,1.27431,0.0,0.943952802359882,0.9345238095238095,0.009428992836072458
47,95,90,31389.0,31402,-13.0,31569.0,31563,6.0,31731.0,31743,-12.0,2.72,2.72,0.0,1.25718,1.25718,0.0,0.9473684210526316,0.9442815249266863,0.003086896125945371
47,96,91,31731.0,31743,-12.0,31911.0,31904,7.0,32076.0,32084,-8.0,2.736,2.728,0.008000000000000007,1.1392799999999998,1.14722,-0.007940000000000058,0.9565217391304348,0.9442815249266863,0.012240214203748545
47,97,92,32076.0,32084,-8.0,32243.0,32245,-2.0,32414.0,32427,-13.0,2.656,2.728,-0.07200000000000006,1.26146,1.26146,0.0,0.9881656804733728,0.9387755102040817,0.049390170269291156
47,98,93,32414.0,32427,-13.0,32589.0,32588,1.0,32759.0,32773,-14.0,2.768,2.744,0.023999999999999577,1.34204,1.34204,0.0,0.9855072463768116,0.930635838150289,0.05487140822652259
47,99,94,32759.0,32773,-14.0,32931.0,32927,4.0,33093.0,33105,-12.0,2.736,2.712,0.02400000000000002,1.29991,1.29991,0.0,0.9700598802395209,0.927710843373494,0.04234903686602698
47,100,95,33093.0,33105,-12.0,33275.0,33267,8.0,33437.0,33440,-3.0,2.752,2.72,0.031999999999999584,1.23274,1.23274,0.0,0.9418604651162791,0.9671641791044776,-0.02530371398819853
47,101,96,33437.0,33440,-3.0,33605.0,33610,-5.0,33785.0,33794,-9.0,2.64,2.744,-0.10400000000000009,1.25046,1.2467899999999998,0.003670000000000062,0.9655172413793104,0.96045197740113,0.005065263978180412
47,102,97,33785.0,33794,-9.0,33951.0,33950,1.0,34120.0,34135,-15.0,2.768,2.72,0.0479999999999996,1.29322,1.29322,0.0,0.991044776119403,0.9149560117302052,0.07608876438919776
47,103,98,34120.0,34135,-15.0,34296.0,34289,7.0,34455.0,34462,-7.0,2.76,2.712,0.0479999999999996,1.29811,1.29811,0.0,0.9492537313432836,0.9418960244648318,0.007357706878451831
47,104,99,34455.0,34462,-7.0,34638.0,34632,6.0,34799.0,34810,-11.0,2.736,2.744,-0.008000000000000007,1.23702,1.23702,0.0,0.936046511627907,0.9770114942528736,-0.04096498262496662
47,105,100,34799.0,34810,-11.0,34979.0,34973,6.0,35146.0,35156,-10.0,2.728,2.728,0.0,1.18449,1.15639,0.028100000000000014,0.962536023054755,0.9421965317919075,0.02033949126284751
47,106,101,35146.0,35156,-10.0,35307.0,35313,-6.0,35489.0,35496,-7.0,2.624,2.72,-0.09600000000000009,1.1637199999999999,1.17777,-0.014050000000000118,0.9387755102040817,0.9235294117647059,0.015246098439375744
47,107,102,35489.0,35496,-7.0,35653.0,35654,-1.0,35827.0,35838,-11.0,2.768,2.728,0.03999999999999959,1.2266299999999999,1.2266299999999999,0.0,0.9704142011834319,0.9239766081871346,0.04643759299629735
47,108,103,35827.0,35838,-11.0,35999.0,35996,3.0,36161.0,36173,-12.0,2.768,2.736,0.031999999999999584,1.26756,1.26756,0.0,0.9700598802395209,0.9432835820895522,0.026776298149968736
47,109,104,36161.0,36173,-12.0,36341.0,36337,4.0,36506.0,36522,-16.0,2.736,2.728,0.008000000000000007,1.27,1.27,0.0,0.9565217391304348,0.9398280802292264,0.01669365890120844
47,110,105,36506.0,36522,-16.0,36685.0,36676,9.0,36847.0,36854,-7.0,2.752,2.712,0.03999999999999959,1.1710500000000001,1.1710500000000001,0.0,0.9501466275659824,0.927710843373494,0.022435784192488484
47,111,106,36847.0,36854,-7.0,37013.0,37018,-5.0,37191.0,37196,-5.0,2.624,2.736,-0.1120000000000001,1.15577,1.15088,0.004890000000000061,0.9651162790697675,0.9590643274853801,0.006051951584387427
47,112,107,37191.0,37196,-5.0,37358.0,37361,-3.0,37533.0,37545,-12.0,2.76,2.744,0.01599999999999957,1.25595,1.25595,0.0,0.9766081871345029,0.9455587392550143,0.0310494478794886
47,113,108,37533.0,37545,-12.0,37705.0,37700,5.0,37867.0,37877,-10.0,2.776,2.712,0.06399999999999961,1.26084,1.26084,0.0,0.9700598802395209,0.9337349397590361,0.036324940480484846
47,114,109,37867.0,37877,-10.0,38045.0,38040,5.0,38207.0,38220,-13.0,2.72,2.72,0.0,1.21869,1.21869,0.0,0.9529411764705882,0.9504373177842566,0.002503858686331628
47,115,110,38207.0,38220,-13.0,38387.0,38383,4.0,38558.0,38574,-16.0,2.736,2.744,-0.008000000000000007,1.14539,1.146,-0.0006099999999999994,0.9743589743589743,0.9209039548022598,0.0534550195567145
47,116,111,38558.0,38574,-16.0,38717.0,38723,-6.0,38896.0,38906,-10.0,2.64,2.72,-0.08000000000000007,1.1960899999999999,1.1759300000000001,0.020159999999999734,0.9408284023668639,0.8975903614457832,0.043238040921080745
47,117,112,38896.0,38906,-10.0,39065.0,39064,1.0,39235.0,39246,-11.0,2.784,2.728,0.055999999999999606,1.2535100000000001,1.2535100000000001,0.0,0.9970501474926253,0.9294117647058824,0.06763838278674295
47,118,113,39235.0,39246,-11.0,39409.0,39404,5.0,39570.0,39578,-8.0,2.752,2.72,0.031999999999999584,1.26573,1.26573,0.0,0.9611940298507463,0.9518072289156626,0.009386800935083706
47,119,114,39570.0,39578,-8.0,39751.0,39747,4.0,39913.0,39927,-14.0,2.736,2.744,-0.008000000000000007,1.26268,1.25596,0.006720000000000059,0.9446064139941691,0.9684813753581661,-0.023874961363997027
47,120,115,39913.0,39927,-14.0,40095.0,40091,4.0,40269.0,40295,-26.0,2.752,2.752,0.0,1.20158,1.1789800000000001,0.022599999999999953,0.9775280898876404,0.8913043478260869,0.08622374206155348
47,121,116,40269.0,40295,-26.0,40418.0,40428,-10.0,40606.0,40619,-13.0,2.584,2.696,-0.1120000000000001,1.13561,1.1453799999999998,-0.009769999999999834,0.884272997032641,0.8209876543209876,0.06328534271165331
47,122,117,40606.0,40619,-13.0,40765.0,40767,-2.0,40936.0,40942,-6.0,2.776,2.712,0.06399999999999961,1.21197,1.2077,0.004269999999999996,0.9636363636363636,0.9164086687306502,0.047227694905713435
47,123,118,40936.0,40942,-6.0,41111.0,41109,2.0,41275.0,41287,-12.0,2.768,2.736,0.031999999999999584,1.25229,1.25229,0.0,0.967551622418879,0.9681159420289855,-0.0005643196101065007
47,124,119,41275.0,41287,-12.0,41457.0,41452,5.0,41619.0,41635,-16.0,2.768,2.744,0.023999999999999577,1.2498500000000001,1.2498500000000001,0.0,0.9418604651162791,0.9482758620689655,-0.006415396952686447
47,125,120,41619.0,41635,-16.0,41799.0,41790,9.0,41962.0,41970,-8.0,2.736,2.704,0.03200000000000003,1.19732,1.19793,-0.0006099999999999994,0.9504373177842566,0.9253731343283582,0.025064183455898337
47,126,121,41962.0,41970,-8.0,42124.0,42130,-6.0,42302.0,42305,-3.0,2.6,2.72,-0.1200000000000001,1.1686,1.1631,0.00550000000000006,0.9529411764705882,0.9552238805970149,-0.0022827041264267267
47,127,122,42302.0,42305,-3.0,42473.0,42474,-1.0,42640.0,42655,-15.0,2.792,2.752,0.040000000000000036,1.26085,1.26085,0.0,0.9881656804733728,0.9657142857142857,0.022451394759087084
47,128,123,42640.0,42655,-15.0,42819.0,42814,5.0,42983.0,42998,-15.0,2.768,2.72,0.0479999999999996,1.27675,1.27675,0.0,0.956268221574344,0.9271137026239067,0.029154518950437303
47,129,124,42983.0,42998,-15.0,43161.0,43153,8.0,43321.0,43329,-8.0,2.736,2.712,0.02400000000000002,1.2266299999999999,1.2266299999999999,0.0,0.9467455621301775,0.9365558912386707,0.010189670891506797
47,130,125,43321.0,43329,-8.0,43503.0,43494,9.0,43666.0,43672,-6.0,2.736,2.728,0.008000000000000007,1.11728,1.10873,0.008550000000000058,0.9449275362318841,0.9620991253644315,-0.01717158913254746
47,131,126,43666.0,43672,-6.0,43831.0,43836,-5.0,44008.0,44019,-11.0,2.624,2.736,-0.1120000000000001,1.17226,1.17043,0.0018299999999999983,0.9649122807017544,0.9452449567723343,0.019667323929420055
47,132,127,44008.0,44019,-11.0,44177.0,44176,1.0,44347.0,44359,-12.0,2.768,2.72,0.0479999999999996,1.2235800000000001,1.2235800000000001,0.0,0.9970501474926253,0.9235294117647059,0.0735207357279194
47,133,128,44347.0,44359,-12.0,44523.0,44517,6.0,44685.0,44694,-9.0,2.768,2.728,0.03999999999999959,1.23152,1.23152,0.0,0.9585798816568047,0.9432835820895522,0.015296299567252536
47,134,129,44685.0,44694,-9.0,44865.0,44859,6.0,45024.0,45039,-15.0,2.736,2.736,0.0,1.1954699999999998,1.1954699999999998,0.0,0.9380530973451328,0.9565217391304348,-0.018468641785302053
47,135,130,45024.0,45039,-15.0,45209.0,45201,8.0,45373.0,45388,-15.0,2.752,2.736,0.01599999999999957,1.1722700000000001,1.15944,0.012830000000000119,0.9398280802292264,0.9283667621776505,0.011461318051575908
47,136,131,45373.0,45388,-15.0,45534.0,45540,-6.0,45715.0,45722,-7.0,2.6,2.712,-0.1120000000000001,1.12035,1.12401,-0.0036599999999999966,0.9415204678362573,0.9101796407185628,0.03134082711769448
47,137,132,45715.0,45722,-7.0,45881.0,45880,1.0,46048.0,46057,-9.0,2.776,2.72,0.055999999999999606,1.18754,1.18754,0.0,0.996996996996997,0.9432835820895522,0.053713414907444745
47,138,133,46048.0,46057,-9.0,46227.0,46222,5.0,46387.0,46397,-10.0,2.768,2.736,0.031999999999999584,1.2248,1.2248,0.0,0.943952802359882,0.9705882352941176,-0.026635432934235648
47,139,134,46387.0,46397,-10.0,46569.0,46566,3.0,46734.0,46750,-16.0,2.736,2.752,-0.01599999999999957,1.2284700000000002,1.2278600000000002,0.0006099999999999994,0.9510086455331412,0.9575070821529745,-0.006498436619833292
47,140,135,46734.0,46750,-16.0,46911.0,46904,7.0,47077.0,47087,-10.0,2.736,2.704,0.03200000000000003,1.09652,1.09774,-0.0012199999999999989,0.967930029154519,0.913946587537092,0.053983441617426964
47,141,136,47077.0,47087,-10.0,47241.0,47243,-2.0,47414.0,47421,-7.0,2.64,2.712,-0.07200000000000006,1.18021,1.17532,0.004890000000000061,0.973293768545994,0.9341317365269461,0.03916203201904789
47,142,137,47414.0,47421,-7.0,47589.0,47585,4.0,47752.0,47764,-12.0,2.784,2.736,0.0479999999999996,1.2303,1.2303,0.0,0.9644970414201184,0.956268221574344,0.008228819845774393
47,143,138,47752.0,47764,-12.0,47931.0,47929,2.0,48097.0,48113,-16.0,2.736,2.752,-0.01599999999999957,1.2523,1.2523,0.0,0.9623188405797102,0.9455587392550143,0.016760101324695853
47,144,139,48097.0,48113,-16.0,48277.0,48267,10.0,48438.0,48445,-7.0,2.768,2.704,0.06399999999999961,1.16005,1.16005,0.0,0.9442815249266863,0.927710843373494,0.0165706815531923
47,145,140,48438.0,48445,-7.0,48600.0,48607,-7.0,48779.0,48781,-2.0,2.584,2.72,-0.13600000000000012,1.10079,1.0916299999999999,0.009160000000000057,0.9501466275659824,0.9642857142857143,-0.014139086719731853
47,146,141,48779.0,48781,-2.0,48949.0,48949,0.0,49117.0,49129,-12.0,2.792,2.736,0.055999999999999606,1.24985,1.24985,0.0,0.9940828402366864,0.9655172413793104,0.028565598857375973
47,147,142,49117.0,49129,-12.0,49297.0,49292,5.0,49460.0,49473,-13.0,2.784,2.744,0.03999999999999959,1.23885,1.23885,0.0,0.9504373177842566,0.9476744186046512,0.0027628991796053715
47,148,143,49460.0,49473,-13.0,49639.0,49631,8.0,49801.0,49810,-9.0,2.736,2.712,0.02400000000000002,1.1710500000000001,1.1710500000000001,0.0,0.9501466275659824,0.9376854599406528,0.012461167625329672
47,149,144,49801.0,49810,-9.0,49962.0,49971,-9.0,50144.0,50150,-6.0,2.584,2.72,-0.13600000000000012,1.0940699999999999,1.07697,0.017099999999999893,0.9387755102040817,0.9470588235294117,-0.008283313325330055
47,150,145,50144.0,50150,-6.0,50311.0,50314,-3.0,50484.0,50497,-13.0,2.792,2.744,0.0479999999999996,1.21014,1.21014,0.0,0.9823529411764705,0.9452449567723343,0.03710798440413621
47,151,146,50484.0,50497,-13.0,50659.0,50655,4.0,50823.0,50836,-13.0,2.784,2.728,0.055999999999999606,1.2241900000000001,1.2241900000000001,0.0,0.967551622418879,0.9321533923303835,0.03539823008849552
47,152,147,50823.0,50836,-13.0,51003.0,50996,7.0,51166.0,51181,-15.0,2.752,2.728,0.023999999999999577,1.19854,1.19854,0.0,0.9504373177842566,0.927536231884058,0.02290108590019857
47,153,148,51166.0,51181,-15.0,51335.0,51335,0.0,51509.0,51517,-8.0,2.656,2.712,-0.05600000000000005,1.07208,1.07452,-0.0024399999999999977,0.9854227405247813,0.9166666666666666,0.06875607385811466
47,154,149,51509.0,51517,-8.0,51677.0,51677,0.0,51845.0,51857,-12.0,2.736,2.736,0.0,1.1966999999999999,1.1966999999999999,0.0,1.0,0.9411764705882353,0.05882352941176472
47,155,150,51845.0,51857,-12.0,52024.0,52018,6.0,52187.0,52198,-11.0,2.776,2.728,0.0479999999999996,1.24007,1.24007,0.0,0.9532163742690059,0.9442815249266863,0.008934849342319584
47,156,151,52187.0,52198,-11.0,52365.0,52359,6.0,52527.0,52537,-10.0,2.728,2.728,0.0,1.18876,1.18876,0.0,0.9529411764705882,0.9498525073746312,0.003088669095956953
47,157,152,52527.0,52537,-10.0,52706.0,52700,6.0,52874.0,52883,-9.0,2.728,2.728,0.0,1.08735,1.08979,-0.0024399999999999977,0.968299711815562,0.9421965317919075,0.026103180023654415
47,158,153,52874.0,52883,-9.0,53037.0,53041,-4.0,53212.0,53222,-10.0,2.648,2.728,-0.08000000000000007,1.18326,1.1796,0.0036599999999999966,0.9644970414201184,0.9321533923303835,0.03234364908973486
47,159,154,53212.0,53222,-10.0,53387.0,53383,4.0,53550.0,53565,-15.0,2.8,2.736,0.06399999999999961,1.2077,1.2077,0.0,0.9644970414201184,0.9387755102040817,0.025721531216036708
47,160,155,53550.0,53565,-15.0,53729.0,53723,6.0,53893.0,53907,-14.0,2.736,2.72,0.016000000000000014,1.2132,1.2132,0.0,0.956268221574344,0.9239766081871346,0.03229161338720943
47,161,156,53893.0,53907,-14.0,54054.0,54062,-8.0,54237.0,54245,-8.0,2.6,2.712,-0.1120000000000001,1.0904099999999999,1.0910199999999999,-0.0006099999999999994,0.936046511627907,0.9171597633136095,0.018886748314297486
47,162,157,54237.0,54245,-8.0,54405.0,54404,1.0,54572.0,54586,-14.0,2.808,2.736,0.07199999999999962,1.1930399999999999,1.1930399999999999,0.0,0.9970149253731343,0.9325513196480939,0.0644636057250404
47,163,158,54572.0,54586,-14.0,54751.0,54747,4.0,54914.0,54928,-14.0,2.768,2.744,0.023999999999999577,1.2021899999999999,1.2021899999999999,0.0,0.9532163742690059,0.9415204678362573,0.011695906432748537
47,164,159,54914.0,54928,-14.0,55093.0,55086,7.0,55255.0,55268,-13.0,2.736,2.712,0.02400000000000002,1.18082,1.18082,0.0,0.9501466275659824,0.9294117647058824,0.020734862860100067
47,165,160,55255.0,55268,-13.0,55434.0,55426,8.0,55599.0,55608,-9.0,2.728,2.72,0.008000000000000007,1.06231,1.0696400000000001,-0.007330000000000059,0.9593023255813954,0.9294117647058824,0.029890560875513006
47,166,161,55599.0,55608,-9.0,55763.0,55768,-5.0,55941.0,55952,-11.0,2.632,2.736,-0.10400000000000009,1.18876,1.18509,0.003670000000000062,0.9590643274853801,0.9302325581395349,0.028831769345845193
47,167,162,55941.0,55952,-11.0,56113.0,56110,3.0,56281.0,56303,-22.0,2.8,2.736,0.06399999999999961,1.21014,1.21014,0.0,0.9882352941176471,0.9002849002849003,0.08795039383274683
47,168,163,56281.0,56303,-22.0,56455.0,56450,5.0,56619.0,56647,-28.0,2.736,2.72,0.016000000000000014,1.13683,1.13683,0.0,0.9704142011834319,0.8546511627906976,0.11576303839273427
47,169,164,56619.0,56647,-28.0,56799.0,56789,10.0,56961.0,56972,-11.0,2.752,2.712,0.03999999999999959,1.05804,1.05987,-0.0018299999999999983,0.9473684210526316,0.8738461538461538,0.07352226720647781
47,170,165,56961.0,56972,-11.0,57125.0,57131,-6.0,57305.0,57315,-10.0,2.608,2.736,-0.1280000000000001,1.13928,1.1289,0.010380000000000056,0.9534883720930233,0.9271137026239067,0.026374669469116596
47,171,166,57305.0,57315,-10.0,57473.0,57472,1.0,57642.0,57655,-13.0,2.784,2.728,0.055999999999999606,1.20342,1.20342,0.0,0.9970326409495549,0.9235294117647059,0.07350322918484897
47,172,167,57642.0,57655,-13.0,57819.0,57813,6.0,57980.0,57997,-17.0,2.768,2.728,0.03999999999999959,1.18449,1.18449,0.0,0.9526627218934911,0.9239766081871346,0.028686113706356542
47,173,168,57980.0,57997,-17.0,58161.0,58155,6.0,58321.0,58334,-13.0,2.736,2.736,0.0,1.16005,1.16005,0.0,0.9384164222873901,0.9376854599406528,0.0007309623467373072
47,174,169,58321.0,58334,-13.0,58505.0,58496,9.0,58668.0,58681,-13.0,2.752,2.728,0.023999999999999577,1.1234,1.11118,0.012219999999999898,0.9394812680115274,0.9337175792507204,0.0057636887608070175
47,175,170,58668.0,58681,-13.0,58831.0,58837,-6.0,59013.0,59024,-11.0,2.608,2.728,-0.1200000000000001,1.15455,1.13867,0.015879999999999894,0.9449275362318841,0.9096209912536444,0.03530654497823971
47,176,171,59013.0,59024,-11.0,59179.0,59178,1.0,59346.0,59354,-8.0,2.784,2.728,0.055999999999999606,1.18021,1.18021,0.0,0.996996996996997,0.9333333333333333,0.0636636636636636
47,177,172,59346.0,59354,-8.0,59525.0,59520,5.0,59684.0,59703,-19.0,2.768,2.736,0.031999999999999584,1.17593,1.17593,0.0,0.9408284023668639,0.9512893982808023,-0.010460995913938342
48,2,1,304.0,345,-41.0,520.0,476,44.0,722.0,694,28.0,1.808,2.96,-1.152,1.00048864,1.00048864,0.0,0.9665071770334929,0.7507163323782235,0.21579084465526932
48,3,2,722.0,694,28.0,858.0,856,2.0,999.0,1058,-59.0,2.704,3.04,-0.33599999999999985,0.51526864,0.51526864,0.0,0.9819494584837545,0.8901098901098901,0.09183956837386442
48,4,3,999.0,1058,-59.0,1176.0,1177,-1.0,1367.0,1296,71.0,2.544,2.568,-0.02400000000000002,0.47226863999999996,0.47226863999999996,0.0,0.9619565217391304,1.0,-0.03804347826086962
48,5,4,1367.0,1296,71.0,1535.0,1537,-2.0,1651.0,1663,-12.0,2.872,2.88,-0.008000000000000007,0.20742864000000003,0.20742864000000003,0.0,0.8169014084507042,0.6866485013623977,0.1302529070883065
48,6,5,1651.0,1663,-12.0,1996.0,1991,5.0,2196.0,2168,28.0,3.688,3.632,0.05600000000000005,0.54678864,0.54678864,0.0,0.7339449541284404,0.700990099009901,0.03295485511853946
48,7,6,2196.0,2168,28.0,2540.0,2531,9.0,2656.0,2664,-8.0,4.352,4.32,0.03200000000000003,0.26166,0.26361999999999997,-0.0019599999999999618,0.5043478260869565,0.5362903225806452,-0.03194249649368874
48,8,7,2656.0,2664,-8.0,3016.0,3024,-8.0,3172.0,3146,26.0,3.808,3.944,-0.13600000000000012,0.5543600000000001,0.5541100000000001,0.00024999999999997247,0.6046511627906976,0.5062240663900415,0.09842709640065617
48,11,9,3795.0,3814,-19.0,3907.0,3914,-7.0,4026.0,4301,-275.0,2.528,3.272,-0.7439999999999998,0.20547000000000004,0.7679,-0.56243,0.9696969696969697,0.4106776180698152,0.5590193516271545
48,13,10,4269.0,4301,-32.0,4519.0,4566,-47.0,4733.0,4691,42.0,3.424,5.216,-1.7920000000000003,1.00048864,1.00048864,0.0,0.9224137931034483,0.641025641025641,0.2813881520778073
48,17,11,5611.0,5253,358.0,5880.0,5874,6.0,6117.0,6155,-38.0,3.2,6.392,-3.192,0.30344864,0.30344864,0.0,0.9367588932806324,0.623059866962306,0.31369902631832647
48,18,12,6117.0,6155,-38.0,6310.0,6308,2.0,6509.0,6496,13.0,3.44,3.472,-0.03200000000000003,0.27558864,0.27558864,0.0,0.9846938775510204,0.8973607038123167,0.08733317373870375
48,19,13,6509.0,6496,13.0,6842.0,6807,35.0,6982.0,6977,5.0,4.256,3.992,0.26400000000000023,0.42169999999999996,0.42414299999999994,-0.002442999999999973,0.5919661733615222,0.7068607068607069,-0.11489453349918466
48,20,14,6982.0,6977,5.0,7286.0,7283,3.0,7475.0,7515,-40.0,3.552,3.808,-0.2559999999999998,0.917909,0.982409,-0.0645,0.7667342799188641,0.862453531598513,-0.0957192516796489
48,21,15,7475.0,7515,-40.0,7738.0,7745,-7.0,7931.0,7928,3.0,3.616,3.696,-0.08000000000000007,1.00048864,1.00048864,0.0,0.8464912280701754,0.8861985472154964,-0.039707319145320996
48,22,16,7931.0,7928,3.0,8131.0,8130,1.0,8320.0,8304,16.0,3.144,3.08,0.06400000000000006,1.00048864,1.00048864,0.0,0.9717223650385605,0.925531914893617,0.046190450144943496
48,23,17,8320.0,8304,16.0,8560.0,8562,-2.0,8786.0,8758,28.0,3.432,3.456,-0.02400000000000002,1.00048864,1.00048864,0.0,0.9699570815450643,0.8634361233480177,0.10652095819704666
48,24,18,8786.0,8758,28.0,9038.0,9042,-4.0,9272.0,9250,22.0,3.824,3.84,-0.016000000000000014,0.968483,0.98925,-0.02076699999999998,0.962962962962963,0.8455284552845528,0.11743450767841024
48,25,19,9272.0,9250,22.0,9513.0,9515,-2.0,9745.0,9699,46.0,3.8,3.784,0.016000000000000014,1.00048864,1.00048864,0.0,0.9809725158562368,0.8195991091314031,0.1613734067248337
48,26,20,9745.0,9699,46.0,10014.0,10004,10.0,10241.0,10275,-34.0,4.008,3.912,0.09600000000000009,0.62888,0.636699,-0.00781900000000002,0.9153225806451613,0.9409722222222222,-0.025649641577060955
48,27,21,10241.0,10275,-34.0,10470.0,10478,-8.0,10681.0,10656,25.0,3.648,3.792,-0.14399999999999968,0.777176,0.7735110000000001,0.0036649999999999183,0.9590909090909091,0.9343832020997376,0.02470770699117153
48,28,22,10681.0,10656,25.0,10962.0,10945,17.0,11125.0,11108,17.0,3.936,3.736,0.19999999999999973,0.7278260000000001,0.738576,-0.010749999999999926,0.7342342342342343,0.7212389380530974,0.012995296181136928
48,29,23,11125.0,11108,17.0,11394.0,11392,2.0,11596.0,11621,-25.0,3.456,3.576,-0.1200000000000001,0.918153,0.937699,-0.019545999999999952,0.8577494692144374,0.8927875243664718,-0.0350380551520344
48,30,24,11596.0,11621,-25.0,11846.0,11848,-2.0,12050.0,12059,-9.0,3.616,3.648,-0.03200000000000003,1.00048864,1.00048864,0.0,0.8986784140969163,0.9634703196347032,-0.06479190553778691
48,31,25,12050.0,12059,-9.0,12275.0,12272,3.0,12501.0,12525,-24.0,3.432,3.392,0.040000000000000036,1.00048864,1.00048864,0.0,0.9977827050997783,0.9141630901287554,0.08361961497102288
48,32,26,12501.0,12525,-24.0,12718.0,12715,3.0,12973.0,12994,-21.0,3.544,3.544,0.0,1.00048864,1.00048864,0.0,0.9194915254237288,0.8102345415778252,0.10925698384590365
48,33,27,12973.0,12994,-21.0,13200.0,13195,5.0,13444.0,13477,-33.0,3.856,3.84,0.016000000000000014,1.00048864,1.00048864,0.0,0.9639065817409767,0.8322981366459627,0.1316084450950139
48,34,28,13444.0,13477,-33.0,13708.0,13697,11.0,13916.0,13923,-7.0,4.064,4.016,0.04800000000000004,1.00048864,1.00048864,0.0,0.8813559322033898,0.9865470852017937,-0.10519115299840387
48,35,29,13916.0,13923,-7.0,14156.0,14147,9.0,14335.0,14315,20.0,3.584,3.6,-0.016000000000000014,0.76081,0.76081,0.0,0.8544152744630071,0.8571428571428572,-0.0027275826798500713
48,36,30,14335.0,14315,20.0,14607.0,14610,-3.0,14794.0,14786,8.0,3.608,3.704,-0.09600000000000009,1.00048864,1.00048864,0.0,0.8148148148148149,0.7473460721868366,0.0674687426279783
48,37,31,14794.0,14786,8.0,15001.0,15001,0.0,15201.0,15191,10.0,3.152,3.128,0.02400000000000002,1.00048864,1.00048864,0.0,0.9828009828009828,0.9382716049382716,0.04452937786271127
48,38,32,15201.0,15191,10.0,15423.0,15419,4.0,15622.0,15627,-5.0,3.376,3.344,0.03200000000000003,1.00048864,1.00048864,0.0,0.9453681710213777,0.9541284403669725,-0.008760269345594818
48,39,33,15622.0,15627,-5.0,15836.0,15831,5.0,16032.0,16043,-11.0,3.304,3.296,0.008000000000000007,0.88957,0.88957,0.0,0.9560975609756097,0.9807692307692307,-0.02467166979362101
48,40,34,16032.0,16043,-11.0,16286.0,16281,5.0,16488.0,16494,-6.0,3.6,3.6,0.0,0.935744,0.952846,-0.01710199999999995,0.8859649122807017,0.9445676274944568,-0.05860271521375504
48,41,35,16488.0,16494,-6.0,16706.0,16696,10.0,16897.0,16894,3.0,3.36,3.32,0.040000000000000036,0.957977,0.957977,0.0,0.9339853300733496,0.99,-0.056014669926650384
48,42,36,16897.0,16894,3.0,17132.0,17127,5.0,17322.0,17326,-4.0,3.408,3.448,-0.040000000000000036,0.9548000000000001,0.9548000000000001,0.0,0.8941176470588236,0.9212962962962963,-0.027178649237472707
48,43,37,17322.0,17326,-4.0,17542.0,17551,-9.0,17754.0,17749,5.0,3.28,3.392,-0.1120000000000001,0.75641,0.75641,0.0,0.9814814814814815,0.9361702127659575,0.045311268715524045
48,44,38,17754.0,17749,5.0,17982.0,17969,13.0,18141.0,18151,-10.0,3.52,3.344,0.17600000000000016,0.655507,0.655507,0.0,0.8217054263565892,0.9054726368159204,-0.08376721045933122
48,45,39,18141.0,18151,-10.0,18418.0,18393,25.0,18565.0,18572,-7.0,3.488,3.392,0.09600000000000009,0.852189,0.852189,0.0,0.6933962264150944,0.850356294536817,-0.1569600681217227
48,46,40,18565.0,18572,-7.0,18780.0,18770,10.0,18960.0,18971,-11.0,2.896,3.016,-0.1200000000000001,0.924261,0.924261,0.0,0.9113924050632911,0.9924812030075187,-0.08108879794422763
48,47,41,18960.0,18971,-11.0,19177.0,19173,4.0,19368.0,19371,-3.0,3.176,3.224,-0.04800000000000004,0.954312,0.954312,0.0,0.9362745098039216,0.99,-0.05372549019607842
48,48,42,19368.0,19371,-3.0,19576.0,19569,7.0,19771.0,19773,-2.0,3.192,3.168,0.02400000000000002,0.956267,0.956267,0.0,0.967741935483871,0.9850746268656716,-0.017332691381800602
48,49,43,19771.0,19773,-2.0,20026.0,19996,30.0,20183.0,20188,-5.0,3.6,3.416,0.18400000000000016,0.948206,0.948206,0.0,0.7621359223300971,0.9253012048192771,-0.16316528248918005
48,50,44,20183.0,20188,-5.0,20428.0,20414,14.0,20629.0,20651,-22.0,3.216,3.344,-0.12799999999999967,0.983143,0.983143,0.0,0.9013452914798207,0.9762419006479481,-0.07489660916812746
48,51,45,20629.0,20651,-22.0,20875.0,20861,14.0,21048.0,21062,-14.0,3.576,3.576,0.0,0.967505,0.967505,0.0,0.8257756563245824,0.9781021897810219,-0.15232653345643954
48,52,46,21048.0,21062,-14.0,21296.0,21289,7.0,21499.0,21500,-1.0,3.368,3.424,-0.05600000000000005,0.962619,0.962619,0.0,0.9002217294900222,0.9634703196347032,-0.06324859014468098
48,53,47,21499.0,21500,-1.0,21740.0,21745,-5.0,21915.0,21937,-22.0,3.552,3.648,-0.09600000000000009,0.859511,0.859511,0.0,0.8413461538461539,0.8787185354691076,-0.037372381622953754
48,54,48,21915.0,21937,-22.0,22130.0,22120,10.0,22317.0,22333,-16.0,3.12,3.0,0.1200000000000001,0.8947,0.8947,0.0,0.9303482587064676,0.9242424242424242,0.006105834464043447
48,55,49,22317.0,22333,-16.0,22512.0,22504,8.0,22690.0,22698,-8.0,3.056,3.072,-0.016000000000000014,0.901784,0.905448,-0.0036640000000000006,0.9544235924932976,0.936986301369863,0.017437291123434506
48,56,50,22690.0,22698,-8.0,22909.0,22902,7.0,23107.0,23115,-8.0,3.176,3.184,-0.008000000000000007,0.978744,1.00048864,-0.021744639999999982,0.9496402877697842,0.9784172661870504,-0.02877697841726623
48,57,51,23107.0,23115,-8.0,23360.0,23333,27.0,23512.0,23528,-16.0,3.608,3.448,0.16000000000000014,0.9609086400000001,0.9609086400000001,0.0,0.7506172839506173,0.9443099273607748,-0.19369264341015746
48,58,52,23512.0,23528,-16.0,23753.0,23745,8.0,23945.0,23952,-7.0,3.144,3.296,-0.1519999999999997,0.966528,0.966528,0.0,0.8868360277136259,0.9764150943396226,-0.08957906662599668
48,59,53,23945.0,23952,-7.0,24178.0,24172,6.0,24379.0,24392,-13.0,3.4,3.416,-0.016000000000000014,0.949426,0.949426,0.0,0.9262672811059908,1.0,-0.07373271889400923
48,60,54,24379.0,24392,-13.0,24624.0,24619,5.0,24821.0,24837,-16.0,3.568,3.576,-0.008000000000000007,0.939164,0.939164,0.0,0.8914027149321266,0.9797752808988764,-0.0883725659667498
48,61,55,24821.0,24837,-16.0,25045.0,25040,5.0,25251.0,25256,-5.0,3.368,3.368,0.0,0.914488,0.914488,0.0,0.958139534883721,0.9689737470167065,-0.010834212132985521
48,62,56,25251.0,25256,-5.0,25471.0,25461,10.0,25664.0,25677,-13.0,3.408,3.368,0.040000000000000036,0.916687,0.943318,-0.02663099999999996,0.9346246973365617,0.9738717339667459,-0.03924703663018414
48,63,57,25664.0,25677,-13.0,25914.0,25892,22.0,26088.0,26099,-11.0,3.544,3.448,0.09600000000000009,0.965307,0.965307,0.0,0.8207547169811321,0.981042654028436,-0.16028793704730393
48,64,58,26088.0,26099,-11.0,26321.0,26317,4.0,26520.0,26531,-11.0,3.256,3.4,-0.14400000000000013,0.987051,0.987051,0.0,0.9212962962962963,0.9907407407407407,-0.06944444444444442
48,65,59,26520.0,26531,-11.0,26751.0,26743,8.0,26954.0,26968,-14.0,3.44,3.408,0.03200000000000003,1.00024432,1.00024432,0.0,0.935483870967742,0.9702517162471396,-0.03476784527939758
48,66,60,26954.0,26968,-14.0,27192.0,27183,9.0,27399.0,27418,-19.0,3.528,3.52,0.008000000000000007,0.983875,0.971903,0.011972000000000094,0.9303370786516854,0.9555555555555556,-0.025218476903870246
48,67,61,27399.0,27418,-19.0,27623.0,27615,8.0,27827.0,27842,-15.0,3.448,3.456,-0.008000000000000007,0.901295,0.901295,0.0,0.9532710280373832,0.9292452830188679,0.024025745018515288
48,68,62,27827.0,27842,-15.0,28055.0,28040,15.0,28259.0,28271,-12.0,3.456,3.4,0.05600000000000005,0.936966,0.952602,-0.015635999999999983,0.9444444444444444,0.9230769230769231,0.02136752136752129
48,69,63,28259.0,28271,-12.0,28500.0,28497,3.0,28688.0,28714,-26.0,3.56,3.656,-0.09600000000000009,0.977523,0.977523,0.0,0.8764568764568764,0.9796839729119639,-0.10322709645508743
48,70,64,28688.0,28714,-26.0,28916.0,28913,3.0,29134.0,29148,-14.0,3.328,3.328,0.0,0.986807,0.99975568,-0.012948680000000046,0.9775784753363229,0.9170506912442397,0.06052778409208326
48,71,65,29134.0,29148,-14.0,29367.0,29365,2.0,29607.0,29584,23.0,3.608,3.616,-0.008000000000000007,1.00048864,1.00048864,0.0,0.985200845665962,0.9954128440366973,-0.010211998370735276
48,72,66,29607.0,29584,23.0,29915.0,29908,7.0,30143.0,30155,-12.0,4.384,4.344,0.040000000000000036,0.956267,0.956267,0.0,0.8507462686567164,0.8651488616462346,-0.014402592989518181
48,73,67,30143.0,30155,-12.0,30375.0,30382,-7.0,30596.0,30604,-8.0,3.68,3.792,-0.11199999999999966,0.928414,0.928414,0.0,0.9757174392935982,0.9888641425389755,-0.013146703245377256
48,74,68,30596.0,30604,-8.0,30837.0,30829,8.0,31028.0,31039,-11.0,3.696,3.576,0.1200000000000001,0.9403859999999999,0.943318,-0.0029320000000000457,0.8842592592592593,0.9655172413793104,-0.08125798212005109
48,75,69,31028.0,31039,-11.0,31236.0,31237,-1.0,31428.0,31454,-26.0,3.192,3.264,-0.07199999999999962,0.818716,0.818716,0.0,0.96,0.9542168674698795,0.005783132530120416
48,76,70,31428.0,31454,-26.0,31678.0,31671,7.0,31881.0,31896,-15.0,3.536,3.472,0.06400000000000006,0.936477,0.94967,-0.01319300000000001,0.8962472406181016,0.9819004524886877,-0.08565321187058617
48,77,71,31881.0,31896,-15.0,32137.0,32135,2.0,32332.0,32344,-12.0,3.672,3.712,-0.040000000000000036,0.94967,0.941363,0.008307000000000064,0.8647450110864745,0.9330357142857143,-0.0682907031992398
48,78,72,32332.0,32344,-12.0,32546.0,32542,4.0,32750.0,32760,-10.0,3.272,3.256,0.016000000000000014,0.85536,0.85536,0.0,0.9760765550239234,0.9519230769230769,0.02415347810084656
48,79,73,32750.0,32760,-10.0,32966.0,32949,17.0,33143.0,33159,-16.0,3.36,3.256,0.10400000000000009,0.88346,0.89421,-0.010749999999999926,0.9007633587786259,0.9473684210526316,-0.04660506227400574
48,80,74,33143.0,33159,-16.0,33358.0,33357,1.0,33538.0,33549,-11.0,3.136,3.264,-0.12799999999999967,0.94967,0.982898,-0.033228000000000035,0.9113924050632911,0.9846153846153847,-0.07322297955209356
48,81,75,33538.0,33549,-11.0,33760.0,33752,8.0,33965.0,33969,-4.0,3.216,3.16,0.05600000000000005,1.00048864,1.00048864,0.0,0.9601873536299765,0.9666666666666667,-0.0064793130366901375
48,82,76,33965.0,33969,-4.0,34235.0,34228,7.0,34416.0,34441,-25.0,3.8,3.808,-0.008000000000000007,1.00048864,1.00048864,0.0,0.8026607538802661,0.902542372881356,-0.09988161900108983
48,83,77,34416.0,34441,-25.0,34602.0,34602,0.0,34763.0,34772,-9.0,2.936,2.992,-0.05600000000000005,1.00048864,1.00048864,0.0,0.9279538904899135,0.972809667673716,-0.044855777183802514
48,84,78,34763.0,34772,-9.0,34911.0,34911,0.0,35081.0,35057,24.0,2.472,2.472,0.0,1.00048864,1.00048864,0.0,0.9308176100628931,0.9754385964912281,-0.04462098642833501
48,85,79,35081.0,35057,24.0,35251.0,35252,-1.0,35410.0,35398,12.0,2.72,2.728,-0.008000000000000007,0.98240864,0.98240864,0.0,0.9665653495440729,0.8563049853372434,0.1102603642068295
48,86,80,35410.0,35398,12.0,35623.0,35628,-5.0,35829.0,35805,24.0,2.976,3.008,-0.03200000000000003,1.00048864,1.00048864,0.0,0.9832935560859188,0.8697788697788698,0.11351468630704908
48,87,81,35829.0,35805,24.0,36070.0,36074,-4.0,36270.0,36247,23.0,3.576,3.568,0.008000000000000007,1.00048864,1.00048864,0.0,0.9070294784580499,0.7828054298642534,0.12422404859379654
48,88,82,36270.0,36247,23.0,36491.0,36486,5.0,36672.0,36649,23.0,3.368,3.296,0.07200000000000006,1.00048864,1.00048864,0.0,0.900497512437811,0.8109452736318408,0.08955223880597019
48,89,83,36672.0,36649,23.0,36914.0,36917,-3.0,37115.0,37090,25.0,3.384,3.448,-0.06400000000000006,1.00048864,1.00048864,0.0,0.90744920993228,0.7845804988662132,0.12286871106606678
48,90,84,37115.0,37090,25.0,37375.0,37382,-7.0,37576.0,37557,19.0,3.688,3.72,-0.03200000000000003,1.00048864,1.00048864,0.0,0.8720173535791758,0.7494646680942184,0.12255268548495735
48,91,85,37576.0,37557,19.0,37786.0,37787,-1.0,37973.0,37957,16.0,3.288,3.24,0.0479999999999996,1.00048864,1.00048864,0.0,0.9420654911838791,0.85,0.09206549118387908
48,92,86,37973.0,37957,16.0,38203.0,38206,-3.0,38402.0,38383,19.0,3.336,3.352,-0.016000000000000014,1.00048864,1.00048864,0.0,0.9277389277389277,0.8309859154929577,0.09675301224597
48,93,87,38402.0,38383,19.0,38637.0,38640,-3.0,38825.0,38812,13.0,3.472,3.472,0.0,1.00048864,1.00048864,0.0,0.8888888888888888,0.8018648018648018,0.08702408702408704
48,94,88,38825.0,38812,13.0,39058.0,39065,-7.0,39265.0,39243,22.0,3.368,3.4,-0.03200000000000003,1.00048864,1.00048864,0.0,0.9409090909090909,0.8259860788863109,0.11492301202277999
48,95,89,39265.0,39243,22.0,39503.0,39508,-5.0,39694.0,39686,8.0,3.56,3.544,0.016000000000000014,1.00048864,1.00048864,0.0,0.8904428904428905,0.8036117381489842,0.08683115229390626
48,96,90,39694.0,39686,8.0,39914.0,39933,-19.0,40108.0,40100,8.0,3.288,3.4,-0.1120000000000001,1.00048864,1.00048864,0.0,0.9371980676328502,0.8067632850241546,0.13043478260869557
48,97,91,40108.0,40100,8.0,40301.0,40303,-2.0,40482.0,40467,15.0,3.096,2.96,0.13600000000000012,1.00048864,1.00048864,0.0,0.9679144385026738,0.8937329700272479,0.07418146847542584
48,98,92,40482.0,40467,15.0,40660.0,40650,10.0,40819.0,40811,8.0,2.872,2.776,0.09600000000000009,1.00048864,1.00048864,0.0,0.9436201780415431,0.936046511627907,0.007573666413636104
48,99,93,40819.0,40811,8.0,41020.0,41028,-8.0,41223.0,41212,11.0,2.88,3.024,-0.14400000000000013,1.00048864,1.00048864,0.0,0.995049504950495,0.9177057356608479,0.07734376928964715
48,100,94,41223.0,41212,11.0,41434.0,41442,-8.0,41639.0,41622,17.0,3.312,3.312,0.0,1.00048864,1.00048864,0.0,0.9855769230769231,0.8780487804878049,0.10752814258911825
48,101,95,41639.0,41622,17.0,41840.0,41845,-5.0,42034.0,42027,7.0,3.248,3.224,0.02400000000000002,1.00048864,1.00048864,0.0,0.9822784810126582,0.8987654320987655,0.08351304891389277
48,102,96,42034.0,42027,7.0,42241.0,42240,1.0,42427.0,42414,13.0,3.208,3.16,0.04800000000000004,1.00048864,1.00048864,0.0,0.9465648854961832,0.8992248062015504,0.0473400792946328
48,103,97,42427.0,42414,13.0,42638.0,42640,-2.0,42818.0,42808,10.0,3.176,3.2,-0.02400000000000002,1.00048864,1.00048864,0.0,0.9207161125319693,0.8527918781725888,0.06792423435938044
48,104,98,42818.0,42808,10.0,43018.0,43026,-8.0,43212.0,43203,9.0,3.04,3.088,-0.04800000000000004,1.00048864,1.00048864,0.0,0.9847715736040609,0.8962025316455696,0.08856904195849125
48,105,99,43212.0,43203,9.0,43424.0,43430,-6.0,43621.0,43605,16.0,3.248,3.232,0.016000000000000014,1.00048864,1.00048864,0.0,0.9633251833740831,0.8706467661691543,0.09267841720492886
48,106,100,43621.0,43605,16.0,43838.0,43843,-5.0,44031.0,44019,12.0,3.312,3.304,0.008000000000000007,1.00048864,1.00048864,0.0,0.9414634146341463,0.8502415458937198,0.09122186874042648
48,107,101,44031.0,44019,12.0,44237.0,44238,-1.0,44419.0,44404,15.0,3.192,3.16,0.03200000000000003,1.00048864,1.00048864,0.0,0.9381443298969072,0.8623376623376624,0.07580666755924481
48,108,102,44419.0,44404,15.0,44616.0,44624,-8.0,44811.0,44800,11.0,3.032,3.088,-0.05600000000000005,1.00048864,1.00048864,0.0,0.9948979591836735,0.8888888888888888,0.10600907029478468
48,109,103,44811.0,44800,11.0,45021.0,45030,-9.0,45221.0,45205,16.0,3.24,3.248,-0.008000000000000007,1.00048864,1.00048864,0.0,0.975609756097561,0.8641975308641976,0.11141222523336336
48,110,104,45221.0,45205,16.0,45437.0,45443,-6.0,45625.0,45615,10.0,3.328,3.304,0.02400000000000002,1.00048864,1.00048864,0.0,0.9306930693069306,0.8390243902439024,0.09166867906302822
48,111,105,45625.0,45615,10.0,45826.0,45827,-1.0,46007.0,45996,11.0,3.112,3.072,0.040000000000000036,1.00048864,1.00048864,0.0,0.9476439790575917,0.8871391076115486,0.06050487144604311
48,112,106,46007.0,45996,11.0,46206.0,46211,-5.0,46401.0,46388,13.0,3.04,3.072,-0.03200000000000003,1.00048864,1.00048864,0.0,0.9898477157360406,0.903061224489796,0.0867864912462446
48,113,107,46401.0,46388,13.0,46606.0,46612,-6.0,46789.0,46778,11.0,3.2,3.208,-0.008000000000000007,1.00048864,1.00048864,0.0,0.9432989690721649,0.8512820512820513,0.09201691779011367
48,114,108,46789.0,46778,11.0,46967.0,46970,-3.0,47154.0,47145,9.0,2.888,2.864,0.02400000000000002,1.00048864,1.00048864,0.0,0.9753424657534246,0.9536784741144414,0.02166399163898325
48,115,109,47154.0,47145,9.0,47360.0,47367,-7.0,47543.0,47532,11.0,3.144,3.176,-0.03200000000000003,1.00048864,1.00048864,0.0,0.9408740359897172,0.8527131782945736,0.08816085769514359
48,116,110,47543.0,47532,11.0,47724.0,47727,-3.0,47908.0,47902,6.0,2.912,2.88,0.03200000000000003,1.00048864,1.00048864,0.0,0.9917808219178083,0.9459459459459459,0.04583487597186231
48,117,111,47908.0,47902,6.0,48097.0,48097,0.0,48286.0,48274,12.0,2.984,2.96,0.02400000000000002,1.00048864,1.00048864,0.0,1.0,0.9516129032258065,0.048387096774193505
48,118,112,48286.0,48274,12.0,48498.0,48500,-2.0,48688.0,48677,11.0,3.208,3.224,-0.016000000000000014,1.00048864,1.00048864,0.0,0.945273631840796,0.8784119106699751,0.0668617211708209
48,119,113,48688.0,48677,11.0,48885.0,48887,-2.0,49070.0,49059,11.0,3.096,3.096,0.0,1.00048864,1.00048864,0.0,0.9685863874345549,0.9005235602094241,0.0680628272251308
48,120,114,49070.0,49059,11.0,49287.0,49295,-8.0,49479.0,49470,9.0,3.216,3.264,-0.0479999999999996,1.00048864,1.00048864,0.0,0.9388753056234719,0.851581508515815,0.08729379710765683
48,121,115,49479.0,49470,9.0,49670.0,49671,-1.0,49858.0,49843,15.0,3.064,3.008,0.05600000000000005,1.00048864,1.00048864,0.0,0.9920844327176781,0.9222520107238605,0.06983242199381756
48,122,116,49858.0,49843,15.0,50032.0,50036,-4.0,50192.0,50183,9.0,2.896,2.92,-0.02400000000000002,1.00048864,1.00048864,0.0,0.9580838323353293,0.8647058823529412,0.09337794998238813
48,123,117,50192.0,50183,9.0,50365.0,50363,2.0,50534.0,50526,8.0,2.664,2.616,0.04800000000000004,0.9968239,0.9968239,0.0,0.9883040935672515,0.9504373177842566,0.03786677578299491
48,124,118,50534.0,50526,8.0,50728.0,50729,-1.0,50901.0,50893,8.0,2.904,2.928,-0.02400000000000002,0.9941363,0.9941363,0.0,0.9427792915531336,0.8937329700272479,0.04904632152588562
48,125,119,50901.0,50893,8.0,51088.0,51087,1.0,51278.0,51263,15.0,2.88,2.864,0.016000000000000014,1.00048864,1.00048864,0.0,0.9920424403183024,0.9513513513513514,0.04069108896695095
48,126,120,51278.0,51263,15.0,51497.0,51504,-7.0,51685.0,51676,9.0,3.272,3.336,-0.06400000000000006,1.00048864,1.00048864,0.0,0.9238329238329238,0.8329297820823245,0.09090314175059933
48,127,121,51685.0,51676,9.0,51873.0,51876,-3.0,52059.0,52045,14.0,3.008,2.976,0.03200000000000003,1.00048864,1.00048864,0.0,0.9946524064171123,0.9159891598915989,0.07866324652551338
48,128,122,52059.0,52045,14.0,52269.0,52274,-5.0,52457.0,52445,12.0,3.168,3.184,-0.016000000000000014,1.00048864,1.00048864,0.0,0.9447236180904522,0.855,0.08972361809045226
48,129,123,52457.0,52445,12.0,52658.0,52661,-3.0,52827.0,52821,6.0,3.112,3.096,0.016000000000000014,1.00048864,1.00048864,0.0,0.9135135135135135,0.851063829787234,0.06244968372627946
48,130,124,52827.0,52821,6.0,53005.0,53010,-5.0,53195.0,53184,11.0,2.776,2.792,-0.016000000000000014,1.00048864,1.00048864,0.0,0.967391304347826,0.9586776859504132,0.008713618397412803
48,131,125,53195.0,53184,11.0,53390.0,53405,-15.0,53585.0,53575,10.0,3.08,3.16,-0.08000000000000007,1.00048864,1.00048864,0.0,1.0,0.8695652173913043,0.13043478260869568
48,132,126,53585.0,53575,10.0,53779.0,53782,-3.0,53970.0,53954,16.0,3.112,3.016,0.09600000000000009,1.00048864,1.00048864,0.0,0.9922077922077922,0.9076517150395779,0.08455607716821434
48,133,127,53970.0,53954,16.0,54173.0,54176,-3.0,54366.0,54344,22.0,3.152,3.152,0.0,1.00048864,1.00048864,0.0,0.9747474747474747,0.8615384615384616,0.11320901320901311
48,134,128,54366.0,54344,22.0,54615.0,54610,5.0,54763.0,54769,-6.0,3.536,3.472,0.06400000000000006,0.80747864,0.80747864,0.0,0.7455919395465995,0.7482352941176471,-0.0026433545710475848
48,136,130,55555.0,55527,28.0,55690.0,55678,12.0,55701.0,55738,-37.0,4.12,5.672,-1.5519999999999996,0.75421864,0.75421864,0.0,0.15068493150684936,0.5687203791469194,-0.41803544764007006
48,138,133,56693.0,56678,15.0,56870.0,56882,-12.0,57076.0,57033,43.0,6.128,4.176,1.952,0.77546864,0.77546864,0.0,0.9242819843342036,0.8507042253521127,0.07357775898209096
48,139,134,57076.0,57033,43.0,57308.0,57301,7.0,57480.0,57489,-9.0,3.504,3.352,0.15200000000000014,0.53091,0.5968749999999999,-0.06596499999999994,0.8514851485148515,0.8245614035087719,0.026923745006079525
48,140,135,57480.0,57489,-9.0,57698.0,57691,7.0,57861.0,57851,10.0,3.12,3.12,0.0,0.4529679999999999,0.4529679999999999,0.0,0.8556430446194225,0.8839779005524862,-0.02833485593306362
48,141,136,57861.0,57851,10.0,58082.0,58062,20.0,58219.0,58229,-10.0,3.072,2.968,0.10400000000000009,0.45027999999999996,0.45027999999999996,0.0,0.7653631284916201,0.8835978835978836,-0.11823475510626347
48,142,137,58219.0,58229,-10.0,58443.0,58453,-10.0,58609.0,58609,0.0,2.888,3.128,-0.2400000000000002,1.00048864,1.00048864,0.0,0.8512820512820513,0.8210526315789474,0.030229419703103888
48,143,138,58609.0,58609,0.0,58763.0,58760,3.0,58922.0,58923,-1.0,2.56,2.456,0.10400000000000009,1.00048864,1.00048864,0.0,0.9840255591054313,0.9617834394904459,0.022242119614985456
48,144,139,58922.0,58923,-1.0,59056.0,59056,0.0,59224.0,59190,34.0,2.344,2.368,-0.02400000000000002,1.00048864,1.00048864,0.0,0.8874172185430463,0.9962546816479401,-0.10883746310489373
48,145,140,59224.0,59190,34.0,59416.0,59404,12.0,59560.0,59549,11.0,2.88,2.784,0.09600000000000009,0.6366986400000001,0.6366986400000001,0.0,0.8571428571428572,0.807799442896936,0.04934341424592126
48,146,141,59560.0,59549,11.0,59748.0,59725,23.0,59872.0,59866,6.0,2.656,2.568,0.08800000000000008,0.49278864,0.49278864,0.0,0.7948717948717949,0.889589905362776,-0.09471811049098111
49,1,1,262.0,284,-22.0,546.0,534,12.0,695.0,682,13.0,,,,0.56794,0.56794,0.0,0.6882217090069285,0.7437185929648241,-0.05549688395789565
49,2,2,695.0,682,13.0,810.0,841,-31.0,1097.0,1110,-13.0,2.112,2.456,-0.34399999999999986,0.40274,0.45943100000000003,-0.05669100000000005,0.572139303482587,0.7429906542056075,-0.1708513507230205
49,3,3,1097.0,1110,-13.0,1293.0,1303,-10.0,1512.0,1543,-31.0,3.864,3.696,0.1679999999999997,0.477029,0.477029,0.0,0.944578313253012,0.8914549653579676,0.05312334789504436
49,4,4,1512.0,1543,-31.0,1784.0,1763,21.0,1988.0,1995,-7.0,3.928,3.68,0.24799999999999978,0.589446,0.589446,0.0,0.8571428571428572,0.9734513274336283,-0.11630847029077107
49,5,5,1988.0,1995,-7.0,2142.0,2166,-24.0,2430.0,2457,-27.0,2.864,3.224,-0.3600000000000003,0.39198,0.47312,-0.08113999999999999,0.6968325791855203,0.7402597402597403,-0.043427161074219955
49,6,6,2430.0,2457,-27.0,2636.0,2649,-13.0,2880.0,2889,-9.0,3.952,3.864,0.08800000000000008,0.57185,0.57087,0.0009799999999999809,0.9155555555555556,0.8888888888888888,0.026666666666666727
49,7,7,2880.0,2889,-9.0,3097.0,3053,44.0,3308.0,3311,-3.0,3.688,3.232,0.45599999999999996,0.49462999999999996,0.49951999999999996,-0.0048900000000000055,0.985981308411215,0.7772511848341233,0.20873012357709175
49,8,8,3308.0,3311,-3.0,3491.0,3498,-7.0,3786.0,3834,-48.0,3.152,3.56,-0.4079999999999999,0.46334999999999993,0.46334999999999993,0.0,0.7656903765690377,0.7151051625239006,0.05058521404513716
49,9,9,3786.0,3834,-48.0,3983.0,4007,-24.0,4219.0,4246,-27.0,3.936,4.072,-0.13600000000000012,0.42425,0.45455,-0.030299999999999994,0.9099307159353349,0.8398058252427184,0.07012489069261651
49,10,10,4219.0,4246,-27.0,4420.0,4433,-13.0,4677.0,4692,-15.0,3.496,3.408,0.08800000000000008,0.58162,0.6050800000000001,-0.023460000000000036,0.8777292576419214,0.8385650224215246,0.039164235220396804
49,11,11,4677.0,4692,-15.0,4858.0,4873,-15.0,5090.0,5114,-24.0,3.504,3.52,-0.016000000000000014,0.48680999999999996,0.48680999999999996,0.0,0.8765133171912833,0.8578199052132701,0.01869341197801322
49,12,12,5090.0,5114,-24.0,5293.0,5310,-17.0,5658.0,5679,-21.0,3.48,3.496,-0.016000000000000014,0.5317700000000001,0.5689110000000001,-0.03714099999999998,0.7147887323943662,0.6938053097345133,0.02098342265985298
49,13,13,5658.0,5679,-21.0,5904.0,5888,16.0,6114.0,6112,2.0,4.888,4.624,0.26400000000000023,0.569896,0.569896,0.0,0.9210526315789473,0.9653579676674365,-0.04430533608848919
49,14,14,6114.0,6112,2.0,6258.0,6276,-18.0,6527.0,6551,-24.0,2.832,3.104,-0.27200000000000024,0.431086,0.437929,-0.006842999999999988,0.6973365617433414,0.7471526195899771,-0.049816057846635786
49,15,15,6527.0,6551,-24.0,6777.0,6765,12.0,7012.0,7021,-9.0,4.152,3.912,0.2400000000000002,0.5523009999999999,0.5532779999999999,-0.0009770000000000056,0.9690721649484536,0.9106382978723404,0.0584338670761132
49,16,16,7012.0,7021,-9.0,7204.0,7213,-9.0,7498.0,7485,13.0,3.416,3.584,-0.16800000000000015,0.564024,0.5513159999999999,0.012708000000000053,0.7901234567901234,0.8275862068965517,-0.0374627501064283
49,17,17,7498.0,7485,13.0,7684.0,7699,-15.0,7920.0,7933,-13.0,3.84,3.888,-0.04800000000000004,0.49169599999999997,0.49267399999999995,-0.0009779999999999789,0.8815165876777251,0.9553571428571429,-0.07384055517941779
49,18,18,7920.0,7933,-13.0,8094.0,8111,-17.0,8327.0,8343,-16.0,3.28,3.296,-0.016000000000000014,0.48680599999999996,0.48680599999999996,0.0,0.855036855036855,0.8682926829268293,-0.013255827889974259
49,19,19,8327.0,8343,-16.0,8534.0,8564,-30.0,8853.0,8888,-35.0,3.52,3.624,-0.10400000000000009,0.47312,0.51222,-0.039100000000000024,0.7870722433460076,0.8110091743119265,-0.02393693096591898
49,20,20,8853.0,8888,-35.0,9060.0,9085,-25.0,9376.0,9393,-17.0,4.208,4.168,0.040000000000000036,0.648096,0.648096,0.0,0.7915869980879541,0.7801980198019802,0.01138897828597385
49,21,21,9376.0,9393,-17.0,9563.0,9550,13.0,9814.0,9847,-33.0,4.024,3.72,0.3039999999999998,0.67839,0.735089,-0.056698999999999944,0.8538812785388128,0.6916299559471366,0.16225132259167618
49,22,22,9814.0,9847,-33.0,10040.0,10043,-3.0,10318.0,10333,-15.0,3.816,3.944,-0.1280000000000001,0.659822,0.659822,0.0,0.8968253968253969,0.8065843621399177,0.09024103468547917
49,23,23,10318.0,10333,-15.0,10532.0,10516,16.0,10758.0,10794,-36.0,3.936,3.784,0.15200000000000014,0.525906,0.525906,0.0,0.9727272727272728,0.7939262472885033,0.17880102543876952
49,24,24,10758.0,10794,-36.0,10985.0,10974,11.0,11204.0,11223,-19.0,3.624,3.664,-0.040000000000000036,0.6226799999999999,0.65103,-0.028350000000000097,0.9820627802690582,0.8391608391608392,0.14290194110821908
49,25,25,11204.0,11223,-19.0,11404.0,11397,7.0,11661.0,11712,-51.0,3.352,3.384,-0.03200000000000003,0.53177,0.53177,0.0,0.87527352297593,0.7116564417177914,0.16361708125813856
49,26,26,11661.0,11712,-51.0,11919.0,11913,6.0,12129.0,12166,-37.0,4.12,4.128,-0.008000000000000007,0.57478,0.57478,0.0,0.8974358974358975,0.8854625550660793,0.011973342369818174
49,27,27,12129.0,12166,-37.0,12409.0,12402,7.0,12657.0,12679,-22.0,3.92,3.912,0.008000000000000007,0.78983,0.829909,-0.040078999999999976,0.9393939393939394,0.9200779727095516,0.019315966684387842
49,28,28,12657.0,12679,-22.0,12859.0,12870,-11.0,13103.0,13158,-55.0,3.6,3.744,-0.14400000000000013,0.6217,0.6217,0.0,0.905829596412556,0.7974947807933195,0.10833481561923652
49,29,29,13103.0,13158,-55.0,13360.0,13338,22.0,13593.0,13625,-32.0,4.008,3.744,0.2639999999999998,0.556209,0.556209,0.0,0.9510204081632653,0.7708779443254818,0.18014246383778343
49,30,30,13593.0,13625,-32.0,13824.0,13823,1.0,14107.0,14124,-17.0,3.712,3.88,-0.1679999999999997,0.7634500000000001,0.7634500000000001,0.0,0.8988326848249028,0.7935871743486974,0.10524551047620534
49,32,31,14234.0,14124,110.0,14353.0,14292,61.0,14511.0,14550,-39.0,0.952,3.752,-2.8,0.32943000000000006,0.45357000000000003,-0.12413999999999997,0.8592057761732852,0.7887323943661972,0.07047338180708795
49,33,32,14511.0,14550,-39.0,14749.0,14757,-8.0,15014.0,15041,-27.0,3.168,3.72,-0.552,0.66862,0.76637,-0.09775,0.9463220675944334,0.8431771894093687,0.10314487818506468
49,34,33,15014.0,15041,-27.0,15236.0,15238,-2.0,15478.0,15485,-7.0,3.896,3.848,0.04800000000000004,0.65591,0.651999,0.003910999999999998,0.9568965517241379,0.8873873873873874,0.06950916433675047
49,35,34,15478.0,15485,-7.0,15677.0,15699,-22.0,15889.0,15903,-14.0,3.528,3.688,-0.16000000000000014,0.49560000000000004,0.5190600000000001,-0.023460000000000036,0.9683698296836983,0.9760765550239234,-0.007706725340225096
49,36,35,15889.0,15903,-14.0,16105.0,16112,-7.0,16322.0,16332,-10.0,3.424,3.304,0.1200000000000001,0.584558,0.584558,0.0,0.9976905311778291,0.9743589743589743,0.023331556818854793
49,37,36,16322.0,16332,-10.0,16531.0,16537,-6.0,16762.0,16768,-6.0,3.408,3.4,0.008000000000000007,0.60606,0.60606,0.0,0.95,0.9403669724770642,0.009633027522935711
49,38,37,16762.0,16768,-6.0,16962.0,16962,0.0,17169.0,17165,4.0,3.448,3.4,0.04800000000000004,0.5435,0.54057,0.002929999999999988,0.9828009828009828,0.9773299748110831,0.0054710079898997455
49,39,38,17169.0,17165,4.0,17356.0,17369,-13.0,17570.0,17574,-4.0,3.152,3.256,-0.10399999999999965,0.57282,0.57282,0.0,0.9326683291770573,0.9975550122249389,-0.06488668304788159
49,40,39,17570.0,17574,-4.0,17752.0,17770,-18.0,17965.0,17971,-6.0,3.168,3.208,-0.040000000000000036,0.5620799999999999,0.5610999999999999,0.0009799999999999809,0.9215189873417722,0.9874055415617129,-0.06588655421994072
49,41,40,17965.0,17971,-6.0,18156.0,18155,1.0,18356.0,18391,-35.0,3.232,3.08,0.15200000000000014,0.5610900000000001,0.5610900000000001,0.0,0.9769820971867008,0.8761904761904762,0.10079162099622463
49,42,41,18356.0,18391,-35.0,18593.0,18597,-4.0,18853.0,18879,-26.0,3.496,3.536,-0.040000000000000036,0.6872,0.6872,0.0,0.9537223340040242,0.8442622950819672,0.10946003892205702
49,43,42,18853.0,18879,-26.0,19095.0,19099,-4.0,19321.0,19332,-11.0,4.016,4.016,0.0,0.73216,0.73216,0.0,0.9658119658119658,0.9713024282560706,-0.005490462444104782
49,44,43,19321.0,19332,-11.0,19537.0,19524,13.0,19779.0,19823,-44.0,3.536,3.4,0.13600000000000012,0.59628,0.59628,0.0,0.9432314410480349,0.7820773930753564,0.16115404797267852
49,45,44,19779.0,19823,-44.0,19990.0,20007,-17.0,20163.0,20174,-11.0,3.624,3.864,-0.23999999999999977,0.60899,0.60899,0.0,0.9010416666666666,0.9515669515669516,-0.05052528490028496
49,48,45,20768.0,20814,-46.0,21041.0,21032,9.0,21101.0,21131,-30.0,4.104,4.096,0.008000000000000007,0.4956,0.4956,0.0,0.36036036036036034,0.6246056782334385,-0.26424531787307814
49,49,46,21101.0,21131,-30.0,21241.0,21237,4.0,21403.0,21372,31.0,1.6,1.64,-0.039999999999999813,0.759528,0.759528,0.0,0.9271523178807947,0.8796680497925311,0.04748426808826356
49,50,47,21403.0,21372,31.0,21521.0,21540,-19.0,21760.0,21858,-98.0,2.24,2.424,-0.18399999999999972,0.31085,0.31085,0.0,0.6610644257703081,0.691358024691358,-0.03029359892104988
49,52,48,21804.0,21858,-54.0,22050.0,22047,3.0,22286.0,22310,-24.0,2.12,4.056,-1.936,0.640274,0.640274,0.0,0.979253112033195,0.8362831858407079,0.14296992619248705
49,53,49,22286.0,22310,-24.0,22521.0,22516,5.0,22723.0,22728,-5.0,3.768,3.752,0.016000000000000014,0.64711,0.64711,0.0,0.9244851258581236,0.9856459330143541,-0.06116080715623051
49,54,50,22723.0,22728,-5.0,22925.0,22920,5.0,23137.0,23129,8.0,3.232,3.232,0.0,0.56403,0.5620700000000001,0.0019599999999999618,0.9758454106280193,0.9576059850374065,0.018239425590612868
49,55,51,23137.0,23129,8.0,23341.0,23338,3.0,23524.0,23524,0.0,3.328,3.344,-0.016000000000000014,0.50831,0.50831,0.0,0.9457364341085271,0.9417721518987342,0.003964282209792946
49,56,52,23524.0,23524,0.0,23715.0,23731,-16.0,23933.0,23935,-2.0,2.992,3.144,-0.15200000000000014,0.51515,0.5161300000000001,-0.000980000000000092,0.9339853300733496,0.9927007299270073,-0.0587153998536577
49,57,53,23933.0,23935,-2.0,24146.0,24141,5.0,24335.0,24338,-3.0,3.448,3.28,0.16800000000000015,0.543503,0.543503,0.0,0.9402985074626866,0.9776674937965261,-0.03736898633383945
49,58,54,24335.0,24338,-3.0,24513.0,24523,-10.0,24715.0,24718,-3.0,2.936,3.056,-0.1200000000000001,0.53666,0.53666,0.0,0.9368421052631579,0.9736842105263158,-0.0368421052631579
49,59,55,24715.0,24718,-3.0,24901.0,24907,-6.0,25055.0,25033,22.0,3.104,3.072,0.03200000000000003,0.57771,0.57771,0.0,0.9058823529411765,0.8,0.10588235294117643
49,60,56,25055.0,25033,22.0,25125.0,25140,-15.0,25315.0,25315,0.0,1.792,1.864,-0.07200000000000006,0.44672,0.44672,0.0,0.5384615384615384,0.7588652482269503,-0.2204037097654119
49,61,57,25315.0,25315,0.0,25511.0,25509,2.0,25705.0,25716,-11.0,3.088,2.952,0.13600000000000012,0.5601200000000001,0.56208,-0.0019599999999999618,0.9948717948717949,0.9675810473815462,0.027290747490248735
49,62,58,25705.0,25716,-11.0,25907.0,25901,6.0,26110.0,26119,-9.0,3.168,3.136,0.03200000000000003,0.53373,0.5327500000000001,0.0009799999999999809,0.9975308641975309,0.9181141439205955,0.07941672027693536
49,63,59,26110.0,26119,-9.0,26298.0,26304,-6.0,26507.0,26492,15.0,3.128,3.224,-0.09600000000000009,0.57478,0.57478,0.0,0.947103274559194,0.9919571045576407,-0.04485382999844678
49,64,60,26507.0,26492,15.0,26703.0,26709,-6.0,26909.0,26944,-35.0,3.24,3.24,0.0,0.40762,0.4301,-0.02248,0.9751243781094527,0.9601769911504425,0.014947386959010212
49,65,61,26909.0,26944,-35.0,27151.0,27152,-1.0,27349.0,27349,0.0,3.584,3.544,0.040000000000000036,0.5923700000000001,0.5904200000000001,0.0019500000000000073,0.9,0.9728395061728395,-0.07283950617283952
49,66,62,27349.0,27349,0.0,27546.0,27550,-4.0,27764.0,27777,-13.0,3.16,3.184,-0.02400000000000002,0.5210100000000001,0.5210100000000001,0.0,0.9493975903614458,0.9392523364485982,0.010145253912847596
49,67,63,27764.0,27777,-13.0,28007.0,27989,18.0,28262.0,28276,-14.0,3.688,3.512,0.17600000000000016,0.53275,0.53275,0.0,0.9759036144578314,0.8496993987975952,0.1262042156602362
49,68,64,28262.0,28276,-14.0,28482.0,28486,-4.0,28774.0,28799,-25.0,3.8,3.976,-0.17600000000000016,0.56207,0.6089899999999999,-0.04691999999999996,0.859375,0.8030592734225621,0.056315726577437886
49,69,65,28774.0,28799,-25.0,28921.0,28934,-13.0,29138.0,29154,-16.0,3.512,3.584,-0.07200000000000006,0.43499999999999994,0.42718,0.007819999999999938,0.8076923076923077,0.7605633802816901,0.04712892741061758
49,70,66,29138.0,29154,-16.0,29347.0,29340,7.0,29600.0,29625,-25.0,3.408,3.248,0.1599999999999997,0.65298,0.65396,-0.0009799999999999809,0.9047619047619048,0.7898089171974523,0.11495298756445249
49,71,67,29600.0,29625,-25.0,29843.0,29837,6.0,29964.0,29978,-14.0,3.968,3.976,-0.008000000000000007,0.4261940000000001,0.4261940000000001,0.0,0.6648351648351649,0.7988668555240793,-0.1340316906889144
49,72,68,29964.0,29978,-14.0,30165.0,30168,-3.0,30399.0,30428,-29.0,2.576,2.648,-0.07200000000000006,0.65982,0.6607999999999999,-0.0009799999999999809,0.9241379310344827,0.8444444444444444,0.07969348659003828
49,73,69,30399.0,30428,-29.0,30686.0,30684,2.0,30918.0,30889,29.0,4.168,4.128,0.040000000000000036,0.65005,0.6353800000000001,0.01466999999999996,0.8940269749518305,0.8893709327548807,0.004656042196949817
49,74,70,30918.0,30889,29.0,31206.0,31210,-4.0,31448.0,31454,-6.0,4.16,4.208,-0.04800000000000004,0.6959900000000001,0.7008800000000001,-0.00488999999999995,0.9132075471698113,0.863716814159292,0.04949073301051932
49,75,71,31448.0,31454,-6.0,31649.0,31658,-9.0,31863.0,31866,-3.0,3.544,3.584,-0.040000000000000036,0.68328,0.68817,-0.00488999999999995,0.9686746987951808,0.9902912621359223,-0.02161656334074158
49,76,72,31863.0,31866,-3.0,32071.0,32068,3.0,32283.0,32283,0.0,3.376,3.28,0.09600000000000009,0.687191,0.687191,0.0,0.9904761904761905,0.9688249400479616,0.021651250428228908
49,77,73,32283.0,32283,0.0,32471.0,32474,-3.0,32680.0,32695,-15.0,3.2,3.248,-0.04800000000000004,0.5786899999999999,0.5786899999999999,0.0,0.947103274559194,0.9271844660194175,0.019918808539776456
49,78,74,32680.0,32695,-15.0,32924.0,32919,5.0,33132.0,33149,-17.0,3.624,3.56,0.06400000000000006,0.68035,0.67742,0.002929999999999988,0.9203539823008849,0.986784140969163,-0.06643015866827806
49,79,75,33132.0,33149,-17.0,33409.0,33404,5.0,33651.0,33672,-21.0,3.88,3.88,0.0,0.78104,0.78104,0.0,0.9325626204238922,0.9751434034416826,-0.04258078301779045
49,80,76,33651.0,33672,-21.0,33934.0,33906,28.0,34187.0,34208,-21.0,4.2,4.016,0.18400000000000016,0.5435,0.5523,-0.00880000000000003,0.9440298507462687,0.8731343283582089,0.07089552238805974
49,81,77,34187.0,34208,-21.0,34466.0,34465,1.0,34714.0,34682,32.0,4.256,4.472,-0.2160000000000002,0.61681,0.61681,0.0,0.9411764705882353,0.9156118143459916,0.02556465624224369
49,82,78,34714.0,34682,32.0,35010.0,34989,21.0,35269.0,35322,-53.0,4.352,4.192,0.16000000000000014,0.652,0.65884,-0.006839999999999957,0.9333333333333333,0.959375,-0.02604166666666663
49,83,79,35269.0,35322,-53.0,35557.0,35561,-4.0,35769.0,35768,1.0,4.376,4.576,-0.1999999999999993,0.63832,0.63832,0.0,0.848,0.9282511210762332,-0.08025112107623322
49,84,80,35769.0,35768,1.0,35987.0,35966,21.0,36161.0,36168,-7.0,3.44,3.24,0.19999999999999973,0.59824,0.59824,0.0,0.8877551020408163,0.99,-0.10224489795918368
49,85,81,36161.0,36168,-7.0,36409.0,36411,-2.0,36633.0,36584,49.0,3.376,3.56,-0.18400000000000016,0.987292,0.987292,0.0,0.9491525423728814,0.8317307692307692,0.11742177314211222
49,86,82,36633.0,36584,49.0,36938.0,36939,-1.0,37131.0,37155,-24.0,4.232,4.224,0.008000000000000007,0.676439,0.706742,-0.03030299999999997,0.7751004016064257,0.7565674255691769,0.018532976037248794
49,87,83,37131.0,37155,-24.0,37314.0,37322,-8.0,37535.0,37546,-11.0,3.008,3.064,-0.05600000000000005,0.63245,0.63245,0.0,0.905940594059406,0.8542199488491049,0.051720645210301064
49,88,84,37535.0,37546,-11.0,37690.0,37712,-22.0,37922.0,37945,-23.0,3.008,3.12,-0.1120000000000001,0.6002000000000001,0.6119300000000001,-0.011730000000000018,0.8010335917312661,0.8320802005012531,-0.031046608769986994
49,89,85,37922.0,37945,-23.0,38115.0,38116,-1.0,38320.0,38324,-4.0,3.4,3.232,0.1679999999999997,0.58651,0.58651,0.0,0.9698492462311558,0.9023746701846965,0.06747457604645923
49,90,86,38320.0,38324,-4.0,38494.0,38511,-17.0,38635.0,38663,-28.0,3.032,3.16,-0.1280000000000001,0.5826,0.5826,0.0,0.8952380952380953,0.8967551622418879,-0.001517067003792616
49,91,87,38635.0,38663,-28.0,38754.0,38781,-27.0,38940.0,38937,3.0,2.08,2.16,-0.08000000000000007,0.66667,0.66667,0.0,0.7803278688524591,0.8613138686131387,-0.08098599976067966
49,92,88,38940.0,38937,3.0,39112.0,39116,-4.0,39324.0,39329,-5.0,2.864,2.68,0.18399999999999972,0.930596,0.930596,0.0,0.8958333333333334,0.9132653061224489,-0.01743197278911557
49,93,89,39324.0,39329,-5.0,39537.0,39542,-5.0,39773.0,39787,-14.0,3.4,3.408,-0.008000000000000007,0.9022479999999999,0.9022479999999999,0.0,0.9487750556792873,0.9301310043668123,0.01864405131247504
49,94,90,39773.0,39787,-14.0,39966.0,39963,3.0,40181.0,40202,-21.0,3.432,3.368,0.06400000000000006,0.6705800000000001,0.6705800000000001,0.0,0.946078431372549,0.8481927710843373,0.09788566028821166
49,95,91,40181.0,40202,-21.0,40383.0,40381,2.0,40597.0,40621,-24.0,3.336,3.344,-0.008000000000000007,0.6881700000000001,0.6881700000000001,0.0,0.9711538461538461,0.8544152744630071,0.11673857169083901
49,96,92,40597.0,40621,-24.0,40791.0,40803,-12.0,41024.0,41046,-22.0,3.264,3.376,-0.1120000000000001,0.67058,0.67058,0.0,0.9086651053864169,0.8564705882352941,0.05219451715112278
49,97,93,41024.0,41046,-22.0,41233.0,41234,-1.0,41462.0,41459,3.0,3.536,3.448,0.08800000000000008,0.5669599999999999,0.56402,0.0029399999999999427,0.954337899543379,0.910411622276029,0.04392627726734999
49,98,94,41462.0,41459,3.0,41685.0,41687,-2.0,41905.0,41926,-21.0,3.616,3.624,-0.008000000000000007,0.63441,0.63441,0.0,0.9932279909706546,0.9764453961456103,0.016782594825044295
49,99,95,41905.0,41926,-21.0,42126.0,42111,15.0,42348.0,42379,-31.0,3.528,3.392,0.13600000000000012,0.64321,0.64321,0.0,0.9977426636568849,0.8167770419426048,0.1809656217142801
49,100,96,42348.0,42379,-31.0,42579.0,42570,9.0,42790.0,42801,-11.0,3.624,3.672,-0.04800000000000004,0.60801,0.60801,0.0,0.9547511312217195,0.9052132701421801,0.04953786107953939
49,101,97,42790.0,42801,-11.0,42994.0,42996,-2.0,43197.0,43207,-10.0,3.32,3.408,-0.08800000000000008,0.536653,0.544473,-0.007819999999999938,0.9975429975429976,0.9605911330049262,0.03695186453807142
49,102,98,43197.0,43207,-10.0,43420.0,43418,2.0,43649.0,43692,-43.0,3.408,3.376,0.03200000000000003,0.6627529999999999,0.660798,0.001954999999999929,0.9867256637168141,0.8701030927835052,0.11662257093330897
49,103,99,43649.0,43692,-43.0,43878.0,43897,-19.0,44066.0,44069,-3.0,3.664,3.832,-0.1679999999999997,0.39686999999999995,0.39686999999999995,0.0,0.9016786570743405,0.9124668435013262,-0.010788186426985757
49,104,100,44066.0,44069,-3.0,44271.0,44282,-11.0,44493.0,44503,-10.0,3.144,3.08,0.06400000000000006,0.59824,0.59824,0.0,0.9601873536299765,0.9815668202764977,-0.021379466646521128
49,105,101,44493.0,44503,-10.0,44692.0,44704,-12.0,44912.0,44927,-15.0,3.368,3.376,-0.008000000000000007,0.63148,0.66178,-0.030299999999999994,0.9498806682577565,0.9481132075471698,0.0017674607105867546
49,106,102,44912.0,44927,-15.0,45115.0,45111,4.0,45318.0,45334,-16.0,3.384,3.256,0.1280000000000001,0.6314799999999999,0.6314799999999999,0.0,1.0,0.9041769041769042,0.09582309582309578
49,107,103,45318.0,45334,-16.0,45502.0,45520,-18.0,45739.0,45766,-27.0,3.096,3.272,-0.1759999999999997,0.64516,0.64516,0.0,0.8741092636579573,0.8611111111111112,0.012998152546846109
49,108,104,45739.0,45766,-27.0,45931.0,45924,7.0,46174.0,46181,-7.0,3.432,3.232,0.19999999999999973,0.671557,0.671557,0.0,0.8827586206896552,0.7614457831325301,0.12131283755712507
49,109,105,46174.0,46181,-7.0,46417.0,46412,5.0,46640.0,46674,-34.0,3.888,3.904,-0.016000000000000014,0.82405,0.800589,0.023460999999999954,0.9570815450643777,0.9371196754563894,0.019961869607988292
49,110,106,46640.0,46674,-34.0,46828.0,46839,-11.0,47053.0,47080,-27.0,3.288,3.416,-0.1280000000000001,0.61192,0.6324500000000001,-0.020530000000000048,0.910411622276029,0.812807881773399,0.09760374050262999
49,111,107,47053.0,47080,-27.0,47269.0,47262,7.0,47543.0,47583,-40.0,3.528,3.384,0.14400000000000013,0.74193,0.74193,0.0,0.8816326530612245,0.7236580516898609,0.15797460137136365
49,112,108,47543.0,47583,-40.0,47798.0,47769,29.0,48009.0,48048,-39.0,4.232,4.056,0.17600000000000016,0.45553000000000005,0.5914,-0.13587,0.9055793991416309,0.8,0.10557939914163084
49,113,109,48009.0,48048,-39.0,48237.0,48227,10.0,48468.0,48483,-15.0,3.512,3.664,-0.15200000000000014,0.84653,0.84653,0.0,0.9934640522875817,0.8229885057471265,0.17047554654045527
49,114,110,48468.0,48483,-15.0,48713.0,48696,17.0,48912.0,48919,-7.0,3.808,3.752,0.05600000000000005,0.45552000000000004,0.45748,-0.0019599999999999618,0.8963963963963963,0.9770642201834863,-0.08066782378708992
49,115,111,48912.0,48919,-7.0,49140.0,49144,-4.0,49330.0,49334,-4.0,3.416,3.584,-0.16800000000000015,0.63734,0.63734,0.0,0.9090909090909091,0.9156626506024097,-0.0065717415115006395
49,116,112,49330.0,49334,-4.0,49513.0,49525,-12.0,49718.0,49719,-1.0,2.984,3.048,-0.06400000000000006,0.64809,0.64907,-0.0009799999999999809,0.9432989690721649,0.9922077922077922,-0.04890882313562728
49,117,113,49718.0,49719,-1.0,49911.0,49917,-6.0,50135.0,50141,-6.0,3.184,3.136,0.04800000000000004,0.68133,0.68133,0.0,0.9256594724220624,0.9383886255924171,-0.012729153170354723
49,118,114,50135.0,50141,-6.0,50321.0,50335,-14.0,50554.0,50570,-16.0,3.28,3.344,-0.06400000000000006,0.6334299999999999,0.6334299999999999,0.0,0.8878281622911695,0.9044289044289044,-0.016600742137734992
49,119,115,50554.0,50570,-16.0,50809.0,50815,-6.0,51029.0,51059,-30.0,3.904,3.84,0.06400000000000006,0.53666,0.53666,0.0,0.9263157894736842,0.9979550102249489,-0.07163922075126472
49,120,116,51029.0,51059,-30.0,51231.0,51241,-10.0,51532.0,51554,-22.0,3.376,3.408,-0.03200000000000003,0.65983,0.65983,0.0,0.8031809145129225,0.7353535353535354,0.06782737915938708
49,121,117,51532.0,51554,-22.0,51748.0,51743,5.0,51976.0,52024,-48.0,4.136,4.016,0.1200000000000001,0.6715500000000001,0.6715500000000001,0.0,0.972972972972973,0.8042553191489361,0.16871765382403692
49,122,118,51976.0,52024,-48.0,52200.0,52195,5.0,52441.0,52478,-37.0,3.616,3.616,0.0,0.6617799999999999,0.6617799999999999,0.0,0.9634408602150537,0.7533039647577092,0.21013689545734449
49,123,119,52441.0,52478,-37.0,52647.0,52642,5.0,52865.0,52899,-34.0,3.576,3.576,0.0,0.52395,0.522,0.0019500000000000073,0.9716981132075472,0.7790973871733967,0.19260072603415046
49,124,120,52865.0,52899,-34.0,53073.0,53081,-8.0,53266.0,53275,-9.0,3.408,3.512,-0.10400000000000009,0.51026,0.51026,0.0,0.9625935162094763,0.9680851063829787,-0.005491590173502425
49,125,121,53266.0,53275,-9.0,53468.0,53468,0.0,53688.0,53689,-1.0,3.16,3.096,0.06400000000000006,0.64809,0.65004,-0.0019499999999998963,0.957345971563981,0.9323671497584541,0.024978821805526907
49,126,122,53688.0,53689,-1.0,53860.0,53883,-23.0,54115.0,54122,-7.0,3.136,3.32,-0.18399999999999972,0.5992200000000001,0.5992200000000001,0.0,0.8056206088992974,0.8960739030023095,-0.09045329410301206
49,127,123,54115.0,54122,-7.0,54295.0,54320,-25.0,54529.0,54544,-15.0,3.48,3.496,-0.016000000000000014,0.6060599999999999,0.60802,-0.001960000000000073,0.8695652173913043,0.9383886255924171,-0.06882340820111277
49,128,124,54529.0,54544,-15.0,54718.0,54727,-9.0,54949.0,54957,-8.0,3.384,3.256,0.1280000000000001,0.609,0.61193,-0.002929999999999988,0.9,0.8861985472154964,0.01380145278450362
49,129,125,54949.0,54957,-8.0,55144.0,55136,8.0,55364.0,55401,-37.0,3.408,3.272,0.13600000000000012,0.6031299999999999,0.6031299999999999,0.0,0.9397590361445783,0.8063063063063063,0.13345272983827206
49,130,126,55364.0,55401,-37.0,55573.0,55568,5.0,55788.0,55819,-31.0,3.432,3.456,-0.02400000000000002,0.47019,0.47019,0.0,0.9858490566037735,0.799043062200957,0.18680599440281653
49,131,127,55788.0,55819,-31.0,55993.0,56013,-20.0,56229.0,56238,-9.0,3.36,3.56,-0.20000000000000018,0.65005,0.65005,0.0,0.9297052154195011,0.9260143198090692,0.003690895610431899
49,132,128,56229.0,56238,-9.0,56462.0,56467,-5.0,56678.0,56695,-17.0,3.752,3.632,0.11999999999999966,0.62855,0.61877,0.009780000000000011,0.9621380846325167,0.9978118161925602,-0.0356737315600435
49,133,129,56678.0,56695,-17.0,56887.0,56900,-13.0,57124.0,57142,-18.0,3.4,3.464,-0.06400000000000006,0.45748,0.45748,0.0,0.9372197309417041,0.9172259507829977,0.019993780158706342
49,134,130,57124.0,57142,-18.0,57331.0,57333,-2.0,57563.0,57584,-21.0,3.552,3.464,0.08800000000000008,0.5728300000000001,0.5874900000000001,-0.014660000000000006,0.9430523917995444,0.8642533936651584,0.07879899813438596
49,135,131,57563.0,57584,-21.0,57788.0,57780,8.0,58012.0,57978,34.0,3.656,3.576,0.08000000000000007,0.5532699999999999,0.55132,0.0019499999999998963,0.9977728285077951,0.9949238578680203,0.0028489706397748504
49,136,132,58012.0,57978,34.0,58255.0,58274,-19.0,58489.0,58500,-11.0,3.736,3.952,-0.21599999999999975,0.5659799999999999,0.5659799999999999,0.0,0.9811320754716981,0.8659003831417624,0.11523169232993569
49,137,133,58489.0,58500,-11.0,58705.0,58718,-13.0,58939.0,58945,-6.0,3.6,3.552,0.04800000000000004,0.6275700000000001,0.62855,-0.0009799999999999809,0.96,0.9797752808988764,-0.01977528089887648
49,138,134,58939.0,58945,-6.0,59155.0,59154,1.0,59400.0,59418,-18.0,3.6,3.488,0.1120000000000001,0.66275,0.6744829999999999,-0.011732999999999993,0.9370932754880694,0.8837209302325582,0.053372345255511267
49,139,135,59400.0,59418,-18.0,59573.0,59562,11.0,59753.0,59796,-43.0,3.344,3.264,0.08000000000000007,0.522973,0.5044000000000001,0.01857299999999995,0.9801699716713881,0.7619047619047619,0.21826520976662622
50,1,1,226.0,211,15.0,441.0,445,-4.0,673.0,680,-7.0,,,,1.0,1.0,0.0,0.9619686800894854,0.997867803837953,-0.0358991237484676
50,2,2,673.0,680,-7.0,909.0,913,-4.0,1163.0,1137,26.0,3.744,3.744,0.0,1.0,1.0,0.0,0.963265306122449,0.9803063457330415,-0.017041039610592557
50,3,3,1163.0,1137,26.0,1408.0,1411,-3.0,1669.0,1657,12.0,3.992,3.984,0.008000000000000007,1.0,1.0,0.0,0.9683794466403162,0.9461538461538461,0.022225600486470043
50,4,4,1669.0,1657,12.0,1909.0,1911,-2.0,2171.0,2136,35.0,4.008,4.0,0.008000000000000007,1.0,1.0,0.0,0.9561752988047809,0.9394572025052192,0.01671809629956167
50,5,5,2171.0,2136,35.0,2420.0,2416,4.0,2712.0,2659,53.0,4.088,4.04,0.04800000000000004,1.0,1.0,0.0,0.9205175600739371,0.9292543021032504,-0.008736742029313294
50,6,6,2712.0,2659,53.0,2988.0,2985,3.0,3267.0,3288,-21.0,4.544,4.552,-0.008000000000000007,1.0,1.0,0.0,0.9945945945945946,0.9634340222575517,0.031160572337042947
50,7,7,3267.0,3288,-21.0,3504.0,3498,6.0,3771.0,3818,-47.0,4.128,4.104,0.02400000000000002,1.0,1.0,0.0,0.9404761904761905,0.7924528301886793,0.14802336028751117
50,8,8,3771.0,3818,-47.0,4025.0,4023,2.0,4264.0,4291,-27.0,4.168,4.2,-0.03200000000000003,1.0,1.0,0.0,0.9695740365111561,0.8668076109936576,0.1027664255174986
50,9,9,4264.0,4291,-27.0,4500.0,4503,-3.0,4738.0,4778,-40.0,3.8,3.84,-0.040000000000000036,1.0,1.0,0.0,0.9957805907172996,0.8706365503080082,0.1251440404092914
50,10,10,4738.0,4778,-40.0,4986.0,4968,18.0,5226.0,5247,-21.0,3.888,3.72,0.1679999999999997,1.0,1.0,0.0,0.9836065573770492,0.8102345415778252,0.173372015799224
50,11,11,5226.0,5247,-21.0,5458.0,5458,0.0,5693.0,5730,-37.0,3.776,3.92,-0.14400000000000013,1.0,1.0,0.0,0.9935760171306209,0.8737060041407867,0.11987001298983424
50,12,12,5693.0,5730,-37.0,5933.0,5934,-1.0,6168.0,6198,-30.0,3.8,3.808,-0.008000000000000007,1.0,1.0,0.0,0.9894736842105263,0.8717948717948718,0.11767881241565448
50,13,13,6168.0,6198,-30.0,6409.0,6375,34.0,6645.0,6652,-7.0,3.808,3.528,0.2799999999999998,1.0,1.0,0.0,0.989517819706499,0.7797356828193833,0.20978213688711567
50,14,14,6645.0,6652,-7.0,6853.0,6853,0.0,7093.0,7096,-3.0,3.552,3.824,-0.2719999999999998,1.0,1.0,0.0,0.9285714285714286,0.9054054054054054,0.02316602316602323
50,15,15,7093.0,7096,-3.0,7328.0,7327,1.0,7587.0,7549,38.0,3.8,3.792,0.008000000000000007,1.0,1.0,0.0,0.951417004048583,0.9801324503311258,-0.028715446282542856
50,16,16,7587.0,7549,38.0,7849.0,7846,3.0,8113.0,8075,38.0,4.168,4.152,0.016000000000000014,1.0,1.0,0.0,0.9961977186311787,0.870722433460076,0.12547528517110262
50,17,17,8113.0,8075,38.0,8345.0,8340,5.0,8627.0,8665,-38.0,3.968,3.952,0.016000000000000014,1.0,1.0,0.0,0.9027237354085603,0.8983050847457628,0.004418650662797563
50,18,18,8627.0,8665,-38.0,8885.0,8881,4.0,9110.0,9127,-17.0,4.32,4.328,-0.008000000000000007,1.0,1.0,0.0,0.9316770186335404,0.935064935064935,-0.0033879164313946886
50,19,19,9110.0,9127,-17.0,9328.0,9324,4.0,9576.0,9593,-17.0,3.544,3.544,0.0,1.0,1.0,0.0,0.9356223175965666,0.8454935622317596,0.09012875536480691
50,20,20,9576.0,9593,-17.0,9779.0,9781,-2.0,10031.0,10027,4.0,3.608,3.656,-0.04800000000000004,1.0,1.0,0.0,0.8923076923076922,0.8663594470046083,0.025948245303083928
50,21,21,10031.0,10027,4.0,10249.0,10251,-2.0,10495.0,10498,-3.0,3.76,3.76,0.0,1.0,1.0,0.0,0.9396551724137931,0.9511677282377919,-0.011512555823998794
50,22,22,10495.0,10498,-3.0,10738.0,10736,2.0,10971.0,10982,-11.0,3.912,3.88,0.03200000000000003,1.0,1.0,0.0,0.9789915966386554,0.9834710743801653,-0.0044794777415099185
50,23,23,10971.0,10982,-11.0,11172.0,11167,5.0,11425.0,11452,-27.0,3.472,3.448,0.02400000000000002,1.0,1.0,0.0,0.8854625550660793,0.7872340425531915,0.09822851251288778
50,24,24,11425.0,11452,-27.0,11645.0,11640,5.0,11894.0,11894,0.0,3.784,3.784,0.0,1.0,1.0,0.0,0.9381663113006397,0.8506787330316742,0.08748757826896547
50,25,25,11894.0,11894,0.0,12115.0,12115,0.0,12361.0,12374,-13.0,3.76,3.8,-0.040000000000000036,1.0,1.0,0.0,0.9464668094218416,0.9208333333333334,0.02563347608850819
50,26,26,12361.0,12374,-13.0,12605.0,12609,-4.0,12844.0,12865,-21.0,3.92,3.952,-0.03200000000000003,1.0,1.0,0.0,0.989648033126294,0.9572301425661914,0.03241789056010258
50,27,27,12844.0,12865,-21.0,13080.0,13078,2.0,13303.0,13300,3.0,3.8,3.752,0.04800000000000004,1.0,1.0,0.0,0.971677559912854,0.9793103448275862,-0.0076327849147321825
50,28,28,13303.0,13300,3.0,13501.0,13504,-3.0,13761.0,13763,-2.0,3.368,3.408,-0.040000000000000036,1.0,1.0,0.0,0.8646288209606987,0.8812095032397408,-0.01658068227904208
50,29,29,13761.0,13763,-2.0,13977.0,13981,-4.0,14234.0,14240,-6.0,3.808,3.816,-0.008000000000000007,1.0,1.0,0.0,0.9133192389006343,0.9140461215932913,-0.0007268826926570826
50,30,30,14234.0,14240,-6.0,14462.0,14465,-3.0,14708.0,14745,-37.0,3.88,3.872,0.008000000000000007,1.0,1.0,0.0,0.9620253164556962,0.8910891089108911,0.07093620754480512
50,31,31,14708.0,14745,-37.0,14949.0,14940,9.0,15233.0,15317,-84.0,3.896,3.8,0.09600000000000009,1.0,1.0,0.0,0.9180952380952381,0.6818181818181819,0.2362770562770562
50,32,32,15233.0,15317,-84.0,15529.0,15512,17.0,15792.0,15822,-30.0,4.64,4.576,0.06400000000000006,1.0,1.0,0.0,0.9409660107334525,0.7722772277227723,0.16868878301068024
50,33,33,15792.0,15822,-30.0,16038.0,16035,3.0,16316.0,16274,42.0,4.072,4.184,-0.1120000000000001,1.0,1.0,0.0,0.9389312977099237,0.9424778761061947,-0.0035465783962710384
50,34,34,16316.0,16274,42.0,16627.0,16604,23.0,16914.0,16879,35.0,4.712,4.552,0.16000000000000014,1.0,1.0,0.0,0.959866220735786,0.9090909090909091,0.05077531164487692
50,35,35,16914.0,16879,35.0,17175.0,17171,4.0,17438.0,17448,-10.0,4.384,4.536,-0.15199999999999925,1.0,1.0,0.0,0.9961832061068703,0.9736379613356766,0.022545244771193684
50,36,36,17438.0,17448,-10.0,17681.0,17678,3.0,17954.0,17979,-25.0,4.048,4.056,-0.008000000000000007,1.0,1.0,0.0,0.9418604651162791,0.8662900188323917,0.07557044628388743
50,37,37,17954.0,17979,-25.0,18207.0,18194,13.0,18481.0,18501,-20.0,4.208,4.128,0.08000000000000007,1.0,1.0,0.0,0.9601518026565465,0.8237547892720307,0.13639701338451582
50,38,38,18481.0,18501,-20.0,18721.0,18715,6.0,19048.0,19101,-53.0,4.112,4.168,-0.05600000000000005,1.0,1.0,0.0,0.8465608465608465,0.7133333333333334,0.13322751322751314
50,39,39,19048.0,19101,-53.0,19313.0,19303,10.0,19591.0,19640,-49.0,4.736,4.704,0.03200000000000003,1.0,1.0,0.0,0.9760589318600368,0.7495361781076066,0.22652275375243014
50,40,40,19591.0,19640,-49.0,19835.0,19810,25.0,20089.0,20095,-6.0,4.176,4.056,0.1200000000000001,1.0,1.0,0.0,0.9799196787148594,0.7472527472527473,0.23266693146211215
50,41,41,20089.0,20095,-6.0,20300.0,20293,7.0,20556.0,20562,-6.0,3.72,3.864,-0.14399999999999968,1.0,1.0,0.0,0.9036402569593147,0.8479657387580299,0.05567451820128477
50,42,42,20556.0,20562,-6.0,20775.0,20772,3.0,21034.0,21039,-5.0,3.8,3.832,-0.03200000000000003,1.0,1.0,0.0,0.9163179916317992,0.8805031446540881,0.03581484697771109
50,43,43,21034.0,21039,-5.0,21269.0,21270,-1.0,21533.0,21509,24.0,3.952,3.984,-0.03200000000000003,1.0,1.0,0.0,0.9418837675350702,0.9829787234042553,-0.0410949558691851
50,44,44,21533.0,21509,24.0,21771.0,21766,5.0,22091.0,22138,-47.0,4.016,3.968,0.04800000000000004,1.0,1.0,0.0,0.8530465949820789,0.8171701112877583,0.035876483694320616
50,45,45,22091.0,22138,-47.0,22361.0,22359,2.0,22651.0,22699,-48.0,4.72,4.744,-0.02400000000000002,1.0,1.0,0.0,0.9642857142857143,0.7878787878787878,0.17640692640692646
50,46,46,22651.0,22699,-48.0,22925.0,22883,42.0,23207.0,23235,-28.0,4.512,4.192,0.3199999999999994,1.0,1.0,0.0,0.9856115107913669,0.6865671641791045,0.2990443466122624
50,47,47,23207.0,23235,-28.0,23456.0,23445,11.0,23791.0,23845,-54.0,4.248,4.496,-0.24800000000000022,1.0,1.0,0.0,0.8527397260273972,0.6885245901639344,0.1642151358634628
50,48,48,23791.0,23845,-54.0,24064.0,24051,13.0,24364.0,24402,-38.0,4.864,4.848,0.016000000000000014,1.0,1.0,0.0,0.9528795811518325,0.7396768402154399,0.21320274093639258
50,49,49,24364.0,24402,-38.0,24623.0,24604,19.0,24894.0,24912,-18.0,4.472,4.424,0.04800000000000004,1.0,1.0,0.0,0.9773584905660377,0.792156862745098,0.18520162782093974
50,50,50,24894.0,24912,-18.0,25147.0,25146,1.0,25422.0,25449,-27.0,4.192,4.336,-0.14400000000000013,1.0,1.0,0.0,0.9583333333333334,0.8715083798882681,0.08682495344506524
50,51,51,25422.0,25449,-27.0,25658.0,25642,16.0,25961.0,25895,66.0,4.088,3.968,0.1200000000000001,1.0,1.0,0.0,0.8756957328385899,0.8654708520179373,0.010224880820652649
50,52,52,25961.0,25895,66.0,26233.0,26219,14.0,26496.0,26505,-9.0,4.6,4.616,-0.016000000000000014,1.0,1.0,0.0,0.983177570093458,0.9377049180327869,0.04547265206067108
50,53,53,26496.0,26505,-9.0,26721.0,26718,3.0,26985.0,27023,-38.0,3.904,3.992,-0.08800000000000008,1.0,1.0,0.0,0.9202453987730062,0.8223938223938224,0.09785157637918374
50,54,54,26985.0,27023,-38.0,27206.0,27207,-1.0,27447.0,27461,-14.0,3.88,3.912,-0.03200000000000003,1.0,1.0,0.0,0.9567099567099567,0.8401826484018264,0.1165273083081303
50,55,55,27447.0,27461,-14.0,27671.0,27663,8.0,27910.0,27936,-26.0,3.72,3.648,0.07200000000000006,1.0,1.0,0.0,0.9676025917926566,0.8505263157894737,0.11707627600318293
50,56,56,27910.0,27936,-26.0,28143.0,28118,25.0,28422.0,28471,-49.0,3.776,3.64,0.13599999999999968,1.0,1.0,0.0,0.91015625,0.6803738317757009,0.22978241822429912
50,57,57,28422.0,28471,-49.0,28665.0,28656,9.0,28943.0,28988,-45.0,4.176,4.304,-0.1280000000000001,1.0,1.0,0.0,0.9328214971209213,0.7156673114119922,0.21715418570892908
50,58,58,28943.0,28988,-45.0,29179.0,29165,14.0,29422.0,29429,-7.0,4.112,4.072,0.040000000000000036,1.0,1.0,0.0,0.9853862212943633,0.8027210884353742,0.1826651328589891
50,59,59,29422.0,29429,-7.0,29636.0,29631,5.0,29884.0,29895,-11.0,3.656,3.728,-0.07200000000000006,1.0,1.0,0.0,0.9264069264069263,0.8669527896995708,0.059454136707355554
50,60,60,29884.0,29895,-11.0,30076.0,30076,0.0,30317.0,30270,47.0,3.52,3.56,-0.040000000000000036,1.0,1.0,0.0,0.8868360277136259,0.9653333333333334,-0.07849730561970747
50,61,61,30317.0,30270,47.0,30574.0,30574,0.0,30806.0,30779,27.0,3.984,3.984,0.0,1.0,1.0,0.0,0.9488752556237219,0.805500982318271,0.14337427330545083
50,62,62,30806.0,30779,27.0,31056.0,31055,1.0,31290.0,31313,-23.0,3.856,3.848,0.008000000000000007,1.0,1.0,0.0,0.9669421487603306,0.9662921348314607,0.0006500139288698747
50,63,63,31290.0,31313,-23.0,31534.0,31536,-2.0,31776.0,31795,-19.0,3.824,3.848,-0.02400000000000002,1.0,1.0,0.0,0.9958847736625515,0.9253112033195021,0.07057357034304934
50,64,64,31776.0,31795,-19.0,32002.0,31997,5.0,32227.0,32223,4.0,3.744,3.688,0.05600000000000005,1.0,1.0,0.0,0.9977827050997783,0.9439252336448598,0.05385747145491848
50,65,65,32227.0,32223,4.0,32449.0,32453,-4.0,32679.0,32685,-6.0,3.576,3.648,-0.07200000000000006,1.0,1.0,0.0,0.9823008849557522,0.9956709956709957,-0.013370110715243522
50,66,66,32679.0,32685,-6.0,32905.0,32909,-4.0,33132.0,33130,2.0,3.648,3.648,0.0,1.0,1.0,0.0,0.9977924944812362,0.9932584269662922,0.004534067514944007
50,67,67,33132.0,33130,2.0,33350.0,33354,-4.0,33605.0,33574,31.0,3.56,3.56,0.0,1.0,1.0,0.0,0.9217758985200846,0.990990990990991,-0.0692150924709064
50,68,68,33605.0,33574,31.0,33861.0,33862,-1.0,34120.0,34086,34.0,4.088,4.064,0.02400000000000002,0.98045,0.98045,0.0,0.9941747572815534,0.875,0.11917475728155336
50,69,69,34120.0,34086,34.0,34437.0,34436,1.0,34703.0,34681,22.0,4.608,4.592,0.016000000000000014,0.981427,0.981427,0.0,0.9125214408233276,0.8235294117647058,0.0889920290586218
50,70,70,34703.0,34681,22.0,34955.0,34959,-4.0,35219.0,35226,-7.0,4.144,4.184,-0.040000000000000036,1.0,1.0,0.0,0.9767441860465116,0.9798165137614678,-0.0030723277149562467
50,71,71,35219.0,35226,-7.0,35452.0,35452,0.0,35738.0,35692,46.0,3.976,3.944,0.03200000000000003,1.0,1.0,0.0,0.8978805394990366,0.9699570815450643,-0.07207654204602776
50,72,72,35738.0,35692,46.0,36031.0,36006,25.0,36325.0,36361,-36.0,4.632,4.432,0.1999999999999993,1.0,1.0,0.0,0.9982964224872232,0.9387144992526159,0.059581923234607315
50,73,73,36325.0,36361,-36.0,36580.0,36573,7.0,36840.0,36860,-20.0,4.392,4.536,-0.14399999999999924,1.0,1.0,0.0,0.9902912621359223,0.8496993987975952,0.14059186333832718
50,74,74,36840.0,36860,-20.0,37076.0,37067,9.0,37379.0,37350,29.0,3.968,3.952,0.016000000000000014,1.0,1.0,0.0,0.8756957328385899,0.8448979591836735,0.030797773654916427
50,75,75,37379.0,37350,29.0,37650.0,37637,13.0,37957.0,37999,-42.0,4.592,4.56,0.03200000000000003,1.0,1.0,0.0,0.9377162629757786,0.884437596302003,0.053278666673775565
50,76,76,37957.0,37999,-42.0,38225.0,38228,-3.0,38555.0,38591,-36.0,4.6,4.728,-0.1280000000000001,1.0,1.0,0.0,0.8963210702341137,0.7736486486486487,0.12267242158546499
50,77,77,38555.0,38591,-36.0,38836.0,38832,4.0,39101.0,39114,-13.0,4.888,4.832,0.05600000000000005,0.9970675,1.0,-0.0029325000000000045,0.9706959706959707,0.9216061185468452,0.049089852149125535
50,78,78,39101.0,39114,-13.0,39324.0,39326,-2.0,39604.0,39639,-35.0,3.904,3.952,-0.04800000000000004,1.0,1.0,0.0,0.8866799204771372,0.8076190476190477,0.07906087285808949
50,79,79,39604.0,39639,-35.0,39853.0,39839,14.0,40129.0,40156,-27.0,4.232,4.104,0.1280000000000001,1.0,1.0,0.0,0.9485714285714286,0.7736943907156673,0.17487703785576136
50,80,80,40129.0,40156,-27.0,40381.0,40347,34.0,40666.0,40620,46.0,4.224,4.064,0.16000000000000014,1.0,1.0,0.0,0.9385474860335196,0.8232758620689655,0.11527162396455404
50,81,81,40666.0,40620,46.0,40929.0,40924,5.0,41186.0,41235,-49.0,4.384,4.616,-0.23199999999999932,1.0,1.0,0.0,0.9884615384615385,0.9886178861788618,-0.00015634771732331298
50,82,82,41186.0,41235,-49.0,41415.0,41414,1.0,41663.0,41688,-25.0,3.888,3.92,-0.03200000000000003,1.0,1.0,0.0,0.960167714884696,0.7902869757174393,0.16988073916725666
50,83,83,41663.0,41688,-25.0,41879.0,41875,4.0,42131.0,42165,-34.0,3.712,3.688,0.02400000000000002,1.0,1.0,0.0,0.9230769230769231,0.7840670859538784,0.1390098371230447
50,84,84,42131.0,42165,-34.0,42344.0,42343,1.0,42590.0,42580,10.0,3.72,3.744,-0.02400000000000002,1.0,1.0,0.0,0.9281045751633987,0.8578313253012049,0.07027324986219385
50,85,85,42590.0,42580,10.0,42813.0,42816,-3.0,43041.0,43052,-11.0,3.752,3.784,-0.03200000000000003,1.0,1.0,0.0,0.9889135254988913,1.0,-0.011086474501108667
50,86,86,43041.0,43052,-11.0,43265.0,43280,-15.0,43497.0,43496,1.0,3.616,3.712,-0.09600000000000009,1.0,1.0,0.0,0.9824561403508771,0.972972972972973,0.009483167377904111
50,87,87,43497.0,43496,1.0,43719.0,43716,3.0,43956.0,43955,1.0,3.632,3.488,0.14400000000000013,1.0,1.0,0.0,0.9673202614379085,0.9586056644880174,0.008714596949891074
50,88,88,43956.0,43955,1.0,44196.0,44201,-5.0,44436.0,44437,-1.0,3.816,3.88,-0.06400000000000006,1.0,1.0,0.0,1.0,0.979253112033195,0.020746887966805017
50,89,89,44436.0,44437,-1.0,44686.0,44690,-4.0,44908.0,44906,2.0,3.92,3.912,0.008000000000000007,0.98827,0.98827,0.0,0.940677966101695,0.9211087420042644,0.01956922409743056
50,90,90,44908.0,44906,2.0,45136.0,45123,13.0,45373.0,45351,22.0,3.6,3.464,0.13600000000000012,0.975562,0.975562,0.0,0.9806451612903225,0.9752808988764045,0.005364262413918075
50,91,91,45373.0,45351,22.0,45662.0,45679,-17.0,45913.0,45920,-7.0,4.208,4.448,-0.2400000000000002,0.965787,0.965787,0.0,0.9296296296296296,0.8471001757469244,0.08252945388270516
50,92,92,45913.0,45920,-7.0,46174.0,46179,-5.0,46416.0,46422,-6.0,4.096,4.0,0.09600000000000009,0.9970675,0.9970675,0.0,0.9622266401590457,0.9681274900398407,-0.005900849880794978
50,93,93,46416.0,46422,-6.0,46678.0,46685,-7.0,46950.0,46961,-11.0,4.032,4.048,-0.016000000000000014,0.97263,0.97263,0.0,0.9812734082397003,0.9758812615955473,0.005392146644152995
50,94,94,46950.0,46961,-11.0,47205.0,47201,4.0,47510.0,47473,37.0,4.216,4.128,0.08800000000000008,1.0,1.0,0.0,0.9107142857142857,0.9375,-0.0267857142857143
50,95,95,47510.0,47473,37.0,47781.0,47789,-8.0,48015.0,48027,-12.0,4.608,4.704,-0.09600000000000009,1.0,1.0,0.0,0.9267326732673268,0.8592057761732852,0.06752689709404158
50,96,96,48015.0,48027,-12.0,48246.0,48264,-18.0,48471.0,48465,6.0,3.72,3.8,-0.07999999999999963,1.0,1.0,0.0,0.9868421052631579,0.9178082191780822,0.06903388608507566
50,97,97,48471.0,48465,6.0,48694.0,48689,5.0,48936.0,48927,9.0,3.584,3.4,0.18400000000000016,1.0,1.0,0.0,0.9591397849462365,0.9696969696969697,-0.010557184750733195
50,98,98,48936.0,48927,9.0,49154.0,49153,1.0,49407.0,49391,16.0,3.68,3.712,-0.03200000000000003,1.0,1.0,0.0,0.9256900212314225,0.9741379310344828,-0.04844790980306024
50,99,99,49407.0,49391,16.0,49649.0,49644,5.0,49892.0,49888,4.0,3.96,3.928,0.03200000000000003,1.0,1.0,0.0,0.9979381443298969,0.9818913480885312,0.016046796241365735
50,100,100,49892.0,49888,4.0,50121.0,50125,-4.0,50353.0,50356,-3.0,3.776,3.848,-0.07200000000000006,1.0,1.0,0.0,0.9934924078091106,0.9871794871794872,0.006312920629623409
50,101,101,50353.0,50356,-3.0,50586.0,50598,-12.0,50849.0,50839,10.0,3.72,3.784,-0.06399999999999961,0.9960899,0.9960899,0.0,0.939516129032258,0.9979296066252588,-0.05841347759300075
50,102,102,50849.0,50839,10.0,51111.0,51116,-5.0,51389.0,51374,15.0,4.2,4.144,0.05600000000000005,0.969697,0.987292,-0.017594999999999916,0.9703703703703703,0.9644859813084112,0.005884389061959094
50,103,103,51389.0,51374,15.0,51660.0,51663,-3.0,51917.0,51935,-18.0,4.392,4.376,0.016000000000000014,1.0,1.0,0.0,0.9734848484848485,0.9696969696969697,0.0037878787878787845
50,104,104,51917.0,51935,-18.0,52178.0,52195,-17.0,52421.0,52435,-14.0,4.144,4.256,-0.1120000000000001,1.0,1.0,0.0,0.9642857142857143,0.96,0.004285714285714337
50,105,105,52421.0,52435,-14.0,52672.0,52683,-11.0,52929.0,52931,-2.0,3.952,3.904,0.04800000000000004,1.0,1.0,0.0,0.9881889763779528,1.0,-0.011811023622047223
50,106,106,52929.0,52931,-2.0,53172.0,53174,-2.0,53433.0,53417,16.0,4.0,3.928,0.07200000000000006,1.0,1.0,0.0,0.9642857142857143,1.0,-0.0357142857142857
50,107,107,53433.0,53417,16.0,53680.0,53673,7.0,53967.0,54015,-48.0,4.064,3.992,0.07200000000000006,1.0,1.0,0.0,0.9250936329588015,0.8561872909698997,0.06890634198890189
50,108,108,53967.0,54015,-48.0,54245.0,54242,3.0,54522.0,54535,-13.0,4.52,4.552,-0.03200000000000003,1.0,1.0,0.0,0.9981981981981982,0.8730769230769231,0.12512127512127513
50,109,109,54522.0,54535,-13.0,54778.0,54774,4.0,55051.0,55061,-10.0,4.264,4.256,0.008000000000000007,1.0,1.0,0.0,0.9678638941398866,0.908745247148289,0.059118646991597634
50,110,110,55051.0,55061,-10.0,55324.0,55329,-5.0,55598.0,55617,-19.0,4.368,4.44,-0.07200000000000006,1.0,1.0,0.0,0.9981718464351006,0.9640287769784173,0.03414306945668333
50,111,111,55598.0,55617,-19.0,55847.0,55848,-1.0,56107.0,56105,2.0,4.184,4.152,0.03200000000000003,1.0,1.0,0.0,0.9783889980353635,0.9467213114754098,0.03166768655995367
50,112,112,56107.0,56105,2.0,56333.0,56335,-2.0,56608.0,56623,-15.0,3.888,3.896,-0.008000000000000007,1.0,1.0,0.0,0.9021956087824351,0.888030888030888,0.014164720751547066
50,113,113,56608.0,56623,-15.0,56856.0,56850,6.0,57159.0,57197,-38.0,4.184,4.12,0.06400000000000006,1.0,1.0,0.0,0.9001814882032668,0.7909407665505226,0.10924072165274423
50,114,114,57159.0,57197,-38.0,57434.0,57430,4.0,57744.0,57781,-37.0,4.624,4.64,-0.016000000000000014,1.0,1.0,0.0,0.9401709401709402,0.797945205479452,0.14222573469148814
50,115,115,57744.0,57781,-37.0,58014.0,58015,-1.0,58291.0,58277,14.0,4.64,4.68,-0.040000000000000036,1.0,1.0,0.0,0.9872029250457038,0.9435483870967742,0.043654537948929595
50,116,116,58291.0,58277,14.0,58544.0,58537,7.0,58850.0,58874,-24.0,4.24,4.176,0.06400000000000006,1.0,1.0,0.0,0.9051878354203936,0.8710217755443886,0.03416605987600496
50,117,117,58850.0,58874,-24.0,59115.0,59115,0.0,59405.0,59423,-18.0,4.568,4.624,-0.05600000000000005,1.0,1.0,0.0,0.954954954954955,0.877959927140255,0.07699502781470002
51,1,1,370.0,389,-19.0,571.0,565,6.0,767.0,789,-22.0,,,,0.84352,0.82885,0.014670000000000072,0.9874055415617129,0.88,0.10740554156171289
51,2,2,767.0,789,-22.0,982.0,970,12.0,1175.0,1195,-20.0,3.288,3.24,0.0479999999999996,0.98044,0.9731,0.007340000000000013,0.946078431372549,0.8916256157635468,0.05445281560900217
51,3,3,1175.0,1195,-20.0,1383.0,1361,22.0,1564.0,1593,-29.0,3.208,3.128,0.08000000000000007,0.91198,0.91198,0.0,0.9305912596401028,0.8341708542713568,0.09642040536874597
51,4,4,1564.0,1593,-29.0,1763.0,1778,-15.0,2016.0,2028,-12.0,3.04,3.336,-0.2959999999999998,0.91442,0.9388700000000001,-0.024450000000000083,0.8805309734513275,0.8505747126436781,0.02995626080764935
51,5,5,2016.0,2028,-12.0,2251.0,2240,11.0,2463.0,2423,40.0,3.904,3.696,0.20799999999999974,1.03667,1.03667,0.0,0.9485458612975392,0.9265822784810127,0.02196358281652644
51,6,6,2463.0,2423,40.0,2711.0,2694,17.0,2913.0,2872,41.0,3.68,3.632,0.04800000000000004,0.86552,0.86552,0.0,0.8977777777777778,0.7928730512249443,0.10490472655283345
51,7,7,2913.0,2872,41.0,3149.0,3132,17.0,3307.0,3324,-17.0,3.504,3.504,0.0,0.8850899999999999,0.91687,-0.03178000000000003,0.8020304568527918,0.8495575221238938,-0.047527065271101954
51,8,8,3307.0,3324,-17.0,3500.0,3497,3.0,3711.0,3680,31.0,2.808,2.92,-0.1120000000000001,0.84596,0.84352,0.0024399999999999977,0.9554455445544554,0.9719101123595506,-0.016464567805095198
51,9,9,3711.0,3680,31.0,3934.0,3931,3.0,4119.0,4110,9.0,3.472,3.472,0.0,0.94132,0.94132,0.0,0.9068627450980392,0.8325581395348838,0.07430460556315543
51,10,10,4119.0,4110,9.0,4327.0,4304,23.0,4499.0,4512,-13.0,3.144,2.984,0.16000000000000014,0.87775,0.87775,0.0,0.9052631578947369,0.9651741293532339,-0.059910971458497
51,11,11,4499.0,4512,-13.0,4699.0,4701,-2.0,4903.0,4876,27.0,2.976,3.176,-0.20000000000000018,0.84352,0.81418,0.029340000000000033,0.9900990099009901,0.9615384615384616,0.028560548362528526
51,12,12,4903.0,4876,27.0,5117.0,5115,2.0,5324.0,5320,4.0,3.344,3.312,0.03200000000000003,1.03423,1.03668,-0.0024500000000000632,0.9833729216152018,0.9234234234234234,0.059949498191778416
51,13,13,5324.0,5320,4.0,5531.0,5533,-2.0,5743.0,5716,27.0,3.312,3.344,-0.03200000000000003,0.99022,0.98044,0.009780000000000011,0.9880668257756563,0.9242424242424242,0.0638244015332321
51,14,14,5743.0,5716,27.0,5983.0,5968,15.0,6155.0,6174,-19.0,3.616,3.48,0.13600000000000012,0.86797,0.8802,-0.012229999999999963,0.8349514563106796,0.8995633187772926,-0.06461186246661299
51,15,15,6155.0,6174,-19.0,6353.0,6350,3.0,6557.0,6567,-10.0,2.96,3.056,-0.09600000000000009,0.91442,0.91442,0.0,0.9850746268656716,0.8956743002544529,0.08940032661121866
51,16,16,6557.0,6567,-10.0,6771.0,6772,-1.0,6987.0,7009,-22.0,3.344,3.376,-0.03200000000000003,0.94376,0.92909,0.014670000000000072,0.9953488372093023,0.9276018099547512,0.06774702725455117
51,17,17,6987.0,7009,-22.0,7190.0,7188,2.0,7396.0,7387,9.0,3.352,3.328,0.02400000000000002,0.9241999999999999,0.91198,0.012219999999999898,0.9926650366748166,0.9470899470899471,0.045575089584869555
51,18,18,7396.0,7387,9.0,7615.0,7613,2.0,7824.0,7850,-26.0,3.4,3.4,0.0,0.98044,0.98288,-0.0024399999999999977,0.9766355140186916,0.9762419006479481,0.00039361337074350633
51,19,19,7824.0,7850,-26.0,8005.0,8020,-15.0,8245.0,8256,-11.0,3.12,3.256,-0.13599999999999968,0.72127,0.72127,0.0,0.8598574821852731,0.8374384236453202,0.022419058539952963
51,20,20,8245.0,8256,-11.0,8453.0,8450,3.0,8658.0,8668,-10.0,3.584,3.44,0.14400000000000013,0.84352,0.83863,0.004890000000000061,0.9927360774818402,0.941747572815534,0.05098850466630622
51,21,21,8658.0,8668,-10.0,8872.0,8867,5.0,9063.0,9070,-7.0,3.352,3.336,0.016000000000000014,0.85819,0.84841,0.009780000000000011,0.9432098765432099,0.9900497512437811,-0.04683987470057127
51,22,22,9063.0,9070,-7.0,9218.0,9235,-17.0,9427.0,9407,20.0,2.768,2.944,-0.17600000000000016,0.65526,0.65281,0.002449999999999952,0.8516483516483516,0.9792284866468842,-0.1275801349985326
51,23,23,9427.0,9407,20.0,9644.0,9639,5.0,9834.0,9840,-6.0,3.408,3.232,0.1759999999999997,0.8704099999999999,0.87775,-0.007340000000000124,0.9336609336609336,0.9284064665127021,0.005254467148231523
51,24,24,9834.0,9840,-6.0,10032.0,10015,17.0,10209.0,10192,17.0,3.104,3.008,0.09600000000000009,0.84841,0.84841,0.0,0.944,0.9943181818181818,-0.05031818181818182
51,25,25,10209.0,10192,17.0,10430.0,10425,5.0,10622.0,10620,2.0,3.184,3.28,-0.09599999999999964,0.84352,0.84352,0.0,0.9297820823244553,0.9112149532710281,0.018567129053427167
51,26,26,10622.0,10620,2.0,10837.0,10846,-9.0,11051.0,11041,10.0,3.256,3.368,-0.1120000000000001,0.91198,0.91687,-0.00488999999999995,0.9976689976689976,0.9263657957244655,0.0713032019445321
51,27,27,11051.0,11041,10.0,11261.0,11268,-7.0,11485.0,11453,32.0,3.392,3.376,0.016000000000000014,0.93399,0.9193199999999999,0.014670000000000072,0.967741935483871,0.8980582524271845,0.06968368305668649
51,28,28,11485.0,11453,32.0,11729.0,11707,22.0,11890.0,11897,-7.0,3.744,3.512,0.2320000000000002,0.58924,0.59169,-0.0024500000000000632,0.7950617283950617,0.8558558558558559,-0.060794127460794156
51,29,29,11890.0,11897,-7.0,12086.0,12079,7.0,12257.0,12238,19.0,2.856,2.976,-0.1200000000000001,0.7188300000000001,0.7188300000000001,0.0,0.9318801089918256,0.9325513196480939,-0.0006712106562682951
51,30,30,12257.0,12238,19.0,12445.0,12449,-4.0,12643.0,12662,-19.0,2.872,2.96,-0.08800000000000008,0.7872899999999999,0.82152,-0.034230000000000094,0.9740932642487047,0.9952830188679245,-0.02118975461921979
51,31,31,12643.0,12662,-19.0,12813.0,12816,-3.0,13010.0,13054,-44.0,2.944,2.936,0.008000000000000007,0.7481599999999999,0.7481599999999999,0.0,0.9264305177111717,0.7857142857142857,0.140716231996886
51,32,32,13010.0,13054,-44.0,13226.0,13221,5.0,13432.0,13460,-28.0,3.304,3.24,0.06399999999999961,0.91932,0.92421,-0.00488999999999995,0.976303317535545,0.8226600985221675,0.15364321901337752
51,33,33,13432.0,13460,-28.0,13647.0,13637,10.0,13863.0,13816,47.0,3.368,3.328,0.040000000000000036,1.03423,1.01467,0.019560000000000022,0.9976798143851509,0.9943820224719101,0.003297791913240755
51,34,34,13863.0,13816,47.0,14091.0,14084,7.0,14268.0,14281,-13.0,3.552,3.576,-0.02400000000000002,0.9535399999999999,0.9535399999999999,0.0,0.8740740740740741,0.8473118279569892,0.026762246117084887
51,35,35,14268.0,14281,-13.0,14446.0,14448,-2.0,14652.0,14639,13.0,2.84,2.912,-0.07200000000000006,0.93154,0.93154,0.0,0.9270833333333334,0.9329608938547486,-0.005877560521415193
51,36,36,14652.0,14639,13.0,14859.0,14864,-5.0,15057.0,15057,0.0,3.304,3.328,-0.02400000000000002,0.89486,0.89975,-0.004890000000000061,0.9777777777777777,0.9234449760765551,0.05433280170122268
51,37,37,15057.0,15057,0.0,15258.0,15242,16.0,15433.0,15468,-35.0,3.192,3.024,0.16800000000000015,0.87042,0.87042,0.0,0.9308510638297872,0.9002433090024331,0.030607754827354117
51,38,38,15433.0,15468,-35.0,15628.0,15642,-14.0,15845.0,15820,25.0,2.96,3.2,-0.2400000000000002,0.9388700000000001,0.93643,0.0024400000000001087,0.9466019417475728,0.9886363636363636,-0.04203442188879081
51,39,39,15845.0,15820,25.0,16090.0,16069,21.0,16290.0,16275,15.0,3.696,3.416,0.28000000000000025,1.02445,1.02445,0.0,0.898876404494382,0.9054945054945055,-0.0066181010001235
51,40,40,16290.0,16275,15.0,16533.0,16511,22.0,16730.0,16683,47.0,3.544,3.536,0.008000000000000007,0.8508600000000001,0.8508600000000001,0.0,0.8954545454545455,0.8431372549019608,0.052317290552584717
51,41,41,16730.0,16683,47.0,16949.0,16938,11.0,17125.0,17139,-14.0,3.328,3.416,-0.08800000000000008,0.97066,0.97066,0.0,0.8911392405063291,0.881578947368421,0.009560293137908071
51,42,42,17125.0,17139,-14.0,17326.0,17329,-3.0,17525.0,17537,-12.0,3.016,3.128,-0.1120000000000001,0.94621,0.94621,0.0,0.995,0.9547738693467337,0.0402261306532663
51,43,43,17525.0,17537,-12.0,17728.0,17726,2.0,17937.0,17923,14.0,3.216,3.176,0.040000000000000036,0.9046400000000001,0.89731,0.007330000000000059,0.9854368932038835,0.9792746113989638,0.006162281804919734
51,44,44,17937.0,17923,14.0,18195.0,18171,24.0,18412.0,18361,51.0,3.736,3.56,0.17600000000000016,0.87286,0.8850800000000001,-0.01222000000000012,0.9136842105263158,0.8675799086757991,0.046104301850516616
51,45,45,18412.0,18361,51.0,18646.0,18651,-5.0,18857.0,18834,23.0,3.608,3.84,-0.23199999999999976,0.94377,0.94377,0.0,0.9483146067415731,0.773784355179704,0.17453025156186908
51,46,46,18857.0,18834,23.0,19102.0,19087,15.0,19273.0,19288,-15.0,3.648,3.488,0.16000000000000014,0.92421,0.92421,0.0,0.8221153846153846,0.8854625550660793,-0.06334717045069471
51,47,47,19273.0,19288,-15.0,19460.0,19459,1.0,19646.0,19659,-13.0,2.864,2.976,-0.1120000000000001,0.78973,0.78973,0.0,0.9973190348525469,0.921832884097035,0.0754861507555119
51,48,48,19646.0,19659,-13.0,19855.0,19838,17.0,20046.0,20046,0.0,3.16,3.032,0.1280000000000001,0.98533,0.98533,0.0,0.955,0.9250645994832041,0.029935400516795885
51,49,49,20046.0,20046,0.0,20264.0,20249,15.0,20477.0,20423,54.0,3.272,3.288,-0.016000000000000014,0.9682200000000001,0.9682200000000001,0.0,0.988399071925754,0.9230769230769231,0.06532214884883092
51,50,50,20477.0,20423,54.0,20700.0,20696,4.0,20899.0,20916,-17.0,3.488,3.576,-0.08800000000000008,0.98288,0.98288,0.0,0.943127962085308,0.8924949290060852,0.050633033079222844
51,51,51,20899.0,20916,-17.0,21102.0,21095,7.0,21303.0,21280,23.0,3.216,3.192,0.02400000000000002,0.9682200000000001,0.9291,0.039120000000000044,0.995049504950495,0.9835164835164835,0.011533021434011581
51,52,52,21303.0,21280,23.0,21518.0,21513,5.0,21724.0,21696,28.0,3.328,3.344,-0.016000000000000014,0.9731099999999999,0.96088,0.012229999999999963,0.9786223277909739,0.8798076923076923,0.09881463548328162
51,53,53,21724.0,21696,28.0,21973.0,21953,20.0,22147.0,22164,-17.0,3.64,3.52,0.1200000000000001,0.9926699999999999,0.99756,-0.004890000000000061,0.8226950354609929,0.9017094017094017,-0.07901436624840885
51,54,54,22147.0,22164,-17.0,22340.0,22345,-5.0,22544.0,22548,-4.0,2.936,3.136,-0.20000000000000018,0.87286,0.87286,0.0,0.9722921914357683,0.9427083333333334,0.029583858102434912
51,55,55,22544.0,22548,-4.0,22751.0,22758,-7.0,22957.0,22961,-4.0,3.288,3.304,-0.016000000000000014,0.98289,0.98289,0.0,0.9975786924939467,0.9830508474576272,0.014527845036319542
51,56,56,22957.0,22961,-4.0,23170.0,23175,-5.0,23412.0,23420,-8.0,3.352,3.336,0.016000000000000014,0.93154,0.92665,0.004890000000000061,0.9362637362637363,0.9324618736383442,0.0038018626253920607
51,57,57,23412.0,23420,-8.0,23625.0,23607,18.0,23800.0,23805,-5.0,3.64,3.456,0.18400000000000016,0.9193100000000001,0.9193100000000001,0.0,0.9020618556701031,0.9714285714285714,-0.06936671575846831
51,58,58,23800.0,23805,-5.0,24026.0,24007,19.0,24203.0,24195,8.0,3.208,3.2,0.008000000000000007,0.9339900000000001,0.9339900000000001,0.0,0.8784119106699751,0.9641025641025641,-0.08569065343258897
51,59,59,24203.0,24195,8.0,24437.0,24418,19.0,24612.0,24613,-1.0,3.288,3.288,0.0,0.87286,0.87286,0.0,0.8557457212713937,0.9330143540669856,-0.07726863279559193
51,60,60,24612.0,24613,-1.0,24833.0,24826,7.0,25032.0,25019,13.0,3.168,3.264,-0.09599999999999964,0.9144300000000001,0.9144300000000001,0.0,0.9476190476190476,0.9507389162561576,-0.0031198686371100015
51,61,61,25032.0,25019,13.0,25273.0,25253,20.0,25455.0,25456,-1.0,3.52,3.416,0.10400000000000009,0.91687,0.91687,0.0,0.8605200945626478,0.9290617848970252,-0.0685416903343774
51,62,62,25455.0,25456,-1.0,25685.0,25667,18.0,25871.0,25870,1.0,3.296,3.312,-0.016000000000000014,0.84841,0.84841,0.0,0.8942307692307693,0.9806763285024155,-0.08644555927164621
51,63,63,25871.0,25870,1.0,26102.0,26085,17.0,26268.0,26282,-14.0,3.336,3.344,-0.008000000000000007,0.78973,0.78973,0.0,0.836272040302267,0.9563106796116505,-0.12003863930938352
51,64,64,26268.0,26282,-14.0,26465.0,26458,7.0,26666.0,26679,-13.0,2.904,2.984,-0.08000000000000007,0.89975,0.89486,0.004890000000000061,0.9899497487437185,0.8866498740554156,0.10329987468830293
51,65,65,26666.0,26679,-13.0,26875.0,26863,12.0,27050.0,27066,-16.0,3.28,3.24,0.03999999999999959,0.8826400000000001,0.8826400000000001,0.0,0.9114583333333334,0.9509043927648578,-0.03944605943152446
51,66,66,27050.0,27066,-16.0,27231.0,27245,-14.0,27448.0,27429,19.0,2.848,3.056,-0.20800000000000018,0.85575,0.85575,0.0,0.9095477386934674,0.9862258953168044,-0.07667815662333699
51,67,67,27448.0,27429,19.0,27680.0,27664,16.0,27857.0,27851,6.0,3.592,3.352,0.2400000000000002,0.78973,0.8092900000000001,-0.019560000000000022,0.8655256723716381,0.8862559241706162,-0.020730251798978028
51,68,68,27857.0,27851,6.0,28093.0,28074,19.0,28305.0,28241,64.0,3.304,3.28,0.02400000000000002,0.90709,0.8875299999999999,0.019560000000000022,0.9464285714285714,0.8564102564102565,0.09001831501831492
51,69,69,28305.0,28241,64.0,28548.0,28549,-1.0,28762.0,28737,25.0,3.64,3.8,-0.1599999999999997,0.93399,0.93399,0.0,0.936542669584245,0.7580645161290323,0.17847815345521278
51,70,70,28762.0,28737,25.0,29007.0,28992,15.0,29192.0,29207,-15.0,3.672,3.544,0.1280000000000001,0.90953,0.93643,-0.026900000000000035,0.8604651162790697,0.9148936170212766,-0.05442850074220684
51,71,71,29192.0,29207,-15.0,29419.0,29401,18.0,29595.0,29616,-21.0,3.296,3.272,0.02400000000000002,0.99266,0.99266,0.0,0.8734491315136477,0.9486552567237164,-0.07520612521006875
51,72,72,29595.0,29616,-21.0,29794.0,29795,-1.0,29989.0,30001,-12.0,3.0,3.152,-0.15200000000000014,0.9339900000000001,0.9339900000000001,0.0,0.9898477157360406,0.9298701298701298,0.05997758586591073
51,73,73,29989.0,30001,-12.0,30193.0,30184,9.0,30386.0,30393,-7.0,3.192,3.112,0.08000000000000007,0.93398,0.9070900000000001,0.02688999999999997,0.9722921914357683,0.9336734693877551,0.0386187220480132
51,74,74,30386.0,30393,-7.0,30528.0,30547,-19.0,30749.0,30820,-71.0,2.68,2.904,-0.22399999999999975,0.5794600000000001,0.5794600000000001,0.0,0.7823691460055097,0.7213114754098361,0.061057670595673574
51,75,75,30749.0,30820,-71.0,30951.0,30975,-24.0,31166.0,31202,-36.0,3.384,3.424,-0.040000000000000036,0.6405799999999999,0.6405799999999999,0.0,0.9688249400479616,0.8115183246073299,0.15730661544063174
51,76,76,31166.0,31202,-36.0,31360.0,31369,-9.0,31517.0,31532,-15.0,3.272,3.152,0.11999999999999966,0.84597,0.84597,0.0,0.8945868945868946,0.9878787878787879,-0.09329189329189336
51,77,77,31517.0,31532,-15.0,31704.0,31695,9.0,31881.0,31908,-27.0,2.752,2.608,0.14399999999999968,0.5061100000000001,0.5061100000000001,0.0,0.9725274725274725,0.8670212765957447,0.10550619593172783
51,78,78,31881.0,31908,-27.0,32059.0,32058,1.0,32248.0,32269,-21.0,2.84,2.904,-0.06400000000000006,0.66993,0.66993,0.0,0.9700272479564033,0.8310249307479225,0.13900231720848077
51,79,79,32248.0,32269,-21.0,32422.0,32424,-2.0,32624.0,32592,32.0,2.904,2.928,-0.02400000000000002,0.8044,0.79706,0.007340000000000013,0.925531914893617,0.9597523219814241,-0.03422040708780716
51,80,80,32624.0,32592,32.0,32833.0,32826,7.0,33047.0,33001,46.0,3.288,3.216,0.07199999999999962,0.9975499999999999,0.9853299999999999,0.012220000000000009,0.9881796690307328,0.8557457212713937,0.13243394775933914
51,81,81,33047.0,33001,46.0,33271.0,33265,6.0,33477.0,33500,-23.0,3.504,3.512,-0.008000000000000007,1.0831300000000001,1.0831300000000001,0.0,0.958139534883721,0.9418837675350702,0.01625576734865075
51,82,82,33477.0,33500,-23.0,33695.0,33689,6.0,33911.0,33945,-34.0,3.392,3.392,0.0,1.10269,1.10269,0.0,0.9953917050691244,0.849438202247191,0.14595350282193342
51,83,83,33911.0,33945,-34.0,34113.0,34119,-6.0,34323.0,34337,-14.0,3.344,3.44,-0.09600000000000009,1.03179,1.03179,0.0,0.9805825242718447,0.8877551020408163,0.09282742223102836
51,84,84,34323.0,34337,-14.0,34550.0,34539,11.0,34748.0,34738,10.0,3.496,3.36,0.13600000000000012,1.0489,1.0489,0.0,0.9317647058823529,0.9925187032418953,-0.060753997359542344
51,85,85,34748.0,34738,10.0,34985.0,34966,19.0,35188.0,35209,-21.0,3.48,3.416,0.06400000000000006,0.94621,0.94621,0.0,0.9227272727272727,0.9681528662420382,-0.045425593514765494
51,86,86,35188.0,35209,-21.0,35401.0,35390,11.0,35620.0,35654,-34.0,3.328,3.392,-0.06400000000000006,0.9706600000000001,0.98288,-0.012219999999999898,0.9861111111111112,0.8134831460674157,0.17262796504369549
51,87,87,35620.0,35654,-34.0,35836.0,35825,11.0,36044.0,36060,-16.0,3.48,3.48,0.0,1.04401,1.04401,0.0,0.9811320754716981,0.8423645320197044,0.1387675434519937
51,88,88,36044.0,36060,-16.0,36259.0,36259,0.0,36458.0,36470,-12.0,3.384,3.472,-0.08800000000000008,0.8606400000000001,0.8606400000000001,0.0,0.961352657004831,0.9707317073170731,-0.009379050312242176
51,89,89,36458.0,36470,-12.0,36662.0,36659,3.0,36864.0,36878,-14.0,3.224,3.2,0.02400000000000002,0.89486,0.88508,0.009780000000000011,0.9950738916256158,0.9264705882352942,0.06860330339032161
51,90,90,36864.0,36878,-14.0,37021.0,37038,-17.0,37212.0,37221,-9.0,2.872,3.032,-0.16000000000000014,0.66259,0.6357,0.02688999999999997,0.9022988505747126,0.9329446064139941,-0.03064575583928153
51,91,91,37212.0,37221,-9.0,37431.0,37425,6.0,37625.0,37604,21.0,3.28,3.096,0.18399999999999972,0.8068500000000001,0.8068500000000001,0.0,0.9394673123486683,0.9347258485639687,0.00474146378469964
51,92,92,37625.0,37604,21.0,37861.0,37845,16.0,38044.0,38070,-26.0,3.44,3.36,0.08000000000000007,0.8484099999999999,0.8826399999999999,-0.03422999999999998,0.8735083532219571,0.9656652360515021,-0.09215688282954504
51,93,93,38044.0,38070,-26.0,38243.0,38248,-5.0,38476.0,38484,-8.0,3.056,3.224,-0.16800000000000015,0.83863,0.83863,0.0,0.9212962962962963,0.8599033816425121,0.06139291465378416
51,94,94,38476.0,38484,-8.0,38695.0,38681,14.0,38876.0,38887,-11.0,3.616,3.464,0.15200000000000014,0.9022,0.9022,0.0,0.905,0.9776674937965261,-0.07266749379652604
51,95,95,38876.0,38887,-11.0,39083.0,39065,18.0,39249.0,39257,-8.0,3.104,3.072,0.03200000000000003,0.84597,0.84597,0.0,0.8900804289544236,0.9621621621621621,-0.07208173320773847
51,96,96,39249.0,39257,-8.0,39452.0,39457,-5.0,39667.0,39653,14.0,2.952,3.136,-0.18400000000000016,0.9584299999999999,0.9584299999999999,0.0,0.9712918660287081,0.98989898989899,-0.01860712387028185
51,97,97,39667.0,39653,14.0,39912.0,39891,21.0,40079.0,40098,-19.0,3.68,3.472,0.20800000000000018,0.91442,0.94621,-0.031789999999999985,0.8106796116504854,0.9303370786516854,-0.11965746700119995
51,98,98,40079.0,40098,-19.0,40271.0,40271,0.0,40472.0,40469,3.0,2.872,3.04,-0.16800000000000015,0.8802,0.8802,0.0,0.9770992366412213,0.9326145552560647,0.0444846813851566
51,99,99,40472.0,40469,3.0,40689.0,40689,0.0,40893.0,40913,-20.0,3.344,3.344,0.0,0.9022,0.90465,-0.002449999999999952,0.9691211401425178,0.990990990990991,-0.02186985084847315
51,100,100,40893.0,40913,-20.0,41096.0,41100,-4.0,41302.0,41325,-23.0,3.256,3.288,-0.03200000000000003,0.91442,0.91442,0.0,0.9926650366748166,0.9077669902912622,0.08489804638355447
51,101,101,41302.0,41325,-23.0,41506.0,41506,0.0,41695.0,41712,-17.0,3.28,3.248,0.031999999999999584,0.86063,0.86063,0.0,0.9618320610687023,0.9354005167958657,0.02643154427283667
51,102,102,41695.0,41712,-17.0,41900.0,41898,2.0,42115.0,42094,21.0,3.152,3.136,0.016000000000000014,0.96577,0.96332,0.0024500000000000632,0.9761904761904762,0.9738219895287958,0.0023684866616803246
51,103,103,42115.0,42094,21.0,42360.0,42343,17.0,42552.0,42560,-8.0,3.68,3.56,0.1200000000000001,0.93398,0.9755499999999999,-0.041569999999999885,0.8787185354691076,0.9313304721030042,-0.05261193663389663
51,104,104,42552.0,42560,-8.0,42763.0,42746,17.0,42947.0,42934,13.0,3.224,3.224,0.0,0.9290999999999999,0.9290999999999999,0.0,0.9316455696202531,0.9946524064171123,-0.06300683679685914
51,105,105,42947.0,42934,13.0,43165.0,43155,10.0,43362.0,43377,-15.0,3.216,3.272,-0.055999999999999606,0.90465,0.90465,0.0,0.9493975903614458,0.9977426636568849,-0.048345073295439134
51,106,106,43362.0,43377,-15.0,43581.0,43562,19.0,43784.0,43749,35.0,3.328,3.256,0.07200000000000006,0.88998,0.88998,0.0,0.9620853080568721,0.9946236559139785,-0.03253834785710641
51,107,107,43784.0,43749,35.0,44012.0,43998,14.0,44201.0,44204,-3.0,3.448,3.488,-0.040000000000000036,0.90464,0.92176,-0.017120000000000024,0.9064748201438849,0.9054945054945055,0.0009803146493794213
51,108,108,44201.0,44204,-3.0,44419.0,44401,18.0,44601.0,44571,30.0,3.256,3.224,0.031999999999999584,0.8092900000000001,0.8092900000000001,0.0,0.91,0.9264305177111717,-0.016430517711171655
51,109,109,44601.0,44571,30.0,44843.0,44828,15.0,45028.0,45042,-14.0,3.392,3.416,-0.02400000000000002,0.8533,0.87775,-0.024450000000000083,0.8665105386416861,0.9087048832271762,-0.042194344585490096
51,110,110,45028.0,45042,-14.0,45256.0,45236,20.0,45432.0,45428,4.0,3.304,3.264,0.040000000000000036,0.84841,0.84841,0.0,0.8712871287128713,0.9948186528497409,-0.12353152413686963
51,111,111,45432.0,45428,4.0,45641.0,45641,0.0,45836.0,45826,10.0,3.08,3.24,-0.16000000000000014,0.75795,0.7555000000000001,0.002449999999999952,0.9653465346534653,0.9296482412060302,0.03569829344743514
51,112,112,45836.0,45826,10.0,46050.0,46046,4.0,46239.0,46252,-13.0,3.272,3.24,0.031999999999999584,0.81907,0.82641,-0.007340000000000013,0.9379652605459057,0.9671361502347418,-0.029170889688836077
51,113,113,46239.0,46252,-13.0,46441.0,46429,12.0,46628.0,46640,-12.0,3.128,3.064,0.06400000000000006,0.8679699999999999,0.86308,0.00488999999999995,0.961439588688946,0.9123711340206185,0.04906845466832743
51,114,114,46628.0,46640,-12.0,46837.0,46819,18.0,47040.0,47019,21.0,3.168,3.12,0.04800000000000004,0.89486,0.89486,0.0,0.9854368932038835,0.9445910290237467,0.040845864180136804
51,115,115,47040.0,47019,21.0,47257.0,47246,11.0,47451.0,47457,-6.0,3.36,3.416,-0.05600000000000005,0.9486600000000001,0.9584400000000001,-0.009780000000000011,0.9440389294403893,0.9634703196347032,-0.019431390194313947
51,116,116,47451.0,47457,-6.0,47661.0,47647,14.0,47870.0,47909,-39.0,3.232,3.208,0.02400000000000002,0.9290999999999999,0.9290999999999999,0.0,0.9976133651551312,0.8407079646017699,0.15690540055336133
51,117,117,47870.0,47909,-39.0,48080.0,48079,1.0,48282.0,48293,-11.0,3.352,3.456,-0.10400000000000009,0.9144300000000001,0.9144300000000001,0.0,0.9805825242718447,0.8854166666666666,0.09516585760517804
51,118,118,48282.0,48293,-11.0,48492.0,48486,6.0,48668.0,48668,0.0,3.296,3.256,0.040000000000000036,0.89242,0.8655200000000001,0.026899999999999924,0.9119170984455959,0.9706666666666667,-0.0587495682210708
51,119,119,48668.0,48668,0.0,48820.0,48825,-5.0,49011.0,49025,-14.0,2.624,2.712,-0.08800000000000008,0.73594,0.7432799999999999,-0.007339999999999902,0.8862973760932945,0.8795518207282913,0.0067455553650032085
51,120,120,49011.0,49025,-14.0,49215.0,49199,16.0,49388.0,49367,21.0,3.16,2.992,0.16800000000000015,0.86064,0.8533,0.007340000000000013,0.9177718832891246,0.9824561403508771,-0.06468425706175251
51,121,121,49388.0,49367,21.0,49613.0,49594,19.0,49802.0,49825,-23.0,3.184,3.16,0.02400000000000002,0.82885,0.82885,0.0,0.9130434782608696,0.9912663755458515,-0.07822289728498188
51,122,122,49802.0,49825,-23.0,49996.0,50003,-7.0,50196.0,50216,-20.0,3.064,3.272,-0.20799999999999974,0.8312900000000001,0.8312900000000001,0.0,0.9847715736040609,0.9104859335038363,0.07428564010022454
51,123,123,50196.0,50216,-20.0,50396.0,50397,-1.0,50596.0,50625,-29.0,3.2,3.152,0.04800000000000004,0.85086,0.85086,0.0,1.0,0.8850855745721271,0.11491442542787289
51,124,124,50596.0,50625,-29.0,50795.0,50788,7.0,50988.0,51003,-15.0,3.192,3.128,0.06400000000000006,0.9168700000000001,0.90953,0.007340000000000124,0.9846938775510204,0.8624338624338624,0.122260015117158
51,125,125,50988.0,51003,-15.0,51185.0,51170,15.0,51382.0,51390,-8.0,3.12,3.056,0.06400000000000006,0.89975,0.89975,0.0,1.0,0.8630490956072352,0.1369509043927648
51,126,126,51382.0,51390,-8.0,51598.0,51583,15.0,51786.0,51785,1.0,3.304,3.304,0.0,0.85086,0.85086,0.0,0.9306930693069306,0.9772151898734177,-0.04652212056648708
51,127,127,51786.0,51785,1.0,52013.0,51992,21.0,52156.0,52161,-5.0,3.32,3.272,0.04800000000000004,0.69682,0.71393,-0.01710999999999996,0.772972972972973,0.898936170212766,-0.125963197239793
51,128,128,52156.0,52161,-5.0,52310.0,52312,-2.0,52485.0,52487,-2.0,2.376,2.56,-0.18400000000000016,0.6992700000000001,0.70416,-0.00488999999999995,0.9361702127659575,0.9263803680981595,0.009789844667797976
51,129,129,52485.0,52487,-2.0,52673.0,52658,15.0,52853.0,52826,27.0,2.904,2.768,0.13600000000000012,0.7579400000000001,0.7579400000000001,0.0,0.9782608695652174,0.9911504424778761,-0.012889572912658687
51,130,130,52853.0,52826,27.0,53081.0,53066,15.0,53260.0,53277,-17.0,3.264,3.264,0.0,0.84352,0.89486,-0.05133999999999994,0.8796068796068797,0.9356984478935698,-0.05609156828669015
51,131,131,53260.0,53277,-17.0,53489.0,53467,22.0,53654.0,53652,2.0,3.264,3.208,0.055999999999999606,0.8044,0.8044,0.0,0.8375634517766497,0.9866666666666667,-0.149103214890017
51,132,132,53654.0,53652,2.0,53857.0,53861,-4.0,54057.0,54072,-15.0,2.944,3.152,-0.20800000000000018,0.89242,0.89242,0.0,0.9925558312655087,0.9952380952380953,-0.0026822639725865294
51,133,133,54057.0,54072,-15.0,54261.0,54257,4.0,54464.0,54464,0.0,3.232,3.168,0.06400000000000006,0.88019,0.88019,0.0,0.9975429975429976,0.9438775510204082,0.05366544652258942
51,134,134,54464.0,54464,0.0,54672.0,54666,6.0,54875.0,54877,-2.0,3.288,3.272,0.016000000000000014,0.8655299999999999,0.8679699999999999,-0.0024399999999999977,0.9878345498783455,0.9782082324455206,0.009626317432824938
51,135,135,54875.0,54877,-2.0,55085.0,55078,7.0,55289.0,55308,-19.0,3.304,3.296,0.008000000000000007,0.87041,0.86797,0.0024399999999999977,0.9855072463768116,0.9327146171693735,0.0527926292074381
51,136,136,55289.0,55308,-19.0,55502.0,55500,2.0,55718.0,55752,-34.0,3.336,3.376,-0.040000000000000036,0.9022,0.9022,0.0,0.993006993006993,0.8648648648648649,0.1281421281421281
51,137,137,55718.0,55752,-34.0,55961.0,55942,19.0,56161.0,56143,18.0,3.672,3.536,0.13600000000000012,0.88753,0.88753,0.0,0.9029345372460497,0.9718670076726342,-0.06893247042658457
51,138,138,56161.0,56143,18.0,56387.0,56367,20.0,56545.0,56518,27.0,3.408,3.4,0.008000000000000007,0.69193,0.66259,0.029340000000000033,0.8229166666666666,0.8053333333333333,0.017583333333333284
51,139,139,56545.0,56518,27.0,56760.0,56763,-3.0,56968.0,56984,-16.0,2.984,3.168,-0.18400000000000016,0.8264100000000001,0.85575,-0.02933999999999992,0.983451536643026,0.9484978540772532,0.0349536825657728
51,140,140,56968.0,56984,-16.0,57172.0,57178,-6.0,57428.0,57381,47.0,3.296,3.32,-0.02400000000000002,0.89242,0.89242,0.0,0.8869565217391304,0.9773299748110831,-0.09037345307195266
51,141,141,57428.0,57381,47.0,57660.0,57692,-32.0,57884.0,57913,-29.0,3.904,4.112,-0.20800000000000018,0.5623400000000001,0.57212,-0.0097799999999999,0.9824561403508771,0.8308270676691729,0.15162907268170422
51,142,142,57884.0,57913,-29.0,58078.0,58074,4.0,58255.0,58278,-23.0,3.344,3.056,0.2879999999999998,0.6577,0.6577,0.0,0.954177897574124,0.8821917808219178,0.07198611675220612
51,143,143,58255.0,58278,-23.0,58437.0,58439,-2.0,58642.0,58625,17.0,2.872,2.92,-0.04800000000000004,0.6381399999999999,0.61125,0.02688999999999997,0.9405684754521964,0.9279538904899135,0.012614584962282849
51,144,144,58642.0,58625,17.0,58850.0,58837,13.0,59023.0,59050,-27.0,3.304,3.184,0.11999999999999966,0.68215,0.68215,0.0,0.9081364829396326,0.9976470588235294,-0.08951057588389688
51,145,145,59023.0,59050,-27.0,59221.0,59224,-3.0,59424.0,59442,-18.0,2.968,3.096,-0.1280000000000001,0.91687,0.9193199999999999,-0.002449999999999952,0.9875311720698254,0.8877551020408163,0.09977607002900912
51,146,146,59424.0,59442,-18.0,59625.0,59616,9.0,59833.0,59836,-3.0,3.232,3.136,0.09600000000000009,1.0269,1.01712,0.0097799999999999,0.9828850855745721,0.883248730964467,0.09963635461010512
52,1,1,211.0,209,2.0,467.0,457,10.0,647.0,638,9.0,,,,0.917176,0.917176,0.0,0.8256880733944953,0.8438228438228438,-0.018134770428348435
52,2,2,647.0,638,9.0,897.0,892,5.0,1067.0,1063,4.0,3.44,3.48,-0.040000000000000036,0.849986,0.8634240000000001,-0.013438000000000061,0.8095238095238095,0.8047058823529412,0.004817927170868375
52,3,3,1067.0,1063,4.0,1305.0,1291,14.0,1470.0,1466,4.0,3.264,3.192,0.07199999999999962,0.886142,0.886142,0.0,0.8188585607940446,0.8684863523573201,-0.04962779156327546
52,4,4,1470.0,1466,4.0,1723.0,1707,16.0,1896.0,1881,15.0,3.344,3.328,0.016000000000000014,0.8881009999999999,0.87613,0.011970999999999954,0.812206572769953,0.8385542168674699,-0.026347644097516887
52,5,5,1896.0,1881,15.0,2151.0,2139,12.0,2316.0,2298,18.0,3.424,3.456,-0.03200000000000003,0.835574,0.838751,-0.0031769999999999854,0.7857142857142857,0.762589928057554,0.02312435765673171
52,6,6,2316.0,2298,18.0,2545.0,2536,9.0,2716.0,2694,22.0,3.152,3.176,-0.02400000000000002,0.85634,0.85634,0.0,0.855,0.797979797979798,0.05702020202020197
52,7,7,2716.0,2694,22.0,2955.0,2944,11.0,3120.0,3102,18.0,3.28,3.264,0.016000000000000014,0.908624,0.918397,-0.009773000000000032,0.8168316831683169,0.7745098039215687,0.04232187924674824
52,8,8,3120.0,3102,18.0,3356.0,3348,8.0,3535.0,3519,16.0,3.208,3.232,-0.02400000000000002,0.86416,0.88493,-0.020769999999999955,0.8626506024096385,0.8201438848920863,0.042506717517552195
52,9,9,3535.0,3519,16.0,3789.0,3782,7.0,3972.0,3961,11.0,3.464,3.472,-0.008000000000000007,0.8732,0.8732,0.0,0.8375286041189931,0.8099547511312217,0.027573852987771375
52,10,10,3972.0,3961,11.0,4220.0,4204,16.0,4378.0,4372,6.0,3.448,3.376,0.07200000000000006,0.87857,0.87857,0.0,0.7783251231527093,0.8175182481751825,-0.039193125022473185
52,11,11,4378.0,4372,6.0,4620.0,4608,12.0,4800.0,4765,35.0,3.2,3.232,-0.03200000000000003,0.900806,0.900806,0.0,0.8530805687203792,0.7989821882951654,0.054098380425213755
52,12,12,4800.0,4765,35.0,5060.0,5057,3.0,5199.0,5198,1.0,3.52,3.592,-0.07200000000000006,0.939409,0.939409,0.0,0.6967418546365916,0.6512702078521939,0.045471646784397635
52,13,13,5199.0,5198,1.0,5336.0,5328,8.0,5509.0,5496,13.0,2.208,2.168,0.040000000000000036,1.00048864,1.00048864,0.0,0.8838709677419355,0.87248322147651,0.011387746265425491
52,14,14,5509.0,5496,13.0,5711.0,5713,-2.0,5904.0,5893,11.0,3.0,3.08,-0.08000000000000007,1.00048864,1.00048864,0.0,0.9772151898734177,0.906801007556675,0.07041418231674268
52,15,15,5904.0,5893,11.0,6125.0,6118,7.0,6333.0,6314,19.0,3.312,3.24,0.07199999999999962,0.9960909,1.00048864,-0.004397739999999928,0.9696969696969697,0.9311163895486936,0.038580580148276145
52,16,16,6333.0,6314,19.0,6571.0,6568,3.0,6783.0,6789,-6.0,3.568,3.6,-0.03200000000000003,0.66968,0.66968,0.0,0.9422222222222222,0.9305263157894736,0.011695906432748537
52,17,17,6783.0,6789,-6.0,7039.0,7039,0.0,7211.0,7202,9.0,3.744,3.768,-0.023999999999999577,0.868798,0.868798,0.0,0.8037383177570093,0.7893462469733656,0.014392070783643685
52,18,18,7211.0,7202,9.0,7451.0,7443,8.0,7630.0,7622,8.0,3.296,3.232,0.06399999999999961,0.907156,0.90569,0.0014659999999999673,0.8544152744630071,0.8523809523809524,0.0020343220820547847
52,19,19,7630.0,7622,8.0,7851.0,7851,0.0,8031.0,8025,6.0,3.2,3.264,-0.06399999999999961,0.835084,0.839726,-0.004641999999999924,0.8977556109725686,0.8635235732009925,0.03423203777157613
52,20,20,8031.0,8025,6.0,8257.0,8256,1.0,8426.0,8415,11.0,3.248,3.24,0.008000000000000007,0.8192079999999999,0.8192079999999999,0.0,0.8556962025316456,0.8153846153846154,0.0403115871470302
52,21,21,8426.0,8415,11.0,8684.0,8676,8.0,8855.0,8840,15.0,3.416,3.36,0.05600000000000005,0.923772,0.923772,0.0,0.7972027972027972,0.7717647058823529,0.025438091320444278
52,22,22,8855.0,8840,15.0,9109.0,9094,15.0,9273.0,9240,33.0,3.4,3.344,0.05600000000000005,0.945272,0.945272,0.0,0.784688995215311,0.73,0.05468899521531101
52,23,23,9273.0,9240,33.0,9557.0,9539,18.0,9710.0,9688,22.0,3.584,3.56,0.02400000000000002,0.873931,0.876374,-0.002442999999999973,0.700228832951945,0.6651785714285714,0.03505026152337365
52,24,24,9710.0,9688,22.0,9923.0,9923,0.0,10045.0,10051,-6.0,2.928,3.072,-0.14400000000000013,1.00048864,1.00048864,0.0,0.7283582089552239,0.7052341597796143,0.023124049175609507
52,25,25,10045.0,10051,-6.0,10177.0,10180,-3.0,10361.0,10372,-11.0,2.032,2.056,-0.02400000000000002,1.00048864,1.00048864,0.0,0.8354430379746836,0.8037383177570093,0.03170472021767423
52,26,26,10361.0,10372,-11.0,10567.0,10547,20.0,10802.0,10793,9.0,3.12,2.936,0.18400000000000016,1.00048864,1.00048864,0.0,0.9342403628117913,0.831353919239905,0.10288644357188637
52,27,27,10802.0,10793,9.0,10953.0,10927,26.0,11156.0,11218,-62.0,3.088,3.04,0.04800000000000004,0.5121,0.52749,-0.015390000000000015,0.8531073446327684,0.6305882352941177,0.2225191093386507
52,28,28,11156.0,11218,-62.0,11374.0,11368,6.0,11587.0,11609,-22.0,3.368,3.528,-0.16000000000000014,0.43269,0.43269,0.0,0.988399071925754,0.7672634271099744,0.22113564481577963
52,29,29,11587.0,11609,-22.0,11854.0,11837,17.0,12044.0,12010,34.0,3.84,3.752,0.08800000000000008,0.5128299999999999,0.5128299999999999,0.0,0.8315098468271335,0.8628428927680798,-0.031333045940946325
52,30,30,12044.0,12010,34.0,12273.0,12268,5.0,12452.0,12430,22.0,3.352,3.448,-0.09600000000000009,0.69166,0.69166,0.0,0.8774509803921569,0.7714285714285715,0.10602240896358539
52,31,31,12452.0,12430,22.0,12675.0,12669,6.0,12861.0,12857,4.0,3.216,3.208,0.008000000000000007,0.69655,0.73662,-0.04007000000000005,0.9095354523227384,0.8805620608899297,0.028973391432808637
52,32,32,12861.0,12857,4.0,13063.0,13062,1.0,13244.0,13248,-4.0,3.104,3.144,-0.040000000000000036,0.61178,0.61178,0.0,0.9451697127937336,0.9514066496163683,-0.006236936822634709
52,33,33,13244.0,13248,-4.0,13445.0,13435,10.0,13641.0,13616,25.0,3.056,2.984,0.07200000000000006,0.5543600000000001,0.5543600000000001,0.0,0.9874055415617129,0.9836956521739131,0.003709889387799814
52,34,34,13641.0,13616,25.0,13851.0,13843,8.0,14028.0,14008,20.0,3.248,3.264,-0.01599999999999957,0.44882,0.44882,0.0,0.9147286821705426,0.8418367346938775,0.07289194747666505
52,35,35,14028.0,14008,20.0,14285.0,14267,18.0,14464.0,14430,34.0,3.472,3.392,0.08000000000000007,0.63963,0.65062,-0.010989999999999944,0.8211009174311926,0.7725118483412322,0.04858906908996041
52,36,36,14464.0,14430,34.0,14705.0,14698,7.0,14892.0,14885,7.0,3.36,3.448,-0.08800000000000008,0.6538,0.6538,0.0,0.8738317757009346,0.8219780219780219,0.05185375372291268
52,37,37,14892.0,14885,7.0,15122.0,15106,16.0,15300.0,15250,50.0,3.336,3.264,0.07200000000000006,0.62032,0.61568,0.0046399999999999775,0.8725490196078431,0.7890410958904109,0.08350792371743221
52,38,38,15300.0,15250,50.0,15553.0,15536,17.0,15725.0,15679,46.0,3.448,3.44,0.008000000000000007,0.64842,0.64842,0.0,0.8094117647058824,0.6666666666666667,0.14274509803921565
52,39,39,15725.0,15679,46.0,15947.0,15933,14.0,16117.0,16080,37.0,3.152,3.176,-0.02400000000000002,0.5812400000000001,0.5861200000000001,-0.0048799999999999955,0.8673469387755102,0.7331670822942644,0.13417985648124575
52,40,40,16117.0,16080,37.0,16337.0,16320,17.0,16521.0,16466,55.0,3.12,3.096,0.02400000000000002,0.6257,0.6257,0.0,0.9108910891089109,0.7564766839378239,0.15441440517108707
52,41,41,16521.0,16466,55.0,16773.0,16760,13.0,16952.0,16915,37.0,3.488,3.52,-0.03200000000000003,0.60395,0.60444,-0.0004899999999999904,0.8306264501160092,0.6904231625835189,0.14020328753249034
52,42,42,16952.0,16915,37.0,17187.0,17174,13.0,17368.0,17409,-41.0,3.312,3.312,0.0,0.62765,0.62765,0.0,0.8701923076923077,0.951417004048583,-0.08122469635627527
52,43,43,17368.0,17409,-41.0,17585.0,17571,14.0,17763.0,17712,51.0,3.184,3.176,0.008000000000000007,0.63596,0.63596,0.0,0.9012658227848102,0.9306930693069306,-0.029427246522120476
52,44,44,17763.0,17712,51.0,17983.0,17968,15.0,18147.0,18108,39.0,3.184,3.176,0.008000000000000007,0.56145,0.56145,0.0,0.8541666666666666,0.7070707070707071,0.14709595959595956
52,45,45,18147.0,18108,39.0,18365.0,18349,16.0,18536.0,18481,55.0,3.056,3.048,0.008000000000000007,0.55876,0.55876,0.0,0.8791773778920309,0.707774798927614,0.1714025789644169
52,46,46,18536.0,18481,55.0,18820.0,18815,5.0,19016.0,18965,51.0,3.64,3.728,-0.08800000000000008,0.88444,0.87491,0.009530000000000038,0.8166666666666667,0.6198347107438016,0.19683195592286507
52,47,47,19016.0,18965,51.0,19255.0,19238,17.0,19415.0,19376,39.0,3.48,3.384,0.09600000000000009,0.64598,0.65673,-0.010750000000000037,0.8020050125313283,0.6715328467153285,0.13047216581599974
52,48,48,19415.0,19376,39.0,19630.0,19616,14.0,19805.0,19854,-49.0,3.0,3.024,-0.02400000000000002,0.61373,0.716341,-0.10261100000000001,0.8974358974358975,0.99581589958159,-0.09838000214569254
52,49,49,19805.0,19854,-49.0,19999.0,19987,12.0,20151.0,20115,36.0,2.952,2.968,-0.016000000000000014,0.611291,0.596387,0.014904000000000028,0.8786127167630058,0.9808429118773946,-0.1022301951143888
52,50,50,20151.0,20115,36.0,20365.0,20345,20.0,20514.0,20577,-63.0,2.928,2.864,0.06400000000000006,0.51625,0.51625,0.0,0.8209366391184573,0.9956709956709957,-0.17473435655253844
52,51,51,20514.0,20577,-63.0,20717.0,20704,13.0,20862.0,20895,-33.0,2.816,2.872,-0.05600000000000005,0.4449000000000001,0.43684000000000006,0.008060000000000012,0.8333333333333334,0.7987421383647799,0.03459119496855345
52,52,52,20862.0,20895,-33.0,21109.0,21097,12.0,21301.0,21342,-41.0,3.136,3.144,-0.008000000000000007,0.843637,0.843637,0.0,0.8747152619589977,0.9038031319910514,-0.02908787003205371
52,53,53,21301.0,21342,-41.0,21520.0,21503,17.0,21694.0,21649,45.0,3.288,3.248,0.03999999999999959,0.585638,0.584172,0.0014659999999999673,0.8854961832061069,0.9511400651465798,-0.06564388194047288
52,54,54,21694.0,21649,45.0,21945.0,21928,17.0,22131.0,22077,54.0,3.4,3.4,0.0,0.61349,0.6440279999999999,-0.030537999999999954,0.851258581235698,0.6962616822429907,0.1549968989927073
52,55,55,22131.0,22077,54.0,22385.0,22368,17.0,22565.0,22508,57.0,3.52,3.52,0.0,0.64745,0.65747,-0.010020000000000029,0.8294930875576036,0.6496519721577726,0.17984111539983105
52,56,56,22565.0,22508,57.0,22805.0,22792,13.0,22981.0,22933,48.0,3.36,3.392,-0.03200000000000003,0.6103099999999999,0.6103099999999999,0.0,0.8461538461538461,0.6635294117647059,0.18262443438914022
52,57,57,22981.0,22933,48.0,23223.0,23206,17.0,23404.0,23353,51.0,3.344,3.312,0.03200000000000003,0.74395,0.74395,0.0,0.8557919621749409,0.7,0.15579196217494096
52,58,58,23404.0,23353,51.0,23633.0,23618,15.0,23799.0,23753,46.0,3.28,3.296,-0.016000000000000014,0.64427,0.64427,0.0,0.8405063291139241,0.675,0.16550632911392404
52,59,59,23799.0,23753,46.0,24017.0,24005,12.0,24185.0,24232,-47.0,3.072,3.096,-0.02400000000000002,0.6213000000000001,0.65942,-0.03811999999999993,0.8704663212435233,0.9478079331941545,-0.07734161195063116
52,60,60,24185.0,24232,-47.0,24413.0,24398,15.0,24611.0,24657,-46.0,3.168,3.144,0.02400000000000002,0.69313,0.69313,0.0,0.9295774647887324,0.7811764705882354,0.14840099420049702
52,61,61,24611.0,24657,-46.0,24833.0,24828,5.0,25026.0,25074,-48.0,3.36,3.44,-0.08000000000000007,0.6071300000000001,0.6071300000000001,0.0,0.9301204819277108,0.8201438848920863,0.10997659703562446
52,62,62,25026.0,25074,-48.0,25269.0,25249,20.0,25440.0,25399,41.0,3.488,3.368,0.1200000000000001,0.6665,0.6665,0.0,0.8260869565217391,0.9230769230769231,-0.09698996655518399
52,63,63,25440.0,25399,41.0,25660.0,25640,20.0,25829.0,25786,43.0,3.128,3.128,0.0,0.5824609999999999,0.5824609999999999,0.0,0.8688946015424165,0.7545219638242894,0.11437263771812711
52,64,64,25829.0,25786,43.0,26065.0,26057,8.0,26236.0,26186,50.0,3.24,3.336,-0.09599999999999964,0.5907690000000001,0.6002970000000001,-0.009527999999999981,0.8402948402948403,0.645,0.19529484029484023
52,65,65,26236.0,26186,50.0,26473.0,26461,12.0,26651.0,26610,41.0,3.264,3.232,0.031999999999999584,0.75593,0.75593,0.0,0.8578313253012049,0.7028301886792453,0.15500113662195958
52,66,66,26651.0,26610,41.0,26877.0,26858,19.0,27046.0,26994,52.0,3.232,3.176,0.05600000000000005,0.6960599999999999,0.6960599999999999,0.0,0.8556962025316456,0.7083333333333333,0.14736286919831232
52,67,67,27046.0,26994,52.0,27283.0,27268,15.0,27459.0,27409,50.0,3.248,3.28,-0.031999999999999584,0.71781,0.71781,0.0,0.8523002421307506,0.6795180722891566,0.172782169841594
52,68,68,27459.0,27409,50.0,27683.0,27669,14.0,27842.0,27811,31.0,3.2,3.208,-0.008000000000000007,0.65502,0.65502,0.0,0.8302872062663186,0.7064676616915423,0.12381954457477629
52,69,69,27842.0,27811,31.0,28069.0,28053,16.0,28251.0,28196,55.0,3.088,3.072,0.016000000000000014,0.67701,0.67701,0.0,0.8899755501222494,0.7428571428571429,0.1471184072651065
52,70,70,28251.0,28196,55.0,28467.0,28460,7.0,28640.0,28588,52.0,3.184,3.256,-0.07199999999999962,0.59981,0.59981,0.0,0.8894601542416453,0.653061224489796,0.23639892975184928
52,71,71,28640.0,28588,52.0,28854.0,28843,11.0,29042.0,29091,-49.0,3.096,3.064,0.03200000000000003,0.62228,0.62228,0.0,0.9353233830845771,0.9860834990059643,-0.05076011592138718
52,72,72,29042.0,29091,-49.0,29291.0,29271,20.0,29490.0,29430,60.0,3.496,3.424,0.07200000000000006,0.69338,0.69338,0.0,0.8883928571428571,0.9380530973451328,-0.04966024020227566
52,73,73,29490.0,29430,60.0,29730.0,29713,17.0,29899.0,29943,-44.0,3.512,3.536,-0.02400000000000002,0.52505,0.5888140000000001,-0.06376400000000004,0.8264058679706602,0.8966861598440545,-0.07028029187339435
52,74,74,29899.0,29943,-44.0,30120.0,30102,18.0,30278.0,30238,40.0,3.12,3.112,0.008000000000000007,0.503293,0.503293,0.0,0.8337730870712401,0.9220338983050848,-0.08826081123384466
52,75,75,30278.0,30238,40.0,30525.0,30512,13.0,30711.0,30667,44.0,3.24,3.28,-0.03999999999999959,0.72759,0.75886,-0.03127000000000002,0.859122401847575,0.7226107226107226,0.13651167923685248
52,76,76,30711.0,30667,44.0,30936.0,30925,11.0,31127.0,31169,-42.0,3.288,3.304,-0.016000000000000014,0.6711400000000001,0.6757900000000001,-0.004650000000000043,0.9182692307692307,0.9721115537848606,-0.053842323015629856
52,77,77,31127.0,31169,-42.0,31363.0,31347,16.0,31557.0,31592,-35.0,3.416,3.376,0.040000000000000036,0.7087699999999999,0.7139,-0.005130000000000079,0.9023255813953488,0.8416075650118203,0.06071801638352847
52,78,78,31557.0,31592,-35.0,31777.0,31762,15.0,31948.0,31896,52.0,3.312,3.32,-0.008000000000000007,0.589541,0.589541,0.0,0.8746803069053708,0.881578947368421,-0.006898640463050221
52,79,79,31948.0,31896,52.0,32207.0,32190,17.0,32377.0,32338,39.0,3.44,3.424,0.016000000000000014,0.65991,0.65991,0.0,0.7925407925407926,0.6696832579185521,0.12285753462224047
52,80,80,32377.0,32338,39.0,32615.0,32595,20.0,32801.0,32741,60.0,3.264,3.24,0.023999999999999577,0.63938,0.6494,-0.010020000000000029,0.8773584905660378,0.7245657568238213,0.15279273374221647
52,81,81,32801.0,32741,60.0,33022.0,33014,8.0,33198.0,33221,-23.0,3.256,3.352,-0.09600000000000009,0.59956,0.59956,0.0,0.8866498740554156,0.8625,0.024149874055415577
52,82,82,33198.0,33221,-23.0,33405.0,33394,11.0,33597.0,33649,-52.0,3.064,3.04,0.02400000000000002,0.64427,0.66431,-0.020039999999999947,0.9624060150375939,0.8084112149532711,0.15399480008432287
52,83,83,33597.0,33649,-52.0,33827.0,33812,15.0,34022.0,33978,44.0,3.376,3.344,0.03200000000000003,0.71952,0.71952,0.0,0.9176470588235294,0.9908814589665653,-0.07323440014303595
52,84,84,34022.0,33978,44.0,34245.0,34228,17.0,34410.0,34372,38.0,3.344,3.328,0.016000000000000014,0.6042,0.6042,0.0,0.8505154639175257,0.7309644670050761,0.11955099691244964
52,85,85,34410.0,34372,38.0,34643.0,34624,19.0,34828.0,34773,55.0,3.184,3.168,0.016000000000000014,0.68996,0.68972,0.00024000000000001798,0.8851674641148325,0.743142144638404,0.1420253194764285
52,86,86,34828.0,34773,55.0,35057.0,35044,13.0,35217.0,35182,35.0,3.312,3.36,-0.04800000000000004,0.5392199999999999,0.5370199999999999,0.0021999999999999797,0.8226221079691517,0.6748166259168704,0.14780548205228128
52,87,87,35217.0,35182,35.0,35461.0,35443,18.0,35665.0,35601,64.0,3.232,3.192,0.040000000000000036,0.72197,0.7512899999999999,-0.0293199999999999,0.9107142857142857,0.7541766109785203,0.1565376747357654
52,88,88,35665.0,35601,64.0,35895.0,35883,12.0,36073.0,36128,-55.0,3.472,3.52,-0.04800000000000004,0.5912499999999999,0.5912499999999999,0.0,0.8725490196078431,0.9297912713472486,-0.05724225173940545
52,89,89,36073.0,36128,-55.0,36273.0,36263,10.0,36435.0,36394,41.0,3.024,3.04,-0.016000000000000014,0.5372600000000001,0.5372600000000001,0.0,0.8950276243093923,0.9849624060150376,-0.08993478170564528
52,90,90,36435.0,36394,41.0,36662.0,36647,15.0,36839.0,36896,-57.0,3.112,3.072,0.040000000000000036,0.6323000000000001,0.6486700000000001,-0.016369999999999996,0.8762376237623762,0.9920318725099602,-0.11579424874758393
52,91,91,36839.0,36896,-57.0,37057.0,37046,11.0,37234.0,37302,-68.0,3.16,3.192,-0.03200000000000003,0.64451,0.64451,0.0,0.8962025316455696,0.7389162561576355,0.15728627548793417
52,92,92,37234.0,37302,-68.0,37477.0,37462,15.0,37655.0,37702,-47.0,3.36,3.328,0.03200000000000003,0.7204999999999999,0.7204999999999999,0.0,0.8456057007125891,0.8,0.04560570071258907
52,93,93,37655.0,37702,-47.0,37866.0,37854,12.0,38032.0,38073,-41.0,3.112,3.136,-0.02400000000000002,0.60103,0.60103,0.0,0.8806366047745358,0.8194070080862533,0.06122959668828243
52,94,94,38032.0,38073,-41.0,38229.0,38223,6.0,38436.0,38494,-58.0,2.904,2.952,-0.04800000000000004,0.5853900000000001,0.61031,-0.024919999999999942,0.9752475247524752,0.7125890736342042,0.262658451118271
52,95,95,38436.0,38494,-58.0,38665.0,38648,17.0,38861.0,38915,-54.0,3.488,3.4,0.08800000000000008,0.66332,0.68996,-0.026639999999999997,0.9223529411764706,0.7315914489311164,0.19076149224535421
52,96,96,38861.0,38915,-54.0,39094.0,39079,15.0,39265.0,39229,36.0,3.432,3.448,-0.016000000000000014,0.65038,0.65038,0.0,0.8465346534653465,0.9554140127388535,-0.108879359273507
52,97,97,39265.0,39229,36.0,39497.0,39475,22.0,39660.0,39613,47.0,3.224,3.168,0.05600000000000005,0.59688,0.59688,0.0,0.8253164556962025,0.71875,0.10656645569620249
52,98,98,39660.0,39613,47.0,39949.0,39936,13.0,40120.0,40143,-23.0,3.616,3.688,-0.07200000000000006,0.58172,0.60811,-0.026390000000000025,0.7434782608695651,0.7811320754716982,-0.03765381460213302
52,99,99,40120.0,40143,-23.0,40335.0,40321,14.0,40511.0,40467,44.0,3.088,3.08,0.008000000000000007,0.58929,0.58929,0.0,0.9002557544757033,0.9012345679012346,-0.0009788134255312997
52,100,100,40511.0,40467,44.0,40765.0,40753,12.0,40938.0,40888,50.0,3.44,3.456,-0.016000000000000014,0.6044499999999999,0.6044499999999999,0.0,0.810304449648712,0.6413301662707839,0.16897428337792808
52,101,101,40938.0,40888,50.0,41185.0,41167,18.0,41352.0,41367,-15.0,3.36,3.312,0.04800000000000004,0.6547700000000001,0.66039,-0.005619999999999958,0.8067632850241546,0.8350730688935282,-0.02830978386937355
52,102,102,41352.0,41367,-15.0,41583.0,41568,15.0,41744.0,41737,7.0,3.184,3.208,-0.02400000000000002,0.75544,0.75544,0.0,0.8214285714285714,0.9135135135135135,-0.09208494208494211
52,103,103,41744.0,41737,7.0,41931.0,41931,0.0,42095.0,42115,-20.0,2.784,2.904,-0.1200000000000001,0.7407699999999999,0.7407699999999999,0.0,0.9344729344729344,0.9735449735449735,-0.039072039072039044
52,104,104,42095.0,42115,-20.0,42267.0,42268,-1.0,42454.0,42476,-22.0,2.688,2.696,-0.008000000000000007,0.87149,0.906426,-0.03493599999999997,0.958217270194986,0.8476454293628809,0.11057184083210514
52,105,105,42454.0,42476,-22.0,42643.0,42644,-1.0,42931.0,42937,-6.0,3.008,3.008,0.0,0.906426,0.89274,0.013685999999999976,0.7924528301886793,0.7288503253796095,0.06360250480906982
52,106,106,42931.0,42937,-6.0,43065.0,43049,16.0,43246.0,43283,-37.0,3.376,3.24,0.13599999999999968,0.525286,0.525286,0.0,0.8507936507936508,0.6473988439306358,0.20339480686301492
52,107,107,43246.0,43283,-37.0,43477.0,43467,10.0,43691.0,43726,-35.0,3.296,3.344,-0.04800000000000004,0.568776,0.5484979999999999,0.020278000000000018,0.9617977528089887,0.8306997742663657,0.13109797854262306
52,108,108,43691.0,43726,-35.0,43933.0,43931,2.0,44174.0,44197,-23.0,3.648,3.712,-0.06400000000000006,0.50428,0.47936,0.024919999999999942,0.9979296066252588,0.8704883227176221,0.12744128390763665
52,109,109,44174.0,44197,-23.0,44372.0,44352,20.0,44545.0,44495,50.0,3.512,3.368,0.14400000000000013,0.37795999999999996,0.37795999999999996,0.0,0.9326145552560647,0.9597315436241611,-0.027116988368096395
52,110,110,44545.0,44495,50.0,44817.0,44803,14.0,44972.0,44939,33.0,3.56,3.608,-0.04800000000000004,0.52822,0.55118,-0.02295999999999998,0.7259953161592505,0.6126126126126126,0.11338270354663793
52,111,111,44972.0,44939,33.0,45215.0,45202,13.0,45392.0,45437,-45.0,3.184,3.192,-0.008000000000000007,0.742,0.81578,-0.07377999999999996,0.8428571428571429,0.9437751004016064,-0.10091795754446353
52,112,112,45392.0,45437,-45.0,45601.0,45584,17.0,45775.0,45721,54.0,3.088,3.056,0.03200000000000003,0.5616899999999999,0.5609599999999999,0.0007300000000000084,0.9086161879895561,0.9647887323943662,-0.05617254440481012
52,113,113,45775.0,45721,54.0,46029.0,46016,13.0,46248.0,46296,-48.0,3.424,3.456,-0.03200000000000003,0.55265,0.55265,0.0,0.9260042283298098,0.9739130434782609,-0.047908815148451134
52,114,114,46248.0,46296,-48.0,46493.0,46484,9.0,46685.0,46706,-21.0,3.712,3.744,-0.03200000000000003,0.57831,0.57831,0.0,0.8787185354691076,0.9170731707317074,-0.038354635262599746
52,115,115,46685.0,46706,-21.0,46897.0,46884,13.0,47100.0,47143,-43.0,3.232,3.2,0.03200000000000003,0.61495,0.61495,0.0,0.9783132530120482,0.8146453089244852,0.16366794408756302
52,116,116,47100.0,47143,-43.0,47322.0,47311,11.0,47510.0,47464,46.0,3.4,3.416,-0.016000000000000014,0.52871,0.52871,0.0,0.9170731707317074,0.9532710280373832,-0.03619785730567582
52,117,117,47510.0,47464,46.0,47737.0,47719,18.0,47912.0,47857,55.0,3.32,3.264,0.05600000000000005,0.51234,0.51234,0.0,0.8706467661691543,0.7022900763358779,0.16835668983327634
52,118,118,47912.0,47857,55.0,48170.0,48147,23.0,48335.0,48298,37.0,3.464,3.424,0.040000000000000036,0.48644,0.48644,0.0,0.7801418439716312,0.6848072562358276,0.09533458773580361
52,119,119,48335.0,48298,37.0,48579.0,48567,12.0,48762.0,48723,39.0,3.272,3.36,-0.08800000000000008,0.55094,0.5658399999999999,-0.014899999999999913,0.8571428571428572,0.7341176470588235,0.12302521008403366
52,120,120,48762.0,48723,39.0,48977.0,48965,12.0,49149.0,49106,43.0,3.184,3.184,0.0,0.56071,0.56071,0.0,0.8888888888888888,0.7362924281984334,0.1525964606904554
52,121,121,49149.0,49106,43.0,49385.0,49370,15.0,49566.0,49617,-51.0,3.264,3.24,0.023999999999999577,0.7007099999999999,0.7007099999999999,0.0,0.8681055155875299,0.9667318982387476,-0.0986263826512177
52,122,122,49566.0,49617,-51.0,49747.0,49732,15.0,49865.0,49868,-3.0,2.896,2.896,0.0,0.539702,0.539702,0.0,0.7892976588628763,0.9163346613545816,-0.12703700249170535
52,123,123,49865.0,49868,-3.0,50036.0,50037,-1.0,50208.0,50203,5.0,2.312,2.44,-0.1280000000000001,1.00048864,1.00048864,0.0,0.9970845481049563,0.991044776119403,0.006039771985553277
52,124,124,50208.0,50203,5.0,50354.0,50352,2.0,50543.0,50586,-43.0,2.544,2.52,0.02400000000000002,0.76569864,0.76569864,0.0,0.8716417910447761,0.7780678851174935,0.09357390592728265
52,125,125,50543.0,50586,-43.0,50725.0,50721,4.0,50941.0,51003,-62.0,2.968,2.952,0.016000000000000014,0.46323000000000003,0.5064770000000001,-0.043247000000000035,0.914572864321608,0.6474820143884892,0.2670908499331188
52,126,126,50941.0,51003,-62.0,51167.0,51161,6.0,51383.0,51437,-54.0,3.536,3.52,0.016000000000000014,0.44784199999999996,0.44784199999999996,0.0,0.9773755656108597,0.728110599078341,0.24926496653251873
52,127,127,51383.0,51437,-54.0,51620.0,51606,14.0,51799.0,51857,-58.0,3.624,3.56,0.06400000000000006,0.47128999999999993,0.47128999999999993,0.0,0.8605769230769231,0.8047619047619048,0.05581501831501834
52,128,128,51799.0,51857,-58.0,52036.0,52020,16.0,52211.0,52161,50.0,3.328,3.312,0.016000000000000014,0.46909,0.46909,0.0,0.8495145631067962,0.9276315789473684,-0.07811701584057218
52,129,129,52211.0,52161,50.0,52457.0,52443,14.0,52640.0,52684,-44.0,3.368,3.384,-0.016000000000000014,0.54776,0.54776,0.0,0.8531468531468531,0.9216061185468452,-0.06845926539999203
52,130,130,52640.0,52684,-44.0,52882.0,52871,11.0,53083.0,53135,-52.0,3.4,3.424,-0.02400000000000002,0.54947,0.54947,0.0,0.90744920993228,0.8292682926829268,0.07818091724935317
52,131,131,53083.0,53135,-52.0,53313.0,53300,13.0,53484.0,53523,-39.0,3.448,3.432,0.016000000000000014,0.57147,0.57147,0.0,0.8528678304239401,0.8505154639175257,0.0023523665064143495
52,132,132,53484.0,53523,-39.0,53710.0,53697,13.0,53901.0,53860,41.0,3.176,3.176,0.0,0.60029,0.59785,0.0024399999999999977,0.9160671462829736,0.9673590504451038,-0.05129190416213025
52,133,133,53901.0,53860,41.0,54152.0,54127,25.0,54319.0,54373,-54.0,3.536,3.44,0.09600000000000009,0.42585000000000006,0.44906,-0.023209999999999953,0.799043062200957,0.9590643274853801,-0.16002126528442306
52,134,134,54319.0,54373,-54.0,54544.0,54526,18.0,54721.0,54803,-82.0,3.136,3.192,-0.05600000000000005,0.53653,0.54459,-0.008060000000000067,0.8805970149253731,0.7116279069767442,0.16896910794862896
52,136,135,54746.0,54803,-57.0,54967.0,54955,12.0,55192.0,55231,-39.0,1.84,3.432,-1.5919999999999999,0.5736600000000001,0.57269,0.0009700000000000264,0.9910313901345291,0.7102803738317758,0.28075101630275334
52,137,136,55192.0,55231,-39.0,55399.0,55391,8.0,55577.0,55525,52.0,3.456,3.488,-0.03200000000000003,0.5284599999999999,0.5277299999999999,0.0007300000000000084,0.9246753246753247,0.9115646258503401,0.013110698824984501
52,138,137,55577.0,55525,52.0,55821.0,55807,14.0,56012.0,56051,-39.0,3.376,3.328,0.04800000000000004,0.52162,0.52162,0.0,0.8781609195402299,0.9277566539923955,-0.049595734452165585
52,139,138,56012.0,56051,-39.0,56225.0,56208,17.0,56407.0,56457,-50.0,3.232,3.208,0.02400000000000002,0.4366,0.4366,0.0,0.9215189873417722,0.7733990147783252,0.148119972563447
52,140,139,56407.0,56457,-50.0,56624.0,56620,4.0,56811.0,56759,52.0,3.192,3.296,-0.10399999999999965,0.53726,0.5247999999999999,0.012460000000000027,0.9257425742574258,0.9205298013245033,0.005212772932922438
52,142,140,56820.0,56759,61.0,57045.0,57029,16.0,57201.0,57165,36.0,1.808,3.272,-1.4639999999999997,0.61716,0.61716,0.0,0.8188976377952756,0.6699507389162562,0.14894689887901935
52,143,141,57201.0,57165,36.0,57395.0,57396,-1.0,57506.0,57523,-17.0,2.8,2.936,-0.13600000000000012,0.7903800000000001,0.7903800000000001,0.0,0.7278688524590164,0.7094972067039106,0.01837164575510586
52,144,142,57506.0,57523,-17.0,57694.0,57657,37.0,57846.0,57832,14.0,2.392,2.088,0.3039999999999998,0.9337886400000001,0.9311011,0.0026875400000000438,0.8941176470588236,0.8673139158576052,0.026803731201218373
52,145,143,57846.0,57832,14.0,58095.0,58083,12.0,58343.0,58373,-30.0,3.208,3.408,-0.19999999999999973,1.00048864,1.00048864,0.0,0.9979879275653923,0.9279112754158965,0.07007665214949588
52,146,144,58343.0,58373,-30.0,58530.0,58514,16.0,58698.0,58648,50.0,3.48,3.448,0.03200000000000003,0.387249,0.387249,0.0,0.9464788732394366,0.9745454545454545,-0.028066581306017913
52,147,145,58698.0,58648,50.0,58965.0,58952,13.0,59176.0,59132,44.0,3.48,3.504,-0.02400000000000002,0.40165999999999996,0.42486999999999997,-0.02321000000000001,0.8828451882845189,0.743801652892562,0.1390435353919569
52,148,146,59176.0,59132,44.0,59443.0,59413,30.0,59600.0,59560,40.0,3.824,3.688,0.13599999999999968,0.42242999999999997,0.42242999999999997,0.0,0.7405660377358491,0.6869158878504673,0.05365014988538175
53,1,1,98.0,68,30.0,225.0,208,17.0,364.0,400,-36.0,,,,0.6108020000000001,0.7033986400000001,-0.09259664000000001,0.9548872180451128,0.8433734939759037,0.11151372406920912
53,2,2,364.0,400,-36.0,527.0,533,-6.0,731.0,759,-28.0,2.416,2.6,-0.18400000000000016,0.701926,0.701926,0.0,0.888283378746594,0.7409470752089137,0.14733630353768035
53,3,3,731.0,759,-28.0,939.0,926,13.0,1059.0,1062,-3.0,3.296,3.144,0.1519999999999997,0.81701,0.81408,0.002929999999999988,0.7317073170731707,0.8976897689768977,-0.16598245190372696
53,4,4,1059.0,1062,-3.0,1167.0,1177,-10.0,1255.0,1277,-22.0,1.824,2.008,-0.18399999999999994,0.6489100000000001,0.6489100000000001,0.0,0.8979591836734694,0.9302325581395349,-0.032273374466065485
53,5,5,1255.0,1277,-22.0,1385.0,1372,13.0,1501.0,1469,32.0,1.744,1.56,0.18399999999999994,0.63108,0.63108,0.0,0.943089430894309,0.9895833333333334,-0.046493902439024404
53,6,6,1501.0,1469,32.0,1585.0,1578,7.0,1845.0,1868,-23.0,1.6,1.648,-0.04799999999999982,0.8863886400000001,0.8863886400000001,0.0,0.4883720930232558,0.5463659147869675,-0.057993821763711706
53,7,7,1845.0,1868,-23.0,2015.0,2002,13.0,2155.0,2170,-15.0,3.44,3.392,0.04800000000000004,0.82213864,0.82213864,0.0,0.9032258064516129,0.8874172185430463,0.01580858790856654
53,8,8,2155.0,2170,-15.0,2297.0,2315,-18.0,2477.0,2489,-12.0,2.256,2.504,-0.24800000000000022,0.6271654,0.6271654,0.0,0.8819875776397516,0.9090909090909091,-0.02710333145115751
53,9,9,2477.0,2489,-12.0,2780.0,2773,7.0,2901.0,2900,1.0,3.864,3.664,0.19999999999999973,1.00048864,1.00048864,0.0,0.570754716981132,0.6180048661800487,-0.04725014919891668
53,10,10,2901.0,2900,1.0,3046.0,3022,24.0,3147.0,3146,1.0,2.128,1.992,0.13600000000000012,1.00048864,1.00048864,0.0,0.8211382113821138,0.991869918699187,-0.1707317073170731
53,13,11,3810.0,3868,-58.0,4050.0,4035,15.0,4226.0,4250,-24.0,4.016,3.896,0.1200000000000001,0.87441864,0.87441864,0.0,0.8461538461538461,0.8743455497382199,-0.02819170358437373
53,14,12,4226.0,4250,-24.0,4416.0,4408,8.0,4625.0,4659,-34.0,2.928,2.984,-0.05600000000000005,0.7786500000000001,0.7786500000000001,0.0,0.9523809523809523,0.7726161369193154,0.17976481546163692
53,15,13,4625.0,4659,-34.0,4796.0,4805,-9.0,4982.0,5011,-29.0,3.04,3.176,-0.13600000000000012,0.6757890000000001,0.6757890000000001,0.0,0.957983193277311,0.8295454545454546,0.12843773873185638
53,16,14,4982.0,5011,-29.0,5175.0,5163,12.0,5345.0,5360,-15.0,3.032,2.864,0.16800000000000015,0.705838,0.740287,-0.03444900000000006,0.9366391184573003,0.8710601719197708,0.06557894653752949
53,17,15,5345.0,5360,-15.0,5505.0,5488,17.0,5672.0,5714,-42.0,2.64,2.6,0.040000000000000036,0.5717089999999999,0.5717089999999999,0.0,0.9785932721712538,0.7231638418079096,0.2554294303633442
53,18,16,5672.0,5714,-42.0,5863.0,5853,10.0,6019.0,6057,-38.0,2.864,2.92,-0.05600000000000005,0.645,0.67163,-0.02662999999999993,0.899135446685879,0.8104956268221575,0.08863981986372149
53,19,17,6019.0,6057,-38.0,6195.0,6222,-27.0,6416.0,6450,-34.0,2.656,2.952,-0.2959999999999998,0.71195,0.721234,-0.00928400000000007,0.8866498740554156,0.8396946564885497,0.04695521756686594
53,20,18,6416.0,6450,-34.0,6591.0,6591,0.0,6803.0,6836,-33.0,3.168,2.952,0.2160000000000002,0.665287,0.665287,0.0,0.9043927648578811,0.7305699481865284,0.1738228166713527
53,21,19,6803.0,6836,-33.0,7007.0,6997,10.0,7164.0,7183,-19.0,3.328,3.248,0.07999999999999963,0.763259,0.763259,0.0,0.8698060941828255,0.9279538904899135,-0.058147796307087996
53,22,20,7164.0,7183,-19.0,7329.0,7337,-8.0,7513.0,7545,-32.0,2.576,2.72,-0.14400000000000013,0.64671,0.64671,0.0,0.9455587392550143,0.850828729281768,0.09473000997324632
53,23,21,7513.0,7545,-32.0,7695.0,7693,2.0,7920.0,7950,-30.0,2.928,2.848,0.08000000000000007,0.812114,0.8526710000000001,-0.040557000000000065,0.8943488943488943,0.7308641975308642,0.16348469681803013
53,24,22,7920.0,7950,-30.0,8117.0,8111,6.0,8319.0,8335,-16.0,3.376,3.344,0.03200000000000003,0.747371,0.7449279999999999,0.002443000000000084,0.987468671679198,0.8363636363636364,0.15110503531556163
53,25,23,8319.0,8335,-16.0,8501.0,8495,6.0,8688.0,8722,-34.0,3.072,3.072,0.0,0.734421,0.730512,0.00390899999999994,0.986449864498645,0.82687338501292,0.15957647948572506
53,26,24,8688.0,8722,-34.0,8867.0,8878,-11.0,9095.0,9118,-23.0,2.928,3.064,-0.13600000000000012,0.641826,0.641826,0.0,0.8796068796068797,0.7878787878787878,0.09172809172809182
53,27,25,9095.0,9118,-23.0,9307.0,9285,22.0,9504.0,9531,-27.0,3.52,3.256,0.26400000000000023,0.648182,0.688983,-0.040800999999999976,0.9633251833740831,0.8087167070217918,0.15460847635229136
53,28,26,9504.0,9531,-27.0,9673.0,9696,-23.0,9912.0,9938,-26.0,2.928,3.288,-0.3599999999999999,0.7019249999999999,0.7019249999999999,0.0,0.8284313725490196,0.8108108108108107,0.017620561738208806
53,29,27,9912.0,9938,-26.0,10071.0,10082,-11.0,10272.0,10310,-38.0,3.184,3.088,0.09600000000000009,0.6203270000000001,0.637429,-0.01710199999999995,0.8833333333333333,0.7741935483870968,0.10913978494623655
53,30,28,10272.0,10310,-38.0,10504.0,10474,30.0,10649.0,10649,0.0,3.464,3.136,0.32799999999999985,0.797459,0.791351,0.006108000000000002,0.7692307692307692,0.967551622418879,-0.19832085318810988
53,31,29,10649.0,10649,0.0,10788.0,10790,-2.0,11005.0,11032,-27.0,2.272,2.528,-0.2560000000000002,0.65111,0.757144,-0.10603400000000007,0.7808988764044944,0.7362924281984334,0.04460644820606097
53,32,30,11005.0,11032,-27.0,11195.0,11207,-12.0,11428.0,11462,-34.0,3.256,3.336,-0.08000000000000007,0.75177,0.75177,0.0,0.8983451536643026,0.813953488372093,0.08439166529220954
53,33,31,11428.0,11462,-34.0,11651.0,11623,28.0,11805.0,11839,-34.0,3.648,3.328,0.3200000000000003,0.683362,0.683362,0.0,0.8169761273209549,0.8541114058355438,-0.037135278514588865
53,34,32,11805.0,11839,-34.0,12009.0,11997,12.0,12205.0,12235,-30.0,2.864,2.992,-0.1280000000000001,0.666507,0.740291,-0.07378400000000007,0.98,0.797979797979798,0.18202020202020197
53,35,33,12205.0,12235,-30.0,12395.0,12384,11.0,12578.0,12599,-21.0,3.088,3.096,-0.008000000000000007,0.7112160000000001,0.7112160000000001,0.0,0.9812332439678284,0.8186813186813187,0.16255192528650975
53,36,34,12578.0,12599,-21.0,12768.0,12752,16.0,12949.0,12971,-22.0,2.984,2.944,0.040000000000000036,0.63157,0.670417,-0.038847000000000076,0.9757412398921833,0.8225806451612903,0.15316059473089305
53,37,35,12949.0,12971,-22.0,13127.0,13116,11.0,13268.0,13299,-31.0,2.872,2.912,-0.040000000000000036,0.604937,0.604937,0.0,0.8840125391849529,0.8841463414634146,-0.00013380227846171433
53,38,36,13268.0,13299,-31.0,13455.0,13446,9.0,13657.0,13686,-29.0,2.624,2.64,-0.016000000000000014,0.6501330000000001,0.659661,-0.009527999999999981,0.961439588688946,0.7596899224806202,0.2017496662083258
53,39,37,13657.0,13686,-29.0,13860.0,13843,17.0,14040.0,14071,-31.0,3.24,3.176,0.06400000000000006,0.623011,0.614216,0.008794999999999997,0.9399477806788512,0.8155844155844156,0.12436336509443557
53,40,38,14040.0,14071,-31.0,14243.0,14226,17.0,14445.0,14469,-24.0,3.064,3.064,0.0,0.64085,0.665771,-0.02492099999999997,0.9975308641975309,0.778894472361809,0.21863639183572192
53,41,39,14445.0,14469,-24.0,14637.0,14626,11.0,14824.0,14839,-15.0,3.152,3.2,-0.04800000000000004,0.608601,0.600783,0.007817999999999992,0.9868073878627969,0.8486486486486486,0.13815873921414823
53,42,40,14824.0,14839,-15.0,15001.0,14993,8.0,15172.0,15186,-14.0,2.912,2.936,-0.02400000000000002,0.6301000000000001,0.6831210000000001,-0.053020999999999985,0.9827586206896551,0.8876080691642652,0.09515055152538998
53,43,41,15172.0,15186,-14.0,15363.0,15338,25.0,15499.0,15520,-21.0,2.896,2.76,0.13600000000000012,0.6110410000000001,0.6110410000000001,0.0,0.8318042813455657,0.9101796407185628,-0.07837535937299711
53,44,42,15499.0,15520,-21.0,15713.0,15692,21.0,15906.0,15930,-24.0,2.8,2.832,-0.03200000000000003,0.66577,0.694114,-0.028344000000000036,0.9484029484029484,0.8390243902439024,0.10937855815904596
53,45,43,15906.0,15930,-24.0,16115.0,16100,15.0,16290.0,16313,-23.0,3.216,3.264,-0.0479999999999996,0.696069,0.696069,0.0,0.9114583333333334,0.8877284595300261,0.023729873803307266
53,46,44,16290.0,16313,-23.0,16519.0,16495,24.0,16699.0,16717,-18.0,3.232,3.16,0.07200000000000006,0.729537,0.729537,0.0,0.880195599022005,0.900990099009901,-0.020794499987896065
53,47,45,16699.0,16717,-18.0,16901.0,16897,4.0,17071.0,17086,-15.0,3.056,3.216,-0.16000000000000014,0.894946,0.894946,0.0,0.9139784946236559,0.975609756097561,-0.061631261473905075
53,48,46,17071.0,17086,-15.0,17227.0,17230,-3.0,17422.0,17438,-16.0,2.608,2.664,-0.05600000000000005,0.63621,0.63523,0.000980000000000092,0.8888888888888888,0.8181818181818181,0.07070707070707072
53,49,47,17422.0,17438,-16.0,17615.0,17609,6.0,17794.0,17796,-2.0,3.104,3.032,0.07200000000000006,0.67994,0.6865410000000001,-0.006601000000000079,0.9623655913978495,0.9553072625698324,0.007058328828017046
53,50,48,17794.0,17796,-2.0,17957.0,17967,-10.0,18142.0,18156,-14.0,2.736,2.864,-0.12799999999999967,0.677249,0.691664,-0.014414999999999956,0.9367816091954023,0.95,-0.013218390804597635
53,51,49,18142.0,18156,-14.0,18351.0,18329,22.0,18507.0,18519,-12.0,3.152,2.896,0.2560000000000002,0.744444,0.744444,0.0,0.8547945205479452,0.953168044077135,-0.09837352352918971
53,52,50,18507.0,18519,-12.0,18693.0,18678,15.0,18867.0,18883,-16.0,2.736,2.792,-0.055999999999999606,0.653312,0.701442,-0.048130000000000006,0.9666666666666667,0.8736263736263736,0.09304029304029304
53,53,51,18867.0,18883,-16.0,19057.0,19053,4.0,19248.0,19271,-23.0,2.912,3.0,-0.08800000000000008,0.7503018,0.7503018,0.0,0.9973753280839895,0.8762886597938144,0.12108666829017511
53,54,52,19248.0,19271,-23.0,19445.0,19440,5.0,19595.0,19611,-16.0,3.104,3.096,0.008000000000000007,0.837525,0.836792,0.0007329999999999837,0.8645533141210375,0.9941176470588236,-0.12956433293778602
53,55,53,19595.0,19611,-16.0,19761.0,19754,7.0,19951.0,19971,-20.0,2.528,2.512,0.016000000000000014,0.783293,0.797464,-0.014170999999999934,0.9325842696629214,0.7944444444444445,0.1381398252184769
53,56,54,19951.0,19971,-20.0,20163.0,20157,6.0,20325.0,20338,-13.0,3.216,3.224,-0.008000000000000007,0.9034939999999999,0.881261,0.022232999999999947,0.8663101604278075,0.9863760217983651,-0.12006586137055764
53,57,55,20325.0,20338,-13.0,20471.0,20487,-16.0,20696.0,20713,-17.0,2.464,2.64,-0.17600000000000016,0.6066400000000001,0.6684570000000001,-0.06181700000000001,0.7870619946091644,0.7946666666666666,-0.00760467205750226
53,58,56,20696.0,20713,-17.0,20901.0,20900,1.0,21087.0,21103,-16.0,3.44,3.304,0.13600000000000012,0.7398,0.7398,0.0,0.9514066496163683,0.958974358974359,-0.007567709357990671
53,59,57,21087.0,21103,-16.0,21289.0,21273,16.0,21485.0,21506,-21.0,3.104,2.984,0.1200000000000001,0.776689,0.776689,0.0,0.9849246231155779,0.8436724565756824,0.14125216653989559
53,60,58,21485.0,21506,-21.0,21716.0,21697,19.0,21871.0,21893,-22.0,3.416,3.392,0.02400000000000002,0.783774,0.783774,0.0,0.8031088082901554,0.9870801033591732,-0.18397129506901777
53,61,59,21871.0,21893,-22.0,22057.0,22054,3.0,22253.0,22276,-23.0,2.728,2.856,-0.12799999999999967,0.81823,0.82703,-0.00880000000000003,0.9738219895287958,0.8407310704960835,0.1330909190327123
53,62,60,22253.0,22276,-23.0,22465.0,22452,13.0,22606.0,22618,-12.0,3.264,3.184,0.07999999999999963,0.7749900000000001,0.787201,-0.012210999999999972,0.7988668555240793,0.9707602339181287,-0.1718933783940494
53,63,61,22606.0,22618,-12.0,22784.0,22768,16.0,22939.0,22962,-23.0,2.552,2.528,0.02400000000000002,0.664792,0.664792,0.0,0.9309309309309309,0.872093023255814,0.058837907675116985
53,64,62,22939.0,22962,-23.0,23137.0,23149,-12.0,23329.0,23341,-12.0,2.824,3.048,-0.2240000000000002,0.8343550000000001,0.8343550000000001,0.0,0.9846153846153847,0.9868073878627969,-0.0021920032474121998
53,65,63,23329.0,23341,-12.0,23520.0,23507,13.0,23715.0,23728,-13.0,3.064,2.864,0.20000000000000018,0.683601,0.710721,-0.027120000000000033,0.9896373056994818,0.8578811369509044,0.13175616874857743
53,66,64,23715.0,23728,-13.0,23927.0,23937,-10.0,24121.0,24114,7.0,3.256,3.44,-0.18400000000000016,0.872711,0.8722219999999999,0.0004890000000000727,0.9556650246305418,0.917098445595855,0.038566579034686854
53,67,65,24121.0,24114,7.0,24275.0,24276,-1.0,24468.0,24489,-21.0,2.784,2.712,0.07199999999999962,0.626921,0.626921,0.0,0.8876080691642652,0.864,0.023608069164265166
53,68,66,24468.0,24489,-21.0,24667.0,24670,-3.0,24867.0,24889,-22.0,3.136,3.152,-0.016000000000000014,0.818225,0.8328840000000001,-0.014659000000000089,0.9974937343358397,0.905,0.09249373433583963
53,69,67,24867.0,24889,-22.0,25087.0,25072,15.0,25263.0,25289,-26.0,3.36,3.216,0.14399999999999968,0.859274,0.853899,0.005375000000000019,0.8888888888888888,0.915,-0.026111111111111196
53,70,68,25263.0,25289,-26.0,25489.0,25478,11.0,25674.0,25688,-14.0,3.216,3.248,-0.03200000000000003,0.8819940000000001,0.8819940000000001,0.0,0.9002433090024331,0.9473684210526316,-0.04712511205019854
53,71,69,25674.0,25688,-14.0,25883.0,25881,2.0,26050.0,26048,2.0,3.152,3.224,-0.07200000000000006,0.72514,0.7227,0.0024399999999999977,0.8882978723404256,0.9277777777777778,-0.03947990543735225
53,72,70,26050.0,26048,2.0,26251.0,26223,28.0,26393.0,26410,-17.0,2.944,2.736,0.20799999999999974,0.65063,0.7317400000000001,-0.08111000000000002,0.8279883381924198,0.9668508287292817,-0.13886249053686195
53,73,71,26393.0,26410,-17.0,26623.0,26601,22.0,26788.0,26801,-13.0,2.976,3.024,-0.04800000000000004,0.785731,0.785731,0.0,0.8354430379746836,0.9769820971867008,-0.14153905921201726
53,74,72,26788.0,26801,-13.0,26987.0,27000,-13.0,27179.0,27188,-9.0,2.912,3.192,-0.28000000000000025,0.840456,0.840456,0.0,0.9820971867007673,0.9715762273901809,0.010520959310586386
53,75,73,27179.0,27188,-9.0,27352.0,27361,-9.0,27538.0,27549,-11.0,2.92,2.888,0.03200000000000003,0.63621,0.63621,0.0,0.9637883008356546,0.9584487534626038,0.005339547373050757
53,76,74,27538.0,27549,-11.0,27745.0,27734,11.0,27932.0,27950,-18.0,3.144,2.984,0.16000000000000014,0.767895,0.793548,-0.025653000000000037,0.949238578680203,0.9226932668329177,0.026545311847285258
53,77,75,27932.0,27950,-18.0,28137.0,28143,-6.0,28337.0,28345,-8.0,3.136,3.272,-0.13599999999999968,0.878818,0.8763749999999999,0.002443000000000084,0.9876543209876543,0.9772151898734177,0.010439131114236555
53,78,76,28337.0,28345,-8.0,28538.0,28538,0.0,28743.0,28744,-1.0,3.208,3.16,0.04800000000000004,0.843877,0.843877,0.0,0.9901477832512315,0.9674185463659148,0.022729236885316695
53,79,77,28743.0,28744,-1.0,28957.0,28943,14.0,29131.0,29137,-6.0,3.352,3.24,0.11199999999999966,0.75177,0.75177,0.0,0.8969072164948454,0.9872773536895675,-0.09037013719472209
53,80,78,29131.0,29137,-6.0,29329.0,29335,-6.0,29537.0,29556,-19.0,2.976,3.136,-0.16000000000000014,0.8585349999999999,0.8585349999999999,0.0,0.9753694581280788,0.9451073985680191,0.030262059560059784
53,81,79,29537.0,29556,-19.0,29734.0,29738,-4.0,29952.0,29961,-9.0,3.24,3.224,0.016000000000000014,0.777428,0.7551899999999999,0.02223800000000009,0.9493975903614458,0.8987654320987655,0.050632158262680305
53,82,80,29952.0,29961,-9.0,30153.0,30162,-9.0,30361.0,30377,-16.0,3.352,3.392,-0.040000000000000036,0.78695,0.78695,0.0,0.9828850855745721,0.9663461538461539,0.01653893172841825
53,83,81,30361.0,30377,-16.0,30539.0,30562,-23.0,30757.0,30767,-10.0,3.088,3.2,-0.1120000000000001,0.7026699999999999,0.7026699999999999,0.0,0.898989898989899,0.9487179487179487,-0.04972804972804967
53,84,82,30757.0,30767,-10.0,30927.0,30943,-16.0,31132.0,31145,-13.0,3.104,3.048,0.05600000000000005,0.744687,0.744687,0.0,0.9066666666666666,0.9312169312169312,-0.024550264550264544
53,85,83,31132.0,31145,-13.0,31343.0,31343,0.0,31550.0,31563,-13.0,3.328,3.2,0.12799999999999967,0.73296,0.769853,-0.036893000000000065,0.9904306220095693,0.9473684210526316,0.04306220095693769
53,86,84,31550.0,31563,-13.0,31769.0,31770,-1.0,31965.0,31987,-22.0,3.408,3.416,-0.008000000000000007,0.7788930000000001,0.77816,0.0007330000000000947,0.944578313253012,0.9764150943396226,-0.03183678108661059
53,87,85,31965.0,31987,-22.0,32178.0,32177,1.0,32348.0,32349,-1.0,3.272,3.256,0.016000000000000014,0.821159,0.810654,0.010504999999999987,0.8877284595300261,0.9502762430939227,-0.06254778356389656
53,88,86,32348.0,32349,-1.0,32565.0,32547,18.0,32709.0,32721,-12.0,3.096,2.96,0.13600000000000012,0.68581,0.70291,-0.017100000000000004,0.7977839335180055,0.935483870967742,-0.13769993744973652
53,89,87,32709.0,32721,-12.0,32907.0,32884,23.0,33101.0,33128,-27.0,2.736,2.696,0.040000000000000036,0.62594,0.7016830000000001,-0.075743,0.9897959183673469,0.800982800982801,0.18881311738454598
53,90,88,33101.0,33128,-27.0,33320.0,33308,12.0,33516.0,33541,-25.0,3.304,3.392,-0.08800000000000008,0.942829,0.942829,0.0,0.944578313253012,0.8716707021791767,0.07290761107383525
53,91,89,33516.0,33541,-25.0,33746.0,33737,9.0,33937.0,33944,-7.0,3.408,3.432,-0.02400000000000002,0.730274,0.72441,0.00586399999999998,0.9073634204275535,0.9727047146401985,-0.065341294212645
53,92,90,33937.0,33944,-7.0,34093.0,34103,-10.0,34270.0,34293,-23.0,2.776,2.928,-0.15200000000000014,0.707553,0.707553,0.0,0.9369369369369369,0.9111747851002865,0.025762151836650427
53,93,91,34270.0,34293,-23.0,34457.0,34449,8.0,34669.0,34667,2.0,2.912,2.768,0.14400000000000013,0.694114,0.694114,0.0,0.93734335839599,0.8342245989304813,0.10311875946550875
53,94,92,34669.0,34667,2.0,34879.0,34873,6.0,35064.0,35074,-10.0,3.376,3.392,-0.016000000000000014,0.88199,0.88199,0.0,0.9367088607594937,0.9877149877149877,-0.051006126955494
53,95,93,35064.0,35074,-10.0,35261.0,35253,8.0,35452.0,35473,-21.0,3.056,3.04,0.016000000000000014,0.900811,0.91376,-0.012948999999999988,0.9845360824742269,0.8972431077694236,0.08729297470480324
53,96,94,35452.0,35473,-21.0,35671.0,35666,5.0,35856.0,35881,-25.0,3.28,3.304,-0.02400000000000002,0.93721,0.908869,0.02834099999999995,0.9158415841584159,0.946078431372549,-0.03023684721413311
53,97,95,35856.0,35881,-25.0,36051.0,36044,7.0,36248.0,36262,-14.0,3.04,3.024,0.016000000000000014,0.844129,0.8600099999999999,-0.015880999999999923,0.9948979591836735,0.8556430446194225,0.139254914564251
53,98,96,36248.0,36262,-14.0,36470.0,36464,6.0,36663.0,36678,-15.0,3.352,3.36,-0.008000000000000007,0.92475,0.923528,0.0012219999999999454,0.9301204819277108,0.9711538461538461,-0.04103336422613535
53,99,97,36663.0,36678,-15.0,36877.0,36866,11.0,37088.0,37104,-16.0,3.256,3.216,0.03999999999999959,0.747615,0.7139,0.03371500000000005,0.9929411764705882,0.8826291079812206,0.11031206848936759
53,100,98,37088.0,37104,-16.0,37279.0,37269,10.0,37471.0,37486,-15.0,3.216,3.224,-0.008000000000000007,0.681407,0.681407,0.0,0.9973890339425587,0.8638743455497382,0.13351468839282055
53,101,99,37471.0,37486,-15.0,37685.0,37676,9.0,37865.0,37888,-23.0,3.248,3.256,-0.007999999999999563,0.77034,0.82849,-0.058149999999999924,0.9137055837563451,0.945273631840796,-0.031568048084450906
53,102,100,37865.0,37888,-23.0,38051.0,38058,-7.0,38249.0,38271,-22.0,2.928,3.056,-0.1280000000000001,0.795996,0.795996,0.0,0.96875,0.8877284595300261,0.0810215404699739
53,103,101,38249.0,38271,-22.0,38475.0,38463,12.0,38698.0,38724,-26.0,3.392,3.24,0.1519999999999997,0.771068,0.808693,-0.03762500000000002,0.9933184855233853,0.847682119205298,0.1456363663180873
53,104,102,38698.0,38724,-26.0,38927.0,38930,-3.0,39132.0,39159,-27.0,3.616,3.736,-0.1200000000000001,0.859023,0.859023,0.0,0.9447004608294931,0.9471264367816092,-0.002425975952116133
53,105,103,39132.0,39159,-27.0,39345.0,39340,5.0,39545.0,39557,-12.0,3.344,3.28,0.06400000000000006,0.9039820000000001,0.9039820000000001,0.0,0.9685230024213075,0.9095477386934674,0.05897526372784012
53,106,104,39545.0,39557,-12.0,39747.0,39744,3.0,39955.0,39980,-25.0,3.216,3.232,-0.016000000000000014,0.881501,0.881501,0.0,0.9853658536585366,0.884160756501182,0.1012050971573546
53,107,105,39955.0,39980,-25.0,40189.0,40170,19.0,40377.0,40387,-10.0,3.536,3.408,0.1280000000000001,0.7871969999999999,0.765941,0.02125599999999994,0.8909952606635071,0.9336609336609336,-0.04266567299742652
53,108,106,40377.0,40387,-10.0,40565.0,40576,-11.0,40787.0,40829,-42.0,3.008,3.248,-0.2400000000000002,0.84632,0.84632,0.0,0.9170731707317074,0.8552036199095022,0.06186955082220513
53,109,107,40787.0,40829,-42.0,41034.0,41020,14.0,41273.0,41305,-32.0,3.752,3.552,0.19999999999999973,0.760078,0.808698,-0.04862,0.9835390946502057,0.8025210084033614,0.18101808624684435
53,110,108,41273.0,41305,-32.0,41511.0,41510,1.0,41816.0,41853,-37.0,3.816,3.92,-0.10400000000000009,0.982898,0.951869,0.031029000000000084,0.8766114180478821,0.7481751824817517,0.12843623556613037
53,111,109,41816.0,41853,-37.0,42027.0,42027,0.0,42240.0,42259,-19.0,4.128,4.136,-0.008000000000000007,0.75372,0.73051,0.023209999999999953,0.9952830188679245,0.8571428571428572,0.13814016172506727
53,112,110,42240.0,42259,-19.0,42476.0,42460,16.0,42638.0,42663,-25.0,3.592,3.464,0.1280000000000001,0.66553,0.66113,0.0043999999999999595,0.8140703517587939,0.995049504950495,-0.1809791531917011
53,113,111,42638.0,42663,-25.0,42813.0,42810,3.0,43042.0,43068,-26.0,2.696,2.8,-0.10399999999999965,0.62033,0.66846,-0.048130000000000006,0.8663366336633663,0.7259259259259259,0.14041070773744047
53,114,112,43042.0,43068,-26.0,43257.0,43266,-9.0,43449.0,43454,-5.0,3.552,3.648,-0.09600000000000009,0.79453,0.7720499999999999,0.022480000000000055,0.9434889434889435,0.9740932642487047,-0.03060432075976116
53,115,113,43449.0,43454,-5.0,43594.0,43605,-11.0,43838.0,43860,-22.0,2.696,2.712,-0.016000000000000014,0.741994,0.774244,-0.03225,0.7455012853470437,0.7438423645320197,0.0016589208150240564
53,116,114,43838.0,43860,-22.0,44064.0,44041,23.0,44258.0,44260,-2.0,3.76,3.488,0.2719999999999998,0.705844,0.681412,0.02443200000000001,0.9238095238095239,0.905,0.01880952380952383
53,117,115,44258.0,44260,-2.0,44417.0,44428,-11.0,44659.0,44683,-24.0,2.824,3.096,-0.27200000000000024,0.72563,0.800149,-0.074519,0.7930174563591023,0.7943262411347518,-0.0013087847756495519
53,118,116,44659.0,44683,-24.0,44827.0,44852,-25.0,45081.0,45073,8.0,3.28,3.392,-0.1120000000000001,0.663088,0.663088,0.0,0.7962085308056872,0.8666666666666667,-0.07045813586097949
53,119,117,45081.0,45073,8.0,45227.0,45236,-9.0,45472.0,45492,-20.0,3.2,3.072,0.1280000000000001,0.6872710000000001,0.696311,-0.009039999999999937,0.7468030690537084,0.7780429594272076,-0.03123989037349917
53,120,118,45472.0,45492,-20.0,45683.0,45688,-5.0,45921.0,45930,-9.0,3.648,3.616,0.03200000000000003,0.762521,0.753236,0.009284999999999988,0.9398663697104677,0.8949771689497716,0.044889200760696024
53,121,119,45921.0,45930,-9.0,46106.0,46094,12.0,46326.0,46337,-11.0,3.384,3.248,0.13599999999999968,0.650379,0.650379,0.0,0.9135802469135803,0.8058968058968059,0.1076834410167744
53,122,120,46326.0,46337,-11.0,46475.0,46499,-24.0,46735.0,46752,-17.0,2.952,3.24,-0.28800000000000026,0.688737,0.6950890000000001,-0.006352000000000024,0.7286063569682152,0.7807228915662651,-0.05211653459804988
53,123,121,46735.0,46752,-17.0,46887.0,46904,-17.0,47071.0,47075,-4.0,3.296,3.24,0.055999999999999606,0.7505489999999999,0.743953,0.006595999999999935,0.9047619047619048,0.9411764705882353,-0.036414565826330514
53,124,122,47071.0,47075,-4.0,47205.0,47218,-13.0,47488.0,47491,-3.0,2.544,2.512,0.03200000000000003,0.74517,0.74517,0.0,0.6426858513189448,0.6875,-0.044814148681055155
53,125,123,47488.0,47491,-3.0,47647.0,47664,-17.0,47905.0,47866,39.0,3.536,3.568,-0.03200000000000003,0.67506,0.6706599999999999,0.0044000000000000705,0.762589928057554,0.9226666666666666,-0.16007673860911265
53,126,124,47905.0,47866,39.0,48099.0,48091,8.0,48266.0,48266,0.0,3.616,3.416,0.20000000000000018,0.710729,0.710729,0.0,0.925207756232687,0.875,0.05020775623268703
53,127,125,48266.0,48266,0.0,48475.0,48484,-9.0,48672.0,48660,12.0,3.008,3.144,-0.13600000000000012,0.89079,0.89079,0.0,0.9704433497536946,0.8934010152284264,0.07704233452526821
53,128,126,48672.0,48660,12.0,48885.0,48894,-9.0,49070.0,49071,-1.0,3.28,3.28,0.0,0.74396,0.7649699999999999,-0.021009999999999973,0.9296482412060302,0.8613138686131387,0.06833437259289143
53,129,127,49070.0,49071,-1.0,49254.0,49251,3.0,49406.0,49412,-6.0,2.952,2.856,0.09600000000000009,0.74322,0.7718100000000001,-0.028590000000000115,0.9047619047619048,0.9442815249266863,-0.0395196201647815
53,130,128,49406.0,49412,-6.0,49575.0,49570,5.0,49759.0,49762,-3.0,2.568,2.552,0.016000000000000014,0.815294,0.81676,-0.0014660000000000784,0.9575070821529745,0.9028571428571428,0.05464993929583173
53,131,129,49759.0,49762,-3.0,49973.0,49965,8.0,50152.0,50145,7.0,3.184,3.16,0.02400000000000002,0.906915,0.906915,0.0,0.910941475826972,0.9399477806788512,-0.02900630485187916
53,132,130,50152.0,50145,7.0,50338.0,50353,-15.0,50522.0,50522,0.0,2.92,3.104,-0.18400000000000016,0.741754,0.741754,0.0,0.9945945945945946,0.896551724137931,0.0980428704566636
53,133,131,50522.0,50522,0.0,50739.0,50730,9.0,50927.0,50928,-1.0,3.208,3.016,0.19200000000000017,0.83557,0.8407,-0.005129999999999968,0.928395061728395,0.9753694581280788,-0.046974396399683815
53,134,132,50927.0,50928,-1.0,51157.0,51138,19.0,51356.0,51307,49.0,3.344,3.264,0.08000000000000007,0.752257,0.752257,0.0,0.9277389277389277,0.8918205804749341,0.03591834726399368
53,135,133,51356.0,51307,49.0,51591.0,51576,15.0,51786.0,51790,-4.0,3.472,3.504,-0.03200000000000003,0.61202,0.61202,0.0,0.9069767441860466,0.8861283643892339,0.020848379796812644
53,136,134,51786.0,51790,-4.0,52011.0,52002,9.0,52182.0,52158,24.0,3.36,3.408,-0.04800000000000004,0.6735899999999999,0.6586799999999999,0.014909999999999979,0.8636363636363636,0.8478260869565217,0.015810276679841917
53,137,135,52182.0,52158,24.0,52419.0,52419,0.0,52584.0,52572,12.0,3.264,3.336,-0.07200000000000006,0.7442,0.74445,-0.00024999999999997247,0.8208955223880597,0.7391304347826086,0.08176508760545109
53,138,136,52584.0,52572,12.0,52763.0,52759,4.0,52936.0,52951,-15.0,2.752,2.72,0.031999999999999584,0.598587,0.625707,-0.027120000000000033,0.9829545454545454,0.9868073878627969,-0.0038528424082514556
53,139,137,52936.0,52951,-15.0,53147.0,53152,-5.0,53383.0,53370,13.0,3.072,3.144,-0.07200000000000006,0.936477,0.927437,0.009040000000000048,0.9440715883668904,0.9594272076372315,-0.015355619270341125
53,140,138,53383.0,53370,13.0,53546.0,53568,-22.0,53740.0,53786,-46.0,3.192,3.328,-0.13599999999999968,0.65722,0.677252,-0.02003199999999994,0.9131652661064426,0.9519230769230769,-0.03875781081663432
53,141,139,53740.0,53786,-46.0,53959.0,53957,2.0,54149.0,54128,21.0,3.304,3.112,0.19199999999999973,0.9188820000000001,0.9188820000000001,0.0,0.9290953545232274,1.0,-0.07090464547677255
53,142,140,54149.0,54128,21.0,54331.0,54339,-8.0,54519.0,54515,4.0,2.976,3.056,-0.08000000000000007,0.916196,0.902514,0.013681999999999972,0.9837837837837837,0.9095607235142119,0.07422306026957182
53,143,141,54519.0,54515,4.0,54745.0,54761,-16.0,54945.0,54950,-5.0,3.312,3.376,-0.06400000000000006,0.8666039999999999,0.8666039999999999,0.0,0.9389671361502347,0.8689655172413793,0.07000161890885548
53,144,142,54945.0,54950,-5.0,55157.0,55169,-12.0,55380.0,55354,26.0,3.296,3.264,0.03200000000000003,0.84169,0.84169,0.0,0.9747126436781609,0.9158415841584159,0.05887105951974503
53,145,143,55380.0,55354,26.0,55579.0,55589,-10.0,55787.0,55787,0.0,3.376,3.36,0.016000000000000014,0.77449,0.77449,0.0,0.9778869778869779,0.9145496535796767,0.06333732430730121
53,146,144,55787.0,55787,0.0,55993.0,56010,-17.0,56230.0,56235,-5.0,3.312,3.368,-0.05600000000000005,0.86734,0.86734,0.0,0.9300225733634312,0.9955357142857143,-0.06551314092228311
53,147,145,56230.0,56235,-5.0,56393.0,56397,-4.0,56587.0,56585,2.0,3.2,3.096,0.10400000000000009,0.76032,0.75153,0.008789999999999965,0.9131652661064426,0.9257142857142857,-0.01254901960784316
53,148,146,56587.0,56585,2.0,56777.0,56778,-1.0,56987.0,57029,-42.0,3.072,3.048,0.02400000000000002,0.8165199999999999,0.8355699999999999,-0.01905000000000001,0.95,0.8693693693693694,0.08063063063063058
53,149,147,56987.0,57029,-42.0,57195.0,57213,-18.0,57413.0,57440,-27.0,3.344,3.48,-0.13600000000000012,0.6921499999999999,0.6814,0.010749999999999926,0.9765258215962441,0.8953771289537713,0.08114869264247282
53,150,148,57413.0,57440,-27.0,57605.0,57624,-19.0,57786.0,57796,-10.0,3.28,3.288,-0.008000000000000007,0.6999759999999999,0.6999759999999999,0.0,0.9705093833780161,0.9662921348314607,0.004217248546555363
53,151,149,57786.0,57796,-10.0,58024.0,58016,8.0,58188.0,58204,-16.0,3.352,3.136,0.21599999999999975,0.906426,0.87149,0.03493599999999997,0.8159203980099503,0.9215686274509804,-0.10564822944103014
53,152,150,58188.0,58204,-16.0,58415.0,58399,16.0,58591.0,58606,-15.0,3.128,3.064,0.06400000000000006,0.77474,0.826535,-0.051795000000000035,0.8734491315136477,0.9701492537313433,-0.09670012221769564
53,153,151,58591.0,58606,-15.0,58849.0,58846,3.0,59064.0,59063,1.0,3.472,3.576,-0.10400000000000009,0.915465,0.915465,0.0,0.9090909090909091,0.949671772428884,-0.04058086333797495
53,154,152,59064.0,59063,1.0,59275.0,59295,-20.0,59435.0,59426,9.0,3.408,3.592,-0.18400000000000016,0.73857,0.73857,0.0,0.8625336927223719,0.721763085399449,0.1407706073229229
53,155,153,59435.0,59426,9.0,59576.0,59586,-10.0,59770.0,59793,-23.0,2.408,2.328,0.08000000000000007,0.8038099999999999,0.825554,-0.021744000000000097,0.8417910447761194,0.8719346049046321,-0.030143560128512714
